beta_Q_2,beta_Q_3,beta_Q_4,beta_Q_5,beta_Q_6,beta_Q_7,beta_Q_8,beta_Q_9,beta_Q_10,beta_Q_11,beta_Q_12,beta_Q_13,beta_Q_14,beta_Q_15,beta_Q_16,beta_Q_17,h_Q_2,h_Q_3,h_Q_4,h_Q_5,h_Q_6,h_Q_7,h_Q_8,h_Q_9,h_Q_10,h_Q_11,h_Q_12,h_Q_13,h_Q_14,h_Q_15,h_Q_16,h_Q_17,P_Q_1,P_Q_2,P_Q_3,P_Q_4,P_Q_5,P_Q_6,P_Q_7,P_Q_8,P_Q_9,P_Q_10,P_Q_11,P_Q_12,P_Q_13,P_Q_14,P_Q_15,P_Q_16,P_Q_17,L_Q,beta_NQ_2,beta_NQ_3,beta_NQ_4,beta_NQ_5,beta_NQ_6,beta_NQ_7,beta_NQ_8,beta_NQ_9,beta_NQ_10,beta_NQ_11,beta_NQ_12,beta_NQ_13,beta_NQ_14,beta_NQ_15,beta_NQ_16,beta_NQ_17,h_NQ_2,h_NQ_3,h_NQ_4,h_NQ_5,h_NQ_6,h_NQ_7,h_NQ_8,h_NQ_9,h_NQ_10,h_NQ_11,h_NQ_12,h_NQ_13,h_NQ_14,h_NQ_15,h_NQ_16,h_NQ_17,P_NQ_1,P_NQ_2,P_NQ_3,P_NQ_4,P_NQ_5,P_NQ_6,P_NQ_7,P_NQ_8,P_NQ_9,P_NQ_10,P_NQ_11,P_NQ_12,P_NQ_13,P_NQ_14,P_NQ_15,P_NQ_16,P_NQ_17,L_NQ,pi_Q,pi_NQ,y,nbar,Ptot,Pret,H,cCheck,shareq,A,A_Q,xpop,h_Q_1,mig_Q_2,med_Q_2,mig_Q_3,med_Q_3,mig_Q_4,med_Q_4,mig_Q_5,med_Q_5,mig_Q_6,med_Q_6,mig_Q_7,med_Q_7,mig_Q_8,med_Q_8,mig_Q_9,med_Q_9,mig_Q_10,med_Q_10,mig_Q_11,med_Q_11,mig_Q_12,med_Q_12,mig_Q_13,med_Q_13,mig_Q_14,med_Q_14,mig_Q_15,med_Q_15,mig_Q_16,med_Q_16,mig_Q_17,med_Q_17,h_NQ_1,mig_NQ_2,med_NQ_2,mig_NQ_3,med_NQ_3,mig_NQ_4,med_NQ_4,mig_NQ_5,med_NQ_5,mig_NQ_6,med_NQ_6,mig_NQ_7,med_NQ_7,mig_NQ_8,med_NQ_8,mig_NQ_9,med_NQ_9,mig_NQ_10,med_NQ_10,mig_NQ_11,med_NQ_11,mig_NQ_12,med_NQ_12,mig_NQ_13,med_NQ_13,mig_NQ_14,med_NQ_14,mig_NQ_15,med_NQ_15,mig_NQ_16,med_NQ_16,mig_NQ_17,med_NQ_17,mod
0.973436404874763,0.970539000001623,0.965744200006298,0.961176300029427,0.955116300619925,0.940183999984989,0.909499218945487,0.85988771100122,0.781753818094209,0.658329466557867,0.512809028093422,0.344799901709008,0.210284003873888,0.118657324974081,0.0591105026749442,0.031131000636637,37.64549986,33.94317912,29.19213681,25.75746258,22.27980314,16.7179349964,11.049626084672,7.13713214817855,4.58198126301498,2.92679557875468,2.05258307497959,1.52625129347999,1.26627752601038,1.13462803749019,1.06282406454038,1.03213127924955,0.262123641,0.288185916510823,0.278475145526362,0.27394000218091,0.267043957513351,0.258313557190698,0.253061450218306,0.245059798634478,0.237127550187111,0.227174302989866,0.217048276155482,0.205983420408626,0.196442796642435,0.189228338684695,0.184417246058292,0.180688621531888,0.177187980878238,2.96717051045598,0.939491000019456,0.931619200148016,0.925826700715022,0.916842509905461,0.905218099976406,0.883457900039542,0.843435236949881,0.785066520379141,0.701200501908016,0.582111699569906,0.433853272111351,0.278824341886696,0.164751615202972,0.0914522727890728,0.0448453010253704,0.0234374042852502,16.52646714,14.62398802,13.48194027,12.02537354,10.5505376,8.58059018639999,6.387123554672,4.65260184817856,3.34672581301498,2.39298395875468,1.76632258497959,1.38662464347999,1.19724704601039,1.10064773749018,1.04695082454037,1.02399989924956,0.611621829,0.865245211858587,0.743664227894843,0.733082228422124,0.716991455531152,0.696620523778295,0.684365605842713,0.665695087147114,0.647186506436592,0.623962262309686,0.600334867696125,0.574516870286794,0.552255413832349,0.535421678930956,0.524195797469348,0.515495673241072,0.507327511382555,6.03569995199862,0.3,0.7,8.91663108480827,22.7734963782504,14.7394847533719,6.01168105849841,201.102324224959,1.77635683940025e-15,0.3,1,2,0.87374547,100,-0.008752859,-60.35450014,-0.015371806,-62.09682088,-0.016784877,-64.92706319,-0.020528982,-66.47935342,-0.026077987,-68.11227654,-0.028119686,-71.86630309,-0.032882392,-75.76292724,-0.037547665,-77.93917011,-0.044206448,-78.79279495,-0.051011097,-78.78048511,-0.058728271,-78.020552,-0.064895554,-76.94542108,-0.068711693,-75.6359614,-0.070100205,-74.22956611,-0.070382741,-72.7940862,-0.070414576,-71.34764078,100,0.172388069,-81.47353286,0.058021341,-81.41601198,0.054724177,-80.63725973,0.04598793,-80.21144246,0.033040254,-79.84154208,0.028276288,-80.0036479,0.017163309,-80.42542977,0.006277671,-80.42370041,-0.00925949,-80.0280504,-0.025137003,-79.31429673,-0.043143743,-78.30681249,-0.057534071,-77.08504773,-0.066438395,-75.70499188,-0.069678255,-74.26354641,-0.070337506,-72.80995944,-0.070411788,-71.35577216,INSEE20
0.974250899998791,0.971050702827941,0.966497808579101,0.96060350176663,0.953428799997687,0.938990908940442,0.907364226102163,0.855505422354817,0.777190539425623,0.653229715740918,0.507151509662807,0.340206902132967,0.202952405585477,0.104123564627982,0.0518962985273525,0.0269183031357435,38.83630884,34.5431495778,29.8487860516,25.3829654958,21.4724980234,16.3909974132,10.794962634472,6.92066906697856,4.48813897521498,2.88375330475468,2.02902109317958,1.51562664248,1.25463021261039,1.11622528649018,1.05473693974038,1.02766294224957,0.2610011052,0.313862439727723,0.281801063224965,0.271675725637993,0.265480659726301,0.256582519803056,0.244554099449902,0.230707665318761,0.210725172776221,0.1840466517341,0.147158307702974,0.108397310544646,0.0692937761105797,0.0418614598101553,0.0254177544776154,0.0149593531164345,0.00993292259194228,2.93124936798042,0.940730611341604,0.932728204979504,0.926524000597335,0.915284209720587,0.901399100016695,0.880705633764917,0.839248473866308,0.778419779240567,0.695314942098422,0.576616011674913,0.428372303652876,0.275077599402946,0.159037699960351,0.0800507185687133,0.0395277962597335,0.0203578006828232,16.87211276,14.8650697642,13.6098862216,11.8041734866,10.1418952582,8.382623155,6.22077789167199,4.51303454257856,3.28207713121499,2.36192203575468,1.74939037757959,1.37945799228,1.18911394461039,1.08701642209018,1.04115454374037,1.02078085304957,0.6090025788,0.803116968760939,0.805255509203598,0.689161129551667,0.671461940273628,0.646854280075227,0.613645508061618,0.572759642924298,0.516877484700074,0.444963017141434,0.351871596980575,0.247916329712499,0.15038732626052,0.0864999744334655,0.0501025694387771,0.027193734333747,0.0163485015010483,5.61715756936148,0.3,0.7,7.13958380292999,16.5780218623186,10.2408760791065,1.97635058589051,197.664494468837,0,0.3,1,2,0.870003684,100,0.058701745,-59.16369116,0.002105392,-2.349440285,0.002739969,-3.415529486,0.002176022,-3.225328578,0.001524483,-3.769815305,0.001691826,-5.443209664,0.000548474,-5.588613662,1.26347e-06,-3.907964496,-0.001328716,-2.50625053,-0.00239723,-1.606588333,-0.002907005,-0.839238574,-0.001729287,-0.495904771,0.000552682,-0.241096055,0.002964426,-0.124726689,0.004058357,-0.057198537,0.004307905,-0.013904641,100,0.228503765,-81.12788724,-0.000823543,-1.330868033,0.000656931,-0.721622038,-0.00065901,-1.408127978,-0.002179363,-1.642970811,-0.001789397,-1.956903693,-0.004458424,-2.188200491,-0.005737441,-1.746346541,-0.008844486,-1.27747268,-0.011344136,-0.917869261,-0.012540917,-0.595733902,-0.009801962,-0.351538141,-0.004484997,-0.169778206,0.00113704,-0.086285683,0.003686016,-0.037480239,0.004266621,-0.005230955,INSEE20
0.960919101309252,0.963560499994147,0.964076600018983,0.962424900003693,0.956305900022175,0.942098600001715,0.912940600055841,0.865348500041953,0.785928400220511,0.667295763074705,0.521659103888569,0.359734955973682,0.216027861519063,0.117518946854786,0.057058104084404,0.0293664387910884,25.58794705,27.4427475632,27.837008749244,26.613368961568,22.886385121884,17.270739566932,11.486410431936,7.42657897978255,4.67133426863899,3.00566297371068,2.09055751265959,1.56185183631599,1.2755554356304,1.13316874435818,1.06051073076037,1.03024839694558,0.2609386989,0.314075878641779,0.307760256688898,0.27510308806219,0.263581274392847,0.255158306825441,0.242490325488101,0.222807293187472,0.19719856765902,0.162532319700509,0.117719993995334,0.0717214979109869,0.035055149219939,0.0146665115537436,0.00734095141596436,0.00537514537426528,0.00470974240190281,2.93366852365961,0.907806406419834,0.911270900013759,0.918945800489104,0.917890800003294,0.906938600037125,0.886138300025991,0.847883199957314,0.791712099862338,0.705827079298838,0.591640347499391,0.442583034971192,0.292314147433582,0.170047424360433,0.090590314338219,0.0434898973154973,0.0222164146022872,10.8467399,11.2702597008,12.337423602916,12.178903217168,10.745593771868,8.78258448803599,6.5738958459,4.80104700783855,3.39935561472699,2.44881726659069,1.79398841503959,1.413055870028,1.2048880844344,1.09961439571818,1.04546726364838,1.02271751686557,0.6088569641,0.803969531263137,0.75031619166097,0.746752549890362,0.631128696831844,0.604281957658112,0.567595119687202,0.511380683135628,0.439703030803038,0.35075196134621,0.244977544286929,0.138183705588585,0.0581768238301035,0.01954963447166,0.00810200910957424,0.00566065715686513,0.00481799962338807,5.36332801963511,0.3,0.7,7.01196377962942,16.1563174263117,9.252440061862,1.24934164698596,183.21343173798,0,0.3,1,2,0.869795663,100,0.059795317,-72.41205295,0.002983914,-10.6168351,0.002742978,-6.015277837,0.002608621,-2.638441369,0.0020414,-1.988921064,0.001561672,-3.772308496,0.000907652,-4.576767033,-0.000173091,-3.152484402,-0.001241291,-2.110921417,-0.002504748,-1.392713222,-0.00291006,-0.735520726,-0.001822364,-0.426588835,0.000603173,-0.209758674,0.002982187,-0.096368864,0.004056058,-0.03339005,0.004307062,-0.003393804,100,0.231062163,-87.1532601,0.001226343,-5.264410804,0.000663994,-2.230344766,0.000350397,-1.15878528,-0.000973231,-0.822496245,-0.002093089,-1.156472865,-0.003620373,-1.641074846,-0.006144404,-1.295315326,-0.008640677,-1.023418237,-0.011595256,-0.767618322,-0.012548341,-0.52069518,-0.010019405,-0.3013467,-0.00436762,-0.146980748,0.001177624,-0.06571727,0.003680213,-0.01980883,0.004264395,0.002386064,INSEE20
0.915780800174138,0.926950699992236,0.946298101104891,0.954726500006618,0.952895600038412,0.940326500011025,0.911711903309846,0.863582103908553,0.782460213878918,0.661729525310679,0.513075047975742,0.34311506784986,0.199175459830733,0.105912526264473,0.0500897023507679,0.0257230038342171,11.873777,13.689385109,18.621315069936,22.0879764132591,21.2294392893366,16.7578573434463,11.3265547675934,7.33041632029728,4.5968599731869,2.95621404026621,2.05370437323647,1.5223360154064,1.24871273758967,1.11845876491779,1.05273097847102,1.02640214614517,0.2493696576,0.307469342043793,0.303794252660174,0.298657421889602,0.26643952301896,0.255529610837243,0.242444204639056,0.222313765258843,0.194407372958186,0.15385424480603,0.106420217298853,0.0585248345773736,0.0242257098933754,0.00801399692121507,0.00465234099182949,0.00446731376997065,0.00446451487762656,2.93781848708064,0.799613500674926,0.821086499924607,0.875935005405642,0.900361491462903,0.900028300059175,0.883267142757604,0.846057803078419,0.789139704543031,0.701501812798948,0.585631017831217,0.434138626882012,0.277026944002796,0.155300276397469,0.0806001114636423,0.0376488988536307,0.0191859183317102,4.99035614,5.589293146,8.06029097678399,10.0362710858577,10.0028308018246,8.56656521243064,6.49594458327527,4.742476413982,3.35010394968178,2.41330794243245,1.76721719825888,1.3831771347388,1.18385253262744,1.08766598574571,1.03912178980382,1.01955142437541,0.5818625344,0.775953562603311,0.729612066337799,0.688320603365826,0.683605712423364,0.574744186747928,0.534546946695537,0.47769681136054,0.402862756474345,0.301974363990555,0.197016055296965,0.0959340880502988,0.0309518630883404,0.00514779004977978,0.00282472753198496,0.00401513154422461,0.00438937750631832,5.16202425890071,0.3,0.7,6.85154930107595,15.6308998882443,8.79650690150925,1.00687657019474,151.511209952092,0,0.3,1,2,0.831232192,100,0.056728362,-86.126223,0.001163142,-11.386803,0.00195296,-8.272577542,0.001673461,-5.192292161,0.003465283,-4.851662293,0.002059921,-5.670800076,0.000934502,-5.598770008,0.001601416,-3.926265903,-0.00112971,-2.681187427,-0.002036911,-1.621693543,-0.002884872,-0.891845341,-0.00157502,-0.526410347,0.000441108,-0.281902062,0.002928748,-0.131585562,0.004048453,-0.057774391,0.004306666,-0.01289837,100,0.22322931,-93.00964386,-0.003021972,-5.040511956,-0.00117931,-2.98456353,-0.001831583,-2.054404045,0.00234921,-1.932494351,-0.00093044,-1.964116684,-0.003557555,-2.110988215,-0.002003518,-1.699941515,-0.008379942,-1.354922118,-0.010502957,-0.91806056,-0.012488817,-0.632623723,-0.009441189,-0.374931512,-0.004745029,-0.20094222,0.00105372,-0.093124337,0.003662776,-0.038500318,0.004263618,-0.005006494,INSEE20
0.97831590005436,0.976824400001711,0.972756101044606,0.968474199995295,0.961299800006389,0.947256704690488,0.918899700325678,0.87503910061217,0.80298450290316,0.688932000729511,0.545905601157889,0.382226001756237,0.233474069512069,0.122301810119353,0.0608830171079231,0.0308175007459649,46.11673992,43.14882894,36.70546433682,31.7200515085373,25.8396597469939,18.9597541315499,12.3304106175774,8.00250318224148,5.07574277589133,3.21473118072316,2.20218527646088,1.61871493877174,1.30458208009827,1.13934367183788,1.06483004861944,1.0317974169016,0.2413082721,0.305208519576079,0.287227448833646,0.290019465418902,0.28805018910166,0.2577875961611,0.241806152607764,0.222484882257916,0.193321253130064,0.150528241624501,0.100020445382527,0.0517551270961979,0.0181927135869174,0.00524510690773898,0.0037343226594016,0.00427351737551502,0.00442116772923361,2.92446844867719,0.949461622802603,0.945148500061631,0.939751299968669,0.931510500004377,0.91745130001448,0.895631604059103,0.857395600286007,0.804925800395733,0.726425001123515,0.61504049989533,0.466364099355962,0.31223812072514,0.183897629855855,0.0940209412956333,0.0461569048697826,0.0231602981609627,19.78693429,18.2310419972,16.59786849308,14.6007782222483,12.1140611561405,9.58144419278814,7.01240635218202,5.12625452360976,3.65530475870236,2.59767585568814,1.8739368895838,1.4539816232937,1.22533462604402,1.10377821897489,1.0483904520308,1.02370941500774,0.5630526349,0.704327855043168,0.636565768821982,0.639282188271622,0.620800436051101,0.618624606263142,0.505473755645385,0.449892618363503,0.374344455578204,0.273160004975934,0.166919738142723,0.0731327137203348,0.0164038612382694,1.1474892635875e-05,0.00136716345180368,0.00375013188114077,0.00433948598589857,4.8471618045613,0.3,0.7,6.5212398869756,14.5656148907925,8.31683331477601,0.877255216650773,204.850896662964,-8.88178419700125e-16,0.3,1,2,0.804360907,100,0.076840575,-51.88326008,0.002218527,31.51252748,0.002539541,23.28986693,0.002914034,13.47116274,0.003898547,4.193442862,0.001524888,-1.845096372,0.001445615,-4.092289579,0.001335064,-3.09752049,-0.001587793,-2.108065218,-0.001789451,-1.290191593,-0.002846431,-0.694904483,-0.001888039,-0.393915347,0.00041994,-0.187307215,0.00288554,-0.084394811,0.004040483,-0.031259541,0.004306255,0.000121058,100,0.239062717,-78.21306571,-0.000559226,13.34049298,0.000189439,11.12036121,0.001063071,6.701693065,0.003360119,2.278515492,-0.0021789,-0.221329993,-0.002364997,-1.382827556,-0.002625065,-1.239771168,-0.009448949,-0.992322127,-0.009925816,-0.685426015,-0.012399566,-0.491104894,-0.010172466,-0.277891231,-0.004795358,-0.130178966,0.000952251,-0.056397263,0.003643784,-0.017522214,0.004262452,0.005370061,INSEE20
0.980093000081986,0.978183700006992,0.973443299999527,0.968100100598134,0.960728801748327,0.947101200015067,0.918668900015711,0.873653601874638,0.800306106442391,0.685122807218345,0.533326745557311,0.364243208418866,0.210392979249286,0.10710457224437,0.0513792132987517,0.0258055017436974,50.23358618,45.8372868036,37.6552809642,31.3480606470836,25.4639532233665,18.9040205110541,12.2954195889189,7.91474866222584,5.00766422959665,3.1758412533735,2.1428257621087,1.57292752993167,1.2664518469963,1.1199518834963,1.05416200440112,1.02648906464705,0.2446404411,0.336530651410074,0.303825586010314,0.284208821240407,0.284401453754634,0.279528367175228,0.245823048849646,0.22318565516818,0.194689077300771,0.15385547134526,0.101482359668663,0.0515963783646284,0.0175883713003656,0.00452359687660512,0.003465301069086,0.00424844283035885,0.00443618212490783,3.01035212879607,0.953018000050538,0.947439199997024,0.940336200557962,0.929724029308708,0.91563551810666,0.895088600099634,0.856512600216809,0.802585803990379,0.722879507523622,0.610812705042895,0.454135636348191,0.296270685092385,0.16523660568129,0.0820849260258682,0.0388798004271116,0.0193578988289396,21.28474735,19.0255856062,16.760581795256,14.2296089622184,11.8533269328033,9.53185259401771,6.96925304993238,5.06549174513838,3.60853852513757,2.56945691452831,1.83195646157438,1.42100053779213,1.19794394082783,1.08942537252314,1.04045258559539,1.01974002399018,0.5708276959,0.807354361455436,0.673236067745676,0.603692596766013,0.597986960840791,0.569944575104638,0.552130971417888,0.429963209150397,0.356404625928375,0.262973452563979,0.157072158011809,0.0650767083436642,0.011951094095567,-0.00211245879779793,0.000810252880206891,0.00366226303338635,0.00434547217251015,4.88542734674928,0.3,0.7,6.89323226636694,15.7669255694329,8.40334921220167,0.8449750458832,213.486771677184,-1.77635683940025e-15,0.3,1,2,0.815468137,100,0.100454932,-47.76641382,0.005690457,0.642881682,0.004806568,-4.630571397,0.003525084,-4.623294403,0.002625778,-5.621697255,0.00163202,-6.418846041,0.000990054,-6.28513946,6.10603e-06,-4.169053743,-0.001378499,-2.834788889,-0.002221363,-1.798386667,-0.003005343,-1.007610795,-0.002193784,-0.585214041,0.00027607,-0.319888793,0.002823815,-0.158538555,0.004021086,-0.062394794,0.004304483,-0.017044383,100,0.272757493,-76.71525265,0.007541652,-0.365609998,0.005479088,-1.105839362,0.00248889,-2.036302161,0.000390408,-2.455435725,-0.001928777,-2.339927339,-0.003427765,-2.420562259,-0.00572555,-1.80666648,-0.008959719,-1.415190908,-0.010932308,-1.012741749,-0.012768665,-0.713765877,-0.010883727,-0.415457614,-0.00512909,-0.22695805,0.000809174,-0.111402561,0.003599159,-0.041250069,0.004258618,-0.007682619,INSEE20
0.982471202013489,0.98019100022191,0.975467800055399,0.969921200004865,0.962053899993213,0.948704999989433,0.921555200026118,0.879524100023635,0.809581700101734,0.701822499941256,0.564004501242922,0.398768598629999,0.24479335183729,0.13129522576739,0.063957127400127,0.0320524055387999,57.04897084,50.4821040984,40.762752631528,33.246007153916,26.3531693591419,19.4950774888992,12.747817577833,8.30041527114052,5.25159609398132,3.35370710300472,2.29360165930603,1.66325311286653,1.32413518733303,1.15113837105638,1.06832709982638,1.0331137801131,0.2450891661,0.336352107859079,0.333588590762069,0.29957796007017,0.278002646433715,0.275478196881172,0.26631460898991,0.226600395885213,0.195032805124431,0.154482649421442,0.102804306433966,0.0510710956135644,0.016364012398326,0.00375959153802656,0.00316115090847476,0.00417699944277296,0.00440890519886682,3.08433026713741,0.957769101087303,0.951067400044386,0.944235100027504,0.933317200014092,0.917863944448588,0.897531433097593,0.860720316055193,0.810532600003745,0.734017600170867,0.628927800124643,0.484616699454873,0.327474613926273,0.193547122720499,0.101101276818328,0.0484809100193364,0.0240461982203856,23.6793438,20.436273568,17.932427027076,14.9963708803509,12.174914554974,9.75908717414728,7.17979204713736,5.27795282993373,3.75964725723561,2.69489333963482,1.94030345723774,1.48692582934289,1.23999617303628,1.11247215501127,1.05095105307268,1.02463866388348,0.5718747209,0.817151217120074,0.769449305331446,0.636247663022552,0.562204712529135,0.547041280710484,0.508084306864791,0.468966866989368,0.339449525902255,0.248795124470244,0.148798517915073,0.0584535004312767,0.00784532096453469,-0.0036618887774708,0.000291497975850063,0.00357845447027794,0.00431705071728526,4.93583946324567,0.3,0.7,7.01938613434945,16.1807542557585,8.48515236659838,0.808646289122511,227.830425146481,1.77635683940025e-15,0.3,1,2,0.816963887,100,0.096581724,-40.95102916,0.004399793,1.253189642,0.003820979,-4.157788436,0.002860058,-3.656168191,0.002245529,-4.367930075,0.001572957,-5.45959667,0.000770406,-5.778122523,4.58536e-05,-3.749095926,-0.001328208,-2.504857595,-0.002605586,-1.553803842,-0.003052161,-0.818722769,-0.002429618,-0.436716134,5.91217e-05,-0.217333792,0.002676653,-0.089984439,0.003998955,-0.029225746,0.004299272,3.50158e-05,100,0.273142148,-74.3206562,0.004530135,-0.422778835,0.003179417,-0.712646867,0.000937199,-1.428999279,-0.00049682,-1.770102228,-0.002066585,-1.85717322,-0.003940267,-2.161423495,-0.005632842,-1.551915159,-0.008842476,-1.204534653,-0.011829008,-0.841474415,-0.012878564,-0.577764319,-0.011435,-0.308391503,-0.005636647,-0.152584354,0.000464899,-0.061512907,0.003546952,-0.016685812,0.004246157,0.00499513,INSEE20
0.984076900170265,0.981349700005238,0.976195800002336,0.970504804524301,0.962159300001863,0.948815299989353,0.921650599973983,0.880413700421122,0.811607402573308,0.705571507928962,0.56743200160931,0.406678020558233,0.250219899970082,0.131435124972837,0.0647460680280114,0.0321388047175256,62.80184135,53.6184404572,42.009393304432,33.9038216428974,26.4265724468377,19.5370882269591,12.7633396001212,8.36216189027632,5.30806411871771,3.3964103361017,2.31177525794463,1.68542545711991,1.33372437760919,1.15132444658637,1.06922757063525,1.03320599782985,0.2464055586,0.332455827618751,0.332208947029139,0.327550250754257,0.292285060526269,0.26900901220999,0.262421021769241,0.245909324757574,0.198717296255941,0.156352315948247,0.105572730214505,0.0546197825759137,0.0180582602283198,0.00399101864449319,0.00313147041977837,0.00416810813138435,0.0044196088800751,3.14920926870276,0.960777500039771,0.95269410000342,0.944511400034005,0.933747900113122,0.917632100015902,0.89721959992845,0.86024950002811,0.81121900012386,0.736195901222575,0.632981405821706,0.488113801320407,0.334880909025814,0.19806959828046,0.101101897984911,0.0489212004345328,0.0239971028930627,25.49557014,21.13901226,18.02171977664,15.0938611745345,12.1406518817439,9.72948148887455,7.15560946166433,5.29714325319461,3.79069165333506,2.7246575540909,1.95355920984212,1.50349012409299,1.24699100675603,1.11247314657556,1.05143736391104,1.02458712001123,0.5749463034,0.811204262370945,0.777309030509495,0.725810625785731,0.592093415367718,0.513920537029576,0.487754759639624,0.432714032187347,0.373012493016503,0.239819432381912,0.144083430314807,0.0585095766357797,0.00799435748637158,-0.0042886677004955,5.57336903099688e-06,0.00348477908713801,0.00430097722551493,4.99937066142186,0.3,0.7,7.16853216298698,16.6741305439513,8.59995051267088,0.804222753842775,236.720733380098,0,0.3,1,2,0.821351862,100,0.09166278,-35.19815865,0.002519638,-2.289550966,0.002145322,-7.463068712,0.001718046,-6.043675936,0.001555482,-6.154514564,0.001073479,-6.289017745,0.000485712,-6.341836339,-0.000583213,-4.130699336,-0.001542674,-2.826342847,-0.002846669,-1.750153836,-0.003362309,-0.974857703,-0.002307289,-0.562304169,-1.47828e-05,-0.296263673,0.002637854,-0.146328037,0.00396593,-0.058888033,0.004285726,-0.01375456,100,0.263480325,-72.50442986,0.000143147,-2.066744664,-0.000730416,-2.00582832,-0.001727472,-2.479917312,-0.002106898,-2.555791581,-0.003231985,-2.201934775,-0.004604453,-2.408295969,-0.007100441,-1.739052953,-0.009342494,-1.38170212,-0.01239074,-0.959796758,-0.01360067,-0.687436263,-0.01114768,-0.398007264,-0.005807107,-0.210196306,0.000375795,-0.102723103,0.003470647,-0.038785348,0.004214929,-0.005344912,INSEE20
0.96266830069613,0.969614707442619,0.968790300004278,0.964848000001087,0.959020300055827,0.946032000001399,0.917943999970297,0.873158899942629,0.799224600206456,0.684108700263053,0.524296802675033,0.349467602064531,0.192348504105645,0.0924704818850259,0.0424817826895312,0.0212006195287917,26.78688621,32.910650873,32.041320488056,28.4478834783434,24.4023260340395,18.5294989619009,12.1867992544199,7.88387990511878,4.98068986947079,3.16564590534336,2.10215109137966,1.53720245078573,1.23815779997752,1.10188878805701,1.04436624765465,1.02165980522254,0.2354602683,0.310213652291811,0.320334920698654,0.319525530813044,0.315540914080146,0.280626299236957,0.254729476619861,0.241106226159407,0.214967038577876,0.158785874660675,0.10686563833179,0.0556975436209761,0.0188893680612937,0.00407627506796388,0.00283847303430789,0.00410377539682668,0.00441293801327609,3.13567476359326,0.905323203444421,0.921064334809679,0.926780500018136,0.920391449983453,0.910466100140916,0.891719300024289,0.853882599839066,0.800513300016735,0.720826100181882,0.609624400096542,0.445819901310995,0.283781100700842,0.150601997808238,0.0702885184474611,0.0318585909122844,0.0157289018500441,10.56224967,12.6685390672,13.6575639018,12.5614569281072,11.1689538810438,9.23525614610899,6.84381188609706,5.01286551943104,3.58199674313072,2.56163551226836,1.80446753900908,1.39622118364528,1.17730439361113,1.07560120862091,1.03290686064405,1.01598024863282,0.5494072927,0.76433709203776,0.753279032658425,0.717298415665598,0.666508857707218,0.536191110149467,0.45417192162869,0.412093077116317,0.341704852530583,0.263046816463564,0.137998005452466,0.0547557938782445,0.00607579621050543,-0.00522080682416399,-0.000813646444346677,0.00331952865590346,0.00428282260231364,4.91806684615269,0.3,0.7,7.15680936364166,16.6351907195195,8.50661017515341,0.819114196181596,183.255598341274,8.88178419700125e-16,0.3,1,2,0.784867561,100,0.067731634,-71.21311379,-0.005920506,-28.63515365,-0.004775448,-20.50475116,-0.002348178,-12.72132196,-0.00059849,-8.823419176,-0.00051039,-7.368542036,-0.000754266,-6.959547208,-0.0015349,-4.624192903,-0.002494554,-3.214228783,-0.003452101,-2.036256931,-0.004207802,-1.226331038,-0.003323297,-0.728337302,-0.000442261,-0.413559148,0.002313913,-0.205161102,0.003901025,-0.08393171,0.00427898,-0.026183214,100,0.21194162,-87.43775033,-0.019550482,-12.31711967,-0.016878825,-7.058668113,-0.01121529,-5.099828453,-0.007132814,-3.62303007,-0.006927657,-2.662582698,-0.007497711,-2.691079973,-0.009320992,-1.999631753,-0.011563452,-1.609203645,-0.013803236,-1.153242308,-0.015573317,-0.865696864,-0.013517944,-0.518266842,-0.006804246,-0.296115928,-0.000380054,-0.146449978,0.003319256,-0.057316823,0.004199198,-0.014428368,INSEE20
0.986426700069285,0.987473200142563,0.984694600000777,0.980313000051596,0.97328560153488,0.962059500005814,0.939212103062337,0.902843200521366,0.840300099934678,0.742515600294894,0.605056707370968,0.440940987893285,0.277381426484267,0.155285704313517,0.0771783404487145,0.0382366976780276,73.67405126,79.8288469458,65.33641721554,50.7949408282949,37.4329949397765,26.3570590833587,16.4506423146629,10.2926403463315,6.26174468001641,3.88373043608137,2.53200133323649,1.78871901655207,1.38385588177002,1.18383221897797,1.08363083129587,1.03975676670155,0.2370358977,0.318631579365816,0.31039396471163,0.321055192925496,0.317211345354251,0.308420936101031,0.269613794120129,0.237047236678776,0.212529590202667,0.172020504464968,0.106795873334246,0.0530738074931839,0.0164918200101071,0.00313339369009078,0.00277461311983054,0.00401438839461356,0.00436815958081974,3.1886170928464,0.965960400004401,0.968815599997748,0.964758999992157,0.955200000144948,0.94075630351581,0.922422428101573,0.889363701409856,0.84350539996961,0.772416900029399,0.674246481443401,0.526415033258905,0.366288453122011,0.221180203623582,0.120159597731927,0.0586116104771719,0.0286947287857468,29.3775485,32.0673157066,28.376039265856,22.321428572764,16.8794319055451,12.8903188534229,9.03862475718681,6.38999683537512,4.39399937904242,3.0697983132681,2.11155202702299,1.5780048862289,1.28399406397237,1.13656976573891,1.06226012444849,1.02954240843116,0.5530837613,0.737301736222891,0.720682404248124,0.717396490540353,0.675267270865293,0.614655894386067,0.482037290421729,0.38958462421421,0.328825793076434,0.241064740262845,0.150338244683905,0.0488687411719326,0.00283570545651665,-0.00602716595242216,-0.000553860776770882,0.00327515537078232,0.00425582954041711,4.94781735085711,0.3,0.7,6.96172856741739,15.9912183040927,8.55750475227996,0.806729949845067,291.504411572682,0,0.3,1,2,0.790119659,100,0.091961443,-24.32594874,0.009606245,53.57769846,0.010717829,33.08397936,0.008917776,19.39444675,0.005810794,9.554069131,0.004132335,2.44277957,0.003219842,-1.708266668,0.002005543,-1.650422923,0.000213559,-1.464457627,-0.001830925,-0.997345636,-0.002955505,-0.570331654,-0.002972667,-0.271389053,-0.000499948,-0.12260252,0.002397678,-0.029562425,0.003893805,0.003779819,0.004281157,0.016277844,100,0.239910566,-68.6224515,0.016678769,21.71631103,0.019272172,15.96087098,0.015071942,8.937015949,0.007822174,4.569204116,0.003905329,1.94474405,0.001775123,-0.011926266,-0.001060196,-0.316938813,-0.005245036,-0.51860883,-0.010021513,-0.440558495,-0.012653516,-0.398850775,-0.012702954,-0.190373302,-0.006942193,-0.084302696,-0.000186898,-0.01718854,0.003301077,0.00817094,0.004203617,0.017293685,INSEE20
0.993591100002428,0.991658700496937,0.988412000144944,0.983095300000944,0.975058800018706,0.962736404057653,0.941151100012965,0.907147799994951,0.848107599906427,0.750221225887767,0.616204873850281,0.447024208628429,0.279029953486581,0.149287502194982,0.0709255058263431,0.0340335968057298,156.03301659,119.8853895648,86.296168443884,59.1551462052292,40.094301801729,26.835839800981,16.9926710646915,10.7698040533697,6.58360786540487,4.00353912341608,2.60555494335975,1.80839740357176,1.38701295622103,1.17548525513462,1.07633995359841,1.03523269166995,0.2554173843,0.339136492366172,0.320346241342841,0.312043102924374,0.320389702358936,0.313294621076801,0.299886121576683,0.255876488590183,0.215690017837812,0.178864868886377,0.126109689135836,0.0614972484804261,0.0208105811073026,0.00407115055972529,0.00278080624605728,0.00411371503597575,0.00442693695540702,3.31339092991988,0.983665399999646,0.978835400001824,0.972980100144218,0.961216512998593,0.944081100012597,0.923078700404588,0.891839629677109,0.849085600046479,0.781791099620542,0.682715361040902,0.537869174743662,0.372200304897387,0.223064448964196,0.115793400331142,0.0540179978328478,0.025615596515411,61.21974214,47.24870775,37.009759471468,25.7841607835389,17.8830413343087,13.0003003064342,9.24552793635446,6.62627290904307,4.58276448966762,3.15174253546158,2.16388859600274,1.59286473048253,1.28710051350432,1.13095740269293,1.05710256342413,1.02628900495952,0.5959738967,0.810574344301286,0.721887610958161,0.704481670634363,0.692716260868131,0.640159611624442,0.56862512354654,0.429157049827047,0.326782847269818,0.248893490737808,0.153014592922291,0.0661063660753635,0.00609070960988715,-0.00631810108971114,-0.00114879383630661,0.00328414632789332,0.00428061469509578,5.20454387275646,0.3,0.7,7.66211141342282,18.3381257590294,8.99931660995302,0.876878021849428,402.259912791871,-1.77635683940025e-15,0.3,1,2,0.851391281,100,0.105317954,58.03301659,0.005706096,47.68481933,0.006399842,8.063898437,0.005655123,-4.874542666,0.004557386,-9.68474021,0.00316683,-9.84849524,0.00265195,-8.837246837,0.001673532,-5.351825415,0.000276233,-3.503179674,-0.001618219,-2.132970663,-0.003120311,-1.200500884,-0.002591836,-0.672963903,-0.000503374,-0.36593168,0.002294235,-0.180693509,0.003899575,-0.083815621,0.00427344,-0.026725523,100,0.276317333,-36.78025786,0.007578187,18.45871022,0.009196835,5.583790079,0.007459133,-2.024357697,0.00489767,-3.991958667,0.001652741,-3.541542961,0.000450581,-3.38698454,-0.001833887,-2.231579353,-0.005097109,-1.679432409,-0.00952246,-1.154376856,-0.013033946,-0.844513751,-0.011809346,-0.476456256,-0.006945303,-0.259344275,-0.000424572,-0.12735678,0.003316609,-0.056735807,0.004186635,-0.014725917,INSEE20
0.994794700000283,0.993151300000353,0.990040699999411,0.985406799999085,0.977888601593333,0.965888600186084,0.944514900010858,0.912696100054757,0.85859640011135,0.767505400001658,0.638155199373967,0.470897593289184,0.297350425750987,0.160490828553725,0.0768615017820746,0.0364280247042793,192.11188596,146.0131119812,100.408663253504,68.5250664650063,45.2255397711246,29.3157126396944,18.0228565869614,11.4542420253977,7.07195573430226,4.30117516309678,2.76361577694776,1.88998546249255,1.42318386650033,1.19117217809661,1.08326107103193,1.03779881652644,0.2751344142,0.32536581482638,0.341333936310927,0.321377600144593,0.311143157882663,0.316076565720455,0.304302273906084,0.284111640200517,0.233373054695017,0.182999481852201,0.132606992204192,0.0745462580852463,0.0239515708347883,0.00473617347839936,0.00247655789812109,0.00393183308960667,0.00438188751890807,3.41210527373045,0.9858635999994,0.9818701999993,0.976348704006461,0.966116906483536,0.949930801722291,0.928669100105706,0.896660599994639,0.856564299964593,0.79491340015851,0.702279799376932,0.560721899993885,0.394610637288873,0.238564330831283,0.124762311463605,0.0583731004118958,0.0272748173711475,70.73936787,55.1578064822,42.280973987,29.5132381610386,19.9723582498681,14.0191698136225,9.67685122930548,6.97176504662737,4.87598897486221,3.35885840987426,2.27646222275234,1.65182638508269,1.31330835787288,1.14254676423424,1.06199175063907,1.02803661115565,0.6419802998,0.834757700486753,0.799410811535366,0.707714405002942,0.681631728918586,0.656825587556997,0.591439528349796,0.505756666608847,0.361581391166575,0.249900599504203,0.160487620389793,0.06916849181885,0.0105852906089086,-0.00691014021706959,-0.00214924740881355,0.00286923645704,0.00419687036723288,5.47610245279497,0.3,0.7,8.24013237571689,20.3459237359649,9.41109605379411,0.917779476481607,470.665561342375,0,0.3,1,2,0.917114714,100,0.071585375,94.11188596,0.005026283,-6.899244277,0.004743531,-17.07901852,0.00437505,-16.04517861,0.003677767,-12.74650351,0.002682137,-9.976703126,0.001873487,-8.276266418,0.001255261,-5.198575618,7.11385e-05,-3.482452238,-0.001581229,-2.150760545,-0.003163147,-1.159852564,-0.003539188,-0.663458382,-0.001070602,-0.349045589,0.001868786,-0.168100519,0.003734603,-0.068714479,0.004241883,-0.017014338,100,0.248518799,-27.26063213,0.005991949,-4.837540815,0.005332125,-4.022759608,0.004472314,-6.756326121,0.002845258,-5.296119318,0.000521826,-3.506210694,-0.001365753,-3.063443071,-0.00280968,-2.088852331,-0.005575322,-1.617758476,-0.009435789,-1.13225079,-0.013133341,-0.812245462,-0.014019519,-0.468784439,-0.008268761,-0.247699078,-0.001417653,-0.118811739,0.002931292,-0.046346504,0.004112745,-0.007923901,INSEE20
0.99543669999992,0.993858200189183,0.990898000056964,0.986666900084058,0.980067900403587,0.968515800076275,0.94732200001555,0.916073500002183,0.865978800079766,0.781981500048058,0.656456599521037,0.489528404327301,0.316434817275691,0.176402616092727,0.0835971053138845,0.0394349000538824,219.1396577,162.8187176408,109.865963531576,75.0013125184339,50.1703282557062,31.7619631457021,18.9832567719005,11.9151876942221,7.46150609388974,4.58676671861621,2.91084037283484,1.9589693814088,1.4629173892427,1.21418532917032,1.09122308853468,1.04105385461129,0.3065433312,0.307617956033843,0.329561323970493,0.343888720238825,0.321924818549868,0.308970331557211,0.308962708615355,0.289880475811482,0.260718036991172,0.200895045644131,0.13948981151907,0.0819590455484484,0.0318280935210568,0.00536380278512923,0.00233629740572249,0.00380501595929985,0.00436425691292129,3.49335879920678,0.987370000517705,0.983264100037819,0.97793440001489,0.968845500110594,0.954518500483554,0.933515000027073,0.900877300011999,0.8608113206286,0.804067599919317,0.718815200189958,0.580001798526363,0.412395592996297,0.255122082688129,0.1373123384164,0.0635136030540818,0.0294936500570758,79.17656374,59.7517910566,45.319411208556,32.09809177126,21.9869617298179,15.0409866828707,10.0885064683501,7.18448610771937,5.10380110469482,3.55638000536496,2.38096257667678,1.7018237932973,1.34250154638103,1.15916802771542,1.06782116894955,1.03038459962629,0.7152677728,0.848267316489522,0.828876646327884,0.788660819811308,0.690218742635279,0.652749767730984,0.612795767322958,0.530329113930675,0.430765744086233,0.282902503086266,0.167507031883986,0.0780194834304619,0.0138915076369466,-0.00734685922923106,-0.00296186106601922,0.00252633876519532,0.0041424929003604,5.77127728483361,0.3,0.7,8.6459809925906,21.7924525579514,9.88472140080684,1.00872200670375,525.701590946446,1.77635683940025e-15,0.3,1,2,1.021811104,100,0.033915699,121.1396577,0.006423842,-25.4509306,0.005954231,-33.22688621,0.005237146,-23.39917747,0.004706984,-16.98423688,0.003667957,-12.55906583,0.002462444,-9.746141615,0.001410451,-5.747211761,0.000521781,-3.763651091,-0.000963279,-2.343749901,-0.002664796,-1.304311287,-0.00327556,-0.74937408,-0.001758207,-0.389268364,0.001576185,-0.18053486,0.003614664,-0.076125646,0.004221028,-0.020541995,100,0.215362307,-18.82343626,0.009252936,-9.572789456,0.00815711,-8.735239144,0.006483891,-9.337262736,0.005246793,-6.936011668,0.00282214,-4.531924402,8.59158e-06,-3.650279949,-0.002447361,-2.298828097,-0.00452339,-1.728528641,-0.007993111,-1.22208919,-0.01196944,-0.910718665,-0.013403115,-0.529109185,-0.009872132,-0.276288311,-0.002099736,-0.127874163,0.002651797,-0.05187466,0.004064235,-0.010367316,INSEE20
0.995754800004843,0.994171300000187,0.990976500051843,0.986639900000631,0.980200900038177,0.970047399997429,0.949007699996581,0.91748150702083,0.86633560001034,0.788424382100547,0.672029899979871,0.511739889190151,0.336314032157484,0.191642504856973,0.0944234196908989,0.0447936033192221,235.5601621,171.564842926,110.821743227984,74.8497391509444,50.5073462880652,33.3860833405921,19.6108039827881,12.1184946444625,7.48142362533768,4.72643847201194,3.04905843524389,2.04807990037814,1.50673547978063,1.23707626845785,1.10426881758691,1.04689416076398,0.3322746417,0.27786278901671,0.31207391312967,0.332653434818487,0.344620074571915,0.320000424003975,0.303146764867964,0.29532215105572,0.266786489058922,0.225727823532767,0.156132278145021,0.0891369713376389,0.0366881947875205,0.00784188995756923,0.00177694784350225,0.00362729470027074,0.00435091542405842,3.50418605865247,0.988142700004068,0.983934500001772,0.977790400038823,0.968400001242472,0.954638500008699,0.936549199995969,0.903564358072179,0.862200001433298,0.803860918221978,0.726096436615858,0.596541539489888,0.433744041227652,0.272212721431368,0.149810141058438,0.0716882050066691,0.033394703023271,84.33623169,62.2451837852,45.025574525468,31.6455696143849,22.0451263768348,15.7602425802215,10.3696037822133,7.25689404998309,5.09841729756498,3.65091818560092,2.47856291125766,1.76598226414324,1.37402744643135,1.17620781145341,1.07722426816111,1.03454843757056,0.7753074973,0.865167024199834,0.843140443539566,0.819065055813013,0.770759443387718,0.663572311225871,0.612724929441061,0.552465065324688,0.45365591993046,0.340511109974876,0.195360646390195,0.085728942758525,0.0184051971345701,-0.00742701363998413,-0.00484693742078183,0.00203783853195152,0.00409188195146629,6.0146093690539,0.3,0.7,8.91325385849643,22.7611750994223,10.2997423537947,1.15914398140917,547.742857036594,0,0.3,1,2,1.107582139,100,-0.027281693,137.5601621,0.006345285,-43.19202162,0.006091778,-48.74060006,0.005316457,-32.81890511,0.004492243,-22.99393998,0.003904117,-15.78083835,0.00263498,-11.5159199,0.001234667,-6.485096992,-4.84693e-05,-4.195460315,-0.000963931,-2.5858375,-0.002432036,-1.445972949,-0.003433086,-0.804543665,-0.002229627,-0.413054514,0.000830759,-0.196582773,0.003431987,-0.085632805,0.004200865,-0.022504466,100,0.158933083,-13.66376831,0.009069644,-15.34784868,0.00847807,-13.53118071,0.006668957,-12.76745337,0.004745752,-9.411003559,0.00337323,-5.786979915,0.000411269,-4.370563167,-0.002857385,-2.629842289,-0.005853668,-1.942379088,-0.007993973,-1.350806897,-0.011425437,-1.006689494,-0.013769694,-0.567361061,-0.010971044,-0.293759871,-0.003838123,-0.139443704,0.002225957,-0.058760399,0.004017371,-0.011916308,INSEE20
0.995943800000819,0.994638400018662,0.991469000000774,0.986982900000344,0.981193400001437,0.971546499995241,0.954140501122299,0.924845900633453,0.876465100316861,0.799466700027591,0.688078000406597,0.531831587428912,0.357684185180722,0.203602537720793,0.100828305865785,0.0474932096030305,246.5361669,186.511489138,117.21955221748,76.8220264134243,53.1728223079256,35.1450612323039,21.8057327237802,13.3059939501323,8.09487845557326,4.98670295683093,3.2059296915717,2.13597624753901,1.55686463237058,1.25565436418501,1.11213465008869,1.04985289623517,0.3345995778,0.265328052392664,0.282114799178421,0.314686193190723,0.332975177664178,0.341718207266615,0.313886646303131,0.290295274088751,0.272010731207235,0.230598127073513,0.175824319791723,0.101898291265428,0.041941770835069,0.0097385777215702,0.00192419543428131,0.00326457949199585,0.00432466659992584,3.46096213324317,0.988587100000126,0.985280700071966,0.978758600003395,0.968898802060581,0.956626799989653,0.939580000015417,0.912634501171517,0.873406100396887,0.817039600162777,0.73878769996807,0.613765999741137,0.453317998936572,0.290875336209447,0.159068812728285,0.0763640019877916,0.0352194375296104,87.62014913,67.9380133562,47.077876229496,32.1531002049586,23.0557118160972,16.5508109932981,11.4461658196171,7.89927476256906,5.46566360898343,3.82830364361368,2.58910401288891,1.82921397603251,1.41018860486038,1.18915792450272,1.08267759322434,1.03650143379789,0.7807323482,0.906748813715418,0.859232039374085,0.831344550577463,0.798567234066987,0.73921019790319,0.623830917218065,0.553981641545233,0.473066121114793,0.357702552352135,0.236494399580868,0.103727185753346,0.0228556840822566,-0.00682441419951785,-0.00590515896104896,0.0010970217565245,0.0039955030125839,6.21711737213271,0.3,0.7,9.02517012081637,23.1705467218723,10.5969858243976,1.28265730159065,571.266270779703,0,0.3,1,2,1.115331926,100,-0.065536017,148.5361669,0.005871589,-44.33746972,0.005428279,-50.91399385,0.004766026,-31.78328195,0.0039213,-20.17992206,0.003471067,-14.35213813,0.00260666,-10.91262895,0.001058119,-5.912593953,-0.000528506,-3.781246296,-0.002145,-2.345092196,-0.003027268,-1.425980011,-0.003673173,-0.852101019,-0.002600177,-0.45025367,0.000421356,-0.220946406,0.003096794,-0.100200093,0.004162187,-0.032330545,100,0.14063437,-10.37985087,0.007964356,-14.7114937,0.006929919,-13.92240388,0.005384633,-11.97196283,0.003413559,-7.956946406,0.0023628,-5.053412856,0.000345234,-3.998871909,-0.003269259,-2.262936944,-0.006973712,-1.64609256,-0.010749504,-1.168145308,-0.012813555,-0.988795809,-0.014328734,-0.599777677,-0.011834543,-0.320474014,-0.004792517,-0.157388973,0.00144449,-0.070006062,0.00392745,-0.019178349,INSEE20
0.996367900125476,0.99519130014795,0.992379100316725,0.987635500000372,0.981419000404811,0.97284790000392,0.956876000003725,0.932060901082042,0.888214701649101,0.81449630047874,0.705271800083121,0.553437200726719,0.374711643560468,0.218074889403826,0.107752400046906,0.0502324586580444,275.322816,207.956412382,131.21809762524,80.8767034631304,53.8184166651558,36.829563831767,23.1889435076578,14.7190645703046,8.94572005312967,5.39072805946179,3.39295662969431,2.23932670074027,1.59926126858823,1.27889470372317,1.12076512890131,1.05288050608692,0.3318565614,0.282163722992802,0.269339645511907,0.284209502826848,0.314595519545449,0.330023404688398,0.334758252254528,0.302109865999267,0.270282362214246,0.238344804514812,0.182454631684005,0.117336097385139,0.0503484659999861,0.0120843331261782,0.00190811383790287,0.00301883236579326,0.00421797835807911,3.42378420236771,0.989680600164088,0.986715900245842,0.980932800543132,0.970029900004466,0.956614903270331,0.941724899980929,0.917262300033683,0.884329000717108,0.832550800768387,0.756334200212729,0.632437799918642,0.474787465734491,0.30667268796001,0.171361734678332,0.0819939018545653,0.0373887680236216,96.90485881,75.2779638774,52.446085419076,33.3665887049061,23.0493879268595,17.1599877077752,12.0863886754321,8.64520925622474,5.97196044631768,4.10398176580376,2.72062796374141,1.90398580263113,1.44231982951186,1.20679914676317,1.08931738101267,1.03883573235986,0.7743319766,0.953616169983327,0.900345823966952,0.845748011935842,0.809099121154096,0.76591885770209,0.695258067757276,0.569701197950679,0.482322231233488,0.380626370446186,0.254086825924942,0.130898650591931,0.0322944982810291,-0.0059257922082767,-0.00703478446428335,0.000359334429360232,0.00373466448922254,6.43724033804362,0.3,0.7,9.15192783824165,23.6368397128694,10.9144333204792,1.39875302476201,620.306277785503,0,0.3,1,2,1.106188538,100,-0.051078652,177.322816,0.005434176,-33.64903118,0.004501425,-51.56316173,0.004005628,-33.99845771,0.003310358,-21.46716922,0.002763124,-15.27980203,0.002617904,-11.2532165,0.001803968,-6.650553499,-6.31083e-05,-4.094154018,-0.001900892,-2.542252827,-0.003644749,-1.494012268,-0.003844264,-0.902484397,-0.002917575,-0.493995454,-7.46853e-05,-0.246832636,0.002824819,-0.109776148,0.004062933,-0.037011451,100,0.181794242,-1.09514119,0.006943718,-10.58978227,0.004767264,-14.13316767,0.003610382,-12.76973,0.00198804,-8.460650274,0.00071095,-5.434609872,0.00037158,-4.133406098,-0.001528714,-2.572033247,-0.005887384,-1.769328821,-0.01017942,-1.252368571,-0.014253571,-1.031109607,-0.014726902,-0.63333613,-0.012573947,-0.350309867,-0.005949233,-0.175185686,0.000810276,-0.076057385,0.003696028,-0.022188309,INSEE20
0.99632580006316,0.995348600000026,0.992990100025498,0.989174500003026,0.983061600130601,0.974372400006731,0.960187200091938,0.938341600700665,0.901011507681763,0.832555803034897,0.725557000569642,0.571257379199914,0.391596962159212,0.226707911609078,0.111483997187932,0.0511400632691038,272.168091,214.98903556,142.65538742436,92.3744861927352,59.0374533538678,39.0204311018527,25.1175501351317,16.2183903535047,10.1021835828985,5.97213877706707,3.64374387827255,2.33239470010042,1.64364630772546,1.29317239821646,1.12547213164871,1.05389536232329,0.3243186006,0.282461056224979,0.286198295339792,0.271729411092732,0.284877175429251,0.312223910324126,0.323844349203251,0.32261504738555,0.283746738929052,0.240962641715141,0.192789907515643,0.125134981521281,0.0603207572810291,0.0155738194456031,0.00214472061001031,0.00275943584559675,0.00415744337201028,3.38453478736095,0.989421200000056,0.987054500000795,0.982480300063609,0.973749104257002,0.960130800152651,0.944543500013259,0.922948100035183,0.894130500612635,0.850068405174139,0.777865101497359,0.654689100148069,0.492618373666824,0.321813368040825,0.178567506113897,0.0848333937639328,0.037991978255039,94.528680002,77.2469197838,57.078602939852,38.0939320106945,25.082018203808,18.0321513293223,12.9782652936197,9.4455910379235,6.66970805210024,4.50176896539132,2.89594102048769,1.97090005446658,1.4745199985785,1.21738548392162,1.09269721282791,1.03949196339242,0.7567434014,0.948543973327732,0.947792168654091,0.887808234561216,0.824422281447101,0.776365909518935,0.722039357663008,0.637347341348013,0.503110083091063,0.397903788841836,0.27900827847129,0.146673814176281,0.0456192465826078,-0.00354363340583689,-0.00793426203215364,-0.00039843442693247,0.00357631407162225,6.63844130925009,0.3,0.7,9.31923715615723,24.2565533386151,11.2009361551249,1.50474881958503,645.841852130693,0,0.3,1,2,1.081062002,100,-0.048190169,174.168091,0.005391413,-54.82732412,0.004442376,-61.14189671,0.004181781,-36.21924948,0.00347389,-20.22171604,0.002781773,-13.72161723,0.00229291,-10.97542242,0.002161945,-6.506774284,0.000893874,-4.322499696,-0.001341054,-2.794666875,-0.003545125,-1.63916962,-0.004617404,-0.992702797,-0.003292337,-0.550893859,-0.000490569,-0.274103645,0.002553832,-0.127844678,0.0040058,-0.044454464,100,0.182202638,-3.471319998,0.006843931,-17.71984185,0.004629484,-16.69380166,0.004021422,-13.3032317,0.002369632,-7.617238727,0.000754498,-4.556248839,-0.000386673,-3.83852266,-0.000693208,-2.399069864,-0.003653971,-1.802597019,-0.008872463,-1.350752272,-0.014020299,-1.12596111,-0.016529792,-0.69531535,-0.013447474,-0.391386088,-0.006918808,-0.196087949,0.000178375,-0.089965951,0.003562879,-0.02803907,INSEE20
0.996382900000455,0.995405400107134,0.993380500001188,0.990084700054153,0.985190900005658,0.976841400385225,0.963054200048628,0.944144400758802,0.911067102345237,0.85315692195343,0.753888407546073,0.603952401548845,0.420119299941581,0.245264077382464,0.119772406030654,0.0534203631472869,276.4645711,217.64680276,151.0688118488,100.854235415873,67.5260481988805,43.1805031367904,27.0666760498156,17.9033078154291,11.2444325964346,6.80998970624055,4.06319734552573,2.5249490257071,1.72449264109842,1.32496626257095,1.13606980625214,1.05642904801573,0.3164886915,0.288534740218159,0.286911811868062,0.288934574916588,0.27291265435377,0.283671382918166,0.307185970842005,0.313447630927066,0.304264678973878,0.257150167042249,0.200526710474559,0.136954664037148,0.0665370735900766,0.0191763433063941,0.00243558808228953,0.00251962902645529,0.00406034272373085,3.34213171464484,0.9894431000002,0.98689610028047,0.983239700000899,0.975920500101326,0.965115406054087,0.949608100535751,0.927954400058273,0.903296400579331,0.864080601801062,0.8029854137084,0.686370602963632,0.525801600415975,0.348146835606179,0.194711129513996,0.0917671042914821,0.039948965874027,94.72477716,76.31315868196,59.664803138124,41.529101511055,28.6659442784806,19.8444591337318,13.8800981637358,10.3408766527473,7.35730146316503,5.07576595705824,3.1884765860835,2.10882196207793,1.53408373537725,1.24179021360693,1.10103917324319,1.04160698357135,0.7384736135,0.943410203305312,0.943979287321772,0.936516903257209,0.868391049155974,0.794262792749479,0.734490185467992,0.666493146605697,0.567731104383631,0.425417989960248,0.303567273093638,0.170090356766231,0.0549557897990297,-0.0014554036097661,-0.00896171177986219,-0.00113220037519991,0.00334579068791592,6.82302807662798,0.3,0.7,9.42077080653879,24.63497095324,11.4912888250899,1.63518840282514,671.044324373162,0,0.3,1,2,1.054962305,100,-0.034592249,178.4645711,0.005764595,-49.07792642,0.004742501,-59.620443,0.00412485,-38.94804426,0.003619571,-23.00094827,0.00296361,-14.67620115,0.002496432,-11.17334643,0.001541559,-6.711891317,0.00149109,-4.64958995,-8.81352e-05,-3.090150205,-0.002925403,-1.789498656,-0.004947208,-1.045919975,-0.004445082,-0.561254165,-0.00109512,-0.285807119,0.002280527,-0.131239144,0.003919225,-0.046533641,100,0.194672239,-3.27522284,0.00771469,-16.32494772,0.005329769,-16.03717825,0.003888576,-14.40792937,0.002709568,-8.666109092,0.001178812,-4.735918706,8.82933e-05,-3.791410139,-0.002140593,-2.377823335,-0.002259996,-1.899377754,-0.005948198,-1.460547934,-0.012573322,-1.223257,-0.017298426,-0.729200238,-0.016136287,-0.397398318,-0.008328934,-0.203239385,-0.00045911,-0.091998601,0.003360928,-0.029236285,INSEE20
0.996112200002019,0.995198400000949,0.993417000005918,0.990831500017762,0.987090300006913,0.98076870000953,0.968726300002532,0.951335011057293,0.924336600000898,0.877013799938162,0.797342699853427,0.661059819996658,0.481390420888964,0.289655300232739,0.147666779862596,0.0825551319466387,257.2148773,208.263912068,151.9064256348,109.069095271824,77.4611339175553,51.9985648649029,31.9757495940546,20.5486489268193,13.2164296081205,8.1309935545059,4.93443857811574,2.95037121461522,1.92823272519296,1.40776724327645,1.17324871231954,1.08998264412709,0.3071607489,0.295643686254119,0.293237229531665,0.290065525129742,0.290481087941564,0.272698479565724,0.280548831938994,0.298739275415409,0.297830169670901,0.278090196418735,0.220032942993575,0.150087330430118,0.078441363248551,0.0232104407768244,0.00273177714861215,0.0021378602447154,0.00395589749758969,3.29546780725798,0.988462400031308,0.986035700002781,0.983041900315316,0.977549700016488,0.969548006130814,0.95810829998989,0.938648500014802,0.914904910233032,0.882886651706954,0.832672764376174,0.736273933328963,0.584975870162531,0.405078304537439,0.232303211906323,0.113939246759178,0.0621229938868753,86.67313826,71.6111799368,58.9688703383208,44.5428346153615,32.8385656048339,23.871077080911,16.2995199830572,11.7515579664611,8.53873253969239,5.97630752990173,3.79180704091707,2.40949804436183,1.68089346983638,1.3025901226697,1.1285903413348,1.06623755677833,0.7167084141,0.940009960409789,0.939377611606818,0.934212011273322,0.91852320458012,0.841292122019903,0.756544852949054,0.68260933340464,0.600714266339719,0.486890789336989,0.337364261667226,0.200076245273306,0.0737107728030084,0.00230263031677054,-0.0106561442807563,-0.00229458933953282,0.00308732876584858,6.95902502867665,0.3,0.7,9.49127800666392,24.8987838389725,11.8055659143331,1.84916910330158,675.249526514733,-5.32907051820075e-15,0.3,1,2,1.023869163,100,-0.019700234,159.2148773,0.006028191,-62.67136761,0.005052926,-61.38744107,0.004411386,-38.97834034,0.003827416,-21.37601679,0.003446881,-14.17696237,0.002902536,-10.34114348,0.001890344,-5.976693602,0.000884657,-4.328812051,0.000643498,-2.88855039,-0.001087432,-1.739351334,-0.004272735,-1.031562184,-0.004743068,-0.54621732,-0.001971491,-0.282235545,0.001846144,-0.125218225,0.003821298,-0.023365766,100,0.209332339,-11.32686174,0.008329761,-21.21910168,0.0060541,-15.81802517,0.00455716,-13.92867246,0.003194542,-7.859953876,0.002306471,-4.221548312,0.001035934,-3.148049968,-0.001326594,-1.850938234,-0.003674645,-1.59532658,-0.004240179,-1.233847904,-0.008283407,-1.182443597,-0.015723009,-0.71520901,-0.016830054,-0.385752053,-0.010372761,-0.200811938,-0.001472199,-0.088364068,0.003132559,-0.012780833,INSEE20
0.99686690000089,0.995923099999867,0.994020400065491,0.991077199999568,0.987600799999601,0.982250200053892,0.971854300674659,0.95534820019508,0.928243700006788,0.884935700056105,0.811040599997013,0.682805199770887,0.498147923475038,0.311240966334781,0.15924903071576,0.10149318000479,319.1727044,245.284407262,167.23526660664,112.072443622104,80.6503645363875,56.3386630092042,35.5294059376048,22.3955137331735,13.9360585762829,8.69079288695808,5.29214211741578,3.15263679855343,1.99261655732291,1.4518851826891,1.18941279941092,1.11295738707314,0.2989533654,0.300982904341047,0.299908256530482,0.296155937851393,0.291764239367742,0.290377801242573,0.27097832529825,0.274935268934294,0.286386451880565,0.276219634411291,0.243591052886745,0.174915414823193,0.0967085326379127,0.0328559448693241,0.0037435311917453,0.00146197473483778,0.00379284233458595,3.27679866522733,0.990822700003447,0.988329599999868,0.984818300533219,0.978250100003701,0.970782499999416,0.96136910009016,0.944761001225175,0.921664700262691,0.888475800048907,0.842666999930868,0.752367100266578,0.608120299855312,0.421178745216301,0.250690372101995,0.122887109925889,0.0762592502847983,108.96451026,85.6868659158,65.868776223064,45.9772228915544,34.2260631460543,25.8860135217372,18.1031517532928,12.765636951396,8.96666374113188,6.35594566489854,4.03823563330369,2.55180352409873,1.72764803147459,1.33456130843965,1.14010408521631,1.0825547595081,0.6975578526,0.927936384123919,0.934410349322253,0.929026041427629,0.917671687372036,0.893325293585542,0.808535852823376,0.711767023414548,0.623884512902803,0.526780945241274,0.398984947506528,0.24142050490235,0.105436909677604,0.012654083873187,-0.0121873435815813,-0.0045223590527065,0.00251355324048731,7.07401823232369,0.3,0.7,9.53645613215746,25.0682667670569,12.1589277181152,2.10437016969678,763.292527009222,1.77635683940025e-15,0.3,1,2,0.996511218,100,-0.004983665,221.1727044,0.005684133,-6.786172492,0.004849089,-36.86336722,0.00435818,-36.7958535,0.003646737,-26.23734883,0.003524192,-19.57324823,0.003160237,-15.42918763,0.00218532,-8.940720869,0.000924308,-6.201617372,-0.000297887,-4.261308129,-0.000526246,-2.676231566,-0.002508171,-1.683113008,-0.004904976,-0.898747233,-0.002979496,-0.437782888,0.001058582,-0.190199099,0.003616351,-0.036826351,100,0.219497065,10.96451026,0.00752697,0.747190421,0.005578489,-4.310180115,0.004433016,-11.81227004,0.002772952,-9.425914777,0.002486888,-6.295780771,0.001637332,-5.290503786,-0.000638118,-3.207892632,-0.003581662,-2.549863066,-0.006435752,-2.012012224,-0.006972007,-1.818545746,-0.011602866,-1.164167376,-0.017204551,-0.633660052,-0.012722252,-0.312714292,-0.003308206,-0.136434235,0.0026561,-0.023463775,INSEE20
0.997947299999981,0.997289700000371,0.995694699999859,0.992675200002161,0.988263100000314,0.983035299999275,0.975710000020468,0.963067400033811,0.942124400015136,0.902773200004358,0.83872012138729,0.721246836124307,0.542904303027185,0.338483501623465,0.208098202732715,0.124041184802996,487.1632484,368.962845492,232.27185096676,136.522498944507,85.2013734396619,58.9459288956597,41.1692054690201,27.0763499158527,17.27843858451,10.2852299987573,6.20039682521891,3.58740275906747,2.18772567358236,1.51167374817645,1.26278283903532,1.1416056824227,0.3,0.302456728611131,0.305929853138299,0.303696313139374,0.298403123649005,0.292417875210857,0.289146165361726,0.267076597830721,0.265683554346528,0.267690605725432,0.244767405546997,0.195950995687169,0.117421192761358,0.0445113687158942,0.0062152880309707,0.000677440613739653,0.00343243146492535,3.2971549112997,0.987508100006902,0.983809800022365,0.979681400004373,0.970792700009611,0.959805900050643,0.950309499996999,0.9389679003774,0.920657802025191,0.892753200037244,0.845000008029515,0.757092334522423,0.613769218079616,0.427249906787381,0.245702599148123,0.142008612502477,0.0792838006000935,80.05187361,61.7657595348,49.215989287484,34.2380158386027,24.8792733337233,20.1245710931332,16.3848204403024,12.6036333702269,9.32428753436811,6.45161290630924,4.11679003560057,2.58912546863762,1.74596215561676,1.3257370328451,1.16551257727086,1.08611100851198,0.7,0.911336434921738,0.925777024346517,0.927511586220193,0.914493104932621,0.895089832845707,0.86223164458211,0.766828642839863,0.657330936292237,0.55289447973944,0.438932407747211,0.290680101005499,0.136368720832438,0.0301002223174978,-0.0119552170052209,-0.00708553643041436,0.00153700928912193,7.18761333653645,0.3,0.7,9.77758665299985,25.9786558380705,12.4975483343107,2.31213891604206,799.213536830809,-1.77635683940025e-15,0.3,1,2,1,100,0.004440014,389.1632484,0.006174026,56.17359518,0.005581388,-8.10686815,0.004889726,-27.36806233,0.004271279,-24.62962131,0.003922512,-20.09142835,0.003725147,-14.04268428,0.00302464,-7.742467903,0.001854186,-4.669164874,0.00033079,-3.372107406,-0.001611238,-2.316580204,-0.002011962,-1.598896516,-0.003663786,-0.901858389,-0.004010828,-0.441090478,8.12869e-05,-0.16006464,0.003284051,-0.024018861,100,0.22018028,-17.94812639,0.008670029,-45.01946052,0.007287174,-34.75713931,0.005673287,-30.31338486,0.004230218,-20.1784051,0.003416311,-13.41697079,0.002955501,-8.983472811,0.001320396,-5.137455348,-0.001411812,-3.186036678,-0.004968511,-2.33571756,-0.009503047,-2.112036716,-0.010443989,-1.368345452,-0.014307563,-0.754805298,-0.015127474,-0.367358038,-0.005587869,-0.142357505,0.001881881,-0.031190995,INSEE20
0.998280799999971,0.997731699999976,0.996375300000702,0.993893399999639,0.989472500323064,0.983741699997244,0.977087400001782,0.966488200428574,0.950223624515064,0.916742552309607,0.858567121265618,0.752188914642618,0.577905800097401,0.365396350457373,0.191576039975639,0.185962103794283,581.6658911,440.858792922,275.88490087216,163.757246247425,94.989313735617,61.5070456208687,43.6441084777465,29.8402354096397,20.0898417965357,12.0109299488199,7.07049067078214,4.03533175071454,2.36913939588612,1.57578161911071,1.23697450221292,1.22844403625461,0.304123059,0.299203581999994,0.308772103139689,0.311235884341539,0.307161322385547,0.299689767027143,0.291645903683055,0.285957724011008,0.260388002682709,0.252735797232612,0.242726912741853,0.204359419092029,0.137810231674779,0.0603865988167255,0.012103277945009,0.000654173268711159,0.00303344353636194,3.35344537564796,0.989546300000006,0.986403899999229,0.982873300000434,0.975717099998542,0.964047001348653,0.952375900018,0.942323100000106,0.927806100634132,0.907065229359897,0.865680642477568,0.783567210970732,0.649617903700812,0.461536900963361,0.268777224537005,0.131445915791123,0.121206750107924,95.659909888,73.5505034488,58.388364368104,41.1812427647343,27.8140906188307,20.9977721440488,17.3379637232705,13.8515857924964,10.7602318998224,7.44494094268074,4.62037177618305,2.85402707088856,1.85713747426486,1.36757092650442,1.1513387551882,1.13791818872544,0.709620471,0.904371590004831,0.90749460379345,0.916684832303678,0.907961385076898,0.883174520669961,0.854650535504001,0.812820035952217,0.707659289846909,0.586764410958372,0.463937333819302,0.324396650278884,0.164453751305449,0.0446641832643735,-0.00528442014165444,-0.00896316477907744,0.00054118574250633,7.22755221433556,0.3,0.7,9.91764052963425,26.5118795862471,12.7569343971789,2.48431978475623,924.935750690483,1.77635683940025e-15,0.3,1,2,1.01374353,100,-0.000180608,483.6658911,0.007135123,-36.56119051,0.006623151,-85.69868771,0.005689524,-63.8691677,0.004788971,-38.80273523,0.00418881,-21.99030035,0.003834919,-14.12290184,0.003175238,-10.50558595,0.002428838,-6.444981121,0.001063008,-4.921939864,-0.000931929,-3.009034728,-0.003518804,-2.041057138,-0.003361872,-1.146515308,-0.002963086,-0.568189541,-0.000639217,-0.244465771,0.002949413,-0.009083146,100,0.21311592,-2.340090112,0.010912888,-4.900332689,0.009718301,-2.142079976,0.007539908,-7.050426737,0.005438643,-5.739164903,0.004038164,-3.383915723,0.003212199,-2.384115948,0.001672517,-2.205538239,-6.98859e-05,-1.591328803,-0.003258506,-1.692860841,-0.007915711,-1.702208872,-0.013956747,-1.180427164,-0.01359934,-0.680205485,-0.012680123,-0.343471986,-0.007265421,-0.147883537,0.001102954,-0.004284137,INSEE20
0.998437700016199,0.998043699999944,0.996854699999507,0.994779900001327,0.991028999998848,0.985176100121917,0.97780249999603,0.968116499992645,0.954185100205531,0.926734308891795,0.875713916351136,0.773751701546988,0.603063500074324,0.383542360896424,0.199860006922652,0.126764098806548,640.0819305,511.169043588,317.93469616356,191.567211404717,111.470293152476,67.4586310309047,45.0501182484513,31.3641852281916,21.8269602544469,13.648951715605,8.04595204384345,4.4199227133665,2.51929464770024,1.6221702609684,1.2497812847285,1.14516592616867,0.3075485097,0.296262567636958,0.305442937514936,0.314486433897655,0.315077519290107,0.308663683663366,0.298830780887059,0.288321746750847,0.27862902607805,0.249262256689402,0.232915246815028,0.207719003726464,0.15020700564383,0.0736029941976211,0.018497248824165,0.00206184305942932,0.00275676143729551,3.41133801315369,0.990472600076074,0.988217199999898,0.985088499999103,0.979207900000741,0.969464399997845,0.956664600400181,0.944183200024705,0.931204399992527,0.914147900140892,0.88096120871536,0.807341310491864,0.675434200748707,0.486570798834349,0.283754838344068,0.137884601826712,0.0815321951115927,104.960429918,84.86947075324,67.062334435824,48.0951900017419,32.7486605774396,23.0758225384541,17.9157529711678,14.5358133348051,11.6479387166465,8.40062231382592,5.19052604782713,3.08103934765939,1.94768820647079,1.39616972277957,1.15993751997433,1.08876599908443,0.7176131893,0.910518335482311,0.902481960429269,0.902161352963054,0.902087871187994,0.880632446623753,0.84474312799602,0.807456815032881,0.753662989074121,0.640438796053648,0.505062560261415,0.356202833725988,0.196799329921734,0.0560588587293162,-0.00208487778598955,-0.00706892944494482,-0.000712898073553786,7.24086990034594,0.3,0.7,10.1890520814139,27.5544100686391,13.0163393272892,2.68171803378085,1034.72225196099,1.77635683940025e-15,0.3,1,2,1.025161699,100,-0.007337643,542.0819305,0.006918039,-58.86352969,0.006833537,-114.1069209,0.005742228,-78.79999145,0.004736002,-49.01180817,0.00401346,-25.63089643,0.003358209,-15.22678646,0.00225426,-11.40704108,0.001835425,-7.416470447,0.001221587,-6.039093245,-0.000678343,-3.724759306,-0.003509884,-2.509158144,-0.006038338,-1.435330468,-0.003567794,-0.699586347,-0.000256855,-0.294484702,0.00263511,-0.067069086,100,0.208316024,6.960429918,0.010406297,-8.877240937,0.010209137,-5.017158944,0.007662805,-9.125407079,0.005314996,-7.608957332,0.003628999,-4.181986268,0.002099873,-2.66206373,-0.000476399,-2.455391114,-0.00145434,-1.92661536,-0.002888032,-2.144404948,-0.007323249,-2.105516076,-0.013934542,-1.446924993,-0.019842616,-0.849258323,-0.014089593,-0.423825002,-0.006374314,-0.180281988,0.000373498,-0.039545981,INSEE20
0.998567900006669,0.998121900000046,0.99717630000021,0.995330300172894,0.992001400384707,0.986972899997076,0.979117000019634,0.968275900014148,0.955263415083006,0.930171300143746,0.885025600511386,0.790376500426461,0.617163904442869,0.391218915190549,0.198171666851347,0.161492363992731,698.2752601,532.45301103,354.14527041624,214.146519000289,125.021878876622,76.7630554594268,47.8858401902866,31.5217768134823,22.3530621376278,14.320759258358,8.69758835529285,4.77045751296658,2.61207909009917,1.64262655274624,1.24714419074903,1.19259147503393,0.3242513904,0.293914225668278,0.304933963175874,0.31381280784342,0.321089915264484,0.319605646864192,0.31081165712074,0.298040881627132,0.283375927336195,0.268572250168454,0.233054904185862,0.204742237966279,0.158454004576996,0.0849058265592515,0.0218509931636014,0.00245082527804763,0.00294076267730909,3.48319902316663,0.991275700044955,0.988687700000473,0.986582100316149,0.9813840006486,0.972817001453876,0.962049706233961,0.947720700025409,0.931685400202676,0.916191929635411,0.886391599929464,0.82058520000954,0.695844900463616,0.500897139322672,0.290317903067518,0.136720974510348,0.103768538782001,114.62237658,88.39935291964,74.5273105321752,53.7172324871075,36.7876981917071,26.3502528278908,19.128029641685,14.6381593467445,11.932020888109,8.80216603131353,5.5736761915494,3.28779626287059,2.0035936477062,1.40908161134137,1.15837191532398,1.11578276857485,0.7565865776,0.915361347454855,0.915639650038898,0.905060134675519,0.896906382896779,0.885967269786602,0.852422448648747,0.805490906790161,0.75608041596257,0.689542552876016,0.563258687879632,0.403826642281827,0.229553532302137,0.0767550121700828,-0.00474075960350994,-0.00896937954337853,-0.000103277334735324,7.30253318959786,0.3,0.7,10.4564956235722,28.5934094236162,13.3854463647583,2.92609481560387,1125.61964223275,3.5527136788005e-15,0.3,1,2,1.080837968,100,-0.013153801,600.2752601,0.009250974,-94.82728086,0.00933058,-146.8003923,0.008245132,-97.42948324,0.007354688,-62.7139883,0.006723573,-32.47783183,0.005843397,-18.22361822,0.004246887,-12.62733907,0.002708585,-8.383839386,0.002055019,-7.069661791,0.000775115,-4.678384326,-0.002268928,-3.11457549,-0.005678536,-1.719445169,-0.006378873,-0.826282202,-0.001246035,-0.342582665,0.002679395,-0.032194184,100,0.204585146,16.62237658,0.01584977,-14.4618684,0.016035534,-8.644770806,0.013502859,-12.00385526,0.011425193,-10.34558801,0.009952561,-5.743434538,0.007898637,-3.486276446,0.004173077,-2.919278565,0.000583114,-2.31307618,-0.000943048,-2.612813911,-0.003931227,-2.658933676,-0.011038044,-1.798919264,-0.019001795,-1.015824913,-0.020647732,-0.499652831,-0.008681907,-0.209874413,0.000473068,-0.020956001,INSEE20
0.998632799999955,0.998197499999996,0.997334600000127,0.995742200032309,0.992592800009731,0.987996600040646,0.980881900094676,0.969825600035104,0.955121599992046,0.930302299960104,0.88686100819419,0.801346400895735,0.630152162749872,0.401319548696717,0.209842137382246,0.141344056412864,731.4218841,554.785020798,375.1782096094,234.863074807915,135.003780060283,83.30972895909,52.3064530302383,33.1406755764809,22.2824343052127,14.3476757398752,8.83868518519084,5.033888157187,2.70381053670725,1.67034002329719,1.26556983069131,1.16461046393405,0.3271851267,0.276672927985971,0.301258056361064,0.312087278144118,0.31910833722889,0.324224879591775,0.320553387140993,0.30885244429119,0.291746722898522,0.272455617099488,0.250164250121722,0.206118749529216,0.159925952533269,0.0923192311393472,0.0263388443598672,0.00073559673758827,0.00246049956788505,3.50008071069011,0.991690600000529,0.989144200000644,0.987363000003173,0.983010700120059,0.974850500042407,0.965107800119121,0.952190900273821,0.935068400007744,0.916035200054267,0.886647899968915,0.823275109295727,0.709672299606467,0.514614910536279,0.299465121496327,0.146564112237895,0.0942485130586051,120.34563266,92.1166565384,79.1327055502472,58.8605769515317,39.7622219073654,28.6597004468729,20.916520074333,15.4008217888513,11.9097526658096,8.82206857834684,5.65851217868726,3.44438370371842,2.06021854361317,1.42748063175208,1.17173415911455,1.1040555850175,0.7634319623,0.920947833355057,0.917694262284474,0.916318004068119,0.898251246795421,0.880097536994486,0.858535036631105,0.812695846750763,0.752103268852407,0.691077454260292,0.606274184663219,0.456133686050819,0.270830030703154,0.0964615296515551,0.000471612183140256,-0.0148102752729112,-0.00188969240899756,7.33105094654381,0.3,0.7,10.6128338290702,29.2060872018966,13.616831429293,3.11506727091865,1175.82642546459,-3.5527136788005e-15,0.3,1,2,1.090617089,100,-0.047114102,633.4218841,0.007895831,-129.5247341,0.008014357,-146.6257412,0.006760941,-112.1992902,0.005703234,-74.85980856,0.005111275,-39.21171234,0.004531467,-22.92134132,0.00316092,-13.78744781,0.001756961,-8.608906972,0.000346051,-7.558325155,-0.000140807,-5.195658888,-0.001897501,-3.489748431,-0.005472861,-1.971237826,-0.006877921,-0.889497485,-0.003594651,-0.344204191,0.00206471,-0.057590843,100,0.170961944,22.34563266,0.012687757,-20.21327251,0.012964315,-7.498660311,0.010039711,-14.17618737,0.007571759,-12.88066593,0.006190485,-7.392243781,0.004837447,-4.906727697,0.001639151,-3.34464726,-0.001637321,-2.435643494,-0.004930542,-2.871311892,-0.006068057,-2.967610532,-0.010170679,-2.017818964,-0.018521178,-1.161821794,-0.021811742,-0.536041143,-0.014162114,-0.20916582,-0.000958953,-0.031148892,INSEE20
0.998746800005888,0.998359100014445,0.997555300010877,0.996150600061289,0.993290900091443,0.989111500126182,0.982749500339779,0.972941300825321,0.958661900182128,0.933837099979108,0.893199999924377,0.817945501768439,0.655981402941068,0.425457089935023,0.229895454642405,0.13414440357822,797.9572295,609.421658818,409.04814498204,259.780745017212,149.051288531757,91.8400146490773,57.9693342699082,36.9566904396335,24.1907586829512,15.1142105261084,9.36329587207771,5.49286068148702,2.90681959504325,1.74050861697311,1.29852439683124,1.15492698707749,0.3237633588,0.277959053194761,0.283612145033275,0.307987134137677,0.317048443941319,0.321941308956474,0.325025759685261,0.318626684460642,0.302516466107012,0.280367130767272,0.253806456224703,0.220389745077094,0.162687511092367,0.096106199868673,0.0300861211768707,0.000974800396652853,0.0010923272267748,3.49660567335288,0.992391500039615,0.990140600107284,0.98845960007728,0.984706600350459,0.977306500425687,0.968419300456607,0.956882800844418,0.941672201565522,0.922522700192275,0.89228950009065,0.832520399951811,0.730823999974737,0.541515399137528,0.319759640465486,0.161053376295915,0.0911675967833154,131.43195111,101.4260502668,86.652109116632,65.3876835792422,44.0654813025011,31.6649092592181,23.1926006309355,17.1444834168463,12.9070063110742,9.28414593549341,5.9708764507799,3.71504145411351,2.18109833564405,1.47006744574091,1.19197083911704,1.10031288093226,0.7554478372,0.932216697752868,0.922569496866314,0.917936281894897,0.909691161711617,0.882050434102232,0.854602737819006,0.82155715544639,0.761151287114175,0.687214409344683,0.607798574535752,0.48995826264179,0.312164365907659,0.122722506020841,0.0068762416968245,-0.0163266085790575,-0.00486772642246051,7.36659693628595,0.3,0.7,10.6925109583411,29.5198307314645,13.7867537612004,3.25105031697644,1271.5431479752,-1.77635683940025e-15,0.3,1,2,1.079211196,100,-0.048778746,699.9572295,0.00743792,-107.3717876,0.007532051,-134.6411754,0.006289971,-107.8939004,0.005196671,-81.11452478,0.004692681,-40.46368981,0.004201669,-23.67420011,0.002983459,-14.30363353,0.001713534,-8.287103382,0.000340369,-6.722575093,-0.001471174,-4.697426353,-0.002485007,-3.1690508,-0.004671485,-2.026390799,-0.006963391,-0.909225709,-0.004552199,-0.338408826,0.000988355,-0.085331447,100,0.175128397,33.43195111,0.011619289,-16.51266974,0.011838922,-3.622214291,0.008940759,-12.16236786,0.006389757,-13.61788411,0.00521374,-7.30206821,0.004067906,-4.893905807,0.001225082,-3.353706256,-0.001738659,-2.185799042,-0.004943799,-2.387411677,-0.009172183,-2.674750756,-0.011541076,-1.830300481,-0.016650666,-1.194397694,-0.022010622,-0.548946727,-0.01639573,-0.20696018,-0.00347188,-0.047986595,INSEE20
0.998855500007564,0.998500000009189,0.997760700011092,0.996471500016403,0.993847900026437,0.99001940004476,0.984195300066976,0.975226300158592,0.962119300161714,0.93756790014858,0.895856444026453,0.822341166340975,0.667730822348659,0.438449067544388,0.242116452619548,0.1445777199943,873.743993,666.66666671,446.56812394164,283.406546682399,162.546122426868,100.194377071122,63.2723176860957,40.36538753451,26.3986673808408,16.0174013402922,9.60212628958624,5.62876387663616,3.00960336985728,1.78078185914239,1.31946383563364,1.16901324789462,0.3192492492,0.283457579560658,0.284988605188389,0.290458237425397,0.313135709482404,0.320198808255064,0.323272290054525,0.323841656928247,0.313279671856796,0.292037211234531,0.262514322325173,0.225505687680711,0.176064230621702,0.101134838767361,0.0344120341208393,0.00175775550638319,0.00051726801781681,3.48707754806051,0.993066100055541,0.991006400066706,0.989459300068996,0.986023900088483,0.979247300123177,0.971109400161155,0.960532100202879,0.946569300260194,0.928888700277789,0.898215800026637,0.836512758328164,0.736642562623966,0.554065978743354,0.33112415392031,0.170241314755186,0.0985201055612787,144.2189821,111.1901796878,94.870359653464,71.5507187342994,48.1865010376574,34.613334438451,25.3370460500337,18.7158319073168,14.0624626435094,9.82470756885276,6.11668307678354,3.7971198827643,2.24248280003124,1.49504563893117,1.20516965082609,1.1092870753347,0.7449149148,0.936320405360591,0.934756249543056,0.923778810915974,0.912941707483064,0.895625347720558,0.85974381236073,0.822338418373558,0.775542000281109,0.701170306643395,0.609082860769259,0.497478921362645,0.342525205324546,0.150260551200999,0.0183673024022477,-0.0167027100584997,-0.00636518066777453,7.41401305352976,0.3,0.7,10.8247570171724,30.0427873417375,13.9676040800415,3.38976060525133,1380.30323193442,5.32907051820075e-15,0.3,1,2,1.064164164,100,-0.039900039,775.743993,0.007485655,-115.3314182,0.007539439,-150.6651017,0.006334141,-117.4606354,0.005277474,-92.03900769,0.004836439,-45.87588569,0.004422754,-26.73089667,0.003274611,-16.44456005,0.002026201,-9.81888925,0.000697094,-7.689542169,-0.001194239,-5.209800026,-0.00420257,-3.547266078,-0.005585143,-2.373400098,-0.00647703,-1.067901344,-0.005158907,-0.386234609,0.000386504,-0.103540661,100,0.186620393,46.2189821,0.011730649,-17.6131324,0.011856135,-4.527169608,0.009043792,-13.3683482,0.006578262,-15.89342887,0.005549148,-8.570837238,0.004583757,-5.694565024,0.001904465,-4.012916711,-0.001009034,-2.739131105,-0.004111341,-2.824158616,-0.008525791,-2.98177994,-0.015548052,-2.054339039,-0.01878126,-1.398257825,-0.020874402,-0.64243073,-0.017810152,-0.235496446,-0.004876723,-0.058844347,INSEE20
0.998954400006745,0.998628400008118,0.997948100010028,0.996764500014024,0.994356500022895,0.990848200038915,0.985514700064329,0.977311000091688,0.96529880023085,0.942701900190087,0.901680100356031,0.826531958927594,0.674672166675233,0.449242389033339,0.254418166790466,0.155303123380905,956.3886764,729.07553224,487.3531848758,309.071240862807,177.195003048751,109.26812208833,69.0355049396993,44.0742209423738,28.8174472838198,17.452585673224,10.1708810064864,5.76474867179452,3.07382182010343,1.81568049646014,1.34123429695954,1.18385660192097,0.318816234,0.289007239436705,0.290557014193922,0.291940516207952,0.295788347539406,0.316550951292375,0.321947662043726,0.322781761513551,0.319378141923363,0.303790693641752,0.274863152902406,0.234367979304243,0.18153885522388,0.109307412499213,0.0361881567538016,0.00303647062876048,0.000197636283420307,3.47813465098805,0.993680000050041,0.991794400059189,0.990370500062277,0.987225200077893,0.981019700111639,0.973568900151684,0.963873900189963,0.951062700236185,0.934786300283455,0.906378300288754,0.845147400050261,0.742250658217589,0.561476335445756,0.340462424467105,0.179566010817859,0.106128807109109,158.2278481,121.867992588,103.847551798044,78.2791120003947,52.6862062296134,37.8342180279043,27.680818020682,20.434310838033,15.3342012471704,10.6812843576392,6.4577540204757,3.87973745724787,2.28037845910902,1.51621377903062,1.21886708315254,1.11872941280957,0.743904546,0.937549534313642,0.939721062225398,0.936877556407991,0.91996040795847,0.900723762222634,0.875551768194037,0.830852467723282,0.780968919256934,0.720204739651956,0.626534148936619,0.501883040912502,0.351613501483985,0.164768637132413,0.0249675458840304,-0.0150006682905353,-0.00755529075812282,7.47238493086393,0.3,0.7,10.9707475336992,30.6232827387986,14.1435839046437,3.51070601219032,1507.55401996633,-5.32907051820075e-15,0.3,1,2,1.06272078,100,-0.029876629,858.3886764,0.007524621,-127.1935809,0.007590086,-165.9801485,0.006354992,-128.5655206,0.005341684,-100.5434127,0.00494463,-50.02707789,0.004618693,-29.15498459,0.003559241,-17.93265039,0.002378275,-10.7406325,0.001058438,-8.41810836,-0.000807168,-5.526172307,-0.003903755,-3.645335092,-0.008256101,-2.442366779,-0.008154319,-1.133730806,-0.005295249,-0.403931925,-5.6496e-05,-0.109217957,100,0.197799785,60.2278481,0.011821548,-19.46660987,0.011974292,-5.118824296,0.009092422,-14.69384046,0.00672806,-17.43349813,0.005801574,-9.388552989,0.005040938,-6.240249729,0.002568618,-4.395994291,-0.000187461,-3.007314022,-0.003268099,-3.099929033,-0.007622543,-3.170459397,-0.014850646,-2.114611958,-0.025012926,-1.440799026,-0.024787352,-0.681419365,-0.018127542,-0.246277643,-0.005909738,-0.062336845,INSEE20
0.999044400005905,0.998745300007217,0.99811910000893,0.997032000013439,0.9948210000196,0.991605100033018,0.986719100056478,0.979213400095598,0.968202200108787,0.947434800357186,0.909868200300914,0.835661400953156,0.681522067623461,0.457188922774912,0.265002645124233,0.166266739332475,1046.4629552,797.003267772,531.6603753952,336.927223778284,193.087468545551,119.119941817776,75.2961018965637,48.1079156609053,31.4487165335264,19.0239931071434,11.0948632857595,6.08499771635664,3.13993430735863,1.84226150870136,1.36054905553093,1.19942434502035,0.3220640886,0.28717356274788,0.29616656810944,0.297592391259411,0.297407856671855,0.299503102006839,0.318692114308657,0.322044056595435,0.319268629156165,0.31103326321858,0.287874208156144,0.247437226293217,0.190182913044238,0.114482716789636,0.0372233831301991,0.00170794250082823,0.000163759372700883,3.46749195972479,0.994238100044601,0.992511800052943,0.991200900055157,0.988321000070661,0.982638100097602,0.975817300135451,0.966932700181637,0.955183000222458,0.940206400257566,0.913966000301985,0.857334000343112,0.754398600126073,0.568885938882203,0.347110006176202,0.187461704283178,0.113957001962139,173.55386244,133.543441678,113.64798672324,85.6237691620831,57.5973827703868,41.3518755150211,30.2413562683462,22.3129615962684,16.7241979032724,11.623311712227,7.00937854548645,4.07163803006619,2.31957155410291,1.53165157792683,1.23071121245001,1.12861339248949,0.7514828734,0.932527449306505,0.94175049791037,0.942743089315222,0.934134352073367,0.909326144529999,0.882936464527576,0.849291915627405,0.793347608450802,0.730690827668557,0.650517308785645,0.522838127016486,0.358545297465549,0.173015814306479,0.0226125296742419,-0.0187855263856928,-0.00808748503151395,7.54123497064211,0.3,0.7,11.1317237935121,31.2672131358376,14.3189050706022,3.62145230600529,1644.74555260623,0,0.3,1,2,1.073546962,100,-0.031309317,948.4629552,0.007555731,-140.2576351,0.007631571,-182.8336462,0.006411914,-140.6788974,0.005384036,-109.8023475,0.005038174,-54.53116117,0.004759903,-31.78665775,0.003810463,-19.54687918,0.002737926,-11.74401999,0.001490144,-9.217105231,-0.000401409,-6.008670674,-0.003529712,-3.88246567,-0.007996496,-2.509519391,-0.01188214,-1.170083875,-0.007498982,-0.418817831,-0.000307814,-0.114985266,100,0.19332438,75.55386244,0.01189412,-21.51984946,0.012071071,-5.782646013,0.009225219,-16.1468316,0.006826861,-19.11614699,0.006019822,-10.28060659,0.005370418,-6.836177399,0.003154817,-4.814240064,0.000651781,-3.301426718,-0.002260639,-3.40420551,-0.00667558,-3.458280125,-0.01397772,-2.25696091,-0.024406846,-1.482571154,-0.033485,-0.703119312,-0.023268849,-0.255178291,-0.006495482,-0.065876349,INSEE20
0.999126400005502,0.998851900006309,0.998275200007838,0.997276400011391,0.995245400020986,0.99229630002757,0.987818900046274,0.980949800081634,0.970853600122191,0.951765100113205,0.917429600723758,0.848286200025582,0.692823465951414,0.465064923564201,0.272945306709456,0.175687730710235,1144.688645,871.004267896,579.77736551656,367.161110287296,210.322635002718,129.80775463464,82.0943920814207,52.4928871886324,34.3095545076872,20.7318766728558,12.1108775520006,6.59135818804434,3.25545104302951,1.86938564521145,1.37541232452734,1.21313247442032,0.3258416451,0.282339379158836,0.294367777080772,0.303274365414128,0.303168512046152,0.301318145387981,0.302100225425691,0.319348479225734,0.319335932639395,0.312173396174716,0.29663579164194,0.262051619688081,0.203648419172153,0.121776310124562,0.0404841109653991,-0.00147905301002448,-0.00147043096941994,3.45595855063733,0.994745900040001,0.993165000047692,0.991957700049225,0.989320400062073,0.984115800090073,0.977871800117743,0.96973140016252,0.958958900217457,0.945184000244609,0.920960100271997,0.868733300402307,0.771350100066914,0.581376032066868,0.353774709963348,0.193102700841009,0.120538499654745,190.32755372,146.3057790812,124.34253882244,93.6364657787752,62.9556414588415,45.1912039749791,33.0375372507207,24.3658186589793,18.242848800343,12.6518378652069,7.61807830798248,4.37349852057672,2.38877676446486,1.54744793202086,1.2393150883683,1.13705943520101,0.7602971719,0.930479542265273,0.937435798309979,0.945612665156151,0.941068737841724,0.924898078957277,0.893526899297843,0.859411502734478,0.814793796033663,0.747306388094478,0.666643856221578,0.552261319633632,0.381394564113775,0.179935751180488,0.0266316923725025,-0.0279994066491127,-0.0120109222671942,7.60845045275987,0.3,0.7,11.291252394411,31.9093022424977,14.5066020604626,3.74798340648755,1787.71148161692,-1.77635683940025e-15,0.3,1,2,1.086138817,100,-0.039416945,1046.688645,0.007554531,-154.5294282,0.007664857,-201.2858369,0.006459375,-153.8660576,0.005450564,-119.8660443,0.005111422,-59.41796454,0.004888883,-34.6431509,0.003986077,-21.29729267,0.003056807,-12.83620284,0.001952054,-10.08786553,0.000124032,-6.532635693,-0.00312532,-4.281607832,-0.007837542,-2.707846719,-0.011856119,-1.207749976,-0.011343348,-0.430003954,-0.001754405,-0.1202056,100,0.183326638,92.32755372,0.011891301,-23.77700611,0.012148724,-6.530034022,0.009335945,-17.73856121,0.006982074,-20.95565232,0.006190716,-11.25423114,0.005671363,-7.487300754,0.003564596,-5.270710484,0.001395889,-3.623853564,-0.001182717,-3.73787608,-0.005449287,-3.77276717,-0.013033787,-2.495692454,-0.024035627,-1.601428505,-0.033423828,-0.725732191,-0.03223839,-0.261703458,-0.00987018,-0.069037553,INSEE20
0.999201100004965,0.99894900000589,0.9984177000069,0.997499600010505,0.995633400017744,0.992928000032689,0.988823400037651,0.9825352000666,0.973275500101007,0.955727200158588,0.924354500154249,0.860054901228694,0.706900998811492,0.475543192940749,0.280885408102888,0.182826800014415,1251.721117,951.4747862,631.99140493808,399.936010306229,229.01112998155,141.402715012664,89.4726481319471,57.2580275297922,37.4188478448598,22.5872318775334,13.2195569743987,7.14565930696054,3.41181647128346,1.90673441016892,1.39059893430723,1.22373077603679,0.3275441178,0.278519118840633,0.289565548319405,0.301526121541171,0.308946921355941,0.30723451304514,0.304188715799662,0.303420088383738,0.317418476852858,0.313301404851334,0.299480958662908,0.272859524886441,0.219797212675751,0.133411141606377,0.0442757113600099,-0.000722602915689511,-0.00405365446693134,3.4412210792779,0.995207700035668,0.993759700042608,0.992647600044338,0.990231900055803,0.985464900078365,0.979749100110498,0.97229120013987,0.962417200193784,0.949751900245191,0.927400800261182,0.879296200358413,0.787429700165937,0.59719125653519,0.363096030026061,0.198786506105067,0.125249499392663,208.6680717,160.2487059956,136.010010339576,102.374054315991,68.7989762631997,49.3805213596646,36.0896177294795,26.6079163877063,19.9012500017997,13.7742564623362,8.28474330990278,4.70432604982283,2.48256186216518,1.57009533817557,1.24810678438044,1.14318311160093,0.7642696082,0.932275030559532,0.936001182638267,0.942048198435376,0.944941246196047,0.933235393880863,0.910810077395395,0.872411194138972,0.828095918496486,0.772030360509587,0.688020808113395,0.575070422408293,0.414418285162488,0.198063213336339,0.0290618651859144,-0.0280967212749029,-0.0180031974687071,7.66292499927191,0.3,0.7,11.4363874933697,32.4968474206097,14.7113662045121,3.90891473263261,1938.23593017816,-1.77635683940025e-15,0.3,1,2,1.091813726,100,-0.047037871,1153.721117,0.007550323,-170.3200859,0.00766607,-221.5927776,0.006498554,-168.2458079,0.005507446,-130.8067581,0.005191835,-64.71346729,0.004999776,-37.73895141,0.00415365,-23.19447671,0.003272965,-14.0241816,0.002365215,-11.03613154,0.000717069,-7.097682165,-0.00249756,-4.723000694,-0.007681262,-3.047714553,-0.012358179,-1.283607612,-0.011772551,-0.441398998,-0.003793803,-0.124173302,100,0.175972536,110.6680717,0.011881468,-26.27229665,0.01215154,-7.36965316,0.009427346,-19.48163373,0.00711478,-22.9647602,0.006378328,-12.31600727,0.005930103,-8.197762166,0.003955609,-5.768870118,0.001900301,-3.977252284,-0.000218558,-4.103735362,-0.004065295,-4.114057798,-0.011568539,-2.761390692,-0.023670445,-1.803466688,-0.034594853,-0.770905891,-0.033239373,-0.268392189,-0.014628191,-0.071345675,INSEE20
0.999269100004051,0.999037600005409,0.998547900006572,0.99770360000889,0.995988100016699,0.993505400026843,0.989741200050571,0.983982900051167,0.975488100082098,0.959352600108905,0.930694600282621,0.87094089970365,0.720448003460304,0.487967973946839,0.291303050042397,0.190079902031803,1368.176221,1039.06899466,688.657806176,435.464204839318,249.258456200104,153.974070801919,97.4772878724105,62.4332743593082,40.7965110391964,24.6018195179626,14.4288900889828,7.74838810391073,3.57715205882133,1.95300216085779,1.41104029496554,1.23468968862108,0.3264305952,0.277877066805916,0.285781062248372,0.296771441754297,0.307279259630037,0.31315394873463,0.310324180578928,0.305885840210109,0.302427707244341,0.312423774800265,0.302067202464318,0.278083851850567,0.232951428725516,0.148272630176471,0.0504079332533671,-0.000709015745597952,-0.0042863831787566,3.42737103632385,0.995627800032365,0.994301400037895,0.993276500039549,0.991063400050626,0.98669650007128,0.981464100096166,0.974632000133309,0.965583600165624,0.953941300216055,0.933326700278642,0.889069100360612,0.802548500099496,0.612639979588461,0.374459167163718,0.206698508885527,0.13006720557363,228.717808,175.481697256,148.732059198688,111.899380082784,75.1681888196714,53.9493631179357,39.4197414064713,29.0559151938899,21.7114247689522,14.9985076527637,9.01462081008943,5.06453483170472,2.58157119482637,1.59861649092188,1.26055478441206,1.14951408369283,0.7616713888,0.935878213983883,0.938348945726055,0.941266195584538,0.942293388480808,0.938434658762513,0.920879575346042,0.891729387250257,0.843936485880945,0.788888112177325,0.71639618916252,0.602169493341633,0.443067331291261,0.225168239447345,0.0357428454566295,-0.0306651293587956,-0.0189879282742568,7.71118191503562,0.3,0.7,11.5768250562569,33.0684264201294,14.9213599178115,4.08099057558981,2102.70891822805,0,0.3,1,2,1.088101984,100,-0.049405376,1270.176221,0.007554667,-187.6177,0.007664073,-243.7874843,0.006507074,-183.887372,0.005556075,-142.6788339,0.00526243,-70.45683658,0.00509692,-41.09737284,0.00430679,-25.24992081,0.003488148,-15.31635594,0.002636528,-12.06865137,0.00125728,-7.706597151,-0.001722743,-5.206777731,-0.007102239,-3.425594062,-0.013034827,-1.390577981,-0.013145417,-0.457559427,-0.004154272,-0.128097267,100,0.175271215,130.717808,0.011891591,-29.01301301,0.012146868,-8.311672677,0.009447211,-21.39043005,0.007228228,-25.15838441,0.006543038,-13.47363362,0.006156764,-8.973169526,0.004312947,-6.311910181,0.00240244,-4.364333291,0.000414615,-4.504717349,-0.002804589,-4.484150523,-0.009760199,-3.054513612,-0.022318737,-2.028668334,-0.036173121,-0.834294134,-0.036442236,-0.278138647,-0.015468828,-0.073630565,INSEE20
0.999331100003848,0.99911830000427,0.998666800006164,0.997890200009164,0.996312500012747,0.994033200025952,0.990580000040723,0.985305400080463,0.977510000054601,0.962670300082601,0.936498500182189,0.88100390014641,0.733422297417913,0.500254993343758,0.303879367492908,0.199849538965479,1494.991778,1134.17262098,750.0750079668,473.97857645248,271.186440642532,167.594020346102,106.157112565881,68.0522097349623,44.464206232122,26.7883213184125,15.7476594726033,8.40363674620311,3.75125147483252,2.00101976264491,1.43653247264063,1.24976492106623,0.3239479521,0.280592723079291,0.285178644918325,0.29303617756976,0.302601312818091,0.311622528973458,0.316444644107584,0.312324850890898,0.305408524134531,0.298709951551967,0.302644127690473,0.282731618256018,0.24121483012379,0.161651642728523,0.0592969299389813,-0.00025056729696063,-0.00539842964346226,3.43386237519259,0.996010100027693,0.994794500034543,0.993849800034964,0.991821900044768,0.987820900065339,0.983030700088044,0.976772100115308,0.968481400160999,0.957781700181515,0.938775200242247,0.898099100429958,0.816738200140866,0.627654083587172,0.385817471492571,0.216589118704366,0.136997204856169,250.6328479,192.10450488,162.59633832788,122.277790684714,82.1078733311287,58.929949963278,43.051674915577,31.7272975323419,23.6864108600121,16.3332505785731,9.8134560187084,5.45667454688764,2.68566758207063,1.62818028292984,1.27646934510344,1.15874479372381,0.7558785549,0.93965632317854,0.942470056429141,0.944200868626577,0.942311715148729,0.93703239545432,0.927727791861403,0.903879169401424,0.865621254114589,0.807951749641037,0.73736547262751,0.634919376400493,0.475244023687001,0.251279783798592,0.0480959424151735,-0.0332282681407889,-0.0220454676842524,7.75340643028764,0.3,0.7,11.7402002063058,33.7371087803713,15.1301182038008,4.2401827160941,2288.91009966392,0,0.3,1,2,1.079826507,100,-0.045599284,1396.991778,0.007569007,-206.6400756,0.007670098,-268.2126068,0.006511377,-200.9060736,0.005576043,-155.5684801,0.005324505,-76.67926673,0.005184224,-44.73747682,0.004422088,-27.47553238,0.003695322,-16.72040264,0.002919567,-13.1922595,0.001599304,-8.362123655,-0.00097977,-5.736675541,-0.006177749,-3.842168867,-0.013055365,-1.504589255,-0.014934552,-0.477409645,-0.00526366,-0.133054568,100,0.181315114,152.6328479,0.011925038,-32.03894696,0.012160912,-9.375724983,0.009457239,-23.47962733,0.007274807,-27.55351915,0.006687864,-14.73487508,0.006360467,-9.81870094,0.004581982,-6.904049046,0.002885881,-4.78838603,0.001075134,-4.943945695,-0.002006339,-4.885081481,-0.0080262,-3.377653847,-0.020160977,-2.277576553,-0.036220369,-0.901759488,-0.040616261,-0.290174816,-0.01805694,-0.076598895,INSEE20
0.999387600003082,0.999192000004174,0.998775500004561,0.998060900008674,0.996609400015466,0.994516100018804,0.991347000040712,0.986513900063244,0.979358000120197,0.96570680003116,0.941810400130737,0.890301199915984,0.745840599275976,0.512354776424236,0.316518299435644,0.211702231823928,1632.91966,1237.62376284,816.6598610604,515.703161707464,294.93305052343,182.351975749681,115.56685552918,74.1504215845631,48.4449182102631,29.1602999174796,17.1852014350442,9.11586996915126,3.93453870727905,2.05067039033587,1.46309679139201,1.26855610818782,0.3226945422,0.284799804316087,0.28793602947655,0.292484231750678,0.298940262845008,0.307075936480931,0.315124069675667,0.318726754572977,0.312263331162128,0.302372598443421,0.290764435698192,0.285401266671075,0.248539867378258,0.171675412880662,0.0684883464571651,0.00192098056412892,-0.00669601175877741,3.44373209742469,0.996358100025542,0.995243800029205,0.994372700032295,0.992514000039826,0.988847600057919,0.984461900081442,0.978728200106791,0.971132900138259,0.961300700181115,0.943781400192425,0.906432000373016,0.83003340034535,0.642230985309805,0.397119873183648,0.226629921509611,0.145706808057655,274.581949,210.251881712,177.7051161624,133.582687681322,89.6667981810199,64.3579330845062,47.0105961840124,34.6415123002654,25.8402606766951,17.7877072618119,10.6874145010016,5.88350888133423,2.79509181594989,1.65870432942921,1.29304197227125,1.17055830320137,0.7529539318,0.940544930074737,0.946740597220692,0.948871184121042,0.945961888545132,0.938143652600331,0.927904452708637,0.9127229375918,0.880219206558252,0.832282688479126,0.760226850555338,0.661098878654878,0.5115450127159,0.280323719167545,0.0623073198223725,-0.0329134802190416,-0.0258338218574994,7.78709125748287,0.3,0.7,11.9106771046119,34.4391221765294,15.3456118073534,4.41150406365274,2499.55230766577,1.77635683940025e-15,0.3,1,2,1.075648474,100,-0.038931459,1534.91966,0.007590705,-227.4681796,0.007685787,-294.8293075,0.006522333,-219.3703461,0.005590466,-169.5659544,0.00536093,-83.41073608,0.005263019,-48.67528441,0.004527969,-29.88354873,0.003832712,-18.24624733,0.003205237,-14.41462219,0.001975495,-9.067353457,-0.000547791,-6.316836314,-0.005236922,-4.301025304,-0.012378695,-1.625556055,-0.016098133,-0.497902576,-0.006645936,-0.139245715,100,0.187682255,176.581949,0.011975655,-35.36830923,0.012197507,-10.55729862,0.009482789,-25.76172388,0.007308446,-30.16543669,0.006772841,-16.10778278,0.006544314,-10.74075478,0.004829043,-7.549129117,0.003206492,-5.252490905,0.001741785,-5.424975381,-0.001128389,-5.319171066,-0.007017896,-3.733678017,-0.017965133,-2.55244924,-0.034640811,-0.973249901,-0.043330538,-0.302574705,-0.021281642,-0.080381655,INSEE20
0.99943910000293,0.99925920000321,0.998875000004838,0.998217000005663,0.996881100014151,0.994957800025594,0.992048400026808,0.987618300065522,0.981047400091141,0.968486200199883,0.946671900020683,0.898886899824713,0.757719698206412,0.524262384130702,0.329157368970759,0.22375696978696,1782.848993,1349.8920083,888.8888893832,560.852495639192,320.625862073315,198.326127802962,125.760853124688,80.7643539485964,52.7632093128719,31.7321301360578,18.75183994213,9.88991530834334,4.12745069476824,2.10199819013347,1.49066238152915,1.28825625856417,0.3230515746,0.286832822063351,0.291793400075388,0.294509207809769,0.297862887579427,0.303641247994429,0.311231005758638,0.319016676113592,0.318744859708288,0.309042106517812,0.292974878459903,0.276525891528702,0.2543007161748,0.180174896629371,0.0738887627840097,0.00565324595178111,-0.00774276012728352,3.45081415844124,0.996674600022679,0.995652800027067,0.994849500026568,0.993145400037061,0.98978510005142,0.985769000073407,0.980516300099409,0.973558100129307,0.964524000153219,0.94837860020566,0.914113700281407,0.842470900251059,0.656369384900565,0.408358575984497,0.236769321574473,0.154645610028818,300.7157034,230.03312479,194.15590714776,145.887433289152,97.8962104376959,70.2691307773995,51.324953682816,37.8187649103322,28.1880707992601,19.3718109161612,11.6433004935756,6.34803347498161,2.91009325470755,1.69021273563089,1.31021982884063,1.18293581882582,0.7537870074,0.93929751389501,0.947190841305784,0.951837095888528,0.949905498474502,0.943010156234111,0.931455109788266,0.917875392870601,0.890710862406236,0.847942737577313,0.782022978088745,0.689611705886153,0.543479217214406,0.310660430546849,0.0727356838061838,-0.0290374429991815,-0.0295848041447853,7.81696709540823,0.3,0.7,12.0834739129255,35.155096816112,15.5444014038607,4.57264824389478,2729.03567044954,0,0.3,1,2,1.076838582,100,-0.035664102,1684.848993,0.007223714,-250.3692585,0.006925756,-323.9823982,0.005945812,-239.4741682,0.005714572,-184.7632364,0.005839043,-90.70826171,0.006619375,-52.94408311,0.004316486,-32.49116447,0.003224515,-19.90420384,0.000971604,-15.74388971,0.002680922,-9.825253977,0.000207626,-6.951582098,-0.005196227,-4.806101875,-0.014069955,-1.753849743,-0.016024569,-0.518994601,-0.008149436,-0.145578597,100,0.189085765,202.7157034,0.011119331,-39.05718523,0.010424092,-11.89093693,0.008137564,-28.26358055,0.007598013,-33.01482349,0.007888427,-17.60433144,0.009709138,-11.74582074,0.004335589,-8.25161935,0.001787398,-5.760611255,-0.003469943,-5.951644547,0.000517761,-5.788652623,-0.005254933,-4.125632736,-0.017869627,-2.855745449,-0.038586436,-1.048977244,-0.043158146,-0.315310414,-0.024789086,-0.084245314,INSEE20
0.999486100002423,0.999320600003142,0.998965900003381,0.998359900006839,0.997129900007867,0.995362200023692,0.992690100042264,0.988628000039784,0.982592400098441,0.971031100136121,0.951120700425128,0.906811999552915,0.769077097730359,0.535973181667229,0.341780584233152,0.235953329672189,1945.903872,1471.88695934,967.024465434,609.718920095536,348.419915526408,215.619475131848,136.800777336902,87.9352796021941,57.4461730396245,34.5197781466144,20.4585582033367,10.7309953262874,4.33044964417647,2.15504698187287,1.5192500263308,1.30882048689857,0.3230515746,0.287495079972753,0.293687068309688,0.297330317501715,0.298857381893912,0.30244836002357,0.308521145101563,0.316991530301591,0.320051017355859,0.314091897909231,0.297923854443203,0.278253248849965,0.2510054313575,0.186612864913644,0.077715921867417,0.00849644075448918,-0.00800708181636906,3.45260790840109,0.996962800020183,0.996025900024401,0.99528450002507,0.99372170002992,0.990640900048467,0.986963100063995,0.982150400089985,0.975776100121519,0.967475600144764,0.952598600166567,0.921187900336114,0.854089100044522,0.670069880789206,0.419525880663102,0.246996423724605,0.16376980933831,329.2506256,251.629299742,212.0665889242,159.278785614805,106.847880703369,76.705351728942,56.0236644018515,41.2815442631597,30.7461475031255,21.0964233032749,12.6884069838379,6.85349757070412,3.03093585348198,1.7227294546134,1.32801489591828,1.19584295926382,0.7537870074,0.938897119102687,0.945967228768029,0.950261749902804,0.950947622366327,0.947333423846979,0.938812967769967,0.926786564958279,0.899498875638544,0.856614418987986,0.795215755518128,0.711225384205789,0.580931859281576,0.33680168050926,0.082037944032842,-0.0254692104909545,-0.0318982640862855,7.84333481359987,0.3,0.7,12.2500220240651,35.8493464061732,15.7122781810517,4.71155214623742,2974.98848308703,1.77635683940025e-15,0.3,1,2,1.076838582,100,-0.035375295,1847.903872,0.007066732,-275.3050538,0.005865185,-355.8697027,0.004873284,-261.3921915,0.005514477,-201.2155302,0.006410917,-98.5938697,0.008235309,-57.55882791,0.00498431,-35.31035646,0.001388082,-21.70289383,-0.001379161,-17.18816698,0.000902164,-10.63892933,0.00243993,-7.645807817,-0.006075797,-5.361667358,-0.016742999,-1.889854699,-0.01582459,-0.5407082,-0.009272035,-0.152028647,100,0.187616755,231.2506256,0.010753029,-43.07208959,0.007949415,-13.36587337,0.005634989,-30.99400339,0.007131115,-36.12180392,0.009222789,-19.2329345,0.013479647,-12.84008376,0.005893852,-9.016910346,-0.002497585,-6.316242109,-0.008954991,-6.52788608,-0.003632534,-6.295967714,-4.59354e-05,-4.556936913,-0.019921439,-3.190136952,-0.044822907,-1.129161935,-0.042690789,-0.328393585,-0.027407751,-0.088172473,INSEE20
0.999529100000098,0.999376700002542,0.999049100003513,0.998490700004191,0.997357800011887,0.995732500010877,0.993277400039784,0.989551500072173,0.984005600052047,0.973361400165297,0.9551919002818,0.91412480082817,0.779930496193008,0.547483280799446,0.354373080785361,0.248270248045955,2123.59312,1604.36386936,1051.6352931532,662.55880182532,378.472485593625,234.32923241588,148.751971339211,95.7075181301644,62.5218826301502,37.539510438832,22.3173935436821,11.6448055652699,4.54401896976164,2.20986217529294,1.54888190923541,1.33026519880418,0.3230515746,0.288563241396596,0.294366484816323,0.299248547513342,0.301715945050014,0.303514099324489,0.307456567026619,0.314501171396025,0.318370974631612,0.315867720297641,0.303613743170643,0.284263539111374,0.254763011971732,0.186966297662983,0.0832760449478026,0.0107367211800637,-0.0072677375136158,3.45573950986643,0.997225200018129,0.996365600021497,0.995681300022457,0.994247700028777,0.991422800037442,0.988053900061853,0.98364380007684,0.977804100110823,0.970177700138194,0.956470600161471,0.927696900263621,0.86492770024111,0.68333417364961,0.43061488215329,0.25730062920761,0.173067711307281,360.3863342,275.148580258,231.55116125716,173.843506095716,116.588163922509,83.7093277593015,61.1388953343631,45.0533657178145,33.5319542788965,22.972979177063,13.8306656192094,7.40344245316118,3.15789339829003,1.75628028341234,1.34643976052113,1.20928883499991,0.7537870074,0.938061371516339,0.94591886308457,0.949455918324489,0.949930688586821,0.949178690519928,0.944205875794253,0.935535116904939,0.910229947000009,0.867745516537941,0.807054543410452,0.72891032813994,0.607403469125142,0.369342979695458,0.0964736876244601,-0.0224281002141688,-0.0315791877461009,7.8663354971158,0.3,0.7,12.4158451516591,36.5446046444156,15.8822346622881,4.85514257740175,3242.74955516479,0,0.3,1,2,1.076838582,100,-0.034322317,2025.59312,0.007066729,-302.6219252,0.005865181,-390.813927,0.004873279,-285.1251743,0.005514468,-219.0520561,0.006410902,-107.1222848,0.008235285,-62.55511429,0.004984272,-38.35724366,0.001388023,-23.65469138,-0.001379258,-18.75773914,0.000901994,-11.51198904,0.002439627,-8.404581474,-0.006076231,-5.97235645,-0.016743446,-2.033978476,-0.015825072,-0.563064133,-0.009272501,-0.158599827,100,0.186563766,262.3863342,0.010753015,-47.51703283,0.007949398,-15.04555249,0.005634967,-33.98175105,0.007131082,-39.50504598,0.009222743,-21.00159533,0.013479585,-14.03234936,0.005893767,-9.849825396,-0.002497698,-6.923959099,-0.008955153,-7.158245376,-0.003632804,-6.843829218,-4.63792e-05,-5.031196391,-0.019921962,-3.558534221,-0.044823334,-1.214036853,-0.042691179,-0.341835105,-0.0274081,-0.092165763,INSEE20
0.999568200000053,0.999427900002499,0.999125300002665,0.998610600004699,0.99756670000557,0.996071600020035,0.993815100014264,0.990396300068338,0.985298600117092,0.97549610006666,0.958917500358997,0.920870500447117,0.790297703474856,0.558789475281718,0.366920881115519,0.260687442821327,2315.886985,1747.9461637,1143.2491136728,719.735137690136,410.964533488813,254.556562981753,161.684101447562,104.126534932427,68.0207330175611,40.8098302475472,24.3412646300554,12.6375119628085,4.76866499096452,2.26649074036641,1.57958115478708,1.35260778505071,0.3230515746,0.289745860613552,0.295450106928967,0.299951749726946,0.303670165681834,0.306433210183589,0.308629740908923,0.313624921521357,0.316199342929392,0.314666790931535,0.306074099495933,0.290911226290836,0.262291699072895,0.192620797338738,0.0856170370434556,0.013685235603773,-0.00660736356942532,3.46367612021437,0.997464300015995,0.996675100019245,0.996043500019936,0.994728000025726,0.992136900037798,0.989050400046141,0.985008700077773,0.979658700095401,0.972651100127127,0.960022400159869,0.933681600270537,0.875026600078505,0.696164700086067,0.441618881633693,0.267671329732066,0.182527816656613,394.368419,300.760925186,252.74864150284,189.681335382017,127.176304533802,91.3275370340585,66.7053558041155,49.1610663976759,36.5645419074582,25.0140078473186,15.0787714975217,8.00170275282522,3.29125681009796,1.79089123232423,1.3655070467441,1.22328319231071,0.7537870074,0.937090428225532,0.945405083287865,0.94978310631181,0.949629310072833,0.948913995120242,0.947062409023817,0.94224178372114,0.920663763107308,0.880586995577378,0.821017773990469,0.745068946265548,0.630407940600071,0.395137079646535,0.114220826675705,-0.017868832472248,-0.0312900349730365,7.88371993413269,0.3,0.7,12.5863570956555,37.2636836807068,16.0478737768833,4.99654021751816,3534.1136420942,-3.5527136788005e-15,0.3,1,2,1.076838582,100,-0.033153589,2217.886985,0.007066727,-333.1750939,0.005865178,-429.0274783,0.004873274,-310.8674496,0.005514459,-238.3430923,0.006410888,-116.3464729,0.008235262,-67.95854632,0.004984237,-41.65039698,0.001387969,-25.77263475,-0.001379347,-20.46161473,0.000901838,-12.4474556,0.002439348,-9.23353371,-0.006076645,-6.643244463,-0.016743885,-2.18664785,-0.015825553,-0.586083777,-0.009272972,-0.165296486,100,0.185395029,296.368419,0.010753002,-52.41768233,0.007949383,-16.89696715,0.005634947,-37.23880265,0.007131052,-43.19033144,0.009222702,-22.92886361,0.013479528,-15.3297854,0.00589369,-10.75505103,-0.002497801,-7.587756496,-0.008955301,-7.847307346,-0.003633052,-7.434748096,-4.67932e-05,-5.552349554,-0.019922468,-3.964116794,-0.044823757,-1.303844298,-0.042691573,-0.355647631,-0.027408455,-0.096227773,INSEE20
0.999603899999967,0.999474600002111,0.999195000002855,0.998720500003238,0.997758200007427,0.996382400006829,0.994307500034205,0.991169500019056,0.986482100112318,0.977451700220128,0.962326900128625,0.927091300713865,0.800196801424613,0.569889304973353,0.379410572850551,0.273184741856162,2524.614996,1903.3117627,1242.236025326,781.555294699344,446.070122436333,276.426359719037,175.669741392118,113.243870528611,73.9759877537787,44.3492416972099,26.5441388925962,13.7157843574543,5.00492488155233,2.32498184314523,1.61137104855908,1.37586532669134,0.3230515746,0.291442206930105,0.296646822007419,0.301056851721224,0.304408265767285,0.308445696069372,0.311640292966843,0.314956138828778,0.315597165883975,0.312938689946274,0.305576798374203,0.294401506413271,0.270330656540127,0.201211486417827,0.0908901572732596,0.0155886466704848,-0.00570587692604504,3.47717808545221,0.997681800013747,0.996957400016921,0.996374000017807,0.995166600022802,0.992789300033518,0.989960900047722,0.986256200054668,0.981354200099155,0.974914800107839,0.963279400148988,0.939180200282435,0.884425600157337,0.708567599236426,0.452531586785371,0.278098627390911,0.192138416242411,431.3691657,328.66627229,275.78599011228,206.893698042783,138.682790874376,99.6105228731256,72.7600808633773,53.6313808280332,39.8641429967224,27.2326704963091,16.4420139523722,8.65243513657131,3.43132746176872,1.826589110896,1.38523071767775,1.23783578780921,0.7537870074,0.935586933697393,0.944727686278759,0.949613957094684,0.950410778799767,0.949293304880693,0.947746430483057,0.946344188405074,0.928968980015824,0.892986727033503,0.836427805043762,0.762935908069975,0.651907967974817,0.418944795899724,0.129675817205506,-0.0121183284406183,-0.0306703749773622,7.89507526444018,0.3,0.7,12.7623213629814,38.0101459732344,16.209046664349,5.13532238251871,3852.1137171681,0,0.3,1,2,1.076838582,100,-0.031469874,2426.614996,0.007066725,-366.2574826,0.005865175,-470.7512151,0.004873269,-338.8288367,0.005514451,-259.2703125,0.006410875,-126.3188831,0.008235242,-73.79569033,0.004984204,-45.20654889,0.00138792,-28.06801648,-0.001379429,-22.31107666,0.000901696,-13.44949475,0.00243909,-10.13865498,-0.006077041,-7.379836842,-0.016744317,-2.348309848,-0.015826032,-0.609789877,-0.009273446,-0.172124205,100,0.183711304,333.3691657,0.01075299,-57.81477833,0.007949369,-18.95971657,0.005634929,-40.79997063,0.007131025,-47.2049178,0.009222664,-25.02225557,0.013479476,-16.74090543,0.005893619,-11.73986786,-0.002497895,-8.313702073,-0.008955436,-8.600580573,-0.003633281,-8.071713738,-4.71789e-05,-6.124760931,-0.019922959,-4.410341236,-0.044824178,-1.398842563,-0.042691969,-0.36984269,-0.027408816,-0.100361118,INSEE20
0.999636500000018,0.999517400001801,0.999258900002399,0.998821100004006,0.997933700004122,0.996667100011858,0.994758700007863,0.991877200059801,0.987565600018708,0.979243900216687,0.965447200497108,0.932826800056707,0.809645203400457,0.580780797150348,0.391829833419432,0.285743130665332,2751.031637,2072.10940718,1349.345567646,848.24836761948,483.956830705357,300.039005287607,190.792360384656,123.110258044275,80.4220547980389,48.1786080887031,28.9412148932657,14.8868893847443,5.25334805230518,2.38538582592129,1.64427635728233,1.4000564045879,0.3230515746,0.29328683887129,0.298355807195199,0.30227319431655,0.305544914480421,0.309240287319348,0.313740725921378,0.318101503609789,0.317159093650852,0.312718829990719,0.304502950552645,0.294966339130677,0.2753759285128,0.210240307690425,0.0979235331473105,0.0186581776375241,-0.00501534258343669,3.49423099941912,0.997880000012339,0.997214700014544,0.996675700015601,0.995567100020468,0.993385300029785,0.990792900042963,0.987396500058781,0.982904400064859,0.976986300116934,0.966265800122897,0.94422940026924,0.893164200252032,0.720547299631331,0.463347285867549,0.288572434125484,0.201887813207291,471.6981132,359.027752816,300.8152092442,225.585959570034,151.178435931928,108.611832196889,79.3430396456631,58.4945833561098,43.4523783994725,29.6435071787879,17.9305942613829,9.36015830232477,3.57842310583989,1.86340217553335,1.40562441067808,1.25295665732419,0.7537870074,0.933917775369808,0.943493296908756,0.949251460705134,0.950659005016115,0.950688651828932,0.948985883508968,0.948200221143595,0.934592398030746,0.903167625458511,0.851240157757841,0.781922942462798,0.674712510476371,0.441997431791013,0.144761159263975,-0.00662970022935404,-0.0297375794340858,7.90195974649078,0.3,0.7,12.942713378612,38.7799834602791,16.3651349115026,5.27080527162573,4199.29888562276,1.77635683940025e-15,0.3,1,2,1.076838582,100,-0.029636775,2653.031637,0.007066724,-402.0132889,0.005865173,-515.8999598,0.004873265,-369.1429372,0.005514444,-281.9673581,0.006410863,-137.1097147,0.008235223,-80.10547214,0.004984175,-49.04608852,0.001387875,-30.55693832,-0.001379504,-24.31785991,0.000901566,-14.52104197,0.002438853,-11.12636673,-0.006077419,-8.188120618,-0.016744741,-2.519440558,-0.015826509,-0.634205849,-0.009273923,-0.179087223,100,0.181878197,373.6981132,0.01075298,-63.71402957,0.007949357,-21.2777376,0.005634912,-44.68431074,0.007131,-51.57738815,0.009222629,-27.29730286,0.013479428,-18.27527277,0.005893554,-12.81029589,-0.002497982,-9.106374812,-0.008955561,-9.423352958,-0.003633491,-8.757422825,-4.75379e-05,-6.753015371,-0.019923432,-4.900963328,-0.044824594,-1.499298737,-0.042692367,-0.384432918,-0.027409183,-0.104569446,INSEE20
0.973436404874763,0.970539000001623,0.965744200006298,0.961176300029427,0.955116300619925,0.940183999984989,0.909499218945487,0.85988771100122,0.781753818094209,0.658329466557867,0.512809028093422,0.344799901709008,0.210284003873888,0.118657324974081,0.0591105026749442,0.031131000636637,37.64549986,33.94317912,29.19213681,25.75746258,22.27980314,16.7179349964,11.049626084672,7.13713214817855,4.58198126301498,2.92679557875468,2.05258307497959,1.52625129347999,1.26627752601038,1.13462803749019,1.06282406454038,1.03213127924955,0.2522852124,0.0592788505108232,0.0529788315263615,0.0516187991809102,0.0480152225133509,0.042674493190698,0.0407094252183056,0.0361254806344777,0.0316353121871109,0.0252264559898656,0.0186772111554823,0.0112496894086261,0.00531388564243535,0.00164097968469545,0.000304585058292062,3.26525318881665e-05,2.01287823792251e-06,0.751657247757596,0.939491000019456,0.931619200148016,0.925826700715022,0.916842509905461,0.905218099976406,0.883457900039542,0.843435236949881,0.785066520379141,0.701200501908016,0.582111699569906,0.433853272111351,0.278824341886696,0.164751615202972,0.0914522727890728,0.0448453010253704,0.0234374042852502,16.52646714,14.62398802,13.48194027,12.02537354,10.5505376,8.58059018639999,6.387123554672,4.65260184817856,3.34672581301498,2.39298395875468,1.76632258497959,1.38662464347999,1.19724704601039,1.10064773749018,1.04695082454037,1.02399989924956,0.5886654956,0.138317317858587,0.123617274894843,0.120443865422124,0.112035520531152,0.0995738157782948,0.0949886588427129,0.0842927891471142,0.0738157284365917,0.0588617313096862,0.0435801576961252,0.026249274286794,0.0123990668323489,0.00382895393095584,0.000710697469347821,7.6189241072e-05,4.69538255498669e-06,1.32486257678101,0.3,0.7,3.24556924727402,5.37545885915072,2.25923033237187,0.208158238498408,102.937051194269,0,0.3,1,2,0.840950708,100,-0.237659925,-60.35450014,-0.24086812,-62.09682088,-0.23910608,-64.92706319,-0.239557717,-66.47935342,-0.241717051,-68.11227654,-0.240471711,-71.86630309,-0.24181671,-75.76292724,-0.243039903,-77.93917011,-0.246154295,-78.79279495,-0.249382162,-78.78048511,-0.253462002,-78.020552,-0.256024465,-76.94542108,-0.256299052,-75.6359614,-0.254212866,-74.22956611,-0.25103871,-72.7940862,-0.247600544,-71.34764078,100,-0.554539825,-81.47353286,-0.562025612,-81.41601198,-0.557914186,-80.63725973,-0.558968005,-80.21144246,-0.564006454,-79.84154208,-0.561100659,-80.0036479,-0.564238989,-80.42542977,-0.567093107,-80.42370041,-0.574360021,-80.0280504,-0.581891713,-79.31429673,-0.591411339,-78.30681249,-0.597390418,-77.08504773,-0.59803112,-75.70499188,-0.593163355,-74.26354641,-0.58575699,-72.80995944,-0.577734604,-71.35577216,INSEE21
0.974250899998791,0.971050702827941,0.966497808579101,0.96060350176663,0.953428799997687,0.938990908940442,0.907364226102163,0.855505422354817,0.777190539425623,0.653229715740918,0.507151509662807,0.340206902132967,0.202952405585477,0.104123564627982,0.0518962985273525,0.0269183031357435,38.83630884,34.5431495778,29.8487860516,25.3829654958,21.4724980234,16.3909974132,10.794962634472,6.92066906697856,4.48813897521498,2.88375330475468,2.02902109317958,1.51562664248,1.25463021261039,1.11622528649018,1.05473693974038,1.02766294224957,0.2512048092,0.058626292161722,0.05666953529602,0.0510325992696945,0.0491409534086693,0.0449400987003943,0.0398043877053626,0.0367541314397686,0.0316798898515999,0.0259442070888762,0.0185558133149537,0.0115651525001385,0.00532686380235115,0.00163190114901927,0.000307461259722774,3.2879075902921e-05,2.36708599099832e-06,0.757578693365704,0.940730611341604,0.932728204979504,0.926524000597335,0.915284209720587,0.901399100016695,0.880705633764917,0.839248473866308,0.778419779240567,0.695314942098422,0.576616011674913,0.428372303652876,0.275077599402946,0.159037699960351,0.0800507185687133,0.0395277962597335,0.0203578006828232,16.87211276,14.8650697642,13.6098862216,11.8041734866,10.1418952582,8.382623155,6.22077789167199,4.51303454257856,3.28207713121499,2.36192203575468,1.74939037757959,1.37945799228,1.18911394461039,1.08701642209018,1.04115454374037,1.02078085304957,0.5861445548,0.136794680138193,0.132228917030036,0.119076066767275,0.114662224876335,0.104860232025077,0.0928769051864166,0.085759657978555,0.0739197446687776,0.0605364808284439,0.0432968944523086,0.0269854100155926,0.0124293506280187,0.00380778028763909,0.000717429539390566,7.6717841950872e-05,5.52318804519086e-06,1.3352765883274,0.3,0.7,2.4500424600347,3.59718108644549,2.27739791256224,0.211222232058345,102.930168581879,0,0.3,1,2,0.837349364,100,-0.186957318,-59.16369116,-0.000862901,-2.349440285,-0.0001314,-3.415529486,-0.000473813,-3.225328578,-0.000920023,-3.769815305,-0.000317488,-5.443209664,-0.000271059,-5.588613662,0.000616033,-3.907964496,0.001213181,-2.50625053,0.001948494,-1.606588333,0.00198731,-0.839238574,0.001447972,-0.495904771,0.000514476,-0.241096055,0.000112747,-0.124726689,1.48749e-05,-0.057198537,1.35058e-06,-0.013904641,100,-0.416251255,-81.12788724,0.003369848,-1.330868033,0.004627893,-0.721622038,0.004234169,-1.408127978,0.003443651,-1.642970811,0.004907631,-1.956903693,0.005642876,-2.188200491,0.007744298,-1.746346541,0.008776855,-1.27747268,0.009032792,-0.917869261,0.008078016,-0.595733902,0.005110414,-0.351538141,0.001765014,-0.169778206,0.000367263,-0.086285683,4.48464e-05,-0.037480239,3.73751e-06,-0.005230955,INSEE21
0.960919101309252,0.963560499994147,0.964076600018983,0.962424900003693,0.956305900022175,0.942098600001715,0.912940600055841,0.865348500041953,0.785928400220511,0.667295763074705,0.521659103888569,0.359734955973682,0.216027861519063,0.117518946854786,0.057058104084404,0.0293664387910884,25.58794705,27.4427475632,27.837008749244,26.613368961568,22.886385121884,17.270739566932,11.486410431936,7.42657897978255,4.67133426863899,3.00566297371068,2.09055751265959,1.56185183631599,1.2755554356304,1.13316874435818,1.06051073076037,1.03024839694558,0.251144745,0.0586093814471245,0.0568679813078364,0.0546954727767994,0.0489759793627217,0.0465539002391698,0.0419258031265564,0.0362022537457468,0.0321353347406637,0.0260723886827093,0.0191639110217901,0.0114416167357,0.00554994570476745,0.00169309582291336,0.000315013364756386,3.32503013201689e-05,1.62521993197794e-06,0.767009622924636,0.907806406419834,0.911270900013759,0.918945800489104,0.917890800003294,0.906938600037125,0.886138300025991,0.847883199957314,0.791712099862338,0.705827079298838,0.591640347499391,0.442583034971192,0.292314147433582,0.170047424360433,0.090590314338219,0.0434898973154973,0.0222164146022872,10.8467399,11.2702597008,12.337423602916,12.178903217168,10.745593771868,8.78258448803599,6.5738958459,4.80104700783855,3.39935561472699,2.44881726659069,1.79398841503959,1.413055870028,1.2048880844344,1.09961439571818,1.04546726364838,1.02271751686557,0.586004405,0.136755229371556,0.132691954456042,0.127622769201322,0.114277286667721,0.108625768309441,0.0978268761023816,0.0844719299351259,0.0749824650314133,0.0608355749843013,0.0447157911361322,0.0266971054175509,0.0129498898059934,0.00395055733588084,0.000735031548177291,7.75845086637447e-05,3.79216653525219e-06,1.35180727147764,0.3,0.7,2.4712727675301,3.64179304406678,2.30460570957874,0.214236173757124,100.932080792939,4.44089209850063e-16,0.3,1,2,0.83714915,100,-0.18612713,-72.41205295,-6.11209e-05,-10.6168351,-7.55089e-05,-6.015277837,-4.61142e-05,-2.638441369,-0.0002985,-1.988921064,-0.000272541,-3.772308496,8.51763e-05,-4.576767033,0.000691976,-3.152484402,0.001451078,-2.110921417,0.002216384,-1.392713222,0.002031008,-0.735520726,0.001615401,-0.426588835,0.000611996,-0.209758674,0.000145094,-0.096368864,1.72942e-05,-0.03339005,7.40171e-07,-0.003393804,100,-0.414648896,-87.1532601,0.005099698,-5.264410804,0.005109504,-2.230344766,0.005288843,-1.15878528,0.005269342,-0.822496245,0.005475879,-1.156472865,0.006525129,-1.641074846,0.008225451,-1.295315326,0.009438072,-1.023418237,0.009809487,-0.767618322,0.008149915,-0.52069518,0.005526808,-0.3013467,0.001973822,-0.146980748,0.000430216,-0.06571727,4.92261e-05,-0.01980883,2.23036e-06,0.002386064,INSEE21
0.915780800174138,0.926950699992236,0.946298101104891,0.954726500006618,0.952895600038412,0.940326500011025,0.911711903309846,0.863582103908553,0.782460213878918,0.661729525310679,0.513075047975742,0.34311506784986,0.199175459830733,0.105912526264473,0.0500897023507679,0.0257230038342171,11.873777,13.689385109,18.621315069936,22.0879764132591,21.2294392893366,16.7578573434463,11.3265547675934,7.33041632029728,4.5968599731869,2.95621404026621,2.05370437323647,1.5223360154064,1.24871273758967,1.11845876491779,1.05273097847102,1.02640214614517,0.2400099309,0.0554021626639412,0.055098505891539,0.054131809069202,0.0517083339178659,0.047760847023935,0.0440058162399414,0.0383320361641815,0.0332963169770202,0.0266317512232805,0.0197418465012088,0.0120694326506273,0.00566622449268478,0.00175881790214782,0.000324755838033016,3.36133653542482e-05,1.70191293850399e-06,0.759593555588024,0.799613500674926,0.821086499924607,0.875935005405642,0.900361491462903,0.900028300059175,0.883267142757604,0.846057803078419,0.789139704543031,0.701501812798948,0.585631017831217,0.434138626882012,0.277026944002796,0.155300276397469,0.0806001114636423,0.0376488988536307,0.0191859183317102,4.99035614,5.589293146,8.06029097678399,10.0362710858577,10.0028308018246,8.56656521243064,6.49594458327527,4.742476413982,3.35010394968178,2.41330794243245,1.76721719825888,1.3831771347388,1.18385253262744,1.08766598574571,1.03912178980382,1.01955142437541,0.5600231721,0.129271716049243,0.128563183951006,0.126307551306071,0.120652779720837,0.111441979386464,0.102680238668745,0.089441420751515,0.0776914080283628,0.0621408002917497,0.0460642887240372,0.0281619995521673,0.0132211826090758,0.00410391040726062,0.000757765230868603,7.84310465538814e-05,3.9709196111885e-06,1.33845315648114,0.3,0.7,2.44761957824415,3.59210030144272,2.28657970147747,0.220760492667599,92.5316480411073,0,0.3,1,2,0.800033103,100,-0.18592762,-86.126223,-0.001375179,-11.386803,-0.000693281,-8.272577542,-0.000931951,-5.192292161,0.000924829,-4.851662293,0.000147452,-5.670800076,5.62683e-05,-5.598770008,0.001968751,-3.926265903,0.001375679,-2.681187427,0.002343852,-1.621693543,0.002072404,-0.891845341,0.001550275,-0.526410347,0.000559875,-0.281902062,0.000125785,-0.131585562,1.56393e-05,-0.057774391,7.2547e-07,-0.01289837,100,-0.402706837,-93.00964386,0.003942123,-5.040511956,0.004370837,-2.98456353,0.003509014,-2.054404045,0.007799497,-1.932494351,0.006422785,-1.964116684,0.006495656,-2.110988215,0.010813959,-1.699941515,0.009216146,-1.354922118,0.010071508,-0.91806056,0.008371549,-0.632623723,0.005417241,-0.374931512,0.001901815,-0.20094222,0.000399883,-0.093124337,4.64646e-05,-0.038500318,2.24727e-06,-0.005006494,INSEE21
0.97831590005436,0.976824400001711,0.972756101044606,0.968474199995295,0.961299800006389,0.947256704690488,0.918899700325678,0.87503910061217,0.80298450290316,0.688932000729511,0.545905601157889,0.382226001756237,0.233474069512069,0.122301810119353,0.0608830171079231,0.0308175007459649,46.11673992,43.14882894,36.70546433682,31.7200515085373,25.8396597469939,18.9597541315499,12.3304106175774,8.00250318224148,5.07574277589133,3.21473118072316,2.20218527646088,1.61871493877174,1.30458208009827,1.13934367183788,1.06483004861944,1.0317974169016,0.2322511179,0.0547375935693415,0.052932439462424,0.05294098949888,0.0523430946116657,0.0508873098756514,0.0446876891195788,0.0408866024808203,0.0351519314377626,0.0273420413032195,0.0205344860951735,0.0126792128407374,0.0059869172028293,0.00185312986883465,0.000347917847255657,3.53494232637479e-05,1.53344172588827e-06,0.757141874818396,0.949461622802603,0.945148500061631,0.939751299968669,0.931510500004377,0.91745130001448,0.895631604059103,0.857395600286007,0.804925800395733,0.726425001123515,0.61504049989533,0.466364099355962,0.31223812072514,0.183897629855855,0.0940209412956333,0.0461569048697826,0.0231602981609627,19.78693429,18.2310419972,16.59786849308,14.6007782222483,12.1140611561405,9.58144419278814,7.01240635218202,5.12625452360976,3.65530475870236,2.59767585568814,1.8739368895838,1.4539816232937,1.22533462604402,1.10377821897489,1.0483904520308,1.02370941500774,0.5419192751,0.127721053101957,0.123509026870121,0.123528981229091,0.122133897276961,0.118737056229559,0.104271281715934,0.0954020711476459,0.0820211753457595,0.0637980985707992,0.0479138291237038,0.0295848150549501,0.013969466672945,0.00432396731349088,0.000811810636262007,8.24819265317701e-05,3.57876165385333e-06,1.33392722092573,0.3,0.7,2.41243124775887,3.51855389272182,2.28533122205653,0.229268636083376,100.915902125387,-4.44089209850063e-16,0.3,1,2,0.774170393,100,-0.165058893,-51.88326008,0.001577366,31.51252748,0.000801378,23.28986693,0.000662022,13.47116274,0.001614666,4.193442862,-0.000223101,-1.845096372,0.000765976,-4.092289579,0.002049071,-3.09752049,0.001288998,-2.108065218,0.00291147,-1.290191593,0.002550164,-0.694904483,0.001845713,-0.393915347,0.000724557,-0.187307215,0.000161637,-0.084394811,1.90825e-05,-0.031259541,6.68805e-07,0.000121058,100,-0.320081036,-78.21306571,0.017365766,13.34049298,0.010915988,11.12036121,0.008411442,6.701693065,0.01014614,2.278515492,0.005838243,-0.221329993,0.008528654,-1.382827556,0.011439399,-1.239771168,0.009297435,-0.992322127,0.011522249,-0.685426015,0.009586528,-0.491104894,0.006167834,-0.277891231,0.002270714,-0.130178966,0.000481035,-0.056397263,5.39529e-05,-0.017522214,2.07399e-06,0.005370061,INSEE21
0.980093000081986,0.978183700006992,0.973443299999527,0.968100100598134,0.960728801748327,0.947101200015067,0.918668900015711,0.873653601874638,0.800306106442391,0.685122807218345,0.533326745557311,0.364243208418866,0.210392979249286,0.10710457224437,0.0513792132987517,0.0258055017436974,50.23358618,45.8372868036,37.6552809642,31.3480606470836,25.4639532233665,18.9040205110541,12.2954195889189,7.91474866222584,5.00766422959665,3.1758412533735,2.1428257621087,1.57292752993167,1.2664518469963,1.1199518834963,1.05416200440112,1.02648906464705,0.2354582187,0.0635929234469698,0.0556168589959095,0.0529758844302472,0.0517508194518871,0.0502920915819097,0.0478914644633733,0.041124593240228,0.0364065528619043,0.0293843861916378,0.0208241592190559,0.013313518976254,0.00629877882953141,0.00203395992317637,0.000382637137344718,4.0045288246618e-05,1.73611087779998e-06,0.779072354532136,0.953018000050538,0.947439199997024,0.940336200557962,0.929724029308708,0.91563551810666,0.895088600099634,0.856512600216809,0.802585803990379,0.722879507523622,0.610812705042895,0.454135636348191,0.296270685092385,0.16523660568129,0.0820849260258682,0.0388798004271116,0.0193578988289396,21.28474735,19.0255856062,16.760581795256,14.2296089622184,11.8533269328033,9.53185259401771,6.96925304993238,5.06549174513838,3.60853852513757,2.56945691452831,1.83195646157438,1.42100053779213,1.19794394082783,1.08942537252314,1.04045258559539,1.01974002399018,0.5494025103,0.148383499364456,0.129772670765607,0.123610397559061,0.120751917069742,0.117348222832583,0.111746750132136,0.0959573911794244,0.0849486214779296,0.0685635673926954,0.0485897034373559,0.0310648887659716,0.0146972830547585,0.00474587881150494,0.000892819476945964,9.34391663102231e-05,4.05092601136641e-06,1.37284435181037,0.3,0.7,2.49137475159041,3.68418570100411,2.35796224056105,0.240930852707678,103.799297970111,0,0.3,1,2,0.784860729,100,-0.163622038,-47.76641382,0.002147842,0.642881682,0.001485531,-4.630571397,0.000478837,-4.623294403,-2.53148e-05,-5.621697255,-0.000311881,-6.418846041,6.10891e-05,-6.28513946,0.000629177,-4.169053743,0.00115793,-2.834788889,0.001987352,-1.798386667,0.002103628,-1.007610795,0.001452454,-0.585214041,0.00063617,-0.319888793,0.000155996,-0.158538555,1.8863e-05,-0.062394794,6.4673e-07,-0.017044383,100,-0.366148055,-76.71525265,0.009057309,-0.365609998,0.007542629,-1.105839362,0.005683374,-2.036302161,0.00529632,-2.455435725,0.00540209,-2.339927339,0.006555653,-2.420562259,0.008157033,-1.80666648,0.008981335,-1.415190908,0.009351289,-1.012741749,0.008719599,-0.713765877,0.005459776,-0.415457614,0.002176927,-0.22695805,0.000486276,-0.111402561,5.59685e-05,-0.041250069,2.14062e-06,-0.007682619,INSEE21
0.982471202013489,0.98019100022191,0.975467800055399,0.969921200004865,0.962053899993213,0.948704999989433,0.921555200026118,0.879524100023635,0.809581700101734,0.701822499941256,0.564004501242922,0.398768598629999,0.24479335183729,0.13129522576739,0.063957127400127,0.0320524055387999,57.04897084,50.4821040984,40.762752631528,33.246007153916,26.3531693591419,19.4950774888992,12.747817577833,8.30041527114052,5.25159609398132,3.35370710300472,2.29360165930603,1.66325311286653,1.32413518733303,1.15113837105638,1.06832709982638,1.0331137801131,0.2358901014,0.0657660659596434,0.0631562221516183,0.0546893617565865,0.0511453440461974,0.0493387557615056,0.0472443532884943,0.0440902573787086,0.0366807650099546,0.0306768565698997,0.0224795411560028,0.0135552590652664,0.00670016886725621,0.00213355284357745,0.000419747407533996,5.2825195095658e-05,1.19309975567497e-06,0.794621843400294,0.957769101087303,0.951067400044386,0.944235100027504,0.933317200014092,0.917863944448588,0.897531433097593,0.860720316055193,0.810532600003745,0.734017600170867,0.628927800124643,0.484616699454873,0.327474613926273,0.193547122720499,0.101101276818328,0.0484809100193364,0.0240461982203856,23.6793438,20.436273568,17.932427027076,14.9963708803509,12.174914554974,9.75908717414728,7.17979204713736,5.27795282993373,3.75964725723561,2.69489333963482,1.94030345723774,1.48692582934289,1.23999617303628,1.11247215501127,1.05095105307268,1.02463866388348,0.5504102366,0.153454152588851,0.147364529930619,0.12760851116399,0.119339141883062,0.115123769148526,0.110236832499397,0.102877266521454,0.0855884569485576,0.0715793326587763,0.0524522630665231,0.0316289318904935,0.0156337248770131,0.00497830716470543,0.000979408111170118,0.000123259043081097,2.78390092809376e-06,1.40062656661481,0.3,0.7,2.53629602017302,3.77944897134633,2.41340127895424,0.253397154917079,106.978693574747,-4.44089209850063e-16,0.3,1,2,0.786300338,100,-0.165004886,-40.95102916,0.000950661,1.253189642,0.000549503,-4.157788436,-0.000140615,-3.656168191,-0.000379747,-4.367930075,-0.000387347,-5.45959667,9.38584e-05,-5.778122523,0.000752116,-3.749095926,0.00154047,-2.504857595,0.002347628,-1.553803842,0.002449178,-0.818722769,0.00185081,-0.436716134,0.000808334,-0.217333792,0.000201901,-0.089984439,3.31656e-05,-0.029225746,1.59711e-07,3.50158e-05,100,-0.370136329,-74.3206562,0.006780186,-0.422778835,0.005578571,-0.712646867,0.004415585,-1.428999279,0.004559025,-1.770102228,0.005199776,-1.85717322,0.007164767,-2.161423495,0.008574417,-1.551915159,0.010171715,-1.204534653,0.010572765,-0.841474415,0.009562616,-0.577764319,0.006430109,-0.308391503,0.002549778,-0.152584354,0.000589843,-0.061512907,8.85464e-05,-0.016685812,9.75115e-07,0.00499513,INSEE21
0.984076900170265,0.981349700005238,0.976195800002336,0.970504804524301,0.962159300001863,0.948815299989353,0.921650599973983,0.880413700421122,0.811607402573308,0.705571507928962,0.56743200160931,0.406678020558233,0.250219899970082,0.131435124972837,0.0647460680280114,0.0321388047175256,62.80184135,53.6184404572,42.009393304432,33.9038216428974,26.4265724468377,19.5370882269591,12.7633396001212,8.36216189027632,5.30806411871771,3.3964103361017,2.31177525794463,1.68542545711991,1.33372437760919,1.15132444658637,1.06922757063525,1.03320599782985,0.2371570851,0.0619843694655418,0.0635017429736429,0.0605532080820492,0.0517454613824486,0.0480742257061389,0.0458182892841978,0.043174637444883,0.0390164759408191,0.0307427090977912,0.0235298201682264,0.0148994633978611,0.00705889466152286,0.00246174979489151,0.000482071302284158,5.83014384195248e-05,1.05926057587226e-06,0.798383433096291,0.960777500039771,0.95269410000342,0.944511400034005,0.933747900113122,0.917632100015902,0.89721959992845,0.86024950002811,0.81121900012386,0.736195901222575,0.632981405821706,0.488113801320407,0.334880909025814,0.19806959828046,0.101101897984911,0.0489212004345328,0.0239971028930627,25.49557014,21.13901226,18.02171977664,15.0938611745345,12.1406518817439,9.72948148887455,7.15560946166433,5.29714325319461,3.79069165333506,2.7246575540909,1.95355920984212,1.50349012409299,1.24699100675603,1.11247314657556,1.05143736391104,1.02458712001123,0.5533665319,0.144630194537632,0.148170732928693,0.141290830659544,0.120739411337542,0.112173204495897,0.106909353507473,0.100740841309804,0.0910384433149123,0.0717329927717079,0.0549029142234742,0.0347654146062372,0.0164708492597397,0.00574405146734978,0.00112483221074555,0.000136036096509847,2.47160038238312e-06,1.40736316197063,0.3,0.7,2.5555311145697,3.82046267831448,2.43419867072894,0.264113631357719,108.484512780798,4.44089209850063e-16,0.3,1,2,0.790523617,100,-0.169770862,-35.19815865,-0.000961563,-2.289550966,-0.001053653,-7.463068712,-0.00129891,-6.043675936,-0.001130352,-6.154514564,-0.000989635,-6.289017745,-0.000363642,-6.341836339,0.000238032,-4.130699336,0.001046633,-2.826342847,0.002000112,-1.750153836,0.002220901,-0.974857703,0.001653483,-0.562304169,0.000821593,-0.296263673,0.000201946,-0.146328037,3.14556e-05,-0.058888033,-6.33914e-07,-0.01375456,100,-0.382535723,-72.50442986,0.002225491,-2.066744664,0.002144069,-2.00582832,0.001640193,-2.479917312,0.002636109,-2.555791581,0.003582152,-2.201934775,0.00585776,-2.408295969,0.007653065,-1.739052953,0.008909559,-1.38170212,0.009884682,-0.959796758,0.009346172,-0.687436263,0.006113177,-0.398007264,0.002718189,-0.210196306,0.000621519,-0.102723103,8.85535e-05,-0.038785348,-4.92311e-07,-0.005344912,INSEE21
0.96266830069613,0.969614707442619,0.968790300004278,0.964848000001087,0.959020300055827,0.946032000001399,0.917943999970297,0.873158899942629,0.799224600206456,0.684108700263053,0.524296802675033,0.349467602064531,0.192348504105645,0.0924704818850259,0.0424817826895312,0.0212006195287917,26.78688621,32.910650873,32.041320488056,28.4478834783434,24.4023260340395,18.5294989619009,12.1867992544199,7.88387990511878,4.98068986947079,3.16564590534336,2.10215109137966,1.53720245078573,1.23815779997752,1.10188878805701,1.04436624765465,1.02165980522254,0.2266226103,0.0414496791586237,0.0516282473800233,0.0542348667836981,0.0536468613729884,0.0465962209020102,0.0430398818851261,0.0405670228085624,0.0371925523171898,0.0321428766958922,0.0230125536159499,0.0151273569555638,0.007414317282022,0.00240623391610559,0.000495740391943421,5.76669213320421e-05,8.54411595041675e-12,0.730865938478165,0.905323203444421,0.921064334809679,0.926780500018136,0.920391449983453,0.910466100140916,0.891719300024289,0.853882599839066,0.800513300016735,0.720826100181882,0.609624400096542,0.445819901310995,0.283781100700842,0.150601997808238,0.0702885184474611,0.0318585909122844,0.0157289018500441,10.56224967,12.6685390672,13.6575639018,12.5614569281072,11.1689538810438,9.23525614610899,6.84381188609706,5.01286551943104,3.58199674313072,2.56163551226836,1.80446753900908,1.39622118364528,1.17730439361113,1.07560120862091,1.03290686064405,1.01598024863282,0.5287860907,0.0967159191245605,0.120465910018348,0.126548024402544,0.125176018433588,0.108724515580353,0.100426401660501,0.0946563969031318,0.0867826385589756,0.0750000478221221,0.0536959626084339,0.0352971661651882,0.017300073645996,0.00561456349621466,0.00115672150547207,0.000134555342037102,2.20511739353022e-12,1.28754834552698,0.3,0.7,2.40645787085546,3.5061144610553,2.25211569466525,0.268855836375022,93.4093995538607,0,0.3,1,2,0.755408701,100,-0.19193113,-71.21311379,-0.009200095,-28.63515365,-0.007755268,-20.50475116,-0.005120318,-12.72132196,-0.003191156,-8.823419176,-0.002573679,-7.368542036,-0.001661431,-6.959547208,-0.00081899,-4.624192903,0.000476816,-3.214228783,0.001321374,-2.036256931,0.001775784,-1.226331038,0.001355033,-0.728337302,0.000639958,-0.413559148,0.00017218,-0.205161102,2.64547e-05,-0.08393171,-1.87373e-06,-0.026183214,100,-0.434946194,-87.43775033,-0.017322423,-12.31711967,-0.013400922,-7.058668113,-0.006753998,-5.099828453,-0.002069844,-3.62303007,-0.000217596,-2.662582698,0.002687679,-2.691079973,0.005059754,-1.999631753,0.007977919,-1.609203645,0.008290312,-1.153242308,0.008498296,-0.865696864,0.0056578,-0.518266842,0.002352189,-0.296115928,0.000575987,-0.146449978,7.95272e-05,-0.057316823,-3.26447e-06,-0.014428368,INSEE21
0.986426700069285,0.987473200142563,0.984694600000777,0.980313000051596,0.97328560153488,0.962059500005814,0.939212103062337,0.902843200521366,0.840300099934678,0.742515600294894,0.605056707370968,0.440940987893285,0.277381426484267,0.155285704313517,0.0771783404487145,0.0382366976780276,73.67405126,79.8288469458,65.33641721554,50.7949408282949,37.4329949397765,26.3570590833587,16.4506423146629,10.2926403463315,6.26174468001641,3.88373043608137,2.53200133323649,1.78871901655207,1.38385588177002,1.18383221897797,1.08363083129587,1.03975676670155,0.228139101,0.0460741171568224,0.0462082265309793,0.0573718052679878,0.0582240677465765,0.0546503800909767,0.0460425580524357,0.0416365793358818,0.0380139590094719,0.0329401667563637,0.0259605915991424,0.0158181112822303,0.00797567816083508,0.00270104683816156,0.000519900609750377,6.34524356009634e-05,1.06309045855739e-06,0.758746349971318,0.965960400004401,0.968815599997748,0.964758999992157,0.955200000144948,0.94075630351581,0.922422428101573,0.889363701409856,0.84350539996961,0.772416900029399,0.674246481443401,0.526415033258905,0.366288453122011,0.221180203623582,0.120159597731927,0.0586116104771719,0.0286947287857468,29.3775485,32.0673157066,28.376039265856,22.321428572764,16.8794319055451,12.8903188534229,9.03862475718681,6.38999683537512,4.39399937904242,3.0697983132681,2.11155202702299,1.5780048862289,1.28399406397237,1.13656976573891,1.06226012444849,1.02954240843116,0.532324569,0.107506275569376,0.10781919871397,0.133867544321945,0.135856164672399,0.127517561334397,0.107432634928792,0.0971520259423504,0.0886992446526199,0.0768603999159602,0.0605747141607732,0.0369089277508909,0.0186099156659776,0.00630244265331665,0.00121309134987813,0.000148055517242276,2.48052576830068e-06,1.33610664146556,0.3,0.7,2.41880713184737,3.53184610906598,2.34113605163933,0.28660003831235,112.600076891662,-4.44089209850063e-16,0.3,1,2,0.76046367,100,-0.172088286,-24.32594874,0.006018008,53.57769846,0.00735486,33.08397936,0.005895665,19.39444675,0.003201951,9.554069131,0.001961042,2.44277957,0.002128378,-1.708266668,0.002592502,-1.650422923,0.003214964,-1.464457627,0.00397137,-0.997345636,0.003752703,-0.570331654,0.002689157,-0.271389053,0.001274914,-0.12260252,0.000297395,-0.029562425,4.23925e-05,0.003779819,-1.59484e-07,0.016277844,100,-0.371216042,-68.6224515,0.018737615,21.71631103,0.022222088,15.96087098,0.019382445,8.937015949,0.01354904,4.569204116,0.010480886,1.94474405,0.011399669,-0.011926266,0.01292554,-0.316938813,0.014305209,-0.51860883,0.014852855,-0.440558495,0.012970199,-0.398850775,0.008593247,-0.190373302,0.003697017,-0.084302696,0.000818452,-0.01718854,0.000111204,0.00817094,3.64118e-07,0.017293685,INSEE21
0.993591100002428,0.991658700496937,0.988412000144944,0.983095300000944,0.975058800018706,0.962736404057653,0.941151100012965,0.907147799994951,0.848107599906427,0.750221225887767,0.616204873850281,0.447024208628429,0.279029953486581,0.149287502194982,0.0709255058263431,0.0340335968057298,156.03301659,119.8853895648,86.296168443884,59.1551462052292,40.094301801729,26.835839800981,16.9926710646915,10.7698040533697,6.58360786540487,4.00353912341608,2.60555494335975,1.80839740357176,1.38701295622103,1.17548525513462,1.07633995359841,1.03523269166995,0.2458306653,0.0619474285562033,0.0470410209125907,0.047841618140668,0.0581952385406371,0.0579836048005343,0.0531009223454527,0.0440684367787978,0.0387561435463693,0.033816558554572,0.0269581076929153,0.0185859610743795,0.00903058161539256,0.00325755898543185,0.000714998960647717,9.42372662588089e-05,1.15970085571844e-11,0.804640346320839,0.983665399999646,0.978835400001824,0.972980100144218,0.961216512998593,0.944081100012597,0.923078700404588,0.891839629677109,0.849085600046479,0.781791099620542,0.682715361040902,0.537869174743662,0.372200304897387,0.223064448964196,0.115793400331142,0.0540179978328478,0.025615596515411,61.21974214,47.24870775,37.009759471468,25.7841607835389,17.8830413343087,13.0003003064342,9.24552793635446,6.62627290904307,4.58276448966762,3.15174253546158,2.16388859600274,1.59286473048253,1.28710051350432,1.13095740269293,1.05710256342413,1.02628900495952,0.5736048857,0.14454400060341,0.109762384869268,0.111630444331245,0.135788889355725,0.135295084287042,0.123902163551665,0.102826353852484,0.0904310065003603,0.0789053085895259,0.0629023192056688,0.0433671901695921,0.0210713480522659,0.00760097093641862,0.00166833197395107,0.000219884237672283,2.29125005838702e-11,1.4170112233689,0.3,0.7,2.5871687108226,3.88820937616453,2.49074364932166,0.308193357349202,136.983936180097,0,0.3,1,2,0.819435551,100,-0.163095072,58.03301659,0.001544065,47.68481933,0.002340627,8.063898437,0.001952912,-4.874542666,0.001314958,-9.68474021,0.000524005,-9.84849524,0.000824709,-8.837246837,0.001164841,-5.351825415,0.001873425,-3.503179674,0.00249952,-2.132970663,0.002878331,-1.200500884,0.002055728,-0.672963903,0.001045254,-0.36593168,0.000295565,-0.180693509,5.41122e-05,-0.083815621,-2.4262e-06,-0.026725523,100,-0.369660453,-36.78025786,0.005608628,18.45871022,0.007610902,5.583790079,0.007918611,-2.024357697,0.007487541,-3.991958667,0.006277105,-3.541542961,0.007279668,-3.38698454,0.008482748,-2.231579353,0.010392513,-1.679432409,0.011079465,-1.154376856,0.01147975,-0.844513751,0.007552034,-0.476456256,0.003484826,-0.259344275,0.000911033,-0.12735678,0.000148783,-0.056735807,-4.24839e-06,-0.014725917,INSEE21
0.994794700000283,0.993151300000353,0.990040699999411,0.985406799999085,0.977888601593333,0.965888600186084,0.944514900010858,0.912696100054757,0.85859640011135,0.767505400001658,0.638155199373967,0.470897593289184,0.297350425750987,0.160490828553725,0.0768615017820746,0.0364280247042793,192.11188596,146.0131119812,100.408663253504,68.5250664650063,45.2255397711246,29.3157126396944,18.0228565869614,11.4542420253977,7.07195573430226,4.30117516309678,2.76361577694776,1.88998546249255,1.42318386650033,1.19117217809661,1.08326107103193,1.03779881652644,0.264807645,0.0617253131497558,0.0621279115011714,0.0470734635690739,0.0475125439385306,0.0571084784582359,0.0559398941799664,0.0503188094771259,0.040765321473103,0.0343554498847402,0.0278630880141164,0.0195343213501552,0.0108637735408733,0.00375782376809976,0.000857172844187942,0.000128705962949249,5.31239265016876e-11,0.842522189540832,0.9858635999994,0.9818701999993,0.976348704006461,0.966116906483536,0.949930801722291,0.928669100105706,0.896660599994639,0.856564299964593,0.79491340015851,0.702279799376932,0.560721899993885,0.394610637288873,0.238564330831283,0.124762311463605,0.0583731004118958,0.0272748173711475,70.73936787,55.1578064822,42.280973987,29.5132381610386,19.9723582498681,14.0191698136225,9.67685122930548,6.97176504662737,4.87598897486221,3.35885840987426,2.27646222275234,1.65182638508269,1.31330835787288,1.14254676423424,1.06199175063907,1.02803661115565,0.617884505,0.144025731333841,0.144965127648503,0.109838085222169,0.110862607444563,0.133253115032442,0.130526425574811,0.11741056965811,0.0951190853614283,0.080162720011709,0.0650138712417419,0.0455801145206155,0.0253487774036651,0.00876827064221149,0.00200007027054609,0.000300312952953359,3.59123119400391e-11,1.48456966356751,0.3,0.7,2.74670946868442,4.23521362313113,2.61579910552043,0.324534472497601,155.168545991084,4.44089209850063e-16,0.3,1,2,0.88269215,100,-0.182529848,94.11188596,0.000697205,-6.899244277,0.000577554,-17.07901852,0.000479674,-16.04517861,0.000364699,-12.74650351,0.000116967,-9.976703126,0.000342818,-8.276266418,0.000788736,-5.198575618,0.00148607,-3.482452238,0.002493188,-2.150760545,0.002922604,-1.159852564,0.002555399,-0.663458382,0.001238021,-0.349045589,0.00037086,-0.168100519,7.79943e-05,-0.068714479,-3.20718e-06,-0.017014338,100,-0.420209548,-27.26063213,0.003480343,-4.837540815,0.003041469,-4.022759608,0.003561581,-6.756326121,0.005057391,-5.296119318,0.005638415,-3.506210694,0.00690971,-3.063443071,0.007810709,-2.088852331,0.009464564,-1.617758476,0.011144005,-1.13225079,0.011746896,-0.812245462,0.009207496,-0.468784439,0.004068002,-0.247699078,0.001119928,-0.118811739,0.000210193,-0.046346504,-5.63243e-06,-0.007923901,INSEE21
0.99543669999992,0.993858200189183,0.990898000056964,0.986666900084058,0.980067900403587,0.968515800076275,0.94732200001555,0.916073500002183,0.865978800079766,0.781981500048058,0.656456599521037,0.489528404327301,0.316434817275691,0.176402616092727,0.0835971053138845,0.0394349000538824,219.1396577,162.8187176408,109.865963531576,75.0013125184339,50.1703282557062,31.7619631457021,18.9832567719005,11.9151876942221,7.46150609388974,4.58676671861621,2.91084037283484,1.9589693814088,1.4629173892427,1.21418532917032,1.09122308853468,1.04105385461129,0.2950376742,0.0600938417655564,0.0632528059976088,0.0631999499921212,0.0475806151004746,0.0475054961501915,0.0560209943167826,0.053701097558009,0.0471131771691711,0.0367819982661882,0.0289928733060244,0.0209122024868229,0.0120588959103256,0.00491457868764098,0.00107203225010121,0.000154475992091097,1.41993639979033e-05,0.896743243588944,0.987370000517705,0.983264100037819,0.97793440001489,0.968845500110594,0.954518500483554,0.933515000027073,0.900877300011999,0.8608113206286,0.804067599919317,0.718815200189958,0.580001798526363,0.412395592996297,0.255122082688129,0.1373123384164,0.0635136030540818,0.0294936500570758,79.17656374,59.7517910566,45.319411208556,32.09809177126,21.9869617298179,15.0409866828707,10.0885064683501,7.18448610771937,5.10380110469482,3.55638000536496,2.38096257667678,1.7018237932973,1.34250154638103,1.15916802771542,1.06782116894955,1.03038459962629,0.6884212398,0.140218964483147,0.147589880629804,0.147466550505747,0.111021439108917,0.110846162570838,0.13071565442346,0.125302564071066,0.109930758407643,0.0858246655646206,0.0676500409273322,0.0487951394086273,0.0281373890386799,0.0114673381186965,0.00250140671286077,0.000360443302733435,3.31310809459929e-05,1.58091026197362,0.3,0.7,2.92029517650831,4.62269626244834,2.79468967666823,0.349670810417689,174.693858781376,-1.33226762955019e-15,0.3,1,2,0.983458914,100,-0.2033354,121.1396577,0.001950231,-25.4509306,0.001690789,-33.22688621,0.001194104,-23.39917747,0.001043521,-16.98423688,0.000860566,-12.55906583,0.000865034,-9.746141615,0.001187396,-5.747211761,0.00178104,-3.763651091,0.00262488,-2.343749901,0.003131228,-1.304311287,0.002860231,-0.74937408,0.001684231,-0.389268364,0.000468936,-0.18053486,8.85924e-05,-0.076125646,9.51086e-06,-0.020541995,100,-0.468930878,-18.82343626,0.006175307,-9.572789456,0.005930036,-8.735239144,0.004905008,-9.337262736,0.005534357,-6.936011668,0.006967604,-4.531924402,0.008264661,-3.650279949,0.009361056,-2.298828097,0.01021323,-1.728528641,0.011353382,-1.22208919,0.012340438,-0.910718665,0.010150991,-0.529109185,0.005420024,-0.276288311,0.001407457,-0.127874163,0.000243693,-0.05187466,2.49401e-05,-0.010367316,INSEE21
0.995754800004843,0.994171300000187,0.990976500051843,0.986639900000631,0.980200900038177,0.970047399997429,0.949007699996581,0.91748150702083,0.86633560001034,0.788424382100547,0.672029899979871,0.511739889190151,0.336314032157484,0.191642504856973,0.0944234196908989,0.0447936033192221,235.5601621,171.564842926,110.821743227984,74.8497391509444,50.5073462880652,33.3860833405921,19.6108039827881,12.1184946444625,7.48142362533768,4.72643847201194,3.04905843524389,2.04807990037814,1.50673547978063,1.23707626845785,1.10426881758691,1.04689416076398,0.3198031971,0.0561084727812994,0.0615593454195694,0.0644478859610217,0.0636490937441937,0.0473664005414334,0.0467254316119231,0.0539476863790343,0.050298217393924,0.0425283796329042,0.0313991051789589,0.0222572730208171,0.0132743451143438,0.00564669852393046,0.00150230853749343,0.000191967792911592,2.04586453088367e-05,0.933254713275563,0.988142700004068,0.983934500001772,0.977790400038823,0.968400001242472,0.954638500008699,0.936549199995969,0.903564358072179,0.862200001433298,0.803860918221978,0.726096436615858,0.596541539489888,0.433744041227652,0.272212721431368,0.149810141058438,0.0716882050066691,0.033394703023271,84.33623169,62.2451837852,45.025574525468,31.6455696143849,22.0451263768348,15.7602425802215,10.3696037822133,7.25689404998309,5.09841729756498,3.65091818560092,2.47856291125766,1.76598226414324,1.37402744643135,1.17620781145341,1.07722426816111,1.03454843757056,0.7462074599,0.130919770897725,0.143638475920757,0.150378401361977,0.148514554874325,0.110521604579769,0.109026010455316,0.125877934826308,0.117362525656164,0.0992328940701438,0.0732645811590689,0.0519336384082348,0.0309734504517578,0.0131756082929542,0.00350538401248975,0.000447922353037455,4.77384886362366e-05,1.64506818968679,0.3,0.7,3.05314044948019,4.92601130635153,2.93575422308773,0.389401753682991,185.670093636066,0,0.3,1,2,1.066010657,100,-0.237582856,137.5601621,0.001834588,-43.19202162,0.001770807,-48.74060006,0.001291795,-32.81890511,0.000734167,-22.99393998,0.000715608,-15.78083835,0.000877766,-11.5159199,0.001104065,-6.485096992,0.001729367,-4.195460315,0.002636263,-2.5858375,0.00322471,-1.445972949,0.003037228,-0.804543665,0.001830844,-0.413054514,0.000635364,-0.196582773,0.000102349,-0.085632805,1.43669e-05,-0.022504466,100,-0.548806709,-13.66376831,0.005766202,-15.34784868,0.00604518,-13.53118071,0.005642251,-12.76745337,0.004549587,-9.411003559,0.005549455,-5.786979915,0.008119169,-4.370563167,0.00950066,-2.629842289,0.010841133,-1.942379088,0.011572507,-1.350806897,0.012696493,-1.006689494,0.01085055,-0.567361061,0.005997139,-0.293759871,0.001930777,-0.139443704,0.000289049,-0.058760399,3.71077e-05,-0.011916308,INSEE21
0.995943800000819,0.994638400018662,0.991469000000774,0.986982900000344,0.981193400001437,0.971546499995241,0.954140501122299,0.924845900633453,0.876465100316861,0.799466700027591,0.688078000406597,0.531831587428912,0.357684185180722,0.203602537720793,0.100828305865785,0.0474932096030305,246.5361669,186.511489138,117.21955221748,76.8220264134243,53.1728223079256,35.1450612323039,21.8057327237802,13.3059939501323,8.09487845557326,4.98670295683093,3.2059296915717,2.13597624753901,1.55686463237058,1.25565436418501,1.11213465008869,1.04985289623517,0.3220408704,0.0643385065692199,0.0571512833260096,0.0621299456693674,0.0643568587598345,0.062751466974673,0.0461707546924543,0.0447023903853787,0.0503728815993235,0.0452248723454157,0.03596110543381,0.0240711345128732,0.0143779764293479,0.00649612752965496,0.0018348424492982,0.000296447109540962,2.06077291657484e-05,0.946538327160494,0.988587100000126,0.985280700071966,0.978758600003395,0.968898802060581,0.956626799989653,0.939580000015417,0.912634501171517,0.873406100396887,0.817039600162777,0.73878769996807,0.613765999741137,0.453317998936572,0.290875336209447,0.159068812728285,0.0763640019877916,0.0352194375296104,87.62014913,67.9380133562,47.077876229496,32.1531002049586,23.0557118160972,16.5508109932981,11.4461658196171,7.89927476256906,5.46566360898343,3.82830364361368,2.58910401288891,1.82921397603251,1.41018860486038,1.18915792450272,1.08267759322434,1.03650143379789,0.7514286976,0.150123183188763,0.1333529963186,0.144969875831524,0.150166003065779,0.146420089894685,0.107731763351454,0.104305586150229,0.117536723587663,0.105524741638815,0.0839092477794103,0.0561660670347128,0.0335485631988433,0.0151576102395926,0.00428129173689819,0.000691709687714465,4.80847339571705e-05,1.66775562473926,0.3,0.7,3.10945421979717,5.05631968634408,3.00766030695401,0.42761042958905,193.847292624012,-4.44089209850063e-16,0.3,1,2,1.073469568,100,-0.254107062,148.5361669,0.00136985,-44.33746972,0.001126081,-50.91399385,0.000770003,-31.78328195,0.000362568,-20.17992206,0.000223101,-14.35213813,0.000359596,-10.91262895,0.000876877,-5.912593953,0.001649736,-3.781246296,0.002430694,-2.345092196,0.002969997,-1.425980011,0.002988042,-0.852101019,0.002031779,-0.45025367,0.000752695,-0.220946406,0.000154594,-0.100200093,1.20088e-05,-0.032330545,100,-0.587236271,-10.37985087,0.004536517,-14.7114937,0.004521553,-13.92240388,0.004539559,-11.97196283,0.004642378,-7.956946406,0.004222843,-5.053412856,0.005793569,-3.998871909,0.009004768,-2.262936944,0.011181594,-1.64609256,0.011856597,-1.168145308,0.012460701,-0.988795809,0.011022657,-0.599777677,0.006726243,-0.320474014,0.002307452,-0.157388973,0.000440415,-0.070006062,3.31265e-05,-0.019178349,INSEE21
0.996367900125476,0.99519130014795,0.992379100316725,0.987635500000372,0.981419000404811,0.97284790000392,0.956876000003725,0.932060901082042,0.888214701649101,0.81449630047874,0.705271800083121,0.553437200726719,0.374711643560468,0.218074889403826,0.107752400046906,0.0502324586580444,275.322816,207.956412382,131.21809762524,80.8767034631304,53.8184166651558,36.829563831767,23.1889435076578,14.7190645703046,8.94572005312967,5.39072805946179,3.39295662969431,2.23932670074027,1.59926126858823,1.27889470372317,1.12076512890131,1.05288050608692,0.3194008092,0.0826164572217474,0.064891756233599,0.0568665687279996,0.061326389673616,0.0628653580599743,0.0607462951088105,0.0441633460194531,0.0419227554964337,0.0457472167242004,0.0388704704531585,0.0280014015193068,0.0160127846791962,0.00728584978367892,0.00220021205039566,0.000364675055693365,2.87895247096415e-05,0.972218168656634,0.989680600164088,0.986715900245842,0.980932800543132,0.970029900004466,0.956614903270331,0.941724899980929,0.917262300033683,0.884329000717108,0.832550800768387,0.756334200212729,0.632437799918642,0.474787465734491,0.30667268796001,0.171361734678332,0.0819939018545653,0.0373887680236216,96.90485881,75.2779638774,52.446085419076,33.3665887049061,23.0493879268595,17.1599877077752,12.0863886754321,8.64520925622474,5.97196044631768,4.10398176580376,2.72062796374141,1.90398580263113,1.44231982951186,1.20679914676317,1.08931738101267,1.03883573235986,0.7452685548,0.192771732017256,0.151414100029257,0.132688661983051,0.143094911028034,0.146685835980053,0.141741356065505,0.103047809106582,0.0978197702490827,0.106743503644507,0.0906977951650646,0.0653366033508566,0.0373631651163134,0.0170002795998074,0.0051338230646101,0.000850909570706809,6.71728261350859e-05,1.7130270054633,0.3,0.7,3.18745932030876,5.23849633065215,3.11103711912879,0.461704652128341,212.108026226629,0,0.3,1,2,1.064669364,100,-0.238118151,177.322816,0.000898207,-33.64903118,0.000202843,-51.56316173,5.19572e-06,-33.99845771,-0.000281167,-21.46716922,-0.000219673,-15.27980203,0.000109959,-11.2532165,0.000579933,-6.650553499,0.001597144,-4.094154018,0.002714691,-2.542252827,0.003257356,-1.494012268,0.003210995,-0.902484397,0.002143075,-0.493995454,0.000877584,-0.246832636,0.000179671,-0.109776148,1.47103e-05,-0.037011451,100,-0.550080985,-1.09514119,0.003500625,-10.58978227,0.00216827,-14.13316767,0.002633772,-12.76973,0.003033013,-8.460650274,0.004167968,-5.434609872,0.004728085,-4.133406098,0.006718635,-2.572033247,0.010711346,-1.769328821,0.012737414,-1.252368571,0.01383596,-1.031109607,0.011902076,-0.63333613,0.00724183,-0.350309867,0.00272272,-0.175185686,0.000523973,-0.076057385,4.28112e-05,-0.022188309,INSEE21
0.99632580006316,0.995348600000026,0.992990100025498,0.989174500003026,0.983061600130601,0.974372400006731,0.960187200091938,0.938341600700665,0.901011507681763,0.832555803034897,0.725557000569642,0.571257379199914,0.391596962159212,0.226707911609078,0.111483997187932,0.0511400632691038,272.168091,214.98903556,142.65538742436,92.3744861927352,59.0374533538678,39.0204311018527,25.1175501351317,16.2183903535047,10.1021835828985,5.97213877706707,3.64374387827255,2.33239470010042,1.64364630772546,1.29317239821646,1.12547213164871,1.05389536232329,0.3121457745,0.0809503505609818,0.0829762534761282,0.0644857392690712,0.0562764400389834,0.0600175450519161,0.0608772335716405,0.0583047278787644,0.0417330100856894,0.0382890027655731,0.0399278397790604,0.0309830396665769,0.0191669302732701,0.00854696686512149,0.00258360288578867,0.000466441129042256,4.1562424658737e-05,1.00087963436899,0.989421200000056,0.987054500000795,0.982480300063609,0.973749104257002,0.960130800152651,0.944543500013259,0.922948100035183,0.894130500612635,0.850068405174139,0.777865101497359,0.654689100148069,0.492618373666824,0.321813368040825,0.178567506113897,0.0848333937639328,0.037991978255039,94.528680002,77.2469197838,57.078602939852,38.0939320106945,25.082018203808,18.0321513293223,12.9782652936197,9.4455910379235,6.66970805210024,4.50176896539132,2.89594102048769,1.97090005446658,1.4745199985785,1.21738548392162,1.09269721282791,1.03949196339242,0.7283401405,0.188884152597886,0.193611256099357,0.150466727183417,0.131311693515145,0.14004093947156,0.142046879216934,0.136044367274539,0.0973770250533109,0.0893410140518534,0.093164958456873,0.0722937780316652,0.0447229313246529,0.0199429112769135,0.00602839540223967,0.00108836218449834,9.69766605482363e-05,1.76441013857881,0.3,0.7,3.29476609360927,5.49223879435587,3.19257496852366,0.466684713178336,221.538252777183,8.88178419700125e-16,0.3,1,2,1.040485915,100,-0.237290363,174.168091,0.000757074,-54.82732412,8.85166e-05,-61.14189671,0.000112998,-36.21924948,-0.000169339,-20.22171604,-0.000281198,-13.72161723,0.000178056,-10.97542242,0.000570082,-6.506774284,0.001052595,-4.322499696,0.002666901,-2.794666875,0.003568793,-1.63916962,0.003669913,-0.992702797,0.00254679,-0.550893859,0.000994742,-0.274103645,0.000229363,-0.127844678,2.32439e-05,-0.044454464,100,-0.548693678,-3.471319998,0.003400323,-17.71984185,0.00193967,-16.69380166,0.002599724,-13.3032317,0.003154215,-7.617238727,0.003909175,-4.556248839,0.006030365,-3.83852266,0.006248859,-2.399069864,0.007901086,-1.802597019,0.012431196,-1.350752272,0.014933064,-1.12596111,0.013701931,-0.69531535,0.008484649,-0.391386088,0.003115198,-0.196087949,0.00066742,-0.089965951,6.51622e-05,-0.02803907,INSEE21
0.996382900000455,0.995405400107134,0.993380500001188,0.990084700054153,0.985190900005658,0.976841400385225,0.963054200048628,0.944144400758802,0.911067102345237,0.85315692195343,0.753888407546073,0.603952401548845,0.420119299941581,0.245264077382464,0.119772406030654,0.0534203631472869,276.4645711,217.64680276,151.0688118488,100.854235415873,67.5260481988805,43.1805031367904,27.0666760498156,17.9033078154291,11.2444325964346,6.80998970624055,4.06319734552573,2.5249490257071,1.72449264109842,1.32496626257095,1.13606980625214,1.05642904801573,0.3046097499,0.0812825075150471,0.0816832111003845,0.0827084132390017,0.063777378298809,0.0551499521943769,0.0582282214147476,0.0586305814524964,0.0551596756861765,0.0386761103374053,0.0337383344448971,0.0326288056693203,0.0218069940395757,0.01056599366893,0.00325267300858368,0.000583724376853996,5.91850288505332e-05,1.03071757543241,0.9894431000002,0.98689610028047,0.983239700000899,0.975920500101326,0.965115406054087,0.949608100535751,0.927954400058273,0.903296400579331,0.864080601801062,0.8029854137084,0.686370602963632,0.525801600415975,0.348146835606179,0.194711129513996,0.0917671042914821,0.039948965874027,94.72477716,76.31315868196,59.664803138124,41.529101511055,28.6659442784806,19.8444591337318,13.8800981637358,10.3408766527473,7.35730146316503,5.07576595705824,3.1884765860835,2.10882196207793,1.53408373537725,1.24179021360693,1.10103917324319,1.04160698357135,0.7107560831,0.189659181821719,0.19059416280058,0.192986297988188,0.148813885815335,0.128683219364096,0.135865849113612,0.136804691289197,0.128705912216712,0.0902442583876702,0.0787227849633219,0.0761338788174624,0.0508829583601892,0.024654005158245,0.00758956493136915,0.00136202224092288,0.000138097432447068,1.81754485059171,0.3,0.7,3.38410012390954,5.70620584192479,3.27513836517652,0.471039390866044,229.345812456912,-4.44089209850063e-16,0.3,1,2,1.015365833,100,-0.229716381,178.4645711,0.001109393,-49.07792642,0.000313815,-59.620443,-1.02706e-05,-38.94804426,-0.000173255,-23.00094827,-0.000251218,-14.67620115,0.000177041,-11.17334643,0.000449924,-6.711891317,0.001074188,-4.64958995,0.001860603,-3.090150205,0.003658882,-1.789498656,0.004107704,-1.045919975,0.003060282,-0.561254165,0.001315008,-0.285807119,0.000295694,-0.131239144,3.53312e-05,-0.046533641,100,-0.530975994,-3.27522284,0.00415521,-16.32494772,0.002767053,-16.03717825,0.002297045,-14.40792937,0.002606818,-8.666109092,0.00359109,-4.735918706,0.005702794,-3.791410139,0.007064494,-2.377823335,0.007467126,-1.899377754,0.009227528,-1.460547934,0.015139796,-1.223257,0.015269715,-0.729200238,0.010261568,-0.397398318,0.004028409,-0.203239385,0.000850613,-0.091998601,9.67484e-05,-0.029236285,INSEE21
0.996112200002019,0.995198400000949,0.993417000005918,0.990831500017762,0.987090300006913,0.98076870000953,0.968726300002532,0.951335011057293,0.924336600000898,0.877013799938162,0.797342699853427,0.661059819996658,0.481390420888964,0.289655300232739,0.147666779862596,0.0825551319466387,257.2148773,208.263912068,151.9064256348,109.069095271824,77.4611339175553,51.9985648649029,31.9757495940546,20.5486489268193,13.2164296081205,8.1309935545059,4.93443857811574,2.95037121461522,1.92823272519296,1.40776724327645,1.17324871231954,1.08998264412709,0.304206375,0.0843752879737753,0.0840883869147266,0.0833506750846026,0.0834729345136919,0.0638592827262049,0.0548095665327333,0.0571965031948342,0.0565060341916074,0.0519861808937078,0.0352513382485919,0.0285759962279203,0.0242772055436565,0.0129899930697368,0.00445065168883907,0.000837368472269033,8.22046681894642e-05,1.07077786297001,0.988462400031308,0.986035700002781,0.983041900315316,0.977549700016488,0.969548006130814,0.95810829998989,0.938648500014802,0.914904910233032,0.882886651706954,0.832672764376174,0.736273933328963,0.584975870162531,0.405078304537439,0.232303211906323,0.113939246759178,0.0621229938868753,86.67313826,71.6111799368,58.9688703383208,44.5428346153615,32.8385656048339,23.871077080911,16.2995199830572,11.7515579664611,8.53873253969239,5.97630752990173,3.79180704091707,2.40949804436183,1.68089346983638,1.3025901226697,1.1285903413348,1.06623755677833,0.709814875,0.196875672206464,0.19620623292224,0.194484910453965,0.194770179445336,0.149004994835153,0.127888987511165,0.13345850950263,0.131847416223898,0.121301090083572,0.0822531231562311,0.0666773273822516,0.0566468123280977,0.0303100559393809,0.0103848541914058,0.00195386039658393,0.000191808380022294,1.88745432848356,0.3,0.7,3.4920769888759,5.96807145374534,3.43438669490348,0.528169870670456,236.099000249591,8.88178419700125e-16,0.3,1,2,1.01402125,100,-0.219132658,159.2148773,0.00317934,-62.67136761,0.002208166,-61.38744107,0.0015846,-38.97834034,0.00102639,-21.37601679,0.00093681,-14.17696237,0.00111957,-10.34114348,0.001150299,-5.976693602,0.001732015,-4.328812051,0.002254547,-2.88855039,0.003141057,-1.739351334,0.00457096,-1.031562184,0.003828454,-0.54621732,0.001859193,-0.282235545,0.000447788,-0.125218225,5.10219e-05,-0.023365766,100,-0.50637703,-11.32686174,0.009032326,-21.21910168,0.007085163,-15.81802517,0.006430895,-13.92867246,0.005382421,-7.859953876,0.00569036,-4.221548312,0.007381197,-3.148049968,0.008272231,-1.850938234,0.010088808,-1.59532658,0.0097883,-1.233847904,0.012644322,-1.182443597,0.016615497,-0.71520901,0.012595315,-0.385752053,0.005584445,-0.200811938,0.001257388,-0.088364068,0.000137397,-0.012780833,INSEE21
0.99686690000089,0.995923099999867,0.994020400065491,0.991077199999568,0.987600799999601,0.982250200053892,0.971854300674659,0.95534820019508,0.928243700006788,0.884935700056105,0.811040599997013,0.682805199770887,0.498147923475038,0.311240966334781,0.15924903071576,0.10149318000479,319.1727044,245.284407262,167.23526660664,112.072443622104,80.6503645363875,56.3386630092042,35.5294059376048,22.3955137331735,13.9360585762829,8.69079288695808,5.29214211741578,3.15263679855343,1.99261655732291,1.4518851826891,1.18941279941092,1.11295738707314,0.2986466736,0.0830792994558893,0.0855906775911205,0.0844860560641646,0.0831130224215699,0.0824548264715775,0.0628632507029211,0.0534285085919974,0.0548544919992961,0.0528876515242048,0.0471929850498633,0.0303438642125786,0.0217427779226542,0.0151596551946687,0.00582143134263581,0.00123747840318089,0.000130289864716125,1.09457913239884,0.990822700003447,0.988329599999868,0.984818300533219,0.978250100003701,0.970782499999416,0.96136910009016,0.944761001225175,0.921664700262691,0.888475800048907,0.842666999930868,0.752367100266578,0.608120299855312,0.421178745216301,0.250690372101995,0.122887109925889,0.0762592502847983,108.96451026,85.6868659158,65.868776223064,45.9772228915544,34.2260631460543,25.8860135217372,18.1031517532928,12.765636951396,8.96666374113188,6.35594566489854,4.03823563330369,2.55180352409873,1.72764803147459,1.33456130843965,1.14010408521631,1.0825547595081,0.6968422384,0.193851697920423,0.199711581257618,0.197134128065588,0.193930387872007,0.192394595134967,0.146680920291511,0.124666518295766,0.127993815656338,0.12340452784613,0.110116985001731,0.0708023845148298,0.0507331406055446,0.0353725276953163,0.0135834873477785,0.00288744246427267,0.000304007657472791,1.9282720444666,0.3,0.7,3.55995888616067,6.13449117764545,3.54344332644033,0.581720636647578,258.231395724349,4.44089209850063e-16,0.3,1,2,0.995488912,100,-0.219944382,221.1727044,0.001620526,-6.786172492,0.000951223,-36.86336722,0.000526548,-36.7958535,5.95025e-05,-26.23734883,0.000232065,-19.57324823,0.00033304,-15.42918763,0.000441456,-8.940720869,0.000657056,-6.201617372,0.001600387,-4.261308129,0.002236467,-2.676231566,0.002852335,-1.683113008,0.003472841,-0.898747233,0.002058811,-0.437782888,0.000580265,-0.190199099,6.11608e-05,-0.036826351,100,-0.507773617,10.96451026,0.00558514,0.747190421,0.00425518,-4.310180115,0.003811722,-11.81227004,0.003555556,-9.425914777,0.003917998,-6.295780771,0.004623712,-5.290503786,0.00589197,-3.207892632,0.006998204,-2.549863066,0.009112871,-2.012012224,0.010241554,-1.818545746,0.011728513,-1.164167376,0.012426133,-0.633660052,0.006542364,-0.312714292,0.0017042,-0.136434235,0.000182628,-0.023463775,INSEE21
0.997947299999981,0.997289700000371,0.995694699999859,0.992675200002161,0.988263100000314,0.983035299999275,0.975710000020468,0.963067400033811,0.942124400015136,0.902773200004358,0.83872012138729,0.721246836124307,0.542904303027185,0.338483501623465,0.208098202732715,0.124041184802996,487.1632484,368.962845492,232.27185096676,136.522498944507,85.2013734396619,58.9459288956597,41.1692054690201,27.0763499158527,17.27843858451,10.2852299987573,6.20039682521891,3.58740275906747,2.18772567358236,1.51167374817645,1.26278283903532,1.1416056824227,0.3,0.0779479507072097,0.0843684854599265,0.086304972581002,0.0844090928830788,0.0824385544339272,0.081464236797116,0.0617844325500232,0.051761339522472,0.0520161616154193,0.0485687309258955,0.0410272339104912,0.0238991852654904,0.0137862526727491,0.00693893173209077,0.0016386242986931,0.000202575818326078,1.12415990294596,0.987508100006902,0.983809800022365,0.979681400004373,0.970792700009611,0.959805900050643,0.950309499996999,0.9389679003774,0.920657802025191,0.892753200037244,0.845000008029515,0.757092334522423,0.613769218079616,0.427249906787381,0.245702599148123,0.142008612502477,0.0792838006000935,80.05187361,61.7657595348,49.215989287484,34.2380158386027,24.8792733337233,20.1245710931332,16.3848204403024,12.6036333702269,9.32428753436811,6.45161290630924,4.11679003560057,2.58912546863762,1.74596215561676,1.3257370328451,1.16551257727086,1.08611100851198,0.7,0.181878552127933,0.196859798064987,0.20137827105093,0.196954549494304,0.192356628764244,0.190083218787113,0.144163678115238,0.120776457217861,0.121371045766577,0.113327046257984,0.0957302286958505,0.0557647853016294,0.0321679055011255,0.016190825130127,0.00382347250288337,0.000472674197565924,1.97967973430105,0.3,0.7,3.67237843165909,6.41309619628984,3.66185589815026,0.626925679592898,272.311788865894,-4.44089209850063e-16,0.3,1,2,1,100,-0.219763033,389.1632484,0.001627892,56.17359518,0.001226093,-8.10686815,0.000676889,-27.36806233,0.000356067,-24.62962131,0.000472967,-20.09142835,0.000690512,-14.04268428,0.00071851,-7.742467903,0.001097825,-4.669164874,0.00176656,-3.372107406,0.002751807,-2.316580204,0.003180237,-1.598896516,0.002955133,-0.901858389,0.002220626,-0.441090478,0.000711567,-0.16006464,7.69802e-05,-0.024018861,100,-0.508568556,-17.94812639,0.005270427,-45.01946052,0.004698651,-34.75713931,0.004108069,-30.31338486,0.004092402,-20.1784051,0.005121,-13.41697079,0.005585265,-8.983472811,0.005875728,-5.137455348,0.007651638,-3.186036678,0.009338123,-2.33571756,0.012881832,-2.112036716,0.012708418,-1.368345452,0.010800185,-0.754805298,0.007323273,-0.367358038,0.002154237,-0.142357505,0.00025248,-0.031190995,INSEE21
0.998280799999971,0.997731699999976,0.996375300000702,0.993893399999639,0.989472500323064,0.983741699997244,0.977087400001782,0.966488200428574,0.950223624515064,0.916742552309607,0.858567121265618,0.752188914642618,0.577905800097401,0.365396350457373,0.191576039975639,0.185962103794283,581.6658911,440.858792922,275.88490087216,163.757246247425,94.989313735617,61.5070456208687,43.6441084777465,29.8402354096397,20.0898417965357,12.0109299488199,7.07049067078214,4.03533175071454,2.36913939588612,1.57578161911071,1.23697450221292,1.22844403625461,0.3043458798,0.0753739649999943,0.0801695203764368,0.086004067819464,0.0869474759180272,0.0841801138008459,0.0816496550894621,0.0803410254869814,0.0601671518185152,0.0494825009415887,0.0483919356734959,0.0430212338977937,0.0330275316528737,0.0161896095194786,0.00656592607893797,0.00204585822233309,0.000275074799456871,1.16044123385281,0.989546300000006,0.986403899999229,0.982873300000434,0.975717099998542,0.964047001348653,0.952375900018,0.942323100000106,0.927806100634132,0.907065229359897,0.865680642477568,0.783567210970732,0.649617903700812,0.461536900963361,0.268777224537005,0.131445915791123,0.121206750107924,95.659909888,73.5505034488,58.388364368104,41.1812427647343,27.8140906188307,20.9977721440488,17.3379637232705,13.8515857924964,10.7602318998224,7.44494094268074,4.62037177618305,2.85402707088856,1.85713747426486,1.36757092650442,1.1513387551882,1.13791818872544,0.7101403862,0.175872585004831,0.187062214997339,0.200676156572885,0.202877445476799,0.196420263646449,0.190515864702057,0.187462392841514,0.140390023025442,0.115459166670406,0.112914517647308,0.100382875015988,0.077064247613235,0.0377757643221395,0.0153204229907777,0.00477366761199957,0.000641841431518546,2.04365524095332,0.3,0.7,3.78301430081633,6.69087371399402,3.79392836166637,0.663332174089331,302.232960706092,0,0.3,1,2,1.014486266,100,-0.224010225,483.6658911,0.002432832,-36.56119051,0.001998814,-85.69868771,0.00127467,-63.8691677,0.000761722,-38.80273523,0.000609646,-21.99030035,0.000855555,-14.12290184,0.000664579,-10.50558595,0.00071688,-6.444981121,0.001433139,-4.921939864,0.002285662,-3.009034728,0.003436769,-2.041057138,0.003214639,-1.146515308,0.001899507,-0.568189541,0.000601879,-0.244465771,7.18179e-05,-0.009083146,100,-0.515383085,-2.340090112,0.008128313,-4.900332689,0.007816274,-2.142079976,0.00738089,-7.050426737,0.007382125,-5.739164903,0.007717533,-3.383915723,0.008980352,-2.384115948,0.007664608,-2.205538239,0.007635598,-1.591328803,0.010355983,-1.692860841,0.014583837,-1.702208872,0.01830798,-1.180427164,0.013950265,-0.680205485,0.007416685,-0.343471986,0.002474431,-0.147883537,0.000338702,-0.004284137,INSEE21
0.998437700016199,0.998043699999944,0.996854699999507,0.994779900001327,0.991028999998848,0.985176100121917,0.97780249999603,0.968116499992645,0.954185100205531,0.926734308891795,0.875713916351136,0.773751701546988,0.603063500074324,0.383542360896424,0.199860006922652,0.126764098806548,640.0819305,511.169043588,317.93469616356,191.567211404717,111.470293152476,67.4586310309047,45.0501182484513,31.3641852281916,21.8269602544469,13.648951715605,8.04595204384345,4.4199227133665,2.51929464770024,1.6221702609684,1.2497812847285,1.14516592616867,0.3077841666,0.075935203363439,0.077418532235183,0.0820643909159847,0.0867295713788866,0.0866535193933899,0.0832293902564056,0.0800970432024048,0.0776902875434989,0.0572552912777376,0.0460322822078545,0.0431010799036644,0.0350225232321677,0.0226562281050962,0.00835774423374745,0.00203479611697571,0.000373700419089895,1.18285682036485,0.990472600076074,0.988217199999898,0.985088499999103,0.979207900000741,0.969464399997845,0.956664600400181,0.944183200024705,0.931204399992527,0.914147900140892,0.88096120871536,0.807341310491864,0.675434200748707,0.486570798834349,0.283754838344068,0.137884601826712,0.0815321951115927,104.960429918,84.86947075324,67.062334435824,48.0951900017419,32.7486605774396,23.0758225384541,17.9157529711678,14.5358133348051,11.6479387166465,8.40062231382592,5.19052604782713,3.08103934765939,1.94768820647079,1.39616972277957,1.15993751997433,1.08876599908443,0.7181630554,0.177182140644785,0.180643240751711,0.191483580559826,0.202368999530148,0.202191544953183,0.19420190737206,0.186893102225243,0.181277337717829,0.133595682435414,0.107408654583162,0.100569185671007,0.0817192148353464,0.0528645340184855,0.0195013550892687,0.00474784203033016,0.000871989737345923,2.08340799861156,0.3,0.7,3.89056250746314,6.96425802399518,3.90811911794067,0.716112103896693,328.38673445958,4.44089209850063e-16,0.3,1,2,1.025947222,100,-0.227887445,542.0819305,0.002215538,-58.86352969,0.002185461,-114.1069209,0.001250696,-78.79999145,0.000621383,-49.01180817,0.000417902,-25.63089643,0.000318194,-15.22678646,4.16344e-05,-11.40704108,8.30422e-05,-7.416470447,0.000669568,-6.039093245,0.001553355,-3.724759306,0.002662428,-2.509158144,0.003569426,-1.435330468,0.00244212,-0.699586347,0.000776922,-0.294484702,-6.75168e-06,-0.067069086,100,-0.525534651,6.960429918,0.007161837,-8.877240937,0.007625124,-5.017158944,0.006565842,-9.125407079,0.006608152,-7.608957332,0.007135982,-4.181986268,0.007365602,-2.66206373,0.007348586,-2.455391114,0.006252774,-1.92661536,0.007457889,-2.144404948,0.012093072,-2.105516076,0.016508702,-1.446924993,0.01729654,-0.849258323,0.00934809,-0.423825002,0.002734035,-0.180281988,0.000293389,-0.039545981,INSEE21
0.998567900006669,0.998121900000046,0.99717630000021,0.995330300172894,0.992001400384707,0.986972899997076,0.979117000019634,0.968275900014148,0.955263415083006,0.930171300143746,0.885025600511386,0.790376500426461,0.617163904442869,0.391218915190549,0.198171666851347,0.161492363992731,698.2752601,532.45301103,354.14527041624,214.146519000289,125.021878876622,76.7630554594268,47.8858401902866,31.5217768134823,22.3530621376278,14.320759258358,8.69758835529285,4.77045751296658,2.61207909009917,1.64262655274624,1.24714419074903,1.19259147503393,0.3120516879,0.0746465224015065,0.0782214153250949,0.0796326387257055,0.082838589589073,0.0864514913939466,0.0856854032978187,0.0817680948658586,0.0778115231248719,0.07441611680469,0.0537302147926726,0.041595451130821,0.035971618913973,0.0248794754418253,0.0119913822164365,0.00284669982041452,0.000390309096023489,1.1842653950516,0.991275700044955,0.988687700000473,0.986582100316149,0.9813840006486,0.972817001453876,0.962049706233961,0.947720700025409,0.931685400202676,0.916191929635411,0.886391599929464,0.82058520000954,0.695844900463616,0.500897139322672,0.290317903067518,0.136720974510348,0.103768538782001,114.62237658,88.39935291964,74.5273105321752,53.7172324871075,36.7876981917071,26.3502528278908,19.128029641685,14.6381593467445,11.932020888109,8.80216603131353,5.5736761915494,3.28779626287059,2.0035936477062,1.40908161134137,1.15837191532398,1.11578276857485,0.7281206051,0.174175218760615,0.182516634917978,0.18580948806708,0.193290045804609,0.201720145707659,0.199932606556932,0.190792220353453,0.181560223120399,0.173637605617885,0.125370502877456,0.097056049949338,0.0839337765436449,0.0580521036425503,0.0279798753045498,0.00664228858156514,0.000910733982775899,2.08593770630956,0.3,0.7,3.93934273582952,7.08933309224486,4.01642875972922,0.819404204716621,346.811386855874,4.44089209850063e-16,0.3,1,2,1.040172293,100,-0.232656793,600.2752601,0.002434764,-94.82728086,0.002457611,-146.8003923,0.001202583,-97.42948324,0.000499971,-62.7139883,0.000316427,-32.47783183,0.000386189,-18.22361822,0.000268254,-12.62733907,0.000285202,-8.383839386,0.000669772,-7.069661791,0.001284341,-4.678384326,0.002622085,-3.11457549,0.00375867,-1.719445169,0.003301759,-0.826282202,0.001176321,-0.342582665,0.00013237,-0.032194184,100,-0.53714561,16.62237658,0.007422196,-14.4618684,0.007859909,-8.644770806,0.005787811,-12.00385526,0.005530605,-10.34558801,0.006503113,-5.743434538,0.007430042,-3.486276446,0.007524544,-2.919278565,0.007923308,-2.31307618,0.007677889,-2.612813911,0.010340606,-2.658933676,0.016005909,-1.798919264,0.01828992,-1.015824913,0.012979308,-0.499652831,0.003953352,-0.209874413,0.000523632,-0.020956001,INSEE21
0.998632799999955,0.998197499999996,0.997334600000127,0.995742200032309,0.992592800009731,0.987996600040646,0.980881900094676,0.969825600035104,0.955121599992046,0.930302299960104,0.88686100819419,0.801346400895735,0.630152162749872,0.401319548696717,0.209842137382246,0.141344056412864,731.4218841,554.785020798,375.1782096094,234.863074807915,135.003780060283,83.30972895909,52.3064530302383,33.1406755764809,22.2824343052127,14.3476757398752,8.83868518519084,5.033888157187,2.70381053670725,1.67034002329719,1.26556983069131,1.16461046393405,0.306880497,0.0703933366798395,0.0768607277677877,0.0803230335146578,0.0802344772064161,0.0823301268782545,0.0851402141701557,0.0839215743224328,0.0793560346486815,0.0744058763130754,0.0696131771198673,0.0486338866124909,0.0350861410984382,0.0261296827780785,0.0135357483928608,0.00411624920168282,0.000597353283576423,1.16736730921578,0.991690600000529,0.989144200000644,0.987363000003173,0.983010700120059,0.974850500042407,0.965107800119121,0.952190900273821,0.935068400007744,0.916035200054267,0.886647899968915,0.823275109295727,0.709672299606467,0.514614910536279,0.299465121496327,0.146564112237895,0.0942485130586051,120.34563266,92.1166565384,79.1327055502472,58.8605769515317,39.7622219073654,28.6597004468729,20.916520074333,15.4008217888513,11.9097526658096,8.82206857834684,5.65851217868726,3.44438370371842,2.06021854361317,1.42748063175208,1.17173415911455,1.1040555850175,0.716054493,0.164251119537659,0.179341696433512,0.187420410020014,0.187213776757739,0.192103631770522,0.198660499919526,0.19581700584404,0.185164078175564,0.173613715165714,0.162430745051558,0.113479071178993,0.0818676604163889,0.0609692275632601,0.0315834099981634,0.00960452181831608,0.00139380758027739,2.05635761741494,0.3,0.7,3.92994931683239,7.06519598604196,4.05852700721954,0.907060273572742,353.046277654685,-1.33226762955019e-15,0.3,1,2,1.02293499,100,-0.241211462,633.4218841,0.002354399,-129.5247341,0.002322492,-146.6257412,0.000973699,-112.1992902,0.00015413,-74.85980856,-0.000185065,-39.21171234,2.55393e-05,-22.92134132,0.000181959,-13.78744781,7.5375e-05,-8.608906972,0.000393441,-7.558325155,0.001081271,-5.195658888,0.002210074,-3.489748431,0.003929298,-1.971237826,0.003802427,-0.889497485,0.001739897,-0.344204191,0.000137633,-0.057590843,100,-0.557517143,22.34563266,0.0071368,-20.21327251,0.007352765,-7.498660311,0.004863318,-14.17618737,0.004067789,-12.88066593,0.004595693,-7.392243781,0.006336736,-4.906727697,0.007405752,-3.34464726,0.007269704,-2.435643494,0.00851983,-2.871311892,0.010601892,-2.967610532,0.014331703,-2.017818964,0.018927039,-1.161821794,0.014729845,-0.536041143,0.005779086,-0.20916582,0.000704547,-0.031148892,INSEE21
0.998746800005888,0.998359100014445,0.997555300010877,0.996150600061289,0.993290900091443,0.989111500126182,0.982749500339779,0.972941300825321,0.958661900182128,0.933837099979108,0.893199999924377,0.817945501768439,0.655981402941068,0.425457089935023,0.229895454642405,0.13414440357822,797.9572295,609.421658818,409.04814498204,259.780745017212,149.051288531757,91.8400146490773,57.9693342699082,36.9566904396335,24.1907586829512,15.1142105261084,9.36329587207771,5.49286068148702,2.90681959504325,1.74050861697311,1.29852439683124,1.15492698707749,0.2996055927,0.0720767969844878,0.0725911786904739,0.0789499371840052,0.0809808051051543,0.0798368423876335,0.0812278714366304,0.08359848114969,0.0817341181731439,0.0761853687826729,0.069820434864601,0.0632045634441262,0.0415488109984908,0.026156368695728,0.0147364645000868,0.00488484737382621,0.000902009359372062,1.14890247509164,0.992391500039615,0.990140600107284,0.98845960007728,0.984706600350459,0.977306500425687,0.968419300456607,0.956882800844418,0.941672201565522,0.922522700192275,0.89228950009065,0.832520399951811,0.730823999974737,0.541515399137528,0.319759640465486,0.161053376295915,0.0911675967833154,131.43195111,101.4260502668,86.652109116632,65.3876835792422,44.0654813025011,31.6649092592181,23.1926006309355,17.1444834168463,12.9070063110742,9.28414593549341,5.9708764507799,3.71504145411351,2.18109833564405,1.47006744574091,1.19197083911704,1.10031288093226,0.6990797163,0.168179191796244,0.169379417234288,0.184216517416251,0.188955213470563,0.18628596288711,0.189531702452943,0.19506312326722,0.190712941348894,0.177765859394416,0.162914353957482,0.147477312385308,0.0969472264008023,0.0610315057409944,0.0343850651397689,0.0113979774478263,0.00210467590001522,2.02398297352736,0.3,0.7,3.89613767797054,6.97851921749391,4.09346825437025,0.991462844385517,371.785150662977,-4.44089209850063e-16,0.3,1,2,0.998685309,100,-0.234384133,699.9572295,0.002324726,-107.3717876,0.002294074,-134.6411754,0.000999771,-107.8939004,0.000196678,-81.11452478,-0.000114014,-40.46368981,8.59861e-05,-23.67420011,0.000344827,-14.30363353,0.000390706,-8.287103382,0.000600477,-6.722575093,0.001467351,-4.697426353,0.002576221,-3.1690508,0.004046761,-2.026390799,0.004250112,-0.909225709,0.002044477,-0.338408826,0.000320202,-0.085331447,100,-0.541925318,33.43195111,0.006911375,-16.51266974,0.007141162,-3.622214291,0.004718945,-12.16236786,0.003780519,-13.61788411,0.004130989,-7.30206821,0.005900403,-4.893905807,0.007610647,-3.353706256,0.008149046,-2.185799042,0.008980118,-2.387411677,0.013752123,-2.674750756,0.016414273,-1.830300481,0.018901187,-1.194397694,0.016126908,-0.548946727,0.006768983,-0.20696018,0.001199464,-0.047986595,INSEE21
0.998855500007564,0.998500000009189,0.997760700011092,0.996471500016403,0.993847900026437,0.99001940004476,0.984195300066976,0.975226300158592,0.962119300161714,0.93756790014858,0.895856444026453,0.822341166340975,0.667730822348659,0.438449067544388,0.242116452619548,0.1445777199943,873.743993,666.66666671,446.56812394164,283.406546682399,162.546122426868,100.194377071122,63.2723176860957,40.36538753451,26.3986673808408,16.0174013402922,9.60212628958624,5.62876387663616,3.00960336985728,1.78078185914239,1.31946383563364,1.16901324789462,0.289519968,0.0745005049729924,0.0742668261693571,0.0746922350367189,0.0796663673006478,0.0806514297930284,0.0788774303393698,0.0799005174680123,0.0816407079968005,0.0787471050375768,0.0718390878448502,0.0635935884157816,0.054137092360361,0.0316116043293233,0.015128792508552,0.00544961920606913,0.00114787593753255,1.12811832304318,0.993066100055541,0.991006400066706,0.989459300068996,0.986023900088483,0.979247300123177,0.971109400161155,0.960532100202879,0.946569300260194,0.928888700277789,0.898215800026637,0.836512758328164,0.736642562623966,0.554065978743354,0.33112415392031,0.170241314755186,0.0985201055612787,144.2189821,111.1901796878,94.870359653464,71.5507187342994,48.1865010376574,34.613334438451,25.3370460500337,18.7158319073168,14.0624626435094,9.82470756885276,6.11668307678354,3.7971198827643,2.24248280003124,1.49504563893117,1.20516965082609,1.1092870753347,0.675546592,0.173834512306226,0.173289260890691,0.174281880020727,0.185888185593357,0.188186669414104,0.18404733286402,0.186434543291983,0.19049498673129,0.183743246614793,0.167624536812229,0.148385044114574,0.126319879342955,0.0737604109997068,0.0353004283328076,0.0127157638349148,0.00267837821210875,1.98744971560516,0.3,0.7,3.87467096126043,6.92365578542843,4.11790240409346,1.07218245390413,394.309425564707,4.44089209850063e-16,0.3,1,2,0.96506656,100,-0.224729622,775.743993,0.0023083,-115.3314182,0.00227852,-150.6651017,0.00102034,-117.4606354,0.000213933,-92.03900769,-9.01086e-05,-45.87588569,7.38674e-05,-26.73089667,0.000304293,-16.44456005,0.00039172,-9.81888925,0.000694364,-7.689542169,0.001229976,-5.209800026,0.002439204,-3.547266078,0.004356357,-2.373400098,0.00400038,-1.067901344,0.002061773,-0.386234609,0.000492601,-0.103540661,100,-0.519926256,46.2189821,0.006768215,-17.6131324,0.006857169,-4.527169608,0.004488965,-13.3683482,0.003519511,-15.89342887,0.003644411,-8.570837238,0.005074917,-5.694565024,0.006809466,-4.012916711,0.007806229,-2.739131105,0.009005927,-2.824158616,0.012755521,-2.98177994,0.01853992,-2.054339039,0.021261995,-1.398257825,0.015785016,-0.64243073,0.007177933,-0.235496446,0.001639252,-0.058844347,INSEE21
0.998954400006745,0.998628400008118,0.997948100010028,0.996764500014024,0.994356500022895,0.990848200038915,0.985514700064329,0.977311000091688,0.96529880023085,0.942701900190087,0.901680100356031,0.826531958927594,0.674672166675233,0.449242389033339,0.254418166790466,0.155303123380905,956.3886764,729.07553224,487.3531848758,309.071240862807,177.195003048751,109.26812208833,69.0355049396993,44.0742209423738,28.8174472838198,17.452585673224,10.1708810064864,5.76474867179452,3.07382182010343,1.81568049646014,1.34123429695954,1.18385660192097,0.281860557,0.077317134398814,0.0766877592162175,0.0763752394663398,0.075452958486617,0.0793964318444837,0.0797579128364461,0.077723687321368,0.0782046680310866,0.0789124908425885,0.0746124309128606,0.0658339387787914,0.0546869566696418,0.0412453562013491,0.0187525644417739,0.0057310365745878,0.00134795551965062,1.11458412428481,0.993680000050041,0.991794400059189,0.990370500062277,0.987225200077893,0.981019700111639,0.973568900151684,0.963873900189963,0.951062700236185,0.934786300283455,0.906378300288754,0.845147400050261,0.742250658217589,0.561476335445756,0.340462424467105,0.179566010817859,0.106128807109109,158.2278481,121.867992588,103.847551798044,78.2791120003947,52.6862062296134,37.8342180279043,27.680818020682,20.434310838033,15.3342012471704,10.6812843576392,6.4577540204757,3.87973745724787,2.28037845910902,1.51621377903062,1.21886708315254,1.11872941280957,0.657674633,0.180406645523252,0.178938103247944,0.178208890790377,0.17605690105279,0.185258337867091,0.186101797653057,0.181355268172616,0.182477562188221,0.184129147634263,0.174095672257598,0.153612524652278,0.12760290115163,0.0962391315828965,0.0437559746850923,0.0133723923307984,0.00314522539530809,1.96377011762239,0.3,0.7,3.87395156066571,6.92181943266322,4.14633018772783,1.13707569963111,424.138885583085,-1.33226762955019e-15,0.3,1,2,0.93953519,100,-0.211871478,858.3886764,0.002299005,-127.1935809,0.002274719,-165.9801485,0.001024275,-128.5655206,0.00022018,-100.5434127,-8.85673e-05,-50.02707789,9.28911e-05,-29.15498459,0.000283582,-17.93265039,0.00036439,-10.7406325,0.000781673,-8.41810836,0.001476429,-5.526172307,0.002391331,-3.645335092,0.005096351,-2.442366779,0.004892486,-1.133730806,0.002068107,-0.403931925,0.000560062,-0.109217957,100,-0.490455774,60.2278481,0.006666989,-19.46660987,0.00674622,-5.118824296,0.004210802,-14.69384046,0.003227834,-17.43349813,0.003351954,-9.388552989,0.004571897,-6.240249729,0.006004347,-4.395994291,0.007180507,-3.007314022,0.009054585,-3.099929033,0.013392461,-3.170459397,0.018296162,-2.114611958,0.026249584,-1.440799026,0.019332121,-0.681419365,0.007362801,-0.246277643,0.001892467,-0.062336845,INSEE21
0.999044400005905,0.998745300007217,0.99811910000893,0.997032000013439,0.9948210000196,0.991605100033018,0.986719100056478,0.979213400095598,0.968202200108787,0.947434800357186,0.909868200300914,0.835661400953156,0.681522067623461,0.457188922774912,0.265002645124233,0.166266739332475,1046.4629552,797.003267772,531.6603753952,336.927223778284,193.087468545551,119.119941817776,75.2961018965637,48.1079156609053,31.4487165335264,19.0239931071434,11.0948632857595,6.08499771635664,3.13993430735863,1.84226150870136,1.36054905553093,1.19942434502035,0.2809735983,0.0756185956035018,0.0795123332179003,0.0788072046038508,0.0771549603801176,0.0752484837171253,0.0785825158826191,0.078693732846767,0.0762567875868598,0.0758147102228599,0.0751033000660411,0.0688508241933155,0.0571809353827538,0.0419295415451818,0.0244423203564251,0.00731904806789621,0.00149605388024369,1.11204681187881,0.994238100044601,0.992511800052943,0.991200900055157,0.988321000070661,0.982638100097602,0.975817300135451,0.966932700181637,0.955183000222458,0.940206400257566,0.913966000301985,0.857334000343112,0.754398600126073,0.568885938882203,0.347110006176202,0.187461704283178,0.113957001962139,173.55386244,133.543441678,113.64798672324,85.6237691620831,57.5973827703868,41.3518755150211,30.2413562683462,22.3129615962684,16.7241979032724,11.623311712227,7.00937854548645,4.07163803006619,2.31957155410291,1.53165157792683,1.23071121245001,1.12861339248949,0.6556050627,0.17644339135235,0.185528778763424,0.183883475793862,0.180028240866189,0.175579793273393,0.183359202241193,0.183618711536215,0.177932500050306,0.176900993242671,0.17524103486636,0.160651922768511,0.133422181533619,0.0978355923308642,0.0570320570673217,0.0170777728236493,0.00349078704626264,1.95948245222,0.3,0.7,3.90759008814765,7.0078417280295,4.17661644410965,1.17378907539398,456.469489947597,4.44089209850063e-16,0.3,1,2,0.936578661,100,-0.205947248,948.4629552,0.002301247,-140.2576351,0.002276801,-182.8336462,0.001026833,-140.6788974,0.000221344,-109.8023475,-8.72957e-05,-54.53116117,9.11373e-05,-31.78665775,0.000296573,-19.54687918,0.000323838,-11.74401999,0.000712345,-9.217105231,0.00157428,-6.008670674,0.002767081,-3.88246567,0.005033774,-2.509519391,0.005913158,-1.170083875,0.002548055,-0.418817831,0.000606006,-0.114985266,100,-0.477074738,75.55386244,0.006602478,-21.51984946,0.006668457,-5.782646013,0.004095933,-16.1468316,0.002864505,-19.11614699,0.002997446,-10.28060659,0.004240046,-6.836177399,0.005452269,-4.814240064,0.006323468,-3.301426718,0.008350371,-3.40420551,0.013515418,-3.458280125,0.019403184,-2.25696091,0.026189583,-1.482571154,0.024266249,-0.703119312,0.009220687,-0.255178291,0.002071591,-0.065876349,INSEE21
0.999126400005502,0.998851900006309,0.998275200007838,0.997276400011391,0.995245400020986,0.99229630002757,0.987818900046274,0.980949800081634,0.970853600122191,0.951765100113205,0.917429600723758,0.848286200025582,0.692823465951414,0.465064923564201,0.272945306709456,0.175687730710235,1144.688645,871.004267896,579.77736551656,367.161110287296,210.322635002718,129.80775463464,82.0943920814207,52.4928871886324,34.3095545076872,20.7318766728558,12.1108775520006,6.59135818804434,3.25545104302951,1.86938564521145,1.37541232452734,1.21313247442032,0.2833521261,0.0697199469311237,0.0778295359521438,0.0816417604710608,0.0796015638216456,0.0769779348418212,0.0745318017236529,0.0776285378518718,0.0773485247070974,0.0741589205148262,0.0724341848441332,0.0697571904677483,0.0604866552021655,0.0445467643106978,0.0251025009314876,0.00950757754742656,0.00194407625726675,1.10959785921071,0.994745900040001,0.993165000047692,0.991957700049225,0.989320400062073,0.984115800090073,0.977871800117743,0.96973140016252,0.958958900217457,0.945184000244609,0.920960100271997,0.868733300402307,0.771350100066914,0.581376032066868,0.353774709963348,0.193102700841009,0.120538499654745,190.32755372,146.3057790812,124.34253882244,93.6364657787752,62.9556414588415,45.1912039749791,33.0375372507207,24.3658186589793,18.242848800343,12.6518378652069,7.61807830798248,4.37349852057672,2.38877676446486,1.54744793202086,1.2393150883683,1.13705943520101,0.6611549609,0.16267987691847,0.181602249958567,0.19049743949644,0.185736980693059,0.179615179568666,0.173907534830383,0.181133252526228,0.180479892782144,0.173037479361127,0.169013103243453,0.162766777446243,0.141135526644127,0.103942444009465,0.0585724980582187,0.0221843366166156,0.00453617479117356,1.95499952151388,0.3,0.7,3.94178253999404,7.09560639388461,4.18856531032055,1.19312621024617,483.066192569273,0,0.3,1,2,0.944507087,100,-0.210985153,1046.688645,0.002305819,-154.5294282,0.002278982,-201.2858369,0.001028259,-153.8660576,0.00022256,-119.8660443,-8.49785e-05,-59.41796454,8.96685e-05,-34.6431509,0.000290567,-21.29729267,0.000326931,-12.83620284,0.00060469,-10.08786553,0.001423086,-6.532635693,0.002950679,-4.281607832,0.005576695,-2.707846719,0.005932779,-1.207749976,0.003030298,-0.430003954,0.000727162,-0.1202056,100,-0.489147655,92.32755372,0.006480102,-23.77700611,0.006601147,-6.530034022,0.00400108,-17.73856121,0.002712571,-20.95565232,0.002573735,-11.25423114,0.003837244,-7.487300754,0.005090421,-5.270710484,0.005744204,-3.623853564,0.00733161,-3.73787608,0.01252668,-3.77276717,0.019939941,-2.495692454,0.028040441,-1.601428505,0.024612785,-0.725732191,0.01149301,-0.261703458,0.002590043,-0.069037553,INSEE21
0.999201100004965,0.99894900000589,0.9984177000069,0.997499600010505,0.995633400017744,0.992928000032689,0.988823400037651,0.9825352000666,0.973275500101007,0.955727200158588,0.924354500154249,0.860054901228694,0.706900998811492,0.475543192940749,0.280885408102888,0.182826800014415,1251.721117,951.4747862,631.99140493808,399.936010306229,229.01112998155,141.402715012664,89.4726481319471,57.2580275297922,37.4188478448598,22.5872318775334,13.2195569743987,7.14565930696054,3.41181647128346,1.90673441016892,1.39059893430723,1.22373077603679,0.2832225447,0.0661848316841979,0.071951826460492,0.0799783415691436,0.0824493079731718,0.0794453302279697,0.0763018258273025,0.0737128536971259,0.0764340116864232,0.0754065566760257,0.0711528644080807,0.067651708280304,0.0619447060263469,0.0479448471009724,0.0272311485391872,0.00990621281591927,0.00253638572385895,1.09939801028155,0.995207700035668,0.993759700042608,0.992647600044338,0.990231900055803,0.985464900078365,0.979749100110498,0.97229120013987,0.962417200193784,0.949751900245191,0.927400800261182,0.879296200358413,0.787429700165937,0.59719125653519,0.363096030026061,0.198786506105067,0.125249499392663,208.6680717,160.2487059956,136.010010339576,102.374054315991,68.7989762631997,49.3805213596646,36.0896177294795,26.6079163877063,19.9012500017997,13.7742564623362,8.28474330990278,4.70432604982283,2.48256186216518,1.57009533817557,1.24810678438044,1.14318311160093,0.6608526043,0.154431274646382,0.16788759696749,0.186616131192665,0.192381719053419,0.185372432361064,0.178037591973283,0.171996657249879,0.178346025635362,0.175948635023545,0.166023348343237,0.15785398799192,0.144537649070729,0.11187127646403,0.06353933998233,0.0231144955700468,0.00591822965160267,1.93647307274711,0.3,0.7,3.94717406351852,7.10947515150502,4.17818429887351,1.21258139166814,505.890719307676,4.44089209850063e-16,0.3,1,2,0.944075149,100,-0.216919758,1153.721117,0.002311925,-170.3200859,0.002283046,-221.5927776,0.001029907,-168.2458079,0.00022224,-130.8067581,-8.30941e-05,-64.71346729,8.89313e-05,-37.73895141,0.000284313,-23.19447671,0.000312463,-14.0241816,0.000570992,-11.03613154,0.001198443,-7.097682165,0.002770644,-4.723000694,0.006038273,-3.047714553,0.006514011,-1.283607612,0.003054603,-0.441398998,0.000866021,-0.124173302,100,-0.503249912,110.6680717,0.006319637,-26.27229665,0.006474381,-7.36965316,0.003918716,-19.48163373,0.002585735,-22.9647602,0.002396973,-12.31600727,0.00335306,-8.197762166,0.004646681,-5.768870118,0.005361928,-3.977252284,0.006662734,-4.103735362,0.011026677,-4.114057798,0.018987479,-2.761390692,0.029818464,-1.803466688,0.026767132,-0.770905891,0.011803988,-0.268392189,0.003244163,-0.071345675,INSEE21
0.999269100004051,0.999037600005409,0.998547900006572,0.99770360000889,0.995988100016699,0.993505400026843,0.989741200050571,0.983982900051167,0.975488100082098,0.959352600108905,0.930694600282621,0.87094089970365,0.720448003460304,0.487967973946839,0.291303050042397,0.190079902031803,1368.176221,1039.06899466,688.657806176,435.464204839318,249.258456200104,153.974070801919,97.4772878724105,62.4332743593082,40.7965110391964,24.6018195179626,14.4288900889828,7.74838810391073,3.57715205882133,1.95300216085779,1.41104029496554,1.23468968862108,0.2793091446,0.0668246582104452,0.0684317514264877,0.07412651408598,0.0808111477247242,0.0823117918264391,0.0787999932551945,0.0755384868436339,0.0727043294547856,0.0746869129488298,0.072595159285578,0.0668715004144745,0.0606186892829693,0.0499259085611089,0.0299110906754525,0.01102520827054,0.0027762241893963,1.08670103979578,0.995627800032365,0.994301400037895,0.993276500039549,0.991063400050626,0.98669650007128,0.981464100096166,0.974632000133309,0.965583600165624,0.953941300216055,0.933326700278642,0.889069100360612,0.802548500099496,0.612639979588461,0.374459167163718,0.206698508885527,0.13006720557363,228.717808,175.481697256,148.732059198688,111.899380082784,75.1681888196714,53.9493631179357,39.4197414064713,29.0559151938899,21.7114247689522,14.9985076527637,9.01462081008943,5.06453483170472,2.58157119482637,1.59861649092188,1.26055478441206,1.14951408369283,0.6517213374,0.155924203387985,0.159674087169786,0.17296186720699,0.188559346171975,0.192060848543882,0.183866647791046,0.176256467969716,0.169643432313118,0.174269461748363,0.169388707925698,0.15603349836899,0.141443611434475,0.116493926265191,0.0697925173580372,0.0257254813953094,0.00647785499886228,1.91371981910523,0.3,0.7,3.94032441087772,7.09185700603446,4.15756180850546,1.22803575312327,533.167609229056,0,0.3,1,2,0.931030482,100,-0.21617162,1270.176221,0.00231648,-187.6177,0.002288537,-243.7874843,0.001032784,-183.887372,0.000222507,-142.6788339,-8.34996e-05,-70.45683658,8.9456e-05,-41.09737284,0.000278856,-25.24992081,0.000295562,-15.31635594,0.000527062,-12.06865137,0.00110103,-7.706597151,0.002434506,-5.206777731,0.006137134,-3.425594062,0.007111245,-1.390577981,0.003376376,-0.457559427,0.000965103,-0.128097267,100,-0.501761397,130.717808,0.00620651,-29.01301301,0.006308647,-8.311672677,0.0037661,-21.39043005,0.002475417,-25.15838441,0.002248174,-13.47363362,0.003152084,-8.973169526,0.004110891,-6.311910181,0.004884985,-4.364333291,0.006213803,-4.504717349,0.010049799,-4.484150523,0.017144693,-3.054513612,0.030177306,-2.028668334,0.029172501,-0.834294134,0.013094718,-0.278138647,0.003582776,-0.073630565,INSEE21
0.999331100003848,0.99911830000427,0.998666800006164,0.997890200009164,0.996312500012747,0.994033200025952,0.990580000040723,0.985305400080463,0.977510000054601,0.962670300082601,0.936498500182189,0.88100390014641,0.733422297417913,0.500254993343758,0.303879367492908,0.199849538965479,1494.991778,1134.17262098,750.0750079668,473.97857645248,271.186440642532,167.594020346102,106.157112565881,68.0522097349623,44.464206232122,26.7883213184125,15.7476594726033,8.40363674620311,3.75125147483252,2.00101976264491,1.43653247264063,1.24976492106623,0.2728829697,0.0680530875473432,0.0690791191597449,0.070625268680691,0.074993456959692,0.0807093744825169,0.0816939958654526,0.0780791852883731,0.0746060143498758,0.0711997692075917,0.0721264721315673,0.0685634817537442,0.0605398167355155,0.0495108806662957,0.0318012424480195,0.012408367943854,0.00319390850794446,1.07653679550832,0.996010100027693,0.994794500034543,0.993849800034964,0.991821900044768,0.987820900065339,0.983030700088044,0.976772100115308,0.968481400160999,0.957781700181515,0.938775200242247,0.898099100429958,0.816738200140866,0.627654083587172,0.385817471492571,0.216589118704366,0.136997204856169,250.6328479,192.10450488,162.59633832788,122.277790684714,82.1078733311287,58.929949963278,43.051674915577,31.7272975323419,23.6864108600121,16.3332505785731,9.8134560187084,5.45667454688764,2.68566758207063,1.62818028292984,1.27646934510344,1.15874479372381,0.6367269293,0.158790539389713,0.161184611728467,0.164792293451015,0.174984735193265,0.188321875923617,0.190619324879827,0.182184762694394,0.174080699894675,0.166132794393891,0.168295099692934,0.159981460166747,0.14125957108131,0.115525530222135,0.074202938608895,0.0289528442692735,0.00745245247712429,1.89604598276624,0.3,0.7,3.94353452704526,7.10011218510857,4.1335548747955,1.23114663030684,567.527611829157,0,0.3,1,2,0.909609899,100,-0.21105191,1396.991778,0.002318773,-206.6400756,0.002292887,-268.2126068,0.001037167,-200.9060736,0.000222433,-155.5684801,-8.32138e-05,-76.67926673,8.75854e-05,-44.73747682,0.000277435,-27.47553238,0.000277561,-16.72040264,0.000475388,-13.1922595,0.000999559,-8.362123655,0.002298692,-5.736675541,0.005838267,-3.842168867,0.007438998,-1.504589255,0.003695176,-0.477409645,0.001098238,-0.133054568,100,-0.490081342,152.6328479,0.006148958,-32.03894696,0.006191775,-9.375724983,0.003568559,-23.47962733,0.002271029,-27.55351915,0.002118497,-14.73487508,0.002982444,-9.81870094,0.003890345,-6.904049046,0.004302918,-4.78838603,0.005644758,-4.943945695,0.009383194,-4.885081481,0.016035121,-3.377653847,0.028871519,-2.277576553,0.03058072,-0.901759488,0.014526835,-0.290174816,0.004106411,-0.076598895,INSEE21
0.999387600003082,0.999192000004174,0.998775500004561,0.998060900008674,0.996609400015466,0.994516100018804,0.991347000040712,0.986513900063244,0.979358000120197,0.96570680003116,0.941810400130737,0.890301199915984,0.745840599275976,0.512354776424236,0.316518299435644,0.211702231823928,1632.91966,1237.62376284,816.6598610604,515.703161707464,294.93305052343,182.351975749681,115.56685552918,74.1504215845631,48.4449182102631,29.1602999174796,17.1852014350442,9.11586996915126,3.93453870727905,2.05067039033587,1.46309679139201,1.26855610818782,0.2665561473,0.0688999292826177,0.0703138001403434,0.071282195878507,0.0715170524894757,0.0749405245881091,0.0801450424889491,0.0810113898277268,0.0772048378985171,0.0731990330912207,0.0689577981888842,0.0684328579746452,0.0625715878326659,0.0503068294754212,0.0320200662781614,0.0135383444405928,0.00375145061289325,1.06497206158368,0.996358100025542,0.995243800029205,0.994372700032295,0.992514000039826,0.988847600057919,0.984461900081442,0.978728200106791,0.971132900138259,0.961300700181115,0.943781400192425,0.906432000373016,0.83003340034535,0.642230985309805,0.397119873183648,0.226629921509611,0.145706808057655,274.581949,210.251881712,177.7051161624,133.582687681322,89.6667981810199,64.3579330845062,47.0105961840124,34.6415123002654,25.8402606766951,17.7877072618119,10.6874145010016,5.88350888133423,2.79509181594989,1.65870432942921,1.29304197227125,1.17055830320137,0.6219643437,0.160766499542419,0.164065536242405,0.16632512613505,0.166873123603321,0.174861227616306,0.187005100531087,0.189026578285431,0.180144620062266,0.17079774271391,0.160901527323929,0.159676666640994,0.146000372832496,0.117382738634957,0.0747135279631427,0.0315894730785747,0.00875338073752642,1.87621312673989,0.3,0.7,3.9485846084677,7.11310487385352,4.11549647343254,1.24259339782001,608.609148681408,-4.44089209850063e-16,0.3,1,2,0.888520491,100,-0.203800509,1534.91966,0.002320715,-227.4681796,0.002295173,-294.8293075,0.001040789,-219.3703461,0.000223606,-169.5659544,-8.27553e-05,-83.41073608,8.69514e-05,-48.67528441,0.000272995,-29.88354873,0.000270908,-18.24624733,0.000415895,-14.41462219,0.000886525,-9.067353457,0.002166893,-6.316836314,0.005905578,-4.301025304,0.007252001,-1.625556055,0.003874603,-0.497902576,0.001271644,-0.139245715,100,-0.473419953,176.581949,0.006101581,-35.36830923,0.006131832,-10.55729862,0.003428518,-25.76172388,0.002007649,-30.16543669,0.001878915,-16.10778278,0.00283494,-10.74075478,0.003702066,-7.549129117,0.004066434,-5.252490905,0.00494018,-5.424975381,0.008530989,-5.319171066,0.015337403,-3.733678017,0.028720592,-2.55244924,0.03014176,-0.973249901,0.015517924,-0.302574705,0.004786922,-0.080381655,INSEE21
0.99943910000293,0.99925920000321,0.998875000004838,0.998217000005663,0.996881100014151,0.994957800025594,0.992048400026808,0.987618300065522,0.981047400091141,0.968486200199883,0.946671900020683,0.898886899824713,0.757719698206412,0.524262384130702,0.329157368970759,0.22375696978696,1782.848993,1349.8920083,888.8888893832,560.852495639192,320.625862073315,198.326127802962,125.760853124688,80.7643539485964,52.7632093128719,31.7321301360578,18.75183994213,9.88991530834334,4.12745069476824,2.10199819013347,1.49066238152915,1.28825625856417,0.2625270279,0.0686167203162151,0.0711668861400449,0.0725246548923922,0.0721866565730973,0.071500047772411,0.0744493036467295,0.0795372315395551,0.0801893791284946,0.0758730366438957,0.0710834880118977,0.0657041245044077,0.0629227495685068,0.0526468205667649,0.0333607233684916,0.0138983629261803,0.00431255073327455,1.05302958881384,0.996674600022679,0.995652800027067,0.994849500026568,0.993145400037061,0.98978510005142,0.985769000073407,0.980516300099409,0.973558100129307,0.964524000153219,0.94837860020566,0.914113700281407,0.842470900251059,0.656369384900565,0.408358575984497,0.236769321574473,0.154645610028818,300.7157034,230.03312479,194.15590714776,145.887433289152,97.8962104376959,70.2691307773995,51.324953682816,37.8187649103322,28.1880707992601,19.3718109161612,11.6433004935756,6.34803347498161,2.91009325470755,1.69021273563089,1.31021982884063,1.18293581882582,0.6125630651,0.160105680772565,0.16605606792199,0.169224198255606,0.168435535247427,0.166833444789312,0.173715046389722,0.18558687345358,0.187108552173542,0.177037084399717,0.165861471768239,0.153309622275302,0.146819748567835,0.122842727299813,0.0778417302806632,0.0324295159779932,0.0100626172905023,1.8555594506735,0.3,0.7,3.95633379786282,7.13305559189679,4.10833274619617,1.26600637418349,653.94523096878,4.44089209850063e-16,0.3,1,2,0.875090093,100,-0.197776188,1684.848993,0.002322628,-250.3692585,0.002296954,-323.9823982,0.001042684,-239.4741682,0.000225481,-184.7632364,-8.02546e-05,-90.70826171,8.56841e-05,-52.94408311,0.000270517,-32.49116447,0.000261861,-19.90420384,0.000394684,-15.74388971,0.000758953,-9.825253977,0.001996894,-6.951582098,0.00597839,-4.806101875,0.007585779,-1.753849743,0.003763426,-0.518994601,0.001446453,-0.145578597,100,-0.459593531,202.7157034,0.006054206,-39.05718523,0.006081908,-11.89093693,0.003355519,-28.26358055,0.001821357,-33.01482349,0.00157083,-17.60433144,0.002559708,-11.74582074,0.003538623,-8.25161935,0.003863935,-5.760611255,0.004665739,-5.951644547,0.007463329,-5.788652623,0.014282782,-4.125632736,0.029076764,-2.855745449,0.031226712,-1.048977244,0.015497195,-0.315310414,0.005459816,-0.084245314,INSEE21
0.999486100002423,0.999320600003142,0.998965900003381,0.998359900006839,0.997129900007867,0.995362200023692,0.992690100042264,0.988628000039784,0.982592400098441,0.971031100136121,0.951120700425128,0.906811999552915,0.769077097730359,0.535973181667229,0.341780584233152,0.235953329672189,1945.903872,1471.88695934,967.024465434,609.718920095536,348.419915526408,215.619475131848,136.800777336902,87.9352796021941,57.4461730396245,34.5197781466144,20.4585582033367,10.7309953262874,4.33044964417647,2.15504698187287,1.5192500263308,1.30882048689857,0.2611496442,0.0667486674908202,0.0708905500500251,0.0733855463934816,0.0734394104331298,0.0721877926109329,0.0710624787333629,0.073943785665848,0.0788189434050132,0.0789253739089324,0.073853758956873,0.0680017496563207,0.060835200781464,0.0535830688133666,0.0354778056672334,0.014956384930934,0.00467479957336152,1.03931764222971,0.996962800020183,0.996025900024401,0.99528450002507,0.99372170002992,0.990640900048467,0.986963100063995,0.982150400089985,0.975776100121519,0.967475600144764,0.952598600166567,0.921187900336114,0.854089100044522,0.670069880789206,0.419525880663102,0.246996423724605,0.16376980933831,329.2506256,251.629299742,212.0665889242,159.278785614805,106.847880703369,76.705351728942,56.0236644018515,41.2815442631597,30.7461475031255,21.0964233032749,12.6884069838379,6.85349757070412,3.03093585348198,1.7227294546134,1.32801489591828,1.19584295926382,0.6093491698,0.155746889897208,0.165411282361445,0.17123294114857,0.171358627072515,0.168438185107089,0.165812450048762,0.172535503557647,0.183910868928406,0.184159208205302,0.172325434287495,0.158670750692186,0.141948799495424,0.125027304058726,0.0827815931902036,0.0348982366687357,0.0109078622813561,1.83130058200543,0.3,0.7,3.95976083982768,7.1418840458689,4.10645006807217,1.30102733116791,699.025744112581,0,0.3,1,2,0.870498814,100,-0.195631109,1847.903872,0.002324661,-275.3050538,0.002298723,-355.8697027,0.001044067,-261.3921915,0.000226279,-201.2155302,-7.70515e-05,-98.5938697,8.64731e-05,-57.55882791,0.000266518,-35.31035646,0.000255792,-21.70289383,0.00037177,-17.18816698,0.000709009,-10.63892933,0.001774624,-7.645807817,0.005905262,-5.361667358,0.007877058,-1.889854699,0.003975457,-0.5407082,0.001564944,-0.152028647,100,-0.454779158,231.2506256,0.006001613,-43.07208959,0.006032145,-13.36587337,0.003294393,-30.99400339,0.001723202,-36.12180392,0.001353212,-19.2329345,0.002205069,-12.84008376,0.003231265,-9.016910346,0.003688519,-6.316242109,0.004427252,-6.52788608,0.007054507,-6.295967714,0.012789904,-4.556936913,0.028659316,-3.190136952,0.032617712,-1.129161935,0.016467703,-0.328393585,0.00589278,-0.088172473,INSEE21
0.999529100000098,0.999376700002542,0.999049100003513,0.998490700004191,0.997357800011887,0.995732500010877,0.993277400039784,0.989551500072173,0.984005600052047,0.973361400165297,0.9551919002818,0.91412480082817,0.779930496193008,0.547483280799446,0.354373080785361,0.248270248045955,2123.59312,1604.36386936,1051.6352931532,662.55880182532,378.472485593625,234.32923241588,148.751971339211,95.7075181301644,62.5218826301502,37.539510438832,22.3173935436821,11.6448055652699,4.54401896976164,2.20986217529294,1.54888190923541,1.33026519880418,0.2607247251,0.0641955953984785,0.0690302944463367,0.0731178831324581,0.0743106957593436,0.0734553669818235,0.0717773745680722,0.0706319297230733,0.0733678509381978,0.0776918697735551,0.0769930656554453,0.0709007379480897,0.0633811785789449,0.052400454656852,0.0366987868753942,0.0162473891482573,0.00526444182431283,1.02620314904514,0.997225200018129,0.996365600021497,0.995681300022457,0.994247700028777,0.991422800037442,0.988053900061853,0.98364380007684,0.977804100110823,0.970177700138194,0.956470600161471,0.927696900263621,0.86492770024111,0.68333417364961,0.43061488215329,0.25730062920761,0.173067711307281,360.3863342,275.148580258,231.55116125716,173.843506095716,116.588163922509,83.7093277593015,61.1388953343631,45.0533657178145,33.5319542788965,22.972979177063,13.8306656192094,7.40344245316118,3.15789339829003,1.75628028341234,1.34643976052113,1.20928883499991,0.6083576919,0.149789721513782,0.161070686185868,0.170608392463616,0.17339162337928,0.171395862554186,0.167480542342446,0.164807837155293,0.171191656793983,0.181281031289654,0.179650487944154,0.165435052985807,0.147889416662077,0.122267865156069,0.0856305498421704,0.0379105774682054,0.0122836965654821,1.80779898146831,0.3,0.7,3.96122669937133,7.14566126868582,4.10063233271071,1.33192660237447,742.000155202481,0,0.3,1,2,0.869082417,100,-0.196819844,2025.59312,0.002326976,-302.6219252,0.002300641,-390.813927,0.001045509,-285.1251743,0.000226735,-219.0520561,-7.56255e-05,-107.1222848,8.89106e-05,-62.55511429,0.000264954,-38.35724366,0.000244975,-23.65469138,0.000354073,-18.75773914,0.000656899,-11.51198904,0.001716376,-8.404581474,0.005613495,-5.97235645,0.007979699,-2.033978476,0.004121764,-0.563064133,0.001735433,-0.158599827,100,-0.457708733,262.3863342,0.00594275,-47.51703283,0.005977107,-15.04555249,0.003233734,-33.98175105,0.001640998,-39.50504598,0.001238269,-21.00159533,0.001955073,-14.03234936,0.002835636,-9.849825396,0.003351753,-6.923959099,0.004220684,-7.158245376,0.006690948,-6.843829218,0.012370458,-5.031196391,0.02715225,-3.558534221,0.03317836,-1.214036853,0.01746382,-0.341835105,0.006568419,-0.092165763,INSEE21
0.999568200000053,0.999427900002499,0.999125300002665,0.998610600004699,0.99756670000557,0.996071600020035,0.993815100014264,0.990396300068338,0.985298600117092,0.97549610006666,0.958917500358997,0.920870500447117,0.790297703474856,0.558789475281718,0.366920881115519,0.260687442821327,2315.886985,1747.9461637,1143.2491136728,719.735137690136,410.964533488813,254.556562981753,161.684101447562,104.126534932427,68.0207330175611,40.8098302475472,24.3412646300554,12.6375119628085,4.76866499096452,2.26649074036641,1.57958115478708,1.35260778505071,0.2590967487,0.0625289608269759,0.0664847282840298,0.0712673405395902,0.0740544743117527,0.0743415140398916,0.0730670440040275,0.0713847605926565,0.0701604270104594,0.0724293991869704,0.0759404541442475,0.0741563986919462,0.0664655249553677,0.0552148140583742,0.036484166830916,0.0171709811661188,0.005974531333937,1.01653763180379,0.997464300015995,0.996675100019245,0.996043500019936,0.994728000025726,0.992136900037798,0.989050400046141,0.985008700077773,0.979658700095401,0.972651100127127,0.960022400159869,0.933681600270537,0.875026600078505,0.696164700086067,0.441618881633693,0.267671329732066,0.182527816656613,394.368419,300.760925186,252.74864150284,189.681335382017,127.176304533802,91.3275370340585,66.7053558041155,49.1610663976759,36.5645419074582,25.0140078473186,15.0787714975217,8.00170275282522,3.29125681009796,1.79089123232423,1.3655070467441,1.22328319231071,0.6045590803,0.145900909987545,0.155131032753132,0.166290460217054,0.172793771812557,0.173463531753724,0.170489774451129,0.166564443108653,0.163707661900842,0.169001932871234,0.177194392795506,0.173031599796639,0.15508622291828,0.128834711326304,0.0851297693453152,0.040065629353784,0.0139405718767597,1.79048756096569,0.3,0.7,3.96786538726167,7.16277531989491,4.08740776524572,1.3461211006517,785.95316188164,-1.33226762955019e-15,0.3,1,2,0.863655829,100,-0.198072989,2217.886985,0.002329146,-333.1750939,0.002302687,-429.0274783,0.001046948,-310.8674496,0.000227162,-238.3430923,-7.48522e-05,-116.3464729,8.99166e-05,-67.95854632,0.000266495,-41.65039698,0.000235023,-25.77263475,0.000318187,-20.46161473,0.000613246,-12.4474556,0.001653402,-9.23353371,0.0057819,-6.643244463,0.007795794,-2.18664785,0.004165919,-0.586083777,0.001940788,-0.165296486,100,-0.460768711,296.368419,0.005885707,-52.41768233,0.00591539,-16.89696715,0.00316677,-37.23880265,0.001559123,-43.19033144,0.001141424,-22.92886361,0.001823246,-15.3297854,0.002557883,-10.75505103,0.002915605,-7.587756496,0.003804416,-7.847307346,0.006370399,-7.434748096,0.011996863,-5.552349554,0.027776819,-3.964116794,0.032479407,-1.303844298,0.018032835,-0.355647631,0.007379475,-0.096227773,INSEE21
0.999603899999967,0.999474600002111,0.999195000002855,0.998720500003238,0.997758200007427,0.996382400006829,0.994307500034205,0.991169500019056,0.986482100112318,0.977451700220128,0.962326900128625,0.927091300713865,0.800196801424613,0.569889304973353,0.379410572850551,0.273184741856162,2524.614996,1903.3117627,1242.236025326,781.555294699344,446.070122436333,276.426359719037,175.669741392118,113.243870528611,73.9759877537787,44.3492416972099,26.5441388925962,13.7157843574543,5.00492488155233,2.32498184314523,1.61137104855908,1.37586532669134,0.2555920764,0.0623397977239251,0.0648241100086431,0.068731258092377,0.0722168906969794,0.0741017545598225,0.0739753860376267,0.0727052830446092,0.0709660057722311,0.0693600715170231,0.070930743437061,0.0733555624641289,0.0698905029748084,0.0584558887324778,0.0390966439754565,0.0174637696403653,0.00663140917092868,1.00811452014596,0.997681800013747,0.996957400016921,0.996374000017807,0.995166600022802,0.992789300033518,0.989960900047722,0.986256200054668,0.981354200099155,0.974914800107839,0.963279400148988,0.939180200282435,0.884425600157337,0.708567599236426,0.452531586785371,0.278098627390911,0.192138416242411,431.3691657,328.66627229,275.78599011228,206.893698042783,138.682790874376,99.6105228731256,72.7600808633773,53.6313808280332,39.8641429967224,27.2326704963091,16.4420139523722,8.65243513657131,3.43132746176872,1.826589110896,1.38523071767775,1.23783578780921,0.5963815116,0.145459527849753,0.151256257054735,0.160372934825137,0.168506076915068,0.172904092111949,0.172609231474437,0.169645664108659,0.165587347817938,0.161840165447094,0.165505071226699,0.171162979224274,0.163077841476197,0.136397072865385,0.0912255561315218,0.0407488005604446,0.0154732878489193,1.77563900830788,0.3,0.7,3.97672317244262,7.18562915641731,4.06879057278667,1.35061536669278,836.043352616406,4.44089209850063e-16,0.3,1,2,0.851973588,100,-0.196645073,2426.614996,0.002330922,-366.2574826,0.002304684,-470.7512151,0.001048569,-338.8288367,0.000227477,-259.2703125,-7.40848e-05,-126.3188831,9.01514e-05,-73.79569033,0.000266803,-45.20654889,0.000231101,-28.06801648,0.000276147,-22.31107666,0.000534932,-13.44949475,0.001602063,-10.13865498,0.005928337,-7.379836842,0.008243187,-2.348309848,0.004076967,-0.609789877,0.00215515,-0.172124205,100,-0.457566572,333.3691657,0.005840453,-57.81477833,0.005855678,-18.95971657,0.0030923,-40.79997063,0.001469015,-47.2049178,0.001045056,-25.02225557,0.001711753,-16.74090543,0.002411042,-11.73986786,0.002609728,-8.313702073,0.00325943,-8.600580573,0.005719835,-8.071713738,0.011670589,-6.124760931,0.028431519,-4.410341236,0.034329715,-1.398842563,0.017962002,-0.36984269,0.008160196,-0.100361118,INSEE21
0.999636500000018,0.999517400001801,0.999258900002399,0.998821100004006,0.997933700004122,0.996667100011858,0.994758700007863,0.991877200059801,0.987565600018708,0.979243900216687,0.965447200497108,0.932826800056707,0.809645203400457,0.580780797150348,0.391829833419432,0.285743130665332,2751.031637,2072.10940718,1349.345567646,848.24836761948,483.956830705357,300.039005287607,190.792360384656,123.110258044275,80.4220547980389,48.1786080887031,28.9412148932657,14.8868893847443,5.25334805230518,2.38538582592129,1.64427635728233,1.4000564045879,0.2510840766,0.0627617153785294,0.0646392403943325,0.0670783256002712,0.0696934894478703,0.0722827908719513,0.0737602985530329,0.0736447480551378,0.0723295520440693,0.0702353654107734,0.0680472688317039,0.0687043054556057,0.0694630228194664,0.0620235119303991,0.0419675088013514,0.019143419087262,0.00711671040103867,0.997826443365124,0.997880000012339,0.997214700014544,0.996675700015601,0.995567100020468,0.993385300029785,0.990792900042963,0.987396500058781,0.982904400064859,0.976986300116934,0.966265800122897,0.94422940026924,0.893164200252032,0.720547299631331,0.463347285867549,0.288572434125484,0.201887813207291,471.6981132,359.027752816,300.8152092442,225.585959570034,151.178435931928,108.611832196889,79.3430396456631,58.4945833561098,43.4523783994725,29.6435071787879,17.9305942613829,9.36015830232477,3.57842310583989,1.86340217553335,1.40562441067808,1.25295665732419,0.5858628454,0.146444001988007,0.150824894692779,0.156516093869348,0.16261814128561,0.168659843151905,0.172107361649079,0.171837743728334,0.168768959001643,0.163882522098312,0.158776957491889,0.16031004894245,0.162080384625146,0.144721528623448,0.0979241698166527,0.0446679869431487,0.0166056560034617,1.7576996880372,0.3,0.7,3.98270975832485,7.20108741800476,4.04658448899401,1.35567036728211,894.682346444007,-4.44089209850063e-16,0.3,1,2,0.836946922,100,-0.192729121,2653.031637,0.002332196,-402.0132889,0.002306399,-515.8999598,0.001050173,-369.1429372,0.000227796,-281.9673581,-7.33855e-05,-137.1097147,9.04669e-05,-80.10547214,0.000266293,-49.04608852,0.000228671,-30.55693832,0.000251149,-24.31785991,0.000445743,-14.52104197,0.001455719,-11.12636673,0.006097355,-8.188120618,0.008654123,-2.519440558,0.004309739,-0.634205849,0.002345875,-0.179087223,100,-0.448554978,373.6981132,0.005807942,-63.71402957,0.005808292,-21.2777376,0.003020353,-44.68431074,0.001368813,-51.57738815,0.000939071,-27.29730286,0.001600819,-18.27527277,0.002286474,-12.81029589,0.002448966,-9.106374812,0.00287966,-9.423352958,0.004870963,-8.757422825,0.010699464,-6.753015371,0.029169854,-4.900963328,0.036200186,-1.499298737,0.019298285,-0.384432918,0.008776246,-0.104569446,INSEE21
