mod,period,variable,value
age_60,1,beta_Q_2,0.973436404874763
age_60,1,beta_Q_3,0.970539000001623
age_60,1,beta_Q_4,0.965744200006298
age_60,1,beta_Q_5,0.961176300029427
age_60,1,beta_Q_6,0.955116300619925
age_60,1,beta_Q_7,0.940183999984989
age_60,1,beta_Q_8,0.909499218945487
age_60,1,beta_Q_9,0.85988771100122
age_60,1,beta_Q_10,0.781753818094209
age_60,1,beta_Q_11,0.658329466557867
age_60,1,beta_Q_12,0.512809028093422
age_60,1,beta_Q_13,0.344799901709008
age_60,1,beta_Q_14,0.210284003873888
age_60,1,beta_Q_15,0.118657324974081
age_60,1,beta_Q_16,0.0591105026749442
age_60,1,beta_Q_17,0.031131000636637
age_60,1,h_Q_2,37.64549986
age_60,1,h_Q_3,33.94317912
age_60,1,h_Q_4,29.19213681
age_60,1,h_Q_5,25.75746258
age_60,1,h_Q_6,22.27980314
age_60,1,h_Q_7,16.7179349964
age_60,1,h_Q_8,11.049626084672
age_60,1,h_Q_9,7.13713214817855
age_60,1,h_Q_10,4.58198126301498
age_60,1,h_Q_11,2.92679557875468
age_60,1,h_Q_12,2.05258307497959
age_60,1,h_Q_13,1.52625129347999
age_60,1,h_Q_14,1.26627752601038
age_60,1,h_Q_15,1.13462803749019
age_60,1,h_Q_16,1.06282406454038
age_60,1,h_Q_17,1.03213127924955
age_60,1,P_Q_1,0.2522852124
age_60,1,P_Q_2,0.0592788505108232
age_60,1,P_Q_3,0.0529788315263616
age_60,1,P_Q_4,0.0516187991809102
age_60,1,P_Q_5,0.0480152225133509
age_60,1,P_Q_6,0.0426744931906979
age_60,1,P_Q_7,0.0407094252183056
age_60,1,P_Q_8,0.0361254806344776
age_60,1,P_Q_9,0.0316353121871109
age_60,1,P_Q_10,0.0252264559898656
age_60,1,P_Q_11,0.0186772111554823
age_60,1,P_Q_12,0.011249689408626
age_60,1,P_Q_13,0.00531388564243529
age_60,1,P_Q_14,0.00164097968469545
age_60,1,P_Q_15,0.000304585058292062
age_60,1,P_Q_16,3.2652531888111e-05
age_60,1,P_Q_17,2.01287823792251e-06
age_60,1,L_Q,0.751657247757595
age_60,1,beta_NQ_2,0.939491000019456
age_60,1,beta_NQ_3,0.931619200148016
age_60,1,beta_NQ_4,0.925826700715022
age_60,1,beta_NQ_5,0.916842509905461
age_60,1,beta_NQ_6,0.905218099976406
age_60,1,beta_NQ_7,0.883457900039542
age_60,1,beta_NQ_8,0.843435236949881
age_60,1,beta_NQ_9,0.785066520379141
age_60,1,beta_NQ_10,0.701200501908016
age_60,1,beta_NQ_11,0.582111699569906
age_60,1,beta_NQ_12,0.433853272111351
age_60,1,beta_NQ_13,0.278824341886696
age_60,1,beta_NQ_14,0.164751615202972
age_60,1,beta_NQ_15,0.0914522727890728
age_60,1,beta_NQ_16,0.0448453010253704
age_60,1,beta_NQ_17,0.0234374042852502
age_60,1,h_NQ_2,16.52646714
age_60,1,h_NQ_3,14.62398802
age_60,1,h_NQ_4,13.48194027
age_60,1,h_NQ_5,12.02537354
age_60,1,h_NQ_6,10.5505376
age_60,1,h_NQ_7,8.58059018639999
age_60,1,h_NQ_8,6.387123554672
age_60,1,h_NQ_9,4.65260184817856
age_60,1,h_NQ_10,3.34672581301498
age_60,1,h_NQ_11,2.39298395875468
age_60,1,h_NQ_12,1.76632258497959
age_60,1,h_NQ_13,1.38662464347999
age_60,1,h_NQ_14,1.19724704601039
age_60,1,h_NQ_15,1.10064773749018
age_60,1,h_NQ_16,1.04695082454037
age_60,1,h_NQ_17,1.02399989924956
age_60,1,P_NQ_1,0.5886654956
age_60,1,P_NQ_2,0.138317317858587
age_60,1,P_NQ_3,0.123617274894843
age_60,1,P_NQ_4,0.120443865422124
age_60,1,P_NQ_5,0.112035520531152
age_60,1,P_NQ_6,0.0995738157782948
age_60,1,P_NQ_7,0.0949886588427129
age_60,1,P_NQ_8,0.0842927891471142
age_60,1,P_NQ_9,0.0738157284365917
age_60,1,P_NQ_10,0.0588617313096862
age_60,1,P_NQ_11,0.0435801576961252
age_60,1,P_NQ_12,0.026249274286794
age_60,1,P_NQ_13,0.0123990668323489
age_60,1,P_NQ_14,0.00382895393095584
age_60,1,P_NQ_15,0.000710697469347821
age_60,1,P_NQ_16,7.6189241072e-05
age_60,1,P_NQ_17,4.69538255498669e-06
age_60,1,L_NQ,1.32486257678101
age_60,1,pi_Q,0.3
age_60,1,pi_NQ,0.7
age_60,1,y,0.287537546460131
age_60,1,nbar,5.37545885915072
age_60,1,Ptot,2.25923033237186
age_60,1,Pret,0.208158238498408
age_60,1,H,102.937051194269
age_60,1,cCheck,-1.33226762955019e-15
age_60,1,shareq,0.3
age_60,1,A,0.088593872
age_60,1,A_Q,2
age_60,1,xpop,0.840950708
age_60,1,h_Q_1,100
age_60,1,mig_Q_2,-0.237659925
age_60,1,med_Q_2,-60.35450014
age_60,1,mig_Q_3,-0.24086812
age_60,1,med_Q_3,-62.09682088
age_60,1,mig_Q_4,-0.23910608
age_60,1,med_Q_4,-64.92706319
age_60,1,mig_Q_5,-0.239557717
age_60,1,med_Q_5,-66.47935342
age_60,1,mig_Q_6,-0.241717051
age_60,1,med_Q_6,-68.11227654
age_60,1,mig_Q_7,-0.240471711
age_60,1,med_Q_7,-71.86630309
age_60,1,mig_Q_8,-0.24181671
age_60,1,med_Q_8,-75.76292724
age_60,1,mig_Q_9,-0.243039903
age_60,1,med_Q_9,-77.93917011
age_60,1,mig_Q_10,-0.246154295
age_60,1,med_Q_10,-78.79279495
age_60,1,mig_Q_11,-0.249382162
age_60,1,med_Q_11,-78.78048511
age_60,1,mig_Q_12,-0.253462002
age_60,1,med_Q_12,-78.020552
age_60,1,mig_Q_13,-0.256024465
age_60,1,med_Q_13,-76.94542108
age_60,1,mig_Q_14,-0.256299052
age_60,1,med_Q_14,-75.6359614
age_60,1,mig_Q_15,-0.254212866
age_60,1,med_Q_15,-74.22956611
age_60,1,mig_Q_16,-0.25103871
age_60,1,med_Q_16,-72.7940862
age_60,1,mig_Q_17,-0.247600544
age_60,1,med_Q_17,-71.34764078
age_60,1,h_NQ_1,100
age_60,1,mig_NQ_2,-0.554539825
age_60,1,med_NQ_2,-81.47353286
age_60,1,mig_NQ_3,-0.562025612
age_60,1,med_NQ_3,-81.41601198
age_60,1,mig_NQ_4,-0.557914186
age_60,1,med_NQ_4,-80.63725973
age_60,1,mig_NQ_5,-0.558968005
age_60,1,med_NQ_5,-80.21144246
age_60,1,mig_NQ_6,-0.564006454
age_60,1,med_NQ_6,-79.84154208
age_60,1,mig_NQ_7,-0.561100659
age_60,1,med_NQ_7,-80.0036479
age_60,1,mig_NQ_8,-0.564238989
age_60,1,med_NQ_8,-80.42542977
age_60,1,mig_NQ_9,-0.567093107
age_60,1,med_NQ_9,-80.42370041
age_60,1,mig_NQ_10,-0.574360021
age_60,1,med_NQ_10,-80.0280504
age_60,1,mig_NQ_11,-0.581891713
age_60,1,med_NQ_11,-79.31429673
age_60,1,mig_NQ_12,-0.591411339
age_60,1,med_NQ_12,-78.30681249
age_60,1,mig_NQ_13,-0.597390418
age_60,1,med_NQ_13,-77.08504773
age_60,1,mig_NQ_14,-0.59803112
age_60,1,med_NQ_14,-75.70499188
age_60,1,mig_NQ_15,-0.593163355
age_60,1,med_NQ_15,-74.26354641
age_60,1,mig_NQ_16,-0.58575699
age_60,1,med_NQ_16,-72.80995944
age_60,1,mig_NQ_17,-0.577734604
age_60,1,med_NQ_17,-71.35577216
age_60,2,beta_Q_2,0.974250899998791
age_60,2,beta_Q_3,0.971050702827941
age_60,2,beta_Q_4,0.966497808579101
age_60,2,beta_Q_5,0.96060350176663
age_60,2,beta_Q_6,0.953428799997687
age_60,2,beta_Q_7,0.938990908940442
age_60,2,beta_Q_8,0.907364226102163
age_60,2,beta_Q_9,0.855505422354817
age_60,2,beta_Q_10,0.777190539425623
age_60,2,beta_Q_11,0.653229715740918
age_60,2,beta_Q_12,0.507151509662807
age_60,2,beta_Q_13,0.340206902132967
age_60,2,beta_Q_14,0.202952405585477
age_60,2,beta_Q_15,0.104123564627982
age_60,2,beta_Q_16,0.0518962985273525
age_60,2,beta_Q_17,0.0269183031357435
age_60,2,h_Q_2,38.83630884
age_60,2,h_Q_3,34.5431495778
age_60,2,h_Q_4,29.8487860516
age_60,2,h_Q_5,25.3829654958
age_60,2,h_Q_6,21.4724980234
age_60,2,h_Q_7,16.3909974132
age_60,2,h_Q_8,10.794962634472
age_60,2,h_Q_9,6.92066906697856
age_60,2,h_Q_10,4.48813897521498
age_60,2,h_Q_11,2.88375330475468
age_60,2,h_Q_12,2.02902109317958
age_60,2,h_Q_13,1.51562664248
age_60,2,h_Q_14,1.25463021261039
age_60,2,h_Q_15,1.11622528649018
age_60,2,h_Q_16,1.05473693974038
age_60,2,h_Q_17,1.02766294224957
age_60,2,P_Q_1,0.2512048092
age_60,2,P_Q_2,0.058626292161722
age_60,2,P_Q_3,0.05666953529602
age_60,2,P_Q_4,0.0510325992696945
age_60,2,P_Q_5,0.0491409534086693
age_60,2,P_Q_6,0.0449400987003943
age_60,2,P_Q_7,0.0398043877053625
age_60,2,P_Q_8,0.0367541314397686
age_60,2,P_Q_9,0.0316798898515999
age_60,2,P_Q_10,0.0259442070888762
age_60,2,P_Q_11,0.0185558133149537
age_60,2,P_Q_12,0.0115651525001385
age_60,2,P_Q_13,0.00532686380235113
age_60,2,P_Q_14,0.00163190114901926
age_60,2,P_Q_15,0.000307461259722774
age_60,2,P_Q_16,3.2879075902921e-05
age_60,2,P_Q_17,2.3670859909966e-06
age_60,2,L_Q,0.757578693365704
age_60,2,beta_NQ_2,0.940730611341604
age_60,2,beta_NQ_3,0.932728204979504
age_60,2,beta_NQ_4,0.926524000597335
age_60,2,beta_NQ_5,0.915284209720587
age_60,2,beta_NQ_6,0.901399100016695
age_60,2,beta_NQ_7,0.880705633764917
age_60,2,beta_NQ_8,0.839248473866308
age_60,2,beta_NQ_9,0.778419779240567
age_60,2,beta_NQ_10,0.695314942098422
age_60,2,beta_NQ_11,0.576616011674913
age_60,2,beta_NQ_12,0.428372303652876
age_60,2,beta_NQ_13,0.275077599402946
age_60,2,beta_NQ_14,0.159037699960351
age_60,2,beta_NQ_15,0.0800507185687133
age_60,2,beta_NQ_16,0.0395277962597335
age_60,2,beta_NQ_17,0.0203578006828232
age_60,2,h_NQ_2,16.87211276
age_60,2,h_NQ_3,14.8650697642
age_60,2,h_NQ_4,13.6098862216
age_60,2,h_NQ_5,11.8041734866
age_60,2,h_NQ_6,10.1418952582
age_60,2,h_NQ_7,8.382623155
age_60,2,h_NQ_8,6.22077789167199
age_60,2,h_NQ_9,4.51303454257856
age_60,2,h_NQ_10,3.28207713121499
age_60,2,h_NQ_11,2.36192203575468
age_60,2,h_NQ_12,1.74939037757959
age_60,2,h_NQ_13,1.37945799228
age_60,2,h_NQ_14,1.18911394461039
age_60,2,h_NQ_15,1.08701642209018
age_60,2,h_NQ_16,1.04115454374037
age_60,2,h_NQ_17,1.02078085304957
age_60,2,P_NQ_1,0.5861445548
age_60,2,P_NQ_2,0.136794680138193
age_60,2,P_NQ_3,0.132228917030036
age_60,2,P_NQ_4,0.119076066767275
age_60,2,P_NQ_5,0.114662224876335
age_60,2,P_NQ_6,0.104860232025077
age_60,2,P_NQ_7,0.0928769051864166
age_60,2,P_NQ_8,0.085759657978555
age_60,2,P_NQ_9,0.0739197446687776
age_60,2,P_NQ_10,0.0605364808284439
age_60,2,P_NQ_11,0.0432968944523086
age_60,2,P_NQ_12,0.0269854100155926
age_60,2,P_NQ_13,0.0124293506280187
age_60,2,P_NQ_14,0.00380778028763909
age_60,2,P_NQ_15,0.000717429539390566
age_60,2,P_NQ_16,7.6717841950872e-05
age_60,2,P_NQ_17,5.52318804519086e-06
age_60,2,L_NQ,1.3352765883274
age_60,2,pi_Q,0.3
age_60,2,pi_NQ,0.7
age_60,2,y,0.213870615647505
age_60,2,nbar,3.59718108644549
age_60,2,Ptot,2.27739791256224
age_60,2,Pret,0.211222232058345
age_60,2,H,102.930168581879
age_60,2,cCheck,-8.88178419700125e-16
age_60,2,shareq,0.3
age_60,2,A,0.087292616
age_60,2,A_Q,2
age_60,2,xpop,0.837349364
age_60,2,h_Q_1,100
age_60,2,mig_Q_2,-0.186957318
age_60,2,med_Q_2,-59.16369116
age_60,2,mig_Q_3,-0.000862901
age_60,2,med_Q_3,-2.349440285
age_60,2,mig_Q_4,-0.0001314
age_60,2,med_Q_4,-3.415529486
age_60,2,mig_Q_5,-0.000473813
age_60,2,med_Q_5,-3.225328578
age_60,2,mig_Q_6,-0.000920023
age_60,2,med_Q_6,-3.769815305
age_60,2,mig_Q_7,-0.000317488
age_60,2,med_Q_7,-5.443209664
age_60,2,mig_Q_8,-0.000271059
age_60,2,med_Q_8,-5.588613662
age_60,2,mig_Q_9,0.000616033
age_60,2,med_Q_9,-3.907964496
age_60,2,mig_Q_10,0.001213181
age_60,2,med_Q_10,-2.50625053
age_60,2,mig_Q_11,0.001948494
age_60,2,med_Q_11,-1.606588333
age_60,2,mig_Q_12,0.00198731
age_60,2,med_Q_12,-0.839238574
age_60,2,mig_Q_13,0.001447972
age_60,2,med_Q_13,-0.495904771
age_60,2,mig_Q_14,0.000514476
age_60,2,med_Q_14,-0.241096055
age_60,2,mig_Q_15,0.000112747
age_60,2,med_Q_15,-0.124726689
age_60,2,mig_Q_16,1.48749e-05
age_60,2,med_Q_16,-0.057198537
age_60,2,mig_Q_17,1.35058e-06
age_60,2,med_Q_17,-0.013904641
age_60,2,h_NQ_1,100
age_60,2,mig_NQ_2,-0.416251255
age_60,2,med_NQ_2,-81.12788724
age_60,2,mig_NQ_3,0.003369848
age_60,2,med_NQ_3,-1.330868033
age_60,2,mig_NQ_4,0.004627893
age_60,2,med_NQ_4,-0.721622038
age_60,2,mig_NQ_5,0.004234169
age_60,2,med_NQ_5,-1.408127978
age_60,2,mig_NQ_6,0.003443651
age_60,2,med_NQ_6,-1.642970811
age_60,2,mig_NQ_7,0.004907631
age_60,2,med_NQ_7,-1.956903693
age_60,2,mig_NQ_8,0.005642876
age_60,2,med_NQ_8,-2.188200491
age_60,2,mig_NQ_9,0.007744298
age_60,2,med_NQ_9,-1.746346541
age_60,2,mig_NQ_10,0.008776855
age_60,2,med_NQ_10,-1.27747268
age_60,2,mig_NQ_11,0.009032792
age_60,2,med_NQ_11,-0.917869261
age_60,2,mig_NQ_12,0.008078016
age_60,2,med_NQ_12,-0.595733902
age_60,2,mig_NQ_13,0.005110414
age_60,2,med_NQ_13,-0.351538141
age_60,2,mig_NQ_14,0.001765014
age_60,2,med_NQ_14,-0.169778206
age_60,2,mig_NQ_15,0.000367263
age_60,2,med_NQ_15,-0.086285683
age_60,2,mig_NQ_16,4.48464e-05
age_60,2,med_NQ_16,-0.037480239
age_60,2,mig_NQ_17,3.73751e-06
age_60,2,med_NQ_17,-0.005230955
age_60,3,beta_Q_2,0.960919101309252
age_60,3,beta_Q_3,0.963560499994147
age_60,3,beta_Q_4,0.964076600018983
age_60,3,beta_Q_5,0.962424900003693
age_60,3,beta_Q_6,0.956305900022175
age_60,3,beta_Q_7,0.942098600001715
age_60,3,beta_Q_8,0.912940600055841
age_60,3,beta_Q_9,0.865348500041953
age_60,3,beta_Q_10,0.785928400220511
age_60,3,beta_Q_11,0.667295763074705
age_60,3,beta_Q_12,0.521659103888569
age_60,3,beta_Q_13,0.359734955973682
age_60,3,beta_Q_14,0.216027861519063
age_60,3,beta_Q_15,0.117518946854786
age_60,3,beta_Q_16,0.057058104084404
age_60,3,beta_Q_17,0.0293664387910884
age_60,3,h_Q_2,25.58794705
age_60,3,h_Q_3,27.4427475632
age_60,3,h_Q_4,27.837008749244
age_60,3,h_Q_5,26.613368961568
age_60,3,h_Q_6,22.886385121884
age_60,3,h_Q_7,17.270739566932
age_60,3,h_Q_8,11.486410431936
age_60,3,h_Q_9,7.42657897978255
age_60,3,h_Q_10,4.67133426863899
age_60,3,h_Q_11,3.00566297371068
age_60,3,h_Q_12,2.09055751265959
age_60,3,h_Q_13,1.56185183631599
age_60,3,h_Q_14,1.2755554356304
age_60,3,h_Q_15,1.13316874435818
age_60,3,h_Q_16,1.06051073076037
age_60,3,h_Q_17,1.03024839694558
age_60,3,P_Q_1,0.251144745
age_60,3,P_Q_2,0.0586093814471245
age_60,3,P_Q_3,0.0568679813078364
age_60,3,P_Q_4,0.0546954727767994
age_60,3,P_Q_5,0.0489759793627217
age_60,3,P_Q_6,0.0465539002391698
age_60,3,P_Q_7,0.0419258031265564
age_60,3,P_Q_8,0.0362022537457468
age_60,3,P_Q_9,0.0321353347406637
age_60,3,P_Q_10,0.0260723886827092
age_60,3,P_Q_11,0.0191639110217901
age_60,3,P_Q_12,0.0114416167357
age_60,3,P_Q_13,0.00554994570476745
age_60,3,P_Q_14,0.00169309582291336
age_60,3,P_Q_15,0.000315013364756384
age_60,3,P_Q_16,3.32503013201689e-05
age_60,3,P_Q_17,1.62521993197794e-06
age_60,3,L_Q,0.767009622924635
age_60,3,beta_NQ_2,0.907806406419834
age_60,3,beta_NQ_3,0.911270900013759
age_60,3,beta_NQ_4,0.918945800489104
age_60,3,beta_NQ_5,0.917890800003294
age_60,3,beta_NQ_6,0.906938600037125
age_60,3,beta_NQ_7,0.886138300025991
age_60,3,beta_NQ_8,0.847883199957314
age_60,3,beta_NQ_9,0.791712099862338
age_60,3,beta_NQ_10,0.705827079298838
age_60,3,beta_NQ_11,0.591640347499391
age_60,3,beta_NQ_12,0.442583034971192
age_60,3,beta_NQ_13,0.292314147433582
age_60,3,beta_NQ_14,0.170047424360433
age_60,3,beta_NQ_15,0.090590314338219
age_60,3,beta_NQ_16,0.0434898973154973
age_60,3,beta_NQ_17,0.0222164146022872
age_60,3,h_NQ_2,10.8467399
age_60,3,h_NQ_3,11.2702597008
age_60,3,h_NQ_4,12.337423602916
age_60,3,h_NQ_5,12.178903217168
age_60,3,h_NQ_6,10.745593771868
age_60,3,h_NQ_7,8.78258448803599
age_60,3,h_NQ_8,6.5738958459
age_60,3,h_NQ_9,4.80104700783855
age_60,3,h_NQ_10,3.39935561472699
age_60,3,h_NQ_11,2.44881726659069
age_60,3,h_NQ_12,1.79398841503959
age_60,3,h_NQ_13,1.413055870028
age_60,3,h_NQ_14,1.2048880844344
age_60,3,h_NQ_15,1.09961439571818
age_60,3,h_NQ_16,1.04546726364838
age_60,3,h_NQ_17,1.02271751686557
age_60,3,P_NQ_1,0.586004405
age_60,3,P_NQ_2,0.136755229371556
age_60,3,P_NQ_3,0.132691954456042
age_60,3,P_NQ_4,0.127622769201322
age_60,3,P_NQ_5,0.114277286667721
age_60,3,P_NQ_6,0.108625768309441
age_60,3,P_NQ_7,0.0978268761023816
age_60,3,P_NQ_8,0.0844719299351259
age_60,3,P_NQ_9,0.0749824650314133
age_60,3,P_NQ_10,0.0608355749843013
age_60,3,P_NQ_11,0.0447157911361322
age_60,3,P_NQ_12,0.0266971054175509
age_60,3,P_NQ_13,0.0129498898059934
age_60,3,P_NQ_14,0.00395055733588084
age_60,3,P_NQ_15,0.000735031548177291
age_60,3,P_NQ_16,7.75845086637447e-05
age_60,3,P_NQ_17,3.79216653525219e-06
age_60,3,L_NQ,1.35180727147764
age_60,3,pi_Q,0.3
age_60,3,pi_NQ,0.7
age_60,3,y,0.241449940272162
age_60,3,nbar,3.64179304406677
age_60,3,Ptot,2.30460570957874
age_60,3,Pret,0.214236173757124
age_60,3,H,100.932080792939
age_60,3,cCheck,0
age_60,3,shareq,0.3
age_60,3,A,0.097702667
age_60,3,A_Q,2
age_60,3,xpop,0.83714915
age_60,3,h_Q_1,100
age_60,3,mig_Q_2,-0.18612713
age_60,3,med_Q_2,-72.41205295
age_60,3,mig_Q_3,-6.11209e-05
age_60,3,med_Q_3,-10.6168351
age_60,3,mig_Q_4,-7.55089e-05
age_60,3,med_Q_4,-6.015277837
age_60,3,mig_Q_5,-4.61142e-05
age_60,3,med_Q_5,-2.638441369
age_60,3,mig_Q_6,-0.0002985
age_60,3,med_Q_6,-1.988921064
age_60,3,mig_Q_7,-0.000272541
age_60,3,med_Q_7,-3.772308496
age_60,3,mig_Q_8,8.51763e-05
age_60,3,med_Q_8,-4.576767033
age_60,3,mig_Q_9,0.000691976
age_60,3,med_Q_9,-3.152484402
age_60,3,mig_Q_10,0.001451078
age_60,3,med_Q_10,-2.110921417
age_60,3,mig_Q_11,0.002216384
age_60,3,med_Q_11,-1.392713222
age_60,3,mig_Q_12,0.002031008
age_60,3,med_Q_12,-0.735520726
age_60,3,mig_Q_13,0.001615401
age_60,3,med_Q_13,-0.426588835
age_60,3,mig_Q_14,0.000611996
age_60,3,med_Q_14,-0.209758674
age_60,3,mig_Q_15,0.000145094
age_60,3,med_Q_15,-0.096368864
age_60,3,mig_Q_16,1.72942e-05
age_60,3,med_Q_16,-0.03339005
age_60,3,mig_Q_17,7.40171e-07
age_60,3,med_Q_17,-0.003393804
age_60,3,h_NQ_1,100
age_60,3,mig_NQ_2,-0.414648896
age_60,3,med_NQ_2,-87.1532601
age_60,3,mig_NQ_3,0.005099698
age_60,3,med_NQ_3,-5.264410804
age_60,3,mig_NQ_4,0.005109504
age_60,3,med_NQ_4,-2.230344766
age_60,3,mig_NQ_5,0.005288843
age_60,3,med_NQ_5,-1.15878528
age_60,3,mig_NQ_6,0.005269342
age_60,3,med_NQ_6,-0.822496245
age_60,3,mig_NQ_7,0.005475879
age_60,3,med_NQ_7,-1.156472865
age_60,3,mig_NQ_8,0.006525129
age_60,3,med_NQ_8,-1.641074846
age_60,3,mig_NQ_9,0.008225451
age_60,3,med_NQ_9,-1.295315326
age_60,3,mig_NQ_10,0.009438072
age_60,3,med_NQ_10,-1.023418237
age_60,3,mig_NQ_11,0.009809487
age_60,3,med_NQ_11,-0.767618322
age_60,3,mig_NQ_12,0.008149915
age_60,3,med_NQ_12,-0.52069518
age_60,3,mig_NQ_13,0.005526808
age_60,3,med_NQ_13,-0.3013467
age_60,3,mig_NQ_14,0.001973822
age_60,3,med_NQ_14,-0.146980748
age_60,3,mig_NQ_15,0.000430216
age_60,3,med_NQ_15,-0.06571727
age_60,3,mig_NQ_16,4.92261e-05
age_60,3,med_NQ_16,-0.01980883
age_60,3,mig_NQ_17,2.23036e-06
age_60,3,med_NQ_17,0.002386064
age_60,4,beta_Q_2,0.915780800174138
age_60,4,beta_Q_3,0.926950699992236
age_60,4,beta_Q_4,0.946298101104891
age_60,4,beta_Q_5,0.954726500006618
age_60,4,beta_Q_6,0.952895600038412
age_60,4,beta_Q_7,0.940326500011025
age_60,4,beta_Q_8,0.911711903309846
age_60,4,beta_Q_9,0.863582103908553
age_60,4,beta_Q_10,0.782460213878918
age_60,4,beta_Q_11,0.661729525310679
age_60,4,beta_Q_12,0.513075047975742
age_60,4,beta_Q_13,0.34311506784986
age_60,4,beta_Q_14,0.199175459830733
age_60,4,beta_Q_15,0.105912526264473
age_60,4,beta_Q_16,0.0500897023507679
age_60,4,beta_Q_17,0.0257230038342171
age_60,4,h_Q_2,11.873777
age_60,4,h_Q_3,13.689385109
age_60,4,h_Q_4,18.621315069936
age_60,4,h_Q_5,22.0879764132591
age_60,4,h_Q_6,21.2294392893366
age_60,4,h_Q_7,16.7578573434463
age_60,4,h_Q_8,11.3265547675934
age_60,4,h_Q_9,7.33041632029728
age_60,4,h_Q_10,4.5968599731869
age_60,4,h_Q_11,2.95621404026621
age_60,4,h_Q_12,2.05370437323647
age_60,4,h_Q_13,1.5223360154064
age_60,4,h_Q_14,1.24871273758967
age_60,4,h_Q_15,1.11845876491779
age_60,4,h_Q_16,1.05273097847102
age_60,4,h_Q_17,1.02640214614517
age_60,4,P_Q_1,0.2400099309
age_60,4,P_Q_2,0.0554021626639412
age_60,4,P_Q_3,0.055098505891539
age_60,4,P_Q_4,0.054131809069202
age_60,4,P_Q_5,0.0517083339178659
age_60,4,P_Q_6,0.0477608470239351
age_60,4,P_Q_7,0.0440058162399413
age_60,4,P_Q_8,0.0383320361641815
age_60,4,P_Q_9,0.0332963169770201
age_60,4,P_Q_10,0.0266317512232805
age_60,4,P_Q_11,0.0197418465012088
age_60,4,P_Q_12,0.0120694326506273
age_60,4,P_Q_13,0.00566622449268478
age_60,4,P_Q_14,0.00175881790214782
age_60,4,P_Q_15,0.000324755838033015
age_60,4,P_Q_16,3.36133653542481e-05
age_60,4,P_Q_17,1.70191293850399e-06
age_60,4,L_Q,0.759593555588023
age_60,4,beta_NQ_2,0.799613500674926
age_60,4,beta_NQ_3,0.821086499924607
age_60,4,beta_NQ_4,0.875935005405642
age_60,4,beta_NQ_5,0.900361491462903
age_60,4,beta_NQ_6,0.900028300059175
age_60,4,beta_NQ_7,0.883267142757604
age_60,4,beta_NQ_8,0.846057803078419
age_60,4,beta_NQ_9,0.789139704543031
age_60,4,beta_NQ_10,0.701501812798948
age_60,4,beta_NQ_11,0.585631017831217
age_60,4,beta_NQ_12,0.434138626882012
age_60,4,beta_NQ_13,0.277026944002796
age_60,4,beta_NQ_14,0.155300276397469
age_60,4,beta_NQ_15,0.0806001114636423
age_60,4,beta_NQ_16,0.0376488988536307
age_60,4,beta_NQ_17,0.0191859183317102
age_60,4,h_NQ_2,4.99035614
age_60,4,h_NQ_3,5.589293146
age_60,4,h_NQ_4,8.06029097678399
age_60,4,h_NQ_5,10.0362710858577
age_60,4,h_NQ_6,10.0028308018246
age_60,4,h_NQ_7,8.56656521243064
age_60,4,h_NQ_8,6.49594458327527
age_60,4,h_NQ_9,4.742476413982
age_60,4,h_NQ_10,3.35010394968178
age_60,4,h_NQ_11,2.41330794243245
age_60,4,h_NQ_12,1.76721719825888
age_60,4,h_NQ_13,1.3831771347388
age_60,4,h_NQ_14,1.18385253262744
age_60,4,h_NQ_15,1.08766598574571
age_60,4,h_NQ_16,1.03912178980382
age_60,4,h_NQ_17,1.01955142437541
age_60,4,P_NQ_1,0.5600231721
age_60,4,P_NQ_2,0.129271716049243
age_60,4,P_NQ_3,0.128563183951006
age_60,4,P_NQ_4,0.126307551306071
age_60,4,P_NQ_5,0.120652779720837
age_60,4,P_NQ_6,0.111441979386464
age_60,4,P_NQ_7,0.102680238668745
age_60,4,P_NQ_8,0.089441420751515
age_60,4,P_NQ_9,0.0776914080283628
age_60,4,P_NQ_10,0.0621408002917497
age_60,4,P_NQ_11,0.0460642887240372
age_60,4,P_NQ_12,0.0281619995521673
age_60,4,P_NQ_13,0.0132211826090758
age_60,4,P_NQ_14,0.00410391040726062
age_60,4,P_NQ_15,0.000757765230868603
age_60,4,P_NQ_16,7.84310465538814e-05
age_60,4,P_NQ_17,3.9709196111885e-06
age_60,4,L_NQ,1.33845315648114
age_60,4,pi_Q,0.3
age_60,4,pi_NQ,0.7
age_60,4,y,0.246570582254606
age_60,4,nbar,3.59210030144272
age_60,4,Ptot,2.28657970147747
age_60,4,Pret,0.220760492667599
age_60,4,H,92.5316480411073
age_60,4,cCheck,0
age_60,4,shareq,0.3
age_60,4,A,0.100738932
age_60,4,A_Q,2
age_60,4,xpop,0.800033103
age_60,4,h_Q_1,100
age_60,4,mig_Q_2,-0.18592762
age_60,4,med_Q_2,-86.126223
age_60,4,mig_Q_3,-0.001375179
age_60,4,med_Q_3,-11.386803
age_60,4,mig_Q_4,-0.000693281
age_60,4,med_Q_4,-8.272577542
age_60,4,mig_Q_5,-0.000931951
age_60,4,med_Q_5,-5.192292161
age_60,4,mig_Q_6,0.000924829
age_60,4,med_Q_6,-4.851662293
age_60,4,mig_Q_7,0.000147452
age_60,4,med_Q_7,-5.670800076
age_60,4,mig_Q_8,5.62683e-05
age_60,4,med_Q_8,-5.598770008
age_60,4,mig_Q_9,0.001968751
age_60,4,med_Q_9,-3.926265903
age_60,4,mig_Q_10,0.001375679
age_60,4,med_Q_10,-2.681187427
age_60,4,mig_Q_11,0.002343852
age_60,4,med_Q_11,-1.621693543
age_60,4,mig_Q_12,0.002072404
age_60,4,med_Q_12,-0.891845341
age_60,4,mig_Q_13,0.001550275
age_60,4,med_Q_13,-0.526410347
age_60,4,mig_Q_14,0.000559875
age_60,4,med_Q_14,-0.281902062
age_60,4,mig_Q_15,0.000125785
age_60,4,med_Q_15,-0.131585562
age_60,4,mig_Q_16,1.56393e-05
age_60,4,med_Q_16,-0.057774391
age_60,4,mig_Q_17,7.2547e-07
age_60,4,med_Q_17,-0.01289837
age_60,4,h_NQ_1,100
age_60,4,mig_NQ_2,-0.402706837
age_60,4,med_NQ_2,-93.00964386
age_60,4,mig_NQ_3,0.003942123
age_60,4,med_NQ_3,-5.040511956
age_60,4,mig_NQ_4,0.004370837
age_60,4,med_NQ_4,-2.98456353
age_60,4,mig_NQ_5,0.003509014
age_60,4,med_NQ_5,-2.054404045
age_60,4,mig_NQ_6,0.007799497
age_60,4,med_NQ_6,-1.932494351
age_60,4,mig_NQ_7,0.006422785
age_60,4,med_NQ_7,-1.964116684
age_60,4,mig_NQ_8,0.006495656
age_60,4,med_NQ_8,-2.110988215
age_60,4,mig_NQ_9,0.010813959
age_60,4,med_NQ_9,-1.699941515
age_60,4,mig_NQ_10,0.009216146
age_60,4,med_NQ_10,-1.354922118
age_60,4,mig_NQ_11,0.010071508
age_60,4,med_NQ_11,-0.91806056
age_60,4,mig_NQ_12,0.008371549
age_60,4,med_NQ_12,-0.632623723
age_60,4,mig_NQ_13,0.005417241
age_60,4,med_NQ_13,-0.374931512
age_60,4,mig_NQ_14,0.001901815
age_60,4,med_NQ_14,-0.20094222
age_60,4,mig_NQ_15,0.000399883
age_60,4,med_NQ_15,-0.093124337
age_60,4,mig_NQ_16,4.64646e-05
age_60,4,med_NQ_16,-0.038500318
age_60,4,mig_NQ_17,2.24727e-06
age_60,4,med_NQ_17,-0.005006494
age_60,5,beta_Q_2,0.97831590005436
age_60,5,beta_Q_3,0.976824400001711
age_60,5,beta_Q_4,0.972756101044606
age_60,5,beta_Q_5,0.968474199995295
age_60,5,beta_Q_6,0.961299800006389
age_60,5,beta_Q_7,0.947256704690488
age_60,5,beta_Q_8,0.918899700325678
age_60,5,beta_Q_9,0.87503910061217
age_60,5,beta_Q_10,0.80298450290316
age_60,5,beta_Q_11,0.688932000729511
age_60,5,beta_Q_12,0.545905601157889
age_60,5,beta_Q_13,0.382226001756237
age_60,5,beta_Q_14,0.233474069512069
age_60,5,beta_Q_15,0.122301810119353
age_60,5,beta_Q_16,0.0608830171079231
age_60,5,beta_Q_17,0.0308175007459649
age_60,5,h_Q_2,46.11673992
age_60,5,h_Q_3,43.14882894
age_60,5,h_Q_4,36.70546433682
age_60,5,h_Q_5,31.7200515085373
age_60,5,h_Q_6,25.8396597469939
age_60,5,h_Q_7,18.9597541315499
age_60,5,h_Q_8,12.3304106175774
age_60,5,h_Q_9,8.00250318224148
age_60,5,h_Q_10,5.07574277589133
age_60,5,h_Q_11,3.21473118072316
age_60,5,h_Q_12,2.20218527646088
age_60,5,h_Q_13,1.61871493877174
age_60,5,h_Q_14,1.30458208009827
age_60,5,h_Q_15,1.13934367183788
age_60,5,h_Q_16,1.06483004861944
age_60,5,h_Q_17,1.0317974169016
age_60,5,P_Q_1,0.2322511179
age_60,5,P_Q_2,0.0547375935693415
age_60,5,P_Q_3,0.052932439462424
age_60,5,P_Q_4,0.05294098949888
age_60,5,P_Q_5,0.0523430946116657
age_60,5,P_Q_6,0.0508873098756513
age_60,5,P_Q_7,0.0446876891195788
age_60,5,P_Q_8,0.0408866024808203
age_60,5,P_Q_9,0.0351519314377626
age_60,5,P_Q_10,0.0273420413032194
age_60,5,P_Q_11,0.0205344860951735
age_60,5,P_Q_12,0.0126792128407374
age_60,5,P_Q_13,0.00598691720282931
age_60,5,P_Q_14,0.00185312986883465
age_60,5,P_Q_15,0.000347917847255657
age_60,5,P_Q_16,3.53494232637479e-05
age_60,5,P_Q_17,1.53344172588826e-06
age_60,5,L_Q,0.757141874818396
age_60,5,beta_NQ_2,0.949461622802603
age_60,5,beta_NQ_3,0.945148500061631
age_60,5,beta_NQ_4,0.939751299968669
age_60,5,beta_NQ_5,0.931510500004377
age_60,5,beta_NQ_6,0.91745130001448
age_60,5,beta_NQ_7,0.895631604059103
age_60,5,beta_NQ_8,0.857395600286007
age_60,5,beta_NQ_9,0.804925800395733
age_60,5,beta_NQ_10,0.726425001123515
age_60,5,beta_NQ_11,0.61504049989533
age_60,5,beta_NQ_12,0.466364099355962
age_60,5,beta_NQ_13,0.31223812072514
age_60,5,beta_NQ_14,0.183897629855855
age_60,5,beta_NQ_15,0.0940209412956333
age_60,5,beta_NQ_16,0.0461569048697826
age_60,5,beta_NQ_17,0.0231602981609627
age_60,5,h_NQ_2,19.78693429
age_60,5,h_NQ_3,18.2310419972
age_60,5,h_NQ_4,16.59786849308
age_60,5,h_NQ_5,14.6007782222483
age_60,5,h_NQ_6,12.1140611561405
age_60,5,h_NQ_7,9.58144419278814
age_60,5,h_NQ_8,7.01240635218202
age_60,5,h_NQ_9,5.12625452360976
age_60,5,h_NQ_10,3.65530475870236
age_60,5,h_NQ_11,2.59767585568814
age_60,5,h_NQ_12,1.8739368895838
age_60,5,h_NQ_13,1.4539816232937
age_60,5,h_NQ_14,1.22533462604402
age_60,5,h_NQ_15,1.10377821897489
age_60,5,h_NQ_16,1.0483904520308
age_60,5,h_NQ_17,1.02370941500774
age_60,5,P_NQ_1,0.5419192751
age_60,5,P_NQ_2,0.127721053101957
age_60,5,P_NQ_3,0.123509026870121
age_60,5,P_NQ_4,0.123528981229091
age_60,5,P_NQ_5,0.122133897276961
age_60,5,P_NQ_6,0.118737056229559
age_60,5,P_NQ_7,0.104271281715934
age_60,5,P_NQ_8,0.0954020711476459
age_60,5,P_NQ_9,0.0820211753457595
age_60,5,P_NQ_10,0.0637980985707992
age_60,5,P_NQ_11,0.0479138291237038
age_60,5,P_NQ_12,0.0295848150549501
age_60,5,P_NQ_13,0.013969466672945
age_60,5,P_NQ_14,0.00432396731349088
age_60,5,P_NQ_15,0.000811810636262007
age_60,5,P_NQ_16,8.24819265317701e-05
age_60,5,P_NQ_17,3.57876165385333e-06
age_60,5,L_NQ,1.33392722092573
age_60,5,pi_Q,0.3
age_60,5,pi_NQ,0.7
age_60,5,y,0.196984270290641
age_60,5,nbar,3.51855389272182
age_60,5,Ptot,2.28533122205653
age_60,5,Pret,0.229268636083376
age_60,5,H,100.915902125387
age_60,5,cCheck,-4.44089209850063e-16
age_60,5,shareq,0.3
age_60,5,A,0.081653838
age_60,5,A_Q,2
age_60,5,xpop,0.774170393
age_60,5,h_Q_1,100
age_60,5,mig_Q_2,-0.165058893
age_60,5,med_Q_2,-51.88326008
age_60,5,mig_Q_3,0.001577366
age_60,5,med_Q_3,31.51252748
age_60,5,mig_Q_4,0.000801378
age_60,5,med_Q_4,23.28986693
age_60,5,mig_Q_5,0.000662022
age_60,5,med_Q_5,13.47116274
age_60,5,mig_Q_6,0.001614666
age_60,5,med_Q_6,4.193442862
age_60,5,mig_Q_7,-0.000223101
age_60,5,med_Q_7,-1.845096372
age_60,5,mig_Q_8,0.000765976
age_60,5,med_Q_8,-4.092289579
age_60,5,mig_Q_9,0.002049071
age_60,5,med_Q_9,-3.09752049
age_60,5,mig_Q_10,0.001288998
age_60,5,med_Q_10,-2.108065218
age_60,5,mig_Q_11,0.00291147
age_60,5,med_Q_11,-1.290191593
age_60,5,mig_Q_12,0.002550164
age_60,5,med_Q_12,-0.694904483
age_60,5,mig_Q_13,0.001845713
age_60,5,med_Q_13,-0.393915347
age_60,5,mig_Q_14,0.000724557
age_60,5,med_Q_14,-0.187307215
age_60,5,mig_Q_15,0.000161637
age_60,5,med_Q_15,-0.084394811
age_60,5,mig_Q_16,1.90825e-05
age_60,5,med_Q_16,-0.031259541
age_60,5,mig_Q_17,6.68805e-07
age_60,5,med_Q_17,0.000121058
age_60,5,h_NQ_1,100
age_60,5,mig_NQ_2,-0.320081036
age_60,5,med_NQ_2,-78.21306571
age_60,5,mig_NQ_3,0.017365766
age_60,5,med_NQ_3,13.34049298
age_60,5,mig_NQ_4,0.010915988
age_60,5,med_NQ_4,11.12036121
age_60,5,mig_NQ_5,0.008411442
age_60,5,med_NQ_5,6.701693065
age_60,5,mig_NQ_6,0.01014614
age_60,5,med_NQ_6,2.278515492
age_60,5,mig_NQ_7,0.005838243
age_60,5,med_NQ_7,-0.221329993
age_60,5,mig_NQ_8,0.008528654
age_60,5,med_NQ_8,-1.382827556
age_60,5,mig_NQ_9,0.011439399
age_60,5,med_NQ_9,-1.239771168
age_60,5,mig_NQ_10,0.009297435
age_60,5,med_NQ_10,-0.992322127
age_60,5,mig_NQ_11,0.011522249
age_60,5,med_NQ_11,-0.685426015
age_60,5,mig_NQ_12,0.009586528
age_60,5,med_NQ_12,-0.491104894
age_60,5,mig_NQ_13,0.006167834
age_60,5,med_NQ_13,-0.277891231
age_60,5,mig_NQ_14,0.002270714
age_60,5,med_NQ_14,-0.130178966
age_60,5,mig_NQ_15,0.000481035
age_60,5,med_NQ_15,-0.056397263
age_60,5,mig_NQ_16,5.39529e-05
age_60,5,med_NQ_16,-0.017522214
age_60,5,mig_NQ_17,2.07399e-06
age_60,5,med_NQ_17,0.005370061
age_60,6,beta_Q_2,0.980093000081986
age_60,6,beta_Q_3,0.978183700006992
age_60,6,beta_Q_4,0.973443299999527
age_60,6,beta_Q_5,0.968100100598134
age_60,6,beta_Q_6,0.960728801748327
age_60,6,beta_Q_7,0.947101200015067
age_60,6,beta_Q_8,0.918668900015711
age_60,6,beta_Q_9,0.873653601874638
age_60,6,beta_Q_10,0.800306106442391
age_60,6,beta_Q_11,0.685122807218345
age_60,6,beta_Q_12,0.533326745557311
age_60,6,beta_Q_13,0.364243208418866
age_60,6,beta_Q_14,0.210392979249286
age_60,6,beta_Q_15,0.10710457224437
age_60,6,beta_Q_16,0.0513792132987517
age_60,6,beta_Q_17,0.0258055017436974
age_60,6,h_Q_2,50.23358618
age_60,6,h_Q_3,45.8372868036
age_60,6,h_Q_4,37.6552809642
age_60,6,h_Q_5,31.3480606470836
age_60,6,h_Q_6,25.4639532233665
age_60,6,h_Q_7,18.9040205110541
age_60,6,h_Q_8,12.2954195889189
age_60,6,h_Q_9,7.91474866222584
age_60,6,h_Q_10,5.00766422959665
age_60,6,h_Q_11,3.1758412533735
age_60,6,h_Q_12,2.1428257621087
age_60,6,h_Q_13,1.57292752993167
age_60,6,h_Q_14,1.2664518469963
age_60,6,h_Q_15,1.1199518834963
age_60,6,h_Q_16,1.05416200440112
age_60,6,h_Q_17,1.02648906464705
age_60,6,P_Q_1,0.2354582187
age_60,6,P_Q_2,0.0635929234469698
age_60,6,P_Q_3,0.0556168589959095
age_60,6,P_Q_4,0.0529758844302472
age_60,6,P_Q_5,0.0517508194518871
age_60,6,P_Q_6,0.0502920915819097
age_60,6,P_Q_7,0.0478914644633732
age_60,6,P_Q_8,0.041124593240228
age_60,6,P_Q_9,0.0364065528619043
age_60,6,P_Q_10,0.0293843861916378
age_60,6,P_Q_11,0.0208241592190559
age_60,6,P_Q_12,0.013313518976254
age_60,6,P_Q_13,0.00629877882953141
age_60,6,P_Q_14,0.00203395992317637
age_60,6,P_Q_15,0.000382637137344718
age_60,6,P_Q_16,4.0045288246618e-05
age_60,6,P_Q_17,1.73611087779998e-06
age_60,6,L_Q,0.779072354532136
age_60,6,beta_NQ_2,0.953018000050538
age_60,6,beta_NQ_3,0.947439199997024
age_60,6,beta_NQ_4,0.940336200557962
age_60,6,beta_NQ_5,0.929724029308708
age_60,6,beta_NQ_6,0.91563551810666
age_60,6,beta_NQ_7,0.895088600099634
age_60,6,beta_NQ_8,0.856512600216809
age_60,6,beta_NQ_9,0.802585803990379
age_60,6,beta_NQ_10,0.722879507523622
age_60,6,beta_NQ_11,0.610812705042895
age_60,6,beta_NQ_12,0.454135636348191
age_60,6,beta_NQ_13,0.296270685092385
age_60,6,beta_NQ_14,0.16523660568129
age_60,6,beta_NQ_15,0.0820849260258682
age_60,6,beta_NQ_16,0.0388798004271116
age_60,6,beta_NQ_17,0.0193578988289396
age_60,6,h_NQ_2,21.28474735
age_60,6,h_NQ_3,19.0255856062
age_60,6,h_NQ_4,16.760581795256
age_60,6,h_NQ_5,14.2296089622184
age_60,6,h_NQ_6,11.8533269328033
age_60,6,h_NQ_7,9.53185259401771
age_60,6,h_NQ_8,6.96925304993238
age_60,6,h_NQ_9,5.06549174513838
age_60,6,h_NQ_10,3.60853852513757
age_60,6,h_NQ_11,2.56945691452831
age_60,6,h_NQ_12,1.83195646157438
age_60,6,h_NQ_13,1.42100053779213
age_60,6,h_NQ_14,1.19794394082783
age_60,6,h_NQ_15,1.08942537252314
age_60,6,h_NQ_16,1.04045258559539
age_60,6,h_NQ_17,1.01974002399018
age_60,6,P_NQ_1,0.5494025103
age_60,6,P_NQ_2,0.148383499364456
age_60,6,P_NQ_3,0.129772670765607
age_60,6,P_NQ_4,0.123610397559061
age_60,6,P_NQ_5,0.120751917069742
age_60,6,P_NQ_6,0.117348222832583
age_60,6,P_NQ_7,0.111746750132136
age_60,6,P_NQ_8,0.0959573911794244
age_60,6,P_NQ_9,0.0849486214779296
age_60,6,P_NQ_10,0.0685635673926954
age_60,6,P_NQ_11,0.0485897034373559
age_60,6,P_NQ_12,0.0310648887659716
age_60,6,P_NQ_13,0.0146972830547585
age_60,6,P_NQ_14,0.00474587881150494
age_60,6,P_NQ_15,0.000892819476945964
age_60,6,P_NQ_16,9.34391663102231e-05
age_60,6,P_NQ_17,4.05092601136641e-06
age_60,6,L_NQ,1.37284435181037
age_60,6,pi_Q,0.3
age_60,6,pi_NQ,0.7
age_60,6,y,0.315006296915778
age_60,6,nbar,3.68418570100411
age_60,6,Ptot,2.35796224056105
age_60,6,Pret,0.240930852707678
age_60,6,H,103.799297970111
age_60,6,cCheck,4.44089209850063e-16
age_60,6,shareq,0.3
age_60,6,A,0.126438745
age_60,6,A_Q,2
age_60,6,xpop,0.784860729
age_60,6,h_Q_1,100
age_60,6,mig_Q_2,-0.163622038
age_60,6,med_Q_2,-47.76641382
age_60,6,mig_Q_3,0.002147842
age_60,6,med_Q_3,0.642881682
age_60,6,mig_Q_4,0.001485531
age_60,6,med_Q_4,-4.630571397
age_60,6,mig_Q_5,0.000478837
age_60,6,med_Q_5,-4.623294403
age_60,6,mig_Q_6,-2.53148e-05
age_60,6,med_Q_6,-5.621697255
age_60,6,mig_Q_7,-0.000311881
age_60,6,med_Q_7,-6.418846041
age_60,6,mig_Q_8,6.10891e-05
age_60,6,med_Q_8,-6.28513946
age_60,6,mig_Q_9,0.000629177
age_60,6,med_Q_9,-4.169053743
age_60,6,mig_Q_10,0.00115793
age_60,6,med_Q_10,-2.834788889
age_60,6,mig_Q_11,0.001987352
age_60,6,med_Q_11,-1.798386667
age_60,6,mig_Q_12,0.002103628
age_60,6,med_Q_12,-1.007610795
age_60,6,mig_Q_13,0.001452454
age_60,6,med_Q_13,-0.585214041
age_60,6,mig_Q_14,0.00063617
age_60,6,med_Q_14,-0.319888793
age_60,6,mig_Q_15,0.000155996
age_60,6,med_Q_15,-0.158538555
age_60,6,mig_Q_16,1.8863e-05
age_60,6,med_Q_16,-0.062394794
age_60,6,mig_Q_17,6.4673e-07
age_60,6,med_Q_17,-0.017044383
age_60,6,h_NQ_1,100
age_60,6,mig_NQ_2,-0.366148055
age_60,6,med_NQ_2,-76.71525265
age_60,6,mig_NQ_3,0.009057309
age_60,6,med_NQ_3,-0.365609998
age_60,6,mig_NQ_4,0.007542629
age_60,6,med_NQ_4,-1.105839362
age_60,6,mig_NQ_5,0.005683374
age_60,6,med_NQ_5,-2.036302161
age_60,6,mig_NQ_6,0.00529632
age_60,6,med_NQ_6,-2.455435725
age_60,6,mig_NQ_7,0.00540209
age_60,6,med_NQ_7,-2.339927339
age_60,6,mig_NQ_8,0.006555653
age_60,6,med_NQ_8,-2.420562259
age_60,6,mig_NQ_9,0.008157033
age_60,6,med_NQ_9,-1.80666648
age_60,6,mig_NQ_10,0.008981335
age_60,6,med_NQ_10,-1.415190908
age_60,6,mig_NQ_11,0.009351289
age_60,6,med_NQ_11,-1.012741749
age_60,6,mig_NQ_12,0.008719599
age_60,6,med_NQ_12,-0.713765877
age_60,6,mig_NQ_13,0.005459776
age_60,6,med_NQ_13,-0.415457614
age_60,6,mig_NQ_14,0.002176927
age_60,6,med_NQ_14,-0.22695805
age_60,6,mig_NQ_15,0.000486276
age_60,6,med_NQ_15,-0.111402561
age_60,6,mig_NQ_16,5.59685e-05
age_60,6,med_NQ_16,-0.041250069
age_60,6,mig_NQ_17,2.14062e-06
age_60,6,med_NQ_17,-0.007682619
age_60,7,beta_Q_2,0.982471202013489
age_60,7,beta_Q_3,0.98019100022191
age_60,7,beta_Q_4,0.975467800055399
age_60,7,beta_Q_5,0.969921200004865
age_60,7,beta_Q_6,0.962053899993213
age_60,7,beta_Q_7,0.948704999989433
age_60,7,beta_Q_8,0.921555200026118
age_60,7,beta_Q_9,0.879524100023635
age_60,7,beta_Q_10,0.809581700101734
age_60,7,beta_Q_11,0.701822499941256
age_60,7,beta_Q_12,0.564004501242922
age_60,7,beta_Q_13,0.398768598629999
age_60,7,beta_Q_14,0.24479335183729
age_60,7,beta_Q_15,0.13129522576739
age_60,7,beta_Q_16,0.063957127400127
age_60,7,beta_Q_17,0.0320524055387999
age_60,7,h_Q_2,57.04897084
age_60,7,h_Q_3,50.4821040984
age_60,7,h_Q_4,40.762752631528
age_60,7,h_Q_5,33.246007153916
age_60,7,h_Q_6,26.3531693591419
age_60,7,h_Q_7,19.4950774888992
age_60,7,h_Q_8,12.747817577833
age_60,7,h_Q_9,8.30041527114052
age_60,7,h_Q_10,5.25159609398132
age_60,7,h_Q_11,3.35370710300472
age_60,7,h_Q_12,2.29360165930603
age_60,7,h_Q_13,1.66325311286653
age_60,7,h_Q_14,1.32413518733303
age_60,7,h_Q_15,1.15113837105638
age_60,7,h_Q_16,1.06832709982638
age_60,7,h_Q_17,1.0331137801131
age_60,7,P_Q_1,0.2358901014
age_60,7,P_Q_2,0.0657660659596434
age_60,7,P_Q_3,0.0631562221516183
age_60,7,P_Q_4,0.0546893617565865
age_60,7,P_Q_5,0.0511453440461974
age_60,7,P_Q_6,0.0493387557615056
age_60,7,P_Q_7,0.0472443532884943
age_60,7,P_Q_8,0.0440902573787086
age_60,7,P_Q_9,0.0366807650099546
age_60,7,P_Q_10,0.0306768565698997
age_60,7,P_Q_11,0.0224795411560028
age_60,7,P_Q_12,0.0135552590652664
age_60,7,P_Q_13,0.00670016886725621
age_60,7,P_Q_14,0.00213355284357744
age_60,7,P_Q_15,0.000419747407533996
age_60,7,P_Q_16,5.2825195095658e-05
age_60,7,P_Q_17,1.19309975567497e-06
age_60,7,L_Q,0.794621843400294
age_60,7,beta_NQ_2,0.957769101087303
age_60,7,beta_NQ_3,0.951067400044386
age_60,7,beta_NQ_4,0.944235100027504
age_60,7,beta_NQ_5,0.933317200014092
age_60,7,beta_NQ_6,0.917863944448588
age_60,7,beta_NQ_7,0.897531433097593
age_60,7,beta_NQ_8,0.860720316055193
age_60,7,beta_NQ_9,0.810532600003745
age_60,7,beta_NQ_10,0.734017600170867
age_60,7,beta_NQ_11,0.628927800124643
age_60,7,beta_NQ_12,0.484616699454873
age_60,7,beta_NQ_13,0.327474613926273
age_60,7,beta_NQ_14,0.193547122720499
age_60,7,beta_NQ_15,0.101101276818328
age_60,7,beta_NQ_16,0.0484809100193364
age_60,7,beta_NQ_17,0.0240461982203856
age_60,7,h_NQ_2,23.6793438
age_60,7,h_NQ_3,20.436273568
age_60,7,h_NQ_4,17.932427027076
age_60,7,h_NQ_5,14.9963708803509
age_60,7,h_NQ_6,12.174914554974
age_60,7,h_NQ_7,9.75908717414728
age_60,7,h_NQ_8,7.17979204713736
age_60,7,h_NQ_9,5.27795282993373
age_60,7,h_NQ_10,3.75964725723561
age_60,7,h_NQ_11,2.69489333963482
age_60,7,h_NQ_12,1.94030345723774
age_60,7,h_NQ_13,1.48692582934289
age_60,7,h_NQ_14,1.23999617303628
age_60,7,h_NQ_15,1.11247215501127
age_60,7,h_NQ_16,1.05095105307268
age_60,7,h_NQ_17,1.02463866388348
age_60,7,P_NQ_1,0.5504102366
age_60,7,P_NQ_2,0.153454152588851
age_60,7,P_NQ_3,0.147364529930619
age_60,7,P_NQ_4,0.12760851116399
age_60,7,P_NQ_5,0.119339141883062
age_60,7,P_NQ_6,0.115123769148526
age_60,7,P_NQ_7,0.110236832499397
age_60,7,P_NQ_8,0.102877266521454
age_60,7,P_NQ_9,0.0855884569485576
age_60,7,P_NQ_10,0.0715793326587763
age_60,7,P_NQ_11,0.0524522630665231
age_60,7,P_NQ_12,0.0316289318904935
age_60,7,P_NQ_13,0.0156337248770131
age_60,7,P_NQ_14,0.00497830716470543
age_60,7,P_NQ_15,0.000979408111170118
age_60,7,P_NQ_16,0.000123259043081097
age_60,7,P_NQ_17,2.78390092809376e-06
age_60,7,L_NQ,1.40062656661481
age_60,7,pi_Q,0.3
age_60,7,pi_NQ,0.7
age_60,7,y,0.36964159543167
age_60,7,nbar,3.77944897134633
age_60,7,Ptot,2.41340127895424
age_60,7,Pret,0.253397154917079
age_60,7,H,106.978693574747
age_60,7,cCheck,-4.44089209850063e-16
age_60,7,shareq,0.3
age_60,7,A,0.145740715
age_60,7,A_Q,2
age_60,7,xpop,0.786300338
age_60,7,h_Q_1,100
age_60,7,mig_Q_2,-0.165004886
age_60,7,med_Q_2,-40.95102916
age_60,7,mig_Q_3,0.000950661
age_60,7,med_Q_3,1.253189642
age_60,7,mig_Q_4,0.000549503
age_60,7,med_Q_4,-4.157788436
age_60,7,mig_Q_5,-0.000140615
age_60,7,med_Q_5,-3.656168191
age_60,7,mig_Q_6,-0.000379747
age_60,7,med_Q_6,-4.367930075
age_60,7,mig_Q_7,-0.000387347
age_60,7,med_Q_7,-5.45959667
age_60,7,mig_Q_8,9.38584e-05
age_60,7,med_Q_8,-5.778122523
age_60,7,mig_Q_9,0.000752116
age_60,7,med_Q_9,-3.749095926
age_60,7,mig_Q_10,0.00154047
age_60,7,med_Q_10,-2.504857595
age_60,7,mig_Q_11,0.002347628
age_60,7,med_Q_11,-1.553803842
age_60,7,mig_Q_12,0.002449178
age_60,7,med_Q_12,-0.818722769
age_60,7,mig_Q_13,0.00185081
age_60,7,med_Q_13,-0.436716134
age_60,7,mig_Q_14,0.000808334
age_60,7,med_Q_14,-0.217333792
age_60,7,mig_Q_15,0.000201901
age_60,7,med_Q_15,-0.089984439
age_60,7,mig_Q_16,3.31656e-05
age_60,7,med_Q_16,-0.029225746
age_60,7,mig_Q_17,1.59711e-07
age_60,7,med_Q_17,3.50158e-05
age_60,7,h_NQ_1,100
age_60,7,mig_NQ_2,-0.370136329
age_60,7,med_NQ_2,-74.3206562
age_60,7,mig_NQ_3,0.006780186
age_60,7,med_NQ_3,-0.422778835
age_60,7,mig_NQ_4,0.005578571
age_60,7,med_NQ_4,-0.712646867
age_60,7,mig_NQ_5,0.004415585
age_60,7,med_NQ_5,-1.428999279
age_60,7,mig_NQ_6,0.004559025
age_60,7,med_NQ_6,-1.770102228
age_60,7,mig_NQ_7,0.005199776
age_60,7,med_NQ_7,-1.85717322
age_60,7,mig_NQ_8,0.007164767
age_60,7,med_NQ_8,-2.161423495
age_60,7,mig_NQ_9,0.008574417
age_60,7,med_NQ_9,-1.551915159
age_60,7,mig_NQ_10,0.010171715
age_60,7,med_NQ_10,-1.204534653
age_60,7,mig_NQ_11,0.010572765
age_60,7,med_NQ_11,-0.841474415
age_60,7,mig_NQ_12,0.009562616
age_60,7,med_NQ_12,-0.577764319
age_60,7,mig_NQ_13,0.006430109
age_60,7,med_NQ_13,-0.308391503
age_60,7,mig_NQ_14,0.002549778
age_60,7,med_NQ_14,-0.152584354
age_60,7,mig_NQ_15,0.000589843
age_60,7,med_NQ_15,-0.061512907
age_60,7,mig_NQ_16,8.85464e-05
age_60,7,med_NQ_16,-0.016685812
age_60,7,mig_NQ_17,9.75115e-07
age_60,7,med_NQ_17,0.00499513
age_60,8,beta_Q_2,0.984076900170265
age_60,8,beta_Q_3,0.981349700005238
age_60,8,beta_Q_4,0.976195800002336
age_60,8,beta_Q_5,0.970504804524301
age_60,8,beta_Q_6,0.962159300001863
age_60,8,beta_Q_7,0.948815299989353
age_60,8,beta_Q_8,0.921650599973983
age_60,8,beta_Q_9,0.880413700421122
age_60,8,beta_Q_10,0.811607402573308
age_60,8,beta_Q_11,0.705571507928962
age_60,8,beta_Q_12,0.56743200160931
age_60,8,beta_Q_13,0.406678020558233
age_60,8,beta_Q_14,0.250219899970082
age_60,8,beta_Q_15,0.131435124972837
age_60,8,beta_Q_16,0.0647460680280114
age_60,8,beta_Q_17,0.0321388047175256
age_60,8,h_Q_2,62.80184135
age_60,8,h_Q_3,53.6184404572
age_60,8,h_Q_4,42.009393304432
age_60,8,h_Q_5,33.9038216428974
age_60,8,h_Q_6,26.4265724468377
age_60,8,h_Q_7,19.5370882269591
age_60,8,h_Q_8,12.7633396001212
age_60,8,h_Q_9,8.36216189027632
age_60,8,h_Q_10,5.30806411871771
age_60,8,h_Q_11,3.3964103361017
age_60,8,h_Q_12,2.31177525794463
age_60,8,h_Q_13,1.68542545711991
age_60,8,h_Q_14,1.33372437760919
age_60,8,h_Q_15,1.15132444658637
age_60,8,h_Q_16,1.06922757063525
age_60,8,h_Q_17,1.03320599782985
age_60,8,P_Q_1,0.2371570851
age_60,8,P_Q_2,0.0619843694655418
age_60,8,P_Q_3,0.0635017429736429
age_60,8,P_Q_4,0.0605532080820492
age_60,8,P_Q_5,0.0517454613824486
age_60,8,P_Q_6,0.0480742257061389
age_60,8,P_Q_7,0.0458182892841978
age_60,8,P_Q_8,0.043174637444883
age_60,8,P_Q_9,0.0390164759408191
age_60,8,P_Q_10,0.0307427090977912
age_60,8,P_Q_11,0.0235298201682263
age_60,8,P_Q_12,0.0148994633978611
age_60,8,P_Q_13,0.00705889466152286
age_60,8,P_Q_14,0.00246174979489151
age_60,8,P_Q_15,0.000482071302284158
age_60,8,P_Q_16,5.83014384195248e-05
age_60,8,P_Q_17,1.05926057587226e-06
age_60,8,L_Q,0.798383433096291
age_60,8,beta_NQ_2,0.960777500039771
age_60,8,beta_NQ_3,0.95269410000342
age_60,8,beta_NQ_4,0.944511400034005
age_60,8,beta_NQ_5,0.933747900113122
age_60,8,beta_NQ_6,0.917632100015902
age_60,8,beta_NQ_7,0.89721959992845
age_60,8,beta_NQ_8,0.86024950002811
age_60,8,beta_NQ_9,0.81121900012386
age_60,8,beta_NQ_10,0.736195901222575
age_60,8,beta_NQ_11,0.632981405821706
age_60,8,beta_NQ_12,0.488113801320407
age_60,8,beta_NQ_13,0.334880909025814
age_60,8,beta_NQ_14,0.19806959828046
age_60,8,beta_NQ_15,0.101101897984911
age_60,8,beta_NQ_16,0.0489212004345328
age_60,8,beta_NQ_17,0.0239971028930627
age_60,8,h_NQ_2,25.49557014
age_60,8,h_NQ_3,21.13901226
age_60,8,h_NQ_4,18.02171977664
age_60,8,h_NQ_5,15.0938611745345
age_60,8,h_NQ_6,12.1406518817439
age_60,8,h_NQ_7,9.72948148887455
age_60,8,h_NQ_8,7.15560946166433
age_60,8,h_NQ_9,5.29714325319461
age_60,8,h_NQ_10,3.79069165333506
age_60,8,h_NQ_11,2.7246575540909
age_60,8,h_NQ_12,1.95355920984212
age_60,8,h_NQ_13,1.50349012409299
age_60,8,h_NQ_14,1.24699100675603
age_60,8,h_NQ_15,1.11247314657556
age_60,8,h_NQ_16,1.05143736391104
age_60,8,h_NQ_17,1.02458712001123
age_60,8,P_NQ_1,0.5533665319
age_60,8,P_NQ_2,0.144630194537632
age_60,8,P_NQ_3,0.148170732928693
age_60,8,P_NQ_4,0.141290830659544
age_60,8,P_NQ_5,0.120739411337542
age_60,8,P_NQ_6,0.112173204495897
age_60,8,P_NQ_7,0.106909353507473
age_60,8,P_NQ_8,0.100740841309804
age_60,8,P_NQ_9,0.0910384433149123
age_60,8,P_NQ_10,0.0717329927717079
age_60,8,P_NQ_11,0.0549029142234742
age_60,8,P_NQ_12,0.0347654146062372
age_60,8,P_NQ_13,0.0164708492597397
age_60,8,P_NQ_14,0.00574405146734978
age_60,8,P_NQ_15,0.00112483221074555
age_60,8,P_NQ_16,0.000136036096509847
age_60,8,P_NQ_17,2.47160038238312e-06
age_60,8,L_NQ,1.40736316197063
age_60,8,pi_Q,0.3
age_60,8,pi_NQ,0.7
age_60,8,y,0.337251102878793
age_60,8,nbar,3.82046267831448
age_60,8,Ptot,2.43419867072894
age_60,8,Pret,0.264113631357719
age_60,8,H,108.484512780798
age_60,8,cCheck,4.44089209850063e-16
age_60,8,shareq,0.3
age_60,8,A,0.131969085
age_60,8,A_Q,2
age_60,8,xpop,0.790523617
age_60,8,h_Q_1,100
age_60,8,mig_Q_2,-0.169770862
age_60,8,med_Q_2,-35.19815865
age_60,8,mig_Q_3,-0.000961563
age_60,8,med_Q_3,-2.289550966
age_60,8,mig_Q_4,-0.001053653
age_60,8,med_Q_4,-7.463068712
age_60,8,mig_Q_5,-0.00129891
age_60,8,med_Q_5,-6.043675936
age_60,8,mig_Q_6,-0.001130352
age_60,8,med_Q_6,-6.154514564
age_60,8,mig_Q_7,-0.000989635
age_60,8,med_Q_7,-6.289017745
age_60,8,mig_Q_8,-0.000363642
age_60,8,med_Q_8,-6.341836339
age_60,8,mig_Q_9,0.000238032
age_60,8,med_Q_9,-4.130699336
age_60,8,mig_Q_10,0.001046633
age_60,8,med_Q_10,-2.826342847
age_60,8,mig_Q_11,0.002000112
age_60,8,med_Q_11,-1.750153836
age_60,8,mig_Q_12,0.002220901
age_60,8,med_Q_12,-0.974857703
age_60,8,mig_Q_13,0.001653483
age_60,8,med_Q_13,-0.562304169
age_60,8,mig_Q_14,0.000821593
age_60,8,med_Q_14,-0.296263673
age_60,8,mig_Q_15,0.000201946
age_60,8,med_Q_15,-0.146328037
age_60,8,mig_Q_16,3.14556e-05
age_60,8,med_Q_16,-0.058888033
age_60,8,mig_Q_17,-6.33914e-07
age_60,8,med_Q_17,-0.01375456
age_60,8,h_NQ_1,100
age_60,8,mig_NQ_2,-0.382535723
age_60,8,med_NQ_2,-72.50442986
age_60,8,mig_NQ_3,0.002225491
age_60,8,med_NQ_3,-2.066744664
age_60,8,mig_NQ_4,0.002144069
age_60,8,med_NQ_4,-2.00582832
age_60,8,mig_NQ_5,0.001640193
age_60,8,med_NQ_5,-2.479917312
age_60,8,mig_NQ_6,0.002636109
age_60,8,med_NQ_6,-2.555791581
age_60,8,mig_NQ_7,0.003582152
age_60,8,med_NQ_7,-2.201934775
age_60,8,mig_NQ_8,0.00585776
age_60,8,med_NQ_8,-2.408295969
age_60,8,mig_NQ_9,0.007653065
age_60,8,med_NQ_9,-1.739052953
age_60,8,mig_NQ_10,0.008909559
age_60,8,med_NQ_10,-1.38170212
age_60,8,mig_NQ_11,0.009884682
age_60,8,med_NQ_11,-0.959796758
age_60,8,mig_NQ_12,0.009346172
age_60,8,med_NQ_12,-0.687436263
age_60,8,mig_NQ_13,0.006113177
age_60,8,med_NQ_13,-0.398007264
age_60,8,mig_NQ_14,0.002718189
age_60,8,med_NQ_14,-0.210196306
age_60,8,mig_NQ_15,0.000621519
age_60,8,med_NQ_15,-0.102723103
age_60,8,mig_NQ_16,8.85535e-05
age_60,8,med_NQ_16,-0.038785348
age_60,8,mig_NQ_17,-4.92311e-07
age_60,8,med_NQ_17,-0.005344912
age_60,9,beta_Q_2,0.96266830069613
age_60,9,beta_Q_3,0.969614707442619
age_60,9,beta_Q_4,0.968790300004278
age_60,9,beta_Q_5,0.964848000001087
age_60,9,beta_Q_6,0.959020300055827
age_60,9,beta_Q_7,0.946032000001399
age_60,9,beta_Q_8,0.917943999970297
age_60,9,beta_Q_9,0.873158899942629
age_60,9,beta_Q_10,0.799224600206456
age_60,9,beta_Q_11,0.684108700263053
age_60,9,beta_Q_12,0.524296802675033
age_60,9,beta_Q_13,0.349467602064531
age_60,9,beta_Q_14,0.192348504105645
age_60,9,beta_Q_15,0.0924704818850259
age_60,9,beta_Q_16,0.0424817826895312
age_60,9,beta_Q_17,0.0212006195287917
age_60,9,h_Q_2,26.78688621
age_60,9,h_Q_3,32.910650873
age_60,9,h_Q_4,32.041320488056
age_60,9,h_Q_5,28.4478834783434
age_60,9,h_Q_6,24.4023260340395
age_60,9,h_Q_7,18.5294989619009
age_60,9,h_Q_8,12.1867992544199
age_60,9,h_Q_9,7.88387990511878
age_60,9,h_Q_10,4.98068986947079
age_60,9,h_Q_11,3.16564590534336
age_60,9,h_Q_12,2.10215109137966
age_60,9,h_Q_13,1.53720245078573
age_60,9,h_Q_14,1.23815779997752
age_60,9,h_Q_15,1.10188878805701
age_60,9,h_Q_16,1.04436624765465
age_60,9,h_Q_17,1.02165980522254
age_60,9,P_Q_1,0.2266226103
age_60,9,P_Q_2,0.0414496791586237
age_60,9,P_Q_3,0.0516282473800233
age_60,9,P_Q_4,0.0542348667836981
age_60,9,P_Q_5,0.0536468613729884
age_60,9,P_Q_6,0.0465962209020102
age_60,9,P_Q_7,0.0430398818851261
age_60,9,P_Q_8,0.0405670228085624
age_60,9,P_Q_9,0.0371925523171898
age_60,9,P_Q_10,0.0321428766958922
age_60,9,P_Q_11,0.02301255361595
age_60,9,P_Q_12,0.0151273569555638
age_60,9,P_Q_13,0.007414317282022
age_60,9,P_Q_14,0.00240623391610559
age_60,9,P_Q_15,0.000495740391943421
age_60,9,P_Q_16,5.76669213320421e-05
age_60,9,P_Q_17,8.54411595105203e-12
age_60,9,L_Q,0.730865938478165
age_60,9,beta_NQ_2,0.905323203444421
age_60,9,beta_NQ_3,0.921064334809679
age_60,9,beta_NQ_4,0.926780500018136
age_60,9,beta_NQ_5,0.920391449983453
age_60,9,beta_NQ_6,0.910466100140916
age_60,9,beta_NQ_7,0.891719300024289
age_60,9,beta_NQ_8,0.853882599839066
age_60,9,beta_NQ_9,0.800513300016735
age_60,9,beta_NQ_10,0.720826100181882
age_60,9,beta_NQ_11,0.609624400096542
age_60,9,beta_NQ_12,0.445819901310995
age_60,9,beta_NQ_13,0.283781100700842
age_60,9,beta_NQ_14,0.150601997808238
age_60,9,beta_NQ_15,0.0702885184474611
age_60,9,beta_NQ_16,0.0318585909122844
age_60,9,beta_NQ_17,0.0157289018500441
age_60,9,h_NQ_2,10.56224967
age_60,9,h_NQ_3,12.6685390672
age_60,9,h_NQ_4,13.6575639018
age_60,9,h_NQ_5,12.5614569281072
age_60,9,h_NQ_6,11.1689538810438
age_60,9,h_NQ_7,9.23525614610899
age_60,9,h_NQ_8,6.84381188609706
age_60,9,h_NQ_9,5.01286551943104
age_60,9,h_NQ_10,3.58199674313072
age_60,9,h_NQ_11,2.56163551226836
age_60,9,h_NQ_12,1.80446753900908
age_60,9,h_NQ_13,1.39622118364528
age_60,9,h_NQ_14,1.17730439361113
age_60,9,h_NQ_15,1.07560120862091
age_60,9,h_NQ_16,1.03290686064405
age_60,9,h_NQ_17,1.01598024863282
age_60,9,P_NQ_1,0.5287860907
age_60,9,P_NQ_2,0.0967159191245605
age_60,9,P_NQ_3,0.120465910018348
age_60,9,P_NQ_4,0.126548024402544
age_60,9,P_NQ_5,0.125176018433588
age_60,9,P_NQ_6,0.108724515580353
age_60,9,P_NQ_7,0.100426401660501
age_60,9,P_NQ_8,0.0946563969031318
age_60,9,P_NQ_9,0.0867826385589756
age_60,9,P_NQ_10,0.0750000478221221
age_60,9,P_NQ_11,0.0536959626084339
age_60,9,P_NQ_12,0.0352971661651882
age_60,9,P_NQ_13,0.017300073645996
age_60,9,P_NQ_14,0.00561456349621466
age_60,9,P_NQ_15,0.00115672150547207
age_60,9,P_NQ_16,0.000134555342037102
age_60,9,P_NQ_17,2.20511739353022e-12
age_60,9,L_NQ,1.28754834552698
age_60,9,pi_Q,0.3
age_60,9,pi_NQ,0.7
age_60,9,y,0.362722661137903
age_60,9,nbar,3.5061144610553
age_60,9,Ptot,2.25211569466525
age_60,9,Pret,0.268855836375022
age_60,9,H,93.4093995538607
age_60,9,cCheck,0
age_60,9,shareq,0.3
age_60,9,A,0.150728864
age_60,9,A_Q,2
age_60,9,xpop,0.755408701
age_60,9,h_Q_1,100
age_60,9,mig_Q_2,-0.19193113
age_60,9,med_Q_2,-71.21311379
age_60,9,mig_Q_3,-0.009200095
age_60,9,med_Q_3,-28.63515365
age_60,9,mig_Q_4,-0.007755268
age_60,9,med_Q_4,-20.50475116
age_60,9,mig_Q_5,-0.005120318
age_60,9,med_Q_5,-12.72132196
age_60,9,mig_Q_6,-0.003191156
age_60,9,med_Q_6,-8.823419176
age_60,9,mig_Q_7,-0.002573679
age_60,9,med_Q_7,-7.368542036
age_60,9,mig_Q_8,-0.001661431
age_60,9,med_Q_8,-6.959547208
age_60,9,mig_Q_9,-0.00081899
age_60,9,med_Q_9,-4.624192903
age_60,9,mig_Q_10,0.000476816
age_60,9,med_Q_10,-3.214228783
age_60,9,mig_Q_11,0.001321374
age_60,9,med_Q_11,-2.036256931
age_60,9,mig_Q_12,0.001775784
age_60,9,med_Q_12,-1.226331038
age_60,9,mig_Q_13,0.001355033
age_60,9,med_Q_13,-0.728337302
age_60,9,mig_Q_14,0.000639958
age_60,9,med_Q_14,-0.413559148
age_60,9,mig_Q_15,0.00017218
age_60,9,med_Q_15,-0.205161102
age_60,9,mig_Q_16,2.64547e-05
age_60,9,med_Q_16,-0.08393171
age_60,9,mig_Q_17,-1.87373e-06
age_60,9,med_Q_17,-0.026183214
age_60,9,h_NQ_1,100
age_60,9,mig_NQ_2,-0.434946194
age_60,9,med_NQ_2,-87.43775033
age_60,9,mig_NQ_3,-0.017322423
age_60,9,med_NQ_3,-12.31711967
age_60,9,mig_NQ_4,-0.013400922
age_60,9,med_NQ_4,-7.058668113
age_60,9,mig_NQ_5,-0.006753998
age_60,9,med_NQ_5,-5.099828453
age_60,9,mig_NQ_6,-0.002069844
age_60,9,med_NQ_6,-3.62303007
age_60,9,mig_NQ_7,-0.000217596
age_60,9,med_NQ_7,-2.662582698
age_60,9,mig_NQ_8,0.002687679
age_60,9,med_NQ_8,-2.691079973
age_60,9,mig_NQ_9,0.005059754
age_60,9,med_NQ_9,-1.999631753
age_60,9,mig_NQ_10,0.007977919
age_60,9,med_NQ_10,-1.609203645
age_60,9,mig_NQ_11,0.008290312
age_60,9,med_NQ_11,-1.153242308
age_60,9,mig_NQ_12,0.008498296
age_60,9,med_NQ_12,-0.865696864
age_60,9,mig_NQ_13,0.0056578
age_60,9,med_NQ_13,-0.518266842
age_60,9,mig_NQ_14,0.002352189
age_60,9,med_NQ_14,-0.296115928
age_60,9,mig_NQ_15,0.000575987
age_60,9,med_NQ_15,-0.146449978
age_60,9,mig_NQ_16,7.95272e-05
age_60,9,med_NQ_16,-0.057316823
age_60,9,mig_NQ_17,-3.26447e-06
age_60,9,med_NQ_17,-0.014428368
age_60,10,beta_Q_2,0.986426700069285
age_60,10,beta_Q_3,0.987473200142563
age_60,10,beta_Q_4,0.984694600000777
age_60,10,beta_Q_5,0.980313000051596
age_60,10,beta_Q_6,0.97328560153488
age_60,10,beta_Q_7,0.962059500005814
age_60,10,beta_Q_8,0.939212103062337
age_60,10,beta_Q_9,0.902843200521366
age_60,10,beta_Q_10,0.840300099934678
age_60,10,beta_Q_11,0.742515600294894
age_60,10,beta_Q_12,0.605056707370968
age_60,10,beta_Q_13,0.440940987893285
age_60,10,beta_Q_14,0.277381426484267
age_60,10,beta_Q_15,0.155285704313517
age_60,10,beta_Q_16,0.0771783404487145
age_60,10,beta_Q_17,0.0382366976780276
age_60,10,h_Q_2,73.67405126
age_60,10,h_Q_3,79.8288469458
age_60,10,h_Q_4,65.33641721554
age_60,10,h_Q_5,50.7949408282949
age_60,10,h_Q_6,37.4329949397765
age_60,10,h_Q_7,26.3570590833587
age_60,10,h_Q_8,16.4506423146629
age_60,10,h_Q_9,10.2926403463315
age_60,10,h_Q_10,6.26174468001641
age_60,10,h_Q_11,3.88373043608137
age_60,10,h_Q_12,2.53200133323649
age_60,10,h_Q_13,1.78871901655207
age_60,10,h_Q_14,1.38385588177002
age_60,10,h_Q_15,1.18383221897797
age_60,10,h_Q_16,1.08363083129587
age_60,10,h_Q_17,1.03975676670155
age_60,10,P_Q_1,0.228139101
age_60,10,P_Q_2,0.0460741171568224
age_60,10,P_Q_3,0.0462082265309793
age_60,10,P_Q_4,0.0573718052679878
age_60,10,P_Q_5,0.0582240677465765
age_60,10,P_Q_6,0.0546503800909767
age_60,10,P_Q_7,0.0460425580524357
age_60,10,P_Q_8,0.0416365793358818
age_60,10,P_Q_9,0.0380139590094719
age_60,10,P_Q_10,0.0329401667563637
age_60,10,P_Q_11,0.0259605915991423
age_60,10,P_Q_12,0.0158181112822303
age_60,10,P_Q_13,0.00797567816083508
age_60,10,P_Q_14,0.00270104683816156
age_60,10,P_Q_15,0.000519900609750377
age_60,10,P_Q_16,6.34524356009634e-05
age_60,10,P_Q_17,1.06309045855739e-06
age_60,10,L_Q,0.758746349971318
age_60,10,beta_NQ_2,0.965960400004401
age_60,10,beta_NQ_3,0.968815599997748
age_60,10,beta_NQ_4,0.964758999992157
age_60,10,beta_NQ_5,0.955200000144948
age_60,10,beta_NQ_6,0.94075630351581
age_60,10,beta_NQ_7,0.922422428101573
age_60,10,beta_NQ_8,0.889363701409856
age_60,10,beta_NQ_9,0.84350539996961
age_60,10,beta_NQ_10,0.772416900029399
age_60,10,beta_NQ_11,0.674246481443401
age_60,10,beta_NQ_12,0.526415033258905
age_60,10,beta_NQ_13,0.366288453122011
age_60,10,beta_NQ_14,0.221180203623582
age_60,10,beta_NQ_15,0.120159597731927
age_60,10,beta_NQ_16,0.0586116104771719
age_60,10,beta_NQ_17,0.0286947287857468
age_60,10,h_NQ_2,29.3775485
age_60,10,h_NQ_3,32.0673157066
age_60,10,h_NQ_4,28.376039265856
age_60,10,h_NQ_5,22.321428572764
age_60,10,h_NQ_6,16.8794319055451
age_60,10,h_NQ_7,12.8903188534229
age_60,10,h_NQ_8,9.03862475718681
age_60,10,h_NQ_9,6.38999683537512
age_60,10,h_NQ_10,4.39399937904242
age_60,10,h_NQ_11,3.0697983132681
age_60,10,h_NQ_12,2.11155202702299
age_60,10,h_NQ_13,1.5780048862289
age_60,10,h_NQ_14,1.28399406397237
age_60,10,h_NQ_15,1.13656976573891
age_60,10,h_NQ_16,1.06226012444849
age_60,10,h_NQ_17,1.02954240843116
age_60,10,P_NQ_1,0.532324569
age_60,10,P_NQ_2,0.107506275569376
age_60,10,P_NQ_3,0.10781919871397
age_60,10,P_NQ_4,0.133867544321945
age_60,10,P_NQ_5,0.135856164672399
age_60,10,P_NQ_6,0.127517561334397
age_60,10,P_NQ_7,0.107432634928792
age_60,10,P_NQ_8,0.0971520259423504
age_60,10,P_NQ_9,0.0886992446526199
age_60,10,P_NQ_10,0.0768603999159602
age_60,10,P_NQ_11,0.0605747141607732
age_60,10,P_NQ_12,0.0369089277508909
age_60,10,P_NQ_13,0.0186099156659776
age_60,10,P_NQ_14,0.00630244265331665
age_60,10,P_NQ_15,0.00121309134987813
age_60,10,P_NQ_16,0.000148055517242276
age_60,10,P_NQ_17,2.48052576830068e-06
age_60,10,L_NQ,1.33610664146556
age_60,10,pi_Q,0.3
age_60,10,pi_NQ,0.7
age_60,10,y,0.171013527056599
age_60,10,nbar,3.53184610906598
age_60,10,Ptot,2.34113605163933
age_60,10,Pret,0.28660003831235
age_60,10,H,112.600076891662
age_60,10,cCheck,-4.44089209850063e-16
age_60,10,shareq,0.3
age_60,10,A,0.070701597
age_60,10,A_Q,2
age_60,10,xpop,0.76046367
age_60,10,h_Q_1,100
age_60,10,mig_Q_2,-0.172088286
age_60,10,med_Q_2,-24.32594874
age_60,10,mig_Q_3,0.006018008
age_60,10,med_Q_3,53.57769846
age_60,10,mig_Q_4,0.00735486
age_60,10,med_Q_4,33.08397936
age_60,10,mig_Q_5,0.005895665
age_60,10,med_Q_5,19.39444675
age_60,10,mig_Q_6,0.003201951
age_60,10,med_Q_6,9.554069131
age_60,10,mig_Q_7,0.001961042
age_60,10,med_Q_7,2.44277957
age_60,10,mig_Q_8,0.002128378
age_60,10,med_Q_8,-1.708266668
age_60,10,mig_Q_9,0.002592502
age_60,10,med_Q_9,-1.650422923
age_60,10,mig_Q_10,0.003214964
age_60,10,med_Q_10,-1.464457627
age_60,10,mig_Q_11,0.00397137
age_60,10,med_Q_11,-0.997345636
age_60,10,mig_Q_12,0.003752703
age_60,10,med_Q_12,-0.570331654
age_60,10,mig_Q_13,0.002689157
age_60,10,med_Q_13,-0.271389053
age_60,10,mig_Q_14,0.001274914
age_60,10,med_Q_14,-0.12260252
age_60,10,mig_Q_15,0.000297395
age_60,10,med_Q_15,-0.029562425
age_60,10,mig_Q_16,4.23925e-05
age_60,10,med_Q_16,0.003779819
age_60,10,mig_Q_17,-1.59484e-07
age_60,10,med_Q_17,0.016277844
age_60,10,h_NQ_1,100
age_60,10,mig_NQ_2,-0.371216042
age_60,10,med_NQ_2,-68.6224515
age_60,10,mig_NQ_3,0.018737615
age_60,10,med_NQ_3,21.71631103
age_60,10,mig_NQ_4,0.022222088
age_60,10,med_NQ_4,15.96087098
age_60,10,mig_NQ_5,0.019382445
age_60,10,med_NQ_5,8.937015949
age_60,10,mig_NQ_6,0.01354904
age_60,10,med_NQ_6,4.569204116
age_60,10,mig_NQ_7,0.010480886
age_60,10,med_NQ_7,1.94474405
age_60,10,mig_NQ_8,0.011399669
age_60,10,med_NQ_8,-0.011926266
age_60,10,mig_NQ_9,0.01292554
age_60,10,med_NQ_9,-0.316938813
age_60,10,mig_NQ_10,0.014305209
age_60,10,med_NQ_10,-0.51860883
age_60,10,mig_NQ_11,0.014852855
age_60,10,med_NQ_11,-0.440558495
age_60,10,mig_NQ_12,0.012970199
age_60,10,med_NQ_12,-0.398850775
age_60,10,mig_NQ_13,0.008593247
age_60,10,med_NQ_13,-0.190373302
age_60,10,mig_NQ_14,0.003697017
age_60,10,med_NQ_14,-0.084302696
age_60,10,mig_NQ_15,0.000818452
age_60,10,med_NQ_15,-0.01718854
age_60,10,mig_NQ_16,0.000111204
age_60,10,med_NQ_16,0.00817094
age_60,10,mig_NQ_17,3.64118e-07
age_60,10,med_NQ_17,0.017293685
age_60,11,beta_Q_2,0.993591100002428
age_60,11,beta_Q_3,0.991658700496937
age_60,11,beta_Q_4,0.988412000144944
age_60,11,beta_Q_5,0.983095300000944
age_60,11,beta_Q_6,0.975058800018706
age_60,11,beta_Q_7,0.962736404057653
age_60,11,beta_Q_8,0.941151100012965
age_60,11,beta_Q_9,0.907147799994951
age_60,11,beta_Q_10,0.848107599906427
age_60,11,beta_Q_11,0.750221225887767
age_60,11,beta_Q_12,0.616204873850281
age_60,11,beta_Q_13,0.447024208628429
age_60,11,beta_Q_14,0.279029953486581
age_60,11,beta_Q_15,0.149287502194982
age_60,11,beta_Q_16,0.0709255058263431
age_60,11,beta_Q_17,0.0340335968057298
age_60,11,h_Q_2,156.03301659
age_60,11,h_Q_3,119.8853895648
age_60,11,h_Q_4,86.296168443884
age_60,11,h_Q_5,59.1551462052292
age_60,11,h_Q_6,40.094301801729
age_60,11,h_Q_7,26.835839800981
age_60,11,h_Q_8,16.9926710646915
age_60,11,h_Q_9,10.7698040533697
age_60,11,h_Q_10,6.58360786540487
age_60,11,h_Q_11,4.00353912341608
age_60,11,h_Q_12,2.60555494335975
age_60,11,h_Q_13,1.80839740357176
age_60,11,h_Q_14,1.38701295622103
age_60,11,h_Q_15,1.17548525513462
age_60,11,h_Q_16,1.07633995359841
age_60,11,h_Q_17,1.03523269166995
age_60,11,P_Q_1,0.2458306653
age_60,11,P_Q_2,0.0619474285562033
age_60,11,P_Q_3,0.0470410209125907
age_60,11,P_Q_4,0.047841618140668
age_60,11,P_Q_5,0.0581952385406371
age_60,11,P_Q_6,0.0579836048005343
age_60,11,P_Q_7,0.0531009223454527
age_60,11,P_Q_8,0.0440684367787978
age_60,11,P_Q_9,0.0387561435463693
age_60,11,P_Q_10,0.033816558554572
age_60,11,P_Q_11,0.0269581076929153
age_60,11,P_Q_12,0.0185859610743795
age_60,11,P_Q_13,0.00903058161539256
age_60,11,P_Q_14,0.00325755898543185
age_60,11,P_Q_15,0.000714998960647717
age_60,11,P_Q_16,9.42372662588088e-05
age_60,11,P_Q_17,1.15970085571844e-11
age_60,11,L_Q,0.804640346320839
age_60,11,beta_NQ_2,0.983665399999646
age_60,11,beta_NQ_3,0.978835400001824
age_60,11,beta_NQ_4,0.972980100144218
age_60,11,beta_NQ_5,0.961216512998593
age_60,11,beta_NQ_6,0.944081100012597
age_60,11,beta_NQ_7,0.923078700404588
age_60,11,beta_NQ_8,0.891839629677109
age_60,11,beta_NQ_9,0.849085600046479
age_60,11,beta_NQ_10,0.781791099620542
age_60,11,beta_NQ_11,0.682715361040902
age_60,11,beta_NQ_12,0.537869174743662
age_60,11,beta_NQ_13,0.372200304897387
age_60,11,beta_NQ_14,0.223064448964196
age_60,11,beta_NQ_15,0.115793400331142
age_60,11,beta_NQ_16,0.0540179978328478
age_60,11,beta_NQ_17,0.025615596515411
age_60,11,h_NQ_2,61.21974214
age_60,11,h_NQ_3,47.24870775
age_60,11,h_NQ_4,37.009759471468
age_60,11,h_NQ_5,25.7841607835389
age_60,11,h_NQ_6,17.8830413343087
age_60,11,h_NQ_7,13.0003003064342
age_60,11,h_NQ_8,9.24552793635446
age_60,11,h_NQ_9,6.62627290904307
age_60,11,h_NQ_10,4.58276448966762
age_60,11,h_NQ_11,3.15174253546158
age_60,11,h_NQ_12,2.16388859600274
age_60,11,h_NQ_13,1.59286473048253
age_60,11,h_NQ_14,1.28710051350432
age_60,11,h_NQ_15,1.13095740269293
age_60,11,h_NQ_16,1.05710256342413
age_60,11,h_NQ_17,1.02628900495952
age_60,11,P_NQ_1,0.5736048857
age_60,11,P_NQ_2,0.14454400060341
age_60,11,P_NQ_3,0.109762384869268
age_60,11,P_NQ_4,0.111630444331245
age_60,11,P_NQ_5,0.135788889355725
age_60,11,P_NQ_6,0.135295084287042
age_60,11,P_NQ_7,0.123902163551665
age_60,11,P_NQ_8,0.102826353852484
age_60,11,P_NQ_9,0.0904310065003603
age_60,11,P_NQ_10,0.0789053085895259
age_60,11,P_NQ_11,0.0629023192056688
age_60,11,P_NQ_12,0.0433671901695921
age_60,11,P_NQ_13,0.0210713480522659
age_60,11,P_NQ_14,0.00760097093641862
age_60,11,P_NQ_15,0.00166833197395107
age_60,11,P_NQ_16,0.000219884237672283
age_60,11,P_NQ_17,2.29125005838702e-11
age_60,11,L_NQ,1.4170112233689
age_60,11,pi_Q,0.3
age_60,11,pi_NQ,0.7
age_60,11,y,0.398377425365729
age_60,11,nbar,3.88820937616453
age_60,11,Ptot,2.49074364932166
age_60,11,Pret,0.308193357349202
age_60,11,H,136.983936180097
age_60,11,cCheck,0
age_60,11,shareq,0.3
age_60,11,A,0.153982005
age_60,11,A_Q,2
age_60,11,xpop,0.819435551
age_60,11,h_Q_1,100
age_60,11,mig_Q_2,-0.163095072
age_60,11,med_Q_2,58.03301659
age_60,11,mig_Q_3,0.001544065
age_60,11,med_Q_3,47.68481933
age_60,11,mig_Q_4,0.002340627
age_60,11,med_Q_4,8.063898437
age_60,11,mig_Q_5,0.001952912
age_60,11,med_Q_5,-4.874542666
age_60,11,mig_Q_6,0.001314958
age_60,11,med_Q_6,-9.68474021
age_60,11,mig_Q_7,0.000524005
age_60,11,med_Q_7,-9.84849524
age_60,11,mig_Q_8,0.000824709
age_60,11,med_Q_8,-8.837246837
age_60,11,mig_Q_9,0.001164841
age_60,11,med_Q_9,-5.351825415
age_60,11,mig_Q_10,0.001873425
age_60,11,med_Q_10,-3.503179674
age_60,11,mig_Q_11,0.00249952
age_60,11,med_Q_11,-2.132970663
age_60,11,mig_Q_12,0.002878331
age_60,11,med_Q_12,-1.200500884
age_60,11,mig_Q_13,0.002055728
age_60,11,med_Q_13,-0.672963903
age_60,11,mig_Q_14,0.001045254
age_60,11,med_Q_14,-0.36593168
age_60,11,mig_Q_15,0.000295565
age_60,11,med_Q_15,-0.180693509
age_60,11,mig_Q_16,5.41122e-05
age_60,11,med_Q_16,-0.083815621
age_60,11,mig_Q_17,-2.4262e-06
age_60,11,med_Q_17,-0.026725523
age_60,11,h_NQ_1,100
age_60,11,mig_NQ_2,-0.369660453
age_60,11,med_NQ_2,-36.78025786
age_60,11,mig_NQ_3,0.005608628
age_60,11,med_NQ_3,18.45871022
age_60,11,mig_NQ_4,0.007610902
age_60,11,med_NQ_4,5.583790079
age_60,11,mig_NQ_5,0.007918611
age_60,11,med_NQ_5,-2.024357697
age_60,11,mig_NQ_6,0.007487541
age_60,11,med_NQ_6,-3.991958667
age_60,11,mig_NQ_7,0.006277105
age_60,11,med_NQ_7,-3.541542961
age_60,11,mig_NQ_8,0.007279668
age_60,11,med_NQ_8,-3.38698454
age_60,11,mig_NQ_9,0.008482748
age_60,11,med_NQ_9,-2.231579353
age_60,11,mig_NQ_10,0.010392513
age_60,11,med_NQ_10,-1.679432409
age_60,11,mig_NQ_11,0.011079465
age_60,11,med_NQ_11,-1.154376856
age_60,11,mig_NQ_12,0.01147975
age_60,11,med_NQ_12,-0.844513751
age_60,11,mig_NQ_13,0.007552034
age_60,11,med_NQ_13,-0.476456256
age_60,11,mig_NQ_14,0.003484826
age_60,11,med_NQ_14,-0.259344275
age_60,11,mig_NQ_15,0.000911033
age_60,11,med_NQ_15,-0.12735678
age_60,11,mig_NQ_16,0.000148783
age_60,11,med_NQ_16,-0.056735807
age_60,11,mig_NQ_17,-4.24839e-06
age_60,11,med_NQ_17,-0.014725917
age_60,12,beta_Q_2,0.994794700000283
age_60,12,beta_Q_3,0.993151300000353
age_60,12,beta_Q_4,0.990040699999411
age_60,12,beta_Q_5,0.985406799999085
age_60,12,beta_Q_6,0.977888601593333
age_60,12,beta_Q_7,0.965888600186084
age_60,12,beta_Q_8,0.944514900010858
age_60,12,beta_Q_9,0.912696100054757
age_60,12,beta_Q_10,0.85859640011135
age_60,12,beta_Q_11,0.767505400001658
age_60,12,beta_Q_12,0.638155199373967
age_60,12,beta_Q_13,0.470897593289184
age_60,12,beta_Q_14,0.297350425750987
age_60,12,beta_Q_15,0.160490828553725
age_60,12,beta_Q_16,0.0768615017820746
age_60,12,beta_Q_17,0.0364280247042793
age_60,12,h_Q_2,192.11188596
age_60,12,h_Q_3,146.0131119812
age_60,12,h_Q_4,100.408663253504
age_60,12,h_Q_5,68.5250664650063
age_60,12,h_Q_6,45.2255397711246
age_60,12,h_Q_7,29.3157126396944
age_60,12,h_Q_8,18.0228565869614
age_60,12,h_Q_9,11.4542420253977
age_60,12,h_Q_10,7.07195573430226
age_60,12,h_Q_11,4.30117516309678
age_60,12,h_Q_12,2.76361577694776
age_60,12,h_Q_13,1.88998546249255
age_60,12,h_Q_14,1.42318386650033
age_60,12,h_Q_15,1.19117217809661
age_60,12,h_Q_16,1.08326107103193
age_60,12,h_Q_17,1.03779881652644
age_60,12,P_Q_1,0.264807645
age_60,12,P_Q_2,0.0617253131497558
age_60,12,P_Q_3,0.0621279115011714
age_60,12,P_Q_4,0.0470734635690739
age_60,12,P_Q_5,0.0475125439385306
age_60,12,P_Q_6,0.0571084784582359
age_60,12,P_Q_7,0.0559398941799664
age_60,12,P_Q_8,0.0503188094771259
age_60,12,P_Q_9,0.040765321473103
age_60,12,P_Q_10,0.0343554498847402
age_60,12,P_Q_11,0.0278630880141164
age_60,12,P_Q_12,0.0195343213501552
age_60,12,P_Q_13,0.0108637735408733
age_60,12,P_Q_14,0.00375782376809976
age_60,12,P_Q_15,0.000857172844187942
age_60,12,P_Q_16,0.000128705962949249
age_60,12,P_Q_17,5.31239265008406e-11
age_60,12,L_Q,0.842522189540832
age_60,12,beta_NQ_2,0.9858635999994
age_60,12,beta_NQ_3,0.9818701999993
age_60,12,beta_NQ_4,0.976348704006461
age_60,12,beta_NQ_5,0.966116906483536
age_60,12,beta_NQ_6,0.949930801722291
age_60,12,beta_NQ_7,0.928669100105706
age_60,12,beta_NQ_8,0.896660599994639
age_60,12,beta_NQ_9,0.856564299964593
age_60,12,beta_NQ_10,0.79491340015851
age_60,12,beta_NQ_11,0.702279799376932
age_60,12,beta_NQ_12,0.560721899993885
age_60,12,beta_NQ_13,0.394610637288873
age_60,12,beta_NQ_14,0.238564330831283
age_60,12,beta_NQ_15,0.124762311463605
age_60,12,beta_NQ_16,0.0583731004118958
age_60,12,beta_NQ_17,0.0272748173711475
age_60,12,h_NQ_2,70.73936787
age_60,12,h_NQ_3,55.1578064822
age_60,12,h_NQ_4,42.280973987
age_60,12,h_NQ_5,29.5132381610386
age_60,12,h_NQ_6,19.9723582498681
age_60,12,h_NQ_7,14.0191698136225
age_60,12,h_NQ_8,9.67685122930548
age_60,12,h_NQ_9,6.97176504662737
age_60,12,h_NQ_10,4.87598897486221
age_60,12,h_NQ_11,3.35885840987426
age_60,12,h_NQ_12,2.27646222275234
age_60,12,h_NQ_13,1.65182638508269
age_60,12,h_NQ_14,1.31330835787288
age_60,12,h_NQ_15,1.14254676423424
age_60,12,h_NQ_16,1.06199175063907
age_60,12,h_NQ_17,1.02803661115565
age_60,12,P_NQ_1,0.617884505
age_60,12,P_NQ_2,0.144025731333841
age_60,12,P_NQ_3,0.144965127648503
age_60,12,P_NQ_4,0.109838085222169
age_60,12,P_NQ_5,0.110862607444563
age_60,12,P_NQ_6,0.133253115032442
age_60,12,P_NQ_7,0.130526425574811
age_60,12,P_NQ_8,0.11741056965811
age_60,12,P_NQ_9,0.0951190853614283
age_60,12,P_NQ_10,0.080162720011709
age_60,12,P_NQ_11,0.0650138712417419
age_60,12,P_NQ_12,0.0455801145206155
age_60,12,P_NQ_13,0.0253487774036651
age_60,12,P_NQ_14,0.00876827064221149
age_60,12,P_NQ_15,0.00200007027054609
age_60,12,P_NQ_16,0.000300312952953359
age_60,12,P_NQ_17,3.59123119400391e-11
age_60,12,L_NQ,1.48456966356751
age_60,12,pi_Q,0.3
age_60,12,pi_NQ,0.7
age_60,12,y,0.547110480698073
age_60,12,nbar,4.23521362313113
age_60,12,Ptot,2.61579910552043
age_60,12,Pret,0.324534472497601
age_60,12,H,155.168545991084
age_60,12,cCheck,4.44089209850063e-16
age_60,12,shareq,0.3
age_60,12,A,0.199187605
age_60,12,A_Q,2
age_60,12,xpop,0.88269215
age_60,12,h_Q_1,100
age_60,12,mig_Q_2,-0.182529848
age_60,12,med_Q_2,94.11188596
age_60,12,mig_Q_3,0.000697205
age_60,12,med_Q_3,-6.899244277
age_60,12,mig_Q_4,0.000577554
age_60,12,med_Q_4,-17.07901852
age_60,12,mig_Q_5,0.000479674
age_60,12,med_Q_5,-16.04517861
age_60,12,mig_Q_6,0.000364699
age_60,12,med_Q_6,-12.74650351
age_60,12,mig_Q_7,0.000116967
age_60,12,med_Q_7,-9.976703126
age_60,12,mig_Q_8,0.000342818
age_60,12,med_Q_8,-8.276266418
age_60,12,mig_Q_9,0.000788736
age_60,12,med_Q_9,-5.198575618
age_60,12,mig_Q_10,0.00148607
age_60,12,med_Q_10,-3.482452238
age_60,12,mig_Q_11,0.002493188
age_60,12,med_Q_11,-2.150760545
age_60,12,mig_Q_12,0.002922604
age_60,12,med_Q_12,-1.159852564
age_60,12,mig_Q_13,0.002555399
age_60,12,med_Q_13,-0.663458382
age_60,12,mig_Q_14,0.001238021
age_60,12,med_Q_14,-0.349045589
age_60,12,mig_Q_15,0.00037086
age_60,12,med_Q_15,-0.168100519
age_60,12,mig_Q_16,7.79943e-05
age_60,12,med_Q_16,-0.068714479
age_60,12,mig_Q_17,-3.20718e-06
age_60,12,med_Q_17,-0.017014338
age_60,12,h_NQ_1,100
age_60,12,mig_NQ_2,-0.420209548
age_60,12,med_NQ_2,-27.26063213
age_60,12,mig_NQ_3,0.003480343
age_60,12,med_NQ_3,-4.837540815
age_60,12,mig_NQ_4,0.003041469
age_60,12,med_NQ_4,-4.022759608
age_60,12,mig_NQ_5,0.003561581
age_60,12,med_NQ_5,-6.756326121
age_60,12,mig_NQ_6,0.005057391
age_60,12,med_NQ_6,-5.296119318
age_60,12,mig_NQ_7,0.005638415
age_60,12,med_NQ_7,-3.506210694
age_60,12,mig_NQ_8,0.00690971
age_60,12,med_NQ_8,-3.063443071
age_60,12,mig_NQ_9,0.007810709
age_60,12,med_NQ_9,-2.088852331
age_60,12,mig_NQ_10,0.009464564
age_60,12,med_NQ_10,-1.617758476
age_60,12,mig_NQ_11,0.011144005
age_60,12,med_NQ_11,-1.13225079
age_60,12,mig_NQ_12,0.011746896
age_60,12,med_NQ_12,-0.812245462
age_60,12,mig_NQ_13,0.009207496
age_60,12,med_NQ_13,-0.468784439
age_60,12,mig_NQ_14,0.004068002
age_60,12,med_NQ_14,-0.247699078
age_60,12,mig_NQ_15,0.001119928
age_60,12,med_NQ_15,-0.118811739
age_60,12,mig_NQ_16,0.000210193
age_60,12,med_NQ_16,-0.046346504
age_60,12,mig_NQ_17,-5.63243e-06
age_60,12,med_NQ_17,-0.007923901
age_60,13,beta_Q_2,0.99543669999992
age_60,13,beta_Q_3,0.993858200189183
age_60,13,beta_Q_4,0.990898000056964
age_60,13,beta_Q_5,0.986666900084058
age_60,13,beta_Q_6,0.980067900403587
age_60,13,beta_Q_7,0.968515800076275
age_60,13,beta_Q_8,0.94732200001555
age_60,13,beta_Q_9,0.916073500002183
age_60,13,beta_Q_10,0.865978800079766
age_60,13,beta_Q_11,0.781981500048058
age_60,13,beta_Q_12,0.656456599521037
age_60,13,beta_Q_13,0.489528404327301
age_60,13,beta_Q_14,0.316434817275691
age_60,13,beta_Q_15,0.176402616092727
age_60,13,beta_Q_16,0.0835971053138845
age_60,13,beta_Q_17,0.0394349000538824
age_60,13,h_Q_2,219.1396577
age_60,13,h_Q_3,162.8187176408
age_60,13,h_Q_4,109.865963531576
age_60,13,h_Q_5,75.0013125184339
age_60,13,h_Q_6,50.1703282557062
age_60,13,h_Q_7,31.7619631457021
age_60,13,h_Q_8,18.9832567719005
age_60,13,h_Q_9,11.9151876942221
age_60,13,h_Q_10,7.46150609388974
age_60,13,h_Q_11,4.58676671861621
age_60,13,h_Q_12,2.91084037283484
age_60,13,h_Q_13,1.9589693814088
age_60,13,h_Q_14,1.4629173892427
age_60,13,h_Q_15,1.21418532917032
age_60,13,h_Q_16,1.09122308853468
age_60,13,h_Q_17,1.04105385461129
age_60,13,P_Q_1,0.2950376742
age_60,13,P_Q_2,0.0600938417655564
age_60,13,P_Q_3,0.0632528059976088
age_60,13,P_Q_4,0.0631999499921212
age_60,13,P_Q_5,0.0475806151004746
age_60,13,P_Q_6,0.0475054961501915
age_60,13,P_Q_7,0.0560209943167826
age_60,13,P_Q_8,0.053701097558009
age_60,13,P_Q_9,0.0471131771691711
age_60,13,P_Q_10,0.0367819982661882
age_60,13,P_Q_11,0.0289928733060244
age_60,13,P_Q_12,0.0209122024868229
age_60,13,P_Q_13,0.0120588959103256
age_60,13,P_Q_14,0.00491457868764097
age_60,13,P_Q_15,0.00107203225010121
age_60,13,P_Q_16,0.000154475992091097
age_60,13,P_Q_17,1.41993639979033e-05
age_60,13,L_Q,0.896743243588944
age_60,13,beta_NQ_2,0.987370000517705
age_60,13,beta_NQ_3,0.983264100037819
age_60,13,beta_NQ_4,0.97793440001489
age_60,13,beta_NQ_5,0.968845500110594
age_60,13,beta_NQ_6,0.954518500483554
age_60,13,beta_NQ_7,0.933515000027073
age_60,13,beta_NQ_8,0.900877300011999
age_60,13,beta_NQ_9,0.8608113206286
age_60,13,beta_NQ_10,0.804067599919317
age_60,13,beta_NQ_11,0.718815200189958
age_60,13,beta_NQ_12,0.580001798526363
age_60,13,beta_NQ_13,0.412395592996297
age_60,13,beta_NQ_14,0.255122082688129
age_60,13,beta_NQ_15,0.1373123384164
age_60,13,beta_NQ_16,0.0635136030540818
age_60,13,beta_NQ_17,0.0294936500570758
age_60,13,h_NQ_2,79.17656374
age_60,13,h_NQ_3,59.7517910566
age_60,13,h_NQ_4,45.319411208556
age_60,13,h_NQ_5,32.09809177126
age_60,13,h_NQ_6,21.9869617298179
age_60,13,h_NQ_7,15.0409866828707
age_60,13,h_NQ_8,10.0885064683501
age_60,13,h_NQ_9,7.18448610771937
age_60,13,h_NQ_10,5.10380110469482
age_60,13,h_NQ_11,3.55638000536496
age_60,13,h_NQ_12,2.38096257667678
age_60,13,h_NQ_13,1.7018237932973
age_60,13,h_NQ_14,1.34250154638103
age_60,13,h_NQ_15,1.15916802771542
age_60,13,h_NQ_16,1.06782116894955
age_60,13,h_NQ_17,1.03038459962629
age_60,13,P_NQ_1,0.6884212398
age_60,13,P_NQ_2,0.140218964483147
age_60,13,P_NQ_3,0.147589880629804
age_60,13,P_NQ_4,0.147466550505747
age_60,13,P_NQ_5,0.111021439108917
age_60,13,P_NQ_6,0.110846162570838
age_60,13,P_NQ_7,0.13071565442346
age_60,13,P_NQ_8,0.125302564071066
age_60,13,P_NQ_9,0.109930758407643
age_60,13,P_NQ_10,0.0858246655646206
age_60,13,P_NQ_11,0.0676500409273322
age_60,13,P_NQ_12,0.0487951394086273
age_60,13,P_NQ_13,0.0281373890386799
age_60,13,P_NQ_14,0.0114673381186965
age_60,13,P_NQ_15,0.00250140671286077
age_60,13,P_NQ_16,0.000360443302733435
age_60,13,P_NQ_17,3.31310809459929e-05
age_60,13,L_NQ,1.58091026197362
age_60,13,pi_Q,0.3
age_60,13,pi_NQ,0.7
age_60,13,y,0.715531264402674
age_60,13,nbar,4.62269626244834
age_60,13,Ptot,2.79468967666823
age_60,13,Pret,0.349670810417689
age_60,13,H,174.693858781376
age_60,13,cCheck,-1.33226762955019e-15
age_60,13,shareq,0.3
age_60,13,A,0.245020185
age_60,13,A_Q,2
age_60,13,xpop,0.983458914
age_60,13,h_Q_1,100
age_60,13,mig_Q_2,-0.2033354
age_60,13,med_Q_2,121.1396577
age_60,13,mig_Q_3,0.001950231
age_60,13,med_Q_3,-25.4509306
age_60,13,mig_Q_4,0.001690789
age_60,13,med_Q_4,-33.22688621
age_60,13,mig_Q_5,0.001194104
age_60,13,med_Q_5,-23.39917747
age_60,13,mig_Q_6,0.001043521
age_60,13,med_Q_6,-16.98423688
age_60,13,mig_Q_7,0.000860566
age_60,13,med_Q_7,-12.55906583
age_60,13,mig_Q_8,0.000865034
age_60,13,med_Q_8,-9.746141615
age_60,13,mig_Q_9,0.001187396
age_60,13,med_Q_9,-5.747211761
age_60,13,mig_Q_10,0.00178104
age_60,13,med_Q_10,-3.763651091
age_60,13,mig_Q_11,0.00262488
age_60,13,med_Q_11,-2.343749901
age_60,13,mig_Q_12,0.003131228
age_60,13,med_Q_12,-1.304311287
age_60,13,mig_Q_13,0.002860231
age_60,13,med_Q_13,-0.74937408
age_60,13,mig_Q_14,0.001684231
age_60,13,med_Q_14,-0.389268364
age_60,13,mig_Q_15,0.000468936
age_60,13,med_Q_15,-0.18053486
age_60,13,mig_Q_16,8.85924e-05
age_60,13,med_Q_16,-0.076125646
age_60,13,mig_Q_17,9.51086e-06
age_60,13,med_Q_17,-0.020541995
age_60,13,h_NQ_1,100
age_60,13,mig_NQ_2,-0.468930878
age_60,13,med_NQ_2,-18.82343626
age_60,13,mig_NQ_3,0.006175307
age_60,13,med_NQ_3,-9.572789456
age_60,13,mig_NQ_4,0.005930036
age_60,13,med_NQ_4,-8.735239144
age_60,13,mig_NQ_5,0.004905008
age_60,13,med_NQ_5,-9.337262736
age_60,13,mig_NQ_6,0.005534357
age_60,13,med_NQ_6,-6.936011668
age_60,13,mig_NQ_7,0.006967604
age_60,13,med_NQ_7,-4.531924402
age_60,13,mig_NQ_8,0.008264661
age_60,13,med_NQ_8,-3.650279949
age_60,13,mig_NQ_9,0.009361056
age_60,13,med_NQ_9,-2.298828097
age_60,13,mig_NQ_10,0.01021323
age_60,13,med_NQ_10,-1.728528641
age_60,13,mig_NQ_11,0.011353382
age_60,13,med_NQ_11,-1.22208919
age_60,13,mig_NQ_12,0.012340438
age_60,13,med_NQ_12,-0.910718665
age_60,13,mig_NQ_13,0.010150991
age_60,13,med_NQ_13,-0.529109185
age_60,13,mig_NQ_14,0.005420024
age_60,13,med_NQ_14,-0.276288311
age_60,13,mig_NQ_15,0.001407457
age_60,13,med_NQ_15,-0.127874163
age_60,13,mig_NQ_16,0.000243693
age_60,13,med_NQ_16,-0.05187466
age_60,13,mig_NQ_17,2.49401e-05
age_60,13,med_NQ_17,-0.010367316
age_60,14,beta_Q_2,0.995754800004843
age_60,14,beta_Q_3,0.994171300000187
age_60,14,beta_Q_4,0.990976500051843
age_60,14,beta_Q_5,0.986639900000631
age_60,14,beta_Q_6,0.980200900038177
age_60,14,beta_Q_7,0.970047399997429
age_60,14,beta_Q_8,0.949007699996581
age_60,14,beta_Q_9,0.91748150702083
age_60,14,beta_Q_10,0.86633560001034
age_60,14,beta_Q_11,0.788424382100547
age_60,14,beta_Q_12,0.672029899979871
age_60,14,beta_Q_13,0.511739889190151
age_60,14,beta_Q_14,0.336314032157484
age_60,14,beta_Q_15,0.191642504856973
age_60,14,beta_Q_16,0.0944234196908989
age_60,14,beta_Q_17,0.0447936033192221
age_60,14,h_Q_2,235.5601621
age_60,14,h_Q_3,171.564842926
age_60,14,h_Q_4,110.821743227984
age_60,14,h_Q_5,74.8497391509444
age_60,14,h_Q_6,50.5073462880652
age_60,14,h_Q_7,33.3860833405921
age_60,14,h_Q_8,19.6108039827881
age_60,14,h_Q_9,12.1184946444625
age_60,14,h_Q_10,7.48142362533768
age_60,14,h_Q_11,4.72643847201194
age_60,14,h_Q_12,3.04905843524389
age_60,14,h_Q_13,2.04807990037814
age_60,14,h_Q_14,1.50673547978063
age_60,14,h_Q_15,1.23707626845785
age_60,14,h_Q_16,1.10426881758691
age_60,14,h_Q_17,1.04689416076398
age_60,14,P_Q_1,0.3198031971
age_60,14,P_Q_2,0.0561084727812994
age_60,14,P_Q_3,0.0615593454195694
age_60,14,P_Q_4,0.0644478859610217
age_60,14,P_Q_5,0.0636490937441937
age_60,14,P_Q_6,0.0473664005414334
age_60,14,P_Q_7,0.0467254316119231
age_60,14,P_Q_8,0.0539476863790343
age_60,14,P_Q_9,0.050298217393924
age_60,14,P_Q_10,0.0425283796329042
age_60,14,P_Q_11,0.0313991051789589
age_60,14,P_Q_12,0.0222572730208171
age_60,14,P_Q_13,0.0132743451143438
age_60,14,P_Q_14,0.00564669852393046
age_60,14,P_Q_15,0.00150230853749343
age_60,14,P_Q_16,0.000191967792911592
age_60,14,P_Q_17,2.04586453088367e-05
age_60,14,L_Q,0.933254713275563
age_60,14,beta_NQ_2,0.988142700004068
age_60,14,beta_NQ_3,0.983934500001772
age_60,14,beta_NQ_4,0.977790400038823
age_60,14,beta_NQ_5,0.968400001242472
age_60,14,beta_NQ_6,0.954638500008699
age_60,14,beta_NQ_7,0.936549199995969
age_60,14,beta_NQ_8,0.903564358072179
age_60,14,beta_NQ_9,0.862200001433298
age_60,14,beta_NQ_10,0.803860918221978
age_60,14,beta_NQ_11,0.726096436615858
age_60,14,beta_NQ_12,0.596541539489888
age_60,14,beta_NQ_13,0.433744041227652
age_60,14,beta_NQ_14,0.272212721431368
age_60,14,beta_NQ_15,0.149810141058438
age_60,14,beta_NQ_16,0.0716882050066691
age_60,14,beta_NQ_17,0.033394703023271
age_60,14,h_NQ_2,84.33623169
age_60,14,h_NQ_3,62.2451837852
age_60,14,h_NQ_4,45.025574525468
age_60,14,h_NQ_5,31.6455696143849
age_60,14,h_NQ_6,22.0451263768348
age_60,14,h_NQ_7,15.7602425802215
age_60,14,h_NQ_8,10.3696037822133
age_60,14,h_NQ_9,7.25689404998309
age_60,14,h_NQ_10,5.09841729756498
age_60,14,h_NQ_11,3.65091818560092
age_60,14,h_NQ_12,2.47856291125766
age_60,14,h_NQ_13,1.76598226414324
age_60,14,h_NQ_14,1.37402744643135
age_60,14,h_NQ_15,1.17620781145341
age_60,14,h_NQ_16,1.07722426816111
age_60,14,h_NQ_17,1.03454843757056
age_60,14,P_NQ_1,0.7462074599
age_60,14,P_NQ_2,0.130919770897725
age_60,14,P_NQ_3,0.143638475920757
age_60,14,P_NQ_4,0.150378401361977
age_60,14,P_NQ_5,0.148514554874325
age_60,14,P_NQ_6,0.110521604579769
age_60,14,P_NQ_7,0.109026010455316
age_60,14,P_NQ_8,0.125877934826308
age_60,14,P_NQ_9,0.117362525656164
age_60,14,P_NQ_10,0.0992328940701438
age_60,14,P_NQ_11,0.0732645811590689
age_60,14,P_NQ_12,0.0519336384082348
age_60,14,P_NQ_13,0.0309734504517578
age_60,14,P_NQ_14,0.0131756082929542
age_60,14,P_NQ_15,0.00350538401248975
age_60,14,P_NQ_16,0.000447922353037455
age_60,14,P_NQ_17,4.77384886362366e-05
age_60,14,L_NQ,1.64506818968679
age_60,14,pi_Q,0.3
age_60,14,pi_NQ,0.7
age_60,14,y,1.02666072549525
age_60,14,nbar,4.92601130635153
age_60,14,Ptot,2.93575422308773
age_60,14,Pret,0.389401753682991
age_60,14,H,185.670093636066
age_60,14,cCheck,0
age_60,14,shareq,0.3
age_60,14,A,0.336263838
age_60,14,A_Q,2
age_60,14,xpop,1.066010657
age_60,14,h_Q_1,100
age_60,14,mig_Q_2,-0.237582856
age_60,14,med_Q_2,137.5601621
age_60,14,mig_Q_3,0.001834588
age_60,14,med_Q_3,-43.19202162
age_60,14,mig_Q_4,0.001770807
age_60,14,med_Q_4,-48.74060006
age_60,14,mig_Q_5,0.001291795
age_60,14,med_Q_5,-32.81890511
age_60,14,mig_Q_6,0.000734167
age_60,14,med_Q_6,-22.99393998
age_60,14,mig_Q_7,0.000715608
age_60,14,med_Q_7,-15.78083835
age_60,14,mig_Q_8,0.000877766
age_60,14,med_Q_8,-11.5159199
age_60,14,mig_Q_9,0.001104065
age_60,14,med_Q_9,-6.485096992
age_60,14,mig_Q_10,0.001729367
age_60,14,med_Q_10,-4.195460315
age_60,14,mig_Q_11,0.002636263
age_60,14,med_Q_11,-2.5858375
age_60,14,mig_Q_12,0.00322471
age_60,14,med_Q_12,-1.445972949
age_60,14,mig_Q_13,0.003037228
age_60,14,med_Q_13,-0.804543665
age_60,14,mig_Q_14,0.001830844
age_60,14,med_Q_14,-0.413054514
age_60,14,mig_Q_15,0.000635364
age_60,14,med_Q_15,-0.196582773
age_60,14,mig_Q_16,0.000102349
age_60,14,med_Q_16,-0.085632805
age_60,14,mig_Q_17,1.43669e-05
age_60,14,med_Q_17,-0.022504466
age_60,14,h_NQ_1,100
age_60,14,mig_NQ_2,-0.548806709
age_60,14,med_NQ_2,-13.66376831
age_60,14,mig_NQ_3,0.005766202
age_60,14,med_NQ_3,-15.34784868
age_60,14,mig_NQ_4,0.00604518
age_60,14,med_NQ_4,-13.53118071
age_60,14,mig_NQ_5,0.005642251
age_60,14,med_NQ_5,-12.76745337
age_60,14,mig_NQ_6,0.004549587
age_60,14,med_NQ_6,-9.411003559
age_60,14,mig_NQ_7,0.005549455
age_60,14,med_NQ_7,-5.786979915
age_60,14,mig_NQ_8,0.008119169
age_60,14,med_NQ_8,-4.370563167
age_60,14,mig_NQ_9,0.00950066
age_60,14,med_NQ_9,-2.629842289
age_60,14,mig_NQ_10,0.010841133
age_60,14,med_NQ_10,-1.942379088
age_60,14,mig_NQ_11,0.011572507
age_60,14,med_NQ_11,-1.350806897
age_60,14,mig_NQ_12,0.012696493
age_60,14,med_NQ_12,-1.006689494
age_60,14,mig_NQ_13,0.01085055
age_60,14,med_NQ_13,-0.567361061
age_60,14,mig_NQ_14,0.005997139
age_60,14,med_NQ_14,-0.293759871
age_60,14,mig_NQ_15,0.001930777
age_60,14,med_NQ_15,-0.139443704
age_60,14,mig_NQ_16,0.000289049
age_60,14,med_NQ_16,-0.058760399
age_60,14,mig_NQ_17,3.71077e-05
age_60,14,med_NQ_17,-0.011916308
age_60,15,beta_Q_2,0.995943800000819
age_60,15,beta_Q_3,0.994638400018662
age_60,15,beta_Q_4,0.991469000000774
age_60,15,beta_Q_5,0.986982900000344
age_60,15,beta_Q_6,0.981193400001437
age_60,15,beta_Q_7,0.971546499995241
age_60,15,beta_Q_8,0.954140501122299
age_60,15,beta_Q_9,0.924845900633453
age_60,15,beta_Q_10,0.876465100316861
age_60,15,beta_Q_11,0.799466700027591
age_60,15,beta_Q_12,0.688078000406597
age_60,15,beta_Q_13,0.531831587428912
age_60,15,beta_Q_14,0.357684185180722
age_60,15,beta_Q_15,0.203602537720793
age_60,15,beta_Q_16,0.100828305865785
age_60,15,beta_Q_17,0.0474932096030305
age_60,15,h_Q_2,246.5361669
age_60,15,h_Q_3,186.511489138
age_60,15,h_Q_4,117.21955221748
age_60,15,h_Q_5,76.8220264134243
age_60,15,h_Q_6,53.1728223079256
age_60,15,h_Q_7,35.1450612323039
age_60,15,h_Q_8,21.8057327237802
age_60,15,h_Q_9,13.3059939501323
age_60,15,h_Q_10,8.09487845557326
age_60,15,h_Q_11,4.98670295683093
age_60,15,h_Q_12,3.2059296915717
age_60,15,h_Q_13,2.13597624753901
age_60,15,h_Q_14,1.55686463237058
age_60,15,h_Q_15,1.25565436418501
age_60,15,h_Q_16,1.11213465008869
age_60,15,h_Q_17,1.04985289623517
age_60,15,P_Q_1,0.3220408704
age_60,15,P_Q_2,0.0643385065692199
age_60,15,P_Q_3,0.0571512833260096
age_60,15,P_Q_4,0.0621299456693674
age_60,15,P_Q_5,0.0643568587598345
age_60,15,P_Q_6,0.062751466974673
age_60,15,P_Q_7,0.0461707546924543
age_60,15,P_Q_8,0.0447023903853787
age_60,15,P_Q_9,0.0503728815993235
age_60,15,P_Q_10,0.0452248723454157
age_60,15,P_Q_11,0.03596110543381
age_60,15,P_Q_12,0.0240711345128732
age_60,15,P_Q_13,0.0143779764293479
age_60,15,P_Q_14,0.00649612752965496
age_60,15,P_Q_15,0.0018348424492982
age_60,15,P_Q_16,0.000296447109540962
age_60,15,P_Q_17,2.06077291657484e-05
age_60,15,L_Q,0.946538327160494
age_60,15,beta_NQ_2,0.988587100000126
age_60,15,beta_NQ_3,0.985280700071966
age_60,15,beta_NQ_4,0.978758600003395
age_60,15,beta_NQ_5,0.968898802060581
age_60,15,beta_NQ_6,0.956626799989653
age_60,15,beta_NQ_7,0.939580000015417
age_60,15,beta_NQ_8,0.912634501171517
age_60,15,beta_NQ_9,0.873406100396887
age_60,15,beta_NQ_10,0.817039600162777
age_60,15,beta_NQ_11,0.73878769996807
age_60,15,beta_NQ_12,0.613765999741137
age_60,15,beta_NQ_13,0.453317998936572
age_60,15,beta_NQ_14,0.290875336209447
age_60,15,beta_NQ_15,0.159068812728285
age_60,15,beta_NQ_16,0.0763640019877916
age_60,15,beta_NQ_17,0.0352194375296104
age_60,15,h_NQ_2,87.62014913
age_60,15,h_NQ_3,67.9380133562
age_60,15,h_NQ_4,47.077876229496
age_60,15,h_NQ_5,32.1531002049586
age_60,15,h_NQ_6,23.0557118160972
age_60,15,h_NQ_7,16.5508109932981
age_60,15,h_NQ_8,11.4461658196171
age_60,15,h_NQ_9,7.89927476256906
age_60,15,h_NQ_10,5.46566360898343
age_60,15,h_NQ_11,3.82830364361368
age_60,15,h_NQ_12,2.58910401288891
age_60,15,h_NQ_13,1.82921397603251
age_60,15,h_NQ_14,1.41018860486038
age_60,15,h_NQ_15,1.18915792450272
age_60,15,h_NQ_16,1.08267759322434
age_60,15,h_NQ_17,1.03650143379789
age_60,15,P_NQ_1,0.7514286976
age_60,15,P_NQ_2,0.150123183188763
age_60,15,P_NQ_3,0.1333529963186
age_60,15,P_NQ_4,0.144969875831524
age_60,15,P_NQ_5,0.150166003065779
age_60,15,P_NQ_6,0.146420089894685
age_60,15,P_NQ_7,0.107731763351454
age_60,15,P_NQ_8,0.104305586150229
age_60,15,P_NQ_9,0.117536723587663
age_60,15,P_NQ_10,0.105524741638815
age_60,15,P_NQ_11,0.0839092477794103
age_60,15,P_NQ_12,0.0561660670347128
age_60,15,P_NQ_13,0.0335485631988433
age_60,15,P_NQ_14,0.0151576102395926
age_60,15,P_NQ_15,0.00428129173689819
age_60,15,P_NQ_16,0.000691709687714465
age_60,15,P_NQ_17,4.80847339571705e-05
age_60,15,L_NQ,1.66775562473926
age_60,15,pi_Q,0.3
age_60,15,pi_NQ,0.7
age_60,15,y,1.35513057499715
age_60,15,nbar,5.05631968634408
age_60,15,Ptot,3.00766030695401
age_60,15,Pret,0.42761042958905
age_60,15,H,193.847292624012
age_60,15,cCheck,-4.44089209850063e-16
age_60,15,shareq,0.3
age_60,15,A,0.435809785
age_60,15,A_Q,2
age_60,15,xpop,1.073469568
age_60,15,h_Q_1,100
age_60,15,mig_Q_2,-0.254107062
age_60,15,med_Q_2,148.5361669
age_60,15,mig_Q_3,0.00136985
age_60,15,med_Q_3,-44.33746972
age_60,15,mig_Q_4,0.001126081
age_60,15,med_Q_4,-50.91399385
age_60,15,mig_Q_5,0.000770003
age_60,15,med_Q_5,-31.78328195
age_60,15,mig_Q_6,0.000362568
age_60,15,med_Q_6,-20.17992206
age_60,15,mig_Q_7,0.000223101
age_60,15,med_Q_7,-14.35213813
age_60,15,mig_Q_8,0.000359596
age_60,15,med_Q_8,-10.91262895
age_60,15,mig_Q_9,0.000876877
age_60,15,med_Q_9,-5.912593953
age_60,15,mig_Q_10,0.001649736
age_60,15,med_Q_10,-3.781246296
age_60,15,mig_Q_11,0.002430694
age_60,15,med_Q_11,-2.345092196
age_60,15,mig_Q_12,0.002969997
age_60,15,med_Q_12,-1.425980011
age_60,15,mig_Q_13,0.002988042
age_60,15,med_Q_13,-0.852101019
age_60,15,mig_Q_14,0.002031779
age_60,15,med_Q_14,-0.45025367
age_60,15,mig_Q_15,0.000752695
age_60,15,med_Q_15,-0.220946406
age_60,15,mig_Q_16,0.000154594
age_60,15,med_Q_16,-0.100200093
age_60,15,mig_Q_17,1.20088e-05
age_60,15,med_Q_17,-0.032330545
age_60,15,h_NQ_1,100
age_60,15,mig_NQ_2,-0.587236271
age_60,15,med_NQ_2,-10.37985087
age_60,15,mig_NQ_3,0.004536517
age_60,15,med_NQ_3,-14.7114937
age_60,15,mig_NQ_4,0.004521553
age_60,15,med_NQ_4,-13.92240388
age_60,15,mig_NQ_5,0.004539559
age_60,15,med_NQ_5,-11.97196283
age_60,15,mig_NQ_6,0.004642378
age_60,15,med_NQ_6,-7.956946406
age_60,15,mig_NQ_7,0.004222843
age_60,15,med_NQ_7,-5.053412856
age_60,15,mig_NQ_8,0.005793569
age_60,15,med_NQ_8,-3.998871909
age_60,15,mig_NQ_9,0.009004768
age_60,15,med_NQ_9,-2.262936944
age_60,15,mig_NQ_10,0.011181594
age_60,15,med_NQ_10,-1.64609256
age_60,15,mig_NQ_11,0.011856597
age_60,15,med_NQ_11,-1.168145308
age_60,15,mig_NQ_12,0.012460701
age_60,15,med_NQ_12,-0.988795809
age_60,15,mig_NQ_13,0.011022657
age_60,15,med_NQ_13,-0.599777677
age_60,15,mig_NQ_14,0.006726243
age_60,15,med_NQ_14,-0.320474014
age_60,15,mig_NQ_15,0.002307452
age_60,15,med_NQ_15,-0.157388973
age_60,15,mig_NQ_16,0.000440415
age_60,15,med_NQ_16,-0.070006062
age_60,15,mig_NQ_17,3.31265e-05
age_60,15,med_NQ_17,-0.019178349
age_60,16,beta_Q_2,0.996367900125476
age_60,16,beta_Q_3,0.99519130014795
age_60,16,beta_Q_4,0.992379100316725
age_60,16,beta_Q_5,0.987635500000372
age_60,16,beta_Q_6,0.981419000404811
age_60,16,beta_Q_7,0.97284790000392
age_60,16,beta_Q_8,0.956876000003725
age_60,16,beta_Q_9,0.932060901082042
age_60,16,beta_Q_10,0.888214701649101
age_60,16,beta_Q_11,0.81449630047874
age_60,16,beta_Q_12,0.705271800083121
age_60,16,beta_Q_13,0.553437200726719
age_60,16,beta_Q_14,0.374711643560468
age_60,16,beta_Q_15,0.218074889403826
age_60,16,beta_Q_16,0.107752400046906
age_60,16,beta_Q_17,0.0502324586580444
age_60,16,h_Q_2,275.322816
age_60,16,h_Q_3,207.956412382
age_60,16,h_Q_4,131.21809762524
age_60,16,h_Q_5,80.8767034631304
age_60,16,h_Q_6,53.8184166651558
age_60,16,h_Q_7,36.829563831767
age_60,16,h_Q_8,23.1889435076578
age_60,16,h_Q_9,14.7190645703046
age_60,16,h_Q_10,8.94572005312967
age_60,16,h_Q_11,5.39072805946179
age_60,16,h_Q_12,3.39295662969431
age_60,16,h_Q_13,2.23932670074027
age_60,16,h_Q_14,1.59926126858823
age_60,16,h_Q_15,1.27889470372317
age_60,16,h_Q_16,1.12076512890131
age_60,16,h_Q_17,1.05288050608692
age_60,16,P_Q_1,0.3194008092
age_60,16,P_Q_2,0.0826164572217474
age_60,16,P_Q_3,0.064891756233599
age_60,16,P_Q_4,0.0568665687279996
age_60,16,P_Q_5,0.061326389673616
age_60,16,P_Q_6,0.0628653580599743
age_60,16,P_Q_7,0.0607462951088105
age_60,16,P_Q_8,0.0441633460194531
age_60,16,P_Q_9,0.0419227554964337
age_60,16,P_Q_10,0.0457472167242004
age_60,16,P_Q_11,0.0388704704531585
age_60,16,P_Q_12,0.0280014015193068
age_60,16,P_Q_13,0.0160127846791962
age_60,16,P_Q_14,0.00728584978367892
age_60,16,P_Q_15,0.00220021205039566
age_60,16,P_Q_16,0.000364675055693365
age_60,16,P_Q_17,2.87895247096415e-05
age_60,16,L_Q,0.972218168656634
age_60,16,beta_NQ_2,0.989680600164088
age_60,16,beta_NQ_3,0.986715900245842
age_60,16,beta_NQ_4,0.980932800543132
age_60,16,beta_NQ_5,0.970029900004466
age_60,16,beta_NQ_6,0.956614903270331
age_60,16,beta_NQ_7,0.941724899980929
age_60,16,beta_NQ_8,0.917262300033683
age_60,16,beta_NQ_9,0.884329000717108
age_60,16,beta_NQ_10,0.832550800768387
age_60,16,beta_NQ_11,0.756334200212729
age_60,16,beta_NQ_12,0.632437799918642
age_60,16,beta_NQ_13,0.474787465734491
age_60,16,beta_NQ_14,0.30667268796001
age_60,16,beta_NQ_15,0.171361734678332
age_60,16,beta_NQ_16,0.0819939018545653
age_60,16,beta_NQ_17,0.0373887680236216
age_60,16,h_NQ_2,96.90485881
age_60,16,h_NQ_3,75.2779638774
age_60,16,h_NQ_4,52.446085419076
age_60,16,h_NQ_5,33.3665887049061
age_60,16,h_NQ_6,23.0493879268595
age_60,16,h_NQ_7,17.1599877077752
age_60,16,h_NQ_8,12.0863886754321
age_60,16,h_NQ_9,8.64520925622474
age_60,16,h_NQ_10,5.97196044631768
age_60,16,h_NQ_11,4.10398176580376
age_60,16,h_NQ_12,2.72062796374141
age_60,16,h_NQ_13,1.90398580263113
age_60,16,h_NQ_14,1.44231982951186
age_60,16,h_NQ_15,1.20679914676317
age_60,16,h_NQ_16,1.08931738101267
age_60,16,h_NQ_17,1.03883573235986
age_60,16,P_NQ_1,0.7452685548
age_60,16,P_NQ_2,0.192771732017256
age_60,16,P_NQ_3,0.151414100029257
age_60,16,P_NQ_4,0.132688661983051
age_60,16,P_NQ_5,0.143094911028034
age_60,16,P_NQ_6,0.146685835980053
age_60,16,P_NQ_7,0.141741356065505
age_60,16,P_NQ_8,0.103047809106582
age_60,16,P_NQ_9,0.0978197702490827
age_60,16,P_NQ_10,0.106743503644507
age_60,16,P_NQ_11,0.0906977951650646
age_60,16,P_NQ_12,0.0653366033508566
age_60,16,P_NQ_13,0.0373631651163134
age_60,16,P_NQ_14,0.0170002795998074
age_60,16,P_NQ_15,0.0051338230646101
age_60,16,P_NQ_16,0.000850909570706809
age_60,16,P_NQ_17,6.71728261350859e-05
age_60,16,L_NQ,1.7130270054633
age_60,16,pi_Q,0.3
age_60,16,pi_NQ,0.7
age_60,16,y,1.79951986546106
age_60,16,nbar,5.23849633065215
age_60,16,Ptot,3.11103711912879
age_60,16,Pret,0.461704652128341
age_60,16,H,212.108026226629
age_60,16,cCheck,0
age_60,16,shareq,0.3
age_60,16,A,0.564562457
age_60,16,A_Q,2
age_60,16,xpop,1.064669364
age_60,16,h_Q_1,100
age_60,16,mig_Q_2,-0.238118151
age_60,16,med_Q_2,177.322816
age_60,16,mig_Q_3,0.000898207
age_60,16,med_Q_3,-33.64903118
age_60,16,mig_Q_4,0.000202843
age_60,16,med_Q_4,-51.56316173
age_60,16,mig_Q_5,5.19572e-06
age_60,16,med_Q_5,-33.99845771
age_60,16,mig_Q_6,-0.000281167
age_60,16,med_Q_6,-21.46716922
age_60,16,mig_Q_7,-0.000219673
age_60,16,med_Q_7,-15.27980203
age_60,16,mig_Q_8,0.000109959
age_60,16,med_Q_8,-11.2532165
age_60,16,mig_Q_9,0.000579933
age_60,16,med_Q_9,-6.650553499
age_60,16,mig_Q_10,0.001597144
age_60,16,med_Q_10,-4.094154018
age_60,16,mig_Q_11,0.002714691
age_60,16,med_Q_11,-2.542252827
age_60,16,mig_Q_12,0.003257356
age_60,16,med_Q_12,-1.494012268
age_60,16,mig_Q_13,0.003210995
age_60,16,med_Q_13,-0.902484397
age_60,16,mig_Q_14,0.002143075
age_60,16,med_Q_14,-0.493995454
age_60,16,mig_Q_15,0.000877584
age_60,16,med_Q_15,-0.246832636
age_60,16,mig_Q_16,0.000179671
age_60,16,med_Q_16,-0.109776148
age_60,16,mig_Q_17,1.47103e-05
age_60,16,med_Q_17,-0.037011451
age_60,16,h_NQ_1,100
age_60,16,mig_NQ_2,-0.550080985
age_60,16,med_NQ_2,-1.09514119
age_60,16,mig_NQ_3,0.003500625
age_60,16,med_NQ_3,-10.58978227
age_60,16,mig_NQ_4,0.00216827
age_60,16,med_NQ_4,-14.13316767
age_60,16,mig_NQ_5,0.002633772
age_60,16,med_NQ_5,-12.76973
age_60,16,mig_NQ_6,0.003033013
age_60,16,med_NQ_6,-8.460650274
age_60,16,mig_NQ_7,0.004167968
age_60,16,med_NQ_7,-5.434609872
age_60,16,mig_NQ_8,0.004728085
age_60,16,med_NQ_8,-4.133406098
age_60,16,mig_NQ_9,0.006718635
age_60,16,med_NQ_9,-2.572033247
age_60,16,mig_NQ_10,0.010711346
age_60,16,med_NQ_10,-1.769328821
age_60,16,mig_NQ_11,0.012737414
age_60,16,med_NQ_11,-1.252368571
age_60,16,mig_NQ_12,0.01383596
age_60,16,med_NQ_12,-1.031109607
age_60,16,mig_NQ_13,0.011902076
age_60,16,med_NQ_13,-0.63333613
age_60,16,mig_NQ_14,0.00724183
age_60,16,med_NQ_14,-0.350309867
age_60,16,mig_NQ_15,0.00272272
age_60,16,med_NQ_15,-0.175185686
age_60,16,mig_NQ_16,0.000523973
age_60,16,med_NQ_16,-0.076057385
age_60,16,mig_NQ_17,4.28112e-05
age_60,16,med_NQ_17,-0.022188309
age_60,17,beta_Q_2,0.99632580006316
age_60,17,beta_Q_3,0.995348600000026
age_60,17,beta_Q_4,0.992990100025498
age_60,17,beta_Q_5,0.989174500003026
age_60,17,beta_Q_6,0.983061600130601
age_60,17,beta_Q_7,0.974372400006731
age_60,17,beta_Q_8,0.960187200091938
age_60,17,beta_Q_9,0.938341600700665
age_60,17,beta_Q_10,0.901011507681763
age_60,17,beta_Q_11,0.832555803034897
age_60,17,beta_Q_12,0.725557000569642
age_60,17,beta_Q_13,0.571257379199914
age_60,17,beta_Q_14,0.391596962159212
age_60,17,beta_Q_15,0.226707911609078
age_60,17,beta_Q_16,0.111483997187932
age_60,17,beta_Q_17,0.0511400632691038
age_60,17,h_Q_2,272.168091
age_60,17,h_Q_3,214.98903556
age_60,17,h_Q_4,142.65538742436
age_60,17,h_Q_5,92.3744861927352
age_60,17,h_Q_6,59.0374533538678
age_60,17,h_Q_7,39.0204311018527
age_60,17,h_Q_8,25.1175501351317
age_60,17,h_Q_9,16.2183903535047
age_60,17,h_Q_10,10.1021835828985
age_60,17,h_Q_11,5.97213877706707
age_60,17,h_Q_12,3.64374387827255
age_60,17,h_Q_13,2.33239470010042
age_60,17,h_Q_14,1.64364630772546
age_60,17,h_Q_15,1.29317239821646
age_60,17,h_Q_16,1.12547213164871
age_60,17,h_Q_17,1.05389536232329
age_60,17,P_Q_1,0.3121457745
age_60,17,P_Q_2,0.0809503505609818
age_60,17,P_Q_3,0.0829762534761282
age_60,17,P_Q_4,0.0644857392690712
age_60,17,P_Q_5,0.0562764400389834
age_60,17,P_Q_6,0.0600175450519161
age_60,17,P_Q_7,0.0608772335716405
age_60,17,P_Q_8,0.0583047278787644
age_60,17,P_Q_9,0.0417330100856894
age_60,17,P_Q_10,0.0382890027655731
age_60,17,P_Q_11,0.0399278397790604
age_60,17,P_Q_12,0.0309830396665769
age_60,17,P_Q_13,0.0191669302732701
age_60,17,P_Q_14,0.00854696686512149
age_60,17,P_Q_15,0.00258360288578867
age_60,17,P_Q_16,0.000466441129042256
age_60,17,P_Q_17,4.1562424658737e-05
age_60,17,L_Q,1.00087963436899
age_60,17,beta_NQ_2,0.989421200000056
age_60,17,beta_NQ_3,0.987054500000795
age_60,17,beta_NQ_4,0.982480300063609
age_60,17,beta_NQ_5,0.973749104257002
age_60,17,beta_NQ_6,0.960130800152651
age_60,17,beta_NQ_7,0.944543500013259
age_60,17,beta_NQ_8,0.922948100035183
age_60,17,beta_NQ_9,0.894130500612635
age_60,17,beta_NQ_10,0.850068405174139
age_60,17,beta_NQ_11,0.777865101497359
age_60,17,beta_NQ_12,0.654689100148069
age_60,17,beta_NQ_13,0.492618373666824
age_60,17,beta_NQ_14,0.321813368040825
age_60,17,beta_NQ_15,0.178567506113897
age_60,17,beta_NQ_16,0.0848333937639328
age_60,17,beta_NQ_17,0.037991978255039
age_60,17,h_NQ_2,94.528680002
age_60,17,h_NQ_3,77.2469197838
age_60,17,h_NQ_4,57.078602939852
age_60,17,h_NQ_5,38.0939320106945
age_60,17,h_NQ_6,25.082018203808
age_60,17,h_NQ_7,18.0321513293223
age_60,17,h_NQ_8,12.9782652936197
age_60,17,h_NQ_9,9.4455910379235
age_60,17,h_NQ_10,6.66970805210024
age_60,17,h_NQ_11,4.50176896539132
age_60,17,h_NQ_12,2.89594102048769
age_60,17,h_NQ_13,1.97090005446658
age_60,17,h_NQ_14,1.4745199985785
age_60,17,h_NQ_15,1.21738548392162
age_60,17,h_NQ_16,1.09269721282791
age_60,17,h_NQ_17,1.03949196339242
age_60,17,P_NQ_1,0.7283401405
age_60,17,P_NQ_2,0.188884152597886
age_60,17,P_NQ_3,0.193611256099357
age_60,17,P_NQ_4,0.150466727183417
age_60,17,P_NQ_5,0.131311693515145
age_60,17,P_NQ_6,0.14004093947156
age_60,17,P_NQ_7,0.142046879216934
age_60,17,P_NQ_8,0.136044367274539
age_60,17,P_NQ_9,0.0973770250533109
age_60,17,P_NQ_10,0.0893410140518534
age_60,17,P_NQ_11,0.093164958456873
age_60,17,P_NQ_12,0.0722937780316652
age_60,17,P_NQ_13,0.0447229313246529
age_60,17,P_NQ_14,0.0199429112769135
age_60,17,P_NQ_15,0.00602839540223967
age_60,17,P_NQ_16,0.00108836218449834
age_60,17,P_NQ_17,9.69766605482363e-05
age_60,17,L_NQ,1.76441013857881
age_60,17,pi_Q,0.3
age_60,17,pi_NQ,0.7
age_60,17,y,2.14167080153483
age_60,17,nbar,5.49223879435587
age_60,17,Ptot,3.19257496852366
age_60,17,Pret,0.466684713178336
age_60,17,H,221.538252777183
age_60,17,cCheck,8.88178419700125e-16
age_60,17,shareq,0.3
age_60,17,A,0.650022108
age_60,17,A_Q,2
age_60,17,xpop,1.040485915
age_60,17,h_Q_1,100
age_60,17,mig_Q_2,-0.237290363
age_60,17,med_Q_2,174.168091
age_60,17,mig_Q_3,0.000757074
age_60,17,med_Q_3,-54.82732412
age_60,17,mig_Q_4,8.85166e-05
age_60,17,med_Q_4,-61.14189671
age_60,17,mig_Q_5,0.000112998
age_60,17,med_Q_5,-36.21924948
age_60,17,mig_Q_6,-0.000169339
age_60,17,med_Q_6,-20.22171604
age_60,17,mig_Q_7,-0.000281198
age_60,17,med_Q_7,-13.72161723
age_60,17,mig_Q_8,0.000178056
age_60,17,med_Q_8,-10.97542242
age_60,17,mig_Q_9,0.000570082
age_60,17,med_Q_9,-6.506774284
age_60,17,mig_Q_10,0.001052595
age_60,17,med_Q_10,-4.322499696
age_60,17,mig_Q_11,0.002666901
age_60,17,med_Q_11,-2.794666875
age_60,17,mig_Q_12,0.003568793
age_60,17,med_Q_12,-1.63916962
age_60,17,mig_Q_13,0.003669913
age_60,17,med_Q_13,-0.992702797
age_60,17,mig_Q_14,0.00254679
age_60,17,med_Q_14,-0.550893859
age_60,17,mig_Q_15,0.000994742
age_60,17,med_Q_15,-0.274103645
age_60,17,mig_Q_16,0.000229363
age_60,17,med_Q_16,-0.127844678
age_60,17,mig_Q_17,2.32439e-05
age_60,17,med_Q_17,-0.044454464
age_60,17,h_NQ_1,100
age_60,17,mig_NQ_2,-0.548693678
age_60,17,med_NQ_2,-3.471319998
age_60,17,mig_NQ_3,0.003400323
age_60,17,med_NQ_3,-17.71984185
age_60,17,mig_NQ_4,0.00193967
age_60,17,med_NQ_4,-16.69380166
age_60,17,mig_NQ_5,0.002599724
age_60,17,med_NQ_5,-13.3032317
age_60,17,mig_NQ_6,0.003154215
age_60,17,med_NQ_6,-7.617238727
age_60,17,mig_NQ_7,0.003909175
age_60,17,med_NQ_7,-4.556248839
age_60,17,mig_NQ_8,0.006030365
age_60,17,med_NQ_8,-3.83852266
age_60,17,mig_NQ_9,0.006248859
age_60,17,med_NQ_9,-2.399069864
age_60,17,mig_NQ_10,0.007901086
age_60,17,med_NQ_10,-1.802597019
age_60,17,mig_NQ_11,0.012431196
age_60,17,med_NQ_11,-1.350752272
age_60,17,mig_NQ_12,0.014933064
age_60,17,med_NQ_12,-1.12596111
age_60,17,mig_NQ_13,0.013701931
age_60,17,med_NQ_13,-0.69531535
age_60,17,mig_NQ_14,0.008484649
age_60,17,med_NQ_14,-0.391386088
age_60,17,mig_NQ_15,0.003115198
age_60,17,med_NQ_15,-0.196087949
age_60,17,mig_NQ_16,0.00066742
age_60,17,med_NQ_16,-0.089965951
age_60,17,mig_NQ_17,6.51622e-05
age_60,17,med_NQ_17,-0.02803907
age_60,18,beta_Q_2,0.996382900000455
age_60,18,beta_Q_3,0.995405400107134
age_60,18,beta_Q_4,0.993380500001188
age_60,18,beta_Q_5,0.990084700054153
age_60,18,beta_Q_6,0.985190900005658
age_60,18,beta_Q_7,0.976841400385225
age_60,18,beta_Q_8,0.963054200048628
age_60,18,beta_Q_9,0.944144400758802
age_60,18,beta_Q_10,0.911067102345237
age_60,18,beta_Q_11,0.85315692195343
age_60,18,beta_Q_12,0.753888407546073
age_60,18,beta_Q_13,0.603952401548845
age_60,18,beta_Q_14,0.420119299941581
age_60,18,beta_Q_15,0.245264077382464
age_60,18,beta_Q_16,0.119772406030654
age_60,18,beta_Q_17,0.0534203631472869
age_60,18,h_Q_2,276.4645711
age_60,18,h_Q_3,217.64680276
age_60,18,h_Q_4,151.0688118488
age_60,18,h_Q_5,100.854235415873
age_60,18,h_Q_6,67.5260481988805
age_60,18,h_Q_7,43.1805031367904
age_60,18,h_Q_8,27.0666760498156
age_60,18,h_Q_9,17.9033078154291
age_60,18,h_Q_10,11.2444325964346
age_60,18,h_Q_11,6.80998970624055
age_60,18,h_Q_12,4.06319734552573
age_60,18,h_Q_13,2.5249490257071
age_60,18,h_Q_14,1.72449264109842
age_60,18,h_Q_15,1.32496626257095
age_60,18,h_Q_16,1.13606980625214
age_60,18,h_Q_17,1.05642904801573
age_60,18,P_Q_1,0.3046097499
age_60,18,P_Q_2,0.0812825075150471
age_60,18,P_Q_3,0.0816832111003845
age_60,18,P_Q_4,0.0827084132390017
age_60,18,P_Q_5,0.063777378298809
age_60,18,P_Q_6,0.0551499521943769
age_60,18,P_Q_7,0.0582282214147476
age_60,18,P_Q_8,0.0586305814524964
age_60,18,P_Q_9,0.0551596756861765
age_60,18,P_Q_10,0.0386761103374053
age_60,18,P_Q_11,0.0337383344448971
age_60,18,P_Q_12,0.0326288056693203
age_60,18,P_Q_13,0.0218069940395757
age_60,18,P_Q_14,0.01056599366893
age_60,18,P_Q_15,0.00325267300858368
age_60,18,P_Q_16,0.000583724376853996
age_60,18,P_Q_17,5.91850288505332e-05
age_60,18,L_Q,1.03071757543241
age_60,18,beta_NQ_2,0.9894431000002
age_60,18,beta_NQ_3,0.98689610028047
age_60,18,beta_NQ_4,0.983239700000899
age_60,18,beta_NQ_5,0.975920500101326
age_60,18,beta_NQ_6,0.965115406054087
age_60,18,beta_NQ_7,0.949608100535751
age_60,18,beta_NQ_8,0.927954400058273
age_60,18,beta_NQ_9,0.903296400579331
age_60,18,beta_NQ_10,0.864080601801062
age_60,18,beta_NQ_11,0.8029854137084
age_60,18,beta_NQ_12,0.686370602963632
age_60,18,beta_NQ_13,0.525801600415975
age_60,18,beta_NQ_14,0.348146835606179
age_60,18,beta_NQ_15,0.194711129513996
age_60,18,beta_NQ_16,0.0917671042914821
age_60,18,beta_NQ_17,0.039948965874027
age_60,18,h_NQ_2,94.72477716
age_60,18,h_NQ_3,76.31315868196
age_60,18,h_NQ_4,59.664803138124
age_60,18,h_NQ_5,41.529101511055
age_60,18,h_NQ_6,28.6659442784806
age_60,18,h_NQ_7,19.8444591337318
age_60,18,h_NQ_8,13.8800981637358
age_60,18,h_NQ_9,10.3408766527473
age_60,18,h_NQ_10,7.35730146316503
age_60,18,h_NQ_11,5.07576595705824
age_60,18,h_NQ_12,3.1884765860835
age_60,18,h_NQ_13,2.10882196207793
age_60,18,h_NQ_14,1.53408373537725
age_60,18,h_NQ_15,1.24179021360693
age_60,18,h_NQ_16,1.10103917324319
age_60,18,h_NQ_17,1.04160698357135
age_60,18,P_NQ_1,0.7107560831
age_60,18,P_NQ_2,0.189659181821719
age_60,18,P_NQ_3,0.19059416280058
age_60,18,P_NQ_4,0.192986297988188
age_60,18,P_NQ_5,0.148813885815335
age_60,18,P_NQ_6,0.128683219364096
age_60,18,P_NQ_7,0.135865849113612
age_60,18,P_NQ_8,0.136804691289197
age_60,18,P_NQ_9,0.128705912216712
age_60,18,P_NQ_10,0.0902442583876702
age_60,18,P_NQ_11,0.0787227849633219
age_60,18,P_NQ_12,0.0761338788174624
age_60,18,P_NQ_13,0.0508829583601892
age_60,18,P_NQ_14,0.024654005158245
age_60,18,P_NQ_15,0.00758956493136915
age_60,18,P_NQ_16,0.00136202224092288
age_60,18,P_NQ_17,0.000138097432447068
age_60,18,L_NQ,1.81754485059171
age_60,18,pi_Q,0.3
age_60,18,pi_NQ,0.7
age_60,18,y,2.37913729761221
age_60,18,nbar,5.70620584192479
age_60,18,Ptot,3.27513836517652
age_60,18,Pret,0.471039390866044
age_60,18,H,229.345812456912
age_60,18,cCheck,-4.44089209850063e-16
age_60,18,shareq,0.3
age_60,18,A,0.703033956
age_60,18,A_Q,2
age_60,18,xpop,1.015365833
age_60,18,h_Q_1,100
age_60,18,mig_Q_2,-0.229716381
age_60,18,med_Q_2,178.4645711
age_60,18,mig_Q_3,0.001109393
age_60,18,med_Q_3,-49.07792642
age_60,18,mig_Q_4,0.000313815
age_60,18,med_Q_4,-59.620443
age_60,18,mig_Q_5,-1.02706e-05
age_60,18,med_Q_5,-38.94804426
age_60,18,mig_Q_6,-0.000173255
age_60,18,med_Q_6,-23.00094827
age_60,18,mig_Q_7,-0.000251218
age_60,18,med_Q_7,-14.67620115
age_60,18,mig_Q_8,0.000177041
age_60,18,med_Q_8,-11.17334643
age_60,18,mig_Q_9,0.000449924
age_60,18,med_Q_9,-6.711891317
age_60,18,mig_Q_10,0.001074188
age_60,18,med_Q_10,-4.64958995
age_60,18,mig_Q_11,0.001860603
age_60,18,med_Q_11,-3.090150205
age_60,18,mig_Q_12,0.003658882
age_60,18,med_Q_12,-1.789498656
age_60,18,mig_Q_13,0.004107704
age_60,18,med_Q_13,-1.045919975
age_60,18,mig_Q_14,0.003060282
age_60,18,med_Q_14,-0.561254165
age_60,18,mig_Q_15,0.001315008
age_60,18,med_Q_15,-0.285807119
age_60,18,mig_Q_16,0.000295694
age_60,18,med_Q_16,-0.131239144
age_60,18,mig_Q_17,3.53312e-05
age_60,18,med_Q_17,-0.046533641
age_60,18,h_NQ_1,100
age_60,18,mig_NQ_2,-0.530975994
age_60,18,med_NQ_2,-3.27522284
age_60,18,mig_NQ_3,0.00415521
age_60,18,med_NQ_3,-16.32494772
age_60,18,mig_NQ_4,0.002767053
age_60,18,med_NQ_4,-16.03717825
age_60,18,mig_NQ_5,0.002297045
age_60,18,med_NQ_5,-14.40792937
age_60,18,mig_NQ_6,0.002606818
age_60,18,med_NQ_6,-8.666109092
age_60,18,mig_NQ_7,0.00359109
age_60,18,med_NQ_7,-4.735918706
age_60,18,mig_NQ_8,0.005702794
age_60,18,med_NQ_8,-3.791410139
age_60,18,mig_NQ_9,0.007064494
age_60,18,med_NQ_9,-2.377823335
age_60,18,mig_NQ_10,0.007467126
age_60,18,med_NQ_10,-1.899377754
age_60,18,mig_NQ_11,0.009227528
age_60,18,med_NQ_11,-1.460547934
age_60,18,mig_NQ_12,0.015139796
age_60,18,med_NQ_12,-1.223257
age_60,18,mig_NQ_13,0.015269715
age_60,18,med_NQ_13,-0.729200238
age_60,18,mig_NQ_14,0.010261568
age_60,18,med_NQ_14,-0.397398318
age_60,18,mig_NQ_15,0.004028409
age_60,18,med_NQ_15,-0.203239385
age_60,18,mig_NQ_16,0.000850613
age_60,18,med_NQ_16,-0.091998601
age_60,18,mig_NQ_17,9.67484e-05
age_60,18,med_NQ_17,-0.029236285
age_60,19,beta_Q_2,0.996112200002019
age_60,19,beta_Q_3,0.995198400000949
age_60,19,beta_Q_4,0.993417000005918
age_60,19,beta_Q_5,0.990831500017762
age_60,19,beta_Q_6,0.987090300006913
age_60,19,beta_Q_7,0.98076870000953
age_60,19,beta_Q_8,0.968726300002532
age_60,19,beta_Q_9,0.951335011057293
age_60,19,beta_Q_10,0.924336600000898
age_60,19,beta_Q_11,0.877013799938162
age_60,19,beta_Q_12,0.797342699853427
age_60,19,beta_Q_13,0.661059819996658
age_60,19,beta_Q_14,0.481390420888964
age_60,19,beta_Q_15,0.289655300232739
age_60,19,beta_Q_16,0.147666779862596
age_60,19,beta_Q_17,0.0825551319466387
age_60,19,h_Q_2,257.2148773
age_60,19,h_Q_3,208.263912068
age_60,19,h_Q_4,151.9064256348
age_60,19,h_Q_5,109.069095271824
age_60,19,h_Q_6,77.4611339175553
age_60,19,h_Q_7,51.9985648649029
age_60,19,h_Q_8,31.9757495940546
age_60,19,h_Q_9,20.5486489268193
age_60,19,h_Q_10,13.2164296081205
age_60,19,h_Q_11,8.1309935545059
age_60,19,h_Q_12,4.93443857811574
age_60,19,h_Q_13,2.95037121461522
age_60,19,h_Q_14,1.92823272519296
age_60,19,h_Q_15,1.40776724327645
age_60,19,h_Q_16,1.17324871231954
age_60,19,h_Q_17,1.08998264412709
age_60,19,P_Q_1,0.304206375
age_60,19,P_Q_2,0.0843752879737753
age_60,19,P_Q_3,0.0840883869147266
age_60,19,P_Q_4,0.0833506750846026
age_60,19,P_Q_5,0.0834729345136919
age_60,19,P_Q_6,0.0638592827262049
age_60,19,P_Q_7,0.0548095665327333
age_60,19,P_Q_8,0.0571965031948342
age_60,19,P_Q_9,0.0565060341916074
age_60,19,P_Q_10,0.0519861808937078
age_60,19,P_Q_11,0.0352513382485919
age_60,19,P_Q_12,0.0285759962279203
age_60,19,P_Q_13,0.0242772055436565
age_60,19,P_Q_14,0.0129899930697368
age_60,19,P_Q_15,0.00445065168883907
age_60,19,P_Q_16,0.000837368472269033
age_60,19,P_Q_17,8.22046681894642e-05
age_60,19,L_Q,1.07077786297001
age_60,19,beta_NQ_2,0.988462400031308
age_60,19,beta_NQ_3,0.986035700002781
age_60,19,beta_NQ_4,0.983041900315316
age_60,19,beta_NQ_5,0.977549700016488
age_60,19,beta_NQ_6,0.969548006130814
age_60,19,beta_NQ_7,0.95810829998989
age_60,19,beta_NQ_8,0.938648500014802
age_60,19,beta_NQ_9,0.914904910233032
age_60,19,beta_NQ_10,0.882886651706954
age_60,19,beta_NQ_11,0.832672764376174
age_60,19,beta_NQ_12,0.736273933328963
age_60,19,beta_NQ_13,0.584975870162531
age_60,19,beta_NQ_14,0.405078304537439
age_60,19,beta_NQ_15,0.232303211906323
age_60,19,beta_NQ_16,0.113939246759178
age_60,19,beta_NQ_17,0.0621229938868753
age_60,19,h_NQ_2,86.67313826
age_60,19,h_NQ_3,71.6111799368
age_60,19,h_NQ_4,58.9688703383208
age_60,19,h_NQ_5,44.5428346153615
age_60,19,h_NQ_6,32.8385656048339
age_60,19,h_NQ_7,23.871077080911
age_60,19,h_NQ_8,16.2995199830572
age_60,19,h_NQ_9,11.7515579664611
age_60,19,h_NQ_10,8.53873253969239
age_60,19,h_NQ_11,5.97630752990173
age_60,19,h_NQ_12,3.79180704091707
age_60,19,h_NQ_13,2.40949804436183
age_60,19,h_NQ_14,1.68089346983638
age_60,19,h_NQ_15,1.3025901226697
age_60,19,h_NQ_16,1.1285903413348
age_60,19,h_NQ_17,1.06623755677833
age_60,19,P_NQ_1,0.709814875
age_60,19,P_NQ_2,0.196875672206464
age_60,19,P_NQ_3,0.19620623292224
age_60,19,P_NQ_4,0.194484910453965
age_60,19,P_NQ_5,0.194770179445336
age_60,19,P_NQ_6,0.149004994835153
age_60,19,P_NQ_7,0.127888987511165
age_60,19,P_NQ_8,0.13345850950263
age_60,19,P_NQ_9,0.131847416223898
age_60,19,P_NQ_10,0.121301090083572
age_60,19,P_NQ_11,0.0822531231562311
age_60,19,P_NQ_12,0.0666773273822516
age_60,19,P_NQ_13,0.0566468123280977
age_60,19,P_NQ_14,0.0303100559393809
age_60,19,P_NQ_15,0.0103848541914058
age_60,19,P_NQ_16,0.00195386039658393
age_60,19,P_NQ_17,0.000191808380022294
age_60,19,L_NQ,1.88745432848356
age_60,19,pi_Q,0.3
age_60,19,pi_NQ,0.7
age_60,19,y,2.86196056174163
age_60,19,nbar,5.96807145374534
age_60,19,Ptot,3.43438669490348
age_60,19,Pret,0.528169870670456
age_60,19,H,236.099000249591
age_60,19,cCheck,8.88178419700125e-16
age_60,19,shareq,0.3
age_60,19,A,0.819558266
age_60,19,A_Q,2
age_60,19,xpop,1.01402125
age_60,19,h_Q_1,100
age_60,19,mig_Q_2,-0.219132658
age_60,19,med_Q_2,159.2148773
age_60,19,mig_Q_3,0.00317934
age_60,19,med_Q_3,-62.67136761
age_60,19,mig_Q_4,0.002208166
age_60,19,med_Q_4,-61.38744107
age_60,19,mig_Q_5,0.0015846
age_60,19,med_Q_5,-38.97834034
age_60,19,mig_Q_6,0.00102639
age_60,19,med_Q_6,-21.37601679
age_60,19,mig_Q_7,0.00093681
age_60,19,med_Q_7,-14.17696237
age_60,19,mig_Q_8,0.00111957
age_60,19,med_Q_8,-10.34114348
age_60,19,mig_Q_9,0.001150299
age_60,19,med_Q_9,-5.976693602
age_60,19,mig_Q_10,0.001732015
age_60,19,med_Q_10,-4.328812051
age_60,19,mig_Q_11,0.002254547
age_60,19,med_Q_11,-2.88855039
age_60,19,mig_Q_12,0.003141057
age_60,19,med_Q_12,-1.739351334
age_60,19,mig_Q_13,0.00457096
age_60,19,med_Q_13,-1.031562184
age_60,19,mig_Q_14,0.003828454
age_60,19,med_Q_14,-0.54621732
age_60,19,mig_Q_15,0.001859193
age_60,19,med_Q_15,-0.282235545
age_60,19,mig_Q_16,0.000447788
age_60,19,med_Q_16,-0.125218225
age_60,19,mig_Q_17,5.10219e-05
age_60,19,med_Q_17,-0.023365766
age_60,19,h_NQ_1,100
age_60,19,mig_NQ_2,-0.50637703
age_60,19,med_NQ_2,-11.32686174
age_60,19,mig_NQ_3,0.009032326
age_60,19,med_NQ_3,-21.21910168
age_60,19,mig_NQ_4,0.007085163
age_60,19,med_NQ_4,-15.81802517
age_60,19,mig_NQ_5,0.006430895
age_60,19,med_NQ_5,-13.92867246
age_60,19,mig_NQ_6,0.005382421
age_60,19,med_NQ_6,-7.859953876
age_60,19,mig_NQ_7,0.00569036
age_60,19,med_NQ_7,-4.221548312
age_60,19,mig_NQ_8,0.007381197
age_60,19,med_NQ_8,-3.148049968
age_60,19,mig_NQ_9,0.008272231
age_60,19,med_NQ_9,-1.850938234
age_60,19,mig_NQ_10,0.010088808
age_60,19,med_NQ_10,-1.59532658
age_60,19,mig_NQ_11,0.0097883
age_60,19,med_NQ_11,-1.233847904
age_60,19,mig_NQ_12,0.012644322
age_60,19,med_NQ_12,-1.182443597
age_60,19,mig_NQ_13,0.016615497
age_60,19,med_NQ_13,-0.71520901
age_60,19,mig_NQ_14,0.012595315
age_60,19,med_NQ_14,-0.385752053
age_60,19,mig_NQ_15,0.005584445
age_60,19,med_NQ_15,-0.200811938
age_60,19,mig_NQ_16,0.001257388
age_60,19,med_NQ_16,-0.088364068
age_60,19,mig_NQ_17,0.000137397
age_60,19,med_NQ_17,-0.012780833
age_60,20,beta_Q_2,0.99686690000089
age_60,20,beta_Q_3,0.995923099999867
age_60,20,beta_Q_4,0.994020400065491
age_60,20,beta_Q_5,0.991077199999568
age_60,20,beta_Q_6,0.987600799999601
age_60,20,beta_Q_7,0.982250200053892
age_60,20,beta_Q_8,0.971854300674659
age_60,20,beta_Q_9,0.95534820019508
age_60,20,beta_Q_10,0.928243700006788
age_60,20,beta_Q_11,0.884935700056105
age_60,20,beta_Q_12,0.811040599997013
age_60,20,beta_Q_13,0.682805199770887
age_60,20,beta_Q_14,0.498147923475038
age_60,20,beta_Q_15,0.311240966334781
age_60,20,beta_Q_16,0.15924903071576
age_60,20,beta_Q_17,0.10149318000479
age_60,20,h_Q_2,319.1727044
age_60,20,h_Q_3,245.284407262
age_60,20,h_Q_4,167.23526660664
age_60,20,h_Q_5,112.072443622104
age_60,20,h_Q_6,80.6503645363875
age_60,20,h_Q_7,56.3386630092042
age_60,20,h_Q_8,35.5294059376048
age_60,20,h_Q_9,22.3955137331735
age_60,20,h_Q_10,13.9360585762829
age_60,20,h_Q_11,8.69079288695808
age_60,20,h_Q_12,5.29214211741578
age_60,20,h_Q_13,3.15263679855343
age_60,20,h_Q_14,1.99261655732291
age_60,20,h_Q_15,1.4518851826891
age_60,20,h_Q_16,1.18941279941092
age_60,20,h_Q_17,1.11295738707314
age_60,20,P_Q_1,0.2986466736
age_60,20,P_Q_2,0.0830792994558893
age_60,20,P_Q_3,0.0855906775911205
age_60,20,P_Q_4,0.0844860560641646
age_60,20,P_Q_5,0.0831130224215699
age_60,20,P_Q_6,0.0824548264715775
age_60,20,P_Q_7,0.0628632507029211
age_60,20,P_Q_8,0.0534285085919974
age_60,20,P_Q_9,0.0548544919992961
age_60,20,P_Q_10,0.0528876515242048
age_60,20,P_Q_11,0.0471929850498633
age_60,20,P_Q_12,0.0303438642125786
age_60,20,P_Q_13,0.0217427779226542
age_60,20,P_Q_14,0.0151596551946687
age_60,20,P_Q_15,0.00582143134263581
age_60,20,P_Q_16,0.00123747840318089
age_60,20,P_Q_17,0.000130289864716125
age_60,20,L_Q,1.09457913239884
age_60,20,beta_NQ_2,0.990822700003447
age_60,20,beta_NQ_3,0.988329599999868
age_60,20,beta_NQ_4,0.984818300533219
age_60,20,beta_NQ_5,0.978250100003701
age_60,20,beta_NQ_6,0.970782499999416
age_60,20,beta_NQ_7,0.96136910009016
age_60,20,beta_NQ_8,0.944761001225175
age_60,20,beta_NQ_9,0.921664700262691
age_60,20,beta_NQ_10,0.888475800048907
age_60,20,beta_NQ_11,0.842666999930868
age_60,20,beta_NQ_12,0.752367100266578
age_60,20,beta_NQ_13,0.608120299855312
age_60,20,beta_NQ_14,0.421178745216301
age_60,20,beta_NQ_15,0.250690372101995
age_60,20,beta_NQ_16,0.122887109925889
age_60,20,beta_NQ_17,0.0762592502847983
age_60,20,h_NQ_2,108.96451026
age_60,20,h_NQ_3,85.6868659158
age_60,20,h_NQ_4,65.868776223064
age_60,20,h_NQ_5,45.9772228915544
age_60,20,h_NQ_6,34.2260631460543
age_60,20,h_NQ_7,25.8860135217372
age_60,20,h_NQ_8,18.1031517532928
age_60,20,h_NQ_9,12.765636951396
age_60,20,h_NQ_10,8.96666374113188
age_60,20,h_NQ_11,6.35594566489854
age_60,20,h_NQ_12,4.03823563330369
age_60,20,h_NQ_13,2.55180352409873
age_60,20,h_NQ_14,1.72764803147459
age_60,20,h_NQ_15,1.33456130843965
age_60,20,h_NQ_16,1.14010408521631
age_60,20,h_NQ_17,1.0825547595081
age_60,20,P_NQ_1,0.6968422384
age_60,20,P_NQ_2,0.193851697920423
age_60,20,P_NQ_3,0.199711581257618
age_60,20,P_NQ_4,0.197134128065588
age_60,20,P_NQ_5,0.193930387872007
age_60,20,P_NQ_6,0.192394595134967
age_60,20,P_NQ_7,0.146680920291511
age_60,20,P_NQ_8,0.124666518295766
age_60,20,P_NQ_9,0.127993815656338
age_60,20,P_NQ_10,0.12340452784613
age_60,20,P_NQ_11,0.110116985001731
age_60,20,P_NQ_12,0.0708023845148298
age_60,20,P_NQ_13,0.0507331406055446
age_60,20,P_NQ_14,0.0353725276953163
age_60,20,P_NQ_15,0.0135834873477785
age_60,20,P_NQ_16,0.00288744246427267
age_60,20,P_NQ_17,0.000304007657472791
age_60,20,L_NQ,1.9282720444666
age_60,20,pi_Q,0.3
age_60,20,pi_NQ,0.7
age_60,20,y,3.13577722177972
age_60,20,nbar,6.13449117764545
age_60,20,Ptot,3.54344332644033
age_60,20,Pret,0.581720636647578
age_60,20,H,258.231395724349
age_60,20,cCheck,4.44089209850063e-16
age_60,20,shareq,0.3
age_60,20,A,0.880846471
age_60,20,A_Q,2
age_60,20,xpop,0.995488912
age_60,20,h_Q_1,100
age_60,20,mig_Q_2,-0.219944382
age_60,20,med_Q_2,221.1727044
age_60,20,mig_Q_3,0.001620526
age_60,20,med_Q_3,-6.786172492
age_60,20,mig_Q_4,0.000951223
age_60,20,med_Q_4,-36.86336722
age_60,20,mig_Q_5,0.000526548
age_60,20,med_Q_5,-36.7958535
age_60,20,mig_Q_6,5.95025e-05
age_60,20,med_Q_6,-26.23734883
age_60,20,mig_Q_7,0.000232065
age_60,20,med_Q_7,-19.57324823
age_60,20,mig_Q_8,0.00033304
age_60,20,med_Q_8,-15.42918763
age_60,20,mig_Q_9,0.000441456
age_60,20,med_Q_9,-8.940720869
age_60,20,mig_Q_10,0.000657056
age_60,20,med_Q_10,-6.201617372
age_60,20,mig_Q_11,0.001600387
age_60,20,med_Q_11,-4.261308129
age_60,20,mig_Q_12,0.002236467
age_60,20,med_Q_12,-2.676231566
age_60,20,mig_Q_13,0.002852335
age_60,20,med_Q_13,-1.683113008
age_60,20,mig_Q_14,0.003472841
age_60,20,med_Q_14,-0.898747233
age_60,20,mig_Q_15,0.002058811
age_60,20,med_Q_15,-0.437782888
age_60,20,mig_Q_16,0.000580265
age_60,20,med_Q_16,-0.190199099
age_60,20,mig_Q_17,6.11608e-05
age_60,20,med_Q_17,-0.036826351
age_60,20,h_NQ_1,100
age_60,20,mig_NQ_2,-0.507773617
age_60,20,med_NQ_2,10.96451026
age_60,20,mig_NQ_3,0.00558514
age_60,20,med_NQ_3,0.747190421
age_60,20,mig_NQ_4,0.00425518
age_60,20,med_NQ_4,-4.310180115
age_60,20,mig_NQ_5,0.003811722
age_60,20,med_NQ_5,-11.81227004
age_60,20,mig_NQ_6,0.003555556
age_60,20,med_NQ_6,-9.425914777
age_60,20,mig_NQ_7,0.003917998
age_60,20,med_NQ_7,-6.295780771
age_60,20,mig_NQ_8,0.004623712
age_60,20,med_NQ_8,-5.290503786
age_60,20,mig_NQ_9,0.00589197
age_60,20,med_NQ_9,-3.207892632
age_60,20,mig_NQ_10,0.006998204
age_60,20,med_NQ_10,-2.549863066
age_60,20,mig_NQ_11,0.009112871
age_60,20,med_NQ_11,-2.012012224
age_60,20,mig_NQ_12,0.010241554
age_60,20,med_NQ_12,-1.818545746
age_60,20,mig_NQ_13,0.011728513
age_60,20,med_NQ_13,-1.164167376
age_60,20,mig_NQ_14,0.012426133
age_60,20,med_NQ_14,-0.633660052
age_60,20,mig_NQ_15,0.006542364
age_60,20,med_NQ_15,-0.312714292
age_60,20,mig_NQ_16,0.0017042
age_60,20,med_NQ_16,-0.136434235
age_60,20,mig_NQ_17,0.000182628
age_60,20,med_NQ_17,-0.023463775
age_60,21,beta_Q_2,0.997947299999981
age_60,21,beta_Q_3,0.997289700000371
age_60,21,beta_Q_4,0.995694699999859
age_60,21,beta_Q_5,0.992675200002161
age_60,21,beta_Q_6,0.988263100000314
age_60,21,beta_Q_7,0.983035299999275
age_60,21,beta_Q_8,0.975710000020468
age_60,21,beta_Q_9,0.963067400033811
age_60,21,beta_Q_10,0.942124400015136
age_60,21,beta_Q_11,0.902773200004358
age_60,21,beta_Q_12,0.83872012138729
age_60,21,beta_Q_13,0.721246836124307
age_60,21,beta_Q_14,0.542904303027185
age_60,21,beta_Q_15,0.338483501623465
age_60,21,beta_Q_16,0.208098202732715
age_60,21,beta_Q_17,0.124041184802996
age_60,21,h_Q_2,487.1632484
age_60,21,h_Q_3,368.962845492
age_60,21,h_Q_4,232.27185096676
age_60,21,h_Q_5,136.522498944507
age_60,21,h_Q_6,85.2013734396619
age_60,21,h_Q_7,58.9459288956597
age_60,21,h_Q_8,41.1692054690201
age_60,21,h_Q_9,27.0763499158527
age_60,21,h_Q_10,17.27843858451
age_60,21,h_Q_11,10.2852299987573
age_60,21,h_Q_12,6.20039682521891
age_60,21,h_Q_13,3.58740275906747
age_60,21,h_Q_14,2.18772567358236
age_60,21,h_Q_15,1.51167374817645
age_60,21,h_Q_16,1.26278283903532
age_60,21,h_Q_17,1.1416056824227
age_60,21,P_Q_1,0.3
age_60,21,P_Q_2,0.0779479507072097
age_60,21,P_Q_3,0.0843684854599265
age_60,21,P_Q_4,0.086304972581002
age_60,21,P_Q_5,0.0844090928830788
age_60,21,P_Q_6,0.0824385544339272
age_60,21,P_Q_7,0.081464236797116
age_60,21,P_Q_8,0.0617844325500232
age_60,21,P_Q_9,0.051761339522472
age_60,21,P_Q_10,0.0520161616154193
age_60,21,P_Q_11,0.0485687309258955
age_60,21,P_Q_12,0.0410272339104912
age_60,21,P_Q_13,0.0238991852654904
age_60,21,P_Q_14,0.0137862526727491
age_60,21,P_Q_15,0.00693893173209077
age_60,21,P_Q_16,0.0016386242986931
age_60,21,P_Q_17,0.000202575818326078
age_60,21,L_Q,1.12415990294596
age_60,21,beta_NQ_2,0.987508100006902
age_60,21,beta_NQ_3,0.983809800022365
age_60,21,beta_NQ_4,0.979681400004373
age_60,21,beta_NQ_5,0.970792700009611
age_60,21,beta_NQ_6,0.959805900050643
age_60,21,beta_NQ_7,0.950309499996999
age_60,21,beta_NQ_8,0.9389679003774
age_60,21,beta_NQ_9,0.920657802025191
age_60,21,beta_NQ_10,0.892753200037244
age_60,21,beta_NQ_11,0.845000008029515
age_60,21,beta_NQ_12,0.757092334522423
age_60,21,beta_NQ_13,0.613769218079616
age_60,21,beta_NQ_14,0.427249906787381
age_60,21,beta_NQ_15,0.245702599148123
age_60,21,beta_NQ_16,0.142008612502477
age_60,21,beta_NQ_17,0.0792838006000935
age_60,21,h_NQ_2,80.05187361
age_60,21,h_NQ_3,61.7657595348
age_60,21,h_NQ_4,49.215989287484
age_60,21,h_NQ_5,34.2380158386027
age_60,21,h_NQ_6,24.8792733337233
age_60,21,h_NQ_7,20.1245710931332
age_60,21,h_NQ_8,16.3848204403024
age_60,21,h_NQ_9,12.6036333702269
age_60,21,h_NQ_10,9.32428753436811
age_60,21,h_NQ_11,6.45161290630924
age_60,21,h_NQ_12,4.11679003560057
age_60,21,h_NQ_13,2.58912546863762
age_60,21,h_NQ_14,1.74596215561676
age_60,21,h_NQ_15,1.3257370328451
age_60,21,h_NQ_16,1.16551257727086
age_60,21,h_NQ_17,1.08611100851198
age_60,21,P_NQ_1,0.7
age_60,21,P_NQ_2,0.181878552127933
age_60,21,P_NQ_3,0.196859798064987
age_60,21,P_NQ_4,0.20137827105093
age_60,21,P_NQ_5,0.196954549494304
age_60,21,P_NQ_6,0.192356628764244
age_60,21,P_NQ_7,0.190083218787113
age_60,21,P_NQ_8,0.144163678115238
age_60,21,P_NQ_9,0.120776457217861
age_60,21,P_NQ_10,0.121371045766577
age_60,21,P_NQ_11,0.113327046257984
age_60,21,P_NQ_12,0.0957302286958505
age_60,21,P_NQ_13,0.0557647853016294
age_60,21,P_NQ_14,0.0321679055011255
age_60,21,P_NQ_15,0.016190825130127
age_60,21,P_NQ_16,0.00382347250288337
age_60,21,P_NQ_17,0.000472674197565924
age_60,21,L_NQ,1.97967973430105
age_60,21,pi_Q,0.3
age_60,21,pi_NQ,0.7
age_60,21,y,3.67237843165909
age_60,21,nbar,6.41309619628984
age_60,21,Ptot,3.66185589815026
age_60,21,Pret,0.626925679592898
age_60,21,H,272.311788865894
age_60,21,cCheck,-4.44089209850063e-16
age_60,21,shareq,0.3
age_60,21,A,1
age_60,21,A_Q,2
age_60,21,xpop,1
age_60,21,h_Q_1,100
age_60,21,mig_Q_2,-0.219763033
age_60,21,med_Q_2,389.1632484
age_60,21,mig_Q_3,0.001627892
age_60,21,med_Q_3,56.17359518
age_60,21,mig_Q_4,0.001226093
age_60,21,med_Q_4,-8.10686815
age_60,21,mig_Q_5,0.000676889
age_60,21,med_Q_5,-27.36806233
age_60,21,mig_Q_6,0.000356067
age_60,21,med_Q_6,-24.62962131
age_60,21,mig_Q_7,0.000472967
age_60,21,med_Q_7,-20.09142835
age_60,21,mig_Q_8,0.000690512
age_60,21,med_Q_8,-14.04268428
age_60,21,mig_Q_9,0.00071851
age_60,21,med_Q_9,-7.742467903
age_60,21,mig_Q_10,0.001097825
age_60,21,med_Q_10,-4.669164874
age_60,21,mig_Q_11,0.00176656
age_60,21,med_Q_11,-3.372107406
age_60,21,mig_Q_12,0.002751807
age_60,21,med_Q_12,-2.316580204
age_60,21,mig_Q_13,0.003180237
age_60,21,med_Q_13,-1.598896516
age_60,21,mig_Q_14,0.002955133
age_60,21,med_Q_14,-0.901858389
age_60,21,mig_Q_15,0.002220626
age_60,21,med_Q_15,-0.441090478
age_60,21,mig_Q_16,0.000711567
age_60,21,med_Q_16,-0.16006464
age_60,21,mig_Q_17,7.69802e-05
age_60,21,med_Q_17,-0.024018861
age_60,21,h_NQ_1,100
age_60,21,mig_NQ_2,-0.508568556
age_60,21,med_NQ_2,-17.94812639
age_60,21,mig_NQ_3,0.005270427
age_60,21,med_NQ_3,-45.01946052
age_60,21,mig_NQ_4,0.004698651
age_60,21,med_NQ_4,-34.75713931
age_60,21,mig_NQ_5,0.004108069
age_60,21,med_NQ_5,-30.31338486
age_60,21,mig_NQ_6,0.004092402
age_60,21,med_NQ_6,-20.1784051
age_60,21,mig_NQ_7,0.005121
age_60,21,med_NQ_7,-13.41697079
age_60,21,mig_NQ_8,0.005585265
age_60,21,med_NQ_8,-8.983472811
age_60,21,mig_NQ_9,0.005875728
age_60,21,med_NQ_9,-5.137455348
age_60,21,mig_NQ_10,0.007651638
age_60,21,med_NQ_10,-3.186036678
age_60,21,mig_NQ_11,0.009338123
age_60,21,med_NQ_11,-2.33571756
age_60,21,mig_NQ_12,0.012881832
age_60,21,med_NQ_12,-2.112036716
age_60,21,mig_NQ_13,0.012708418
age_60,21,med_NQ_13,-1.368345452
age_60,21,mig_NQ_14,0.010800185
age_60,21,med_NQ_14,-0.754805298
age_60,21,mig_NQ_15,0.007323273
age_60,21,med_NQ_15,-0.367358038
age_60,21,mig_NQ_16,0.002154237
age_60,21,med_NQ_16,-0.142357505
age_60,21,mig_NQ_17,0.00025248
age_60,21,med_NQ_17,-0.031190995
age_60,22,beta_Q_2,0.998280799999971
age_60,22,beta_Q_3,0.997731699999976
age_60,22,beta_Q_4,0.996375300000702
age_60,22,beta_Q_5,0.993893399999639
age_60,22,beta_Q_6,0.989472500323064
age_60,22,beta_Q_7,0.983741699997244
age_60,22,beta_Q_8,0.977087400001782
age_60,22,beta_Q_9,0.966488200428574
age_60,22,beta_Q_10,0.950223624515064
age_60,22,beta_Q_11,0.916742552309607
age_60,22,beta_Q_12,0.858567121265618
age_60,22,beta_Q_13,0.752188914642618
age_60,22,beta_Q_14,0.577905800097401
age_60,22,beta_Q_15,0.365396350457373
age_60,22,beta_Q_16,0.191576039975639
age_60,22,beta_Q_17,0.185962103794283
age_60,22,h_Q_2,581.6658911
age_60,22,h_Q_3,440.858792922
age_60,22,h_Q_4,275.88490087216
age_60,22,h_Q_5,163.757246247425
age_60,22,h_Q_6,94.989313735617
age_60,22,h_Q_7,61.5070456208687
age_60,22,h_Q_8,43.6441084777465
age_60,22,h_Q_9,29.8402354096397
age_60,22,h_Q_10,20.0898417965357
age_60,22,h_Q_11,12.0109299488199
age_60,22,h_Q_12,7.07049067078214
age_60,22,h_Q_13,4.03533175071454
age_60,22,h_Q_14,2.36913939588612
age_60,22,h_Q_15,1.57578161911071
age_60,22,h_Q_16,1.23697450221292
age_60,22,h_Q_17,1.22844403625461
age_60,22,P_Q_1,0.3043458798
age_60,22,P_Q_2,0.0753739649999943
age_60,22,P_Q_3,0.0801695203764368
age_60,22,P_Q_4,0.086004067819464
age_60,22,P_Q_5,0.0869474759180272
age_60,22,P_Q_6,0.0841801138008459
age_60,22,P_Q_7,0.0816496550894621
age_60,22,P_Q_8,0.0803410254869814
age_60,22,P_Q_9,0.0601671518185152
age_60,22,P_Q_10,0.0494825009415887
age_60,22,P_Q_11,0.0483919356734959
age_60,22,P_Q_12,0.0430212338977937
age_60,22,P_Q_13,0.0330275316528737
age_60,22,P_Q_14,0.0161896095194786
age_60,22,P_Q_15,0.00656592607893797
age_60,22,P_Q_16,0.00204585822233309
age_60,22,P_Q_17,0.000275074799456871
age_60,22,L_Q,1.16044123385281
age_60,22,beta_NQ_2,0.989546300000006
age_60,22,beta_NQ_3,0.986403899999229
age_60,22,beta_NQ_4,0.982873300000434
age_60,22,beta_NQ_5,0.975717099998542
age_60,22,beta_NQ_6,0.964047001348653
age_60,22,beta_NQ_7,0.952375900018
age_60,22,beta_NQ_8,0.942323100000106
age_60,22,beta_NQ_9,0.927806100634132
age_60,22,beta_NQ_10,0.907065229359897
age_60,22,beta_NQ_11,0.865680642477568
age_60,22,beta_NQ_12,0.783567210970732
age_60,22,beta_NQ_13,0.649617903700812
age_60,22,beta_NQ_14,0.461536900963361
age_60,22,beta_NQ_15,0.268777224537005
age_60,22,beta_NQ_16,0.131445915791123
age_60,22,beta_NQ_17,0.121206750107924
age_60,22,h_NQ_2,95.659909888
age_60,22,h_NQ_3,73.5505034488
age_60,22,h_NQ_4,58.388364368104
age_60,22,h_NQ_5,41.1812427647343
age_60,22,h_NQ_6,27.8140906188307
age_60,22,h_NQ_7,20.9977721440488
age_60,22,h_NQ_8,17.3379637232705
age_60,22,h_NQ_9,13.8515857924964
age_60,22,h_NQ_10,10.7602318998224
age_60,22,h_NQ_11,7.44494094268074
age_60,22,h_NQ_12,4.62037177618305
age_60,22,h_NQ_13,2.85402707088856
age_60,22,h_NQ_14,1.85713747426486
age_60,22,h_NQ_15,1.36757092650442
age_60,22,h_NQ_16,1.1513387551882
age_60,22,h_NQ_17,1.13791818872544
age_60,22,P_NQ_1,0.7101403862
age_60,22,P_NQ_2,0.175872585004831
age_60,22,P_NQ_3,0.187062214997339
age_60,22,P_NQ_4,0.200676156572885
age_60,22,P_NQ_5,0.202877445476799
age_60,22,P_NQ_6,0.196420263646449
age_60,22,P_NQ_7,0.190515864702057
age_60,22,P_NQ_8,0.187462392841514
age_60,22,P_NQ_9,0.140390023025442
age_60,22,P_NQ_10,0.115459166670406
age_60,22,P_NQ_11,0.112914517647308
age_60,22,P_NQ_12,0.100382875015988
age_60,22,P_NQ_13,0.077064247613235
age_60,22,P_NQ_14,0.0377757643221395
age_60,22,P_NQ_15,0.0153204229907777
age_60,22,P_NQ_16,0.00477366761199957
age_60,22,P_NQ_17,0.000641841431518546
age_60,22,L_NQ,2.04365524095332
age_60,22,pi_Q,0.3
age_60,22,pi_NQ,0.7
age_60,22,y,4.20403554094639
age_60,22,nbar,6.69087371399402
age_60,22,Ptot,3.79392836166637
age_60,22,Pret,0.663332174089331
age_60,22,H,302.232960706092
age_60,22,cCheck,0
age_60,22,shareq,0.3
age_60,22,A,1.111292532
age_60,22,A_Q,2
age_60,22,xpop,1.014486266
age_60,22,h_Q_1,100
age_60,22,mig_Q_2,-0.224010225
age_60,22,med_Q_2,483.6658911
age_60,22,mig_Q_3,0.002432832
age_60,22,med_Q_3,-36.56119051
age_60,22,mig_Q_4,0.001998814
age_60,22,med_Q_4,-85.69868771
age_60,22,mig_Q_5,0.00127467
age_60,22,med_Q_5,-63.8691677
age_60,22,mig_Q_6,0.000761722
age_60,22,med_Q_6,-38.80273523
age_60,22,mig_Q_7,0.000609646
age_60,22,med_Q_7,-21.99030035
age_60,22,mig_Q_8,0.000855555
age_60,22,med_Q_8,-14.12290184
age_60,22,mig_Q_9,0.000664579
age_60,22,med_Q_9,-10.50558595
age_60,22,mig_Q_10,0.00071688
age_60,22,med_Q_10,-6.444981121
age_60,22,mig_Q_11,0.001433139
age_60,22,med_Q_11,-4.921939864
age_60,22,mig_Q_12,0.002285662
age_60,22,med_Q_12,-3.009034728
age_60,22,mig_Q_13,0.003436769
age_60,22,med_Q_13,-2.041057138
age_60,22,mig_Q_14,0.003214639
age_60,22,med_Q_14,-1.146515308
age_60,22,mig_Q_15,0.001899507
age_60,22,med_Q_15,-0.568189541
age_60,22,mig_Q_16,0.000601879
age_60,22,med_Q_16,-0.244465771
age_60,22,mig_Q_17,7.18179e-05
age_60,22,med_Q_17,-0.009083146
age_60,22,h_NQ_1,100
age_60,22,mig_NQ_2,-0.515383085
age_60,22,med_NQ_2,-2.340090112
age_60,22,mig_NQ_3,0.008128313
age_60,22,med_NQ_3,-4.900332689
age_60,22,mig_NQ_4,0.007816274
age_60,22,med_NQ_4,-2.142079976
age_60,22,mig_NQ_5,0.00738089
age_60,22,med_NQ_5,-7.050426737
age_60,22,mig_NQ_6,0.007382125
age_60,22,med_NQ_6,-5.739164903
age_60,22,mig_NQ_7,0.007717533
age_60,22,med_NQ_7,-3.383915723
age_60,22,mig_NQ_8,0.008980352
age_60,22,med_NQ_8,-2.384115948
age_60,22,mig_NQ_9,0.007664608
age_60,22,med_NQ_9,-2.205538239
age_60,22,mig_NQ_10,0.007635598
age_60,22,med_NQ_10,-1.591328803
age_60,22,mig_NQ_11,0.010355983
age_60,22,med_NQ_11,-1.692860841
age_60,22,mig_NQ_12,0.014583837
age_60,22,med_NQ_12,-1.702208872
age_60,22,mig_NQ_13,0.01830798
age_60,22,med_NQ_13,-1.180427164
age_60,22,mig_NQ_14,0.013950265
age_60,22,med_NQ_14,-0.680205485
age_60,22,mig_NQ_15,0.007416685
age_60,22,med_NQ_15,-0.343471986
age_60,22,mig_NQ_16,0.002474431
age_60,22,med_NQ_16,-0.147883537
age_60,22,mig_NQ_17,0.000338702
age_60,22,med_NQ_17,-0.004284137
age_60,23,beta_Q_2,0.998437700016199
age_60,23,beta_Q_3,0.998043699999944
age_60,23,beta_Q_4,0.996854699999507
age_60,23,beta_Q_5,0.994779900001327
age_60,23,beta_Q_6,0.991028999998848
age_60,23,beta_Q_7,0.985176100121917
age_60,23,beta_Q_8,0.97780249999603
age_60,23,beta_Q_9,0.968116499992645
age_60,23,beta_Q_10,0.954185100205531
age_60,23,beta_Q_11,0.926734308891795
age_60,23,beta_Q_12,0.875713916351136
age_60,23,beta_Q_13,0.773751701546988
age_60,23,beta_Q_14,0.603063500074324
age_60,23,beta_Q_15,0.383542360896424
age_60,23,beta_Q_16,0.199860006922652
age_60,23,beta_Q_17,0.126764098806548
age_60,23,h_Q_2,640.0819305
age_60,23,h_Q_3,511.169043588
age_60,23,h_Q_4,317.93469616356
age_60,23,h_Q_5,191.567211404717
age_60,23,h_Q_6,111.470293152476
age_60,23,h_Q_7,67.4586310309047
age_60,23,h_Q_8,45.0501182484513
age_60,23,h_Q_9,31.3641852281916
age_60,23,h_Q_10,21.8269602544469
age_60,23,h_Q_11,13.648951715605
age_60,23,h_Q_12,8.04595204384345
age_60,23,h_Q_13,4.4199227133665
age_60,23,h_Q_14,2.51929464770024
age_60,23,h_Q_15,1.6221702609684
age_60,23,h_Q_16,1.2497812847285
age_60,23,h_Q_17,1.14516592616867
age_60,23,P_Q_1,0.3077841666
age_60,23,P_Q_2,0.075935203363439
age_60,23,P_Q_3,0.077418532235183
age_60,23,P_Q_4,0.0820643909159847
age_60,23,P_Q_5,0.0867295713788866
age_60,23,P_Q_6,0.0866535193933899
age_60,23,P_Q_7,0.0832293902564056
age_60,23,P_Q_8,0.0800970432024048
age_60,23,P_Q_9,0.0776902875434989
age_60,23,P_Q_10,0.0572552912777376
age_60,23,P_Q_11,0.0460322822078545
age_60,23,P_Q_12,0.0431010799036644
age_60,23,P_Q_13,0.0350225232321677
age_60,23,P_Q_14,0.0226562281050962
age_60,23,P_Q_15,0.00835774423374745
age_60,23,P_Q_16,0.00203479611697571
age_60,23,P_Q_17,0.000373700419089895
age_60,23,L_Q,1.18285682036485
age_60,23,beta_NQ_2,0.990472600076074
age_60,23,beta_NQ_3,0.988217199999898
age_60,23,beta_NQ_4,0.985088499999103
age_60,23,beta_NQ_5,0.979207900000741
age_60,23,beta_NQ_6,0.969464399997845
age_60,23,beta_NQ_7,0.956664600400181
age_60,23,beta_NQ_8,0.944183200024705
age_60,23,beta_NQ_9,0.931204399992527
age_60,23,beta_NQ_10,0.914147900140892
age_60,23,beta_NQ_11,0.88096120871536
age_60,23,beta_NQ_12,0.807341310491864
age_60,23,beta_NQ_13,0.675434200748707
age_60,23,beta_NQ_14,0.486570798834349
age_60,23,beta_NQ_15,0.283754838344068
age_60,23,beta_NQ_16,0.137884601826712
age_60,23,beta_NQ_17,0.0815321951115927
age_60,23,h_NQ_2,104.960429918
age_60,23,h_NQ_3,84.86947075324
age_60,23,h_NQ_4,67.062334435824
age_60,23,h_NQ_5,48.0951900017419
age_60,23,h_NQ_6,32.7486605774396
age_60,23,h_NQ_7,23.0758225384541
age_60,23,h_NQ_8,17.9157529711678
age_60,23,h_NQ_9,14.5358133348051
age_60,23,h_NQ_10,11.6479387166465
age_60,23,h_NQ_11,8.40062231382592
age_60,23,h_NQ_12,5.19052604782713
age_60,23,h_NQ_13,3.08103934765939
age_60,23,h_NQ_14,1.94768820647079
age_60,23,h_NQ_15,1.39616972277957
age_60,23,h_NQ_16,1.15993751997433
age_60,23,h_NQ_17,1.08876599908443
age_60,23,P_NQ_1,0.7181630554
age_60,23,P_NQ_2,0.177182140644785
age_60,23,P_NQ_3,0.180643240751711
age_60,23,P_NQ_4,0.191483580559826
age_60,23,P_NQ_5,0.202368999530148
age_60,23,P_NQ_6,0.202191544953183
age_60,23,P_NQ_7,0.19420190737206
age_60,23,P_NQ_8,0.186893102225243
age_60,23,P_NQ_9,0.181277337717829
age_60,23,P_NQ_10,0.133595682435414
age_60,23,P_NQ_11,0.107408654583162
age_60,23,P_NQ_12,0.100569185671007
age_60,23,P_NQ_13,0.0817192148353464
age_60,23,P_NQ_14,0.0528645340184855
age_60,23,P_NQ_15,0.0195013550892687
age_60,23,P_NQ_16,0.00474784203033016
age_60,23,P_NQ_17,0.000871989737345923
age_60,23,L_NQ,2.08340799861156
age_60,23,pi_Q,0.3
age_60,23,pi_NQ,0.7
age_60,23,y,4.49120456468571
age_60,23,nbar,6.96425802399518
age_60,23,Ptot,3.90811911794067
age_60,23,Pret,0.716112103896693
age_60,23,H,328.38673445958
age_60,23,cCheck,4.44089209850063e-16
age_60,23,shareq,0.3
age_60,23,A,1.154384374
age_60,23,A_Q,2
age_60,23,xpop,1.025947222
age_60,23,h_Q_1,100
age_60,23,mig_Q_2,-0.227887445
age_60,23,med_Q_2,542.0819305
age_60,23,mig_Q_3,0.002215538
age_60,23,med_Q_3,-58.86352969
age_60,23,mig_Q_4,0.002185461
age_60,23,med_Q_4,-114.1069209
age_60,23,mig_Q_5,0.001250696
age_60,23,med_Q_5,-78.79999145
age_60,23,mig_Q_6,0.000621383
age_60,23,med_Q_6,-49.01180817
age_60,23,mig_Q_7,0.000417902
age_60,23,med_Q_7,-25.63089643
age_60,23,mig_Q_8,0.000318194
age_60,23,med_Q_8,-15.22678646
age_60,23,mig_Q_9,4.16344e-05
age_60,23,med_Q_9,-11.40704108
age_60,23,mig_Q_10,8.30422e-05
age_60,23,med_Q_10,-7.416470447
age_60,23,mig_Q_11,0.000669568
age_60,23,med_Q_11,-6.039093245
age_60,23,mig_Q_12,0.001553355
age_60,23,med_Q_12,-3.724759306
age_60,23,mig_Q_13,0.002662428
age_60,23,med_Q_13,-2.509158144
age_60,23,mig_Q_14,0.003569426
age_60,23,med_Q_14,-1.435330468
age_60,23,mig_Q_15,0.00244212
age_60,23,med_Q_15,-0.699586347
age_60,23,mig_Q_16,0.000776922
age_60,23,med_Q_16,-0.294484702
age_60,23,mig_Q_17,-6.75168e-06
age_60,23,med_Q_17,-0.067069086
age_60,23,h_NQ_1,100
age_60,23,mig_NQ_2,-0.525534651
age_60,23,med_NQ_2,6.960429918
age_60,23,mig_NQ_3,0.007161837
age_60,23,med_NQ_3,-8.877240937
age_60,23,mig_NQ_4,0.007625124
age_60,23,med_NQ_4,-5.017158944
age_60,23,mig_NQ_5,0.006565842
age_60,23,med_NQ_5,-9.125407079
age_60,23,mig_NQ_6,0.006608152
age_60,23,med_NQ_6,-7.608957332
age_60,23,mig_NQ_7,0.007135982
age_60,23,med_NQ_7,-4.181986268
age_60,23,mig_NQ_8,0.007365602
age_60,23,med_NQ_8,-2.66206373
age_60,23,mig_NQ_9,0.007348586
age_60,23,med_NQ_9,-2.455391114
age_60,23,mig_NQ_10,0.006252774
age_60,23,med_NQ_10,-1.92661536
age_60,23,mig_NQ_11,0.007457889
age_60,23,med_NQ_11,-2.144404948
age_60,23,mig_NQ_12,0.012093072
age_60,23,med_NQ_12,-2.105516076
age_60,23,mig_NQ_13,0.016508702
age_60,23,med_NQ_13,-1.446924993
age_60,23,mig_NQ_14,0.01729654
age_60,23,med_NQ_14,-0.849258323
age_60,23,mig_NQ_15,0.00934809
age_60,23,med_NQ_15,-0.423825002
age_60,23,mig_NQ_16,0.002734035
age_60,23,med_NQ_16,-0.180281988
age_60,23,mig_NQ_17,0.000293389
age_60,23,med_NQ_17,-0.039545981
age_60,24,beta_Q_2,0.998567900006669
age_60,24,beta_Q_3,0.998121900000046
age_60,24,beta_Q_4,0.99717630000021
age_60,24,beta_Q_5,0.995330300172894
age_60,24,beta_Q_6,0.992001400384707
age_60,24,beta_Q_7,0.986972899997076
age_60,24,beta_Q_8,0.979117000019634
age_60,24,beta_Q_9,0.968275900014148
age_60,24,beta_Q_10,0.955263415083006
age_60,24,beta_Q_11,0.930171300143746
age_60,24,beta_Q_12,0.885025600511386
age_60,24,beta_Q_13,0.790376500426461
age_60,24,beta_Q_14,0.617163904442869
age_60,24,beta_Q_15,0.391218915190549
age_60,24,beta_Q_16,0.198171666851347
age_60,24,beta_Q_17,0.161492363992731
age_60,24,h_Q_2,698.2752601
age_60,24,h_Q_3,532.45301103
age_60,24,h_Q_4,354.14527041624
age_60,24,h_Q_5,214.146519000289
age_60,24,h_Q_6,125.021878876622
age_60,24,h_Q_7,76.7630554594268
age_60,24,h_Q_8,47.8858401902866
age_60,24,h_Q_9,31.5217768134823
age_60,24,h_Q_10,22.3530621376278
age_60,24,h_Q_11,14.320759258358
age_60,24,h_Q_12,8.69758835529285
age_60,24,h_Q_13,4.77045751296658
age_60,24,h_Q_14,2.61207909009917
age_60,24,h_Q_15,1.64262655274624
age_60,24,h_Q_16,1.24714419074903
age_60,24,h_Q_17,1.19259147503393
age_60,24,P_Q_1,0.3120516879
age_60,24,P_Q_2,0.0746465224015065
age_60,24,P_Q_3,0.0782214153250949
age_60,24,P_Q_4,0.0796326387257055
age_60,24,P_Q_5,0.082838589589073
age_60,24,P_Q_6,0.0864514913939466
age_60,24,P_Q_7,0.0856854032978187
age_60,24,P_Q_8,0.0817680948658586
age_60,24,P_Q_9,0.0778115231248719
age_60,24,P_Q_10,0.07441611680469
age_60,24,P_Q_11,0.0537302147926726
age_60,24,P_Q_12,0.041595451130821
age_60,24,P_Q_13,0.035971618913973
age_60,24,P_Q_14,0.0248794754418253
age_60,24,P_Q_15,0.0119913822164365
age_60,24,P_Q_16,0.00284669982041452
age_60,24,P_Q_17,0.000390309096023489
age_60,24,L_Q,1.1842653950516
age_60,24,beta_NQ_2,0.991275700044955
age_60,24,beta_NQ_3,0.988687700000473
age_60,24,beta_NQ_4,0.986582100316149
age_60,24,beta_NQ_5,0.9813840006486
age_60,24,beta_NQ_6,0.972817001453876
age_60,24,beta_NQ_7,0.962049706233961
age_60,24,beta_NQ_8,0.947720700025409
age_60,24,beta_NQ_9,0.931685400202676
age_60,24,beta_NQ_10,0.916191929635411
age_60,24,beta_NQ_11,0.886391599929464
age_60,24,beta_NQ_12,0.82058520000954
age_60,24,beta_NQ_13,0.695844900463616
age_60,24,beta_NQ_14,0.500897139322672
age_60,24,beta_NQ_15,0.290317903067518
age_60,24,beta_NQ_16,0.136720974510348
age_60,24,beta_NQ_17,0.103768538782001
age_60,24,h_NQ_2,114.62237658
age_60,24,h_NQ_3,88.39935291964
age_60,24,h_NQ_4,74.5273105321752
age_60,24,h_NQ_5,53.7172324871075
age_60,24,h_NQ_6,36.7876981917071
age_60,24,h_NQ_7,26.3502528278908
age_60,24,h_NQ_8,19.128029641685
age_60,24,h_NQ_9,14.6381593467445
age_60,24,h_NQ_10,11.932020888109
age_60,24,h_NQ_11,8.80216603131353
age_60,24,h_NQ_12,5.5736761915494
age_60,24,h_NQ_13,3.28779626287059
age_60,24,h_NQ_14,2.0035936477062
age_60,24,h_NQ_15,1.40908161134137
age_60,24,h_NQ_16,1.15837191532398
age_60,24,h_NQ_17,1.11578276857485
age_60,24,P_NQ_1,0.7281206051
age_60,24,P_NQ_2,0.174175218760615
age_60,24,P_NQ_3,0.182516634917978
age_60,24,P_NQ_4,0.18580948806708
age_60,24,P_NQ_5,0.193290045804609
age_60,24,P_NQ_6,0.201720145707659
age_60,24,P_NQ_7,0.199932606556932
age_60,24,P_NQ_8,0.190792220353453
age_60,24,P_NQ_9,0.181560223120399
age_60,24,P_NQ_10,0.173637605617885
age_60,24,P_NQ_11,0.125370502877456
age_60,24,P_NQ_12,0.097056049949338
age_60,24,P_NQ_13,0.0839337765436449
age_60,24,P_NQ_14,0.0580521036425503
age_60,24,P_NQ_15,0.0279798753045498
age_60,24,P_NQ_16,0.00664228858156514
age_60,24,P_NQ_17,0.000910733982775899
age_60,24,L_NQ,2.08593770630956
age_60,24,pi_Q,0.3
age_60,24,pi_NQ,0.7
age_60,24,y,4.82575720330798
age_60,24,nbar,7.08933309224486
age_60,24,Ptot,4.01642875972922
age_60,24,Pret,0.819404204716621
age_60,24,H,346.811386855874
age_60,24,cCheck,4.44089209850063e-16
age_60,24,shareq,0.3
age_60,24,A,1.225015828
age_60,24,A_Q,2
age_60,24,xpop,1.040172293
age_60,24,h_Q_1,100
age_60,24,mig_Q_2,-0.232656793
age_60,24,med_Q_2,600.2752601
age_60,24,mig_Q_3,0.002434764
age_60,24,med_Q_3,-94.82728086
age_60,24,mig_Q_4,0.002457611
age_60,24,med_Q_4,-146.8003923
age_60,24,mig_Q_5,0.001202583
age_60,24,med_Q_5,-97.42948324
age_60,24,mig_Q_6,0.000499971
age_60,24,med_Q_6,-62.7139883
age_60,24,mig_Q_7,0.000316427
age_60,24,med_Q_7,-32.47783183
age_60,24,mig_Q_8,0.000386189
age_60,24,med_Q_8,-18.22361822
age_60,24,mig_Q_9,0.000268254
age_60,24,med_Q_9,-12.62733907
age_60,24,mig_Q_10,0.000285202
age_60,24,med_Q_10,-8.383839386
age_60,24,mig_Q_11,0.000669772
age_60,24,med_Q_11,-7.069661791
age_60,24,mig_Q_12,0.001284341
age_60,24,med_Q_12,-4.678384326
age_60,24,mig_Q_13,0.002622085
age_60,24,med_Q_13,-3.11457549
age_60,24,mig_Q_14,0.00375867
age_60,24,med_Q_14,-1.719445169
age_60,24,mig_Q_15,0.003301759
age_60,24,med_Q_15,-0.826282202
age_60,24,mig_Q_16,0.001176321
age_60,24,med_Q_16,-0.342582665
age_60,24,mig_Q_17,0.00013237
age_60,24,med_Q_17,-0.032194184
age_60,24,h_NQ_1,100
age_60,24,mig_NQ_2,-0.53714561
age_60,24,med_NQ_2,16.62237658
age_60,24,mig_NQ_3,0.007422196
age_60,24,med_NQ_3,-14.4618684
age_60,24,mig_NQ_4,0.007859909
age_60,24,med_NQ_4,-8.644770806
age_60,24,mig_NQ_5,0.005787811
age_60,24,med_NQ_5,-12.00385526
age_60,24,mig_NQ_6,0.005530605
age_60,24,med_NQ_6,-10.34558801
age_60,24,mig_NQ_7,0.006503113
age_60,24,med_NQ_7,-5.743434538
age_60,24,mig_NQ_8,0.007430042
age_60,24,med_NQ_8,-3.486276446
age_60,24,mig_NQ_9,0.007524544
age_60,24,med_NQ_9,-2.919278565
age_60,24,mig_NQ_10,0.007923308
age_60,24,med_NQ_10,-2.31307618
age_60,24,mig_NQ_11,0.007677889
age_60,24,med_NQ_11,-2.612813911
age_60,24,mig_NQ_12,0.010340606
age_60,24,med_NQ_12,-2.658933676
age_60,24,mig_NQ_13,0.016005909
age_60,24,med_NQ_13,-1.798919264
age_60,24,mig_NQ_14,0.01828992
age_60,24,med_NQ_14,-1.015824913
age_60,24,mig_NQ_15,0.012979308
age_60,24,med_NQ_15,-0.499652831
age_60,24,mig_NQ_16,0.003953352
age_60,24,med_NQ_16,-0.209874413
age_60,24,mig_NQ_17,0.000523632
age_60,24,med_NQ_17,-0.020956001
age_60,25,beta_Q_2,0.998632799999955
age_60,25,beta_Q_3,0.998197499999996
age_60,25,beta_Q_4,0.997334600000127
age_60,25,beta_Q_5,0.995742200032309
age_60,25,beta_Q_6,0.992592800009731
age_60,25,beta_Q_7,0.987996600040646
age_60,25,beta_Q_8,0.980881900094676
age_60,25,beta_Q_9,0.969825600035104
age_60,25,beta_Q_10,0.955121599992046
age_60,25,beta_Q_11,0.930302299960104
age_60,25,beta_Q_12,0.88686100819419
age_60,25,beta_Q_13,0.801346400895735
age_60,25,beta_Q_14,0.630152162749872
age_60,25,beta_Q_15,0.401319548696717
age_60,25,beta_Q_16,0.209842137382246
age_60,25,beta_Q_17,0.141344056412864
age_60,25,h_Q_2,731.4218841
age_60,25,h_Q_3,554.785020798
age_60,25,h_Q_4,375.1782096094
age_60,25,h_Q_5,234.863074807915
age_60,25,h_Q_6,135.003780060283
age_60,25,h_Q_7,83.30972895909
age_60,25,h_Q_8,52.3064530302383
age_60,25,h_Q_9,33.1406755764809
age_60,25,h_Q_10,22.2824343052127
age_60,25,h_Q_11,14.3476757398752
age_60,25,h_Q_12,8.83868518519084
age_60,25,h_Q_13,5.033888157187
age_60,25,h_Q_14,2.70381053670725
age_60,25,h_Q_15,1.67034002329719
age_60,25,h_Q_16,1.26556983069131
age_60,25,h_Q_17,1.16461046393405
age_60,25,P_Q_1,0.306880497
age_60,25,P_Q_2,0.0703933366798395
age_60,25,P_Q_3,0.0768607277677877
age_60,25,P_Q_4,0.0803230335146578
age_60,25,P_Q_5,0.0802344772064161
age_60,25,P_Q_6,0.0823301268782545
age_60,25,P_Q_7,0.0851402141701557
age_60,25,P_Q_8,0.0839215743224328
age_60,25,P_Q_9,0.0793560346486815
age_60,25,P_Q_10,0.0744058763130754
age_60,25,P_Q_11,0.0696131771198673
age_60,25,P_Q_12,0.0486338866124909
age_60,25,P_Q_13,0.0350861410984382
age_60,25,P_Q_14,0.0261296827780785
age_60,25,P_Q_15,0.0135357483928608
age_60,25,P_Q_16,0.00411624920168282
age_60,25,P_Q_17,0.000597353283576423
age_60,25,L_Q,1.16736730921578
age_60,25,beta_NQ_2,0.991690600000529
age_60,25,beta_NQ_3,0.989144200000644
age_60,25,beta_NQ_4,0.987363000003173
age_60,25,beta_NQ_5,0.983010700120059
age_60,25,beta_NQ_6,0.974850500042407
age_60,25,beta_NQ_7,0.965107800119121
age_60,25,beta_NQ_8,0.952190900273821
age_60,25,beta_NQ_9,0.935068400007744
age_60,25,beta_NQ_10,0.916035200054267
age_60,25,beta_NQ_11,0.886647899968915
age_60,25,beta_NQ_12,0.823275109295727
age_60,25,beta_NQ_13,0.709672299606467
age_60,25,beta_NQ_14,0.514614910536279
age_60,25,beta_NQ_15,0.299465121496327
age_60,25,beta_NQ_16,0.146564112237895
age_60,25,beta_NQ_17,0.0942485130586051
age_60,25,h_NQ_2,120.34563266
age_60,25,h_NQ_3,92.1166565384
age_60,25,h_NQ_4,79.1327055502472
age_60,25,h_NQ_5,58.8605769515317
age_60,25,h_NQ_6,39.7622219073654
age_60,25,h_NQ_7,28.6597004468729
age_60,25,h_NQ_8,20.916520074333
age_60,25,h_NQ_9,15.4008217888513
age_60,25,h_NQ_10,11.9097526658096
age_60,25,h_NQ_11,8.82206857834684
age_60,25,h_NQ_12,5.65851217868726
age_60,25,h_NQ_13,3.44438370371842
age_60,25,h_NQ_14,2.06021854361317
age_60,25,h_NQ_15,1.42748063175208
age_60,25,h_NQ_16,1.17173415911455
age_60,25,h_NQ_17,1.1040555850175
age_60,25,P_NQ_1,0.716054493
age_60,25,P_NQ_2,0.164251119537659
age_60,25,P_NQ_3,0.179341696433512
age_60,25,P_NQ_4,0.187420410020014
age_60,25,P_NQ_5,0.187213776757739
age_60,25,P_NQ_6,0.192103631770522
age_60,25,P_NQ_7,0.198660499919526
age_60,25,P_NQ_8,0.19581700584404
age_60,25,P_NQ_9,0.185164078175564
age_60,25,P_NQ_10,0.173613715165714
age_60,25,P_NQ_11,0.162430745051558
age_60,25,P_NQ_12,0.113479071178993
age_60,25,P_NQ_13,0.0818676604163889
age_60,25,P_NQ_14,0.0609692275632601
age_60,25,P_NQ_15,0.0315834099981634
age_60,25,P_NQ_16,0.00960452181831608
age_60,25,P_NQ_17,0.00139380758027739
age_60,25,L_NQ,2.05635761741494
age_60,25,pi_Q,0.3
age_60,25,pi_NQ,0.7
age_60,25,y,5.2013958608156
age_60,25,nbar,7.06519598604196
age_60,25,Ptot,4.05852700721954
age_60,25,Pret,0.907060273572742
age_60,25,H,353.046277654685
age_60,25,cCheck,-1.33226762955019e-15
age_60,25,shareq,0.3
age_60,25,A,1.323527466
age_60,25,A_Q,2
age_60,25,xpop,1.02293499
age_60,25,h_Q_1,100
age_60,25,mig_Q_2,-0.241211462
age_60,25,med_Q_2,633.4218841
age_60,25,mig_Q_3,0.002354399
age_60,25,med_Q_3,-129.5247341
age_60,25,mig_Q_4,0.002322492
age_60,25,med_Q_4,-146.6257412
age_60,25,mig_Q_5,0.000973699
age_60,25,med_Q_5,-112.1992902
age_60,25,mig_Q_6,0.00015413
age_60,25,med_Q_6,-74.85980856
age_60,25,mig_Q_7,-0.000185065
age_60,25,med_Q_7,-39.21171234
age_60,25,mig_Q_8,2.55393e-05
age_60,25,med_Q_8,-22.92134132
age_60,25,mig_Q_9,0.000181959
age_60,25,med_Q_9,-13.78744781
age_60,25,mig_Q_10,7.5375e-05
age_60,25,med_Q_10,-8.608906972
age_60,25,mig_Q_11,0.000393441
age_60,25,med_Q_11,-7.558325155
age_60,25,mig_Q_12,0.001081271
age_60,25,med_Q_12,-5.195658888
age_60,25,mig_Q_13,0.002210074
age_60,25,med_Q_13,-3.489748431
age_60,25,mig_Q_14,0.003929298
age_60,25,med_Q_14,-1.971237826
age_60,25,mig_Q_15,0.003802427
age_60,25,med_Q_15,-0.889497485
age_60,25,mig_Q_16,0.001739897
age_60,25,med_Q_16,-0.344204191
age_60,25,mig_Q_17,0.000137633
age_60,25,med_Q_17,-0.057590843
age_60,25,h_NQ_1,100
age_60,25,mig_NQ_2,-0.557517143
age_60,25,med_NQ_2,22.34563266
age_60,25,mig_NQ_3,0.0071368
age_60,25,med_NQ_3,-20.21327251
age_60,25,mig_NQ_4,0.007352765
age_60,25,med_NQ_4,-7.498660311
age_60,25,mig_NQ_5,0.004863318
age_60,25,med_NQ_5,-14.17618737
age_60,25,mig_NQ_6,0.004067789
age_60,25,med_NQ_6,-12.88066593
age_60,25,mig_NQ_7,0.004595693
age_60,25,med_NQ_7,-7.392243781
age_60,25,mig_NQ_8,0.006336736
age_60,25,med_NQ_8,-4.906727697
age_60,25,mig_NQ_9,0.007405752
age_60,25,med_NQ_9,-3.34464726
age_60,25,mig_NQ_10,0.007269704
age_60,25,med_NQ_10,-2.435643494
age_60,25,mig_NQ_11,0.00851983
age_60,25,med_NQ_11,-2.871311892
age_60,25,mig_NQ_12,0.010601892
age_60,25,med_NQ_12,-2.967610532
age_60,25,mig_NQ_13,0.014331703
age_60,25,med_NQ_13,-2.017818964
age_60,25,mig_NQ_14,0.018927039
age_60,25,med_NQ_14,-1.161821794
age_60,25,mig_NQ_15,0.014729845
age_60,25,med_NQ_15,-0.536041143
age_60,25,mig_NQ_16,0.005779086
age_60,25,med_NQ_16,-0.20916582
age_60,25,mig_NQ_17,0.000704547
age_60,25,med_NQ_17,-0.031148892
age_60,26,beta_Q_2,0.998746800005888
age_60,26,beta_Q_3,0.998359100014445
age_60,26,beta_Q_4,0.997555300010877
age_60,26,beta_Q_5,0.996150600061289
age_60,26,beta_Q_6,0.993290900091443
age_60,26,beta_Q_7,0.989111500126182
age_60,26,beta_Q_8,0.982749500339779
age_60,26,beta_Q_9,0.972941300825321
age_60,26,beta_Q_10,0.958661900182128
age_60,26,beta_Q_11,0.933837099979108
age_60,26,beta_Q_12,0.893199999924377
age_60,26,beta_Q_13,0.817945501768439
age_60,26,beta_Q_14,0.655981402941068
age_60,26,beta_Q_15,0.425457089935023
age_60,26,beta_Q_16,0.229895454642405
age_60,26,beta_Q_17,0.13414440357822
age_60,26,h_Q_2,797.9572295
age_60,26,h_Q_3,609.421658818
age_60,26,h_Q_4,409.04814498204
age_60,26,h_Q_5,259.780745017212
age_60,26,h_Q_6,149.051288531757
age_60,26,h_Q_7,91.8400146490773
age_60,26,h_Q_8,57.9693342699082
age_60,26,h_Q_9,36.9566904396335
age_60,26,h_Q_10,24.1907586829512
age_60,26,h_Q_11,15.1142105261084
age_60,26,h_Q_12,9.36329587207771
age_60,26,h_Q_13,5.49286068148702
age_60,26,h_Q_14,2.90681959504325
age_60,26,h_Q_15,1.74050861697311
age_60,26,h_Q_16,1.29852439683124
age_60,26,h_Q_17,1.15492698707749
age_60,26,P_Q_1,0.2996055927
age_60,26,P_Q_2,0.0720767969844878
age_60,26,P_Q_3,0.0725911786904739
age_60,26,P_Q_4,0.0789499371840052
age_60,26,P_Q_5,0.0809808051051543
age_60,26,P_Q_6,0.0798368423876335
age_60,26,P_Q_7,0.0812278714366304
age_60,26,P_Q_8,0.08359848114969
age_60,26,P_Q_9,0.0817341181731439
age_60,26,P_Q_10,0.0761853687826729
age_60,26,P_Q_11,0.069820434864601
age_60,26,P_Q_12,0.0632045634441262
age_60,26,P_Q_13,0.0415488109984908
age_60,26,P_Q_14,0.026156368695728
age_60,26,P_Q_15,0.0147364645000868
age_60,26,P_Q_16,0.00488484737382621
age_60,26,P_Q_17,0.000902009359372062
age_60,26,L_Q,1.14890247509164
age_60,26,beta_NQ_2,0.992391500039615
age_60,26,beta_NQ_3,0.990140600107284
age_60,26,beta_NQ_4,0.98845960007728
age_60,26,beta_NQ_5,0.984706600350459
age_60,26,beta_NQ_6,0.977306500425687
age_60,26,beta_NQ_7,0.968419300456607
age_60,26,beta_NQ_8,0.956882800844418
age_60,26,beta_NQ_9,0.941672201565522
age_60,26,beta_NQ_10,0.922522700192275
age_60,26,beta_NQ_11,0.89228950009065
age_60,26,beta_NQ_12,0.832520399951811
age_60,26,beta_NQ_13,0.730823999974737
age_60,26,beta_NQ_14,0.541515399137528
age_60,26,beta_NQ_15,0.319759640465486
age_60,26,beta_NQ_16,0.161053376295915
age_60,26,beta_NQ_17,0.0911675967833154
age_60,26,h_NQ_2,131.43195111
age_60,26,h_NQ_3,101.4260502668
age_60,26,h_NQ_4,86.652109116632
age_60,26,h_NQ_5,65.3876835792422
age_60,26,h_NQ_6,44.0654813025011
age_60,26,h_NQ_7,31.6649092592181
age_60,26,h_NQ_8,23.1926006309355
age_60,26,h_NQ_9,17.1444834168463
age_60,26,h_NQ_10,12.9070063110742
age_60,26,h_NQ_11,9.28414593549341
age_60,26,h_NQ_12,5.9708764507799
age_60,26,h_NQ_13,3.71504145411351
age_60,26,h_NQ_14,2.18109833564405
age_60,26,h_NQ_15,1.47006744574091
age_60,26,h_NQ_16,1.19197083911704
age_60,26,h_NQ_17,1.10031288093226
age_60,26,P_NQ_1,0.6990797163
age_60,26,P_NQ_2,0.168179191796244
age_60,26,P_NQ_3,0.169379417234288
age_60,26,P_NQ_4,0.184216517416251
age_60,26,P_NQ_5,0.188955213470563
age_60,26,P_NQ_6,0.18628596288711
age_60,26,P_NQ_7,0.189531702452943
age_60,26,P_NQ_8,0.19506312326722
age_60,26,P_NQ_9,0.190712941348894
age_60,26,P_NQ_10,0.177765859394416
age_60,26,P_NQ_11,0.162914353957482
age_60,26,P_NQ_12,0.147477312385308
age_60,26,P_NQ_13,0.0969472264008023
age_60,26,P_NQ_14,0.0610315057409944
age_60,26,P_NQ_15,0.0343850651397689
age_60,26,P_NQ_16,0.0113979774478263
age_60,26,P_NQ_17,0.00210467590001522
age_60,26,L_NQ,2.02398297352736
age_60,26,pi_Q,0.3
age_60,26,pi_NQ,0.7
age_60,26,y,5.37281534009923
age_60,26,nbar,6.97851921749391
age_60,26,Ptot,4.09346825437025
age_60,26,Pret,0.991462844385517
age_60,26,H,371.785150662977
age_60,26,cCheck,-4.44089209850063e-16
age_60,26,shareq,0.3
age_60,26,A,1.379010647
age_60,26,A_Q,2
age_60,26,xpop,0.998685309
age_60,26,h_Q_1,100
age_60,26,mig_Q_2,-0.234384133
age_60,26,med_Q_2,699.9572295
age_60,26,mig_Q_3,0.002324726
age_60,26,med_Q_3,-107.3717876
age_60,26,mig_Q_4,0.002294074
age_60,26,med_Q_4,-134.6411754
age_60,26,mig_Q_5,0.000999771
age_60,26,med_Q_5,-107.8939004
age_60,26,mig_Q_6,0.000196678
age_60,26,med_Q_6,-81.11452478
age_60,26,mig_Q_7,-0.000114014
age_60,26,med_Q_7,-40.46368981
age_60,26,mig_Q_8,8.59861e-05
age_60,26,med_Q_8,-23.67420011
age_60,26,mig_Q_9,0.000344827
age_60,26,med_Q_9,-14.30363353
age_60,26,mig_Q_10,0.000390706
age_60,26,med_Q_10,-8.287103382
age_60,26,mig_Q_11,0.000600477
age_60,26,med_Q_11,-6.722575093
age_60,26,mig_Q_12,0.001467351
age_60,26,med_Q_12,-4.697426353
age_60,26,mig_Q_13,0.002576221
age_60,26,med_Q_13,-3.1690508
age_60,26,mig_Q_14,0.004046761
age_60,26,med_Q_14,-2.026390799
age_60,26,mig_Q_15,0.004250112
age_60,26,med_Q_15,-0.909225709
age_60,26,mig_Q_16,0.002044477
age_60,26,med_Q_16,-0.338408826
age_60,26,mig_Q_17,0.000320202
age_60,26,med_Q_17,-0.085331447
age_60,26,h_NQ_1,100
age_60,26,mig_NQ_2,-0.541925318
age_60,26,med_NQ_2,33.43195111
age_60,26,mig_NQ_3,0.006911375
age_60,26,med_NQ_3,-16.51266974
age_60,26,mig_NQ_4,0.007141162
age_60,26,med_NQ_4,-3.622214291
age_60,26,mig_NQ_5,0.004718945
age_60,26,med_NQ_5,-12.16236786
age_60,26,mig_NQ_6,0.003780519
age_60,26,med_NQ_6,-13.61788411
age_60,26,mig_NQ_7,0.004130989
age_60,26,med_NQ_7,-7.30206821
age_60,26,mig_NQ_8,0.005900403
age_60,26,med_NQ_8,-4.893905807
age_60,26,mig_NQ_9,0.007610647
age_60,26,med_NQ_9,-3.353706256
age_60,26,mig_NQ_10,0.008149046
age_60,26,med_NQ_10,-2.185799042
age_60,26,mig_NQ_11,0.008980118
age_60,26,med_NQ_11,-2.387411677
age_60,26,mig_NQ_12,0.013752123
age_60,26,med_NQ_12,-2.674750756
age_60,26,mig_NQ_13,0.016414273
age_60,26,med_NQ_13,-1.830300481
age_60,26,mig_NQ_14,0.018901187
age_60,26,med_NQ_14,-1.194397694
age_60,26,mig_NQ_15,0.016126908
age_60,26,med_NQ_15,-0.548946727
age_60,26,mig_NQ_16,0.006768983
age_60,26,med_NQ_16,-0.20696018
age_60,26,mig_NQ_17,0.001199464
age_60,26,med_NQ_17,-0.047986595
age_60,27,beta_Q_2,0.998855500007564
age_60,27,beta_Q_3,0.998500000009189
age_60,27,beta_Q_4,0.997760700011092
age_60,27,beta_Q_5,0.996471500016403
age_60,27,beta_Q_6,0.993847900026437
age_60,27,beta_Q_7,0.99001940004476
age_60,27,beta_Q_8,0.984195300066976
age_60,27,beta_Q_9,0.975226300158592
age_60,27,beta_Q_10,0.962119300161714
age_60,27,beta_Q_11,0.93756790014858
age_60,27,beta_Q_12,0.895856444026453
age_60,27,beta_Q_13,0.822341166340975
age_60,27,beta_Q_14,0.667730822348659
age_60,27,beta_Q_15,0.438449067544388
age_60,27,beta_Q_16,0.242116452619548
age_60,27,beta_Q_17,0.1445777199943
age_60,27,h_Q_2,873.743993
age_60,27,h_Q_3,666.66666671
age_60,27,h_Q_4,446.56812394164
age_60,27,h_Q_5,283.406546682399
age_60,27,h_Q_6,162.546122426868
age_60,27,h_Q_7,100.194377071122
age_60,27,h_Q_8,63.2723176860957
age_60,27,h_Q_9,40.36538753451
age_60,27,h_Q_10,26.3986673808408
age_60,27,h_Q_11,16.0174013402922
age_60,27,h_Q_12,9.60212628958624
age_60,27,h_Q_13,5.62876387663616
age_60,27,h_Q_14,3.00960336985728
age_60,27,h_Q_15,1.78078185914239
age_60,27,h_Q_16,1.31946383563364
age_60,27,h_Q_17,1.16901324789462
age_60,27,P_Q_1,0.289519968
age_60,27,P_Q_2,0.0745005049729924
age_60,27,P_Q_3,0.0742668261693571
age_60,27,P_Q_4,0.0746922350367189
age_60,27,P_Q_5,0.0796663673006478
age_60,27,P_Q_6,0.0806514297930284
age_60,27,P_Q_7,0.0788774303393698
age_60,27,P_Q_8,0.0799005174680123
age_60,27,P_Q_9,0.0816407079968005
age_60,27,P_Q_10,0.0787471050375768
age_60,27,P_Q_11,0.0718390878448502
age_60,27,P_Q_12,0.0635935884157816
age_60,27,P_Q_13,0.054137092360361
age_60,27,P_Q_14,0.0316116043293233
age_60,27,P_Q_15,0.015128792508552
age_60,27,P_Q_16,0.00544961920606913
age_60,27,P_Q_17,0.00114787593753255
age_60,27,L_Q,1.12811832304318
age_60,27,beta_NQ_2,0.993066100055541
age_60,27,beta_NQ_3,0.991006400066706
age_60,27,beta_NQ_4,0.989459300068996
age_60,27,beta_NQ_5,0.986023900088483
age_60,27,beta_NQ_6,0.979247300123177
age_60,27,beta_NQ_7,0.971109400161155
age_60,27,beta_NQ_8,0.960532100202879
age_60,27,beta_NQ_9,0.946569300260194
age_60,27,beta_NQ_10,0.928888700277789
age_60,27,beta_NQ_11,0.898215800026637
age_60,27,beta_NQ_12,0.836512758328164
age_60,27,beta_NQ_13,0.736642562623966
age_60,27,beta_NQ_14,0.554065978743354
age_60,27,beta_NQ_15,0.33112415392031
age_60,27,beta_NQ_16,0.170241314755186
age_60,27,beta_NQ_17,0.0985201055612787
age_60,27,h_NQ_2,144.2189821
age_60,27,h_NQ_3,111.1901796878
age_60,27,h_NQ_4,94.870359653464
age_60,27,h_NQ_5,71.5507187342994
age_60,27,h_NQ_6,48.1865010376574
age_60,27,h_NQ_7,34.613334438451
age_60,27,h_NQ_8,25.3370460500337
age_60,27,h_NQ_9,18.7158319073168
age_60,27,h_NQ_10,14.0624626435094
age_60,27,h_NQ_11,9.82470756885276
age_60,27,h_NQ_12,6.11668307678354
age_60,27,h_NQ_13,3.7971198827643
age_60,27,h_NQ_14,2.24248280003124
age_60,27,h_NQ_15,1.49504563893117
age_60,27,h_NQ_16,1.20516965082609
age_60,27,h_NQ_17,1.1092870753347
age_60,27,P_NQ_1,0.675546592
age_60,27,P_NQ_2,0.173834512306226
age_60,27,P_NQ_3,0.173289260890691
age_60,27,P_NQ_4,0.174281880020727
age_60,27,P_NQ_5,0.185888185593357
age_60,27,P_NQ_6,0.188186669414104
age_60,27,P_NQ_7,0.18404733286402
age_60,27,P_NQ_8,0.186434543291983
age_60,27,P_NQ_9,0.19049498673129
age_60,27,P_NQ_10,0.183743246614793
age_60,27,P_NQ_11,0.167624536812229
age_60,27,P_NQ_12,0.148385044114574
age_60,27,P_NQ_13,0.126319879342955
age_60,27,P_NQ_14,0.0737604109997068
age_60,27,P_NQ_15,0.0353004283328076
age_60,27,P_NQ_16,0.0127157638349148
age_60,27,P_NQ_17,0.00267837821210875
age_60,27,L_NQ,1.98744971560516
age_60,27,pi_Q,0.3
age_60,27,pi_NQ,0.7
age_60,27,y,5.47679282512646
age_60,27,nbar,6.92365578542843
age_60,27,Ptot,4.11790240409346
age_60,27,Pret,1.07218245390413
age_60,27,H,394.309425564707
age_60,27,cCheck,4.44089209850063e-16
age_60,27,shareq,0.3
age_60,27,A,1.413485914
age_60,27,A_Q,2
age_60,27,xpop,0.96506656
age_60,27,h_Q_1,100
age_60,27,mig_Q_2,-0.224729622
age_60,27,med_Q_2,775.743993
age_60,27,mig_Q_3,0.0023083
age_60,27,med_Q_3,-115.3314182
age_60,27,mig_Q_4,0.00227852
age_60,27,med_Q_4,-150.6651017
age_60,27,mig_Q_5,0.00102034
age_60,27,med_Q_5,-117.4606354
age_60,27,mig_Q_6,0.000213933
age_60,27,med_Q_6,-92.03900769
age_60,27,mig_Q_7,-9.01086e-05
age_60,27,med_Q_7,-45.87588569
age_60,27,mig_Q_8,7.38674e-05
age_60,27,med_Q_8,-26.73089667
age_60,27,mig_Q_9,0.000304293
age_60,27,med_Q_9,-16.44456005
age_60,27,mig_Q_10,0.00039172
age_60,27,med_Q_10,-9.81888925
age_60,27,mig_Q_11,0.000694364
age_60,27,med_Q_11,-7.689542169
age_60,27,mig_Q_12,0.001229976
age_60,27,med_Q_12,-5.209800026
age_60,27,mig_Q_13,0.002439204
age_60,27,med_Q_13,-3.547266078
age_60,27,mig_Q_14,0.004356357
age_60,27,med_Q_14,-2.373400098
age_60,27,mig_Q_15,0.00400038
age_60,27,med_Q_15,-1.067901344
age_60,27,mig_Q_16,0.002061773
age_60,27,med_Q_16,-0.386234609
age_60,27,mig_Q_17,0.000492601
age_60,27,med_Q_17,-0.103540661
age_60,27,h_NQ_1,100
age_60,27,mig_NQ_2,-0.519926256
age_60,27,med_NQ_2,46.2189821
age_60,27,mig_NQ_3,0.006768215
age_60,27,med_NQ_3,-17.6131324
age_60,27,mig_NQ_4,0.006857169
age_60,27,med_NQ_4,-4.527169608
age_60,27,mig_NQ_5,0.004488965
age_60,27,med_NQ_5,-13.3683482
age_60,27,mig_NQ_6,0.003519511
age_60,27,med_NQ_6,-15.89342887
age_60,27,mig_NQ_7,0.003644411
age_60,27,med_NQ_7,-8.570837238
age_60,27,mig_NQ_8,0.005074917
age_60,27,med_NQ_8,-5.694565024
age_60,27,mig_NQ_9,0.006809466
age_60,27,med_NQ_9,-4.012916711
age_60,27,mig_NQ_10,0.007806229
age_60,27,med_NQ_10,-2.739131105
age_60,27,mig_NQ_11,0.009005927
age_60,27,med_NQ_11,-2.824158616
age_60,27,mig_NQ_12,0.012755521
age_60,27,med_NQ_12,-2.98177994
age_60,27,mig_NQ_13,0.01853992
age_60,27,med_NQ_13,-2.054339039
age_60,27,mig_NQ_14,0.021261995
age_60,27,med_NQ_14,-1.398257825
age_60,27,mig_NQ_15,0.015785016
age_60,27,med_NQ_15,-0.64243073
age_60,27,mig_NQ_16,0.007177933
age_60,27,med_NQ_16,-0.235496446
age_60,27,mig_NQ_17,0.001639252
age_60,27,med_NQ_17,-0.058844347
age_60,28,beta_Q_2,0.998954400006745
age_60,28,beta_Q_3,0.998628400008118
age_60,28,beta_Q_4,0.997948100010028
age_60,28,beta_Q_5,0.996764500014024
age_60,28,beta_Q_6,0.994356500022895
age_60,28,beta_Q_7,0.990848200038915
age_60,28,beta_Q_8,0.985514700064329
age_60,28,beta_Q_9,0.977311000091688
age_60,28,beta_Q_10,0.96529880023085
age_60,28,beta_Q_11,0.942701900190087
age_60,28,beta_Q_12,0.901680100356031
age_60,28,beta_Q_13,0.826531958927594
age_60,28,beta_Q_14,0.674672166675233
age_60,28,beta_Q_15,0.449242389033339
age_60,28,beta_Q_16,0.254418166790466
age_60,28,beta_Q_17,0.155303123380905
age_60,28,h_Q_2,956.3886764
age_60,28,h_Q_3,729.07553224
age_60,28,h_Q_4,487.3531848758
age_60,28,h_Q_5,309.071240862807
age_60,28,h_Q_6,177.195003048751
age_60,28,h_Q_7,109.26812208833
age_60,28,h_Q_8,69.0355049396993
age_60,28,h_Q_9,44.0742209423738
age_60,28,h_Q_10,28.8174472838198
age_60,28,h_Q_11,17.452585673224
age_60,28,h_Q_12,10.1708810064864
age_60,28,h_Q_13,5.76474867179452
age_60,28,h_Q_14,3.07382182010343
age_60,28,h_Q_15,1.81568049646014
age_60,28,h_Q_16,1.34123429695954
age_60,28,h_Q_17,1.18385660192097
age_60,28,P_Q_1,0.281860557
age_60,28,P_Q_2,0.077317134398814
age_60,28,P_Q_3,0.0766877592162175
age_60,28,P_Q_4,0.0763752394663398
age_60,28,P_Q_5,0.075452958486617
age_60,28,P_Q_6,0.0793964318444837
age_60,28,P_Q_7,0.0797579128364461
age_60,28,P_Q_8,0.077723687321368
age_60,28,P_Q_9,0.0782046680310866
age_60,28,P_Q_10,0.0789124908425885
age_60,28,P_Q_11,0.0746124309128606
age_60,28,P_Q_12,0.0658339387787914
age_60,28,P_Q_13,0.0546869566696418
age_60,28,P_Q_14,0.0412453562013491
age_60,28,P_Q_15,0.0187525644417739
age_60,28,P_Q_16,0.0057310365745878
age_60,28,P_Q_17,0.00134795551965062
age_60,28,L_Q,1.11458412428481
age_60,28,beta_NQ_2,0.993680000050041
age_60,28,beta_NQ_3,0.991794400059189
age_60,28,beta_NQ_4,0.990370500062277
age_60,28,beta_NQ_5,0.987225200077893
age_60,28,beta_NQ_6,0.981019700111639
age_60,28,beta_NQ_7,0.973568900151684
age_60,28,beta_NQ_8,0.963873900189963
age_60,28,beta_NQ_9,0.951062700236185
age_60,28,beta_NQ_10,0.934786300283455
age_60,28,beta_NQ_11,0.906378300288754
age_60,28,beta_NQ_12,0.845147400050261
age_60,28,beta_NQ_13,0.742250658217589
age_60,28,beta_NQ_14,0.561476335445756
age_60,28,beta_NQ_15,0.340462424467105
age_60,28,beta_NQ_16,0.179566010817859
age_60,28,beta_NQ_17,0.106128807109109
age_60,28,h_NQ_2,158.2278481
age_60,28,h_NQ_3,121.867992588
age_60,28,h_NQ_4,103.847551798044
age_60,28,h_NQ_5,78.2791120003947
age_60,28,h_NQ_6,52.6862062296134
age_60,28,h_NQ_7,37.8342180279043
age_60,28,h_NQ_8,27.680818020682
age_60,28,h_NQ_9,20.434310838033
age_60,28,h_NQ_10,15.3342012471704
age_60,28,h_NQ_11,10.6812843576392
age_60,28,h_NQ_12,6.4577540204757
age_60,28,h_NQ_13,3.87973745724787
age_60,28,h_NQ_14,2.28037845910902
age_60,28,h_NQ_15,1.51621377903062
age_60,28,h_NQ_16,1.21886708315254
age_60,28,h_NQ_17,1.11872941280957
age_60,28,P_NQ_1,0.657674633
age_60,28,P_NQ_2,0.180406645523252
age_60,28,P_NQ_3,0.178938103247944
age_60,28,P_NQ_4,0.178208890790377
age_60,28,P_NQ_5,0.17605690105279
age_60,28,P_NQ_6,0.185258337867091
age_60,28,P_NQ_7,0.186101797653057
age_60,28,P_NQ_8,0.181355268172616
age_60,28,P_NQ_9,0.182477562188221
age_60,28,P_NQ_10,0.184129147634263
age_60,28,P_NQ_11,0.174095672257598
age_60,28,P_NQ_12,0.153612524652278
age_60,28,P_NQ_13,0.12760290115163
age_60,28,P_NQ_14,0.0962391315828965
age_60,28,P_NQ_15,0.0437559746850923
age_60,28,P_NQ_16,0.0133723923307984
age_60,28,P_NQ_17,0.00314522539530809
age_60,28,L_NQ,1.96377011762239
age_60,28,pi_Q,0.3
age_60,28,pi_NQ,0.7
age_60,28,y,5.61267035828942
age_60,28,nbar,6.92181943266322
age_60,28,Ptot,4.14633018772783
age_60,28,Pret,1.13707569963111
age_60,28,H,424.138885583085
age_60,28,cCheck,-1.33226762955019e-15
age_60,28,shareq,0.3
age_60,28,A,1.448823061
age_60,28,A_Q,2
age_60,28,xpop,0.93953519
age_60,28,h_Q_1,100
age_60,28,mig_Q_2,-0.211871478
age_60,28,med_Q_2,858.3886764
age_60,28,mig_Q_3,0.002299005
age_60,28,med_Q_3,-127.1935809
age_60,28,mig_Q_4,0.002274719
age_60,28,med_Q_4,-165.9801485
age_60,28,mig_Q_5,0.001024275
age_60,28,med_Q_5,-128.5655206
age_60,28,mig_Q_6,0.00022018
age_60,28,med_Q_6,-100.5434127
age_60,28,mig_Q_7,-8.85673e-05
age_60,28,med_Q_7,-50.02707789
age_60,28,mig_Q_8,9.28911e-05
age_60,28,med_Q_8,-29.15498459
age_60,28,mig_Q_9,0.000283582
age_60,28,med_Q_9,-17.93265039
age_60,28,mig_Q_10,0.00036439
age_60,28,med_Q_10,-10.7406325
age_60,28,mig_Q_11,0.000781673
age_60,28,med_Q_11,-8.41810836
age_60,28,mig_Q_12,0.001476429
age_60,28,med_Q_12,-5.526172307
age_60,28,mig_Q_13,0.002391331
age_60,28,med_Q_13,-3.645335092
age_60,28,mig_Q_14,0.005096351
age_60,28,med_Q_14,-2.442366779
age_60,28,mig_Q_15,0.004892486
age_60,28,med_Q_15,-1.133730806
age_60,28,mig_Q_16,0.002068107
age_60,28,med_Q_16,-0.403931925
age_60,28,mig_Q_17,0.000560062
age_60,28,med_Q_17,-0.109217957
age_60,28,h_NQ_1,100
age_60,28,mig_NQ_2,-0.490455774
age_60,28,med_NQ_2,60.2278481
age_60,28,mig_NQ_3,0.006666989
age_60,28,med_NQ_3,-19.46660987
age_60,28,mig_NQ_4,0.00674622
age_60,28,med_NQ_4,-5.118824296
age_60,28,mig_NQ_5,0.004210802
age_60,28,med_NQ_5,-14.69384046
age_60,28,mig_NQ_6,0.003227834
age_60,28,med_NQ_6,-17.43349813
age_60,28,mig_NQ_7,0.003351954
age_60,28,med_NQ_7,-9.388552989
age_60,28,mig_NQ_8,0.004571897
age_60,28,med_NQ_8,-6.240249729
age_60,28,mig_NQ_9,0.006004347
age_60,28,med_NQ_9,-4.395994291
age_60,28,mig_NQ_10,0.007180507
age_60,28,med_NQ_10,-3.007314022
age_60,28,mig_NQ_11,0.009054585
age_60,28,med_NQ_11,-3.099929033
age_60,28,mig_NQ_12,0.013392461
age_60,28,med_NQ_12,-3.170459397
age_60,28,mig_NQ_13,0.018296162
age_60,28,med_NQ_13,-2.114611958
age_60,28,mig_NQ_14,0.026249584
age_60,28,med_NQ_14,-1.440799026
age_60,28,mig_NQ_15,0.019332121
age_60,28,med_NQ_15,-0.681419365
age_60,28,mig_NQ_16,0.007362801
age_60,28,med_NQ_16,-0.246277643
age_60,28,mig_NQ_17,0.001892467
age_60,28,med_NQ_17,-0.062336845
age_60,29,beta_Q_2,0.999044400005905
age_60,29,beta_Q_3,0.998745300007217
age_60,29,beta_Q_4,0.99811910000893
age_60,29,beta_Q_5,0.997032000013439
age_60,29,beta_Q_6,0.9948210000196
age_60,29,beta_Q_7,0.991605100033018
age_60,29,beta_Q_8,0.986719100056478
age_60,29,beta_Q_9,0.979213400095598
age_60,29,beta_Q_10,0.968202200108787
age_60,29,beta_Q_11,0.947434800357186
age_60,29,beta_Q_12,0.909868200300914
age_60,29,beta_Q_13,0.835661400953156
age_60,29,beta_Q_14,0.681522067623461
age_60,29,beta_Q_15,0.457188922774912
age_60,29,beta_Q_16,0.265002645124233
age_60,29,beta_Q_17,0.166266739332475
age_60,29,h_Q_2,1046.4629552
age_60,29,h_Q_3,797.003267772
age_60,29,h_Q_4,531.6603753952
age_60,29,h_Q_5,336.927223778284
age_60,29,h_Q_6,193.087468545551
age_60,29,h_Q_7,119.119941817776
age_60,29,h_Q_8,75.2961018965637
age_60,29,h_Q_9,48.1079156609053
age_60,29,h_Q_10,31.4487165335264
age_60,29,h_Q_11,19.0239931071434
age_60,29,h_Q_12,11.0948632857595
age_60,29,h_Q_13,6.08499771635664
age_60,29,h_Q_14,3.13993430735863
age_60,29,h_Q_15,1.84226150870136
age_60,29,h_Q_16,1.36054905553093
age_60,29,h_Q_17,1.19942434502035
age_60,29,P_Q_1,0.2809735983
age_60,29,P_Q_2,0.0756185956035018
age_60,29,P_Q_3,0.0795123332179003
age_60,29,P_Q_4,0.0788072046038508
age_60,29,P_Q_5,0.0771549603801176
age_60,29,P_Q_6,0.0752484837171253
age_60,29,P_Q_7,0.0785825158826191
age_60,29,P_Q_8,0.078693732846767
age_60,29,P_Q_9,0.0762567875868598
age_60,29,P_Q_10,0.0758147102228599
age_60,29,P_Q_11,0.0751033000660411
age_60,29,P_Q_12,0.0688508241933155
age_60,29,P_Q_13,0.0571809353827538
age_60,29,P_Q_14,0.0419295415451818
age_60,29,P_Q_15,0.0244423203564251
age_60,29,P_Q_16,0.00731904806789621
age_60,29,P_Q_17,0.00149605388024369
age_60,29,L_Q,1.11204681187881
age_60,29,beta_NQ_2,0.994238100044601
age_60,29,beta_NQ_3,0.992511800052943
age_60,29,beta_NQ_4,0.991200900055157
age_60,29,beta_NQ_5,0.988321000070661
age_60,29,beta_NQ_6,0.982638100097602
age_60,29,beta_NQ_7,0.975817300135451
age_60,29,beta_NQ_8,0.966932700181637
age_60,29,beta_NQ_9,0.955183000222458
age_60,29,beta_NQ_10,0.940206400257566
age_60,29,beta_NQ_11,0.913966000301985
age_60,29,beta_NQ_12,0.857334000343112
age_60,29,beta_NQ_13,0.754398600126073
age_60,29,beta_NQ_14,0.568885938882203
age_60,29,beta_NQ_15,0.347110006176202
age_60,29,beta_NQ_16,0.187461704283178
age_60,29,beta_NQ_17,0.113957001962139
age_60,29,h_NQ_2,173.55386244
age_60,29,h_NQ_3,133.543441678
age_60,29,h_NQ_4,113.64798672324
age_60,29,h_NQ_5,85.6237691620831
age_60,29,h_NQ_6,57.5973827703868
age_60,29,h_NQ_7,41.3518755150211
age_60,29,h_NQ_8,30.2413562683462
age_60,29,h_NQ_9,22.3129615962684
age_60,29,h_NQ_10,16.7241979032724
age_60,29,h_NQ_11,11.623311712227
age_60,29,h_NQ_12,7.00937854548645
age_60,29,h_NQ_13,4.07163803006619
age_60,29,h_NQ_14,2.31957155410291
age_60,29,h_NQ_15,1.53165157792683
age_60,29,h_NQ_16,1.23071121245001
age_60,29,h_NQ_17,1.12861339248949
age_60,29,P_NQ_1,0.6556050627
age_60,29,P_NQ_2,0.17644339135235
age_60,29,P_NQ_3,0.185528778763424
age_60,29,P_NQ_4,0.183883475793862
age_60,29,P_NQ_5,0.180028240866189
age_60,29,P_NQ_6,0.175579793273393
age_60,29,P_NQ_7,0.183359202241193
age_60,29,P_NQ_8,0.183618711536215
age_60,29,P_NQ_9,0.177932500050306
age_60,29,P_NQ_10,0.176900993242671
age_60,29,P_NQ_11,0.17524103486636
age_60,29,P_NQ_12,0.160651922768511
age_60,29,P_NQ_13,0.133422181533619
age_60,29,P_NQ_14,0.0978355923308642
age_60,29,P_NQ_15,0.0570320570673217
age_60,29,P_NQ_16,0.0170777728236493
age_60,29,P_NQ_17,0.00349078704626264
age_60,29,L_NQ,1.95948245222
age_60,29,pi_Q,0.3
age_60,29,pi_NQ,0.7
age_60,29,y,5.80294180031553
age_60,29,nbar,7.0078417280295
age_60,29,Ptot,4.17661644410965
age_60,29,Pret,1.17378907539398
age_60,29,H,456.469489947597
age_60,29,cCheck,4.44089209850063e-16
age_60,29,shareq,0.3
age_60,29,A,1.485043638
age_60,29,A_Q,2
age_60,29,xpop,0.936578661
age_60,29,h_Q_1,100
age_60,29,mig_Q_2,-0.205947248
age_60,29,med_Q_2,948.4629552
age_60,29,mig_Q_3,0.002301247
age_60,29,med_Q_3,-140.2576351
age_60,29,mig_Q_4,0.002276801
age_60,29,med_Q_4,-182.8336462
age_60,29,mig_Q_5,0.001026833
age_60,29,med_Q_5,-140.6788974
age_60,29,mig_Q_6,0.000221344
age_60,29,med_Q_6,-109.8023475
age_60,29,mig_Q_7,-8.72957e-05
age_60,29,med_Q_7,-54.53116117
age_60,29,mig_Q_8,9.11373e-05
age_60,29,med_Q_8,-31.78665775
age_60,29,mig_Q_9,0.000296573
age_60,29,med_Q_9,-19.54687918
age_60,29,mig_Q_10,0.000323838
age_60,29,med_Q_10,-11.74401999
age_60,29,mig_Q_11,0.000712345
age_60,29,med_Q_11,-9.217105231
age_60,29,mig_Q_12,0.00157428
age_60,29,med_Q_12,-6.008670674
age_60,29,mig_Q_13,0.002767081
age_60,29,med_Q_13,-3.88246567
age_60,29,mig_Q_14,0.005033774
age_60,29,med_Q_14,-2.509519391
age_60,29,mig_Q_15,0.005913158
age_60,29,med_Q_15,-1.170083875
age_60,29,mig_Q_16,0.002548055
age_60,29,med_Q_16,-0.418817831
age_60,29,mig_Q_17,0.000606006
age_60,29,med_Q_17,-0.114985266
age_60,29,h_NQ_1,100
age_60,29,mig_NQ_2,-0.477074738
age_60,29,med_NQ_2,75.55386244
age_60,29,mig_NQ_3,0.006602478
age_60,29,med_NQ_3,-21.51984946
age_60,29,mig_NQ_4,0.006668457
age_60,29,med_NQ_4,-5.782646013
age_60,29,mig_NQ_5,0.004095933
age_60,29,med_NQ_5,-16.1468316
age_60,29,mig_NQ_6,0.002864505
age_60,29,med_NQ_6,-19.11614699
age_60,29,mig_NQ_7,0.002997446
age_60,29,med_NQ_7,-10.28060659
age_60,29,mig_NQ_8,0.004240046
age_60,29,med_NQ_8,-6.836177399
age_60,29,mig_NQ_9,0.005452269
age_60,29,med_NQ_9,-4.814240064
age_60,29,mig_NQ_10,0.006323468
age_60,29,med_NQ_10,-3.301426718
age_60,29,mig_NQ_11,0.008350371
age_60,29,med_NQ_11,-3.40420551
age_60,29,mig_NQ_12,0.013515418
age_60,29,med_NQ_12,-3.458280125
age_60,29,mig_NQ_13,0.019403184
age_60,29,med_NQ_13,-2.25696091
age_60,29,mig_NQ_14,0.026189583
age_60,29,med_NQ_14,-1.482571154
age_60,29,mig_NQ_15,0.024266249
age_60,29,med_NQ_15,-0.703119312
age_60,29,mig_NQ_16,0.009220687
age_60,29,med_NQ_16,-0.255178291
age_60,29,mig_NQ_17,0.002071591
age_60,29,med_NQ_17,-0.065876349
age_60,30,beta_Q_2,0.999126400005502
age_60,30,beta_Q_3,0.998851900006309
age_60,30,beta_Q_4,0.998275200007838
age_60,30,beta_Q_5,0.997276400011391
age_60,30,beta_Q_6,0.995245400020986
age_60,30,beta_Q_7,0.99229630002757
age_60,30,beta_Q_8,0.987818900046274
age_60,30,beta_Q_9,0.980949800081634
age_60,30,beta_Q_10,0.970853600122191
age_60,30,beta_Q_11,0.951765100113205
age_60,30,beta_Q_12,0.917429600723758
age_60,30,beta_Q_13,0.848286200025582
age_60,30,beta_Q_14,0.692823465951414
age_60,30,beta_Q_15,0.465064923564201
age_60,30,beta_Q_16,0.272945306709456
age_60,30,beta_Q_17,0.175687730710235
age_60,30,h_Q_2,1144.688645
age_60,30,h_Q_3,871.004267896
age_60,30,h_Q_4,579.77736551656
age_60,30,h_Q_5,367.161110287296
age_60,30,h_Q_6,210.322635002718
age_60,30,h_Q_7,129.80775463464
age_60,30,h_Q_8,82.0943920814207
age_60,30,h_Q_9,52.4928871886324
age_60,30,h_Q_10,34.3095545076872
age_60,30,h_Q_11,20.7318766728558
age_60,30,h_Q_12,12.1108775520006
age_60,30,h_Q_13,6.59135818804434
age_60,30,h_Q_14,3.25545104302951
age_60,30,h_Q_15,1.86938564521145
age_60,30,h_Q_16,1.37541232452734
age_60,30,h_Q_17,1.21313247442032
age_60,30,P_Q_1,0.2833521261
age_60,30,P_Q_2,0.0697199469311237
age_60,30,P_Q_3,0.0778295359521438
age_60,30,P_Q_4,0.0816417604710608
age_60,30,P_Q_5,0.0796015638216456
age_60,30,P_Q_6,0.0769779348418212
age_60,30,P_Q_7,0.0745318017236529
age_60,30,P_Q_8,0.0776285378518718
age_60,30,P_Q_9,0.0773485247070974
age_60,30,P_Q_10,0.0741589205148262
age_60,30,P_Q_11,0.0724341848441332
age_60,30,P_Q_12,0.0697571904677483
age_60,30,P_Q_13,0.0604866552021655
age_60,30,P_Q_14,0.0445467643106978
age_60,30,P_Q_15,0.0251025009314876
age_60,30,P_Q_16,0.00950757754742656
age_60,30,P_Q_17,0.00194407625726675
age_60,30,L_Q,1.10959785921071
age_60,30,beta_NQ_2,0.994745900040001
age_60,30,beta_NQ_3,0.993165000047692
age_60,30,beta_NQ_4,0.991957700049225
age_60,30,beta_NQ_5,0.989320400062073
age_60,30,beta_NQ_6,0.984115800090073
age_60,30,beta_NQ_7,0.977871800117743
age_60,30,beta_NQ_8,0.96973140016252
age_60,30,beta_NQ_9,0.958958900217457
age_60,30,beta_NQ_10,0.945184000244609
age_60,30,beta_NQ_11,0.920960100271997
age_60,30,beta_NQ_12,0.868733300402307
age_60,30,beta_NQ_13,0.771350100066914
age_60,30,beta_NQ_14,0.581376032066868
age_60,30,beta_NQ_15,0.353774709963348
age_60,30,beta_NQ_16,0.193102700841009
age_60,30,beta_NQ_17,0.120538499654745
age_60,30,h_NQ_2,190.32755372
age_60,30,h_NQ_3,146.3057790812
age_60,30,h_NQ_4,124.34253882244
age_60,30,h_NQ_5,93.6364657787752
age_60,30,h_NQ_6,62.9556414588415
age_60,30,h_NQ_7,45.1912039749791
age_60,30,h_NQ_8,33.0375372507207
age_60,30,h_NQ_9,24.3658186589793
age_60,30,h_NQ_10,18.242848800343
age_60,30,h_NQ_11,12.6518378652069
age_60,30,h_NQ_12,7.61807830798248
age_60,30,h_NQ_13,4.37349852057672
age_60,30,h_NQ_14,2.38877676446486
age_60,30,h_NQ_15,1.54744793202086
age_60,30,h_NQ_16,1.2393150883683
age_60,30,h_NQ_17,1.13705943520101
age_60,30,P_NQ_1,0.6611549609
age_60,30,P_NQ_2,0.16267987691847
age_60,30,P_NQ_3,0.181602249958567
age_60,30,P_NQ_4,0.19049743949644
age_60,30,P_NQ_5,0.185736980693059
age_60,30,P_NQ_6,0.179615179568666
age_60,30,P_NQ_7,0.173907534830383
age_60,30,P_NQ_8,0.181133252526228
age_60,30,P_NQ_9,0.180479892782144
age_60,30,P_NQ_10,0.173037479361127
age_60,30,P_NQ_11,0.169013103243453
age_60,30,P_NQ_12,0.162766777446243
age_60,30,P_NQ_13,0.141135526644127
age_60,30,P_NQ_14,0.103942444009465
age_60,30,P_NQ_15,0.0585724980582187
age_60,30,P_NQ_16,0.0221843366166156
age_60,30,P_NQ_17,0.00453617479117356
age_60,30,L_NQ,1.95499952151388
age_60,30,pi_Q,0.3
age_60,30,pi_NQ,0.7
age_60,30,y,6.00006206067967
age_60,30,nbar,7.09560639388461
age_60,30,Ptot,4.18856531032055
age_60,30,Pret,1.19312621024617
age_60,30,H,483.066192569273
age_60,30,cCheck,0
age_60,30,shareq,0.3
age_60,30,A,1.522169729
age_60,30,A_Q,2
age_60,30,xpop,0.944507087
age_60,30,h_Q_1,100
age_60,30,mig_Q_2,-0.210985153
age_60,30,med_Q_2,1046.688645
age_60,30,mig_Q_3,0.002305819
age_60,30,med_Q_3,-154.5294282
age_60,30,mig_Q_4,0.002278982
age_60,30,med_Q_4,-201.2858369
age_60,30,mig_Q_5,0.001028259
age_60,30,med_Q_5,-153.8660576
age_60,30,mig_Q_6,0.00022256
age_60,30,med_Q_6,-119.8660443
age_60,30,mig_Q_7,-8.49785e-05
age_60,30,med_Q_7,-59.41796454
age_60,30,mig_Q_8,8.96685e-05
age_60,30,med_Q_8,-34.6431509
age_60,30,mig_Q_9,0.000290567
age_60,30,med_Q_9,-21.29729267
age_60,30,mig_Q_10,0.000326931
age_60,30,med_Q_10,-12.83620284
age_60,30,mig_Q_11,0.00060469
age_60,30,med_Q_11,-10.08786553
age_60,30,mig_Q_12,0.001423086
age_60,30,med_Q_12,-6.532635693
age_60,30,mig_Q_13,0.002950679
age_60,30,med_Q_13,-4.281607832
age_60,30,mig_Q_14,0.005576695
age_60,30,med_Q_14,-2.707846719
age_60,30,mig_Q_15,0.005932779
age_60,30,med_Q_15,-1.207749976
age_60,30,mig_Q_16,0.003030298
age_60,30,med_Q_16,-0.430003954
age_60,30,mig_Q_17,0.000727162
age_60,30,med_Q_17,-0.1202056
age_60,30,h_NQ_1,100
age_60,30,mig_NQ_2,-0.489147655
age_60,30,med_NQ_2,92.32755372
age_60,30,mig_NQ_3,0.006480102
age_60,30,med_NQ_3,-23.77700611
age_60,30,mig_NQ_4,0.006601147
age_60,30,med_NQ_4,-6.530034022
age_60,30,mig_NQ_5,0.00400108
age_60,30,med_NQ_5,-17.73856121
age_60,30,mig_NQ_6,0.002712571
age_60,30,med_NQ_6,-20.95565232
age_60,30,mig_NQ_7,0.002573735
age_60,30,med_NQ_7,-11.25423114
age_60,30,mig_NQ_8,0.003837244
age_60,30,med_NQ_8,-7.487300754
age_60,30,mig_NQ_9,0.005090421
age_60,30,med_NQ_9,-5.270710484
age_60,30,mig_NQ_10,0.005744204
age_60,30,med_NQ_10,-3.623853564
age_60,30,mig_NQ_11,0.00733161
age_60,30,med_NQ_11,-3.73787608
age_60,30,mig_NQ_12,0.01252668
age_60,30,med_NQ_12,-3.77276717
age_60,30,mig_NQ_13,0.019939941
age_60,30,med_NQ_13,-2.495692454
age_60,30,mig_NQ_14,0.028040441
age_60,30,med_NQ_14,-1.601428505
age_60,30,mig_NQ_15,0.024612785
age_60,30,med_NQ_15,-0.725732191
age_60,30,mig_NQ_16,0.01149301
age_60,30,med_NQ_16,-0.261703458
age_60,30,mig_NQ_17,0.002590043
age_60,30,med_NQ_17,-0.069037553
age_60,31,beta_Q_2,0.999201100004965
age_60,31,beta_Q_3,0.99894900000589
age_60,31,beta_Q_4,0.9984177000069
age_60,31,beta_Q_5,0.997499600010505
age_60,31,beta_Q_6,0.995633400017744
age_60,31,beta_Q_7,0.992928000032689
age_60,31,beta_Q_8,0.988823400037651
age_60,31,beta_Q_9,0.9825352000666
age_60,31,beta_Q_10,0.973275500101007
age_60,31,beta_Q_11,0.955727200158588
age_60,31,beta_Q_12,0.924354500154249
age_60,31,beta_Q_13,0.860054901228694
age_60,31,beta_Q_14,0.706900998811492
age_60,31,beta_Q_15,0.475543192940749
age_60,31,beta_Q_16,0.280885408102888
age_60,31,beta_Q_17,0.182826800014415
age_60,31,h_Q_2,1251.721117
age_60,31,h_Q_3,951.4747862
age_60,31,h_Q_4,631.99140493808
age_60,31,h_Q_5,399.936010306229
age_60,31,h_Q_6,229.01112998155
age_60,31,h_Q_7,141.402715012664
age_60,31,h_Q_8,89.4726481319471
age_60,31,h_Q_9,57.2580275297922
age_60,31,h_Q_10,37.4188478448598
age_60,31,h_Q_11,22.5872318775334
age_60,31,h_Q_12,13.2195569743987
age_60,31,h_Q_13,7.14565930696054
age_60,31,h_Q_14,3.41181647128346
age_60,31,h_Q_15,1.90673441016892
age_60,31,h_Q_16,1.39059893430723
age_60,31,h_Q_17,1.22373077603679
age_60,31,P_Q_1,0.2832225447
age_60,31,P_Q_2,0.0661848316841979
age_60,31,P_Q_3,0.071951826460492
age_60,31,P_Q_4,0.0799783415691436
age_60,31,P_Q_5,0.0824493079731718
age_60,31,P_Q_6,0.0794453302279697
age_60,31,P_Q_7,0.0763018258273025
age_60,31,P_Q_8,0.0737128536971259
age_60,31,P_Q_9,0.0764340116864232
age_60,31,P_Q_10,0.0754065566760257
age_60,31,P_Q_11,0.0711528644080807
age_60,31,P_Q_12,0.067651708280304
age_60,31,P_Q_13,0.0619447060263469
age_60,31,P_Q_14,0.0479448471009724
age_60,31,P_Q_15,0.0272311485391872
age_60,31,P_Q_16,0.00990621281591927
age_60,31,P_Q_17,0.00253638572385895
age_60,31,L_Q,1.09939801028155
age_60,31,beta_NQ_2,0.995207700035668
age_60,31,beta_NQ_3,0.993759700042608
age_60,31,beta_NQ_4,0.992647600044338
age_60,31,beta_NQ_5,0.990231900055803
age_60,31,beta_NQ_6,0.985464900078365
age_60,31,beta_NQ_7,0.979749100110498
age_60,31,beta_NQ_8,0.97229120013987
age_60,31,beta_NQ_9,0.962417200193784
age_60,31,beta_NQ_10,0.949751900245191
age_60,31,beta_NQ_11,0.927400800261182
age_60,31,beta_NQ_12,0.879296200358413
age_60,31,beta_NQ_13,0.787429700165937
age_60,31,beta_NQ_14,0.59719125653519
age_60,31,beta_NQ_15,0.363096030026061
age_60,31,beta_NQ_16,0.198786506105067
age_60,31,beta_NQ_17,0.125249499392663
age_60,31,h_NQ_2,208.6680717
age_60,31,h_NQ_3,160.2487059956
age_60,31,h_NQ_4,136.010010339576
age_60,31,h_NQ_5,102.374054315991
age_60,31,h_NQ_6,68.7989762631997
age_60,31,h_NQ_7,49.3805213596646
age_60,31,h_NQ_8,36.0896177294795
age_60,31,h_NQ_9,26.6079163877063
age_60,31,h_NQ_10,19.9012500017997
age_60,31,h_NQ_11,13.7742564623362
age_60,31,h_NQ_12,8.28474330990278
age_60,31,h_NQ_13,4.70432604982283
age_60,31,h_NQ_14,2.48256186216518
age_60,31,h_NQ_15,1.57009533817557
age_60,31,h_NQ_16,1.24810678438044
age_60,31,h_NQ_17,1.14318311160093
age_60,31,P_NQ_1,0.6608526043
age_60,31,P_NQ_2,0.154431274646382
age_60,31,P_NQ_3,0.16788759696749
age_60,31,P_NQ_4,0.186616131192665
age_60,31,P_NQ_5,0.192381719053419
age_60,31,P_NQ_6,0.185372432361064
age_60,31,P_NQ_7,0.178037591973283
age_60,31,P_NQ_8,0.171996657249879
age_60,31,P_NQ_9,0.178346025635362
age_60,31,P_NQ_10,0.175948635023545
age_60,31,P_NQ_11,0.166023348343237
age_60,31,P_NQ_12,0.15785398799192
age_60,31,P_NQ_13,0.144537649070729
age_60,31,P_NQ_14,0.11187127646403
age_60,31,P_NQ_15,0.06353933998233
age_60,31,P_NQ_16,0.0231144955700468
age_60,31,P_NQ_17,0.00591822965160267
age_60,31,L_NQ,1.93647307274711
age_60,31,pi_Q,0.3
age_60,31,pi_NQ,0.7
age_60,31,y,6.15847559555824
age_60,31,nbar,7.10947515150502
age_60,31,Ptot,4.17818429887351
age_60,31,Pret,1.21258139166814
age_60,31,H,505.890719307676
age_60,31,cCheck,4.44089209850063e-16
age_60,31,shareq,0.3
age_60,31,A,1.560223972
age_60,31,A_Q,2
age_60,31,xpop,0.944075149
age_60,31,h_Q_1,100
age_60,31,mig_Q_2,-0.216919758
age_60,31,med_Q_2,1153.721117
age_60,31,mig_Q_3,0.002311925
age_60,31,med_Q_3,-170.3200859
age_60,31,mig_Q_4,0.002283046
age_60,31,med_Q_4,-221.5927776
age_60,31,mig_Q_5,0.001029907
age_60,31,med_Q_5,-168.2458079
age_60,31,mig_Q_6,0.00022224
age_60,31,med_Q_6,-130.8067581
age_60,31,mig_Q_7,-8.30941e-05
age_60,31,med_Q_7,-64.71346729
age_60,31,mig_Q_8,8.89313e-05
age_60,31,med_Q_8,-37.73895141
age_60,31,mig_Q_9,0.000284313
age_60,31,med_Q_9,-23.19447671
age_60,31,mig_Q_10,0.000312463
age_60,31,med_Q_10,-14.0241816
age_60,31,mig_Q_11,0.000570992
age_60,31,med_Q_11,-11.03613154
age_60,31,mig_Q_12,0.001198443
age_60,31,med_Q_12,-7.097682165
age_60,31,mig_Q_13,0.002770644
age_60,31,med_Q_13,-4.723000694
age_60,31,mig_Q_14,0.006038273
age_60,31,med_Q_14,-3.047714553
age_60,31,mig_Q_15,0.006514011
age_60,31,med_Q_15,-1.283607612
age_60,31,mig_Q_16,0.003054603
age_60,31,med_Q_16,-0.441398998
age_60,31,mig_Q_17,0.000866021
age_60,31,med_Q_17,-0.124173302
age_60,31,h_NQ_1,100
age_60,31,mig_NQ_2,-0.503249912
age_60,31,med_NQ_2,110.6680717
age_60,31,mig_NQ_3,0.006319637
age_60,31,med_NQ_3,-26.27229665
age_60,31,mig_NQ_4,0.006474381
age_60,31,med_NQ_4,-7.36965316
age_60,31,mig_NQ_5,0.003918716
age_60,31,med_NQ_5,-19.48163373
age_60,31,mig_NQ_6,0.002585735
age_60,31,med_NQ_6,-22.9647602
age_60,31,mig_NQ_7,0.002396973
age_60,31,med_NQ_7,-12.31600727
age_60,31,mig_NQ_8,0.00335306
age_60,31,med_NQ_8,-8.197762166
age_60,31,mig_NQ_9,0.004646681
age_60,31,med_NQ_9,-5.768870118
age_60,31,mig_NQ_10,0.005361928
age_60,31,med_NQ_10,-3.977252284
age_60,31,mig_NQ_11,0.006662734
age_60,31,med_NQ_11,-4.103735362
age_60,31,mig_NQ_12,0.011026677
age_60,31,med_NQ_12,-4.114057798
age_60,31,mig_NQ_13,0.018987479
age_60,31,med_NQ_13,-2.761390692
age_60,31,mig_NQ_14,0.029818464
age_60,31,med_NQ_14,-1.803466688
age_60,31,mig_NQ_15,0.026767132
age_60,31,med_NQ_15,-0.770905891
age_60,31,mig_NQ_16,0.011803988
age_60,31,med_NQ_16,-0.268392189
age_60,31,mig_NQ_17,0.003244163
age_60,31,med_NQ_17,-0.071345675
age_60,32,beta_Q_2,0.999269100004051
age_60,32,beta_Q_3,0.999037600005409
age_60,32,beta_Q_4,0.998547900006572
age_60,32,beta_Q_5,0.99770360000889
age_60,32,beta_Q_6,0.995988100016699
age_60,32,beta_Q_7,0.993505400026843
age_60,32,beta_Q_8,0.989741200050571
age_60,32,beta_Q_9,0.983982900051167
age_60,32,beta_Q_10,0.975488100082098
age_60,32,beta_Q_11,0.959352600108905
age_60,32,beta_Q_12,0.930694600282621
age_60,32,beta_Q_13,0.87094089970365
age_60,32,beta_Q_14,0.720448003460304
age_60,32,beta_Q_15,0.487967973946839
age_60,32,beta_Q_16,0.291303050042397
age_60,32,beta_Q_17,0.190079902031803
age_60,32,h_Q_2,1368.176221
age_60,32,h_Q_3,1039.06899466
age_60,32,h_Q_4,688.657806176
age_60,32,h_Q_5,435.464204839318
age_60,32,h_Q_6,249.258456200104
age_60,32,h_Q_7,153.974070801919
age_60,32,h_Q_8,97.4772878724105
age_60,32,h_Q_9,62.4332743593082
age_60,32,h_Q_10,40.7965110391964
age_60,32,h_Q_11,24.6018195179626
age_60,32,h_Q_12,14.4288900889828
age_60,32,h_Q_13,7.74838810391073
age_60,32,h_Q_14,3.57715205882133
age_60,32,h_Q_15,1.95300216085779
age_60,32,h_Q_16,1.41104029496554
age_60,32,h_Q_17,1.23468968862108
age_60,32,P_Q_1,0.2793091446
age_60,32,P_Q_2,0.0668246582104452
age_60,32,P_Q_3,0.0684317514264877
age_60,32,P_Q_4,0.07412651408598
age_60,32,P_Q_5,0.0808111477247242
age_60,32,P_Q_6,0.0823117918264391
age_60,32,P_Q_7,0.0787999932551945
age_60,32,P_Q_8,0.0755384868436339
age_60,32,P_Q_9,0.0727043294547856
age_60,32,P_Q_10,0.0746869129488298
age_60,32,P_Q_11,0.072595159285578
age_60,32,P_Q_12,0.0668715004144745
age_60,32,P_Q_13,0.0606186892829693
age_60,32,P_Q_14,0.0499259085611089
age_60,32,P_Q_15,0.0299110906754525
age_60,32,P_Q_16,0.01102520827054
age_60,32,P_Q_17,0.0027762241893963
age_60,32,L_Q,1.08670103979578
age_60,32,beta_NQ_2,0.995627800032365
age_60,32,beta_NQ_3,0.994301400037895
age_60,32,beta_NQ_4,0.993276500039549
age_60,32,beta_NQ_5,0.991063400050626
age_60,32,beta_NQ_6,0.98669650007128
age_60,32,beta_NQ_7,0.981464100096166
age_60,32,beta_NQ_8,0.974632000133309
age_60,32,beta_NQ_9,0.965583600165624
age_60,32,beta_NQ_10,0.953941300216055
age_60,32,beta_NQ_11,0.933326700278642
age_60,32,beta_NQ_12,0.889069100360612
age_60,32,beta_NQ_13,0.802548500099496
age_60,32,beta_NQ_14,0.612639979588461
age_60,32,beta_NQ_15,0.374459167163718
age_60,32,beta_NQ_16,0.206698508885527
age_60,32,beta_NQ_17,0.13006720557363
age_60,32,h_NQ_2,228.717808
age_60,32,h_NQ_3,175.481697256
age_60,32,h_NQ_4,148.732059198688
age_60,32,h_NQ_5,111.899380082784
age_60,32,h_NQ_6,75.1681888196714
age_60,32,h_NQ_7,53.9493631179357
age_60,32,h_NQ_8,39.4197414064713
age_60,32,h_NQ_9,29.0559151938899
age_60,32,h_NQ_10,21.7114247689522
age_60,32,h_NQ_11,14.9985076527637
age_60,32,h_NQ_12,9.01462081008943
age_60,32,h_NQ_13,5.06453483170472
age_60,32,h_NQ_14,2.58157119482637
age_60,32,h_NQ_15,1.59861649092188
age_60,32,h_NQ_16,1.26055478441206
age_60,32,h_NQ_17,1.14951408369283
age_60,32,P_NQ_1,0.6517213374
age_60,32,P_NQ_2,0.155924203387985
age_60,32,P_NQ_3,0.159674087169786
age_60,32,P_NQ_4,0.17296186720699
age_60,32,P_NQ_5,0.188559346171975
age_60,32,P_NQ_6,0.192060848543882
age_60,32,P_NQ_7,0.183866647791046
age_60,32,P_NQ_8,0.176256467969716
age_60,32,P_NQ_9,0.169643432313118
age_60,32,P_NQ_10,0.174269461748363
age_60,32,P_NQ_11,0.169388707925698
age_60,32,P_NQ_12,0.15603349836899
age_60,32,P_NQ_13,0.141443611434475
age_60,32,P_NQ_14,0.116493926265191
age_60,32,P_NQ_15,0.0697925173580372
age_60,32,P_NQ_16,0.0257254813953094
age_60,32,P_NQ_17,0.00647785499886228
age_60,32,L_NQ,1.91371981910523
age_60,32,pi_Q,0.3
age_60,32,pi_NQ,0.7
age_60,32,y,6.3014833172088
age_60,32,nbar,7.09185700603446
age_60,32,Ptot,4.15756180850546
age_60,32,Pret,1.22803575312327
age_60,32,H,533.167609229056
age_60,32,cCheck,0
age_60,32,shareq,0.3
age_60,32,A,1.599229571
age_60,32,A_Q,2
age_60,32,xpop,0.931030482
age_60,32,h_Q_1,100
age_60,32,mig_Q_2,-0.21617162
age_60,32,med_Q_2,1270.176221
age_60,32,mig_Q_3,0.00231648
age_60,32,med_Q_3,-187.6177
age_60,32,mig_Q_4,0.002288537
age_60,32,med_Q_4,-243.7874843
age_60,32,mig_Q_5,0.001032784
age_60,32,med_Q_5,-183.887372
age_60,32,mig_Q_6,0.000222507
age_60,32,med_Q_6,-142.6788339
age_60,32,mig_Q_7,-8.34996e-05
age_60,32,med_Q_7,-70.45683658
age_60,32,mig_Q_8,8.9456e-05
age_60,32,med_Q_8,-41.09737284
age_60,32,mig_Q_9,0.000278856
age_60,32,med_Q_9,-25.24992081
age_60,32,mig_Q_10,0.000295562
age_60,32,med_Q_10,-15.31635594
age_60,32,mig_Q_11,0.000527062
age_60,32,med_Q_11,-12.06865137
age_60,32,mig_Q_12,0.00110103
age_60,32,med_Q_12,-7.706597151
age_60,32,mig_Q_13,0.002434506
age_60,32,med_Q_13,-5.206777731
age_60,32,mig_Q_14,0.006137134
age_60,32,med_Q_14,-3.425594062
age_60,32,mig_Q_15,0.007111245
age_60,32,med_Q_15,-1.390577981
age_60,32,mig_Q_16,0.003376376
age_60,32,med_Q_16,-0.457559427
age_60,32,mig_Q_17,0.000965103
age_60,32,med_Q_17,-0.128097267
age_60,32,h_NQ_1,100
age_60,32,mig_NQ_2,-0.501761397
age_60,32,med_NQ_2,130.717808
age_60,32,mig_NQ_3,0.00620651
age_60,32,med_NQ_3,-29.01301301
age_60,32,mig_NQ_4,0.006308647
age_60,32,med_NQ_4,-8.311672677
age_60,32,mig_NQ_5,0.0037661
age_60,32,med_NQ_5,-21.39043005
age_60,32,mig_NQ_6,0.002475417
age_60,32,med_NQ_6,-25.15838441
age_60,32,mig_NQ_7,0.002248174
age_60,32,med_NQ_7,-13.47363362
age_60,32,mig_NQ_8,0.003152084
age_60,32,med_NQ_8,-8.973169526
age_60,32,mig_NQ_9,0.004110891
age_60,32,med_NQ_9,-6.311910181
age_60,32,mig_NQ_10,0.004884985
age_60,32,med_NQ_10,-4.364333291
age_60,32,mig_NQ_11,0.006213803
age_60,32,med_NQ_11,-4.504717349
age_60,32,mig_NQ_12,0.010049799
age_60,32,med_NQ_12,-4.484150523
age_60,32,mig_NQ_13,0.017144693
age_60,32,med_NQ_13,-3.054513612
age_60,32,mig_NQ_14,0.030177306
age_60,32,med_NQ_14,-2.028668334
age_60,32,mig_NQ_15,0.029172501
age_60,32,med_NQ_15,-0.834294134
age_60,32,mig_NQ_16,0.013094718
age_60,32,med_NQ_16,-0.278138647
age_60,32,mig_NQ_17,0.003582776
age_60,32,med_NQ_17,-0.073630565
age_60,33,beta_Q_2,0.999331100003848
age_60,33,beta_Q_3,0.99911830000427
age_60,33,beta_Q_4,0.998666800006164
age_60,33,beta_Q_5,0.997890200009164
age_60,33,beta_Q_6,0.996312500012747
age_60,33,beta_Q_7,0.994033200025952
age_60,33,beta_Q_8,0.990580000040723
age_60,33,beta_Q_9,0.985305400080463
age_60,33,beta_Q_10,0.977510000054601
age_60,33,beta_Q_11,0.962670300082601
age_60,33,beta_Q_12,0.936498500182189
age_60,33,beta_Q_13,0.88100390014641
age_60,33,beta_Q_14,0.733422297417913
age_60,33,beta_Q_15,0.500254993343758
age_60,33,beta_Q_16,0.303879367492908
age_60,33,beta_Q_17,0.199849538965479
age_60,33,h_Q_2,1494.991778
age_60,33,h_Q_3,1134.17262098
age_60,33,h_Q_4,750.0750079668
age_60,33,h_Q_5,473.97857645248
age_60,33,h_Q_6,271.186440642532
age_60,33,h_Q_7,167.594020346102
age_60,33,h_Q_8,106.157112565881
age_60,33,h_Q_9,68.0522097349623
age_60,33,h_Q_10,44.464206232122
age_60,33,h_Q_11,26.7883213184125
age_60,33,h_Q_12,15.7476594726033
age_60,33,h_Q_13,8.40363674620311
age_60,33,h_Q_14,3.75125147483252
age_60,33,h_Q_15,2.00101976264491
age_60,33,h_Q_16,1.43653247264063
age_60,33,h_Q_17,1.24976492106623
age_60,33,P_Q_1,0.2728829697
age_60,33,P_Q_2,0.0680530875473432
age_60,33,P_Q_3,0.0690791191597449
age_60,33,P_Q_4,0.070625268680691
age_60,33,P_Q_5,0.074993456959692
age_60,33,P_Q_6,0.0807093744825169
age_60,33,P_Q_7,0.0816939958654526
age_60,33,P_Q_8,0.0780791852883731
age_60,33,P_Q_9,0.0746060143498758
age_60,33,P_Q_10,0.0711997692075917
age_60,33,P_Q_11,0.0721264721315673
age_60,33,P_Q_12,0.0685634817537442
age_60,33,P_Q_13,0.0605398167355155
age_60,33,P_Q_14,0.0495108806662957
age_60,33,P_Q_15,0.0318012424480195
age_60,33,P_Q_16,0.012408367943854
age_60,33,P_Q_17,0.00319390850794446
age_60,33,L_Q,1.07653679550832
age_60,33,beta_NQ_2,0.996010100027693
age_60,33,beta_NQ_3,0.994794500034543
age_60,33,beta_NQ_4,0.993849800034964
age_60,33,beta_NQ_5,0.991821900044768
age_60,33,beta_NQ_6,0.987820900065339
age_60,33,beta_NQ_7,0.983030700088044
age_60,33,beta_NQ_8,0.976772100115308
age_60,33,beta_NQ_9,0.968481400160999
age_60,33,beta_NQ_10,0.957781700181515
age_60,33,beta_NQ_11,0.938775200242247
age_60,33,beta_NQ_12,0.898099100429958
age_60,33,beta_NQ_13,0.816738200140866
age_60,33,beta_NQ_14,0.627654083587172
age_60,33,beta_NQ_15,0.385817471492571
age_60,33,beta_NQ_16,0.216589118704366
age_60,33,beta_NQ_17,0.136997204856169
age_60,33,h_NQ_2,250.6328479
age_60,33,h_NQ_3,192.10450488
age_60,33,h_NQ_4,162.59633832788
age_60,33,h_NQ_5,122.277790684714
age_60,33,h_NQ_6,82.1078733311287
age_60,33,h_NQ_7,58.929949963278
age_60,33,h_NQ_8,43.051674915577
age_60,33,h_NQ_9,31.7272975323419
age_60,33,h_NQ_10,23.6864108600121
age_60,33,h_NQ_11,16.3332505785731
age_60,33,h_NQ_12,9.8134560187084
age_60,33,h_NQ_13,5.45667454688764
age_60,33,h_NQ_14,2.68566758207063
age_60,33,h_NQ_15,1.62818028292984
age_60,33,h_NQ_16,1.27646934510344
age_60,33,h_NQ_17,1.15874479372381
age_60,33,P_NQ_1,0.6367269293
age_60,33,P_NQ_2,0.158790539389713
age_60,33,P_NQ_3,0.161184611728467
age_60,33,P_NQ_4,0.164792293451015
age_60,33,P_NQ_5,0.174984735193265
age_60,33,P_NQ_6,0.188321875923617
age_60,33,P_NQ_7,0.190619324879827
age_60,33,P_NQ_8,0.182184762694394
age_60,33,P_NQ_9,0.174080699894675
age_60,33,P_NQ_10,0.166132794393891
age_60,33,P_NQ_11,0.168295099692934
age_60,33,P_NQ_12,0.159981460166747
age_60,33,P_NQ_13,0.14125957108131
age_60,33,P_NQ_14,0.115525530222135
age_60,33,P_NQ_15,0.074202938608895
age_60,33,P_NQ_16,0.0289528442692735
age_60,33,P_NQ_17,0.00745245247712429
age_60,33,L_NQ,1.89604598276624
age_60,33,pi_Q,0.3
age_60,33,pi_NQ,0.7
age_60,33,y,6.4642824585171
age_60,33,nbar,7.10011218510857
age_60,33,Ptot,4.1335548747955
age_60,33,Pret,1.23114663030684
age_60,33,H,567.527611829157
age_60,33,cCheck,0
age_60,33,shareq,0.3
age_60,33,A,1.639210311
age_60,33,A_Q,2
age_60,33,xpop,0.909609899
age_60,33,h_Q_1,100
age_60,33,mig_Q_2,-0.21105191
age_60,33,med_Q_2,1396.991778
age_60,33,mig_Q_3,0.002318773
age_60,33,med_Q_3,-206.6400756
age_60,33,mig_Q_4,0.002292887
age_60,33,med_Q_4,-268.2126068
age_60,33,mig_Q_5,0.001037167
age_60,33,med_Q_5,-200.9060736
age_60,33,mig_Q_6,0.000222433
age_60,33,med_Q_6,-155.5684801
age_60,33,mig_Q_7,-8.32138e-05
age_60,33,med_Q_7,-76.67926673
age_60,33,mig_Q_8,8.75854e-05
age_60,33,med_Q_8,-44.73747682
age_60,33,mig_Q_9,0.000277435
age_60,33,med_Q_9,-27.47553238
age_60,33,mig_Q_10,0.000277561
age_60,33,med_Q_10,-16.72040264
age_60,33,mig_Q_11,0.000475388
age_60,33,med_Q_11,-13.1922595
age_60,33,mig_Q_12,0.000999559
age_60,33,med_Q_12,-8.362123655
age_60,33,mig_Q_13,0.002298692
age_60,33,med_Q_13,-5.736675541
age_60,33,mig_Q_14,0.005838267
age_60,33,med_Q_14,-3.842168867
age_60,33,mig_Q_15,0.007438998
age_60,33,med_Q_15,-1.504589255
age_60,33,mig_Q_16,0.003695176
age_60,33,med_Q_16,-0.477409645
age_60,33,mig_Q_17,0.001098238
age_60,33,med_Q_17,-0.133054568
age_60,33,h_NQ_1,100
age_60,33,mig_NQ_2,-0.490081342
age_60,33,med_NQ_2,152.6328479
age_60,33,mig_NQ_3,0.006148958
age_60,33,med_NQ_3,-32.03894696
age_60,33,mig_NQ_4,0.006191775
age_60,33,med_NQ_4,-9.375724983
age_60,33,mig_NQ_5,0.003568559
age_60,33,med_NQ_5,-23.47962733
age_60,33,mig_NQ_6,0.002271029
age_60,33,med_NQ_6,-27.55351915
age_60,33,mig_NQ_7,0.002118497
age_60,33,med_NQ_7,-14.73487508
age_60,33,mig_NQ_8,0.002982444
age_60,33,med_NQ_8,-9.81870094
age_60,33,mig_NQ_9,0.003890345
age_60,33,med_NQ_9,-6.904049046
age_60,33,mig_NQ_10,0.004302918
age_60,33,med_NQ_10,-4.78838603
age_60,33,mig_NQ_11,0.005644758
age_60,33,med_NQ_11,-4.943945695
age_60,33,mig_NQ_12,0.009383194
age_60,33,med_NQ_12,-4.885081481
age_60,33,mig_NQ_13,0.016035121
age_60,33,med_NQ_13,-3.377653847
age_60,33,mig_NQ_14,0.028871519
age_60,33,med_NQ_14,-2.277576553
age_60,33,mig_NQ_15,0.03058072
age_60,33,med_NQ_15,-0.901759488
age_60,33,mig_NQ_16,0.014526835
age_60,33,med_NQ_16,-0.290174816
age_60,33,mig_NQ_17,0.004106411
age_60,33,med_NQ_17,-0.076598895
age_60,34,beta_Q_2,0.999387600003082
age_60,34,beta_Q_3,0.999192000004174
age_60,34,beta_Q_4,0.998775500004561
age_60,34,beta_Q_5,0.998060900008674
age_60,34,beta_Q_6,0.996609400015466
age_60,34,beta_Q_7,0.994516100018804
age_60,34,beta_Q_8,0.991347000040712
age_60,34,beta_Q_9,0.986513900063244
age_60,34,beta_Q_10,0.979358000120197
age_60,34,beta_Q_11,0.96570680003116
age_60,34,beta_Q_12,0.941810400130737
age_60,34,beta_Q_13,0.890301199915984
age_60,34,beta_Q_14,0.745840599275976
age_60,34,beta_Q_15,0.512354776424236
age_60,34,beta_Q_16,0.316518299435644
age_60,34,beta_Q_17,0.211702231823928
age_60,34,h_Q_2,1632.91966
age_60,34,h_Q_3,1237.62376284
age_60,34,h_Q_4,816.6598610604
age_60,34,h_Q_5,515.703161707464
age_60,34,h_Q_6,294.93305052343
age_60,34,h_Q_7,182.351975749681
age_60,34,h_Q_8,115.56685552918
age_60,34,h_Q_9,74.1504215845631
age_60,34,h_Q_10,48.4449182102631
age_60,34,h_Q_11,29.1602999174796
age_60,34,h_Q_12,17.1852014350442
age_60,34,h_Q_13,9.11586996915126
age_60,34,h_Q_14,3.93453870727905
age_60,34,h_Q_15,2.05067039033587
age_60,34,h_Q_16,1.46309679139201
age_60,34,h_Q_17,1.26855610818782
age_60,34,P_Q_1,0.2665561473
age_60,34,P_Q_2,0.0688999292826177
age_60,34,P_Q_3,0.0703138001403434
age_60,34,P_Q_4,0.071282195878507
age_60,34,P_Q_5,0.0715170524894757
age_60,34,P_Q_6,0.0749405245881091
age_60,34,P_Q_7,0.0801450424889491
age_60,34,P_Q_8,0.0810113898277268
age_60,34,P_Q_9,0.0772048378985171
age_60,34,P_Q_10,0.0731990330912207
age_60,34,P_Q_11,0.0689577981888842
age_60,34,P_Q_12,0.0684328579746452
age_60,34,P_Q_13,0.0625715878326659
age_60,34,P_Q_14,0.0503068294754212
age_60,34,P_Q_15,0.0320200662781614
age_60,34,P_Q_16,0.0135383444405928
age_60,34,P_Q_17,0.00375145061289325
age_60,34,L_Q,1.06497206158368
age_60,34,beta_NQ_2,0.996358100025542
age_60,34,beta_NQ_3,0.995243800029205
age_60,34,beta_NQ_4,0.994372700032295
age_60,34,beta_NQ_5,0.992514000039826
age_60,34,beta_NQ_6,0.988847600057919
age_60,34,beta_NQ_7,0.984461900081442
age_60,34,beta_NQ_8,0.978728200106791
age_60,34,beta_NQ_9,0.971132900138259
age_60,34,beta_NQ_10,0.961300700181115
age_60,34,beta_NQ_11,0.943781400192425
age_60,34,beta_NQ_12,0.906432000373016
age_60,34,beta_NQ_13,0.83003340034535
age_60,34,beta_NQ_14,0.642230985309805
age_60,34,beta_NQ_15,0.397119873183648
age_60,34,beta_NQ_16,0.226629921509611
age_60,34,beta_NQ_17,0.145706808057655
age_60,34,h_NQ_2,274.581949
age_60,34,h_NQ_3,210.251881712
age_60,34,h_NQ_4,177.7051161624
age_60,34,h_NQ_5,133.582687681322
age_60,34,h_NQ_6,89.6667981810199
age_60,34,h_NQ_7,64.3579330845062
age_60,34,h_NQ_8,47.0105961840124
age_60,34,h_NQ_9,34.6415123002654
age_60,34,h_NQ_10,25.8402606766951
age_60,34,h_NQ_11,17.7877072618119
age_60,34,h_NQ_12,10.6874145010016
age_60,34,h_NQ_13,5.88350888133423
age_60,34,h_NQ_14,2.79509181594989
age_60,34,h_NQ_15,1.65870432942921
age_60,34,h_NQ_16,1.29304197227125
age_60,34,h_NQ_17,1.17055830320137
age_60,34,P_NQ_1,0.6219643437
age_60,34,P_NQ_2,0.160766499542419
age_60,34,P_NQ_3,0.164065536242405
age_60,34,P_NQ_4,0.16632512613505
age_60,34,P_NQ_5,0.166873123603321
age_60,34,P_NQ_6,0.174861227616306
age_60,34,P_NQ_7,0.187005100531087
age_60,34,P_NQ_8,0.189026578285431
age_60,34,P_NQ_9,0.180144620062266
age_60,34,P_NQ_10,0.17079774271391
age_60,34,P_NQ_11,0.160901527323929
age_60,34,P_NQ_12,0.159676666640994
age_60,34,P_NQ_13,0.146000372832496
age_60,34,P_NQ_14,0.117382738634957
age_60,34,P_NQ_15,0.0747135279631427
age_60,34,P_NQ_16,0.0315894730785747
age_60,34,P_NQ_17,0.00875338073752642
age_60,34,L_NQ,1.87621312673989
age_60,34,pi_Q,0.3
age_60,34,pi_NQ,0.7
age_60,34,y,6.634374620046
age_60,34,nbar,7.11310487385352
age_60,34,Ptot,4.11549647343254
age_60,34,Pret,1.24259339782001
age_60,34,H,608.609148681408
age_60,34,cCheck,-4.44089209850063e-16
age_60,34,shareq,0.3
age_60,34,A,1.680190569
age_60,34,A_Q,2
age_60,34,xpop,0.888520491
age_60,34,h_Q_1,100
age_60,34,mig_Q_2,-0.203800509
age_60,34,med_Q_2,1534.91966
age_60,34,mig_Q_3,0.002320715
age_60,34,med_Q_3,-227.4681796
age_60,34,mig_Q_4,0.002295173
age_60,34,med_Q_4,-294.8293075
age_60,34,mig_Q_5,0.001040789
age_60,34,med_Q_5,-219.3703461
age_60,34,mig_Q_6,0.000223606
age_60,34,med_Q_6,-169.5659544
age_60,34,mig_Q_7,-8.27553e-05
age_60,34,med_Q_7,-83.41073608
age_60,34,mig_Q_8,8.69514e-05
age_60,34,med_Q_8,-48.67528441
age_60,34,mig_Q_9,0.000272995
age_60,34,med_Q_9,-29.88354873
age_60,34,mig_Q_10,0.000270908
age_60,34,med_Q_10,-18.24624733
age_60,34,mig_Q_11,0.000415895
age_60,34,med_Q_11,-14.41462219
age_60,34,mig_Q_12,0.000886525
age_60,34,med_Q_12,-9.067353457
age_60,34,mig_Q_13,0.002166893
age_60,34,med_Q_13,-6.316836314
age_60,34,mig_Q_14,0.005905578
age_60,34,med_Q_14,-4.301025304
age_60,34,mig_Q_15,0.007252001
age_60,34,med_Q_15,-1.625556055
age_60,34,mig_Q_16,0.003874603
age_60,34,med_Q_16,-0.497902576
age_60,34,mig_Q_17,0.001271644
age_60,34,med_Q_17,-0.139245715
age_60,34,h_NQ_1,100
age_60,34,mig_NQ_2,-0.473419953
age_60,34,med_NQ_2,176.581949
age_60,34,mig_NQ_3,0.006101581
age_60,34,med_NQ_3,-35.36830923
age_60,34,mig_NQ_4,0.006131832
age_60,34,med_NQ_4,-10.55729862
age_60,34,mig_NQ_5,0.003428518
age_60,34,med_NQ_5,-25.76172388
age_60,34,mig_NQ_6,0.002007649
age_60,34,med_NQ_6,-30.16543669
age_60,34,mig_NQ_7,0.001878915
age_60,34,med_NQ_7,-16.10778278
age_60,34,mig_NQ_8,0.00283494
age_60,34,med_NQ_8,-10.74075478
age_60,34,mig_NQ_9,0.003702066
age_60,34,med_NQ_9,-7.549129117
age_60,34,mig_NQ_10,0.004066434
age_60,34,med_NQ_10,-5.252490905
age_60,34,mig_NQ_11,0.00494018
age_60,34,med_NQ_11,-5.424975381
age_60,34,mig_NQ_12,0.008530989
age_60,34,med_NQ_12,-5.319171066
age_60,34,mig_NQ_13,0.015337403
age_60,34,med_NQ_13,-3.733678017
age_60,34,mig_NQ_14,0.028720592
age_60,34,med_NQ_14,-2.55244924
age_60,34,mig_NQ_15,0.03014176
age_60,34,med_NQ_15,-0.973249901
age_60,34,mig_NQ_16,0.015517924
age_60,34,med_NQ_16,-0.302574705
age_60,34,mig_NQ_17,0.004786922
age_60,34,med_NQ_17,-0.080381655
age_60,35,beta_Q_2,0.99943910000293
age_60,35,beta_Q_3,0.99925920000321
age_60,35,beta_Q_4,0.998875000004838
age_60,35,beta_Q_5,0.998217000005663
age_60,35,beta_Q_6,0.996881100014151
age_60,35,beta_Q_7,0.994957800025594
age_60,35,beta_Q_8,0.992048400026808
age_60,35,beta_Q_9,0.987618300065522
age_60,35,beta_Q_10,0.981047400091141
age_60,35,beta_Q_11,0.968486200199883
age_60,35,beta_Q_12,0.946671900020683
age_60,35,beta_Q_13,0.898886899824713
age_60,35,beta_Q_14,0.757719698206412
age_60,35,beta_Q_15,0.524262384130702
age_60,35,beta_Q_16,0.329157368970759
age_60,35,beta_Q_17,0.22375696978696
age_60,35,h_Q_2,1782.848993
age_60,35,h_Q_3,1349.8920083
age_60,35,h_Q_4,888.8888893832
age_60,35,h_Q_5,560.852495639192
age_60,35,h_Q_6,320.625862073315
age_60,35,h_Q_7,198.326127802962
age_60,35,h_Q_8,125.760853124688
age_60,35,h_Q_9,80.7643539485964
age_60,35,h_Q_10,52.7632093128719
age_60,35,h_Q_11,31.7321301360578
age_60,35,h_Q_12,18.75183994213
age_60,35,h_Q_13,9.88991530834334
age_60,35,h_Q_14,4.12745069476824
age_60,35,h_Q_15,2.10199819013347
age_60,35,h_Q_16,1.49066238152915
age_60,35,h_Q_17,1.28825625856417
age_60,35,P_Q_1,0.2625270279
age_60,35,P_Q_2,0.0686167203162151
age_60,35,P_Q_3,0.0711668861400449
age_60,35,P_Q_4,0.0725246548923922
age_60,35,P_Q_5,0.0721866565730973
age_60,35,P_Q_6,0.071500047772411
age_60,35,P_Q_7,0.0744493036467295
age_60,35,P_Q_8,0.0795372315395551
age_60,35,P_Q_9,0.0801893791284946
age_60,35,P_Q_10,0.0758730366438957
age_60,35,P_Q_11,0.0710834880118977
age_60,35,P_Q_12,0.0657041245044077
age_60,35,P_Q_13,0.0629227495685068
age_60,35,P_Q_14,0.0526468205667649
age_60,35,P_Q_15,0.0333607233684916
age_60,35,P_Q_16,0.0138983629261803
age_60,35,P_Q_17,0.00431255073327455
age_60,35,L_Q,1.05302958881384
age_60,35,beta_NQ_2,0.996674600022679
age_60,35,beta_NQ_3,0.995652800027067
age_60,35,beta_NQ_4,0.994849500026568
age_60,35,beta_NQ_5,0.993145400037061
age_60,35,beta_NQ_6,0.98978510005142
age_60,35,beta_NQ_7,0.985769000073407
age_60,35,beta_NQ_8,0.980516300099409
age_60,35,beta_NQ_9,0.973558100129307
age_60,35,beta_NQ_10,0.964524000153219
age_60,35,beta_NQ_11,0.94837860020566
age_60,35,beta_NQ_12,0.914113700281407
age_60,35,beta_NQ_13,0.842470900251059
age_60,35,beta_NQ_14,0.656369384900565
age_60,35,beta_NQ_15,0.408358575984497
age_60,35,beta_NQ_16,0.236769321574473
age_60,35,beta_NQ_17,0.154645610028818
age_60,35,h_NQ_2,300.7157034
age_60,35,h_NQ_3,230.03312479
age_60,35,h_NQ_4,194.15590714776
age_60,35,h_NQ_5,145.887433289152
age_60,35,h_NQ_6,97.8962104376959
age_60,35,h_NQ_7,70.2691307773995
age_60,35,h_NQ_8,51.324953682816
age_60,35,h_NQ_9,37.8187649103322
age_60,35,h_NQ_10,28.1880707992601
age_60,35,h_NQ_11,19.3718109161612
age_60,35,h_NQ_12,11.6433004935756
age_60,35,h_NQ_13,6.34803347498161
age_60,35,h_NQ_14,2.91009325470755
age_60,35,h_NQ_15,1.69021273563089
age_60,35,h_NQ_16,1.31021982884063
age_60,35,h_NQ_17,1.18293581882582
age_60,35,P_NQ_1,0.6125630651
age_60,35,P_NQ_2,0.160105680772565
age_60,35,P_NQ_3,0.16605606792199
age_60,35,P_NQ_4,0.169224198255606
age_60,35,P_NQ_5,0.168435535247427
age_60,35,P_NQ_6,0.166833444789312
age_60,35,P_NQ_7,0.173715046389722
age_60,35,P_NQ_8,0.18558687345358
age_60,35,P_NQ_9,0.187108552173542
age_60,35,P_NQ_10,0.177037084399717
age_60,35,P_NQ_11,0.165861471768239
age_60,35,P_NQ_12,0.153309622275302
age_60,35,P_NQ_13,0.146819748567835
age_60,35,P_NQ_14,0.122842727299813
age_60,35,P_NQ_15,0.0778417302806632
age_60,35,P_NQ_16,0.0324295159779932
age_60,35,P_NQ_17,0.0100626172905023
age_60,35,L_NQ,1.8555594506735
age_60,35,pi_Q,0.3
age_60,35,pi_NQ,0.7
age_60,35,y,6.81357960246952
age_60,35,nbar,7.13305559189679
age_60,35,Ptot,4.10833274619617
age_60,35,Pret,1.26600637418349
age_60,35,H,653.94523096878
age_60,35,cCheck,4.44089209850063e-16
age_60,35,shareq,0.3
age_60,35,A,1.722195333
age_60,35,A_Q,2
age_60,35,xpop,0.875090093
age_60,35,h_Q_1,100
age_60,35,mig_Q_2,-0.197776188
age_60,35,med_Q_2,1684.848993
age_60,35,mig_Q_3,0.002322628
age_60,35,med_Q_3,-250.3692585
age_60,35,mig_Q_4,0.002296954
age_60,35,med_Q_4,-323.9823982
age_60,35,mig_Q_5,0.001042684
age_60,35,med_Q_5,-239.4741682
age_60,35,mig_Q_6,0.000225481
age_60,35,med_Q_6,-184.7632364
age_60,35,mig_Q_7,-8.02546e-05
age_60,35,med_Q_7,-90.70826171
age_60,35,mig_Q_8,8.56841e-05
age_60,35,med_Q_8,-52.94408311
age_60,35,mig_Q_9,0.000270517
age_60,35,med_Q_9,-32.49116447
age_60,35,mig_Q_10,0.000261861
age_60,35,med_Q_10,-19.90420384
age_60,35,mig_Q_11,0.000394684
age_60,35,med_Q_11,-15.74388971
age_60,35,mig_Q_12,0.000758953
age_60,35,med_Q_12,-9.825253977
age_60,35,mig_Q_13,0.001996894
age_60,35,med_Q_13,-6.951582098
age_60,35,mig_Q_14,0.00597839
age_60,35,med_Q_14,-4.806101875
age_60,35,mig_Q_15,0.007585779
age_60,35,med_Q_15,-1.753849743
age_60,35,mig_Q_16,0.003763426
age_60,35,med_Q_16,-0.518994601
age_60,35,mig_Q_17,0.001446453
age_60,35,med_Q_17,-0.145578597
age_60,35,h_NQ_1,100
age_60,35,mig_NQ_2,-0.459593531
age_60,35,med_NQ_2,202.7157034
age_60,35,mig_NQ_3,0.006054206
age_60,35,med_NQ_3,-39.05718523
age_60,35,mig_NQ_4,0.006081908
age_60,35,med_NQ_4,-11.89093693
age_60,35,mig_NQ_5,0.003355519
age_60,35,med_NQ_5,-28.26358055
age_60,35,mig_NQ_6,0.001821357
age_60,35,med_NQ_6,-33.01482349
age_60,35,mig_NQ_7,0.00157083
age_60,35,med_NQ_7,-17.60433144
age_60,35,mig_NQ_8,0.002559708
age_60,35,med_NQ_8,-11.74582074
age_60,35,mig_NQ_9,0.003538623
age_60,35,med_NQ_9,-8.25161935
age_60,35,mig_NQ_10,0.003863935
age_60,35,med_NQ_10,-5.760611255
age_60,35,mig_NQ_11,0.004665739
age_60,35,med_NQ_11,-5.951644547
age_60,35,mig_NQ_12,0.007463329
age_60,35,med_NQ_12,-5.788652623
age_60,35,mig_NQ_13,0.014282782
age_60,35,med_NQ_13,-4.125632736
age_60,35,mig_NQ_14,0.029076764
age_60,35,med_NQ_14,-2.855745449
age_60,35,mig_NQ_15,0.031226712
age_60,35,med_NQ_15,-1.048977244
age_60,35,mig_NQ_16,0.015497195
age_60,35,med_NQ_16,-0.315310414
age_60,35,mig_NQ_17,0.005459816
age_60,35,med_NQ_17,-0.084245314
age_60,36,beta_Q_2,0.999486100002423
age_60,36,beta_Q_3,0.999320600003142
age_60,36,beta_Q_4,0.998965900003381
age_60,36,beta_Q_5,0.998359900006839
age_60,36,beta_Q_6,0.997129900007867
age_60,36,beta_Q_7,0.995362200023692
age_60,36,beta_Q_8,0.992690100042264
age_60,36,beta_Q_9,0.988628000039784
age_60,36,beta_Q_10,0.982592400098441
age_60,36,beta_Q_11,0.971031100136121
age_60,36,beta_Q_12,0.951120700425128
age_60,36,beta_Q_13,0.906811999552915
age_60,36,beta_Q_14,0.769077097730359
age_60,36,beta_Q_15,0.535973181667229
age_60,36,beta_Q_16,0.341780584233152
age_60,36,beta_Q_17,0.235953329672189
age_60,36,h_Q_2,1945.903872
age_60,36,h_Q_3,1471.88695934
age_60,36,h_Q_4,967.024465434
age_60,36,h_Q_5,609.718920095536
age_60,36,h_Q_6,348.419915526408
age_60,36,h_Q_7,215.619475131848
age_60,36,h_Q_8,136.800777336902
age_60,36,h_Q_9,87.9352796021941
age_60,36,h_Q_10,57.4461730396245
age_60,36,h_Q_11,34.5197781466144
age_60,36,h_Q_12,20.4585582033367
age_60,36,h_Q_13,10.7309953262874
age_60,36,h_Q_14,4.33044964417647
age_60,36,h_Q_15,2.15504698187287
age_60,36,h_Q_16,1.5192500263308
age_60,36,h_Q_17,1.30882048689857
age_60,36,P_Q_1,0.2611496442
age_60,36,P_Q_2,0.0667486674908202
age_60,36,P_Q_3,0.0708905500500251
age_60,36,P_Q_4,0.0733855463934816
age_60,36,P_Q_5,0.0734394104331298
age_60,36,P_Q_6,0.0721877926109329
age_60,36,P_Q_7,0.0710624787333629
age_60,36,P_Q_8,0.073943785665848
age_60,36,P_Q_9,0.0788189434050132
age_60,36,P_Q_10,0.0789253739089324
age_60,36,P_Q_11,0.073853758956873
age_60,36,P_Q_12,0.0680017496563207
age_60,36,P_Q_13,0.060835200781464
age_60,36,P_Q_14,0.0535830688133666
age_60,36,P_Q_15,0.0354778056672334
age_60,36,P_Q_16,0.014956384930934
age_60,36,P_Q_17,0.00467479957336152
age_60,36,L_Q,1.03931764222971
age_60,36,beta_NQ_2,0.996962800020183
age_60,36,beta_NQ_3,0.996025900024401
age_60,36,beta_NQ_4,0.99528450002507
age_60,36,beta_NQ_5,0.99372170002992
age_60,36,beta_NQ_6,0.990640900048467
age_60,36,beta_NQ_7,0.986963100063995
age_60,36,beta_NQ_8,0.982150400089985
age_60,36,beta_NQ_9,0.975776100121519
age_60,36,beta_NQ_10,0.967475600144764
age_60,36,beta_NQ_11,0.952598600166567
age_60,36,beta_NQ_12,0.921187900336114
age_60,36,beta_NQ_13,0.854089100044522
age_60,36,beta_NQ_14,0.670069880789206
age_60,36,beta_NQ_15,0.419525880663102
age_60,36,beta_NQ_16,0.246996423724605
age_60,36,beta_NQ_17,0.16376980933831
age_60,36,h_NQ_2,329.2506256
age_60,36,h_NQ_3,251.629299742
age_60,36,h_NQ_4,212.0665889242
age_60,36,h_NQ_5,159.278785614805
age_60,36,h_NQ_6,106.847880703369
age_60,36,h_NQ_7,76.705351728942
age_60,36,h_NQ_8,56.0236644018515
age_60,36,h_NQ_9,41.2815442631597
age_60,36,h_NQ_10,30.7461475031255
age_60,36,h_NQ_11,21.0964233032749
age_60,36,h_NQ_12,12.6884069838379
age_60,36,h_NQ_13,6.85349757070412
age_60,36,h_NQ_14,3.03093585348198
age_60,36,h_NQ_15,1.7227294546134
age_60,36,h_NQ_16,1.32801489591828
age_60,36,h_NQ_17,1.19584295926382
age_60,36,P_NQ_1,0.6093491698
age_60,36,P_NQ_2,0.155746889897208
age_60,36,P_NQ_3,0.165411282361445
age_60,36,P_NQ_4,0.17123294114857
age_60,36,P_NQ_5,0.171358627072515
age_60,36,P_NQ_6,0.168438185107089
age_60,36,P_NQ_7,0.165812450048762
age_60,36,P_NQ_8,0.172535503557647
age_60,36,P_NQ_9,0.183910868928406
age_60,36,P_NQ_10,0.184159208205302
age_60,36,P_NQ_11,0.172325434287495
age_60,36,P_NQ_12,0.158670750692186
age_60,36,P_NQ_13,0.141948799495424
age_60,36,P_NQ_14,0.125027304058726
age_60,36,P_NQ_15,0.0827815931902036
age_60,36,P_NQ_16,0.0348982366687357
age_60,36,P_NQ_17,0.0109078622813561
age_60,36,L_NQ,1.83130058200543
age_60,36,pi_Q,0.3
age_60,36,pi_NQ,0.7
age_60,36,y,6.98996867781415
age_60,36,nbar,7.1418840458689
age_60,36,Ptot,4.10645006807217
age_60,36,Pret,1.30102733116791
age_60,36,H,699.025744112581
age_60,36,cCheck,0
age_60,36,shareq,0.3
age_60,36,A,1.765250216
age_60,36,A_Q,2
age_60,36,xpop,0.870498814
age_60,36,h_Q_1,100
age_60,36,mig_Q_2,-0.195631109
age_60,36,med_Q_2,1847.903872
age_60,36,mig_Q_3,0.002324661
age_60,36,med_Q_3,-275.3050538
age_60,36,mig_Q_4,0.002298723
age_60,36,med_Q_4,-355.8697027
age_60,36,mig_Q_5,0.001044067
age_60,36,med_Q_5,-261.3921915
age_60,36,mig_Q_6,0.000226279
age_60,36,med_Q_6,-201.2155302
age_60,36,mig_Q_7,-7.70515e-05
age_60,36,med_Q_7,-98.5938697
age_60,36,mig_Q_8,8.64731e-05
age_60,36,med_Q_8,-57.55882791
age_60,36,mig_Q_9,0.000266518
age_60,36,med_Q_9,-35.31035646
age_60,36,mig_Q_10,0.000255792
age_60,36,med_Q_10,-21.70289383
age_60,36,mig_Q_11,0.00037177
age_60,36,med_Q_11,-17.18816698
age_60,36,mig_Q_12,0.000709009
age_60,36,med_Q_12,-10.63892933
age_60,36,mig_Q_13,0.001774624
age_60,36,med_Q_13,-7.645807817
age_60,36,mig_Q_14,0.005905262
age_60,36,med_Q_14,-5.361667358
age_60,36,mig_Q_15,0.007877058
age_60,36,med_Q_15,-1.889854699
age_60,36,mig_Q_16,0.003975457
age_60,36,med_Q_16,-0.5407082
age_60,36,mig_Q_17,0.001564944
age_60,36,med_Q_17,-0.152028647
age_60,36,h_NQ_1,100
age_60,36,mig_NQ_2,-0.454779158
age_60,36,med_NQ_2,231.2506256
age_60,36,mig_NQ_3,0.006001613
age_60,36,med_NQ_3,-43.07208959
age_60,36,mig_NQ_4,0.006032145
age_60,36,med_NQ_4,-13.36587337
age_60,36,mig_NQ_5,0.003294393
age_60,36,med_NQ_5,-30.99400339
age_60,36,mig_NQ_6,0.001723202
age_60,36,med_NQ_6,-36.12180392
age_60,36,mig_NQ_7,0.001353212
age_60,36,med_NQ_7,-19.2329345
age_60,36,mig_NQ_8,0.002205069
age_60,36,med_NQ_8,-12.84008376
age_60,36,mig_NQ_9,0.003231265
age_60,36,med_NQ_9,-9.016910346
age_60,36,mig_NQ_10,0.003688519
age_60,36,med_NQ_10,-6.316242109
age_60,36,mig_NQ_11,0.004427252
age_60,36,med_NQ_11,-6.52788608
age_60,36,mig_NQ_12,0.007054507
age_60,36,med_NQ_12,-6.295967714
age_60,36,mig_NQ_13,0.012789904
age_60,36,med_NQ_13,-4.556936913
age_60,36,mig_NQ_14,0.028659316
age_60,36,med_NQ_14,-3.190136952
age_60,36,mig_NQ_15,0.032617712
age_60,36,med_NQ_15,-1.129161935
age_60,36,mig_NQ_16,0.016467703
age_60,36,med_NQ_16,-0.328393585
age_60,36,mig_NQ_17,0.00589278
age_60,36,med_NQ_17,-0.088172473
age_60,37,beta_Q_2,0.999529100000098
age_60,37,beta_Q_3,0.999376700002542
age_60,37,beta_Q_4,0.999049100003513
age_60,37,beta_Q_5,0.998490700004191
age_60,37,beta_Q_6,0.997357800011887
age_60,37,beta_Q_7,0.995732500010877
age_60,37,beta_Q_8,0.993277400039784
age_60,37,beta_Q_9,0.989551500072173
age_60,37,beta_Q_10,0.984005600052047
age_60,37,beta_Q_11,0.973361400165297
age_60,37,beta_Q_12,0.9551919002818
age_60,37,beta_Q_13,0.91412480082817
age_60,37,beta_Q_14,0.779930496193008
age_60,37,beta_Q_15,0.547483280799446
age_60,37,beta_Q_16,0.354373080785361
age_60,37,beta_Q_17,0.248270248045955
age_60,37,h_Q_2,2123.59312
age_60,37,h_Q_3,1604.36386936
age_60,37,h_Q_4,1051.6352931532
age_60,37,h_Q_5,662.55880182532
age_60,37,h_Q_6,378.472485593625
age_60,37,h_Q_7,234.32923241588
age_60,37,h_Q_8,148.751971339211
age_60,37,h_Q_9,95.7075181301644
age_60,37,h_Q_10,62.5218826301502
age_60,37,h_Q_11,37.539510438832
age_60,37,h_Q_12,22.3173935436821
age_60,37,h_Q_13,11.6448055652699
age_60,37,h_Q_14,4.54401896976164
age_60,37,h_Q_15,2.20986217529294
age_60,37,h_Q_16,1.54888190923541
age_60,37,h_Q_17,1.33026519880418
age_60,37,P_Q_1,0.2607247251
age_60,37,P_Q_2,0.0641955953984785
age_60,37,P_Q_3,0.0690302944463367
age_60,37,P_Q_4,0.0731178831324581
age_60,37,P_Q_5,0.0743106957593436
age_60,37,P_Q_6,0.0734553669818235
age_60,37,P_Q_7,0.0717773745680722
age_60,37,P_Q_8,0.0706319297230733
age_60,37,P_Q_9,0.0733678509381978
age_60,37,P_Q_10,0.0776918697735551
age_60,37,P_Q_11,0.0769930656554453
age_60,37,P_Q_12,0.0709007379480897
age_60,37,P_Q_13,0.0633811785789449
age_60,37,P_Q_14,0.052400454656852
age_60,37,P_Q_15,0.0366987868753942
age_60,37,P_Q_16,0.0162473891482573
age_60,37,P_Q_17,0.00526444182431283
age_60,37,L_Q,1.02620314904514
age_60,37,beta_NQ_2,0.997225200018129
age_60,37,beta_NQ_3,0.996365600021497
age_60,37,beta_NQ_4,0.995681300022457
age_60,37,beta_NQ_5,0.994247700028777
age_60,37,beta_NQ_6,0.991422800037442
age_60,37,beta_NQ_7,0.988053900061853
age_60,37,beta_NQ_8,0.98364380007684
age_60,37,beta_NQ_9,0.977804100110823
age_60,37,beta_NQ_10,0.970177700138194
age_60,37,beta_NQ_11,0.956470600161471
age_60,37,beta_NQ_12,0.927696900263621
age_60,37,beta_NQ_13,0.86492770024111
age_60,37,beta_NQ_14,0.68333417364961
age_60,37,beta_NQ_15,0.43061488215329
age_60,37,beta_NQ_16,0.25730062920761
age_60,37,beta_NQ_17,0.173067711307281
age_60,37,h_NQ_2,360.3863342
age_60,37,h_NQ_3,275.148580258
age_60,37,h_NQ_4,231.55116125716
age_60,37,h_NQ_5,173.843506095716
age_60,37,h_NQ_6,116.588163922509
age_60,37,h_NQ_7,83.7093277593015
age_60,37,h_NQ_8,61.1388953343631
age_60,37,h_NQ_9,45.0533657178145
age_60,37,h_NQ_10,33.5319542788965
age_60,37,h_NQ_11,22.972979177063
age_60,37,h_NQ_12,13.8306656192094
age_60,37,h_NQ_13,7.40344245316118
age_60,37,h_NQ_14,3.15789339829003
age_60,37,h_NQ_15,1.75628028341234
age_60,37,h_NQ_16,1.34643976052113
age_60,37,h_NQ_17,1.20928883499991
age_60,37,P_NQ_1,0.6083576919
age_60,37,P_NQ_2,0.149789721513782
age_60,37,P_NQ_3,0.161070686185868
age_60,37,P_NQ_4,0.170608392463616
age_60,37,P_NQ_5,0.17339162337928
age_60,37,P_NQ_6,0.171395862554186
age_60,37,P_NQ_7,0.167480542342446
age_60,37,P_NQ_8,0.164807837155293
age_60,37,P_NQ_9,0.171191656793983
age_60,37,P_NQ_10,0.181281031289654
age_60,37,P_NQ_11,0.179650487944154
age_60,37,P_NQ_12,0.165435052985807
age_60,37,P_NQ_13,0.147889416662077
age_60,37,P_NQ_14,0.122267865156069
age_60,37,P_NQ_15,0.0856305498421704
age_60,37,P_NQ_16,0.0379105774682054
age_60,37,P_NQ_17,0.0122836965654821
age_60,37,L_NQ,1.80779898146831
age_60,37,pi_Q,0.3
age_60,37,pi_NQ,0.7
age_60,37,y,7.16737019227298
age_60,37,nbar,7.14566126868582
age_60,37,Ptot,4.10063233271071
age_60,37,Pret,1.33192660237447
age_60,37,H,742.000155202481
age_60,37,cCheck,0
age_60,37,shareq,0.3
age_60,37,A,1.809381471
age_60,37,A_Q,2
age_60,37,xpop,0.869082417
age_60,37,h_Q_1,100
age_60,37,mig_Q_2,-0.196819844
age_60,37,med_Q_2,2025.59312
age_60,37,mig_Q_3,0.002326976
age_60,37,med_Q_3,-302.6219252
age_60,37,mig_Q_4,0.002300641
age_60,37,med_Q_4,-390.813927
age_60,37,mig_Q_5,0.001045509
age_60,37,med_Q_5,-285.1251743
age_60,37,mig_Q_6,0.000226735
age_60,37,med_Q_6,-219.0520561
age_60,37,mig_Q_7,-7.56255e-05
age_60,37,med_Q_7,-107.1222848
age_60,37,mig_Q_8,8.89106e-05
age_60,37,med_Q_8,-62.55511429
age_60,37,mig_Q_9,0.000264954
age_60,37,med_Q_9,-38.35724366
age_60,37,mig_Q_10,0.000244975
age_60,37,med_Q_10,-23.65469138
age_60,37,mig_Q_11,0.000354073
age_60,37,med_Q_11,-18.75773914
age_60,37,mig_Q_12,0.000656899
age_60,37,med_Q_12,-11.51198904
age_60,37,mig_Q_13,0.001716376
age_60,37,med_Q_13,-8.404581474
age_60,37,mig_Q_14,0.005613495
age_60,37,med_Q_14,-5.97235645
age_60,37,mig_Q_15,0.007979699
age_60,37,med_Q_15,-2.033978476
age_60,37,mig_Q_16,0.004121764
age_60,37,med_Q_16,-0.563064133
age_60,37,mig_Q_17,0.001735433
age_60,37,med_Q_17,-0.158599827
age_60,37,h_NQ_1,100
age_60,37,mig_NQ_2,-0.457708733
age_60,37,med_NQ_2,262.3863342
age_60,37,mig_NQ_3,0.00594275
age_60,37,med_NQ_3,-47.51703283
age_60,37,mig_NQ_4,0.005977107
age_60,37,med_NQ_4,-15.04555249
age_60,37,mig_NQ_5,0.003233734
age_60,37,med_NQ_5,-33.98175105
age_60,37,mig_NQ_6,0.001640998
age_60,37,med_NQ_6,-39.50504598
age_60,37,mig_NQ_7,0.001238269
age_60,37,med_NQ_7,-21.00159533
age_60,37,mig_NQ_8,0.001955073
age_60,37,med_NQ_8,-14.03234936
age_60,37,mig_NQ_9,0.002835636
age_60,37,med_NQ_9,-9.849825396
age_60,37,mig_NQ_10,0.003351753
age_60,37,med_NQ_10,-6.923959099
age_60,37,mig_NQ_11,0.004220684
age_60,37,med_NQ_11,-7.158245376
age_60,37,mig_NQ_12,0.006690948
age_60,37,med_NQ_12,-6.843829218
age_60,37,mig_NQ_13,0.012370458
age_60,37,med_NQ_13,-5.031196391
age_60,37,mig_NQ_14,0.02715225
age_60,37,med_NQ_14,-3.558534221
age_60,37,mig_NQ_15,0.03317836
age_60,37,med_NQ_15,-1.214036853
age_60,37,mig_NQ_16,0.01746382
age_60,37,med_NQ_16,-0.341835105
age_60,37,mig_NQ_17,0.006568419
age_60,37,med_NQ_17,-0.092165763
age_60,38,beta_Q_2,0.999568200000053
age_60,38,beta_Q_3,0.999427900002499
age_60,38,beta_Q_4,0.999125300002665
age_60,38,beta_Q_5,0.998610600004699
age_60,38,beta_Q_6,0.99756670000557
age_60,38,beta_Q_7,0.996071600020035
age_60,38,beta_Q_8,0.993815100014264
age_60,38,beta_Q_9,0.990396300068338
age_60,38,beta_Q_10,0.985298600117092
age_60,38,beta_Q_11,0.97549610006666
age_60,38,beta_Q_12,0.958917500358997
age_60,38,beta_Q_13,0.920870500447117
age_60,38,beta_Q_14,0.790297703474856
age_60,38,beta_Q_15,0.558789475281718
age_60,38,beta_Q_16,0.366920881115519
age_60,38,beta_Q_17,0.260687442821327
age_60,38,h_Q_2,2315.886985
age_60,38,h_Q_3,1747.9461637
age_60,38,h_Q_4,1143.2491136728
age_60,38,h_Q_5,719.735137690136
age_60,38,h_Q_6,410.964533488813
age_60,38,h_Q_7,254.556562981753
age_60,38,h_Q_8,161.684101447562
age_60,38,h_Q_9,104.126534932427
age_60,38,h_Q_10,68.0207330175611
age_60,38,h_Q_11,40.8098302475472
age_60,38,h_Q_12,24.3412646300554
age_60,38,h_Q_13,12.6375119628085
age_60,38,h_Q_14,4.76866499096452
age_60,38,h_Q_15,2.26649074036641
age_60,38,h_Q_16,1.57958115478708
age_60,38,h_Q_17,1.35260778505071
age_60,38,P_Q_1,0.2590967487
age_60,38,P_Q_2,0.0625289608269759
age_60,38,P_Q_3,0.0664847282840298
age_60,38,P_Q_4,0.0712673405395902
age_60,38,P_Q_5,0.0740544743117527
age_60,38,P_Q_6,0.0743415140398916
age_60,38,P_Q_7,0.0730670440040275
age_60,38,P_Q_8,0.0713847605926565
age_60,38,P_Q_9,0.0701604270104594
age_60,38,P_Q_10,0.0724293991869704
age_60,38,P_Q_11,0.0759404541442475
age_60,38,P_Q_12,0.0741563986919462
age_60,38,P_Q_13,0.0664655249553677
age_60,38,P_Q_14,0.0552148140583742
age_60,38,P_Q_15,0.036484166830916
age_60,38,P_Q_16,0.0171709811661188
age_60,38,P_Q_17,0.005974531333937
age_60,38,L_Q,1.01653763180379
age_60,38,beta_NQ_2,0.997464300015995
age_60,38,beta_NQ_3,0.996675100019245
age_60,38,beta_NQ_4,0.996043500019936
age_60,38,beta_NQ_5,0.994728000025726
age_60,38,beta_NQ_6,0.992136900037798
age_60,38,beta_NQ_7,0.989050400046141
age_60,38,beta_NQ_8,0.985008700077773
age_60,38,beta_NQ_9,0.979658700095401
age_60,38,beta_NQ_10,0.972651100127127
age_60,38,beta_NQ_11,0.960022400159869
age_60,38,beta_NQ_12,0.933681600270537
age_60,38,beta_NQ_13,0.875026600078505
age_60,38,beta_NQ_14,0.696164700086067
age_60,38,beta_NQ_15,0.441618881633693
age_60,38,beta_NQ_16,0.267671329732066
age_60,38,beta_NQ_17,0.182527816656613
age_60,38,h_NQ_2,394.368419
age_60,38,h_NQ_3,300.760925186
age_60,38,h_NQ_4,252.74864150284
age_60,38,h_NQ_5,189.681335382017
age_60,38,h_NQ_6,127.176304533802
age_60,38,h_NQ_7,91.3275370340585
age_60,38,h_NQ_8,66.7053558041155
age_60,38,h_NQ_9,49.1610663976759
age_60,38,h_NQ_10,36.5645419074582
age_60,38,h_NQ_11,25.0140078473186
age_60,38,h_NQ_12,15.0787714975217
age_60,38,h_NQ_13,8.00170275282522
age_60,38,h_NQ_14,3.29125681009796
age_60,38,h_NQ_15,1.79089123232423
age_60,38,h_NQ_16,1.3655070467441
age_60,38,h_NQ_17,1.22328319231071
age_60,38,P_NQ_1,0.6045590803
age_60,38,P_NQ_2,0.145900909987545
age_60,38,P_NQ_3,0.155131032753132
age_60,38,P_NQ_4,0.166290460217054
age_60,38,P_NQ_5,0.172793771812557
age_60,38,P_NQ_6,0.173463531753724
age_60,38,P_NQ_7,0.170489774451129
age_60,38,P_NQ_8,0.166564443108653
age_60,38,P_NQ_9,0.163707661900842
age_60,38,P_NQ_10,0.169001932871234
age_60,38,P_NQ_11,0.177194392795506
age_60,38,P_NQ_12,0.173031599796639
age_60,38,P_NQ_13,0.15508622291828
age_60,38,P_NQ_14,0.128834711326304
age_60,38,P_NQ_15,0.0851297693453152
age_60,38,P_NQ_16,0.040065629353784
age_60,38,P_NQ_17,0.0139405718767597
age_60,38,L_NQ,1.79048756096569
age_60,38,pi_Q,0.3
age_60,38,pi_NQ,0.7
age_60,38,y,7.35886666480462
age_60,38,nbar,7.16277531989491
age_60,38,Ptot,4.08740776524572
age_60,38,Pret,1.3461211006517
age_60,38,H,785.95316188164
age_60,38,cCheck,-1.33226762955019e-15
age_60,38,shareq,0.3
age_60,38,A,1.854616008
age_60,38,A_Q,2
age_60,38,xpop,0.863655829
age_60,38,h_Q_1,100
age_60,38,mig_Q_2,-0.198072989
age_60,38,med_Q_2,2217.886985
age_60,38,mig_Q_3,0.002329146
age_60,38,med_Q_3,-333.1750939
age_60,38,mig_Q_4,0.002302687
age_60,38,med_Q_4,-429.0274783
age_60,38,mig_Q_5,0.001046948
age_60,38,med_Q_5,-310.8674496
age_60,38,mig_Q_6,0.000227162
age_60,38,med_Q_6,-238.3430923
age_60,38,mig_Q_7,-7.48522e-05
age_60,38,med_Q_7,-116.3464729
age_60,38,mig_Q_8,8.99166e-05
age_60,38,med_Q_8,-67.95854632
age_60,38,mig_Q_9,0.000266495
age_60,38,med_Q_9,-41.65039698
age_60,38,mig_Q_10,0.000235023
age_60,38,med_Q_10,-25.77263475
age_60,38,mig_Q_11,0.000318187
age_60,38,med_Q_11,-20.46161473
age_60,38,mig_Q_12,0.000613246
age_60,38,med_Q_12,-12.4474556
age_60,38,mig_Q_13,0.001653402
age_60,38,med_Q_13,-9.23353371
age_60,38,mig_Q_14,0.0057819
age_60,38,med_Q_14,-6.643244463
age_60,38,mig_Q_15,0.007795794
age_60,38,med_Q_15,-2.18664785
age_60,38,mig_Q_16,0.004165919
age_60,38,med_Q_16,-0.586083777
age_60,38,mig_Q_17,0.001940788
age_60,38,med_Q_17,-0.165296486
age_60,38,h_NQ_1,100
age_60,38,mig_NQ_2,-0.460768711
age_60,38,med_NQ_2,296.368419
age_60,38,mig_NQ_3,0.005885707
age_60,38,med_NQ_3,-52.41768233
age_60,38,mig_NQ_4,0.00591539
age_60,38,med_NQ_4,-16.89696715
age_60,38,mig_NQ_5,0.00316677
age_60,38,med_NQ_5,-37.23880265
age_60,38,mig_NQ_6,0.001559123
age_60,38,med_NQ_6,-43.19033144
age_60,38,mig_NQ_7,0.001141424
age_60,38,med_NQ_7,-22.92886361
age_60,38,mig_NQ_8,0.001823246
age_60,38,med_NQ_8,-15.3297854
age_60,38,mig_NQ_9,0.002557883
age_60,38,med_NQ_9,-10.75505103
age_60,38,mig_NQ_10,0.002915605
age_60,38,med_NQ_10,-7.587756496
age_60,38,mig_NQ_11,0.003804416
age_60,38,med_NQ_11,-7.847307346
age_60,38,mig_NQ_12,0.006370399
age_60,38,med_NQ_12,-7.434748096
age_60,38,mig_NQ_13,0.011996863
age_60,38,med_NQ_13,-5.552349554
age_60,38,mig_NQ_14,0.027776819
age_60,38,med_NQ_14,-3.964116794
age_60,38,mig_NQ_15,0.032479407
age_60,38,med_NQ_15,-1.303844298
age_60,38,mig_NQ_16,0.018032835
age_60,38,med_NQ_16,-0.355647631
age_60,38,mig_NQ_17,0.007379475
age_60,38,med_NQ_17,-0.096227773
age_60,39,beta_Q_2,0.999603899999967
age_60,39,beta_Q_3,0.999474600002111
age_60,39,beta_Q_4,0.999195000002855
age_60,39,beta_Q_5,0.998720500003238
age_60,39,beta_Q_6,0.997758200007427
age_60,39,beta_Q_7,0.996382400006829
age_60,39,beta_Q_8,0.994307500034205
age_60,39,beta_Q_9,0.991169500019056
age_60,39,beta_Q_10,0.986482100112318
age_60,39,beta_Q_11,0.977451700220128
age_60,39,beta_Q_12,0.962326900128625
age_60,39,beta_Q_13,0.927091300713865
age_60,39,beta_Q_14,0.800196801424613
age_60,39,beta_Q_15,0.569889304973353
age_60,39,beta_Q_16,0.379410572850551
age_60,39,beta_Q_17,0.273184741856162
age_60,39,h_Q_2,2524.614996
age_60,39,h_Q_3,1903.3117627
age_60,39,h_Q_4,1242.236025326
age_60,39,h_Q_5,781.555294699344
age_60,39,h_Q_6,446.070122436333
age_60,39,h_Q_7,276.426359719037
age_60,39,h_Q_8,175.669741392118
age_60,39,h_Q_9,113.243870528611
age_60,39,h_Q_10,73.9759877537787
age_60,39,h_Q_11,44.3492416972099
age_60,39,h_Q_12,26.5441388925962
age_60,39,h_Q_13,13.7157843574543
age_60,39,h_Q_14,5.00492488155233
age_60,39,h_Q_15,2.32498184314523
age_60,39,h_Q_16,1.61137104855908
age_60,39,h_Q_17,1.37586532669134
age_60,39,P_Q_1,0.2555920764
age_60,39,P_Q_2,0.0623397977239251
age_60,39,P_Q_3,0.0648241100086431
age_60,39,P_Q_4,0.068731258092377
age_60,39,P_Q_5,0.0722168906969794
age_60,39,P_Q_6,0.0741017545598225
age_60,39,P_Q_7,0.0739753860376267
age_60,39,P_Q_8,0.0727052830446092
age_60,39,P_Q_9,0.0709660057722311
age_60,39,P_Q_10,0.0693600715170231
age_60,39,P_Q_11,0.070930743437061
age_60,39,P_Q_12,0.0733555624641289
age_60,39,P_Q_13,0.0698905029748084
age_60,39,P_Q_14,0.0584558887324778
age_60,39,P_Q_15,0.0390966439754565
age_60,39,P_Q_16,0.0174637696403653
age_60,39,P_Q_17,0.00663140917092868
age_60,39,L_Q,1.00811452014596
age_60,39,beta_NQ_2,0.997681800013747
age_60,39,beta_NQ_3,0.996957400016921
age_60,39,beta_NQ_4,0.996374000017807
age_60,39,beta_NQ_5,0.995166600022802
age_60,39,beta_NQ_6,0.992789300033518
age_60,39,beta_NQ_7,0.989960900047722
age_60,39,beta_NQ_8,0.986256200054668
age_60,39,beta_NQ_9,0.981354200099155
age_60,39,beta_NQ_10,0.974914800107839
age_60,39,beta_NQ_11,0.963279400148988
age_60,39,beta_NQ_12,0.939180200282435
age_60,39,beta_NQ_13,0.884425600157337
age_60,39,beta_NQ_14,0.708567599236426
age_60,39,beta_NQ_15,0.452531586785371
age_60,39,beta_NQ_16,0.278098627390911
age_60,39,beta_NQ_17,0.192138416242411
age_60,39,h_NQ_2,431.3691657
age_60,39,h_NQ_3,328.66627229
age_60,39,h_NQ_4,275.78599011228
age_60,39,h_NQ_5,206.893698042783
age_60,39,h_NQ_6,138.682790874376
age_60,39,h_NQ_7,99.6105228731256
age_60,39,h_NQ_8,72.7600808633773
age_60,39,h_NQ_9,53.6313808280332
age_60,39,h_NQ_10,39.8641429967224
age_60,39,h_NQ_11,27.2326704963091
age_60,39,h_NQ_12,16.4420139523722
age_60,39,h_NQ_13,8.65243513657131
age_60,39,h_NQ_14,3.43132746176872
age_60,39,h_NQ_15,1.826589110896
age_60,39,h_NQ_16,1.38523071767775
age_60,39,h_NQ_17,1.23783578780921
age_60,39,P_NQ_1,0.5963815116
age_60,39,P_NQ_2,0.145459527849753
age_60,39,P_NQ_3,0.151256257054735
age_60,39,P_NQ_4,0.160372934825137
age_60,39,P_NQ_5,0.168506076915068
age_60,39,P_NQ_6,0.172904092111949
age_60,39,P_NQ_7,0.172609231474437
age_60,39,P_NQ_8,0.169645664108659
age_60,39,P_NQ_9,0.165587347817938
age_60,39,P_NQ_10,0.161840165447094
age_60,39,P_NQ_11,0.165505071226699
age_60,39,P_NQ_12,0.171162979224274
age_60,39,P_NQ_13,0.163077841476197
age_60,39,P_NQ_14,0.136397072865385
age_60,39,P_NQ_15,0.0912255561315218
age_60,39,P_NQ_16,0.0407488005604446
age_60,39,P_NQ_17,0.0154732878489193
age_60,39,L_NQ,1.77563900830788
age_60,39,pi_Q,0.3
age_60,39,pi_NQ,0.7
age_60,39,y,7.5596768155762
age_60,39,nbar,7.18562915641731
age_60,39,Ptot,4.06879057278667
age_60,39,Pret,1.35061536669278
age_60,39,H,836.043352616406
age_60,39,cCheck,4.44089209850063e-16
age_60,39,shareq,0.3
age_60,39,A,1.900981408
age_60,39,A_Q,2
age_60,39,xpop,0.851973588
age_60,39,h_Q_1,100
age_60,39,mig_Q_2,-0.196645073
age_60,39,med_Q_2,2426.614996
age_60,39,mig_Q_3,0.002330922
age_60,39,med_Q_3,-366.2574826
age_60,39,mig_Q_4,0.002304684
age_60,39,med_Q_4,-470.7512151
age_60,39,mig_Q_5,0.001048569
age_60,39,med_Q_5,-338.8288367
age_60,39,mig_Q_6,0.000227477
age_60,39,med_Q_6,-259.2703125
age_60,39,mig_Q_7,-7.40848e-05
age_60,39,med_Q_7,-126.3188831
age_60,39,mig_Q_8,9.01514e-05
age_60,39,med_Q_8,-73.79569033
age_60,39,mig_Q_9,0.000266803
age_60,39,med_Q_9,-45.20654889
age_60,39,mig_Q_10,0.000231101
age_60,39,med_Q_10,-28.06801648
age_60,39,mig_Q_11,0.000276147
age_60,39,med_Q_11,-22.31107666
age_60,39,mig_Q_12,0.000534932
age_60,39,med_Q_12,-13.44949475
age_60,39,mig_Q_13,0.001602063
age_60,39,med_Q_13,-10.13865498
age_60,39,mig_Q_14,0.005928337
age_60,39,med_Q_14,-7.379836842
age_60,39,mig_Q_15,0.008243187
age_60,39,med_Q_15,-2.348309848
age_60,39,mig_Q_16,0.004076967
age_60,39,med_Q_16,-0.609789877
age_60,39,mig_Q_17,0.00215515
age_60,39,med_Q_17,-0.172124205
age_60,39,h_NQ_1,100
age_60,39,mig_NQ_2,-0.457566572
age_60,39,med_NQ_2,333.3691657
age_60,39,mig_NQ_3,0.005840453
age_60,39,med_NQ_3,-57.81477833
age_60,39,mig_NQ_4,0.005855678
age_60,39,med_NQ_4,-18.95971657
age_60,39,mig_NQ_5,0.0030923
age_60,39,med_NQ_5,-40.79997063
age_60,39,mig_NQ_6,0.001469015
age_60,39,med_NQ_6,-47.2049178
age_60,39,mig_NQ_7,0.001045056
age_60,39,med_NQ_7,-25.02225557
age_60,39,mig_NQ_8,0.001711753
age_60,39,med_NQ_8,-16.74090543
age_60,39,mig_NQ_9,0.002411042
age_60,39,med_NQ_9,-11.73986786
age_60,39,mig_NQ_10,0.002609728
age_60,39,med_NQ_10,-8.313702073
age_60,39,mig_NQ_11,0.00325943
age_60,39,med_NQ_11,-8.600580573
age_60,39,mig_NQ_12,0.005719835
age_60,39,med_NQ_12,-8.071713738
age_60,39,mig_NQ_13,0.011670589
age_60,39,med_NQ_13,-6.124760931
age_60,39,mig_NQ_14,0.028431519
age_60,39,med_NQ_14,-4.410341236
age_60,39,mig_NQ_15,0.034329715
age_60,39,med_NQ_15,-1.398842563
age_60,39,mig_NQ_16,0.017962002
age_60,39,med_NQ_16,-0.36984269
age_60,39,mig_NQ_17,0.008160196
age_60,39,med_NQ_17,-0.100361118
age_60,40,beta_Q_2,0.999636500000018
age_60,40,beta_Q_3,0.999517400001801
age_60,40,beta_Q_4,0.999258900002399
age_60,40,beta_Q_5,0.998821100004006
age_60,40,beta_Q_6,0.997933700004122
age_60,40,beta_Q_7,0.996667100011858
age_60,40,beta_Q_8,0.994758700007863
age_60,40,beta_Q_9,0.991877200059801
age_60,40,beta_Q_10,0.987565600018708
age_60,40,beta_Q_11,0.979243900216687
age_60,40,beta_Q_12,0.965447200497108
age_60,40,beta_Q_13,0.932826800056707
age_60,40,beta_Q_14,0.809645203400457
age_60,40,beta_Q_15,0.580780797150348
age_60,40,beta_Q_16,0.391829833419432
age_60,40,beta_Q_17,0.285743130665332
age_60,40,h_Q_2,2751.031637
age_60,40,h_Q_3,2072.10940718
age_60,40,h_Q_4,1349.345567646
age_60,40,h_Q_5,848.24836761948
age_60,40,h_Q_6,483.956830705357
age_60,40,h_Q_7,300.039005287607
age_60,40,h_Q_8,190.792360384656
age_60,40,h_Q_9,123.110258044275
age_60,40,h_Q_10,80.4220547980389
age_60,40,h_Q_11,48.1786080887031
age_60,40,h_Q_12,28.9412148932657
age_60,40,h_Q_13,14.8868893847443
age_60,40,h_Q_14,5.25334805230518
age_60,40,h_Q_15,2.38538582592129
age_60,40,h_Q_16,1.64427635728233
age_60,40,h_Q_17,1.4000564045879
age_60,40,P_Q_1,0.2510840766
age_60,40,P_Q_2,0.0627617153785294
age_60,40,P_Q_3,0.0646392403943325
age_60,40,P_Q_4,0.0670783256002712
age_60,40,P_Q_5,0.0696934894478703
age_60,40,P_Q_6,0.0722827908719513
age_60,40,P_Q_7,0.0737602985530329
age_60,40,P_Q_8,0.0736447480551378
age_60,40,P_Q_9,0.0723295520440693
age_60,40,P_Q_10,0.0702353654107734
age_60,40,P_Q_11,0.0680472688317039
age_60,40,P_Q_12,0.0687043054556057
age_60,40,P_Q_13,0.0694630228194664
age_60,40,P_Q_14,0.0620235119303991
age_60,40,P_Q_15,0.0419675088013514
age_60,40,P_Q_16,0.019143419087262
age_60,40,P_Q_17,0.00711671040103867
age_60,40,L_Q,0.997826443365124
age_60,40,beta_NQ_2,0.997880000012339
age_60,40,beta_NQ_3,0.997214700014544
age_60,40,beta_NQ_4,0.996675700015601
age_60,40,beta_NQ_5,0.995567100020468
age_60,40,beta_NQ_6,0.993385300029785
age_60,40,beta_NQ_7,0.990792900042963
age_60,40,beta_NQ_8,0.987396500058781
age_60,40,beta_NQ_9,0.982904400064859
age_60,40,beta_NQ_10,0.976986300116934
age_60,40,beta_NQ_11,0.966265800122897
age_60,40,beta_NQ_12,0.94422940026924
age_60,40,beta_NQ_13,0.893164200252032
age_60,40,beta_NQ_14,0.720547299631331
age_60,40,beta_NQ_15,0.463347285867549
age_60,40,beta_NQ_16,0.288572434125484
age_60,40,beta_NQ_17,0.201887813207291
age_60,40,h_NQ_2,471.6981132
age_60,40,h_NQ_3,359.027752816
age_60,40,h_NQ_4,300.8152092442
age_60,40,h_NQ_5,225.585959570034
age_60,40,h_NQ_6,151.178435931928
age_60,40,h_NQ_7,108.611832196889
age_60,40,h_NQ_8,79.3430396456631
age_60,40,h_NQ_9,58.4945833561098
age_60,40,h_NQ_10,43.4523783994725
age_60,40,h_NQ_11,29.6435071787879
age_60,40,h_NQ_12,17.9305942613829
age_60,40,h_NQ_13,9.36015830232477
age_60,40,h_NQ_14,3.57842310583989
age_60,40,h_NQ_15,1.86340217553335
age_60,40,h_NQ_16,1.40562441067808
age_60,40,h_NQ_17,1.25295665732419
age_60,40,P_NQ_1,0.5858628454
age_60,40,P_NQ_2,0.146444001988007
age_60,40,P_NQ_3,0.150824894692779
age_60,40,P_NQ_4,0.156516093869348
age_60,40,P_NQ_5,0.16261814128561
age_60,40,P_NQ_6,0.168659843151905
age_60,40,P_NQ_7,0.172107361649079
age_60,40,P_NQ_8,0.171837743728334
age_60,40,P_NQ_9,0.168768959001643
age_60,40,P_NQ_10,0.163882522098312
age_60,40,P_NQ_11,0.158776957491889
age_60,40,P_NQ_12,0.16031004894245
age_60,40,P_NQ_13,0.162080384625146
age_60,40,P_NQ_14,0.144721528623448
age_60,40,P_NQ_15,0.0979241698166527
age_60,40,P_NQ_16,0.0446679869431487
age_60,40,P_NQ_17,0.0166056560034617
age_60,40,L_NQ,1.7576996880372
age_60,40,pi_Q,0.3
age_60,40,pi_NQ,0.7
age_60,40,y,7.76033363732277
age_60,40,nbar,7.20108741800476
age_60,40,Ptot,4.04658448899401
age_60,40,Pret,1.35567036728211
age_60,40,H,894.682346444007
age_60,40,cCheck,-4.44089209850063e-16
age_60,40,shareq,0.3
age_60,40,A,1.948505944
age_60,40,A_Q,2
age_60,40,xpop,0.836946922
age_60,40,h_Q_1,100
age_60,40,mig_Q_2,-0.192729121
age_60,40,med_Q_2,2653.031637
age_60,40,mig_Q_3,0.002332196
age_60,40,med_Q_3,-402.0132889
age_60,40,mig_Q_4,0.002306399
age_60,40,med_Q_4,-515.8999598
age_60,40,mig_Q_5,0.001050173
age_60,40,med_Q_5,-369.1429372
age_60,40,mig_Q_6,0.000227796
age_60,40,med_Q_6,-281.9673581
age_60,40,mig_Q_7,-7.33855e-05
age_60,40,med_Q_7,-137.1097147
age_60,40,mig_Q_8,9.04669e-05
age_60,40,med_Q_8,-80.10547214
age_60,40,mig_Q_9,0.000266293
age_60,40,med_Q_9,-49.04608852
age_60,40,mig_Q_10,0.000228671
age_60,40,med_Q_10,-30.55693832
age_60,40,mig_Q_11,0.000251149
age_60,40,med_Q_11,-24.31785991
age_60,40,mig_Q_12,0.000445743
age_60,40,med_Q_12,-14.52104197
age_60,40,mig_Q_13,0.001455719
age_60,40,med_Q_13,-11.12636673
age_60,40,mig_Q_14,0.006097355
age_60,40,med_Q_14,-8.188120618
age_60,40,mig_Q_15,0.008654123
age_60,40,med_Q_15,-2.519440558
age_60,40,mig_Q_16,0.004309739
age_60,40,med_Q_16,-0.634205849
age_60,40,mig_Q_17,0.002345875
age_60,40,med_Q_17,-0.179087223
age_60,40,h_NQ_1,100
age_60,40,mig_NQ_2,-0.448554978
age_60,40,med_NQ_2,373.6981132
age_60,40,mig_NQ_3,0.005807942
age_60,40,med_NQ_3,-63.71402957
age_60,40,mig_NQ_4,0.005808292
age_60,40,med_NQ_4,-21.2777376
age_60,40,mig_NQ_5,0.003020353
age_60,40,med_NQ_5,-44.68431074
age_60,40,mig_NQ_6,0.001368813
age_60,40,med_NQ_6,-51.57738815
age_60,40,mig_NQ_7,0.000939071
age_60,40,med_NQ_7,-27.29730286
age_60,40,mig_NQ_8,0.001600819
age_60,40,med_NQ_8,-18.27527277
age_60,40,mig_NQ_9,0.002286474
age_60,40,med_NQ_9,-12.81029589
age_60,40,mig_NQ_10,0.002448966
age_60,40,med_NQ_10,-9.106374812
age_60,40,mig_NQ_11,0.00287966
age_60,40,med_NQ_11,-9.423352958
age_60,40,mig_NQ_12,0.004870963
age_60,40,med_NQ_12,-8.757422825
age_60,40,mig_NQ_13,0.010699464
age_60,40,med_NQ_13,-6.753015371
age_60,40,mig_NQ_14,0.029169854
age_60,40,med_NQ_14,-4.900963328
age_60,40,mig_NQ_15,0.036200186
age_60,40,med_NQ_15,-1.499298737
age_60,40,mig_NQ_16,0.019298285
age_60,40,med_NQ_16,-0.384432918
age_60,40,mig_NQ_17,0.008776246
age_60,40,med_NQ_17,-0.104569446
age_55,1,beta_Q_2,0.973436404874763
age_55,1,beta_Q_3,0.970539000001623
age_55,1,beta_Q_4,0.965744200006298
age_55,1,beta_Q_5,0.961176300029427
age_55,1,beta_Q_6,0.955116300619925
age_55,1,beta_Q_7,0.940183999984989
age_55,1,beta_Q_8,0.909499218945487
age_55,1,beta_Q_9,0.85988771100122
age_55,1,beta_Q_10,0.781753818094209
age_55,1,beta_Q_11,0.658329466557867
age_55,1,beta_Q_12,0.512809028093422
age_55,1,beta_Q_13,0.344799901709008
age_55,1,beta_Q_14,0.210284003873888
age_55,1,beta_Q_15,0.118657324974081
age_55,1,beta_Q_16,0.0591105026749442
age_55,1,beta_Q_17,0.031131000636637
age_55,1,h_Q_2,37.64549986
age_55,1,h_Q_3,33.94317912
age_55,1,h_Q_4,29.19213681
age_55,1,h_Q_5,25.75746258
age_55,1,h_Q_6,22.27980314
age_55,1,h_Q_7,16.7179349964
age_55,1,h_Q_8,11.049626084672
age_55,1,h_Q_9,7.13713214817855
age_55,1,h_Q_10,4.58198126301498
age_55,1,h_Q_11,2.92679557875468
age_55,1,h_Q_12,2.05258307497959
age_55,1,h_Q_13,1.52625129347999
age_55,1,h_Q_14,1.26627752601038
age_55,1,h_Q_15,1.13462803749019
age_55,1,h_Q_16,1.06282406454038
age_55,1,h_Q_17,1.03213127924955
age_55,1,P_Q_1,0.2522852124
age_55,1,P_Q_2,0.0592788505108232
age_55,1,P_Q_3,0.0529788315263616
age_55,1,P_Q_4,0.0516187991809102
age_55,1,P_Q_5,0.0480152225133509
age_55,1,P_Q_6,0.0426744931906979
age_55,1,P_Q_7,0.0407094252183056
age_55,1,P_Q_8,0.0361254806344776
age_55,1,P_Q_9,0.0316353121871109
age_55,1,P_Q_10,0.0252264559898656
age_55,1,P_Q_11,0.0186772111554823
age_55,1,P_Q_12,0.011249689408626
age_55,1,P_Q_13,0.00531388564243529
age_55,1,P_Q_14,0.00164097968469545
age_55,1,P_Q_15,0.000304585058292062
age_55,1,P_Q_16,3.2652531888111e-05
age_55,1,P_Q_17,2.01287823792251e-06
age_55,1,L_Q,0.713227973956111
age_55,1,beta_NQ_2,0.939491000019456
age_55,1,beta_NQ_3,0.931619200148016
age_55,1,beta_NQ_4,0.925826700715022
age_55,1,beta_NQ_5,0.916842509905461
age_55,1,beta_NQ_6,0.905218099976406
age_55,1,beta_NQ_7,0.883457900039542
age_55,1,beta_NQ_8,0.843435236949881
age_55,1,beta_NQ_9,0.785066520379141
age_55,1,beta_NQ_10,0.701200501908016
age_55,1,beta_NQ_11,0.582111699569906
age_55,1,beta_NQ_12,0.433853272111351
age_55,1,beta_NQ_13,0.278824341886696
age_55,1,beta_NQ_14,0.164751615202972
age_55,1,beta_NQ_15,0.0914522727890728
age_55,1,beta_NQ_16,0.0448453010253704
age_55,1,beta_NQ_17,0.0234374042852502
age_55,1,h_NQ_2,16.52646714
age_55,1,h_NQ_3,14.62398802
age_55,1,h_NQ_4,13.48194027
age_55,1,h_NQ_5,12.02537354
age_55,1,h_NQ_6,10.5505376
age_55,1,h_NQ_7,8.58059018639999
age_55,1,h_NQ_8,6.387123554672
age_55,1,h_NQ_9,4.65260184817856
age_55,1,h_NQ_10,3.34672581301498
age_55,1,h_NQ_11,2.39298395875468
age_55,1,h_NQ_12,1.76632258497959
age_55,1,h_NQ_13,1.38662464347999
age_55,1,h_NQ_14,1.19724704601039
age_55,1,h_NQ_15,1.10064773749018
age_55,1,h_NQ_16,1.04695082454037
age_55,1,h_NQ_17,1.02399989924956
age_55,1,P_NQ_1,0.5886654956
age_55,1,P_NQ_2,0.138317317858587
age_55,1,P_NQ_3,0.123617274894843
age_55,1,P_NQ_4,0.120443865422124
age_55,1,P_NQ_5,0.112035520531152
age_55,1,P_NQ_6,0.0995738157782948
age_55,1,P_NQ_7,0.0949886588427129
age_55,1,P_NQ_8,0.0842927891471142
age_55,1,P_NQ_9,0.0738157284365917
age_55,1,P_NQ_10,0.0588617313096862
age_55,1,P_NQ_11,0.0435801576961252
age_55,1,P_NQ_12,0.026249274286794
age_55,1,P_NQ_13,0.0123990668323489
age_55,1,P_NQ_14,0.00382895393095584
age_55,1,P_NQ_15,0.000710697469347821
age_55,1,P_NQ_16,7.6189241072e-05
age_55,1,P_NQ_17,4.69538255498669e-06
age_55,1,L_NQ,1.25625427175492
age_55,1,pi_Q,0.3
age_55,1,pi_NQ,0.7
age_55,1,y,0.273143656130574
age_55,1,nbar,4.9952068744362
age_55,1,Ptot,2.25923033237186
age_55,1,Pret,0.31360927912211
age_55,1,H,102.367830596092
age_55,1,cCheck,-8.88178419700125e-16
age_55,1,shareq,0.3
age_55,1,A,0.088593872
age_55,1,A_Q,2
age_55,1,xpop,0.840950708
age_55,1,h_Q_1,100
age_55,1,mig_Q_2,-0.237659925
age_55,1,med_Q_2,-60.35450014
age_55,1,mig_Q_3,-0.24086812
age_55,1,med_Q_3,-62.09682088
age_55,1,mig_Q_4,-0.23910608
age_55,1,med_Q_4,-64.92706319
age_55,1,mig_Q_5,-0.239557717
age_55,1,med_Q_5,-66.47935342
age_55,1,mig_Q_6,-0.241717051
age_55,1,med_Q_6,-68.11227654
age_55,1,mig_Q_7,-0.240471711
age_55,1,med_Q_7,-71.86630309
age_55,1,mig_Q_8,-0.24181671
age_55,1,med_Q_8,-75.76292724
age_55,1,mig_Q_9,-0.243039903
age_55,1,med_Q_9,-77.93917011
age_55,1,mig_Q_10,-0.246154295
age_55,1,med_Q_10,-78.79279495
age_55,1,mig_Q_11,-0.249382162
age_55,1,med_Q_11,-78.78048511
age_55,1,mig_Q_12,-0.253462002
age_55,1,med_Q_12,-78.020552
age_55,1,mig_Q_13,-0.256024465
age_55,1,med_Q_13,-76.94542108
age_55,1,mig_Q_14,-0.256299052
age_55,1,med_Q_14,-75.6359614
age_55,1,mig_Q_15,-0.254212866
age_55,1,med_Q_15,-74.22956611
age_55,1,mig_Q_16,-0.25103871
age_55,1,med_Q_16,-72.7940862
age_55,1,mig_Q_17,-0.247600544
age_55,1,med_Q_17,-71.34764078
age_55,1,h_NQ_1,100
age_55,1,mig_NQ_2,-0.554539825
age_55,1,med_NQ_2,-81.47353286
age_55,1,mig_NQ_3,-0.562025612
age_55,1,med_NQ_3,-81.41601198
age_55,1,mig_NQ_4,-0.557914186
age_55,1,med_NQ_4,-80.63725973
age_55,1,mig_NQ_5,-0.558968005
age_55,1,med_NQ_5,-80.21144246
age_55,1,mig_NQ_6,-0.564006454
age_55,1,med_NQ_6,-79.84154208
age_55,1,mig_NQ_7,-0.561100659
age_55,1,med_NQ_7,-80.0036479
age_55,1,mig_NQ_8,-0.564238989
age_55,1,med_NQ_8,-80.42542977
age_55,1,mig_NQ_9,-0.567093107
age_55,1,med_NQ_9,-80.42370041
age_55,1,mig_NQ_10,-0.574360021
age_55,1,med_NQ_10,-80.0280504
age_55,1,mig_NQ_11,-0.581891713
age_55,1,med_NQ_11,-79.31429673
age_55,1,mig_NQ_12,-0.591411339
age_55,1,med_NQ_12,-78.30681249
age_55,1,mig_NQ_13,-0.597390418
age_55,1,med_NQ_13,-77.08504773
age_55,1,mig_NQ_14,-0.59803112
age_55,1,med_NQ_14,-75.70499188
age_55,1,mig_NQ_15,-0.593163355
age_55,1,med_NQ_15,-74.26354641
age_55,1,mig_NQ_16,-0.58575699
age_55,1,med_NQ_16,-72.80995944
age_55,1,mig_NQ_17,-0.577734604
age_55,1,med_NQ_17,-71.35577216
age_55,2,beta_Q_2,0.974250899998791
age_55,2,beta_Q_3,0.971050702827941
age_55,2,beta_Q_4,0.966497808579101
age_55,2,beta_Q_5,0.96060350176663
age_55,2,beta_Q_6,0.953428799997687
age_55,2,beta_Q_7,0.938990908940442
age_55,2,beta_Q_8,0.907364226102163
age_55,2,beta_Q_9,0.855505422354817
age_55,2,beta_Q_10,0.777190539425623
age_55,2,beta_Q_11,0.653229715740918
age_55,2,beta_Q_12,0.507151509662807
age_55,2,beta_Q_13,0.340206902132967
age_55,2,beta_Q_14,0.202952405585477
age_55,2,beta_Q_15,0.104123564627982
age_55,2,beta_Q_16,0.0518962985273525
age_55,2,beta_Q_17,0.0269183031357435
age_55,2,h_Q_2,38.83630884
age_55,2,h_Q_3,34.5431495778
age_55,2,h_Q_4,29.8487860516
age_55,2,h_Q_5,25.3829654958
age_55,2,h_Q_6,21.4724980234
age_55,2,h_Q_7,16.3909974132
age_55,2,h_Q_8,10.794962634472
age_55,2,h_Q_9,6.92066906697856
age_55,2,h_Q_10,4.48813897521498
age_55,2,h_Q_11,2.88375330475468
age_55,2,h_Q_12,2.02902109317958
age_55,2,h_Q_13,1.51562664248
age_55,2,h_Q_14,1.25463021261039
age_55,2,h_Q_15,1.11622528649018
age_55,2,h_Q_16,1.05473693974038
age_55,2,h_Q_17,1.02766294224957
age_55,2,P_Q_1,0.2512048092
age_55,2,P_Q_2,0.058626292161722
age_55,2,P_Q_3,0.05666953529602
age_55,2,P_Q_4,0.0510325992696945
age_55,2,P_Q_5,0.0491409534086693
age_55,2,P_Q_6,0.0449400987003943
age_55,2,P_Q_7,0.0398043877053625
age_55,2,P_Q_8,0.0367541314397686
age_55,2,P_Q_9,0.0316798898515999
age_55,2,P_Q_10,0.0259442070888762
age_55,2,P_Q_11,0.0185558133149537
age_55,2,P_Q_12,0.0115651525001385
age_55,2,P_Q_13,0.00532686380235113
age_55,2,P_Q_14,0.00163190114901926
age_55,2,P_Q_15,0.000307461259722774
age_55,2,P_Q_16,3.2879075902921e-05
age_55,2,P_Q_17,2.3670859909966e-06
age_55,2,L_Q,0.719095268454094
age_55,2,beta_NQ_2,0.940730611341604
age_55,2,beta_NQ_3,0.932728204979504
age_55,2,beta_NQ_4,0.926524000597335
age_55,2,beta_NQ_5,0.915284209720587
age_55,2,beta_NQ_6,0.901399100016695
age_55,2,beta_NQ_7,0.880705633764917
age_55,2,beta_NQ_8,0.839248473866308
age_55,2,beta_NQ_9,0.778419779240567
age_55,2,beta_NQ_10,0.695314942098422
age_55,2,beta_NQ_11,0.576616011674913
age_55,2,beta_NQ_12,0.428372303652876
age_55,2,beta_NQ_13,0.275077599402946
age_55,2,beta_NQ_14,0.159037699960351
age_55,2,beta_NQ_15,0.0800507185687133
age_55,2,beta_NQ_16,0.0395277962597335
age_55,2,beta_NQ_17,0.0203578006828232
age_55,2,h_NQ_2,16.87211276
age_55,2,h_NQ_3,14.8650697642
age_55,2,h_NQ_4,13.6098862216
age_55,2,h_NQ_5,11.8041734866
age_55,2,h_NQ_6,10.1418952582
age_55,2,h_NQ_7,8.382623155
age_55,2,h_NQ_8,6.22077789167199
age_55,2,h_NQ_9,4.51303454257856
age_55,2,h_NQ_10,3.28207713121499
age_55,2,h_NQ_11,2.36192203575468
age_55,2,h_NQ_12,1.74939037757959
age_55,2,h_NQ_13,1.37945799228
age_55,2,h_NQ_14,1.18911394461039
age_55,2,h_NQ_15,1.08701642209018
age_55,2,h_NQ_16,1.04115454374037
age_55,2,h_NQ_17,1.02078085304957
age_55,2,P_NQ_1,0.5861445548
age_55,2,P_NQ_2,0.136794680138193
age_55,2,P_NQ_3,0.132228917030036
age_55,2,P_NQ_4,0.119076066767275
age_55,2,P_NQ_5,0.114662224876335
age_55,2,P_NQ_6,0.104860232025077
age_55,2,P_NQ_7,0.0928769051864166
age_55,2,P_NQ_8,0.085759657978555
age_55,2,P_NQ_9,0.0739197446687776
age_55,2,P_NQ_10,0.0605364808284439
age_55,2,P_NQ_11,0.0432968944523086
age_55,2,P_NQ_12,0.0269854100155926
age_55,2,P_NQ_13,0.0124293506280187
age_55,2,P_NQ_14,0.00380778028763909
age_55,2,P_NQ_15,0.000717429539390566
age_55,2,P_NQ_16,7.6717841950872e-05
age_55,2,P_NQ_17,5.52318804519086e-06
age_55,2,L_NQ,1.26657160502506
age_55,2,pi_Q,0.3
age_55,2,pi_NQ,0.7
age_55,2,y,0.205998146593641
age_55,2,nbar,3.40952599597331
age_55,2,Ptot,2.27739791256224
age_55,2,Pret,0.316821866578723
age_55,2,H,102.377320187069
age_55,2,cCheck,-2.22044604925031e-16
age_55,2,shareq,0.3
age_55,2,A,0.087292616
age_55,2,A_Q,2
age_55,2,xpop,0.837349364
age_55,2,h_Q_1,100
age_55,2,mig_Q_2,-0.186957318
age_55,2,med_Q_2,-59.16369116
age_55,2,mig_Q_3,-0.000862901
age_55,2,med_Q_3,-2.349440285
age_55,2,mig_Q_4,-0.0001314
age_55,2,med_Q_4,-3.415529486
age_55,2,mig_Q_5,-0.000473813
age_55,2,med_Q_5,-3.225328578
age_55,2,mig_Q_6,-0.000920023
age_55,2,med_Q_6,-3.769815305
age_55,2,mig_Q_7,-0.000317488
age_55,2,med_Q_7,-5.443209664
age_55,2,mig_Q_8,-0.000271059
age_55,2,med_Q_8,-5.588613662
age_55,2,mig_Q_9,0.000616033
age_55,2,med_Q_9,-3.907964496
age_55,2,mig_Q_10,0.001213181
age_55,2,med_Q_10,-2.50625053
age_55,2,mig_Q_11,0.001948494
age_55,2,med_Q_11,-1.606588333
age_55,2,mig_Q_12,0.00198731
age_55,2,med_Q_12,-0.839238574
age_55,2,mig_Q_13,0.001447972
age_55,2,med_Q_13,-0.495904771
age_55,2,mig_Q_14,0.000514476
age_55,2,med_Q_14,-0.241096055
age_55,2,mig_Q_15,0.000112747
age_55,2,med_Q_15,-0.124726689
age_55,2,mig_Q_16,1.48749e-05
age_55,2,med_Q_16,-0.057198537
age_55,2,mig_Q_17,1.35058e-06
age_55,2,med_Q_17,-0.013904641
age_55,2,h_NQ_1,100
age_55,2,mig_NQ_2,-0.416251255
age_55,2,med_NQ_2,-81.12788724
age_55,2,mig_NQ_3,0.003369848
age_55,2,med_NQ_3,-1.330868033
age_55,2,mig_NQ_4,0.004627893
age_55,2,med_NQ_4,-0.721622038
age_55,2,mig_NQ_5,0.004234169
age_55,2,med_NQ_5,-1.408127978
age_55,2,mig_NQ_6,0.003443651
age_55,2,med_NQ_6,-1.642970811
age_55,2,mig_NQ_7,0.004907631
age_55,2,med_NQ_7,-1.956903693
age_55,2,mig_NQ_8,0.005642876
age_55,2,med_NQ_8,-2.188200491
age_55,2,mig_NQ_9,0.007744298
age_55,2,med_NQ_9,-1.746346541
age_55,2,mig_NQ_10,0.008776855
age_55,2,med_NQ_10,-1.27747268
age_55,2,mig_NQ_11,0.009032792
age_55,2,med_NQ_11,-0.917869261
age_55,2,mig_NQ_12,0.008078016
age_55,2,med_NQ_12,-0.595733902
age_55,2,mig_NQ_13,0.005110414
age_55,2,med_NQ_13,-0.351538141
age_55,2,mig_NQ_14,0.001765014
age_55,2,med_NQ_14,-0.169778206
age_55,2,mig_NQ_15,0.000367263
age_55,2,med_NQ_15,-0.086285683
age_55,2,mig_NQ_16,4.48464e-05
age_55,2,med_NQ_16,-0.037480239
age_55,2,mig_NQ_17,3.73751e-06
age_55,2,med_NQ_17,-0.005230955
age_55,3,beta_Q_2,0.960919101309252
age_55,3,beta_Q_3,0.963560499994147
age_55,3,beta_Q_4,0.964076600018983
age_55,3,beta_Q_5,0.962424900003693
age_55,3,beta_Q_6,0.956305900022175
age_55,3,beta_Q_7,0.942098600001715
age_55,3,beta_Q_8,0.912940600055841
age_55,3,beta_Q_9,0.865348500041953
age_55,3,beta_Q_10,0.785928400220511
age_55,3,beta_Q_11,0.667295763074705
age_55,3,beta_Q_12,0.521659103888569
age_55,3,beta_Q_13,0.359734955973682
age_55,3,beta_Q_14,0.216027861519063
age_55,3,beta_Q_15,0.117518946854786
age_55,3,beta_Q_16,0.057058104084404
age_55,3,beta_Q_17,0.0293664387910884
age_55,3,h_Q_2,25.58794705
age_55,3,h_Q_3,27.4427475632
age_55,3,h_Q_4,27.837008749244
age_55,3,h_Q_5,26.613368961568
age_55,3,h_Q_6,22.886385121884
age_55,3,h_Q_7,17.270739566932
age_55,3,h_Q_8,11.486410431936
age_55,3,h_Q_9,7.42657897978255
age_55,3,h_Q_10,4.67133426863899
age_55,3,h_Q_11,3.00566297371068
age_55,3,h_Q_12,2.09055751265959
age_55,3,h_Q_13,1.56185183631599
age_55,3,h_Q_14,1.2755554356304
age_55,3,h_Q_15,1.13316874435818
age_55,3,h_Q_16,1.06051073076037
age_55,3,h_Q_17,1.03024839694558
age_55,3,P_Q_1,0.251144745
age_55,3,P_Q_2,0.0586093814471245
age_55,3,P_Q_3,0.0568679813078364
age_55,3,P_Q_4,0.0546954727767994
age_55,3,P_Q_5,0.0489759793627217
age_55,3,P_Q_6,0.0465539002391698
age_55,3,P_Q_7,0.0419258031265564
age_55,3,P_Q_8,0.0362022537457468
age_55,3,P_Q_9,0.0321353347406637
age_55,3,P_Q_10,0.0260723886827092
age_55,3,P_Q_11,0.0191639110217901
age_55,3,P_Q_12,0.0114416167357
age_55,3,P_Q_13,0.00554994570476745
age_55,3,P_Q_14,0.00169309582291336
age_55,3,P_Q_15,0.000315013364756384
age_55,3,P_Q_16,3.32503013201689e-05
age_55,3,P_Q_17,1.62521993197794e-06
age_55,3,L_Q,0.727972942327107
age_55,3,beta_NQ_2,0.907806406419834
age_55,3,beta_NQ_3,0.911270900013759
age_55,3,beta_NQ_4,0.918945800489104
age_55,3,beta_NQ_5,0.917890800003294
age_55,3,beta_NQ_6,0.906938600037125
age_55,3,beta_NQ_7,0.886138300025991
age_55,3,beta_NQ_8,0.847883199957314
age_55,3,beta_NQ_9,0.791712099862338
age_55,3,beta_NQ_10,0.705827079298838
age_55,3,beta_NQ_11,0.591640347499391
age_55,3,beta_NQ_12,0.442583034971192
age_55,3,beta_NQ_13,0.292314147433582
age_55,3,beta_NQ_14,0.170047424360433
age_55,3,beta_NQ_15,0.090590314338219
age_55,3,beta_NQ_16,0.0434898973154973
age_55,3,beta_NQ_17,0.0222164146022872
age_55,3,h_NQ_2,10.8467399
age_55,3,h_NQ_3,11.2702597008
age_55,3,h_NQ_4,12.337423602916
age_55,3,h_NQ_5,12.178903217168
age_55,3,h_NQ_6,10.745593771868
age_55,3,h_NQ_7,8.78258448803599
age_55,3,h_NQ_8,6.5738958459
age_55,3,h_NQ_9,4.80104700783855
age_55,3,h_NQ_10,3.39935561472699
age_55,3,h_NQ_11,2.44881726659069
age_55,3,h_NQ_12,1.79398841503959
age_55,3,h_NQ_13,1.413055870028
age_55,3,h_NQ_14,1.2048880844344
age_55,3,h_NQ_15,1.09961439571818
age_55,3,h_NQ_16,1.04546726364838
age_55,3,h_NQ_17,1.02271751686557
age_55,3,P_NQ_1,0.586004405
age_55,3,P_NQ_2,0.136755229371556
age_55,3,P_NQ_3,0.132691954456042
age_55,3,P_NQ_4,0.127622769201322
age_55,3,P_NQ_5,0.114277286667721
age_55,3,P_NQ_6,0.108625768309441
age_55,3,P_NQ_7,0.0978268761023816
age_55,3,P_NQ_8,0.0844719299351259
age_55,3,P_NQ_9,0.0749824650314133
age_55,3,P_NQ_10,0.0608355749843013
age_55,3,P_NQ_11,0.0447157911361322
age_55,3,P_NQ_12,0.0266971054175509
age_55,3,P_NQ_13,0.0129498898059934
age_55,3,P_NQ_14,0.00395055733588084
age_55,3,P_NQ_15,0.000735031548177291
age_55,3,P_NQ_16,7.75845086637447e-05
age_55,3,P_NQ_17,3.79216653525219e-06
age_55,3,L_NQ,1.28211453875737
age_55,3,pi_Q,0.3
age_55,3,pi_NQ,0.7
age_55,3,y,0.232550496627104
age_55,3,nbar,3.45156060541773
age_55,3,Ptot,2.30460570957874
age_55,3,Pret,0.321353973529201
age_55,3,H,100.333430852066
age_55,3,cCheck,0
age_55,3,shareq,0.3
age_55,3,A,0.097702667
age_55,3,A_Q,2
age_55,3,xpop,0.83714915
age_55,3,h_Q_1,100
age_55,3,mig_Q_2,-0.18612713
age_55,3,med_Q_2,-72.41205295
age_55,3,mig_Q_3,-6.11209e-05
age_55,3,med_Q_3,-10.6168351
age_55,3,mig_Q_4,-7.55089e-05
age_55,3,med_Q_4,-6.015277837
age_55,3,mig_Q_5,-4.61142e-05
age_55,3,med_Q_5,-2.638441369
age_55,3,mig_Q_6,-0.0002985
age_55,3,med_Q_6,-1.988921064
age_55,3,mig_Q_7,-0.000272541
age_55,3,med_Q_7,-3.772308496
age_55,3,mig_Q_8,8.51763e-05
age_55,3,med_Q_8,-4.576767033
age_55,3,mig_Q_9,0.000691976
age_55,3,med_Q_9,-3.152484402
age_55,3,mig_Q_10,0.001451078
age_55,3,med_Q_10,-2.110921417
age_55,3,mig_Q_11,0.002216384
age_55,3,med_Q_11,-1.392713222
age_55,3,mig_Q_12,0.002031008
age_55,3,med_Q_12,-0.735520726
age_55,3,mig_Q_13,0.001615401
age_55,3,med_Q_13,-0.426588835
age_55,3,mig_Q_14,0.000611996
age_55,3,med_Q_14,-0.209758674
age_55,3,mig_Q_15,0.000145094
age_55,3,med_Q_15,-0.096368864
age_55,3,mig_Q_16,1.72942e-05
age_55,3,med_Q_16,-0.03339005
age_55,3,mig_Q_17,7.40171e-07
age_55,3,med_Q_17,-0.003393804
age_55,3,h_NQ_1,100
age_55,3,mig_NQ_2,-0.414648896
age_55,3,med_NQ_2,-87.1532601
age_55,3,mig_NQ_3,0.005099698
age_55,3,med_NQ_3,-5.264410804
age_55,3,mig_NQ_4,0.005109504
age_55,3,med_NQ_4,-2.230344766
age_55,3,mig_NQ_5,0.005288843
age_55,3,med_NQ_5,-1.15878528
age_55,3,mig_NQ_6,0.005269342
age_55,3,med_NQ_6,-0.822496245
age_55,3,mig_NQ_7,0.005475879
age_55,3,med_NQ_7,-1.156472865
age_55,3,mig_NQ_8,0.006525129
age_55,3,med_NQ_8,-1.641074846
age_55,3,mig_NQ_9,0.008225451
age_55,3,med_NQ_9,-1.295315326
age_55,3,mig_NQ_10,0.009438072
age_55,3,med_NQ_10,-1.023418237
age_55,3,mig_NQ_11,0.009809487
age_55,3,med_NQ_11,-0.767618322
age_55,3,mig_NQ_12,0.008149915
age_55,3,med_NQ_12,-0.52069518
age_55,3,mig_NQ_13,0.005526808
age_55,3,med_NQ_13,-0.3013467
age_55,3,mig_NQ_14,0.001973822
age_55,3,med_NQ_14,-0.146980748
age_55,3,mig_NQ_15,0.000430216
age_55,3,med_NQ_15,-0.06571727
age_55,3,mig_NQ_16,4.92261e-05
age_55,3,med_NQ_16,-0.01980883
age_55,3,mig_NQ_17,2.23036e-06
age_55,3,med_NQ_17,0.002386064
age_55,4,beta_Q_2,0.915780800174138
age_55,4,beta_Q_3,0.926950699992236
age_55,4,beta_Q_4,0.946298101104891
age_55,4,beta_Q_5,0.954726500006618
age_55,4,beta_Q_6,0.952895600038412
age_55,4,beta_Q_7,0.940326500011025
age_55,4,beta_Q_8,0.911711903309846
age_55,4,beta_Q_9,0.863582103908553
age_55,4,beta_Q_10,0.782460213878918
age_55,4,beta_Q_11,0.661729525310679
age_55,4,beta_Q_12,0.513075047975742
age_55,4,beta_Q_13,0.34311506784986
age_55,4,beta_Q_14,0.199175459830733
age_55,4,beta_Q_15,0.105912526264473
age_55,4,beta_Q_16,0.0500897023507679
age_55,4,beta_Q_17,0.0257230038342171
age_55,4,h_Q_2,11.873777
age_55,4,h_Q_3,13.689385109
age_55,4,h_Q_4,18.621315069936
age_55,4,h_Q_5,22.0879764132591
age_55,4,h_Q_6,21.2294392893366
age_55,4,h_Q_7,16.7578573434463
age_55,4,h_Q_8,11.3265547675934
age_55,4,h_Q_9,7.33041632029728
age_55,4,h_Q_10,4.5968599731869
age_55,4,h_Q_11,2.95621404026621
age_55,4,h_Q_12,2.05370437323647
age_55,4,h_Q_13,1.5223360154064
age_55,4,h_Q_14,1.24871273758967
age_55,4,h_Q_15,1.11845876491779
age_55,4,h_Q_16,1.05273097847102
age_55,4,h_Q_17,1.02640214614517
age_55,4,P_Q_1,0.2400099309
age_55,4,P_Q_2,0.0554021626639412
age_55,4,P_Q_3,0.055098505891539
age_55,4,P_Q_4,0.054131809069202
age_55,4,P_Q_5,0.0517083339178659
age_55,4,P_Q_6,0.0477608470239351
age_55,4,P_Q_7,0.0440058162399413
age_55,4,P_Q_8,0.0383320361641815
age_55,4,P_Q_9,0.0332963169770201
age_55,4,P_Q_10,0.0266317512232805
age_55,4,P_Q_11,0.0197418465012088
age_55,4,P_Q_12,0.0120694326506273
age_55,4,P_Q_13,0.00566622449268478
age_55,4,P_Q_14,0.00175881790214782
age_55,4,P_Q_15,0.000324755838033015
age_55,4,P_Q_16,3.36133653542481e-05
age_55,4,P_Q_17,1.70191293850399e-06
age_55,4,L_Q,0.719146561604754
age_55,4,beta_NQ_2,0.799613500674926
age_55,4,beta_NQ_3,0.821086499924607
age_55,4,beta_NQ_4,0.875935005405642
age_55,4,beta_NQ_5,0.900361491462903
age_55,4,beta_NQ_6,0.900028300059175
age_55,4,beta_NQ_7,0.883267142757604
age_55,4,beta_NQ_8,0.846057803078419
age_55,4,beta_NQ_9,0.789139704543031
age_55,4,beta_NQ_10,0.701501812798948
age_55,4,beta_NQ_11,0.585631017831217
age_55,4,beta_NQ_12,0.434138626882012
age_55,4,beta_NQ_13,0.277026944002796
age_55,4,beta_NQ_14,0.155300276397469
age_55,4,beta_NQ_15,0.0806001114636423
age_55,4,beta_NQ_16,0.0376488988536307
age_55,4,beta_NQ_17,0.0191859183317102
age_55,4,h_NQ_2,4.99035614
age_55,4,h_NQ_3,5.589293146
age_55,4,h_NQ_4,8.06029097678399
age_55,4,h_NQ_5,10.0362710858577
age_55,4,h_NQ_6,10.0028308018246
age_55,4,h_NQ_7,8.56656521243064
age_55,4,h_NQ_8,6.49594458327527
age_55,4,h_NQ_9,4.742476413982
age_55,4,h_NQ_10,3.35010394968178
age_55,4,h_NQ_11,2.41330794243245
age_55,4,h_NQ_12,1.76721719825888
age_55,4,h_NQ_13,1.3831771347388
age_55,4,h_NQ_14,1.18385253262744
age_55,4,h_NQ_15,1.08766598574571
age_55,4,h_NQ_16,1.03912178980382
age_55,4,h_NQ_17,1.01955142437541
age_55,4,P_NQ_1,0.5600231721
age_55,4,P_NQ_2,0.129271716049243
age_55,4,P_NQ_3,0.128563183951006
age_55,4,P_NQ_4,0.126307551306071
age_55,4,P_NQ_5,0.120652779720837
age_55,4,P_NQ_6,0.111441979386464
age_55,4,P_NQ_7,0.102680238668745
age_55,4,P_NQ_8,0.089441420751515
age_55,4,P_NQ_9,0.0776914080283628
age_55,4,P_NQ_10,0.0621408002917497
age_55,4,P_NQ_11,0.0460642887240372
age_55,4,P_NQ_12,0.0281619995521673
age_55,4,P_NQ_13,0.0132211826090758
age_55,4,P_NQ_14,0.00410391040726062
age_55,4,P_NQ_15,0.000757765230868603
age_55,4,P_NQ_16,7.84310465538814e-05
age_55,4,P_NQ_17,3.9709196111885e-06
age_55,4,L_NQ,1.26624258655504
age_55,4,pi_Q,0.3
age_55,4,pi_NQ,0.7
age_55,4,y,0.237047620852729
age_55,4,nbar,3.39556304146789
age_55,4,Ptot,2.28657970147747
age_55,4,Pret,0.331748217672982
age_55,4,H,91.9191225055896
age_55,4,cCheck,4.44089209850063e-16
age_55,4,shareq,0.3
age_55,4,A,0.100738932
age_55,4,A_Q,2
age_55,4,xpop,0.800033103
age_55,4,h_Q_1,100
age_55,4,mig_Q_2,-0.18592762
age_55,4,med_Q_2,-86.126223
age_55,4,mig_Q_3,-0.001375179
age_55,4,med_Q_3,-11.386803
age_55,4,mig_Q_4,-0.000693281
age_55,4,med_Q_4,-8.272577542
age_55,4,mig_Q_5,-0.000931951
age_55,4,med_Q_5,-5.192292161
age_55,4,mig_Q_6,0.000924829
age_55,4,med_Q_6,-4.851662293
age_55,4,mig_Q_7,0.000147452
age_55,4,med_Q_7,-5.670800076
age_55,4,mig_Q_8,5.62683e-05
age_55,4,med_Q_8,-5.598770008
age_55,4,mig_Q_9,0.001968751
age_55,4,med_Q_9,-3.926265903
age_55,4,mig_Q_10,0.001375679
age_55,4,med_Q_10,-2.681187427
age_55,4,mig_Q_11,0.002343852
age_55,4,med_Q_11,-1.621693543
age_55,4,mig_Q_12,0.002072404
age_55,4,med_Q_12,-0.891845341
age_55,4,mig_Q_13,0.001550275
age_55,4,med_Q_13,-0.526410347
age_55,4,mig_Q_14,0.000559875
age_55,4,med_Q_14,-0.281902062
age_55,4,mig_Q_15,0.000125785
age_55,4,med_Q_15,-0.131585562
age_55,4,mig_Q_16,1.56393e-05
age_55,4,med_Q_16,-0.057774391
age_55,4,mig_Q_17,7.2547e-07
age_55,4,med_Q_17,-0.01289837
age_55,4,h_NQ_1,100
age_55,4,mig_NQ_2,-0.402706837
age_55,4,med_NQ_2,-93.00964386
age_55,4,mig_NQ_3,0.003942123
age_55,4,med_NQ_3,-5.040511956
age_55,4,mig_NQ_4,0.004370837
age_55,4,med_NQ_4,-2.98456353
age_55,4,mig_NQ_5,0.003509014
age_55,4,med_NQ_5,-2.054404045
age_55,4,mig_NQ_6,0.007799497
age_55,4,med_NQ_6,-1.932494351
age_55,4,mig_NQ_7,0.006422785
age_55,4,med_NQ_7,-1.964116684
age_55,4,mig_NQ_8,0.006495656
age_55,4,med_NQ_8,-2.110988215
age_55,4,mig_NQ_9,0.010813959
age_55,4,med_NQ_9,-1.699941515
age_55,4,mig_NQ_10,0.009216146
age_55,4,med_NQ_10,-1.354922118
age_55,4,mig_NQ_11,0.010071508
age_55,4,med_NQ_11,-0.91806056
age_55,4,mig_NQ_12,0.008371549
age_55,4,med_NQ_12,-0.632623723
age_55,4,mig_NQ_13,0.005417241
age_55,4,med_NQ_13,-0.374931512
age_55,4,mig_NQ_14,0.001901815
age_55,4,med_NQ_14,-0.20094222
age_55,4,mig_NQ_15,0.000399883
age_55,4,med_NQ_15,-0.093124337
age_55,4,mig_NQ_16,4.64646e-05
age_55,4,med_NQ_16,-0.038500318
age_55,4,mig_NQ_17,2.24727e-06
age_55,4,med_NQ_17,-0.005006494
age_55,5,beta_Q_2,0.97831590005436
age_55,5,beta_Q_3,0.976824400001711
age_55,5,beta_Q_4,0.972756101044606
age_55,5,beta_Q_5,0.968474199995295
age_55,5,beta_Q_6,0.961299800006389
age_55,5,beta_Q_7,0.947256704690488
age_55,5,beta_Q_8,0.918899700325678
age_55,5,beta_Q_9,0.87503910061217
age_55,5,beta_Q_10,0.80298450290316
age_55,5,beta_Q_11,0.688932000729511
age_55,5,beta_Q_12,0.545905601157889
age_55,5,beta_Q_13,0.382226001756237
age_55,5,beta_Q_14,0.233474069512069
age_55,5,beta_Q_15,0.122301810119353
age_55,5,beta_Q_16,0.0608830171079231
age_55,5,beta_Q_17,0.0308175007459649
age_55,5,h_Q_2,46.11673992
age_55,5,h_Q_3,43.14882894
age_55,5,h_Q_4,36.70546433682
age_55,5,h_Q_5,31.7200515085373
age_55,5,h_Q_6,25.8396597469939
age_55,5,h_Q_7,18.9597541315499
age_55,5,h_Q_8,12.3304106175774
age_55,5,h_Q_9,8.00250318224148
age_55,5,h_Q_10,5.07574277589133
age_55,5,h_Q_11,3.21473118072316
age_55,5,h_Q_12,2.20218527646088
age_55,5,h_Q_13,1.61871493877174
age_55,5,h_Q_14,1.30458208009827
age_55,5,h_Q_15,1.13934367183788
age_55,5,h_Q_16,1.06483004861944
age_55,5,h_Q_17,1.0317974169016
age_55,5,P_Q_1,0.2322511179
age_55,5,P_Q_2,0.0547375935693415
age_55,5,P_Q_3,0.052932439462424
age_55,5,P_Q_4,0.05294098949888
age_55,5,P_Q_5,0.0523430946116657
age_55,5,P_Q_6,0.0508873098756513
age_55,5,P_Q_7,0.0446876891195788
age_55,5,P_Q_8,0.0408866024808203
age_55,5,P_Q_9,0.0351519314377626
age_55,5,P_Q_10,0.0273420413032194
age_55,5,P_Q_11,0.0205344860951735
age_55,5,P_Q_12,0.0126792128407374
age_55,5,P_Q_13,0.00598691720282931
age_55,5,P_Q_14,0.00185312986883465
age_55,5,P_Q_15,0.000347917847255657
age_55,5,P_Q_16,3.53494232637479e-05
age_55,5,P_Q_17,1.53344172588826e-06
age_55,5,L_Q,0.714440756843553
age_55,5,beta_NQ_2,0.949461622802603
age_55,5,beta_NQ_3,0.945148500061631
age_55,5,beta_NQ_4,0.939751299968669
age_55,5,beta_NQ_5,0.931510500004377
age_55,5,beta_NQ_6,0.91745130001448
age_55,5,beta_NQ_7,0.895631604059103
age_55,5,beta_NQ_8,0.857395600286007
age_55,5,beta_NQ_9,0.804925800395733
age_55,5,beta_NQ_10,0.726425001123515
age_55,5,beta_NQ_11,0.61504049989533
age_55,5,beta_NQ_12,0.466364099355962
age_55,5,beta_NQ_13,0.31223812072514
age_55,5,beta_NQ_14,0.183897629855855
age_55,5,beta_NQ_15,0.0940209412956333
age_55,5,beta_NQ_16,0.0461569048697826
age_55,5,beta_NQ_17,0.0231602981609627
age_55,5,h_NQ_2,19.78693429
age_55,5,h_NQ_3,18.2310419972
age_55,5,h_NQ_4,16.59786849308
age_55,5,h_NQ_5,14.6007782222483
age_55,5,h_NQ_6,12.1140611561405
age_55,5,h_NQ_7,9.58144419278814
age_55,5,h_NQ_8,7.01240635218202
age_55,5,h_NQ_9,5.12625452360976
age_55,5,h_NQ_10,3.65530475870236
age_55,5,h_NQ_11,2.59767585568814
age_55,5,h_NQ_12,1.8739368895838
age_55,5,h_NQ_13,1.4539816232937
age_55,5,h_NQ_14,1.22533462604402
age_55,5,h_NQ_15,1.10377821897489
age_55,5,h_NQ_16,1.0483904520308
age_55,5,h_NQ_17,1.02370941500774
age_55,5,P_NQ_1,0.5419192751
age_55,5,P_NQ_2,0.127721053101957
age_55,5,P_NQ_3,0.123509026870121
age_55,5,P_NQ_4,0.123528981229091
age_55,5,P_NQ_5,0.122133897276961
age_55,5,P_NQ_6,0.118737056229559
age_55,5,P_NQ_7,0.104271281715934
age_55,5,P_NQ_8,0.0954020711476459
age_55,5,P_NQ_9,0.0820211753457595
age_55,5,P_NQ_10,0.0637980985707992
age_55,5,P_NQ_11,0.0479138291237038
age_55,5,P_NQ_12,0.0295848150549501
age_55,5,P_NQ_13,0.013969466672945
age_55,5,P_NQ_14,0.00432396731349088
age_55,5,P_NQ_15,0.000811810636262007
age_55,5,P_NQ_16,8.24819265317701e-05
age_55,5,P_NQ_17,3.57876165385333e-06
age_55,5,L_NQ,1.25769233256377
age_55,5,pi_Q,0.3
age_55,5,pi_NQ,0.7
age_55,5,y,0.188913292682318
age_55,5,nbar,3.31442693598523
age_55,5,Ptot,2.28533122205653
age_55,5,Pret,0.346441742866898
age_55,5,H,100.214137261046
age_55,5,cCheck,0
age_55,5,shareq,0.3
age_55,5,A,0.081653838
age_55,5,A_Q,2
age_55,5,xpop,0.774170393
age_55,5,h_Q_1,100
age_55,5,mig_Q_2,-0.165058893
age_55,5,med_Q_2,-51.88326008
age_55,5,mig_Q_3,0.001577366
age_55,5,med_Q_3,31.51252748
age_55,5,mig_Q_4,0.000801378
age_55,5,med_Q_4,23.28986693
age_55,5,mig_Q_5,0.000662022
age_55,5,med_Q_5,13.47116274
age_55,5,mig_Q_6,0.001614666
age_55,5,med_Q_6,4.193442862
age_55,5,mig_Q_7,-0.000223101
age_55,5,med_Q_7,-1.845096372
age_55,5,mig_Q_8,0.000765976
age_55,5,med_Q_8,-4.092289579
age_55,5,mig_Q_9,0.002049071
age_55,5,med_Q_9,-3.09752049
age_55,5,mig_Q_10,0.001288998
age_55,5,med_Q_10,-2.108065218
age_55,5,mig_Q_11,0.00291147
age_55,5,med_Q_11,-1.290191593
age_55,5,mig_Q_12,0.002550164
age_55,5,med_Q_12,-0.694904483
age_55,5,mig_Q_13,0.001845713
age_55,5,med_Q_13,-0.393915347
age_55,5,mig_Q_14,0.000724557
age_55,5,med_Q_14,-0.187307215
age_55,5,mig_Q_15,0.000161637
age_55,5,med_Q_15,-0.084394811
age_55,5,mig_Q_16,1.90825e-05
age_55,5,med_Q_16,-0.031259541
age_55,5,mig_Q_17,6.68805e-07
age_55,5,med_Q_17,0.000121058
age_55,5,h_NQ_1,100
age_55,5,mig_NQ_2,-0.320081036
age_55,5,med_NQ_2,-78.21306571
age_55,5,mig_NQ_3,0.017365766
age_55,5,med_NQ_3,13.34049298
age_55,5,mig_NQ_4,0.010915988
age_55,5,med_NQ_4,11.12036121
age_55,5,mig_NQ_5,0.008411442
age_55,5,med_NQ_5,6.701693065
age_55,5,mig_NQ_6,0.01014614
age_55,5,med_NQ_6,2.278515492
age_55,5,mig_NQ_7,0.005838243
age_55,5,med_NQ_7,-0.221329993
age_55,5,mig_NQ_8,0.008528654
age_55,5,med_NQ_8,-1.382827556
age_55,5,mig_NQ_9,0.011439399
age_55,5,med_NQ_9,-1.239771168
age_55,5,mig_NQ_10,0.009297435
age_55,5,med_NQ_10,-0.992322127
age_55,5,mig_NQ_11,0.011522249
age_55,5,med_NQ_11,-0.685426015
age_55,5,mig_NQ_12,0.009586528
age_55,5,med_NQ_12,-0.491104894
age_55,5,mig_NQ_13,0.006167834
age_55,5,med_NQ_13,-0.277891231
age_55,5,mig_NQ_14,0.002270714
age_55,5,med_NQ_14,-0.130178966
age_55,5,mig_NQ_15,0.000481035
age_55,5,med_NQ_15,-0.056397263
age_55,5,mig_NQ_16,5.39529e-05
age_55,5,med_NQ_16,-0.017522214
age_55,5,mig_NQ_17,2.07399e-06
age_55,5,med_NQ_17,0.005370061
age_55,6,beta_Q_2,0.980093000081986
age_55,6,beta_Q_3,0.978183700006992
age_55,6,beta_Q_4,0.973443299999527
age_55,6,beta_Q_5,0.968100100598134
age_55,6,beta_Q_6,0.960728801748327
age_55,6,beta_Q_7,0.947101200015067
age_55,6,beta_Q_8,0.918668900015711
age_55,6,beta_Q_9,0.873653601874638
age_55,6,beta_Q_10,0.800306106442391
age_55,6,beta_Q_11,0.685122807218345
age_55,6,beta_Q_12,0.533326745557311
age_55,6,beta_Q_13,0.364243208418866
age_55,6,beta_Q_14,0.210392979249286
age_55,6,beta_Q_15,0.10710457224437
age_55,6,beta_Q_16,0.0513792132987517
age_55,6,beta_Q_17,0.0258055017436974
age_55,6,h_Q_2,50.23358618
age_55,6,h_Q_3,45.8372868036
age_55,6,h_Q_4,37.6552809642
age_55,6,h_Q_5,31.3480606470836
age_55,6,h_Q_6,25.4639532233665
age_55,6,h_Q_7,18.9040205110541
age_55,6,h_Q_8,12.2954195889189
age_55,6,h_Q_9,7.91474866222584
age_55,6,h_Q_10,5.00766422959665
age_55,6,h_Q_11,3.1758412533735
age_55,6,h_Q_12,2.1428257621087
age_55,6,h_Q_13,1.57292752993167
age_55,6,h_Q_14,1.2664518469963
age_55,6,h_Q_15,1.1199518834963
age_55,6,h_Q_16,1.05416200440112
age_55,6,h_Q_17,1.02648906464705
age_55,6,P_Q_1,0.2354582187
age_55,6,P_Q_2,0.0635929234469698
age_55,6,P_Q_3,0.0556168589959095
age_55,6,P_Q_4,0.0529758844302472
age_55,6,P_Q_5,0.0517508194518871
age_55,6,P_Q_6,0.0502920915819097
age_55,6,P_Q_7,0.0478914644633732
age_55,6,P_Q_8,0.041124593240228
age_55,6,P_Q_9,0.0364065528619043
age_55,6,P_Q_10,0.0293843861916378
age_55,6,P_Q_11,0.0208241592190559
age_55,6,P_Q_12,0.013313518976254
age_55,6,P_Q_13,0.00629877882953141
age_55,6,P_Q_14,0.00203395992317637
age_55,6,P_Q_15,0.000382637137344718
age_55,6,P_Q_16,4.0045288246618e-05
age_55,6,P_Q_17,1.73611087779998e-06
age_55,6,L_Q,0.734847174144368
age_55,6,beta_NQ_2,0.953018000050538
age_55,6,beta_NQ_3,0.947439199997024
age_55,6,beta_NQ_4,0.940336200557962
age_55,6,beta_NQ_5,0.929724029308708
age_55,6,beta_NQ_6,0.91563551810666
age_55,6,beta_NQ_7,0.895088600099634
age_55,6,beta_NQ_8,0.856512600216809
age_55,6,beta_NQ_9,0.802585803990379
age_55,6,beta_NQ_10,0.722879507523622
age_55,6,beta_NQ_11,0.610812705042895
age_55,6,beta_NQ_12,0.454135636348191
age_55,6,beta_NQ_13,0.296270685092385
age_55,6,beta_NQ_14,0.16523660568129
age_55,6,beta_NQ_15,0.0820849260258682
age_55,6,beta_NQ_16,0.0388798004271116
age_55,6,beta_NQ_17,0.0193578988289396
age_55,6,h_NQ_2,21.28474735
age_55,6,h_NQ_3,19.0255856062
age_55,6,h_NQ_4,16.760581795256
age_55,6,h_NQ_5,14.2296089622184
age_55,6,h_NQ_6,11.8533269328033
age_55,6,h_NQ_7,9.53185259401771
age_55,6,h_NQ_8,6.96925304993238
age_55,6,h_NQ_9,5.06549174513838
age_55,6,h_NQ_10,3.60853852513757
age_55,6,h_NQ_11,2.56945691452831
age_55,6,h_NQ_12,1.83195646157438
age_55,6,h_NQ_13,1.42100053779213
age_55,6,h_NQ_14,1.19794394082783
age_55,6,h_NQ_15,1.08942537252314
age_55,6,h_NQ_16,1.04045258559539
age_55,6,h_NQ_17,1.01974002399018
age_55,6,P_NQ_1,0.5494025103
age_55,6,P_NQ_2,0.148383499364456
age_55,6,P_NQ_3,0.129772670765607
age_55,6,P_NQ_4,0.123610397559061
age_55,6,P_NQ_5,0.120751917069742
age_55,6,P_NQ_6,0.117348222832583
age_55,6,P_NQ_7,0.111746750132136
age_55,6,P_NQ_8,0.0959573911794244
age_55,6,P_NQ_9,0.0849486214779296
age_55,6,P_NQ_10,0.0685635673926954
age_55,6,P_NQ_11,0.0485897034373559
age_55,6,P_NQ_12,0.0310648887659716
age_55,6,P_NQ_13,0.0146972830547585
age_55,6,P_NQ_14,0.00474587881150494
age_55,6,P_NQ_15,0.000892819476945964
age_55,6,P_NQ_16,9.34391663102231e-05
age_55,6,P_NQ_17,4.05092601136641e-06
age_55,6,L_NQ,1.29388853768587
age_55,6,pi_Q,0.3
age_55,6,pi_NQ,0.7
age_55,6,y,0.302003479660609
age_55,6,nbar,3.46887174913152
age_55,6,Ptot,2.35796224056105
age_55,6,Pret,0.362286027047512
age_55,6,H,103.080842713693
age_55,6,cCheck,0
age_55,6,shareq,0.3
age_55,6,A,0.126438745
age_55,6,A_Q,2
age_55,6,xpop,0.784860729
age_55,6,h_Q_1,100
age_55,6,mig_Q_2,-0.163622038
age_55,6,med_Q_2,-47.76641382
age_55,6,mig_Q_3,0.002147842
age_55,6,med_Q_3,0.642881682
age_55,6,mig_Q_4,0.001485531
age_55,6,med_Q_4,-4.630571397
age_55,6,mig_Q_5,0.000478837
age_55,6,med_Q_5,-4.623294403
age_55,6,mig_Q_6,-2.53148e-05
age_55,6,med_Q_6,-5.621697255
age_55,6,mig_Q_7,-0.000311881
age_55,6,med_Q_7,-6.418846041
age_55,6,mig_Q_8,6.10891e-05
age_55,6,med_Q_8,-6.28513946
age_55,6,mig_Q_9,0.000629177
age_55,6,med_Q_9,-4.169053743
age_55,6,mig_Q_10,0.00115793
age_55,6,med_Q_10,-2.834788889
age_55,6,mig_Q_11,0.001987352
age_55,6,med_Q_11,-1.798386667
age_55,6,mig_Q_12,0.002103628
age_55,6,med_Q_12,-1.007610795
age_55,6,mig_Q_13,0.001452454
age_55,6,med_Q_13,-0.585214041
age_55,6,mig_Q_14,0.00063617
age_55,6,med_Q_14,-0.319888793
age_55,6,mig_Q_15,0.000155996
age_55,6,med_Q_15,-0.158538555
age_55,6,mig_Q_16,1.8863e-05
age_55,6,med_Q_16,-0.062394794
age_55,6,mig_Q_17,6.4673e-07
age_55,6,med_Q_17,-0.017044383
age_55,6,h_NQ_1,100
age_55,6,mig_NQ_2,-0.366148055
age_55,6,med_NQ_2,-76.71525265
age_55,6,mig_NQ_3,0.009057309
age_55,6,med_NQ_3,-0.365609998
age_55,6,mig_NQ_4,0.007542629
age_55,6,med_NQ_4,-1.105839362
age_55,6,mig_NQ_5,0.005683374
age_55,6,med_NQ_5,-2.036302161
age_55,6,mig_NQ_6,0.00529632
age_55,6,med_NQ_6,-2.455435725
age_55,6,mig_NQ_7,0.00540209
age_55,6,med_NQ_7,-2.339927339
age_55,6,mig_NQ_8,0.006555653
age_55,6,med_NQ_8,-2.420562259
age_55,6,mig_NQ_9,0.008157033
age_55,6,med_NQ_9,-1.80666648
age_55,6,mig_NQ_10,0.008981335
age_55,6,med_NQ_10,-1.415190908
age_55,6,mig_NQ_11,0.009351289
age_55,6,med_NQ_11,-1.012741749
age_55,6,mig_NQ_12,0.008719599
age_55,6,med_NQ_12,-0.713765877
age_55,6,mig_NQ_13,0.005459776
age_55,6,med_NQ_13,-0.415457614
age_55,6,mig_NQ_14,0.002176927
age_55,6,med_NQ_14,-0.22695805
age_55,6,mig_NQ_15,0.000486276
age_55,6,med_NQ_15,-0.111402561
age_55,6,mig_NQ_16,5.59685e-05
age_55,6,med_NQ_16,-0.041250069
age_55,6,mig_NQ_17,2.14062e-06
age_55,6,med_NQ_17,-0.007682619
age_55,7,beta_Q_2,0.982471202013489
age_55,7,beta_Q_3,0.98019100022191
age_55,7,beta_Q_4,0.975467800055399
age_55,7,beta_Q_5,0.969921200004865
age_55,7,beta_Q_6,0.962053899993213
age_55,7,beta_Q_7,0.948704999989433
age_55,7,beta_Q_8,0.921555200026118
age_55,7,beta_Q_9,0.879524100023635
age_55,7,beta_Q_10,0.809581700101734
age_55,7,beta_Q_11,0.701822499941256
age_55,7,beta_Q_12,0.564004501242922
age_55,7,beta_Q_13,0.398768598629999
age_55,7,beta_Q_14,0.24479335183729
age_55,7,beta_Q_15,0.13129522576739
age_55,7,beta_Q_16,0.063957127400127
age_55,7,beta_Q_17,0.0320524055387999
age_55,7,h_Q_2,57.04897084
age_55,7,h_Q_3,50.4821040984
age_55,7,h_Q_4,40.762752631528
age_55,7,h_Q_5,33.246007153916
age_55,7,h_Q_6,26.3531693591419
age_55,7,h_Q_7,19.4950774888992
age_55,7,h_Q_8,12.747817577833
age_55,7,h_Q_9,8.30041527114052
age_55,7,h_Q_10,5.25159609398132
age_55,7,h_Q_11,3.35370710300472
age_55,7,h_Q_12,2.29360165930603
age_55,7,h_Q_13,1.66325311286653
age_55,7,h_Q_14,1.32413518733303
age_55,7,h_Q_15,1.15113837105638
age_55,7,h_Q_16,1.06832709982638
age_55,7,h_Q_17,1.0331137801131
age_55,7,P_Q_1,0.2358901014
age_55,7,P_Q_2,0.0657660659596434
age_55,7,P_Q_3,0.0631562221516183
age_55,7,P_Q_4,0.0546893617565865
age_55,7,P_Q_5,0.0511453440461974
age_55,7,P_Q_6,0.0493387557615056
age_55,7,P_Q_7,0.0472443532884943
age_55,7,P_Q_8,0.0440902573787086
age_55,7,P_Q_9,0.0366807650099546
age_55,7,P_Q_10,0.0306768565698997
age_55,7,P_Q_11,0.0224795411560028
age_55,7,P_Q_12,0.0135552590652664
age_55,7,P_Q_13,0.00670016886725621
age_55,7,P_Q_14,0.00213355284357744
age_55,7,P_Q_15,0.000419747407533996
age_55,7,P_Q_16,5.2825195095658e-05
age_55,7,P_Q_17,1.19309975567497e-06
age_55,7,L_Q,0.750063561393209
age_55,7,beta_NQ_2,0.957769101087303
age_55,7,beta_NQ_3,0.951067400044386
age_55,7,beta_NQ_4,0.944235100027504
age_55,7,beta_NQ_5,0.933317200014092
age_55,7,beta_NQ_6,0.917863944448588
age_55,7,beta_NQ_7,0.897531433097593
age_55,7,beta_NQ_8,0.860720316055193
age_55,7,beta_NQ_9,0.810532600003745
age_55,7,beta_NQ_10,0.734017600170867
age_55,7,beta_NQ_11,0.628927800124643
age_55,7,beta_NQ_12,0.484616699454873
age_55,7,beta_NQ_13,0.327474613926273
age_55,7,beta_NQ_14,0.193547122720499
age_55,7,beta_NQ_15,0.101101276818328
age_55,7,beta_NQ_16,0.0484809100193364
age_55,7,beta_NQ_17,0.0240461982203856
age_55,7,h_NQ_2,23.6793438
age_55,7,h_NQ_3,20.436273568
age_55,7,h_NQ_4,17.932427027076
age_55,7,h_NQ_5,14.9963708803509
age_55,7,h_NQ_6,12.174914554974
age_55,7,h_NQ_7,9.75908717414728
age_55,7,h_NQ_8,7.17979204713736
age_55,7,h_NQ_9,5.27795282993373
age_55,7,h_NQ_10,3.75964725723561
age_55,7,h_NQ_11,2.69489333963482
age_55,7,h_NQ_12,1.94030345723774
age_55,7,h_NQ_13,1.48692582934289
age_55,7,h_NQ_14,1.23999617303628
age_55,7,h_NQ_15,1.11247215501127
age_55,7,h_NQ_16,1.05095105307268
age_55,7,h_NQ_17,1.02463866388348
age_55,7,P_NQ_1,0.5504102366
age_55,7,P_NQ_2,0.153454152588851
age_55,7,P_NQ_3,0.147364529930619
age_55,7,P_NQ_4,0.12760851116399
age_55,7,P_NQ_5,0.119339141883062
age_55,7,P_NQ_6,0.115123769148526
age_55,7,P_NQ_7,0.110236832499397
age_55,7,P_NQ_8,0.102877266521454
age_55,7,P_NQ_9,0.0855884569485576
age_55,7,P_NQ_10,0.0715793326587763
age_55,7,P_NQ_11,0.0524522630665231
age_55,7,P_NQ_12,0.0316289318904935
age_55,7,P_NQ_13,0.0156337248770131
age_55,7,P_NQ_14,0.00497830716470543
age_55,7,P_NQ_15,0.000979408111170118
age_55,7,P_NQ_16,0.000123259043081097
age_55,7,P_NQ_17,2.78390092809376e-06
age_55,7,L_NQ,1.32107605501777
age_55,7,pi_Q,0.3
age_55,7,pi_NQ,0.7
age_55,7,y,0.354570233867308
age_55,7,nbar,3.56124595169565
age_55,7,Ptot,2.41340127895424
age_55,7,Pret,0.375666376875591
age_55,7,H,106.22249615414
age_55,7,cCheck,-4.44089209850063e-16
age_55,7,shareq,0.3
age_55,7,A,0.145740715
age_55,7,A_Q,2
age_55,7,xpop,0.786300338
age_55,7,h_Q_1,100
age_55,7,mig_Q_2,-0.165004886
age_55,7,med_Q_2,-40.95102916
age_55,7,mig_Q_3,0.000950661
age_55,7,med_Q_3,1.253189642
age_55,7,mig_Q_4,0.000549503
age_55,7,med_Q_4,-4.157788436
age_55,7,mig_Q_5,-0.000140615
age_55,7,med_Q_5,-3.656168191
age_55,7,mig_Q_6,-0.000379747
age_55,7,med_Q_6,-4.367930075
age_55,7,mig_Q_7,-0.000387347
age_55,7,med_Q_7,-5.45959667
age_55,7,mig_Q_8,9.38584e-05
age_55,7,med_Q_8,-5.778122523
age_55,7,mig_Q_9,0.000752116
age_55,7,med_Q_9,-3.749095926
age_55,7,mig_Q_10,0.00154047
age_55,7,med_Q_10,-2.504857595
age_55,7,mig_Q_11,0.002347628
age_55,7,med_Q_11,-1.553803842
age_55,7,mig_Q_12,0.002449178
age_55,7,med_Q_12,-0.818722769
age_55,7,mig_Q_13,0.00185081
age_55,7,med_Q_13,-0.436716134
age_55,7,mig_Q_14,0.000808334
age_55,7,med_Q_14,-0.217333792
age_55,7,mig_Q_15,0.000201901
age_55,7,med_Q_15,-0.089984439
age_55,7,mig_Q_16,3.31656e-05
age_55,7,med_Q_16,-0.029225746
age_55,7,mig_Q_17,1.59711e-07
age_55,7,med_Q_17,3.50158e-05
age_55,7,h_NQ_1,100
age_55,7,mig_NQ_2,-0.370136329
age_55,7,med_NQ_2,-74.3206562
age_55,7,mig_NQ_3,0.006780186
age_55,7,med_NQ_3,-0.422778835
age_55,7,mig_NQ_4,0.005578571
age_55,7,med_NQ_4,-0.712646867
age_55,7,mig_NQ_5,0.004415585
age_55,7,med_NQ_5,-1.428999279
age_55,7,mig_NQ_6,0.004559025
age_55,7,med_NQ_6,-1.770102228
age_55,7,mig_NQ_7,0.005199776
age_55,7,med_NQ_7,-1.85717322
age_55,7,mig_NQ_8,0.007164767
age_55,7,med_NQ_8,-2.161423495
age_55,7,mig_NQ_9,0.008574417
age_55,7,med_NQ_9,-1.551915159
age_55,7,mig_NQ_10,0.010171715
age_55,7,med_NQ_10,-1.204534653
age_55,7,mig_NQ_11,0.010572765
age_55,7,med_NQ_11,-0.841474415
age_55,7,mig_NQ_12,0.009562616
age_55,7,med_NQ_12,-0.577764319
age_55,7,mig_NQ_13,0.006430109
age_55,7,med_NQ_13,-0.308391503
age_55,7,mig_NQ_14,0.002549778
age_55,7,med_NQ_14,-0.152584354
age_55,7,mig_NQ_15,0.000589843
age_55,7,med_NQ_15,-0.061512907
age_55,7,mig_NQ_16,8.85464e-05
age_55,7,med_NQ_16,-0.016685812
age_55,7,mig_NQ_17,9.75115e-07
age_55,7,med_NQ_17,0.00499513
age_55,8,beta_Q_2,0.984076900170265
age_55,8,beta_Q_3,0.981349700005238
age_55,8,beta_Q_4,0.976195800002336
age_55,8,beta_Q_5,0.970504804524301
age_55,8,beta_Q_6,0.962159300001863
age_55,8,beta_Q_7,0.948815299989353
age_55,8,beta_Q_8,0.921650599973983
age_55,8,beta_Q_9,0.880413700421122
age_55,8,beta_Q_10,0.811607402573308
age_55,8,beta_Q_11,0.705571507928962
age_55,8,beta_Q_12,0.56743200160931
age_55,8,beta_Q_13,0.406678020558233
age_55,8,beta_Q_14,0.250219899970082
age_55,8,beta_Q_15,0.131435124972837
age_55,8,beta_Q_16,0.0647460680280114
age_55,8,beta_Q_17,0.0321388047175256
age_55,8,h_Q_2,62.80184135
age_55,8,h_Q_3,53.6184404572
age_55,8,h_Q_4,42.009393304432
age_55,8,h_Q_5,33.9038216428974
age_55,8,h_Q_6,26.4265724468377
age_55,8,h_Q_7,19.5370882269591
age_55,8,h_Q_8,12.7633396001212
age_55,8,h_Q_9,8.36216189027632
age_55,8,h_Q_10,5.30806411871771
age_55,8,h_Q_11,3.3964103361017
age_55,8,h_Q_12,2.31177525794463
age_55,8,h_Q_13,1.68542545711991
age_55,8,h_Q_14,1.33372437760919
age_55,8,h_Q_15,1.15132444658637
age_55,8,h_Q_16,1.06922757063525
age_55,8,h_Q_17,1.03320599782985
age_55,8,P_Q_1,0.2371570851
age_55,8,P_Q_2,0.0619843694655418
age_55,8,P_Q_3,0.0635017429736429
age_55,8,P_Q_4,0.0605532080820492
age_55,8,P_Q_5,0.0517454613824486
age_55,8,P_Q_6,0.0480742257061389
age_55,8,P_Q_7,0.0458182892841978
age_55,8,P_Q_8,0.043174637444883
age_55,8,P_Q_9,0.0390164759408191
age_55,8,P_Q_10,0.0307427090977912
age_55,8,P_Q_11,0.0235298201682263
age_55,8,P_Q_12,0.0148994633978611
age_55,8,P_Q_13,0.00705889466152286
age_55,8,P_Q_14,0.00246174979489151
age_55,8,P_Q_15,0.000482071302284158
age_55,8,P_Q_16,5.83014384195248e-05
age_55,8,P_Q_17,1.05926057587226e-06
age_55,8,L_Q,0.750987825686743
age_55,8,beta_NQ_2,0.960777500039771
age_55,8,beta_NQ_3,0.95269410000342
age_55,8,beta_NQ_4,0.944511400034005
age_55,8,beta_NQ_5,0.933747900113122
age_55,8,beta_NQ_6,0.917632100015902
age_55,8,beta_NQ_7,0.89721959992845
age_55,8,beta_NQ_8,0.86024950002811
age_55,8,beta_NQ_9,0.81121900012386
age_55,8,beta_NQ_10,0.736195901222575
age_55,8,beta_NQ_11,0.632981405821706
age_55,8,beta_NQ_12,0.488113801320407
age_55,8,beta_NQ_13,0.334880909025814
age_55,8,beta_NQ_14,0.19806959828046
age_55,8,beta_NQ_15,0.101101897984911
age_55,8,beta_NQ_16,0.0489212004345328
age_55,8,beta_NQ_17,0.0239971028930627
age_55,8,h_NQ_2,25.49557014
age_55,8,h_NQ_3,21.13901226
age_55,8,h_NQ_4,18.02171977664
age_55,8,h_NQ_5,15.0938611745345
age_55,8,h_NQ_6,12.1406518817439
age_55,8,h_NQ_7,9.72948148887455
age_55,8,h_NQ_8,7.15560946166433
age_55,8,h_NQ_9,5.29714325319461
age_55,8,h_NQ_10,3.79069165333506
age_55,8,h_NQ_11,2.7246575540909
age_55,8,h_NQ_12,1.95355920984212
age_55,8,h_NQ_13,1.50349012409299
age_55,8,h_NQ_14,1.24699100675603
age_55,8,h_NQ_15,1.11247314657556
age_55,8,h_NQ_16,1.05143736391104
age_55,8,h_NQ_17,1.02458712001123
age_55,8,P_NQ_1,0.5533665319
age_55,8,P_NQ_2,0.144630194537632
age_55,8,P_NQ_3,0.148170732928693
age_55,8,P_NQ_4,0.141290830659544
age_55,8,P_NQ_5,0.120739411337542
age_55,8,P_NQ_6,0.112173204495897
age_55,8,P_NQ_7,0.106909353507473
age_55,8,P_NQ_8,0.100740841309804
age_55,8,P_NQ_9,0.0910384433149123
age_55,8,P_NQ_10,0.0717329927717079
age_55,8,P_NQ_11,0.0549029142234742
age_55,8,P_NQ_12,0.0347654146062372
age_55,8,P_NQ_13,0.0164708492597397
age_55,8,P_NQ_14,0.00574405146734978
age_55,8,P_NQ_15,0.00112483221074555
age_55,8,P_NQ_16,0.000136036096509847
age_55,8,P_NQ_17,2.47160038238312e-06
age_55,8,L_NQ,1.32274714015063
age_55,8,pi_Q,0.3
age_55,8,pi_NQ,0.7
age_55,8,y,0.322699405729014
age_55,8,nbar,3.58716514877792
age_55,8,Ptot,2.43419867072894
age_55,8,Pret,0.394168550613451
age_55,8,H,107.676007016806
age_55,8,cCheck,0
age_55,8,shareq,0.3
age_55,8,A,0.131969085
age_55,8,A_Q,2
age_55,8,xpop,0.790523617
age_55,8,h_Q_1,100
age_55,8,mig_Q_2,-0.169770862
age_55,8,med_Q_2,-35.19815865
age_55,8,mig_Q_3,-0.000961563
age_55,8,med_Q_3,-2.289550966
age_55,8,mig_Q_4,-0.001053653
age_55,8,med_Q_4,-7.463068712
age_55,8,mig_Q_5,-0.00129891
age_55,8,med_Q_5,-6.043675936
age_55,8,mig_Q_6,-0.001130352
age_55,8,med_Q_6,-6.154514564
age_55,8,mig_Q_7,-0.000989635
age_55,8,med_Q_7,-6.289017745
age_55,8,mig_Q_8,-0.000363642
age_55,8,med_Q_8,-6.341836339
age_55,8,mig_Q_9,0.000238032
age_55,8,med_Q_9,-4.130699336
age_55,8,mig_Q_10,0.001046633
age_55,8,med_Q_10,-2.826342847
age_55,8,mig_Q_11,0.002000112
age_55,8,med_Q_11,-1.750153836
age_55,8,mig_Q_12,0.002220901
age_55,8,med_Q_12,-0.974857703
age_55,8,mig_Q_13,0.001653483
age_55,8,med_Q_13,-0.562304169
age_55,8,mig_Q_14,0.000821593
age_55,8,med_Q_14,-0.296263673
age_55,8,mig_Q_15,0.000201946
age_55,8,med_Q_15,-0.146328037
age_55,8,mig_Q_16,3.14556e-05
age_55,8,med_Q_16,-0.058888033
age_55,8,mig_Q_17,-6.33914e-07
age_55,8,med_Q_17,-0.01375456
age_55,8,h_NQ_1,100
age_55,8,mig_NQ_2,-0.382535723
age_55,8,med_NQ_2,-72.50442986
age_55,8,mig_NQ_3,0.002225491
age_55,8,med_NQ_3,-2.066744664
age_55,8,mig_NQ_4,0.002144069
age_55,8,med_NQ_4,-2.00582832
age_55,8,mig_NQ_5,0.001640193
age_55,8,med_NQ_5,-2.479917312
age_55,8,mig_NQ_6,0.002636109
age_55,8,med_NQ_6,-2.555791581
age_55,8,mig_NQ_7,0.003582152
age_55,8,med_NQ_7,-2.201934775
age_55,8,mig_NQ_8,0.00585776
age_55,8,med_NQ_8,-2.408295969
age_55,8,mig_NQ_9,0.007653065
age_55,8,med_NQ_9,-1.739052953
age_55,8,mig_NQ_10,0.008909559
age_55,8,med_NQ_10,-1.38170212
age_55,8,mig_NQ_11,0.009884682
age_55,8,med_NQ_11,-0.959796758
age_55,8,mig_NQ_12,0.009346172
age_55,8,med_NQ_12,-0.687436263
age_55,8,mig_NQ_13,0.006113177
age_55,8,med_NQ_13,-0.398007264
age_55,8,mig_NQ_14,0.002718189
age_55,8,med_NQ_14,-0.210196306
age_55,8,mig_NQ_15,0.000621519
age_55,8,med_NQ_15,-0.102723103
age_55,8,mig_NQ_16,8.85535e-05
age_55,8,med_NQ_16,-0.038785348
age_55,8,mig_NQ_17,-4.92311e-07
age_55,8,med_NQ_17,-0.005344912
age_55,9,beta_Q_2,0.96266830069613
age_55,9,beta_Q_3,0.969614707442619
age_55,9,beta_Q_4,0.968790300004278
age_55,9,beta_Q_5,0.964848000001087
age_55,9,beta_Q_6,0.959020300055827
age_55,9,beta_Q_7,0.946032000001399
age_55,9,beta_Q_8,0.917943999970297
age_55,9,beta_Q_9,0.873158899942629
age_55,9,beta_Q_10,0.799224600206456
age_55,9,beta_Q_11,0.684108700263053
age_55,9,beta_Q_12,0.524296802675033
age_55,9,beta_Q_13,0.349467602064531
age_55,9,beta_Q_14,0.192348504105645
age_55,9,beta_Q_15,0.0924704818850259
age_55,9,beta_Q_16,0.0424817826895312
age_55,9,beta_Q_17,0.0212006195287917
age_55,9,h_Q_2,26.78688621
age_55,9,h_Q_3,32.910650873
age_55,9,h_Q_4,32.041320488056
age_55,9,h_Q_5,28.4478834783434
age_55,9,h_Q_6,24.4023260340395
age_55,9,h_Q_7,18.5294989619009
age_55,9,h_Q_8,12.1867992544199
age_55,9,h_Q_9,7.88387990511878
age_55,9,h_Q_10,4.98068986947079
age_55,9,h_Q_11,3.16564590534336
age_55,9,h_Q_12,2.10215109137966
age_55,9,h_Q_13,1.53720245078573
age_55,9,h_Q_14,1.23815779997752
age_55,9,h_Q_15,1.10188878805701
age_55,9,h_Q_16,1.04436624765465
age_55,9,h_Q_17,1.02165980522254
age_55,9,P_Q_1,0.2266226103
age_55,9,P_Q_2,0.0414496791586237
age_55,9,P_Q_3,0.0516282473800233
age_55,9,P_Q_4,0.0542348667836981
age_55,9,P_Q_5,0.0536468613729884
age_55,9,P_Q_6,0.0465962209020102
age_55,9,P_Q_7,0.0430398818851261
age_55,9,P_Q_8,0.0405670228085624
age_55,9,P_Q_9,0.0371925523171898
age_55,9,P_Q_10,0.0321428766958922
age_55,9,P_Q_11,0.02301255361595
age_55,9,P_Q_12,0.0151273569555638
age_55,9,P_Q_13,0.007414317282022
age_55,9,P_Q_14,0.00240623391610559
age_55,9,P_Q_15,0.000495740391943421
age_55,9,P_Q_16,5.76669213320421e-05
age_55,9,P_Q_17,8.54411595105203e-12
age_55,9,L_Q,0.685685958336997
age_55,9,beta_NQ_2,0.905323203444421
age_55,9,beta_NQ_3,0.921064334809679
age_55,9,beta_NQ_4,0.926780500018136
age_55,9,beta_NQ_5,0.920391449983453
age_55,9,beta_NQ_6,0.910466100140916
age_55,9,beta_NQ_7,0.891719300024289
age_55,9,beta_NQ_8,0.853882599839066
age_55,9,beta_NQ_9,0.800513300016735
age_55,9,beta_NQ_10,0.720826100181882
age_55,9,beta_NQ_11,0.609624400096542
age_55,9,beta_NQ_12,0.445819901310995
age_55,9,beta_NQ_13,0.283781100700842
age_55,9,beta_NQ_14,0.150601997808238
age_55,9,beta_NQ_15,0.0702885184474611
age_55,9,beta_NQ_16,0.0318585909122844
age_55,9,beta_NQ_17,0.0157289018500441
age_55,9,h_NQ_2,10.56224967
age_55,9,h_NQ_3,12.6685390672
age_55,9,h_NQ_4,13.6575639018
age_55,9,h_NQ_5,12.5614569281072
age_55,9,h_NQ_6,11.1689538810438
age_55,9,h_NQ_7,9.23525614610899
age_55,9,h_NQ_8,6.84381188609706
age_55,9,h_NQ_9,5.01286551943104
age_55,9,h_NQ_10,3.58199674313072
age_55,9,h_NQ_11,2.56163551226836
age_55,9,h_NQ_12,1.80446753900908
age_55,9,h_NQ_13,1.39622118364528
age_55,9,h_NQ_14,1.17730439361113
age_55,9,h_NQ_15,1.07560120862091
age_55,9,h_NQ_16,1.03290686064405
age_55,9,h_NQ_17,1.01598024863282
age_55,9,P_NQ_1,0.5287860907
age_55,9,P_NQ_2,0.0967159191245605
age_55,9,P_NQ_3,0.120465910018348
age_55,9,P_NQ_4,0.126548024402544
age_55,9,P_NQ_5,0.125176018433588
age_55,9,P_NQ_6,0.108724515580353
age_55,9,P_NQ_7,0.100426401660501
age_55,9,P_NQ_8,0.0946563969031318
age_55,9,P_NQ_9,0.0867826385589756
age_55,9,P_NQ_10,0.0750000478221221
age_55,9,P_NQ_11,0.0536959626084339
age_55,9,P_NQ_12,0.0352971661651882
age_55,9,P_NQ_13,0.017300073645996
age_55,9,P_NQ_14,0.00561456349621466
age_55,9,P_NQ_15,0.00115672150547207
age_55,9,P_NQ_16,0.000134555342037102
age_55,9,P_NQ_17,2.20511739353022e-12
age_55,9,L_NQ,1.20688789736331
age_55,9,pi_Q,0.3
age_55,9,pi_NQ,0.7
age_55,9,y,0.34641042826207
age_55,9,nbar,3.28305306222155
age_55,9,Ptot,2.25211569466525
age_55,9,Pret,0.392831027251188
age_55,9,H,92.6811482415096
age_55,9,cCheck,0
age_55,9,shareq,0.3
age_55,9,A,0.150728864
age_55,9,A_Q,2
age_55,9,xpop,0.755408701
age_55,9,h_Q_1,100
age_55,9,mig_Q_2,-0.19193113
age_55,9,med_Q_2,-71.21311379
age_55,9,mig_Q_3,-0.009200095
age_55,9,med_Q_3,-28.63515365
age_55,9,mig_Q_4,-0.007755268
age_55,9,med_Q_4,-20.50475116
age_55,9,mig_Q_5,-0.005120318
age_55,9,med_Q_5,-12.72132196
age_55,9,mig_Q_6,-0.003191156
age_55,9,med_Q_6,-8.823419176
age_55,9,mig_Q_7,-0.002573679
age_55,9,med_Q_7,-7.368542036
age_55,9,mig_Q_8,-0.001661431
age_55,9,med_Q_8,-6.959547208
age_55,9,mig_Q_9,-0.00081899
age_55,9,med_Q_9,-4.624192903
age_55,9,mig_Q_10,0.000476816
age_55,9,med_Q_10,-3.214228783
age_55,9,mig_Q_11,0.001321374
age_55,9,med_Q_11,-2.036256931
age_55,9,mig_Q_12,0.001775784
age_55,9,med_Q_12,-1.226331038
age_55,9,mig_Q_13,0.001355033
age_55,9,med_Q_13,-0.728337302
age_55,9,mig_Q_14,0.000639958
age_55,9,med_Q_14,-0.413559148
age_55,9,mig_Q_15,0.00017218
age_55,9,med_Q_15,-0.205161102
age_55,9,mig_Q_16,2.64547e-05
age_55,9,med_Q_16,-0.08393171
age_55,9,mig_Q_17,-1.87373e-06
age_55,9,med_Q_17,-0.026183214
age_55,9,h_NQ_1,100
age_55,9,mig_NQ_2,-0.434946194
age_55,9,med_NQ_2,-87.43775033
age_55,9,mig_NQ_3,-0.017322423
age_55,9,med_NQ_3,-12.31711967
age_55,9,mig_NQ_4,-0.013400922
age_55,9,med_NQ_4,-7.058668113
age_55,9,mig_NQ_5,-0.006753998
age_55,9,med_NQ_5,-5.099828453
age_55,9,mig_NQ_6,-0.002069844
age_55,9,med_NQ_6,-3.62303007
age_55,9,mig_NQ_7,-0.000217596
age_55,9,med_NQ_7,-2.662582698
age_55,9,mig_NQ_8,0.002687679
age_55,9,med_NQ_8,-2.691079973
age_55,9,mig_NQ_9,0.005059754
age_55,9,med_NQ_9,-1.999631753
age_55,9,mig_NQ_10,0.007977919
age_55,9,med_NQ_10,-1.609203645
age_55,9,mig_NQ_11,0.008290312
age_55,9,med_NQ_11,-1.153242308
age_55,9,mig_NQ_12,0.008498296
age_55,9,med_NQ_12,-0.865696864
age_55,9,mig_NQ_13,0.0056578
age_55,9,med_NQ_13,-0.518266842
age_55,9,mig_NQ_14,0.002352189
age_55,9,med_NQ_14,-0.296115928
age_55,9,mig_NQ_15,0.000575987
age_55,9,med_NQ_15,-0.146449978
age_55,9,mig_NQ_16,7.95272e-05
age_55,9,med_NQ_16,-0.057316823
age_55,9,mig_NQ_17,-3.26447e-06
age_55,9,med_NQ_17,-0.014428368
age_55,10,beta_Q_2,0.986426700069285
age_55,10,beta_Q_3,0.987473200142563
age_55,10,beta_Q_4,0.984694600000777
age_55,10,beta_Q_5,0.980313000051596
age_55,10,beta_Q_6,0.97328560153488
age_55,10,beta_Q_7,0.962059500005814
age_55,10,beta_Q_8,0.939212103062337
age_55,10,beta_Q_9,0.902843200521366
age_55,10,beta_Q_10,0.840300099934678
age_55,10,beta_Q_11,0.742515600294894
age_55,10,beta_Q_12,0.605056707370968
age_55,10,beta_Q_13,0.440940987893285
age_55,10,beta_Q_14,0.277381426484267
age_55,10,beta_Q_15,0.155285704313517
age_55,10,beta_Q_16,0.0771783404487145
age_55,10,beta_Q_17,0.0382366976780276
age_55,10,h_Q_2,73.67405126
age_55,10,h_Q_3,79.8288469458
age_55,10,h_Q_4,65.33641721554
age_55,10,h_Q_5,50.7949408282949
age_55,10,h_Q_6,37.4329949397765
age_55,10,h_Q_7,26.3570590833587
age_55,10,h_Q_8,16.4506423146629
age_55,10,h_Q_9,10.2926403463315
age_55,10,h_Q_10,6.26174468001641
age_55,10,h_Q_11,3.88373043608137
age_55,10,h_Q_12,2.53200133323649
age_55,10,h_Q_13,1.78871901655207
age_55,10,h_Q_14,1.38385588177002
age_55,10,h_Q_15,1.18383221897797
age_55,10,h_Q_16,1.08363083129587
age_55,10,h_Q_17,1.03975676670155
age_55,10,P_Q_1,0.228139101
age_55,10,P_Q_2,0.0460741171568224
age_55,10,P_Q_3,0.0462082265309793
age_55,10,P_Q_4,0.0573718052679878
age_55,10,P_Q_5,0.0582240677465765
age_55,10,P_Q_6,0.0546503800909767
age_55,10,P_Q_7,0.0460425580524357
age_55,10,P_Q_8,0.0416365793358818
age_55,10,P_Q_9,0.0380139590094719
age_55,10,P_Q_10,0.0329401667563637
age_55,10,P_Q_11,0.0259605915991423
age_55,10,P_Q_12,0.0158181112822303
age_55,10,P_Q_13,0.00797567816083508
age_55,10,P_Q_14,0.00270104683816156
age_55,10,P_Q_15,0.000519900609750377
age_55,10,P_Q_16,6.34524356009634e-05
age_55,10,P_Q_17,1.06309045855739e-06
age_55,10,L_Q,0.712568558824101
age_55,10,beta_NQ_2,0.965960400004401
age_55,10,beta_NQ_3,0.968815599997748
age_55,10,beta_NQ_4,0.964758999992157
age_55,10,beta_NQ_5,0.955200000144948
age_55,10,beta_NQ_6,0.94075630351581
age_55,10,beta_NQ_7,0.922422428101573
age_55,10,beta_NQ_8,0.889363701409856
age_55,10,beta_NQ_9,0.84350539996961
age_55,10,beta_NQ_10,0.772416900029399
age_55,10,beta_NQ_11,0.674246481443401
age_55,10,beta_NQ_12,0.526415033258905
age_55,10,beta_NQ_13,0.366288453122011
age_55,10,beta_NQ_14,0.221180203623582
age_55,10,beta_NQ_15,0.120159597731927
age_55,10,beta_NQ_16,0.0586116104771719
age_55,10,beta_NQ_17,0.0286947287857468
age_55,10,h_NQ_2,29.3775485
age_55,10,h_NQ_3,32.0673157066
age_55,10,h_NQ_4,28.376039265856
age_55,10,h_NQ_5,22.321428572764
age_55,10,h_NQ_6,16.8794319055451
age_55,10,h_NQ_7,12.8903188534229
age_55,10,h_NQ_8,9.03862475718681
age_55,10,h_NQ_9,6.38999683537512
age_55,10,h_NQ_10,4.39399937904242
age_55,10,h_NQ_11,3.0697983132681
age_55,10,h_NQ_12,2.11155202702299
age_55,10,h_NQ_13,1.5780048862289
age_55,10,h_NQ_14,1.28399406397237
age_55,10,h_NQ_15,1.13656976573891
age_55,10,h_NQ_16,1.06226012444849
age_55,10,h_NQ_17,1.02954240843116
age_55,10,P_NQ_1,0.532324569
age_55,10,P_NQ_2,0.107506275569376
age_55,10,P_NQ_3,0.10781919871397
age_55,10,P_NQ_4,0.133867544321945
age_55,10,P_NQ_5,0.135856164672399
age_55,10,P_NQ_6,0.127517561334397
age_55,10,P_NQ_7,0.107432634928792
age_55,10,P_NQ_8,0.0971520259423504
age_55,10,P_NQ_9,0.0886992446526199
age_55,10,P_NQ_10,0.0768603999159602
age_55,10,P_NQ_11,0.0605747141607732
age_55,10,P_NQ_12,0.0369089277508909
age_55,10,P_NQ_13,0.0186099156659776
age_55,10,P_NQ_14,0.00630244265331665
age_55,10,P_NQ_15,0.00121309134987813
age_55,10,P_NQ_16,0.000148055517242276
age_55,10,P_NQ_17,2.48052576830068e-06
age_55,10,L_NQ,1.2536647965959
age_55,10,pi_Q,0.3
age_55,10,pi_NQ,0.7
age_55,10,y,0.163430668359039
age_55,10,nbar,3.31026935061871
age_55,10,Ptot,2.34113605163933
age_55,10,Pret,0.413313241974442
age_55,10,H,111.642024990806
age_55,10,cCheck,-4.44089209850063e-16
age_55,10,shareq,0.3
age_55,10,A,0.070701597
age_55,10,A_Q,2
age_55,10,xpop,0.76046367
age_55,10,h_Q_1,100
age_55,10,mig_Q_2,-0.172088286
age_55,10,med_Q_2,-24.32594874
age_55,10,mig_Q_3,0.006018008
age_55,10,med_Q_3,53.57769846
age_55,10,mig_Q_4,0.00735486
age_55,10,med_Q_4,33.08397936
age_55,10,mig_Q_5,0.005895665
age_55,10,med_Q_5,19.39444675
age_55,10,mig_Q_6,0.003201951
age_55,10,med_Q_6,9.554069131
age_55,10,mig_Q_7,0.001961042
age_55,10,med_Q_7,2.44277957
age_55,10,mig_Q_8,0.002128378
age_55,10,med_Q_8,-1.708266668
age_55,10,mig_Q_9,0.002592502
age_55,10,med_Q_9,-1.650422923
age_55,10,mig_Q_10,0.003214964
age_55,10,med_Q_10,-1.464457627
age_55,10,mig_Q_11,0.00397137
age_55,10,med_Q_11,-0.997345636
age_55,10,mig_Q_12,0.003752703
age_55,10,med_Q_12,-0.570331654
age_55,10,mig_Q_13,0.002689157
age_55,10,med_Q_13,-0.271389053
age_55,10,mig_Q_14,0.001274914
age_55,10,med_Q_14,-0.12260252
age_55,10,mig_Q_15,0.000297395
age_55,10,med_Q_15,-0.029562425
age_55,10,mig_Q_16,4.23925e-05
age_55,10,med_Q_16,0.003779819
age_55,10,mig_Q_17,-1.59484e-07
age_55,10,med_Q_17,0.016277844
age_55,10,h_NQ_1,100
age_55,10,mig_NQ_2,-0.371216042
age_55,10,med_NQ_2,-68.6224515
age_55,10,mig_NQ_3,0.018737615
age_55,10,med_NQ_3,21.71631103
age_55,10,mig_NQ_4,0.022222088
age_55,10,med_NQ_4,15.96087098
age_55,10,mig_NQ_5,0.019382445
age_55,10,med_NQ_5,8.937015949
age_55,10,mig_NQ_6,0.01354904
age_55,10,med_NQ_6,4.569204116
age_55,10,mig_NQ_7,0.010480886
age_55,10,med_NQ_7,1.94474405
age_55,10,mig_NQ_8,0.011399669
age_55,10,med_NQ_8,-0.011926266
age_55,10,mig_NQ_9,0.01292554
age_55,10,med_NQ_9,-0.316938813
age_55,10,mig_NQ_10,0.014305209
age_55,10,med_NQ_10,-0.51860883
age_55,10,mig_NQ_11,0.014852855
age_55,10,med_NQ_11,-0.440558495
age_55,10,mig_NQ_12,0.012970199
age_55,10,med_NQ_12,-0.398850775
age_55,10,mig_NQ_13,0.008593247
age_55,10,med_NQ_13,-0.190373302
age_55,10,mig_NQ_14,0.003697017
age_55,10,med_NQ_14,-0.084302696
age_55,10,mig_NQ_15,0.000818452
age_55,10,med_NQ_15,-0.01718854
age_55,10,mig_NQ_16,0.000111204
age_55,10,med_NQ_16,0.00817094
age_55,10,mig_NQ_17,3.64118e-07
age_55,10,med_NQ_17,0.017293685
age_55,11,beta_Q_2,0.993591100002428
age_55,11,beta_Q_3,0.991658700496937
age_55,11,beta_Q_4,0.988412000144944
age_55,11,beta_Q_5,0.983095300000944
age_55,11,beta_Q_6,0.975058800018706
age_55,11,beta_Q_7,0.962736404057653
age_55,11,beta_Q_8,0.941151100012965
age_55,11,beta_Q_9,0.907147799994951
age_55,11,beta_Q_10,0.848107599906427
age_55,11,beta_Q_11,0.750221225887767
age_55,11,beta_Q_12,0.616204873850281
age_55,11,beta_Q_13,0.447024208628429
age_55,11,beta_Q_14,0.279029953486581
age_55,11,beta_Q_15,0.149287502194982
age_55,11,beta_Q_16,0.0709255058263431
age_55,11,beta_Q_17,0.0340335968057298
age_55,11,h_Q_2,156.03301659
age_55,11,h_Q_3,119.8853895648
age_55,11,h_Q_4,86.296168443884
age_55,11,h_Q_5,59.1551462052292
age_55,11,h_Q_6,40.094301801729
age_55,11,h_Q_7,26.835839800981
age_55,11,h_Q_8,16.9926710646915
age_55,11,h_Q_9,10.7698040533697
age_55,11,h_Q_10,6.58360786540487
age_55,11,h_Q_11,4.00353912341608
age_55,11,h_Q_12,2.60555494335975
age_55,11,h_Q_13,1.80839740357176
age_55,11,h_Q_14,1.38701295622103
age_55,11,h_Q_15,1.17548525513462
age_55,11,h_Q_16,1.07633995359841
age_55,11,h_Q_17,1.03523269166995
age_55,11,P_Q_1,0.2458306653
age_55,11,P_Q_2,0.0619474285562033
age_55,11,P_Q_3,0.0470410209125907
age_55,11,P_Q_4,0.047841618140668
age_55,11,P_Q_5,0.0581952385406371
age_55,11,P_Q_6,0.0579836048005343
age_55,11,P_Q_7,0.0531009223454527
age_55,11,P_Q_8,0.0440684367787978
age_55,11,P_Q_9,0.0387561435463693
age_55,11,P_Q_10,0.033816558554572
age_55,11,P_Q_11,0.0269581076929153
age_55,11,P_Q_12,0.0185859610743795
age_55,11,P_Q_13,0.00903058161539256
age_55,11,P_Q_14,0.00325755898543185
age_55,11,P_Q_15,0.000714998960647717
age_55,11,P_Q_16,9.42372662588088e-05
age_55,11,P_Q_17,1.15970085571844e-11
age_55,11,L_Q,0.75756097997781
age_55,11,beta_NQ_2,0.983665399999646
age_55,11,beta_NQ_3,0.978835400001824
age_55,11,beta_NQ_4,0.972980100144218
age_55,11,beta_NQ_5,0.961216512998593
age_55,11,beta_NQ_6,0.944081100012597
age_55,11,beta_NQ_7,0.923078700404588
age_55,11,beta_NQ_8,0.891839629677109
age_55,11,beta_NQ_9,0.849085600046479
age_55,11,beta_NQ_10,0.781791099620542
age_55,11,beta_NQ_11,0.682715361040902
age_55,11,beta_NQ_12,0.537869174743662
age_55,11,beta_NQ_13,0.372200304897387
age_55,11,beta_NQ_14,0.223064448964196
age_55,11,beta_NQ_15,0.115793400331142
age_55,11,beta_NQ_16,0.0540179978328478
age_55,11,beta_NQ_17,0.025615596515411
age_55,11,h_NQ_2,61.21974214
age_55,11,h_NQ_3,47.24870775
age_55,11,h_NQ_4,37.009759471468
age_55,11,h_NQ_5,25.7841607835389
age_55,11,h_NQ_6,17.8830413343087
age_55,11,h_NQ_7,13.0003003064342
age_55,11,h_NQ_8,9.24552793635446
age_55,11,h_NQ_9,6.62627290904307
age_55,11,h_NQ_10,4.58276448966762
age_55,11,h_NQ_11,3.15174253546158
age_55,11,h_NQ_12,2.16388859600274
age_55,11,h_NQ_13,1.59286473048253
age_55,11,h_NQ_14,1.28710051350432
age_55,11,h_NQ_15,1.13095740269293
age_55,11,h_NQ_16,1.05710256342413
age_55,11,h_NQ_17,1.02628900495952
age_55,11,P_NQ_1,0.5736048857
age_55,11,P_NQ_2,0.14454400060341
age_55,11,P_NQ_3,0.109762384869268
age_55,11,P_NQ_4,0.111630444331245
age_55,11,P_NQ_5,0.135788889355725
age_55,11,P_NQ_6,0.135295084287042
age_55,11,P_NQ_7,0.123902163551665
age_55,11,P_NQ_8,0.102826353852484
age_55,11,P_NQ_9,0.0904310065003603
age_55,11,P_NQ_10,0.0789053085895259
age_55,11,P_NQ_11,0.0629023192056688
age_55,11,P_NQ_12,0.0433671901695921
age_55,11,P_NQ_13,0.0210713480522659
age_55,11,P_NQ_14,0.00760097093641862
age_55,11,P_NQ_15,0.00166833197395107
age_55,11,P_NQ_16,0.000219884237672283
age_55,11,P_NQ_17,2.29125005838702e-11
age_55,11,L_NQ,1.33295978596932
age_55,11,pi_Q,0.3
age_55,11,pi_NQ,0.7
age_55,11,y,0.381346864429399
age_55,11,nbar,3.6529451943463
age_55,11,Ptot,2.49074364932166
age_55,11,Pret,0.437380507395931
age_55,11,H,135.967319579727
age_55,11,cCheck,0
age_55,11,shareq,0.3
age_55,11,A,0.153982005
age_55,11,A_Q,2
age_55,11,xpop,0.819435551
age_55,11,h_Q_1,100
age_55,11,mig_Q_2,-0.163095072
age_55,11,med_Q_2,58.03301659
age_55,11,mig_Q_3,0.001544065
age_55,11,med_Q_3,47.68481933
age_55,11,mig_Q_4,0.002340627
age_55,11,med_Q_4,8.063898437
age_55,11,mig_Q_5,0.001952912
age_55,11,med_Q_5,-4.874542666
age_55,11,mig_Q_6,0.001314958
age_55,11,med_Q_6,-9.68474021
age_55,11,mig_Q_7,0.000524005
age_55,11,med_Q_7,-9.84849524
age_55,11,mig_Q_8,0.000824709
age_55,11,med_Q_8,-8.837246837
age_55,11,mig_Q_9,0.001164841
age_55,11,med_Q_9,-5.351825415
age_55,11,mig_Q_10,0.001873425
age_55,11,med_Q_10,-3.503179674
age_55,11,mig_Q_11,0.00249952
age_55,11,med_Q_11,-2.132970663
age_55,11,mig_Q_12,0.002878331
age_55,11,med_Q_12,-1.200500884
age_55,11,mig_Q_13,0.002055728
age_55,11,med_Q_13,-0.672963903
age_55,11,mig_Q_14,0.001045254
age_55,11,med_Q_14,-0.36593168
age_55,11,mig_Q_15,0.000295565
age_55,11,med_Q_15,-0.180693509
age_55,11,mig_Q_16,5.41122e-05
age_55,11,med_Q_16,-0.083815621
age_55,11,mig_Q_17,-2.4262e-06
age_55,11,med_Q_17,-0.026725523
age_55,11,h_NQ_1,100
age_55,11,mig_NQ_2,-0.369660453
age_55,11,med_NQ_2,-36.78025786
age_55,11,mig_NQ_3,0.005608628
age_55,11,med_NQ_3,18.45871022
age_55,11,mig_NQ_4,0.007610902
age_55,11,med_NQ_4,5.583790079
age_55,11,mig_NQ_5,0.007918611
age_55,11,med_NQ_5,-2.024357697
age_55,11,mig_NQ_6,0.007487541
age_55,11,med_NQ_6,-3.991958667
age_55,11,mig_NQ_7,0.006277105
age_55,11,med_NQ_7,-3.541542961
age_55,11,mig_NQ_8,0.007279668
age_55,11,med_NQ_8,-3.38698454
age_55,11,mig_NQ_9,0.008482748
age_55,11,med_NQ_9,-2.231579353
age_55,11,mig_NQ_10,0.010392513
age_55,11,med_NQ_10,-1.679432409
age_55,11,mig_NQ_11,0.011079465
age_55,11,med_NQ_11,-1.154376856
age_55,11,mig_NQ_12,0.01147975
age_55,11,med_NQ_12,-0.844513751
age_55,11,mig_NQ_13,0.007552034
age_55,11,med_NQ_13,-0.476456256
age_55,11,mig_NQ_14,0.003484826
age_55,11,med_NQ_14,-0.259344275
age_55,11,mig_NQ_15,0.000911033
age_55,11,med_NQ_15,-0.12735678
age_55,11,mig_NQ_16,0.000148783
age_55,11,med_NQ_16,-0.056735807
age_55,11,mig_NQ_17,-4.24839e-06
age_55,11,med_NQ_17,-0.014725917
age_55,12,beta_Q_2,0.994794700000283
age_55,12,beta_Q_3,0.993151300000353
age_55,12,beta_Q_4,0.990040699999411
age_55,12,beta_Q_5,0.985406799999085
age_55,12,beta_Q_6,0.977888601593333
age_55,12,beta_Q_7,0.965888600186084
age_55,12,beta_Q_8,0.944514900010858
age_55,12,beta_Q_9,0.912696100054757
age_55,12,beta_Q_10,0.85859640011135
age_55,12,beta_Q_11,0.767505400001658
age_55,12,beta_Q_12,0.638155199373967
age_55,12,beta_Q_13,0.470897593289184
age_55,12,beta_Q_14,0.297350425750987
age_55,12,beta_Q_15,0.160490828553725
age_55,12,beta_Q_16,0.0768615017820746
age_55,12,beta_Q_17,0.0364280247042793
age_55,12,h_Q_2,192.11188596
age_55,12,h_Q_3,146.0131119812
age_55,12,h_Q_4,100.408663253504
age_55,12,h_Q_5,68.5250664650063
age_55,12,h_Q_6,45.2255397711246
age_55,12,h_Q_7,29.3157126396944
age_55,12,h_Q_8,18.0228565869614
age_55,12,h_Q_9,11.4542420253977
age_55,12,h_Q_10,7.07195573430226
age_55,12,h_Q_11,4.30117516309678
age_55,12,h_Q_12,2.76361577694776
age_55,12,h_Q_13,1.88998546249255
age_55,12,h_Q_14,1.42318386650033
age_55,12,h_Q_15,1.19117217809661
age_55,12,h_Q_16,1.08326107103193
age_55,12,h_Q_17,1.03779881652644
age_55,12,P_Q_1,0.264807645
age_55,12,P_Q_2,0.0617253131497558
age_55,12,P_Q_3,0.0621279115011714
age_55,12,P_Q_4,0.0470734635690739
age_55,12,P_Q_5,0.0475125439385306
age_55,12,P_Q_6,0.0571084784582359
age_55,12,P_Q_7,0.0559398941799664
age_55,12,P_Q_8,0.0503188094771259
age_55,12,P_Q_9,0.040765321473103
age_55,12,P_Q_10,0.0343554498847402
age_55,12,P_Q_11,0.0278630880141164
age_55,12,P_Q_12,0.0195343213501552
age_55,12,P_Q_13,0.0108637735408733
age_55,12,P_Q_14,0.00375782376809976
age_55,12,P_Q_15,0.000857172844187942
age_55,12,P_Q_16,0.000128705962949249
age_55,12,P_Q_17,5.31239265008406e-11
age_55,12,L_Q,0.793002156634892
age_55,12,beta_NQ_2,0.9858635999994
age_55,12,beta_NQ_3,0.9818701999993
age_55,12,beta_NQ_4,0.976348704006461
age_55,12,beta_NQ_5,0.966116906483536
age_55,12,beta_NQ_6,0.949930801722291
age_55,12,beta_NQ_7,0.928669100105706
age_55,12,beta_NQ_8,0.896660599994639
age_55,12,beta_NQ_9,0.856564299964593
age_55,12,beta_NQ_10,0.79491340015851
age_55,12,beta_NQ_11,0.702279799376932
age_55,12,beta_NQ_12,0.560721899993885
age_55,12,beta_NQ_13,0.394610637288873
age_55,12,beta_NQ_14,0.238564330831283
age_55,12,beta_NQ_15,0.124762311463605
age_55,12,beta_NQ_16,0.0583731004118958
age_55,12,beta_NQ_17,0.0272748173711475
age_55,12,h_NQ_2,70.73936787
age_55,12,h_NQ_3,55.1578064822
age_55,12,h_NQ_4,42.280973987
age_55,12,h_NQ_5,29.5132381610386
age_55,12,h_NQ_6,19.9723582498681
age_55,12,h_NQ_7,14.0191698136225
age_55,12,h_NQ_8,9.67685122930548
age_55,12,h_NQ_9,6.97176504662737
age_55,12,h_NQ_10,4.87598897486221
age_55,12,h_NQ_11,3.35885840987426
age_55,12,h_NQ_12,2.27646222275234
age_55,12,h_NQ_13,1.65182638508269
age_55,12,h_NQ_14,1.31330835787288
age_55,12,h_NQ_15,1.14254676423424
age_55,12,h_NQ_16,1.06199175063907
age_55,12,h_NQ_17,1.02803661115565
age_55,12,P_NQ_1,0.617884505
age_55,12,P_NQ_2,0.144025731333841
age_55,12,P_NQ_3,0.144965127648503
age_55,12,P_NQ_4,0.109838085222169
age_55,12,P_NQ_5,0.110862607444563
age_55,12,P_NQ_6,0.133253115032442
age_55,12,P_NQ_7,0.130526425574811
age_55,12,P_NQ_8,0.11741056965811
age_55,12,P_NQ_9,0.0951190853614283
age_55,12,P_NQ_10,0.080162720011709
age_55,12,P_NQ_11,0.0650138712417419
age_55,12,P_NQ_12,0.0455801145206155
age_55,12,P_NQ_13,0.0253487774036651
age_55,12,P_NQ_14,0.00876827064221149
age_55,12,P_NQ_15,0.00200007027054609
age_55,12,P_NQ_16,0.000300312952953359
age_55,12,P_NQ_17,3.59123119400391e-11
age_55,12,L_NQ,1.39616087372694
age_55,12,pi_Q,0.3
age_55,12,pi_NQ,0.7
age_55,12,y,0.523703970266795
age_55,12,nbar,3.97876178503665
age_55,12,Ptot,2.61579910552043
age_55,12,Pret,0.460418879332132
age_55,12,H,154.038462218098
age_55,12,cCheck,4.44089209850063e-16
age_55,12,shareq,0.3
age_55,12,A,0.199187605
age_55,12,A_Q,2
age_55,12,xpop,0.88269215
age_55,12,h_Q_1,100
age_55,12,mig_Q_2,-0.182529848
age_55,12,med_Q_2,94.11188596
age_55,12,mig_Q_3,0.000697205
age_55,12,med_Q_3,-6.899244277
age_55,12,mig_Q_4,0.000577554
age_55,12,med_Q_4,-17.07901852
age_55,12,mig_Q_5,0.000479674
age_55,12,med_Q_5,-16.04517861
age_55,12,mig_Q_6,0.000364699
age_55,12,med_Q_6,-12.74650351
age_55,12,mig_Q_7,0.000116967
age_55,12,med_Q_7,-9.976703126
age_55,12,mig_Q_8,0.000342818
age_55,12,med_Q_8,-8.276266418
age_55,12,mig_Q_9,0.000788736
age_55,12,med_Q_9,-5.198575618
age_55,12,mig_Q_10,0.00148607
age_55,12,med_Q_10,-3.482452238
age_55,12,mig_Q_11,0.002493188
age_55,12,med_Q_11,-2.150760545
age_55,12,mig_Q_12,0.002922604
age_55,12,med_Q_12,-1.159852564
age_55,12,mig_Q_13,0.002555399
age_55,12,med_Q_13,-0.663458382
age_55,12,mig_Q_14,0.001238021
age_55,12,med_Q_14,-0.349045589
age_55,12,mig_Q_15,0.00037086
age_55,12,med_Q_15,-0.168100519
age_55,12,mig_Q_16,7.79943e-05
age_55,12,med_Q_16,-0.068714479
age_55,12,mig_Q_17,-3.20718e-06
age_55,12,med_Q_17,-0.017014338
age_55,12,h_NQ_1,100
age_55,12,mig_NQ_2,-0.420209548
age_55,12,med_NQ_2,-27.26063213
age_55,12,mig_NQ_3,0.003480343
age_55,12,med_NQ_3,-4.837540815
age_55,12,mig_NQ_4,0.003041469
age_55,12,med_NQ_4,-4.022759608
age_55,12,mig_NQ_5,0.003561581
age_55,12,med_NQ_5,-6.756326121
age_55,12,mig_NQ_6,0.005057391
age_55,12,med_NQ_6,-5.296119318
age_55,12,mig_NQ_7,0.005638415
age_55,12,med_NQ_7,-3.506210694
age_55,12,mig_NQ_8,0.00690971
age_55,12,med_NQ_8,-3.063443071
age_55,12,mig_NQ_9,0.007810709
age_55,12,med_NQ_9,-2.088852331
age_55,12,mig_NQ_10,0.009464564
age_55,12,med_NQ_10,-1.617758476
age_55,12,mig_NQ_11,0.011144005
age_55,12,med_NQ_11,-1.13225079
age_55,12,mig_NQ_12,0.011746896
age_55,12,med_NQ_12,-0.812245462
age_55,12,mig_NQ_13,0.009207496
age_55,12,med_NQ_13,-0.468784439
age_55,12,mig_NQ_14,0.004068002
age_55,12,med_NQ_14,-0.247699078
age_55,12,mig_NQ_15,0.001119928
age_55,12,med_NQ_15,-0.118811739
age_55,12,mig_NQ_16,0.000210193
age_55,12,med_NQ_16,-0.046346504
age_55,12,mig_NQ_17,-5.63243e-06
age_55,12,med_NQ_17,-0.007923901
age_55,13,beta_Q_2,0.99543669999992
age_55,13,beta_Q_3,0.993858200189183
age_55,13,beta_Q_4,0.990898000056964
age_55,13,beta_Q_5,0.986666900084058
age_55,13,beta_Q_6,0.980067900403587
age_55,13,beta_Q_7,0.968515800076275
age_55,13,beta_Q_8,0.94732200001555
age_55,13,beta_Q_9,0.916073500002183
age_55,13,beta_Q_10,0.865978800079766
age_55,13,beta_Q_11,0.781981500048058
age_55,13,beta_Q_12,0.656456599521037
age_55,13,beta_Q_13,0.489528404327301
age_55,13,beta_Q_14,0.316434817275691
age_55,13,beta_Q_15,0.176402616092727
age_55,13,beta_Q_16,0.0835971053138845
age_55,13,beta_Q_17,0.0394349000538824
age_55,13,h_Q_2,219.1396577
age_55,13,h_Q_3,162.8187176408
age_55,13,h_Q_4,109.865963531576
age_55,13,h_Q_5,75.0013125184339
age_55,13,h_Q_6,50.1703282557062
age_55,13,h_Q_7,31.7619631457021
age_55,13,h_Q_8,18.9832567719005
age_55,13,h_Q_9,11.9151876942221
age_55,13,h_Q_10,7.46150609388974
age_55,13,h_Q_11,4.58676671861621
age_55,13,h_Q_12,2.91084037283484
age_55,13,h_Q_13,1.9589693814088
age_55,13,h_Q_14,1.4629173892427
age_55,13,h_Q_15,1.21418532917032
age_55,13,h_Q_16,1.09122308853468
age_55,13,h_Q_17,1.04105385461129
age_55,13,P_Q_1,0.2950376742
age_55,13,P_Q_2,0.0600938417655564
age_55,13,P_Q_3,0.0632528059976088
age_55,13,P_Q_4,0.0631999499921212
age_55,13,P_Q_5,0.0475806151004746
age_55,13,P_Q_6,0.0475054961501915
age_55,13,P_Q_7,0.0560209943167826
age_55,13,P_Q_8,0.053701097558009
age_55,13,P_Q_9,0.0471131771691711
age_55,13,P_Q_10,0.0367819982661882
age_55,13,P_Q_11,0.0289928733060244
age_55,13,P_Q_12,0.0209122024868229
age_55,13,P_Q_13,0.0120588959103256
age_55,13,P_Q_14,0.00491457868764097
age_55,13,P_Q_15,0.00107203225010121
age_55,13,P_Q_16,0.000154475992091097
age_55,13,P_Q_17,1.41993639979033e-05
age_55,13,L_Q,0.839512097128831
age_55,13,beta_NQ_2,0.987370000517705
age_55,13,beta_NQ_3,0.983264100037819
age_55,13,beta_NQ_4,0.97793440001489
age_55,13,beta_NQ_5,0.968845500110594
age_55,13,beta_NQ_6,0.954518500483554
age_55,13,beta_NQ_7,0.933515000027073
age_55,13,beta_NQ_8,0.900877300011999
age_55,13,beta_NQ_9,0.8608113206286
age_55,13,beta_NQ_10,0.804067599919317
age_55,13,beta_NQ_11,0.718815200189958
age_55,13,beta_NQ_12,0.580001798526363
age_55,13,beta_NQ_13,0.412395592996297
age_55,13,beta_NQ_14,0.255122082688129
age_55,13,beta_NQ_15,0.1373123384164
age_55,13,beta_NQ_16,0.0635136030540818
age_55,13,beta_NQ_17,0.0294936500570758
age_55,13,h_NQ_2,79.17656374
age_55,13,h_NQ_3,59.7517910566
age_55,13,h_NQ_4,45.319411208556
age_55,13,h_NQ_5,32.09809177126
age_55,13,h_NQ_6,21.9869617298179
age_55,13,h_NQ_7,15.0409866828707
age_55,13,h_NQ_8,10.0885064683501
age_55,13,h_NQ_9,7.18448610771937
age_55,13,h_NQ_10,5.10380110469482
age_55,13,h_NQ_11,3.55638000536496
age_55,13,h_NQ_12,2.38096257667678
age_55,13,h_NQ_13,1.7018237932973
age_55,13,h_NQ_14,1.34250154638103
age_55,13,h_NQ_15,1.15916802771542
age_55,13,h_NQ_16,1.06782116894955
age_55,13,h_NQ_17,1.03038459962629
age_55,13,P_NQ_1,0.6884212398
age_55,13,P_NQ_2,0.140218964483147
age_55,13,P_NQ_3,0.147589880629804
age_55,13,P_NQ_4,0.147466550505747
age_55,13,P_NQ_5,0.111021439108917
age_55,13,P_NQ_6,0.110846162570838
age_55,13,P_NQ_7,0.13071565442346
age_55,13,P_NQ_8,0.125302564071066
age_55,13,P_NQ_9,0.109930758407643
age_55,13,P_NQ_10,0.0858246655646206
age_55,13,P_NQ_11,0.0676500409273322
age_55,13,P_NQ_12,0.0487951394086273
age_55,13,P_NQ_13,0.0281373890386799
age_55,13,P_NQ_14,0.0114673381186965
age_55,13,P_NQ_15,0.00250140671286077
age_55,13,P_NQ_16,0.000360443302733435
age_55,13,P_NQ_17,3.31310809459929e-05
age_55,13,L_NQ,1.4787347071925
age_55,13,pi_Q,0.3
age_55,13,pi_NQ,0.7
age_55,13,y,0.682351273073341
age_55,13,nbar,4.3195384753367
age_55,13,Ptot,2.79468967666823
age_55,13,Pret,0.506714745994503
age_55,13,H,173.342700425944
age_55,13,cCheck,-4.44089209850063e-16
age_55,13,shareq,0.3
age_55,13,A,0.245020185
age_55,13,A_Q,2
age_55,13,xpop,0.983458914
age_55,13,h_Q_1,100
age_55,13,mig_Q_2,-0.2033354
age_55,13,med_Q_2,121.1396577
age_55,13,mig_Q_3,0.001950231
age_55,13,med_Q_3,-25.4509306
age_55,13,mig_Q_4,0.001690789
age_55,13,med_Q_4,-33.22688621
age_55,13,mig_Q_5,0.001194104
age_55,13,med_Q_5,-23.39917747
age_55,13,mig_Q_6,0.001043521
age_55,13,med_Q_6,-16.98423688
age_55,13,mig_Q_7,0.000860566
age_55,13,med_Q_7,-12.55906583
age_55,13,mig_Q_8,0.000865034
age_55,13,med_Q_8,-9.746141615
age_55,13,mig_Q_9,0.001187396
age_55,13,med_Q_9,-5.747211761
age_55,13,mig_Q_10,0.00178104
age_55,13,med_Q_10,-3.763651091
age_55,13,mig_Q_11,0.00262488
age_55,13,med_Q_11,-2.343749901
age_55,13,mig_Q_12,0.003131228
age_55,13,med_Q_12,-1.304311287
age_55,13,mig_Q_13,0.002860231
age_55,13,med_Q_13,-0.74937408
age_55,13,mig_Q_14,0.001684231
age_55,13,med_Q_14,-0.389268364
age_55,13,mig_Q_15,0.000468936
age_55,13,med_Q_15,-0.18053486
age_55,13,mig_Q_16,8.85924e-05
age_55,13,med_Q_16,-0.076125646
age_55,13,mig_Q_17,9.51086e-06
age_55,13,med_Q_17,-0.020541995
age_55,13,h_NQ_1,100
age_55,13,mig_NQ_2,-0.468930878
age_55,13,med_NQ_2,-18.82343626
age_55,13,mig_NQ_3,0.006175307
age_55,13,med_NQ_3,-9.572789456
age_55,13,mig_NQ_4,0.005930036
age_55,13,med_NQ_4,-8.735239144
age_55,13,mig_NQ_5,0.004905008
age_55,13,med_NQ_5,-9.337262736
age_55,13,mig_NQ_6,0.005534357
age_55,13,med_NQ_6,-6.936011668
age_55,13,mig_NQ_7,0.006967604
age_55,13,med_NQ_7,-4.531924402
age_55,13,mig_NQ_8,0.008264661
age_55,13,med_NQ_8,-3.650279949
age_55,13,mig_NQ_9,0.009361056
age_55,13,med_NQ_9,-2.298828097
age_55,13,mig_NQ_10,0.01021323
age_55,13,med_NQ_10,-1.728528641
age_55,13,mig_NQ_11,0.011353382
age_55,13,med_NQ_11,-1.22208919
age_55,13,mig_NQ_12,0.012340438
age_55,13,med_NQ_12,-0.910718665
age_55,13,mig_NQ_13,0.010150991
age_55,13,med_NQ_13,-0.529109185
age_55,13,mig_NQ_14,0.005420024
age_55,13,med_NQ_14,-0.276288311
age_55,13,mig_NQ_15,0.001407457
age_55,13,med_NQ_15,-0.127874163
age_55,13,mig_NQ_16,0.000243693
age_55,13,med_NQ_16,-0.05187466
age_55,13,mig_NQ_17,2.49401e-05
age_55,13,med_NQ_17,-0.010367316
age_55,14,beta_Q_2,0.995754800004843
age_55,14,beta_Q_3,0.994171300000187
age_55,14,beta_Q_4,0.990976500051843
age_55,14,beta_Q_5,0.986639900000631
age_55,14,beta_Q_6,0.980200900038177
age_55,14,beta_Q_7,0.970047399997429
age_55,14,beta_Q_8,0.949007699996581
age_55,14,beta_Q_9,0.91748150702083
age_55,14,beta_Q_10,0.86633560001034
age_55,14,beta_Q_11,0.788424382100547
age_55,14,beta_Q_12,0.672029899979871
age_55,14,beta_Q_13,0.511739889190151
age_55,14,beta_Q_14,0.336314032157484
age_55,14,beta_Q_15,0.191642504856973
age_55,14,beta_Q_16,0.0944234196908989
age_55,14,beta_Q_17,0.0447936033192221
age_55,14,h_Q_2,235.5601621
age_55,14,h_Q_3,171.564842926
age_55,14,h_Q_4,110.821743227984
age_55,14,h_Q_5,74.8497391509444
age_55,14,h_Q_6,50.5073462880652
age_55,14,h_Q_7,33.3860833405921
age_55,14,h_Q_8,19.6108039827881
age_55,14,h_Q_9,12.1184946444625
age_55,14,h_Q_10,7.48142362533768
age_55,14,h_Q_11,4.72643847201194
age_55,14,h_Q_12,3.04905843524389
age_55,14,h_Q_13,2.04807990037814
age_55,14,h_Q_14,1.50673547978063
age_55,14,h_Q_15,1.23707626845785
age_55,14,h_Q_16,1.10426881758691
age_55,14,h_Q_17,1.04689416076398
age_55,14,P_Q_1,0.3198031971
age_55,14,P_Q_2,0.0561084727812994
age_55,14,P_Q_3,0.0615593454195694
age_55,14,P_Q_4,0.0644478859610217
age_55,14,P_Q_5,0.0636490937441937
age_55,14,P_Q_6,0.0473664005414334
age_55,14,P_Q_7,0.0467254316119231
age_55,14,P_Q_8,0.0539476863790343
age_55,14,P_Q_9,0.050298217393924
age_55,14,P_Q_10,0.0425283796329042
age_55,14,P_Q_11,0.0313991051789589
age_55,14,P_Q_12,0.0222572730208171
age_55,14,P_Q_13,0.0132743451143438
age_55,14,P_Q_14,0.00564669852393046
age_55,14,P_Q_15,0.00150230853749343
age_55,14,P_Q_16,0.000191967792911592
age_55,14,P_Q_17,2.04586453088367e-05
age_55,14,L_Q,0.87215451118098
age_55,14,beta_NQ_2,0.988142700004068
age_55,14,beta_NQ_3,0.983934500001772
age_55,14,beta_NQ_4,0.977790400038823
age_55,14,beta_NQ_5,0.968400001242472
age_55,14,beta_NQ_6,0.954638500008699
age_55,14,beta_NQ_7,0.936549199995969
age_55,14,beta_NQ_8,0.903564358072179
age_55,14,beta_NQ_9,0.862200001433298
age_55,14,beta_NQ_10,0.803860918221978
age_55,14,beta_NQ_11,0.726096436615858
age_55,14,beta_NQ_12,0.596541539489888
age_55,14,beta_NQ_13,0.433744041227652
age_55,14,beta_NQ_14,0.272212721431368
age_55,14,beta_NQ_15,0.149810141058438
age_55,14,beta_NQ_16,0.0716882050066691
age_55,14,beta_NQ_17,0.033394703023271
age_55,14,h_NQ_2,84.33623169
age_55,14,h_NQ_3,62.2451837852
age_55,14,h_NQ_4,45.025574525468
age_55,14,h_NQ_5,31.6455696143849
age_55,14,h_NQ_6,22.0451263768348
age_55,14,h_NQ_7,15.7602425802215
age_55,14,h_NQ_8,10.3696037822133
age_55,14,h_NQ_9,7.25689404998309
age_55,14,h_NQ_10,5.09841729756498
age_55,14,h_NQ_11,3.65091818560092
age_55,14,h_NQ_12,2.47856291125766
age_55,14,h_NQ_13,1.76598226414324
age_55,14,h_NQ_14,1.37402744643135
age_55,14,h_NQ_15,1.17620781145341
age_55,14,h_NQ_16,1.07722426816111
age_55,14,h_NQ_17,1.03454843757056
age_55,14,P_NQ_1,0.7462074599
age_55,14,P_NQ_2,0.130919770897725
age_55,14,P_NQ_3,0.143638475920757
age_55,14,P_NQ_4,0.150378401361977
age_55,14,P_NQ_5,0.148514554874325
age_55,14,P_NQ_6,0.110521604579769
age_55,14,P_NQ_7,0.109026010455316
age_55,14,P_NQ_8,0.125877934826308
age_55,14,P_NQ_9,0.117362525656164
age_55,14,P_NQ_10,0.0992328940701438
age_55,14,P_NQ_11,0.0732645811590689
age_55,14,P_NQ_12,0.0519336384082348
age_55,14,P_NQ_13,0.0309734504517578
age_55,14,P_NQ_14,0.0131756082929542
age_55,14,P_NQ_15,0.00350538401248975
age_55,14,P_NQ_16,0.000447922353037455
age_55,14,P_NQ_17,4.77384886362366e-05
age_55,14,L_NQ,1.53598515102563
age_55,14,pi_Q,0.3
age_55,14,pi_NQ,0.7
age_55,14,y,0.977772695885267
age_55,14,nbar,4.59436339168011
age_55,14,Ptot,2.93575422308773
age_55,14,Pret,0.557062496733079
age_55,14,H,184.208867543826
age_55,14,cCheck,0
age_55,14,shareq,0.3
age_55,14,A,0.336263838
age_55,14,A_Q,2
age_55,14,xpop,1.066010657
age_55,14,h_Q_1,100
age_55,14,mig_Q_2,-0.237582856
age_55,14,med_Q_2,137.5601621
age_55,14,mig_Q_3,0.001834588
age_55,14,med_Q_3,-43.19202162
age_55,14,mig_Q_4,0.001770807
age_55,14,med_Q_4,-48.74060006
age_55,14,mig_Q_5,0.001291795
age_55,14,med_Q_5,-32.81890511
age_55,14,mig_Q_6,0.000734167
age_55,14,med_Q_6,-22.99393998
age_55,14,mig_Q_7,0.000715608
age_55,14,med_Q_7,-15.78083835
age_55,14,mig_Q_8,0.000877766
age_55,14,med_Q_8,-11.5159199
age_55,14,mig_Q_9,0.001104065
age_55,14,med_Q_9,-6.485096992
age_55,14,mig_Q_10,0.001729367
age_55,14,med_Q_10,-4.195460315
age_55,14,mig_Q_11,0.002636263
age_55,14,med_Q_11,-2.5858375
age_55,14,mig_Q_12,0.00322471
age_55,14,med_Q_12,-1.445972949
age_55,14,mig_Q_13,0.003037228
age_55,14,med_Q_13,-0.804543665
age_55,14,mig_Q_14,0.001830844
age_55,14,med_Q_14,-0.413054514
age_55,14,mig_Q_15,0.000635364
age_55,14,med_Q_15,-0.196582773
age_55,14,mig_Q_16,0.000102349
age_55,14,med_Q_16,-0.085632805
age_55,14,mig_Q_17,1.43669e-05
age_55,14,med_Q_17,-0.022504466
age_55,14,h_NQ_1,100
age_55,14,mig_NQ_2,-0.548806709
age_55,14,med_NQ_2,-13.66376831
age_55,14,mig_NQ_3,0.005766202
age_55,14,med_NQ_3,-15.34784868
age_55,14,mig_NQ_4,0.00604518
age_55,14,med_NQ_4,-13.53118071
age_55,14,mig_NQ_5,0.005642251
age_55,14,med_NQ_5,-12.76745337
age_55,14,mig_NQ_6,0.004549587
age_55,14,med_NQ_6,-9.411003559
age_55,14,mig_NQ_7,0.005549455
age_55,14,med_NQ_7,-5.786979915
age_55,14,mig_NQ_8,0.008119169
age_55,14,med_NQ_8,-4.370563167
age_55,14,mig_NQ_9,0.00950066
age_55,14,med_NQ_9,-2.629842289
age_55,14,mig_NQ_10,0.010841133
age_55,14,med_NQ_10,-1.942379088
age_55,14,mig_NQ_11,0.011572507
age_55,14,med_NQ_11,-1.350806897
age_55,14,mig_NQ_12,0.012696493
age_55,14,med_NQ_12,-1.006689494
age_55,14,mig_NQ_13,0.01085055
age_55,14,med_NQ_13,-0.567361061
age_55,14,mig_NQ_14,0.005997139
age_55,14,med_NQ_14,-0.293759871
age_55,14,mig_NQ_15,0.001930777
age_55,14,med_NQ_15,-0.139443704
age_55,14,mig_NQ_16,0.000289049
age_55,14,med_NQ_16,-0.058760399
age_55,14,mig_NQ_17,3.71077e-05
age_55,14,med_NQ_17,-0.011916308
age_55,15,beta_Q_2,0.995943800000819
age_55,15,beta_Q_3,0.994638400018662
age_55,15,beta_Q_4,0.991469000000774
age_55,15,beta_Q_5,0.986982900000344
age_55,15,beta_Q_6,0.981193400001437
age_55,15,beta_Q_7,0.971546499995241
age_55,15,beta_Q_8,0.954140501122299
age_55,15,beta_Q_9,0.924845900633453
age_55,15,beta_Q_10,0.876465100316861
age_55,15,beta_Q_11,0.799466700027591
age_55,15,beta_Q_12,0.688078000406597
age_55,15,beta_Q_13,0.531831587428912
age_55,15,beta_Q_14,0.357684185180722
age_55,15,beta_Q_15,0.203602537720793
age_55,15,beta_Q_16,0.100828305865785
age_55,15,beta_Q_17,0.0474932096030305
age_55,15,h_Q_2,246.5361669
age_55,15,h_Q_3,186.511489138
age_55,15,h_Q_4,117.21955221748
age_55,15,h_Q_5,76.8220264134243
age_55,15,h_Q_6,53.1728223079256
age_55,15,h_Q_7,35.1450612323039
age_55,15,h_Q_8,21.8057327237802
age_55,15,h_Q_9,13.3059939501323
age_55,15,h_Q_10,8.09487845557326
age_55,15,h_Q_11,4.98670295683093
age_55,15,h_Q_12,3.2059296915717
age_55,15,h_Q_13,2.13597624753901
age_55,15,h_Q_14,1.55686463237058
age_55,15,h_Q_15,1.25565436418501
age_55,15,h_Q_16,1.11213465008869
age_55,15,h_Q_17,1.04985289623517
age_55,15,P_Q_1,0.3220408704
age_55,15,P_Q_2,0.0643385065692199
age_55,15,P_Q_3,0.0571512833260096
age_55,15,P_Q_4,0.0621299456693674
age_55,15,P_Q_5,0.0643568587598345
age_55,15,P_Q_6,0.062751466974673
age_55,15,P_Q_7,0.0461707546924543
age_55,15,P_Q_8,0.0447023903853787
age_55,15,P_Q_9,0.0503728815993235
age_55,15,P_Q_10,0.0452248723454157
age_55,15,P_Q_11,0.03596110543381
age_55,15,P_Q_12,0.0240711345128732
age_55,15,P_Q_13,0.0143779764293479
age_55,15,P_Q_14,0.00649612752965496
age_55,15,P_Q_15,0.0018348424492982
age_55,15,P_Q_16,0.000296447109540962
age_55,15,P_Q_17,2.06077291657484e-05
age_55,15,L_Q,0.885347426065519
age_55,15,beta_NQ_2,0.988587100000126
age_55,15,beta_NQ_3,0.985280700071966
age_55,15,beta_NQ_4,0.978758600003395
age_55,15,beta_NQ_5,0.968898802060581
age_55,15,beta_NQ_6,0.956626799989653
age_55,15,beta_NQ_7,0.939580000015417
age_55,15,beta_NQ_8,0.912634501171517
age_55,15,beta_NQ_9,0.873406100396887
age_55,15,beta_NQ_10,0.817039600162777
age_55,15,beta_NQ_11,0.73878769996807
age_55,15,beta_NQ_12,0.613765999741137
age_55,15,beta_NQ_13,0.453317998936572
age_55,15,beta_NQ_14,0.290875336209447
age_55,15,beta_NQ_15,0.159068812728285
age_55,15,beta_NQ_16,0.0763640019877916
age_55,15,beta_NQ_17,0.0352194375296104
age_55,15,h_NQ_2,87.62014913
age_55,15,h_NQ_3,67.9380133562
age_55,15,h_NQ_4,47.077876229496
age_55,15,h_NQ_5,32.1531002049586
age_55,15,h_NQ_6,23.0557118160972
age_55,15,h_NQ_7,16.5508109932981
age_55,15,h_NQ_8,11.4461658196171
age_55,15,h_NQ_9,7.89927476256906
age_55,15,h_NQ_10,5.46566360898343
age_55,15,h_NQ_11,3.82830364361368
age_55,15,h_NQ_12,2.58910401288891
age_55,15,h_NQ_13,1.82921397603251
age_55,15,h_NQ_14,1.41018860486038
age_55,15,h_NQ_15,1.18915792450272
age_55,15,h_NQ_16,1.08267759322434
age_55,15,h_NQ_17,1.03650143379789
age_55,15,P_NQ_1,0.7514286976
age_55,15,P_NQ_2,0.150123183188763
age_55,15,P_NQ_3,0.1333529963186
age_55,15,P_NQ_4,0.144969875831524
age_55,15,P_NQ_5,0.150166003065779
age_55,15,P_NQ_6,0.146420089894685
age_55,15,P_NQ_7,0.107731763351454
age_55,15,P_NQ_8,0.104305586150229
age_55,15,P_NQ_9,0.117536723587663
age_55,15,P_NQ_10,0.105524741638815
age_55,15,P_NQ_11,0.0839092477794103
age_55,15,P_NQ_12,0.0561660670347128
age_55,15,P_NQ_13,0.0335485631988433
age_55,15,P_NQ_14,0.0151576102395926
age_55,15,P_NQ_15,0.00428129173689819
age_55,15,P_NQ_16,0.000691709687714465
age_55,15,P_NQ_17,4.80847339571705e-05
age_55,15,L_NQ,1.55851067715879
age_55,15,pi_Q,0.3
age_55,15,pi_NQ,0.7
age_55,15,y,1.29136403414458
age_55,15,nbar,4.71988061642464
age_55,15,Ptot,3.00766030695401
age_55,15,Pret,0.595520034776037
age_55,15,H,192.248576491889
age_55,15,cCheck,-8.88178419700125e-16
age_55,15,shareq,0.3
age_55,15,A,0.435809785
age_55,15,A_Q,2
age_55,15,xpop,1.073469568
age_55,15,h_Q_1,100
age_55,15,mig_Q_2,-0.254107062
age_55,15,med_Q_2,148.5361669
age_55,15,mig_Q_3,0.00136985
age_55,15,med_Q_3,-44.33746972
age_55,15,mig_Q_4,0.001126081
age_55,15,med_Q_4,-50.91399385
age_55,15,mig_Q_5,0.000770003
age_55,15,med_Q_5,-31.78328195
age_55,15,mig_Q_6,0.000362568
age_55,15,med_Q_6,-20.17992206
age_55,15,mig_Q_7,0.000223101
age_55,15,med_Q_7,-14.35213813
age_55,15,mig_Q_8,0.000359596
age_55,15,med_Q_8,-10.91262895
age_55,15,mig_Q_9,0.000876877
age_55,15,med_Q_9,-5.912593953
age_55,15,mig_Q_10,0.001649736
age_55,15,med_Q_10,-3.781246296
age_55,15,mig_Q_11,0.002430694
age_55,15,med_Q_11,-2.345092196
age_55,15,mig_Q_12,0.002969997
age_55,15,med_Q_12,-1.425980011
age_55,15,mig_Q_13,0.002988042
age_55,15,med_Q_13,-0.852101019
age_55,15,mig_Q_14,0.002031779
age_55,15,med_Q_14,-0.45025367
age_55,15,mig_Q_15,0.000752695
age_55,15,med_Q_15,-0.220946406
age_55,15,mig_Q_16,0.000154594
age_55,15,med_Q_16,-0.100200093
age_55,15,mig_Q_17,1.20088e-05
age_55,15,med_Q_17,-0.032330545
age_55,15,h_NQ_1,100
age_55,15,mig_NQ_2,-0.587236271
age_55,15,med_NQ_2,-10.37985087
age_55,15,mig_NQ_3,0.004536517
age_55,15,med_NQ_3,-14.7114937
age_55,15,mig_NQ_4,0.004521553
age_55,15,med_NQ_4,-13.92240388
age_55,15,mig_NQ_5,0.004539559
age_55,15,med_NQ_5,-11.97196283
age_55,15,mig_NQ_6,0.004642378
age_55,15,med_NQ_6,-7.956946406
age_55,15,mig_NQ_7,0.004222843
age_55,15,med_NQ_7,-5.053412856
age_55,15,mig_NQ_8,0.005793569
age_55,15,med_NQ_8,-3.998871909
age_55,15,mig_NQ_9,0.009004768
age_55,15,med_NQ_9,-2.262936944
age_55,15,mig_NQ_10,0.011181594
age_55,15,med_NQ_10,-1.64609256
age_55,15,mig_NQ_11,0.011856597
age_55,15,med_NQ_11,-1.168145308
age_55,15,mig_NQ_12,0.012460701
age_55,15,med_NQ_12,-0.988795809
age_55,15,mig_NQ_13,0.011022657
age_55,15,med_NQ_13,-0.599777677
age_55,15,mig_NQ_14,0.006726243
age_55,15,med_NQ_14,-0.320474014
age_55,15,mig_NQ_15,0.002307452
age_55,15,med_NQ_15,-0.157388973
age_55,15,mig_NQ_16,0.000440415
age_55,15,med_NQ_16,-0.070006062
age_55,15,mig_NQ_17,3.31265e-05
age_55,15,med_NQ_17,-0.019178349
age_55,16,beta_Q_2,0.996367900125476
age_55,16,beta_Q_3,0.99519130014795
age_55,16,beta_Q_4,0.992379100316725
age_55,16,beta_Q_5,0.987635500000372
age_55,16,beta_Q_6,0.981419000404811
age_55,16,beta_Q_7,0.97284790000392
age_55,16,beta_Q_8,0.956876000003725
age_55,16,beta_Q_9,0.932060901082042
age_55,16,beta_Q_10,0.888214701649101
age_55,16,beta_Q_11,0.81449630047874
age_55,16,beta_Q_12,0.705271800083121
age_55,16,beta_Q_13,0.553437200726719
age_55,16,beta_Q_14,0.374711643560468
age_55,16,beta_Q_15,0.218074889403826
age_55,16,beta_Q_16,0.107752400046906
age_55,16,beta_Q_17,0.0502324586580444
age_55,16,h_Q_2,275.322816
age_55,16,h_Q_3,207.956412382
age_55,16,h_Q_4,131.21809762524
age_55,16,h_Q_5,80.8767034631304
age_55,16,h_Q_6,53.8184166651558
age_55,16,h_Q_7,36.829563831767
age_55,16,h_Q_8,23.1889435076578
age_55,16,h_Q_9,14.7190645703046
age_55,16,h_Q_10,8.94572005312967
age_55,16,h_Q_11,5.39072805946179
age_55,16,h_Q_12,3.39295662969431
age_55,16,h_Q_13,2.23932670074027
age_55,16,h_Q_14,1.59926126858823
age_55,16,h_Q_15,1.27889470372317
age_55,16,h_Q_16,1.12076512890131
age_55,16,h_Q_17,1.05288050608692
age_55,16,P_Q_1,0.3194008092
age_55,16,P_Q_2,0.0826164572217474
age_55,16,P_Q_3,0.064891756233599
age_55,16,P_Q_4,0.0568665687279996
age_55,16,P_Q_5,0.061326389673616
age_55,16,P_Q_6,0.0628653580599743
age_55,16,P_Q_7,0.0607462951088105
age_55,16,P_Q_8,0.0441633460194531
age_55,16,P_Q_9,0.0419227554964337
age_55,16,P_Q_10,0.0457472167242004
age_55,16,P_Q_11,0.0388704704531585
age_55,16,P_Q_12,0.0280014015193068
age_55,16,P_Q_13,0.0160127846791962
age_55,16,P_Q_14,0.00728584978367892
age_55,16,P_Q_15,0.00220021205039566
age_55,16,P_Q_16,0.000364675055693365
age_55,16,P_Q_17,2.87895247096415e-05
age_55,16,L_Q,0.921292132587942
age_55,16,beta_NQ_2,0.989680600164088
age_55,16,beta_NQ_3,0.986715900245842
age_55,16,beta_NQ_4,0.980932800543132
age_55,16,beta_NQ_5,0.970029900004466
age_55,16,beta_NQ_6,0.956614903270331
age_55,16,beta_NQ_7,0.941724899980929
age_55,16,beta_NQ_8,0.917262300033683
age_55,16,beta_NQ_9,0.884329000717108
age_55,16,beta_NQ_10,0.832550800768387
age_55,16,beta_NQ_11,0.756334200212729
age_55,16,beta_NQ_12,0.632437799918642
age_55,16,beta_NQ_13,0.474787465734491
age_55,16,beta_NQ_14,0.30667268796001
age_55,16,beta_NQ_15,0.171361734678332
age_55,16,beta_NQ_16,0.0819939018545653
age_55,16,beta_NQ_17,0.0373887680236216
age_55,16,h_NQ_2,96.90485881
age_55,16,h_NQ_3,75.2779638774
age_55,16,h_NQ_4,52.446085419076
age_55,16,h_NQ_5,33.3665887049061
age_55,16,h_NQ_6,23.0493879268595
age_55,16,h_NQ_7,17.1599877077752
age_55,16,h_NQ_8,12.0863886754321
age_55,16,h_NQ_9,8.64520925622474
age_55,16,h_NQ_10,5.97196044631768
age_55,16,h_NQ_11,4.10398176580376
age_55,16,h_NQ_12,2.72062796374141
age_55,16,h_NQ_13,1.90398580263113
age_55,16,h_NQ_14,1.44231982951186
age_55,16,h_NQ_15,1.20679914676317
age_55,16,h_NQ_16,1.08931738101267
age_55,16,h_NQ_17,1.03883573235986
age_55,16,P_NQ_1,0.7452685548
age_55,16,P_NQ_2,0.192771732017256
age_55,16,P_NQ_3,0.151414100029257
age_55,16,P_NQ_4,0.132688661983051
age_55,16,P_NQ_5,0.143094911028034
age_55,16,P_NQ_6,0.146685835980053
age_55,16,P_NQ_7,0.141741356065505
age_55,16,P_NQ_8,0.103047809106582
age_55,16,P_NQ_9,0.0978197702490827
age_55,16,P_NQ_10,0.106743503644507
age_55,16,P_NQ_11,0.0906977951650646
age_55,16,P_NQ_12,0.0653366033508566
age_55,16,P_NQ_13,0.0373631651163134
age_55,16,P_NQ_14,0.0170002795998074
age_55,16,P_NQ_15,0.0051338230646101
age_55,16,P_NQ_16,0.000850909570706809
age_55,16,P_NQ_17,6.71728261350859e-05
age_55,16,L_NQ,1.62210805394749
age_55,16,pi_Q,0.3
age_55,16,pi_NQ,0.7
age_55,16,y,1.73056882506954
age_55,16,nbar,4.95412515076782
age_55,16,Ptot,3.11103711912879
age_55,16,Pret,0.601447177873857
age_55,16,H,210.645290098313
age_55,16,cCheck,0
age_55,16,shareq,0.3
age_55,16,A,0.564562457
age_55,16,A_Q,2
age_55,16,xpop,1.064669364
age_55,16,h_Q_1,100
age_55,16,mig_Q_2,-0.238118151
age_55,16,med_Q_2,177.322816
age_55,16,mig_Q_3,0.000898207
age_55,16,med_Q_3,-33.64903118
age_55,16,mig_Q_4,0.000202843
age_55,16,med_Q_4,-51.56316173
age_55,16,mig_Q_5,5.19572e-06
age_55,16,med_Q_5,-33.99845771
age_55,16,mig_Q_6,-0.000281167
age_55,16,med_Q_6,-21.46716922
age_55,16,mig_Q_7,-0.000219673
age_55,16,med_Q_7,-15.27980203
age_55,16,mig_Q_8,0.000109959
age_55,16,med_Q_8,-11.2532165
age_55,16,mig_Q_9,0.000579933
age_55,16,med_Q_9,-6.650553499
age_55,16,mig_Q_10,0.001597144
age_55,16,med_Q_10,-4.094154018
age_55,16,mig_Q_11,0.002714691
age_55,16,med_Q_11,-2.542252827
age_55,16,mig_Q_12,0.003257356
age_55,16,med_Q_12,-1.494012268
age_55,16,mig_Q_13,0.003210995
age_55,16,med_Q_13,-0.902484397
age_55,16,mig_Q_14,0.002143075
age_55,16,med_Q_14,-0.493995454
age_55,16,mig_Q_15,0.000877584
age_55,16,med_Q_15,-0.246832636
age_55,16,mig_Q_16,0.000179671
age_55,16,med_Q_16,-0.109776148
age_55,16,mig_Q_17,1.47103e-05
age_55,16,med_Q_17,-0.037011451
age_55,16,h_NQ_1,100
age_55,16,mig_NQ_2,-0.550080985
age_55,16,med_NQ_2,-1.09514119
age_55,16,mig_NQ_3,0.003500625
age_55,16,med_NQ_3,-10.58978227
age_55,16,mig_NQ_4,0.00216827
age_55,16,med_NQ_4,-14.13316767
age_55,16,mig_NQ_5,0.002633772
age_55,16,med_NQ_5,-12.76973
age_55,16,mig_NQ_6,0.003033013
age_55,16,med_NQ_6,-8.460650274
age_55,16,mig_NQ_7,0.004167968
age_55,16,med_NQ_7,-5.434609872
age_55,16,mig_NQ_8,0.004728085
age_55,16,med_NQ_8,-4.133406098
age_55,16,mig_NQ_9,0.006718635
age_55,16,med_NQ_9,-2.572033247
age_55,16,mig_NQ_10,0.010711346
age_55,16,med_NQ_10,-1.769328821
age_55,16,mig_NQ_11,0.012737414
age_55,16,med_NQ_11,-1.252368571
age_55,16,mig_NQ_12,0.01383596
age_55,16,med_NQ_12,-1.031109607
age_55,16,mig_NQ_13,0.011902076
age_55,16,med_NQ_13,-0.63333613
age_55,16,mig_NQ_14,0.00724183
age_55,16,med_NQ_14,-0.350309867
age_55,16,mig_NQ_15,0.00272272
age_55,16,med_NQ_15,-0.175185686
age_55,16,mig_NQ_16,0.000523973
age_55,16,med_NQ_16,-0.076057385
age_55,16,mig_NQ_17,4.28112e-05
age_55,16,med_NQ_17,-0.022188309
age_55,17,beta_Q_2,0.99632580006316
age_55,17,beta_Q_3,0.995348600000026
age_55,17,beta_Q_4,0.992990100025498
age_55,17,beta_Q_5,0.989174500003026
age_55,17,beta_Q_6,0.983061600130601
age_55,17,beta_Q_7,0.974372400006731
age_55,17,beta_Q_8,0.960187200091938
age_55,17,beta_Q_9,0.938341600700665
age_55,17,beta_Q_10,0.901011507681763
age_55,17,beta_Q_11,0.832555803034897
age_55,17,beta_Q_12,0.725557000569642
age_55,17,beta_Q_13,0.571257379199914
age_55,17,beta_Q_14,0.391596962159212
age_55,17,beta_Q_15,0.226707911609078
age_55,17,beta_Q_16,0.111483997187932
age_55,17,beta_Q_17,0.0511400632691038
age_55,17,h_Q_2,272.168091
age_55,17,h_Q_3,214.98903556
age_55,17,h_Q_4,142.65538742436
age_55,17,h_Q_5,92.3744861927352
age_55,17,h_Q_6,59.0374533538678
age_55,17,h_Q_7,39.0204311018527
age_55,17,h_Q_8,25.1175501351317
age_55,17,h_Q_9,16.2183903535047
age_55,17,h_Q_10,10.1021835828985
age_55,17,h_Q_11,5.97213877706707
age_55,17,h_Q_12,3.64374387827255
age_55,17,h_Q_13,2.33239470010042
age_55,17,h_Q_14,1.64364630772546
age_55,17,h_Q_15,1.29317239821646
age_55,17,h_Q_16,1.12547213164871
age_55,17,h_Q_17,1.05389536232329
age_55,17,P_Q_1,0.3121457745
age_55,17,P_Q_2,0.0809503505609818
age_55,17,P_Q_3,0.0829762534761282
age_55,17,P_Q_4,0.0644857392690712
age_55,17,P_Q_5,0.0562764400389834
age_55,17,P_Q_6,0.0600175450519161
age_55,17,P_Q_7,0.0608772335716405
age_55,17,P_Q_8,0.0583047278787644
age_55,17,P_Q_9,0.0417330100856894
age_55,17,P_Q_10,0.0382890027655731
age_55,17,P_Q_11,0.0399278397790604
age_55,17,P_Q_12,0.0309830396665769
age_55,17,P_Q_13,0.0191669302732701
age_55,17,P_Q_14,0.00854696686512149
age_55,17,P_Q_15,0.00258360288578867
age_55,17,P_Q_16,0.000466441129042256
age_55,17,P_Q_17,4.1562424658737e-05
age_55,17,L_Q,0.950184093207343
age_55,17,beta_NQ_2,0.989421200000056
age_55,17,beta_NQ_3,0.987054500000795
age_55,17,beta_NQ_4,0.982480300063609
age_55,17,beta_NQ_5,0.973749104257002
age_55,17,beta_NQ_6,0.960130800152651
age_55,17,beta_NQ_7,0.944543500013259
age_55,17,beta_NQ_8,0.922948100035183
age_55,17,beta_NQ_9,0.894130500612635
age_55,17,beta_NQ_10,0.850068405174139
age_55,17,beta_NQ_11,0.777865101497359
age_55,17,beta_NQ_12,0.654689100148069
age_55,17,beta_NQ_13,0.492618373666824
age_55,17,beta_NQ_14,0.321813368040825
age_55,17,beta_NQ_15,0.178567506113897
age_55,17,beta_NQ_16,0.0848333937639328
age_55,17,beta_NQ_17,0.037991978255039
age_55,17,h_NQ_2,94.528680002
age_55,17,h_NQ_3,77.2469197838
age_55,17,h_NQ_4,57.078602939852
age_55,17,h_NQ_5,38.0939320106945
age_55,17,h_NQ_6,25.082018203808
age_55,17,h_NQ_7,18.0321513293223
age_55,17,h_NQ_8,12.9782652936197
age_55,17,h_NQ_9,9.4455910379235
age_55,17,h_NQ_10,6.66970805210024
age_55,17,h_NQ_11,4.50176896539132
age_55,17,h_NQ_12,2.89594102048769
age_55,17,h_NQ_13,1.97090005446658
age_55,17,h_NQ_14,1.4745199985785
age_55,17,h_NQ_15,1.21738548392162
age_55,17,h_NQ_16,1.09269721282791
age_55,17,h_NQ_17,1.03949196339242
age_55,17,P_NQ_1,0.7283401405
age_55,17,P_NQ_2,0.188884152597886
age_55,17,P_NQ_3,0.193611256099357
age_55,17,P_NQ_4,0.150466727183417
age_55,17,P_NQ_5,0.131311693515145
age_55,17,P_NQ_6,0.14004093947156
age_55,17,P_NQ_7,0.142046879216934
age_55,17,P_NQ_8,0.136044367274539
age_55,17,P_NQ_9,0.0973770250533109
age_55,17,P_NQ_10,0.0893410140518534
age_55,17,P_NQ_11,0.093164958456873
age_55,17,P_NQ_12,0.0722937780316652
age_55,17,P_NQ_13,0.0447229313246529
age_55,17,P_NQ_14,0.0199429112769135
age_55,17,P_NQ_15,0.00602839540223967
age_55,17,P_NQ_16,0.00108836218449834
age_55,17,P_NQ_17,9.69766605482363e-05
age_55,17,L_NQ,1.67390269824203
age_55,17,pi_Q,0.3
age_55,17,pi_NQ,0.7
age_55,17,y,2.06267133756934
age_55,17,nbar,5.20512656820421
age_55,17,Ptot,3.19257496852366
age_55,17,Pret,0.605794748317336
age_55,17,H,219.941626973843
age_55,17,cCheck,4.44089209850063e-16
age_55,17,shareq,0.3
age_55,17,A,0.650022108
age_55,17,A_Q,2
age_55,17,xpop,1.040485915
age_55,17,h_Q_1,100
age_55,17,mig_Q_2,-0.237290363
age_55,17,med_Q_2,174.168091
age_55,17,mig_Q_3,0.000757074
age_55,17,med_Q_3,-54.82732412
age_55,17,mig_Q_4,8.85166e-05
age_55,17,med_Q_4,-61.14189671
age_55,17,mig_Q_5,0.000112998
age_55,17,med_Q_5,-36.21924948
age_55,17,mig_Q_6,-0.000169339
age_55,17,med_Q_6,-20.22171604
age_55,17,mig_Q_7,-0.000281198
age_55,17,med_Q_7,-13.72161723
age_55,17,mig_Q_8,0.000178056
age_55,17,med_Q_8,-10.97542242
age_55,17,mig_Q_9,0.000570082
age_55,17,med_Q_9,-6.506774284
age_55,17,mig_Q_10,0.001052595
age_55,17,med_Q_10,-4.322499696
age_55,17,mig_Q_11,0.002666901
age_55,17,med_Q_11,-2.794666875
age_55,17,mig_Q_12,0.003568793
age_55,17,med_Q_12,-1.63916962
age_55,17,mig_Q_13,0.003669913
age_55,17,med_Q_13,-0.992702797
age_55,17,mig_Q_14,0.00254679
age_55,17,med_Q_14,-0.550893859
age_55,17,mig_Q_15,0.000994742
age_55,17,med_Q_15,-0.274103645
age_55,17,mig_Q_16,0.000229363
age_55,17,med_Q_16,-0.127844678
age_55,17,mig_Q_17,2.32439e-05
age_55,17,med_Q_17,-0.044454464
age_55,17,h_NQ_1,100
age_55,17,mig_NQ_2,-0.548693678
age_55,17,med_NQ_2,-3.471319998
age_55,17,mig_NQ_3,0.003400323
age_55,17,med_NQ_3,-17.71984185
age_55,17,mig_NQ_4,0.00193967
age_55,17,med_NQ_4,-16.69380166
age_55,17,mig_NQ_5,0.002599724
age_55,17,med_NQ_5,-13.3032317
age_55,17,mig_NQ_6,0.003154215
age_55,17,med_NQ_6,-7.617238727
age_55,17,mig_NQ_7,0.003909175
age_55,17,med_NQ_7,-4.556248839
age_55,17,mig_NQ_8,0.006030365
age_55,17,med_NQ_8,-3.83852266
age_55,17,mig_NQ_9,0.006248859
age_55,17,med_NQ_9,-2.399069864
age_55,17,mig_NQ_10,0.007901086
age_55,17,med_NQ_10,-1.802597019
age_55,17,mig_NQ_11,0.012431196
age_55,17,med_NQ_11,-1.350752272
age_55,17,mig_NQ_12,0.014933064
age_55,17,med_NQ_12,-1.12596111
age_55,17,mig_NQ_13,0.013701931
age_55,17,med_NQ_13,-0.69531535
age_55,17,mig_NQ_14,0.008484649
age_55,17,med_NQ_14,-0.391386088
age_55,17,mig_NQ_15,0.003115198
age_55,17,med_NQ_15,-0.196087949
age_55,17,mig_NQ_16,0.00066742
age_55,17,med_NQ_16,-0.089965951
age_55,17,mig_NQ_17,6.51622e-05
age_55,17,med_NQ_17,-0.02803907
age_55,18,beta_Q_2,0.996382900000455
age_55,18,beta_Q_3,0.995405400107134
age_55,18,beta_Q_4,0.993380500001188
age_55,18,beta_Q_5,0.990084700054153
age_55,18,beta_Q_6,0.985190900005658
age_55,18,beta_Q_7,0.976841400385225
age_55,18,beta_Q_8,0.963054200048628
age_55,18,beta_Q_9,0.944144400758802
age_55,18,beta_Q_10,0.911067102345237
age_55,18,beta_Q_11,0.85315692195343
age_55,18,beta_Q_12,0.753888407546073
age_55,18,beta_Q_13,0.603952401548845
age_55,18,beta_Q_14,0.420119299941581
age_55,18,beta_Q_15,0.245264077382464
age_55,18,beta_Q_16,0.119772406030654
age_55,18,beta_Q_17,0.0534203631472869
age_55,18,h_Q_2,276.4645711
age_55,18,h_Q_3,217.64680276
age_55,18,h_Q_4,151.0688118488
age_55,18,h_Q_5,100.854235415873
age_55,18,h_Q_6,67.5260481988805
age_55,18,h_Q_7,43.1805031367904
age_55,18,h_Q_8,27.0666760498156
age_55,18,h_Q_9,17.9033078154291
age_55,18,h_Q_10,11.2444325964346
age_55,18,h_Q_11,6.80998970624055
age_55,18,h_Q_12,4.06319734552573
age_55,18,h_Q_13,2.5249490257071
age_55,18,h_Q_14,1.72449264109842
age_55,18,h_Q_15,1.32496626257095
age_55,18,h_Q_16,1.13606980625214
age_55,18,h_Q_17,1.05642904801573
age_55,18,P_Q_1,0.3046097499
age_55,18,P_Q_2,0.0812825075150471
age_55,18,P_Q_3,0.0816832111003845
age_55,18,P_Q_4,0.0827084132390017
age_55,18,P_Q_5,0.063777378298809
age_55,18,P_Q_6,0.0551499521943769
age_55,18,P_Q_7,0.0582282214147476
age_55,18,P_Q_8,0.0586305814524964
age_55,18,P_Q_9,0.0551596756861765
age_55,18,P_Q_10,0.0386761103374053
age_55,18,P_Q_11,0.0337383344448971
age_55,18,P_Q_12,0.0326288056693203
age_55,18,P_Q_13,0.0218069940395757
age_55,18,P_Q_14,0.01056599366893
age_55,18,P_Q_15,0.00325267300858368
age_55,18,P_Q_16,0.000583724376853996
age_55,18,P_Q_17,5.91850288505332e-05
age_55,18,L_Q,0.96371187410702
age_55,18,beta_NQ_2,0.9894431000002
age_55,18,beta_NQ_3,0.98689610028047
age_55,18,beta_NQ_4,0.983239700000899
age_55,18,beta_NQ_5,0.975920500101326
age_55,18,beta_NQ_6,0.965115406054087
age_55,18,beta_NQ_7,0.949608100535751
age_55,18,beta_NQ_8,0.927954400058273
age_55,18,beta_NQ_9,0.903296400579331
age_55,18,beta_NQ_10,0.864080601801062
age_55,18,beta_NQ_11,0.8029854137084
age_55,18,beta_NQ_12,0.686370602963632
age_55,18,beta_NQ_13,0.525801600415975
age_55,18,beta_NQ_14,0.348146835606179
age_55,18,beta_NQ_15,0.194711129513996
age_55,18,beta_NQ_16,0.0917671042914821
age_55,18,beta_NQ_17,0.039948965874027
age_55,18,h_NQ_2,94.72477716
age_55,18,h_NQ_3,76.31315868196
age_55,18,h_NQ_4,59.664803138124
age_55,18,h_NQ_5,41.529101511055
age_55,18,h_NQ_6,28.6659442784806
age_55,18,h_NQ_7,19.8444591337318
age_55,18,h_NQ_8,13.8800981637358
age_55,18,h_NQ_9,10.3408766527473
age_55,18,h_NQ_10,7.35730146316503
age_55,18,h_NQ_11,5.07576595705824
age_55,18,h_NQ_12,3.1884765860835
age_55,18,h_NQ_13,2.10882196207793
age_55,18,h_NQ_14,1.53408373537725
age_55,18,h_NQ_15,1.24179021360693
age_55,18,h_NQ_16,1.10103917324319
age_55,18,h_NQ_17,1.04160698357135
age_55,18,P_NQ_1,0.7107560831
age_55,18,P_NQ_2,0.189659181821719
age_55,18,P_NQ_3,0.19059416280058
age_55,18,P_NQ_4,0.192986297988188
age_55,18,P_NQ_5,0.148813885815335
age_55,18,P_NQ_6,0.128683219364096
age_55,18,P_NQ_7,0.135865849113612
age_55,18,P_NQ_8,0.136804691289197
age_55,18,P_NQ_9,0.128705912216712
age_55,18,P_NQ_10,0.0902442583876702
age_55,18,P_NQ_11,0.0787227849633219
age_55,18,P_NQ_12,0.0761338788174624
age_55,18,P_NQ_13,0.0508829583601892
age_55,18,P_NQ_14,0.024654005158245
age_55,18,P_NQ_15,0.00758956493136915
age_55,18,P_NQ_16,0.00136202224092288
age_55,18,P_NQ_17,0.000138097432447068
age_55,18,L_NQ,1.69791865884302
age_55,18,pi_Q,0.3
age_55,18,pi_NQ,0.7
age_55,18,y,2.26682306561955
age_55,18,nbar,5.32530816916216
age_55,18,Ptot,3.27513836517652
age_55,18,Pret,0.654904978768933
age_55,18,H,227.027339841391
age_55,18,cCheck,-4.44089209850063e-16
age_55,18,shareq,0.3
age_55,18,A,0.703033956
age_55,18,A_Q,2
age_55,18,xpop,1.015365833
age_55,18,h_Q_1,100
age_55,18,mig_Q_2,-0.229716381
age_55,18,med_Q_2,178.4645711
age_55,18,mig_Q_3,0.001109393
age_55,18,med_Q_3,-49.07792642
age_55,18,mig_Q_4,0.000313815
age_55,18,med_Q_4,-59.620443
age_55,18,mig_Q_5,-1.02706e-05
age_55,18,med_Q_5,-38.94804426
age_55,18,mig_Q_6,-0.000173255
age_55,18,med_Q_6,-23.00094827
age_55,18,mig_Q_7,-0.000251218
age_55,18,med_Q_7,-14.67620115
age_55,18,mig_Q_8,0.000177041
age_55,18,med_Q_8,-11.17334643
age_55,18,mig_Q_9,0.000449924
age_55,18,med_Q_9,-6.711891317
age_55,18,mig_Q_10,0.001074188
age_55,18,med_Q_10,-4.64958995
age_55,18,mig_Q_11,0.001860603
age_55,18,med_Q_11,-3.090150205
age_55,18,mig_Q_12,0.003658882
age_55,18,med_Q_12,-1.789498656
age_55,18,mig_Q_13,0.004107704
age_55,18,med_Q_13,-1.045919975
age_55,18,mig_Q_14,0.003060282
age_55,18,med_Q_14,-0.561254165
age_55,18,mig_Q_15,0.001315008
age_55,18,med_Q_15,-0.285807119
age_55,18,mig_Q_16,0.000295694
age_55,18,med_Q_16,-0.131239144
age_55,18,mig_Q_17,3.53312e-05
age_55,18,med_Q_17,-0.046533641
age_55,18,h_NQ_1,100
age_55,18,mig_NQ_2,-0.530975994
age_55,18,med_NQ_2,-3.27522284
age_55,18,mig_NQ_3,0.00415521
age_55,18,med_NQ_3,-16.32494772
age_55,18,mig_NQ_4,0.002767053
age_55,18,med_NQ_4,-16.03717825
age_55,18,mig_NQ_5,0.002297045
age_55,18,med_NQ_5,-14.40792937
age_55,18,mig_NQ_6,0.002606818
age_55,18,med_NQ_6,-8.666109092
age_55,18,mig_NQ_7,0.00359109
age_55,18,med_NQ_7,-4.735918706
age_55,18,mig_NQ_8,0.005702794
age_55,18,med_NQ_8,-3.791410139
age_55,18,mig_NQ_9,0.007064494
age_55,18,med_NQ_9,-2.377823335
age_55,18,mig_NQ_10,0.007467126
age_55,18,med_NQ_10,-1.899377754
age_55,18,mig_NQ_11,0.009227528
age_55,18,med_NQ_11,-1.460547934
age_55,18,mig_NQ_12,0.015139796
age_55,18,med_NQ_12,-1.223257
age_55,18,mig_NQ_13,0.015269715
age_55,18,med_NQ_13,-0.729200238
age_55,18,mig_NQ_14,0.010261568
age_55,18,med_NQ_14,-0.397398318
age_55,18,mig_NQ_15,0.004028409
age_55,18,med_NQ_15,-0.203239385
age_55,18,mig_NQ_16,0.000850613
age_55,18,med_NQ_16,-0.091998601
age_55,18,mig_NQ_17,9.67484e-05
age_55,18,med_NQ_17,-0.029236285
age_55,19,beta_Q_2,0.996112200002019
age_55,19,beta_Q_3,0.995198400000949
age_55,19,beta_Q_4,0.993417000005918
age_55,19,beta_Q_5,0.990831500017762
age_55,19,beta_Q_6,0.987090300006913
age_55,19,beta_Q_7,0.98076870000953
age_55,19,beta_Q_8,0.968726300002532
age_55,19,beta_Q_9,0.951335011057293
age_55,19,beta_Q_10,0.924336600000898
age_55,19,beta_Q_11,0.877013799938162
age_55,19,beta_Q_12,0.797342699853427
age_55,19,beta_Q_13,0.661059819996658
age_55,19,beta_Q_14,0.481390420888964
age_55,19,beta_Q_15,0.289655300232739
age_55,19,beta_Q_16,0.147666779862596
age_55,19,beta_Q_17,0.0825551319466387
age_55,19,h_Q_2,257.2148773
age_55,19,h_Q_3,208.263912068
age_55,19,h_Q_4,151.9064256348
age_55,19,h_Q_5,109.069095271824
age_55,19,h_Q_6,77.4611339175553
age_55,19,h_Q_7,51.9985648649029
age_55,19,h_Q_8,31.9757495940546
age_55,19,h_Q_9,20.5486489268193
age_55,19,h_Q_10,13.2164296081205
age_55,19,h_Q_11,8.1309935545059
age_55,19,h_Q_12,4.93443857811574
age_55,19,h_Q_13,2.95037121461522
age_55,19,h_Q_14,1.92823272519296
age_55,19,h_Q_15,1.40776724327645
age_55,19,h_Q_16,1.17324871231954
age_55,19,h_Q_17,1.08998264412709
age_55,19,P_Q_1,0.304206375
age_55,19,P_Q_2,0.0843752879737753
age_55,19,P_Q_3,0.0840883869147266
age_55,19,P_Q_4,0.0833506750846026
age_55,19,P_Q_5,0.0834729345136919
age_55,19,P_Q_6,0.0638592827262049
age_55,19,P_Q_7,0.0548095665327333
age_55,19,P_Q_8,0.0571965031948342
age_55,19,P_Q_9,0.0565060341916074
age_55,19,P_Q_10,0.0519861808937078
age_55,19,P_Q_11,0.0352513382485919
age_55,19,P_Q_12,0.0285759962279203
age_55,19,P_Q_13,0.0242772055436565
age_55,19,P_Q_14,0.0129899930697368
age_55,19,P_Q_15,0.00445065168883907
age_55,19,P_Q_16,0.000837368472269033
age_55,19,P_Q_17,8.22046681894642e-05
age_55,19,L_Q,1.0021366608051
age_55,19,beta_NQ_2,0.988462400031308
age_55,19,beta_NQ_3,0.986035700002781
age_55,19,beta_NQ_4,0.983041900315316
age_55,19,beta_NQ_5,0.977549700016488
age_55,19,beta_NQ_6,0.969548006130814
age_55,19,beta_NQ_7,0.95810829998989
age_55,19,beta_NQ_8,0.938648500014802
age_55,19,beta_NQ_9,0.914904910233032
age_55,19,beta_NQ_10,0.882886651706954
age_55,19,beta_NQ_11,0.832672764376174
age_55,19,beta_NQ_12,0.736273933328963
age_55,19,beta_NQ_13,0.584975870162531
age_55,19,beta_NQ_14,0.405078304537439
age_55,19,beta_NQ_15,0.232303211906323
age_55,19,beta_NQ_16,0.113939246759178
age_55,19,beta_NQ_17,0.0621229938868753
age_55,19,h_NQ_2,86.67313826
age_55,19,h_NQ_3,71.6111799368
age_55,19,h_NQ_4,58.9688703383208
age_55,19,h_NQ_5,44.5428346153615
age_55,19,h_NQ_6,32.8385656048339
age_55,19,h_NQ_7,23.871077080911
age_55,19,h_NQ_8,16.2995199830572
age_55,19,h_NQ_9,11.7515579664611
age_55,19,h_NQ_10,8.53873253969239
age_55,19,h_NQ_11,5.97630752990173
age_55,19,h_NQ_12,3.79180704091707
age_55,19,h_NQ_13,2.40949804436183
age_55,19,h_NQ_14,1.68089346983638
age_55,19,h_NQ_15,1.3025901226697
age_55,19,h_NQ_16,1.1285903413348
age_55,19,h_NQ_17,1.06623755677833
age_55,19,P_NQ_1,0.709814875
age_55,19,P_NQ_2,0.196875672206464
age_55,19,P_NQ_3,0.19620623292224
age_55,19,P_NQ_4,0.194484910453965
age_55,19,P_NQ_5,0.194770179445336
age_55,19,P_NQ_6,0.149004994835153
age_55,19,P_NQ_7,0.127888987511165
age_55,19,P_NQ_8,0.13345850950263
age_55,19,P_NQ_9,0.131847416223898
age_55,19,P_NQ_10,0.121301090083572
age_55,19,P_NQ_11,0.0822531231562311
age_55,19,P_NQ_12,0.0666773273822516
age_55,19,P_NQ_13,0.0566468123280977
age_55,19,P_NQ_14,0.0303100559393809
age_55,19,P_NQ_15,0.0103848541914058
age_55,19,P_NQ_16,0.00195386039658393
age_55,19,P_NQ_17,0.000191808380022294
age_55,19,L_NQ,1.76490825407936
age_55,19,pi_Q,0.3
age_55,19,pi_NQ,0.7
age_55,19,y,2.72756898746796
age_55,19,nbar,5.57178250866645
age_55,19,Ptot,3.43438669490348
age_55,19,Pret,0.716523321085961
age_55,19,H,233.388465036257
age_55,19,cCheck,4.44089209850063e-16
age_55,19,shareq,0.3
age_55,19,A,0.819558266
age_55,19,A_Q,2
age_55,19,xpop,1.01402125
age_55,19,h_Q_1,100
age_55,19,mig_Q_2,-0.219132658
age_55,19,med_Q_2,159.2148773
age_55,19,mig_Q_3,0.00317934
age_55,19,med_Q_3,-62.67136761
age_55,19,mig_Q_4,0.002208166
age_55,19,med_Q_4,-61.38744107
age_55,19,mig_Q_5,0.0015846
age_55,19,med_Q_5,-38.97834034
age_55,19,mig_Q_6,0.00102639
age_55,19,med_Q_6,-21.37601679
age_55,19,mig_Q_7,0.00093681
age_55,19,med_Q_7,-14.17696237
age_55,19,mig_Q_8,0.00111957
age_55,19,med_Q_8,-10.34114348
age_55,19,mig_Q_9,0.001150299
age_55,19,med_Q_9,-5.976693602
age_55,19,mig_Q_10,0.001732015
age_55,19,med_Q_10,-4.328812051
age_55,19,mig_Q_11,0.002254547
age_55,19,med_Q_11,-2.88855039
age_55,19,mig_Q_12,0.003141057
age_55,19,med_Q_12,-1.739351334
age_55,19,mig_Q_13,0.00457096
age_55,19,med_Q_13,-1.031562184
age_55,19,mig_Q_14,0.003828454
age_55,19,med_Q_14,-0.54621732
age_55,19,mig_Q_15,0.001859193
age_55,19,med_Q_15,-0.282235545
age_55,19,mig_Q_16,0.000447788
age_55,19,med_Q_16,-0.125218225
age_55,19,mig_Q_17,5.10219e-05
age_55,19,med_Q_17,-0.023365766
age_55,19,h_NQ_1,100
age_55,19,mig_NQ_2,-0.50637703
age_55,19,med_NQ_2,-11.32686174
age_55,19,mig_NQ_3,0.009032326
age_55,19,med_NQ_3,-21.21910168
age_55,19,mig_NQ_4,0.007085163
age_55,19,med_NQ_4,-15.81802517
age_55,19,mig_NQ_5,0.006430895
age_55,19,med_NQ_5,-13.92867246
age_55,19,mig_NQ_6,0.005382421
age_55,19,med_NQ_6,-7.859953876
age_55,19,mig_NQ_7,0.00569036
age_55,19,med_NQ_7,-4.221548312
age_55,19,mig_NQ_8,0.007381197
age_55,19,med_NQ_8,-3.148049968
age_55,19,mig_NQ_9,0.008272231
age_55,19,med_NQ_9,-1.850938234
age_55,19,mig_NQ_10,0.010088808
age_55,19,med_NQ_10,-1.59532658
age_55,19,mig_NQ_11,0.0097883
age_55,19,med_NQ_11,-1.233847904
age_55,19,mig_NQ_12,0.012644322
age_55,19,med_NQ_12,-1.182443597
age_55,19,mig_NQ_13,0.016615497
age_55,19,med_NQ_13,-0.71520901
age_55,19,mig_NQ_14,0.012595315
age_55,19,med_NQ_14,-0.385752053
age_55,19,mig_NQ_15,0.005584445
age_55,19,med_NQ_15,-0.200811938
age_55,19,mig_NQ_16,0.001257388
age_55,19,med_NQ_16,-0.088364068
age_55,19,mig_NQ_17,0.000137397
age_55,19,med_NQ_17,-0.012780833
age_55,20,beta_Q_2,0.99686690000089
age_55,20,beta_Q_3,0.995923099999867
age_55,20,beta_Q_4,0.994020400065491
age_55,20,beta_Q_5,0.991077199999568
age_55,20,beta_Q_6,0.987600799999601
age_55,20,beta_Q_7,0.982250200053892
age_55,20,beta_Q_8,0.971854300674659
age_55,20,beta_Q_9,0.95534820019508
age_55,20,beta_Q_10,0.928243700006788
age_55,20,beta_Q_11,0.884935700056105
age_55,20,beta_Q_12,0.811040599997013
age_55,20,beta_Q_13,0.682805199770887
age_55,20,beta_Q_14,0.498147923475038
age_55,20,beta_Q_15,0.311240966334781
age_55,20,beta_Q_16,0.15924903071576
age_55,20,beta_Q_17,0.10149318000479
age_55,20,h_Q_2,319.1727044
age_55,20,h_Q_3,245.284407262
age_55,20,h_Q_4,167.23526660664
age_55,20,h_Q_5,112.072443622104
age_55,20,h_Q_6,80.6503645363875
age_55,20,h_Q_7,56.3386630092042
age_55,20,h_Q_8,35.5294059376048
age_55,20,h_Q_9,22.3955137331735
age_55,20,h_Q_10,13.9360585762829
age_55,20,h_Q_11,8.69079288695808
age_55,20,h_Q_12,5.29214211741578
age_55,20,h_Q_13,3.15263679855343
age_55,20,h_Q_14,1.99261655732291
age_55,20,h_Q_15,1.4518851826891
age_55,20,h_Q_16,1.18941279941092
age_55,20,h_Q_17,1.11295738707314
age_55,20,P_Q_1,0.2986466736
age_55,20,P_Q_2,0.0830792994558893
age_55,20,P_Q_3,0.0855906775911205
age_55,20,P_Q_4,0.0844860560641646
age_55,20,P_Q_5,0.0831130224215699
age_55,20,P_Q_6,0.0824548264715775
age_55,20,P_Q_7,0.0628632507029211
age_55,20,P_Q_8,0.0534285085919974
age_55,20,P_Q_9,0.0548544919992961
age_55,20,P_Q_10,0.0528876515242048
age_55,20,P_Q_11,0.0471929850498633
age_55,20,P_Q_12,0.0303438642125786
age_55,20,P_Q_13,0.0217427779226542
age_55,20,P_Q_14,0.0151596551946687
age_55,20,P_Q_15,0.00582143134263581
age_55,20,P_Q_16,0.00123747840318089
age_55,20,P_Q_17,0.000130289864716125
age_55,20,L_Q,1.02794415564204
age_55,20,beta_NQ_2,0.990822700003447
age_55,20,beta_NQ_3,0.988329599999868
age_55,20,beta_NQ_4,0.984818300533219
age_55,20,beta_NQ_5,0.978250100003701
age_55,20,beta_NQ_6,0.970782499999416
age_55,20,beta_NQ_7,0.96136910009016
age_55,20,beta_NQ_8,0.944761001225175
age_55,20,beta_NQ_9,0.921664700262691
age_55,20,beta_NQ_10,0.888475800048907
age_55,20,beta_NQ_11,0.842666999930868
age_55,20,beta_NQ_12,0.752367100266578
age_55,20,beta_NQ_13,0.608120299855312
age_55,20,beta_NQ_14,0.421178745216301
age_55,20,beta_NQ_15,0.250690372101995
age_55,20,beta_NQ_16,0.122887109925889
age_55,20,beta_NQ_17,0.0762592502847983
age_55,20,h_NQ_2,108.96451026
age_55,20,h_NQ_3,85.6868659158
age_55,20,h_NQ_4,65.868776223064
age_55,20,h_NQ_5,45.9772228915544
age_55,20,h_NQ_6,34.2260631460543
age_55,20,h_NQ_7,25.8860135217372
age_55,20,h_NQ_8,18.1031517532928
age_55,20,h_NQ_9,12.765636951396
age_55,20,h_NQ_10,8.96666374113188
age_55,20,h_NQ_11,6.35594566489854
age_55,20,h_NQ_12,4.03823563330369
age_55,20,h_NQ_13,2.55180352409873
age_55,20,h_NQ_14,1.72764803147459
age_55,20,h_NQ_15,1.33456130843965
age_55,20,h_NQ_16,1.14010408521631
age_55,20,h_NQ_17,1.0825547595081
age_55,20,P_NQ_1,0.6968422384
age_55,20,P_NQ_2,0.193851697920423
age_55,20,P_NQ_3,0.199711581257618
age_55,20,P_NQ_4,0.197134128065588
age_55,20,P_NQ_5,0.193930387872007
age_55,20,P_NQ_6,0.192394595134967
age_55,20,P_NQ_7,0.146680920291511
age_55,20,P_NQ_8,0.124666518295766
age_55,20,P_NQ_9,0.127993815656338
age_55,20,P_NQ_10,0.12340452784613
age_55,20,P_NQ_11,0.110116985001731
age_55,20,P_NQ_12,0.0708023845148298
age_55,20,P_NQ_13,0.0507331406055446
age_55,20,P_NQ_14,0.0353725276953163
age_55,20,P_NQ_15,0.0135834873477785
age_55,20,P_NQ_16,0.00288744246427267
age_55,20,P_NQ_17,0.000304007657472791
age_55,20,L_NQ,1.80930771353073
age_55,20,pi_Q,0.3
age_55,20,pi_NQ,0.7
age_55,20,y,2.99516407224555
age_55,20,nbar,5.74532837046352
age_55,20,Ptot,3.54344332644033
age_55,20,Pret,0.764568944303212
age_55,20,H,255.36897861276
age_55,20,cCheck,4.44089209850063e-16
age_55,20,shareq,0.3
age_55,20,A,0.880846471
age_55,20,A_Q,2
age_55,20,xpop,0.995488912
age_55,20,h_Q_1,100
age_55,20,mig_Q_2,-0.219944382
age_55,20,med_Q_2,221.1727044
age_55,20,mig_Q_3,0.001620526
age_55,20,med_Q_3,-6.786172492
age_55,20,mig_Q_4,0.000951223
age_55,20,med_Q_4,-36.86336722
age_55,20,mig_Q_5,0.000526548
age_55,20,med_Q_5,-36.7958535
age_55,20,mig_Q_6,5.95025e-05
age_55,20,med_Q_6,-26.23734883
age_55,20,mig_Q_7,0.000232065
age_55,20,med_Q_7,-19.57324823
age_55,20,mig_Q_8,0.00033304
age_55,20,med_Q_8,-15.42918763
age_55,20,mig_Q_9,0.000441456
age_55,20,med_Q_9,-8.940720869
age_55,20,mig_Q_10,0.000657056
age_55,20,med_Q_10,-6.201617372
age_55,20,mig_Q_11,0.001600387
age_55,20,med_Q_11,-4.261308129
age_55,20,mig_Q_12,0.002236467
age_55,20,med_Q_12,-2.676231566
age_55,20,mig_Q_13,0.002852335
age_55,20,med_Q_13,-1.683113008
age_55,20,mig_Q_14,0.003472841
age_55,20,med_Q_14,-0.898747233
age_55,20,mig_Q_15,0.002058811
age_55,20,med_Q_15,-0.437782888
age_55,20,mig_Q_16,0.000580265
age_55,20,med_Q_16,-0.190199099
age_55,20,mig_Q_17,6.11608e-05
age_55,20,med_Q_17,-0.036826351
age_55,20,h_NQ_1,100
age_55,20,mig_NQ_2,-0.507773617
age_55,20,med_NQ_2,10.96451026
age_55,20,mig_NQ_3,0.00558514
age_55,20,med_NQ_3,0.747190421
age_55,20,mig_NQ_4,0.00425518
age_55,20,med_NQ_4,-4.310180115
age_55,20,mig_NQ_5,0.003811722
age_55,20,med_NQ_5,-11.81227004
age_55,20,mig_NQ_6,0.003555556
age_55,20,med_NQ_6,-9.425914777
age_55,20,mig_NQ_7,0.003917998
age_55,20,med_NQ_7,-6.295780771
age_55,20,mig_NQ_8,0.004623712
age_55,20,med_NQ_8,-5.290503786
age_55,20,mig_NQ_9,0.00589197
age_55,20,med_NQ_9,-3.207892632
age_55,20,mig_NQ_10,0.006998204
age_55,20,med_NQ_10,-2.549863066
age_55,20,mig_NQ_11,0.009112871
age_55,20,med_NQ_11,-2.012012224
age_55,20,mig_NQ_12,0.010241554
age_55,20,med_NQ_12,-1.818545746
age_55,20,mig_NQ_13,0.011728513
age_55,20,med_NQ_13,-1.164167376
age_55,20,mig_NQ_14,0.012426133
age_55,20,med_NQ_14,-0.633660052
age_55,20,mig_NQ_15,0.006542364
age_55,20,med_NQ_15,-0.312714292
age_55,20,mig_NQ_16,0.0017042
age_55,20,med_NQ_16,-0.136434235
age_55,20,mig_NQ_17,0.000182628
age_55,20,med_NQ_17,-0.023463775
age_55,21,beta_Q_2,0.997947299999981
age_55,21,beta_Q_3,0.997289700000371
age_55,21,beta_Q_4,0.995694699999859
age_55,21,beta_Q_5,0.992675200002161
age_55,21,beta_Q_6,0.988263100000314
age_55,21,beta_Q_7,0.983035299999275
age_55,21,beta_Q_8,0.975710000020468
age_55,21,beta_Q_9,0.963067400033811
age_55,21,beta_Q_10,0.942124400015136
age_55,21,beta_Q_11,0.902773200004358
age_55,21,beta_Q_12,0.83872012138729
age_55,21,beta_Q_13,0.721246836124307
age_55,21,beta_Q_14,0.542904303027185
age_55,21,beta_Q_15,0.338483501623465
age_55,21,beta_Q_16,0.208098202732715
age_55,21,beta_Q_17,0.124041184802996
age_55,21,h_Q_2,487.1632484
age_55,21,h_Q_3,368.962845492
age_55,21,h_Q_4,232.27185096676
age_55,21,h_Q_5,136.522498944507
age_55,21,h_Q_6,85.2013734396619
age_55,21,h_Q_7,58.9459288956597
age_55,21,h_Q_8,41.1692054690201
age_55,21,h_Q_9,27.0763499158527
age_55,21,h_Q_10,17.27843858451
age_55,21,h_Q_11,10.2852299987573
age_55,21,h_Q_12,6.20039682521891
age_55,21,h_Q_13,3.58740275906747
age_55,21,h_Q_14,2.18772567358236
age_55,21,h_Q_15,1.51167374817645
age_55,21,h_Q_16,1.26278283903532
age_55,21,h_Q_17,1.1416056824227
age_55,21,P_Q_1,0.3
age_55,21,P_Q_2,0.0779479507072097
age_55,21,P_Q_3,0.0843684854599265
age_55,21,P_Q_4,0.086304972581002
age_55,21,P_Q_5,0.0844090928830788
age_55,21,P_Q_6,0.0824385544339272
age_55,21,P_Q_7,0.081464236797116
age_55,21,P_Q_8,0.0617844325500232
age_55,21,P_Q_9,0.051761339522472
age_55,21,P_Q_10,0.0520161616154193
age_55,21,P_Q_11,0.0485687309258955
age_55,21,P_Q_12,0.0410272339104912
age_55,21,P_Q_13,0.0238991852654904
age_55,21,P_Q_14,0.0137862526727491
age_55,21,P_Q_15,0.00693893173209077
age_55,21,P_Q_16,0.0016386242986931
age_55,21,P_Q_17,0.000202575818326078
age_55,21,L_Q,1.06128236037342
age_55,21,beta_NQ_2,0.987508100006902
age_55,21,beta_NQ_3,0.983809800022365
age_55,21,beta_NQ_4,0.979681400004373
age_55,21,beta_NQ_5,0.970792700009611
age_55,21,beta_NQ_6,0.959805900050643
age_55,21,beta_NQ_7,0.950309499996999
age_55,21,beta_NQ_8,0.9389679003774
age_55,21,beta_NQ_9,0.920657802025191
age_55,21,beta_NQ_10,0.892753200037244
age_55,21,beta_NQ_11,0.845000008029515
age_55,21,beta_NQ_12,0.757092334522423
age_55,21,beta_NQ_13,0.613769218079616
age_55,21,beta_NQ_14,0.427249906787381
age_55,21,beta_NQ_15,0.245702599148123
age_55,21,beta_NQ_16,0.142008612502477
age_55,21,beta_NQ_17,0.0792838006000935
age_55,21,h_NQ_2,80.05187361
age_55,21,h_NQ_3,61.7657595348
age_55,21,h_NQ_4,49.215989287484
age_55,21,h_NQ_5,34.2380158386027
age_55,21,h_NQ_6,24.8792733337233
age_55,21,h_NQ_7,20.1245710931332
age_55,21,h_NQ_8,16.3848204403024
age_55,21,h_NQ_9,12.6036333702269
age_55,21,h_NQ_10,9.32428753436811
age_55,21,h_NQ_11,6.45161290630924
age_55,21,h_NQ_12,4.11679003560057
age_55,21,h_NQ_13,2.58912546863762
age_55,21,h_NQ_14,1.74596215561676
age_55,21,h_NQ_15,1.3257370328451
age_55,21,h_NQ_16,1.16551257727086
age_55,21,h_NQ_17,1.08611100851198
age_55,21,P_NQ_1,0.7
age_55,21,P_NQ_2,0.181878552127933
age_55,21,P_NQ_3,0.196859798064987
age_55,21,P_NQ_4,0.20137827105093
age_55,21,P_NQ_5,0.196954549494304
age_55,21,P_NQ_6,0.192356628764244
age_55,21,P_NQ_7,0.190083218787113
age_55,21,P_NQ_8,0.144163678115238
age_55,21,P_NQ_9,0.120776457217861
age_55,21,P_NQ_10,0.121371045766577
age_55,21,P_NQ_11,0.113327046257984
age_55,21,P_NQ_12,0.0957302286958505
age_55,21,P_NQ_13,0.0557647853016294
age_55,21,P_NQ_14,0.0321679055011255
age_55,21,P_NQ_15,0.016190825130127
age_55,21,P_NQ_16,0.00382347250288337
age_55,21,P_NQ_17,0.000472674197565924
age_55,21,L_NQ,1.86742360417437
age_55,21,pi_Q,0.3
age_55,21,pi_NQ,0.7
age_55,21,y,3.52088168778649
age_55,21,nbar,6.03852149724276
age_55,21,Ptot,3.66185589815026
age_55,21,Pret,0.799463476333231
age_55,21,H,269.388058538341
age_55,21,cCheck,-8.88178419700125e-16
age_55,21,shareq,0.3
age_55,21,A,1
age_55,21,A_Q,2
age_55,21,xpop,1
age_55,21,h_Q_1,100
age_55,21,mig_Q_2,-0.219763033
age_55,21,med_Q_2,389.1632484
age_55,21,mig_Q_3,0.001627892
age_55,21,med_Q_3,56.17359518
age_55,21,mig_Q_4,0.001226093
age_55,21,med_Q_4,-8.10686815
age_55,21,mig_Q_5,0.000676889
age_55,21,med_Q_5,-27.36806233
age_55,21,mig_Q_6,0.000356067
age_55,21,med_Q_6,-24.62962131
age_55,21,mig_Q_7,0.000472967
age_55,21,med_Q_7,-20.09142835
age_55,21,mig_Q_8,0.000690512
age_55,21,med_Q_8,-14.04268428
age_55,21,mig_Q_9,0.00071851
age_55,21,med_Q_9,-7.742467903
age_55,21,mig_Q_10,0.001097825
age_55,21,med_Q_10,-4.669164874
age_55,21,mig_Q_11,0.00176656
age_55,21,med_Q_11,-3.372107406
age_55,21,mig_Q_12,0.002751807
age_55,21,med_Q_12,-2.316580204
age_55,21,mig_Q_13,0.003180237
age_55,21,med_Q_13,-1.598896516
age_55,21,mig_Q_14,0.002955133
age_55,21,med_Q_14,-0.901858389
age_55,21,mig_Q_15,0.002220626
age_55,21,med_Q_15,-0.441090478
age_55,21,mig_Q_16,0.000711567
age_55,21,med_Q_16,-0.16006464
age_55,21,mig_Q_17,7.69802e-05
age_55,21,med_Q_17,-0.024018861
age_55,21,h_NQ_1,100
age_55,21,mig_NQ_2,-0.508568556
age_55,21,med_NQ_2,-17.94812639
age_55,21,mig_NQ_3,0.005270427
age_55,21,med_NQ_3,-45.01946052
age_55,21,mig_NQ_4,0.004698651
age_55,21,med_NQ_4,-34.75713931
age_55,21,mig_NQ_5,0.004108069
age_55,21,med_NQ_5,-30.31338486
age_55,21,mig_NQ_6,0.004092402
age_55,21,med_NQ_6,-20.1784051
age_55,21,mig_NQ_7,0.005121
age_55,21,med_NQ_7,-13.41697079
age_55,21,mig_NQ_8,0.005585265
age_55,21,med_NQ_8,-8.983472811
age_55,21,mig_NQ_9,0.005875728
age_55,21,med_NQ_9,-5.137455348
age_55,21,mig_NQ_10,0.007651638
age_55,21,med_NQ_10,-3.186036678
age_55,21,mig_NQ_11,0.009338123
age_55,21,med_NQ_11,-2.33571756
age_55,21,mig_NQ_12,0.012881832
age_55,21,med_NQ_12,-2.112036716
age_55,21,mig_NQ_13,0.012708418
age_55,21,med_NQ_13,-1.368345452
age_55,21,mig_NQ_14,0.010800185
age_55,21,med_NQ_14,-0.754805298
age_55,21,mig_NQ_15,0.007323273
age_55,21,med_NQ_15,-0.367358038
age_55,21,mig_NQ_16,0.002154237
age_55,21,med_NQ_16,-0.142357505
age_55,21,mig_NQ_17,0.00025248
age_55,21,med_NQ_17,-0.031190995
age_55,22,beta_Q_2,0.998280799999971
age_55,22,beta_Q_3,0.997731699999976
age_55,22,beta_Q_4,0.996375300000702
age_55,22,beta_Q_5,0.993893399999639
age_55,22,beta_Q_6,0.989472500323064
age_55,22,beta_Q_7,0.983741699997244
age_55,22,beta_Q_8,0.977087400001782
age_55,22,beta_Q_9,0.966488200428574
age_55,22,beta_Q_10,0.950223624515064
age_55,22,beta_Q_11,0.916742552309607
age_55,22,beta_Q_12,0.858567121265618
age_55,22,beta_Q_13,0.752188914642618
age_55,22,beta_Q_14,0.577905800097401
age_55,22,beta_Q_15,0.365396350457373
age_55,22,beta_Q_16,0.191576039975639
age_55,22,beta_Q_17,0.185962103794283
age_55,22,h_Q_2,581.6658911
age_55,22,h_Q_3,440.858792922
age_55,22,h_Q_4,275.88490087216
age_55,22,h_Q_5,163.757246247425
age_55,22,h_Q_6,94.989313735617
age_55,22,h_Q_7,61.5070456208687
age_55,22,h_Q_8,43.6441084777465
age_55,22,h_Q_9,29.8402354096397
age_55,22,h_Q_10,20.0898417965357
age_55,22,h_Q_11,12.0109299488199
age_55,22,h_Q_12,7.07049067078214
age_55,22,h_Q_13,4.03533175071454
age_55,22,h_Q_14,2.36913939588612
age_55,22,h_Q_15,1.57578161911071
age_55,22,h_Q_16,1.23697450221292
age_55,22,h_Q_17,1.22844403625461
age_55,22,P_Q_1,0.3043458798
age_55,22,P_Q_2,0.0753739649999943
age_55,22,P_Q_3,0.0801695203764368
age_55,22,P_Q_4,0.086004067819464
age_55,22,P_Q_5,0.0869474759180272
age_55,22,P_Q_6,0.0841801138008459
age_55,22,P_Q_7,0.0816496550894621
age_55,22,P_Q_8,0.0803410254869814
age_55,22,P_Q_9,0.0601671518185152
age_55,22,P_Q_10,0.0494825009415887
age_55,22,P_Q_11,0.0483919356734959
age_55,22,P_Q_12,0.0430212338977937
age_55,22,P_Q_13,0.0330275316528737
age_55,22,P_Q_14,0.0161896095194786
age_55,22,P_Q_15,0.00656592607893797
age_55,22,P_Q_16,0.00204585822233309
age_55,22,P_Q_17,0.000275074799456871
age_55,22,L_Q,1.08735265684071
age_55,22,beta_NQ_2,0.989546300000006
age_55,22,beta_NQ_3,0.986403899999229
age_55,22,beta_NQ_4,0.982873300000434
age_55,22,beta_NQ_5,0.975717099998542
age_55,22,beta_NQ_6,0.964047001348653
age_55,22,beta_NQ_7,0.952375900018
age_55,22,beta_NQ_8,0.942323100000106
age_55,22,beta_NQ_9,0.927806100634132
age_55,22,beta_NQ_10,0.907065229359897
age_55,22,beta_NQ_11,0.865680642477568
age_55,22,beta_NQ_12,0.783567210970732
age_55,22,beta_NQ_13,0.649617903700812
age_55,22,beta_NQ_14,0.461536900963361
age_55,22,beta_NQ_15,0.268777224537005
age_55,22,beta_NQ_16,0.131445915791123
age_55,22,beta_NQ_17,0.121206750107924
age_55,22,h_NQ_2,95.659909888
age_55,22,h_NQ_3,73.5505034488
age_55,22,h_NQ_4,58.388364368104
age_55,22,h_NQ_5,41.1812427647343
age_55,22,h_NQ_6,27.8140906188307
age_55,22,h_NQ_7,20.9977721440488
age_55,22,h_NQ_8,17.3379637232705
age_55,22,h_NQ_9,13.8515857924964
age_55,22,h_NQ_10,10.7602318998224
age_55,22,h_NQ_11,7.44494094268074
age_55,22,h_NQ_12,4.62037177618305
age_55,22,h_NQ_13,2.85402707088856
age_55,22,h_NQ_14,1.85713747426486
age_55,22,h_NQ_15,1.36757092650442
age_55,22,h_NQ_16,1.1513387551882
age_55,22,h_NQ_17,1.13791818872544
age_55,22,P_NQ_1,0.7101403862
age_55,22,P_NQ_2,0.175872585004831
age_55,22,P_NQ_3,0.187062214997339
age_55,22,P_NQ_4,0.200676156572885
age_55,22,P_NQ_5,0.202877445476799
age_55,22,P_NQ_6,0.196420263646449
age_55,22,P_NQ_7,0.190515864702057
age_55,22,P_NQ_8,0.187462392841514
age_55,22,P_NQ_9,0.140390023025442
age_55,22,P_NQ_10,0.115459166670406
age_55,22,P_NQ_11,0.112914517647308
age_55,22,P_NQ_12,0.100382875015988
age_55,22,P_NQ_13,0.077064247613235
age_55,22,P_NQ_14,0.0377757643221395
age_55,22,P_NQ_15,0.0153204229907777
age_55,22,P_NQ_16,0.00477366761199957
age_55,22,P_NQ_17,0.000641841431518546
age_55,22,L_NQ,1.91316920868957
age_55,22,pi_Q,0.3
age_55,22,pi_NQ,0.7
age_55,22,y,4.00956339385304
age_55,22,nbar,6.25313963027529
age_55,22,Ptot,3.79392836166637
age_55,22,Pret,0.863889348933289
age_55,22,H,298.492934283553
age_55,22,cCheck,0
age_55,22,shareq,0.3
age_55,22,A,1.111292532
age_55,22,A_Q,2
age_55,22,xpop,1.014486266
age_55,22,h_Q_1,100
age_55,22,mig_Q_2,-0.224010225
age_55,22,med_Q_2,483.6658911
age_55,22,mig_Q_3,0.002432832
age_55,22,med_Q_3,-36.56119051
age_55,22,mig_Q_4,0.001998814
age_55,22,med_Q_4,-85.69868771
age_55,22,mig_Q_5,0.00127467
age_55,22,med_Q_5,-63.8691677
age_55,22,mig_Q_6,0.000761722
age_55,22,med_Q_6,-38.80273523
age_55,22,mig_Q_7,0.000609646
age_55,22,med_Q_7,-21.99030035
age_55,22,mig_Q_8,0.000855555
age_55,22,med_Q_8,-14.12290184
age_55,22,mig_Q_9,0.000664579
age_55,22,med_Q_9,-10.50558595
age_55,22,mig_Q_10,0.00071688
age_55,22,med_Q_10,-6.444981121
age_55,22,mig_Q_11,0.001433139
age_55,22,med_Q_11,-4.921939864
age_55,22,mig_Q_12,0.002285662
age_55,22,med_Q_12,-3.009034728
age_55,22,mig_Q_13,0.003436769
age_55,22,med_Q_13,-2.041057138
age_55,22,mig_Q_14,0.003214639
age_55,22,med_Q_14,-1.146515308
age_55,22,mig_Q_15,0.001899507
age_55,22,med_Q_15,-0.568189541
age_55,22,mig_Q_16,0.000601879
age_55,22,med_Q_16,-0.244465771
age_55,22,mig_Q_17,7.18179e-05
age_55,22,med_Q_17,-0.009083146
age_55,22,h_NQ_1,100
age_55,22,mig_NQ_2,-0.515383085
age_55,22,med_NQ_2,-2.340090112
age_55,22,mig_NQ_3,0.008128313
age_55,22,med_NQ_3,-4.900332689
age_55,22,mig_NQ_4,0.007816274
age_55,22,med_NQ_4,-2.142079976
age_55,22,mig_NQ_5,0.00738089
age_55,22,med_NQ_5,-7.050426737
age_55,22,mig_NQ_6,0.007382125
age_55,22,med_NQ_6,-5.739164903
age_55,22,mig_NQ_7,0.007717533
age_55,22,med_NQ_7,-3.383915723
age_55,22,mig_NQ_8,0.008980352
age_55,22,med_NQ_8,-2.384115948
age_55,22,mig_NQ_9,0.007664608
age_55,22,med_NQ_9,-2.205538239
age_55,22,mig_NQ_10,0.007635598
age_55,22,med_NQ_10,-1.591328803
age_55,22,mig_NQ_11,0.010355983
age_55,22,med_NQ_11,-1.692860841
age_55,22,mig_NQ_12,0.014583837
age_55,22,med_NQ_12,-1.702208872
age_55,22,mig_NQ_13,0.01830798
age_55,22,med_NQ_13,-1.180427164
age_55,22,mig_NQ_14,0.013950265
age_55,22,med_NQ_14,-0.680205485
age_55,22,mig_NQ_15,0.007416685
age_55,22,med_NQ_15,-0.343471986
age_55,22,mig_NQ_16,0.002474431
age_55,22,med_NQ_16,-0.147883537
age_55,22,mig_NQ_17,0.000338702
age_55,22,med_NQ_17,-0.004284137
age_55,23,beta_Q_2,0.998437700016199
age_55,23,beta_Q_3,0.998043699999944
age_55,23,beta_Q_4,0.996854699999507
age_55,23,beta_Q_5,0.994779900001327
age_55,23,beta_Q_6,0.991028999998848
age_55,23,beta_Q_7,0.985176100121917
age_55,23,beta_Q_8,0.97780249999603
age_55,23,beta_Q_9,0.968116499992645
age_55,23,beta_Q_10,0.954185100205531
age_55,23,beta_Q_11,0.926734308891795
age_55,23,beta_Q_12,0.875713916351136
age_55,23,beta_Q_13,0.773751701546988
age_55,23,beta_Q_14,0.603063500074324
age_55,23,beta_Q_15,0.383542360896424
age_55,23,beta_Q_16,0.199860006922652
age_55,23,beta_Q_17,0.126764098806548
age_55,23,h_Q_2,640.0819305
age_55,23,h_Q_3,511.169043588
age_55,23,h_Q_4,317.93469616356
age_55,23,h_Q_5,191.567211404717
age_55,23,h_Q_6,111.470293152476
age_55,23,h_Q_7,67.4586310309047
age_55,23,h_Q_8,45.0501182484513
age_55,23,h_Q_9,31.3641852281916
age_55,23,h_Q_10,21.8269602544469
age_55,23,h_Q_11,13.648951715605
age_55,23,h_Q_12,8.04595204384345
age_55,23,h_Q_13,4.4199227133665
age_55,23,h_Q_14,2.51929464770024
age_55,23,h_Q_15,1.6221702609684
age_55,23,h_Q_16,1.2497812847285
age_55,23,h_Q_17,1.14516592616867
age_55,23,P_Q_1,0.3077841666
age_55,23,P_Q_2,0.075935203363439
age_55,23,P_Q_3,0.077418532235183
age_55,23,P_Q_4,0.0820643909159847
age_55,23,P_Q_5,0.0867295713788866
age_55,23,P_Q_6,0.0866535193933899
age_55,23,P_Q_7,0.0832293902564056
age_55,23,P_Q_8,0.0800970432024048
age_55,23,P_Q_9,0.0776902875434989
age_55,23,P_Q_10,0.0572552912777376
age_55,23,P_Q_11,0.0460322822078545
age_55,23,P_Q_12,0.0431010799036644
age_55,23,P_Q_13,0.0350225232321677
age_55,23,P_Q_14,0.0226562281050962
age_55,23,P_Q_15,0.00835774423374745
age_55,23,P_Q_16,0.00203479611697571
age_55,23,P_Q_17,0.000373700419089895
age_55,23,L_Q,1.08848186006521
age_55,23,beta_NQ_2,0.990472600076074
age_55,23,beta_NQ_3,0.988217199999898
age_55,23,beta_NQ_4,0.985088499999103
age_55,23,beta_NQ_5,0.979207900000741
age_55,23,beta_NQ_6,0.969464399997845
age_55,23,beta_NQ_7,0.956664600400181
age_55,23,beta_NQ_8,0.944183200024705
age_55,23,beta_NQ_9,0.931204399992527
age_55,23,beta_NQ_10,0.914147900140892
age_55,23,beta_NQ_11,0.88096120871536
age_55,23,beta_NQ_12,0.807341310491864
age_55,23,beta_NQ_13,0.675434200748707
age_55,23,beta_NQ_14,0.486570798834349
age_55,23,beta_NQ_15,0.283754838344068
age_55,23,beta_NQ_16,0.137884601826712
age_55,23,beta_NQ_17,0.0815321951115927
age_55,23,h_NQ_2,104.960429918
age_55,23,h_NQ_3,84.86947075324
age_55,23,h_NQ_4,67.062334435824
age_55,23,h_NQ_5,48.0951900017419
age_55,23,h_NQ_6,32.7486605774396
age_55,23,h_NQ_7,23.0758225384541
age_55,23,h_NQ_8,17.9157529711678
age_55,23,h_NQ_9,14.5358133348051
age_55,23,h_NQ_10,11.6479387166465
age_55,23,h_NQ_11,8.40062231382592
age_55,23,h_NQ_12,5.19052604782713
age_55,23,h_NQ_13,3.08103934765939
age_55,23,h_NQ_14,1.94768820647079
age_55,23,h_NQ_15,1.39616972277957
age_55,23,h_NQ_16,1.15993751997433
age_55,23,h_NQ_17,1.08876599908443
age_55,23,P_NQ_1,0.7181630554
age_55,23,P_NQ_2,0.177182140644785
age_55,23,P_NQ_3,0.180643240751711
age_55,23,P_NQ_4,0.191483580559826
age_55,23,P_NQ_5,0.202368999530148
age_55,23,P_NQ_6,0.202191544953183
age_55,23,P_NQ_7,0.19420190737206
age_55,23,P_NQ_8,0.186893102225243
age_55,23,P_NQ_9,0.181277337717829
age_55,23,P_NQ_10,0.133595682435414
age_55,23,P_NQ_11,0.107408654583162
age_55,23,P_NQ_12,0.100569185671007
age_55,23,P_NQ_13,0.0817192148353464
age_55,23,P_NQ_14,0.0528645340184855
age_55,23,P_NQ_15,0.0195013550892687
age_55,23,P_NQ_16,0.00474784203033016
age_55,23,P_NQ_17,0.000871989737345923
age_55,23,L_NQ,1.91491909869986
age_55,23,pi_Q,0.3
age_55,23,pi_NQ,0.7
age_55,23,y,4.22818780057356
age_55,23,nbar,6.38901697502769
age_55,23,Ptot,3.90811911794067
age_55,23,Pret,0.975079729158021
age_55,23,H,323.315028347737
age_55,23,cCheck,0
age_55,23,shareq,0.3
age_55,23,A,1.154384374
age_55,23,A_Q,2
age_55,23,xpop,1.025947222
age_55,23,h_Q_1,100
age_55,23,mig_Q_2,-0.227887445
age_55,23,med_Q_2,542.0819305
age_55,23,mig_Q_3,0.002215538
age_55,23,med_Q_3,-58.86352969
age_55,23,mig_Q_4,0.002185461
age_55,23,med_Q_4,-114.1069209
age_55,23,mig_Q_5,0.001250696
age_55,23,med_Q_5,-78.79999145
age_55,23,mig_Q_6,0.000621383
age_55,23,med_Q_6,-49.01180817
age_55,23,mig_Q_7,0.000417902
age_55,23,med_Q_7,-25.63089643
age_55,23,mig_Q_8,0.000318194
age_55,23,med_Q_8,-15.22678646
age_55,23,mig_Q_9,4.16344e-05
age_55,23,med_Q_9,-11.40704108
age_55,23,mig_Q_10,8.30422e-05
age_55,23,med_Q_10,-7.416470447
age_55,23,mig_Q_11,0.000669568
age_55,23,med_Q_11,-6.039093245
age_55,23,mig_Q_12,0.001553355
age_55,23,med_Q_12,-3.724759306
age_55,23,mig_Q_13,0.002662428
age_55,23,med_Q_13,-2.509158144
age_55,23,mig_Q_14,0.003569426
age_55,23,med_Q_14,-1.435330468
age_55,23,mig_Q_15,0.00244212
age_55,23,med_Q_15,-0.699586347
age_55,23,mig_Q_16,0.000776922
age_55,23,med_Q_16,-0.294484702
age_55,23,mig_Q_17,-6.75168e-06
age_55,23,med_Q_17,-0.067069086
age_55,23,h_NQ_1,100
age_55,23,mig_NQ_2,-0.525534651
age_55,23,med_NQ_2,6.960429918
age_55,23,mig_NQ_3,0.007161837
age_55,23,med_NQ_3,-8.877240937
age_55,23,mig_NQ_4,0.007625124
age_55,23,med_NQ_4,-5.017158944
age_55,23,mig_NQ_5,0.006565842
age_55,23,med_NQ_5,-9.125407079
age_55,23,mig_NQ_6,0.006608152
age_55,23,med_NQ_6,-7.608957332
age_55,23,mig_NQ_7,0.007135982
age_55,23,med_NQ_7,-4.181986268
age_55,23,mig_NQ_8,0.007365602
age_55,23,med_NQ_8,-2.66206373
age_55,23,mig_NQ_9,0.007348586
age_55,23,med_NQ_9,-2.455391114
age_55,23,mig_NQ_10,0.006252774
age_55,23,med_NQ_10,-1.92661536
age_55,23,mig_NQ_11,0.007457889
age_55,23,med_NQ_11,-2.144404948
age_55,23,mig_NQ_12,0.012093072
age_55,23,med_NQ_12,-2.105516076
age_55,23,mig_NQ_13,0.016508702
age_55,23,med_NQ_13,-1.446924993
age_55,23,mig_NQ_14,0.01729654
age_55,23,med_NQ_14,-0.849258323
age_55,23,mig_NQ_15,0.00934809
age_55,23,med_NQ_15,-0.423825002
age_55,23,mig_NQ_16,0.002734035
age_55,23,med_NQ_16,-0.180281988
age_55,23,mig_NQ_17,0.000293389
age_55,23,med_NQ_17,-0.039545981
age_55,24,beta_Q_2,0.998567900006669
age_55,24,beta_Q_3,0.998121900000046
age_55,24,beta_Q_4,0.99717630000021
age_55,24,beta_Q_5,0.995330300172894
age_55,24,beta_Q_6,0.992001400384707
age_55,24,beta_Q_7,0.986972899997076
age_55,24,beta_Q_8,0.979117000019634
age_55,24,beta_Q_9,0.968275900014148
age_55,24,beta_Q_10,0.955263415083006
age_55,24,beta_Q_11,0.930171300143746
age_55,24,beta_Q_12,0.885025600511386
age_55,24,beta_Q_13,0.790376500426461
age_55,24,beta_Q_14,0.617163904442869
age_55,24,beta_Q_15,0.391218915190549
age_55,24,beta_Q_16,0.198171666851347
age_55,24,beta_Q_17,0.161492363992731
age_55,24,h_Q_2,698.2752601
age_55,24,h_Q_3,532.45301103
age_55,24,h_Q_4,354.14527041624
age_55,24,h_Q_5,214.146519000289
age_55,24,h_Q_6,125.021878876622
age_55,24,h_Q_7,76.7630554594268
age_55,24,h_Q_8,47.8858401902866
age_55,24,h_Q_9,31.5217768134823
age_55,24,h_Q_10,22.3530621376278
age_55,24,h_Q_11,14.320759258358
age_55,24,h_Q_12,8.69758835529285
age_55,24,h_Q_13,4.77045751296658
age_55,24,h_Q_14,2.61207909009917
age_55,24,h_Q_15,1.64262655274624
age_55,24,h_Q_16,1.24714419074903
age_55,24,h_Q_17,1.19259147503393
age_55,24,P_Q_1,0.3120516879
age_55,24,P_Q_2,0.0746465224015065
age_55,24,P_Q_3,0.0782214153250949
age_55,24,P_Q_4,0.0796326387257055
age_55,24,P_Q_5,0.082838589589073
age_55,24,P_Q_6,0.0864514913939466
age_55,24,P_Q_7,0.0856854032978187
age_55,24,P_Q_8,0.0817680948658586
age_55,24,P_Q_9,0.0778115231248719
age_55,24,P_Q_10,0.07441611680469
age_55,24,P_Q_11,0.0537302147926726
age_55,24,P_Q_12,0.041595451130821
age_55,24,P_Q_13,0.035971618913973
age_55,24,P_Q_14,0.0248794754418253
age_55,24,P_Q_15,0.0119913822164365
age_55,24,P_Q_16,0.00284669982041452
age_55,24,P_Q_17,0.000390309096023489
age_55,24,L_Q,1.08974316276288
age_55,24,beta_NQ_2,0.991275700044955
age_55,24,beta_NQ_3,0.988687700000473
age_55,24,beta_NQ_4,0.986582100316149
age_55,24,beta_NQ_5,0.9813840006486
age_55,24,beta_NQ_6,0.972817001453876
age_55,24,beta_NQ_7,0.962049706233961
age_55,24,beta_NQ_8,0.947720700025409
age_55,24,beta_NQ_9,0.931685400202676
age_55,24,beta_NQ_10,0.916191929635411
age_55,24,beta_NQ_11,0.886391599929464
age_55,24,beta_NQ_12,0.82058520000954
age_55,24,beta_NQ_13,0.695844900463616
age_55,24,beta_NQ_14,0.500897139322672
age_55,24,beta_NQ_15,0.290317903067518
age_55,24,beta_NQ_16,0.136720974510348
age_55,24,beta_NQ_17,0.103768538782001
age_55,24,h_NQ_2,114.62237658
age_55,24,h_NQ_3,88.39935291964
age_55,24,h_NQ_4,74.5273105321752
age_55,24,h_NQ_5,53.7172324871075
age_55,24,h_NQ_6,36.7876981917071
age_55,24,h_NQ_7,26.3502528278908
age_55,24,h_NQ_8,19.128029641685
age_55,24,h_NQ_9,14.6381593467445
age_55,24,h_NQ_10,11.932020888109
age_55,24,h_NQ_11,8.80216603131353
age_55,24,h_NQ_12,5.5736761915494
age_55,24,h_NQ_13,3.28779626287059
age_55,24,h_NQ_14,2.0035936477062
age_55,24,h_NQ_15,1.40908161134137
age_55,24,h_NQ_16,1.15837191532398
age_55,24,h_NQ_17,1.11578276857485
age_55,24,P_NQ_1,0.7281206051
age_55,24,P_NQ_2,0.174175218760615
age_55,24,P_NQ_3,0.182516634917978
age_55,24,P_NQ_4,0.18580948806708
age_55,24,P_NQ_5,0.193290045804609
age_55,24,P_NQ_6,0.201720145707659
age_55,24,P_NQ_7,0.199932606556932
age_55,24,P_NQ_8,0.190792220353453
age_55,24,P_NQ_9,0.181560223120399
age_55,24,P_NQ_10,0.173637605617885
age_55,24,P_NQ_11,0.125370502877456
age_55,24,P_NQ_12,0.097056049949338
age_55,24,P_NQ_13,0.0839337765436449
age_55,24,P_NQ_14,0.0580521036425503
age_55,24,P_NQ_15,0.0279798753045498
age_55,24,P_NQ_16,0.00664228858156514
age_55,24,P_NQ_17,0.000910733982775899
age_55,24,L_NQ,1.91718587750183
age_55,24,pi_Q,0.3
age_55,24,pi_NQ,0.7
age_55,24,y,4.54106927073483
age_55,24,nbar,6.49950989944101
age_55,24,Ptot,4.01642875972922
age_55,24,Pret,1.07877595096189
age_55,24,H,341.700921913347
age_55,24,cCheck,4.44089209850063e-16
age_55,24,shareq,0.3
age_55,24,A,1.225015828
age_55,24,A_Q,2
age_55,24,xpop,1.040172293
age_55,24,h_Q_1,100
age_55,24,mig_Q_2,-0.232656793
age_55,24,med_Q_2,600.2752601
age_55,24,mig_Q_3,0.002434764
age_55,24,med_Q_3,-94.82728086
age_55,24,mig_Q_4,0.002457611
age_55,24,med_Q_4,-146.8003923
age_55,24,mig_Q_5,0.001202583
age_55,24,med_Q_5,-97.42948324
age_55,24,mig_Q_6,0.000499971
age_55,24,med_Q_6,-62.7139883
age_55,24,mig_Q_7,0.000316427
age_55,24,med_Q_7,-32.47783183
age_55,24,mig_Q_8,0.000386189
age_55,24,med_Q_8,-18.22361822
age_55,24,mig_Q_9,0.000268254
age_55,24,med_Q_9,-12.62733907
age_55,24,mig_Q_10,0.000285202
age_55,24,med_Q_10,-8.383839386
age_55,24,mig_Q_11,0.000669772
age_55,24,med_Q_11,-7.069661791
age_55,24,mig_Q_12,0.001284341
age_55,24,med_Q_12,-4.678384326
age_55,24,mig_Q_13,0.002622085
age_55,24,med_Q_13,-3.11457549
age_55,24,mig_Q_14,0.00375867
age_55,24,med_Q_14,-1.719445169
age_55,24,mig_Q_15,0.003301759
age_55,24,med_Q_15,-0.826282202
age_55,24,mig_Q_16,0.001176321
age_55,24,med_Q_16,-0.342582665
age_55,24,mig_Q_17,0.00013237
age_55,24,med_Q_17,-0.032194184
age_55,24,h_NQ_1,100
age_55,24,mig_NQ_2,-0.53714561
age_55,24,med_NQ_2,16.62237658
age_55,24,mig_NQ_3,0.007422196
age_55,24,med_NQ_3,-14.4618684
age_55,24,mig_NQ_4,0.007859909
age_55,24,med_NQ_4,-8.644770806
age_55,24,mig_NQ_5,0.005787811
age_55,24,med_NQ_5,-12.00385526
age_55,24,mig_NQ_6,0.005530605
age_55,24,med_NQ_6,-10.34558801
age_55,24,mig_NQ_7,0.006503113
age_55,24,med_NQ_7,-5.743434538
age_55,24,mig_NQ_8,0.007430042
age_55,24,med_NQ_8,-3.486276446
age_55,24,mig_NQ_9,0.007524544
age_55,24,med_NQ_9,-2.919278565
age_55,24,mig_NQ_10,0.007923308
age_55,24,med_NQ_10,-2.31307618
age_55,24,mig_NQ_11,0.007677889
age_55,24,med_NQ_11,-2.612813911
age_55,24,mig_NQ_12,0.010340606
age_55,24,med_NQ_12,-2.658933676
age_55,24,mig_NQ_13,0.016005909
age_55,24,med_NQ_13,-1.798919264
age_55,24,mig_NQ_14,0.01828992
age_55,24,med_NQ_14,-1.015824913
age_55,24,mig_NQ_15,0.012979308
age_55,24,med_NQ_15,-0.499652831
age_55,24,mig_NQ_16,0.003953352
age_55,24,med_NQ_16,-0.209874413
age_55,24,mig_NQ_17,0.000523632
age_55,24,med_NQ_17,-0.020956001
age_55,25,beta_Q_2,0.998632799999955
age_55,25,beta_Q_3,0.998197499999996
age_55,25,beta_Q_4,0.997334600000127
age_55,25,beta_Q_5,0.995742200032309
age_55,25,beta_Q_6,0.992592800009731
age_55,25,beta_Q_7,0.987996600040646
age_55,25,beta_Q_8,0.980881900094676
age_55,25,beta_Q_9,0.969825600035104
age_55,25,beta_Q_10,0.955121599992046
age_55,25,beta_Q_11,0.930302299960104
age_55,25,beta_Q_12,0.88686100819419
age_55,25,beta_Q_13,0.801346400895735
age_55,25,beta_Q_14,0.630152162749872
age_55,25,beta_Q_15,0.401319548696717
age_55,25,beta_Q_16,0.209842137382246
age_55,25,beta_Q_17,0.141344056412864
age_55,25,h_Q_2,731.4218841
age_55,25,h_Q_3,554.785020798
age_55,25,h_Q_4,375.1782096094
age_55,25,h_Q_5,234.863074807915
age_55,25,h_Q_6,135.003780060283
age_55,25,h_Q_7,83.30972895909
age_55,25,h_Q_8,52.3064530302383
age_55,25,h_Q_9,33.1406755764809
age_55,25,h_Q_10,22.2824343052127
age_55,25,h_Q_11,14.3476757398752
age_55,25,h_Q_12,8.83868518519084
age_55,25,h_Q_13,5.033888157187
age_55,25,h_Q_14,2.70381053670725
age_55,25,h_Q_15,1.67034002329719
age_55,25,h_Q_16,1.26556983069131
age_55,25,h_Q_17,1.16461046393405
age_55,25,P_Q_1,0.306880497
age_55,25,P_Q_2,0.0703933366798395
age_55,25,P_Q_3,0.0768607277677877
age_55,25,P_Q_4,0.0803230335146578
age_55,25,P_Q_5,0.0802344772064161
age_55,25,P_Q_6,0.0823301268782545
age_55,25,P_Q_7,0.0851402141701557
age_55,25,P_Q_8,0.0839215743224328
age_55,25,P_Q_9,0.0793560346486815
age_55,25,P_Q_10,0.0744058763130754
age_55,25,P_Q_11,0.0696131771198673
age_55,25,P_Q_12,0.0486338866124909
age_55,25,P_Q_13,0.0350861410984382
age_55,25,P_Q_14,0.0261296827780785
age_55,25,P_Q_15,0.0135357483928608
age_55,25,P_Q_16,0.00411624920168282
age_55,25,P_Q_17,0.000597353283576423
age_55,25,L_Q,1.07096886796516
age_55,25,beta_NQ_2,0.991690600000529
age_55,25,beta_NQ_3,0.989144200000644
age_55,25,beta_NQ_4,0.987363000003173
age_55,25,beta_NQ_5,0.983010700120059
age_55,25,beta_NQ_6,0.974850500042407
age_55,25,beta_NQ_7,0.965107800119121
age_55,25,beta_NQ_8,0.952190900273821
age_55,25,beta_NQ_9,0.935068400007744
age_55,25,beta_NQ_10,0.916035200054267
age_55,25,beta_NQ_11,0.886647899968915
age_55,25,beta_NQ_12,0.823275109295727
age_55,25,beta_NQ_13,0.709672299606467
age_55,25,beta_NQ_14,0.514614910536279
age_55,25,beta_NQ_15,0.299465121496327
age_55,25,beta_NQ_16,0.146564112237895
age_55,25,beta_NQ_17,0.0942485130586051
age_55,25,h_NQ_2,120.34563266
age_55,25,h_NQ_3,92.1166565384
age_55,25,h_NQ_4,79.1327055502472
age_55,25,h_NQ_5,58.8605769515317
age_55,25,h_NQ_6,39.7622219073654
age_55,25,h_NQ_7,28.6597004468729
age_55,25,h_NQ_8,20.916520074333
age_55,25,h_NQ_9,15.4008217888513
age_55,25,h_NQ_10,11.9097526658096
age_55,25,h_NQ_11,8.82206857834684
age_55,25,h_NQ_12,5.65851217868726
age_55,25,h_NQ_13,3.44438370371842
age_55,25,h_NQ_14,2.06021854361317
age_55,25,h_NQ_15,1.42748063175208
age_55,25,h_NQ_16,1.17173415911455
age_55,25,h_NQ_17,1.1040555850175
age_55,25,P_NQ_1,0.716054493
age_55,25,P_NQ_2,0.164251119537659
age_55,25,P_NQ_3,0.179341696433512
age_55,25,P_NQ_4,0.187420410020014
age_55,25,P_NQ_5,0.187213776757739
age_55,25,P_NQ_6,0.192103631770522
age_55,25,P_NQ_7,0.198660499919526
age_55,25,P_NQ_8,0.19581700584404
age_55,25,P_NQ_9,0.185164078175564
age_55,25,P_NQ_10,0.173613715165714
age_55,25,P_NQ_11,0.162430745051558
age_55,25,P_NQ_12,0.113479071178993
age_55,25,P_NQ_13,0.0818676604163889
age_55,25,P_NQ_14,0.0609692275632601
age_55,25,P_NQ_15,0.0315834099981634
age_55,25,P_NQ_16,0.00960452181831608
age_55,25,P_NQ_17,0.00139380758027739
age_55,25,L_NQ,1.88425617203996
age_55,25,pi_Q,0.3
age_55,25,pi_NQ,0.7
age_55,25,y,4.88468890302747
age_55,25,nbar,6.45875040490936
age_55,25,Ptot,4.05852700721954
age_55,25,Pret,1.17158038639699
age_55,25,H,347.564686085678
age_55,25,cCheck,-8.88178419700125e-16
age_55,25,shareq,0.3
age_55,25,A,1.323527466
age_55,25,A_Q,2
age_55,25,xpop,1.02293499
age_55,25,h_Q_1,100
age_55,25,mig_Q_2,-0.241211462
age_55,25,med_Q_2,633.4218841
age_55,25,mig_Q_3,0.002354399
age_55,25,med_Q_3,-129.5247341
age_55,25,mig_Q_4,0.002322492
age_55,25,med_Q_4,-146.6257412
age_55,25,mig_Q_5,0.000973699
age_55,25,med_Q_5,-112.1992902
age_55,25,mig_Q_6,0.00015413
age_55,25,med_Q_6,-74.85980856
age_55,25,mig_Q_7,-0.000185065
age_55,25,med_Q_7,-39.21171234
age_55,25,mig_Q_8,2.55393e-05
age_55,25,med_Q_8,-22.92134132
age_55,25,mig_Q_9,0.000181959
age_55,25,med_Q_9,-13.78744781
age_55,25,mig_Q_10,7.5375e-05
age_55,25,med_Q_10,-8.608906972
age_55,25,mig_Q_11,0.000393441
age_55,25,med_Q_11,-7.558325155
age_55,25,mig_Q_12,0.001081271
age_55,25,med_Q_12,-5.195658888
age_55,25,mig_Q_13,0.002210074
age_55,25,med_Q_13,-3.489748431
age_55,25,mig_Q_14,0.003929298
age_55,25,med_Q_14,-1.971237826
age_55,25,mig_Q_15,0.003802427
age_55,25,med_Q_15,-0.889497485
age_55,25,mig_Q_16,0.001739897
age_55,25,med_Q_16,-0.344204191
age_55,25,mig_Q_17,0.000137633
age_55,25,med_Q_17,-0.057590843
age_55,25,h_NQ_1,100
age_55,25,mig_NQ_2,-0.557517143
age_55,25,med_NQ_2,22.34563266
age_55,25,mig_NQ_3,0.0071368
age_55,25,med_NQ_3,-20.21327251
age_55,25,mig_NQ_4,0.007352765
age_55,25,med_NQ_4,-7.498660311
age_55,25,mig_NQ_5,0.004863318
age_55,25,med_NQ_5,-14.17618737
age_55,25,mig_NQ_6,0.004067789
age_55,25,med_NQ_6,-12.88066593
age_55,25,mig_NQ_7,0.004595693
age_55,25,med_NQ_7,-7.392243781
age_55,25,mig_NQ_8,0.006336736
age_55,25,med_NQ_8,-4.906727697
age_55,25,mig_NQ_9,0.007405752
age_55,25,med_NQ_9,-3.34464726
age_55,25,mig_NQ_10,0.007269704
age_55,25,med_NQ_10,-2.435643494
age_55,25,mig_NQ_11,0.00851983
age_55,25,med_NQ_11,-2.871311892
age_55,25,mig_NQ_12,0.010601892
age_55,25,med_NQ_12,-2.967610532
age_55,25,mig_NQ_13,0.014331703
age_55,25,med_NQ_13,-2.017818964
age_55,25,mig_NQ_14,0.018927039
age_55,25,med_NQ_14,-1.161821794
age_55,25,mig_NQ_15,0.014729845
age_55,25,med_NQ_15,-0.536041143
age_55,25,mig_NQ_16,0.005779086
age_55,25,med_NQ_16,-0.20916582
age_55,25,mig_NQ_17,0.000704547
age_55,25,med_NQ_17,-0.031148892
age_55,26,beta_Q_2,0.998746800005888
age_55,26,beta_Q_3,0.998359100014445
age_55,26,beta_Q_4,0.997555300010877
age_55,26,beta_Q_5,0.996150600061289
age_55,26,beta_Q_6,0.993290900091443
age_55,26,beta_Q_7,0.989111500126182
age_55,26,beta_Q_8,0.982749500339779
age_55,26,beta_Q_9,0.972941300825321
age_55,26,beta_Q_10,0.958661900182128
age_55,26,beta_Q_11,0.933837099979108
age_55,26,beta_Q_12,0.893199999924377
age_55,26,beta_Q_13,0.817945501768439
age_55,26,beta_Q_14,0.655981402941068
age_55,26,beta_Q_15,0.425457089935023
age_55,26,beta_Q_16,0.229895454642405
age_55,26,beta_Q_17,0.13414440357822
age_55,26,h_Q_2,797.9572295
age_55,26,h_Q_3,609.421658818
age_55,26,h_Q_4,409.04814498204
age_55,26,h_Q_5,259.780745017212
age_55,26,h_Q_6,149.051288531757
age_55,26,h_Q_7,91.8400146490773
age_55,26,h_Q_8,57.9693342699082
age_55,26,h_Q_9,36.9566904396335
age_55,26,h_Q_10,24.1907586829512
age_55,26,h_Q_11,15.1142105261084
age_55,26,h_Q_12,9.36329587207771
age_55,26,h_Q_13,5.49286068148702
age_55,26,h_Q_14,2.90681959504325
age_55,26,h_Q_15,1.74050861697311
age_55,26,h_Q_16,1.29852439683124
age_55,26,h_Q_17,1.15492698707749
age_55,26,P_Q_1,0.2996055927
age_55,26,P_Q_2,0.0720767969844878
age_55,26,P_Q_3,0.0725911786904739
age_55,26,P_Q_4,0.0789499371840052
age_55,26,P_Q_5,0.0809808051051543
age_55,26,P_Q_6,0.0798368423876335
age_55,26,P_Q_7,0.0812278714366304
age_55,26,P_Q_8,0.08359848114969
age_55,26,P_Q_9,0.0817341181731439
age_55,26,P_Q_10,0.0761853687826729
age_55,26,P_Q_11,0.069820434864601
age_55,26,P_Q_12,0.0632045634441262
age_55,26,P_Q_13,0.0415488109984908
age_55,26,P_Q_14,0.026156368695728
age_55,26,P_Q_15,0.0147364645000868
age_55,26,P_Q_16,0.00488484737382621
age_55,26,P_Q_17,0.000902009359372062
age_55,26,L_Q,1.04961523595769
age_55,26,beta_NQ_2,0.992391500039615
age_55,26,beta_NQ_3,0.990140600107284
age_55,26,beta_NQ_4,0.98845960007728
age_55,26,beta_NQ_5,0.984706600350459
age_55,26,beta_NQ_6,0.977306500425687
age_55,26,beta_NQ_7,0.968419300456607
age_55,26,beta_NQ_8,0.956882800844418
age_55,26,beta_NQ_9,0.941672201565522
age_55,26,beta_NQ_10,0.922522700192275
age_55,26,beta_NQ_11,0.89228950009065
age_55,26,beta_NQ_12,0.832520399951811
age_55,26,beta_NQ_13,0.730823999974737
age_55,26,beta_NQ_14,0.541515399137528
age_55,26,beta_NQ_15,0.319759640465486
age_55,26,beta_NQ_16,0.161053376295915
age_55,26,beta_NQ_17,0.0911675967833154
age_55,26,h_NQ_2,131.43195111
age_55,26,h_NQ_3,101.4260502668
age_55,26,h_NQ_4,86.652109116632
age_55,26,h_NQ_5,65.3876835792422
age_55,26,h_NQ_6,44.0654813025011
age_55,26,h_NQ_7,31.6649092592181
age_55,26,h_NQ_8,23.1926006309355
age_55,26,h_NQ_9,17.1444834168463
age_55,26,h_NQ_10,12.9070063110742
age_55,26,h_NQ_11,9.28414593549341
age_55,26,h_NQ_12,5.9708764507799
age_55,26,h_NQ_13,3.71504145411351
age_55,26,h_NQ_14,2.18109833564405
age_55,26,h_NQ_15,1.47006744574091
age_55,26,h_NQ_16,1.19197083911704
age_55,26,h_NQ_17,1.10031288093226
age_55,26,P_NQ_1,0.6990797163
age_55,26,P_NQ_2,0.168179191796244
age_55,26,P_NQ_3,0.169379417234288
age_55,26,P_NQ_4,0.184216517416251
age_55,26,P_NQ_5,0.188955213470563
age_55,26,P_NQ_6,0.18628596288711
age_55,26,P_NQ_7,0.189531702452943
age_55,26,P_NQ_8,0.19506312326722
age_55,26,P_NQ_9,0.190712941348894
age_55,26,P_NQ_10,0.177765859394416
age_55,26,P_NQ_11,0.162914353957482
age_55,26,P_NQ_12,0.147477312385308
age_55,26,P_NQ_13,0.0969472264008023
age_55,26,P_NQ_14,0.0610315057409944
age_55,26,P_NQ_15,0.0343850651397689
age_55,26,P_NQ_16,0.0113979774478263
age_55,26,P_NQ_17,0.00210467590001522
age_55,26,L_NQ,1.84672411651117
age_55,26,pi_Q,0.3
age_55,26,pi_NQ,0.7
age_55,26,y,5.03021299542357
age_55,26,nbar,6.35161164945615
age_55,26,Ptot,4.09346825437025
age_55,26,Pret,1.26390990390756
age_55,26,H,365.494853298962
age_55,26,cCheck,-4.44089209850063e-16
age_55,26,shareq,0.3
age_55,26,A,1.379010647
age_55,26,A_Q,2
age_55,26,xpop,0.998685309
age_55,26,h_Q_1,100
age_55,26,mig_Q_2,-0.234384133
age_55,26,med_Q_2,699.9572295
age_55,26,mig_Q_3,0.002324726
age_55,26,med_Q_3,-107.3717876
age_55,26,mig_Q_4,0.002294074
age_55,26,med_Q_4,-134.6411754
age_55,26,mig_Q_5,0.000999771
age_55,26,med_Q_5,-107.8939004
age_55,26,mig_Q_6,0.000196678
age_55,26,med_Q_6,-81.11452478
age_55,26,mig_Q_7,-0.000114014
age_55,26,med_Q_7,-40.46368981
age_55,26,mig_Q_8,8.59861e-05
age_55,26,med_Q_8,-23.67420011
age_55,26,mig_Q_9,0.000344827
age_55,26,med_Q_9,-14.30363353
age_55,26,mig_Q_10,0.000390706
age_55,26,med_Q_10,-8.287103382
age_55,26,mig_Q_11,0.000600477
age_55,26,med_Q_11,-6.722575093
age_55,26,mig_Q_12,0.001467351
age_55,26,med_Q_12,-4.697426353
age_55,26,mig_Q_13,0.002576221
age_55,26,med_Q_13,-3.1690508
age_55,26,mig_Q_14,0.004046761
age_55,26,med_Q_14,-2.026390799
age_55,26,mig_Q_15,0.004250112
age_55,26,med_Q_15,-0.909225709
age_55,26,mig_Q_16,0.002044477
age_55,26,med_Q_16,-0.338408826
age_55,26,mig_Q_17,0.000320202
age_55,26,med_Q_17,-0.085331447
age_55,26,h_NQ_1,100
age_55,26,mig_NQ_2,-0.541925318
age_55,26,med_NQ_2,33.43195111
age_55,26,mig_NQ_3,0.006911375
age_55,26,med_NQ_3,-16.51266974
age_55,26,mig_NQ_4,0.007141162
age_55,26,med_NQ_4,-3.622214291
age_55,26,mig_NQ_5,0.004718945
age_55,26,med_NQ_5,-12.16236786
age_55,26,mig_NQ_6,0.003780519
age_55,26,med_NQ_6,-13.61788411
age_55,26,mig_NQ_7,0.004130989
age_55,26,med_NQ_7,-7.30206821
age_55,26,mig_NQ_8,0.005900403
age_55,26,med_NQ_8,-4.893905807
age_55,26,mig_NQ_9,0.007610647
age_55,26,med_NQ_9,-3.353706256
age_55,26,mig_NQ_10,0.008149046
age_55,26,med_NQ_10,-2.185799042
age_55,26,mig_NQ_11,0.008980118
age_55,26,med_NQ_11,-2.387411677
age_55,26,mig_NQ_12,0.013752123
age_55,26,med_NQ_12,-2.674750756
age_55,26,mig_NQ_13,0.016414273
age_55,26,med_NQ_13,-1.830300481
age_55,26,mig_NQ_14,0.018901187
age_55,26,med_NQ_14,-1.194397694
age_55,26,mig_NQ_15,0.016126908
age_55,26,med_NQ_15,-0.548946727
age_55,26,mig_NQ_16,0.006768983
age_55,26,med_NQ_16,-0.20696018
age_55,26,mig_NQ_17,0.001199464
age_55,26,med_NQ_17,-0.047986595
age_55,27,beta_Q_2,0.998855500007564
age_55,27,beta_Q_3,0.998500000009189
age_55,27,beta_Q_4,0.997760700011092
age_55,27,beta_Q_5,0.996471500016403
age_55,27,beta_Q_6,0.993847900026437
age_55,27,beta_Q_7,0.99001940004476
age_55,27,beta_Q_8,0.984195300066976
age_55,27,beta_Q_9,0.975226300158592
age_55,27,beta_Q_10,0.962119300161714
age_55,27,beta_Q_11,0.93756790014858
age_55,27,beta_Q_12,0.895856444026453
age_55,27,beta_Q_13,0.822341166340975
age_55,27,beta_Q_14,0.667730822348659
age_55,27,beta_Q_15,0.438449067544388
age_55,27,beta_Q_16,0.242116452619548
age_55,27,beta_Q_17,0.1445777199943
age_55,27,h_Q_2,873.743993
age_55,27,h_Q_3,666.66666671
age_55,27,h_Q_4,446.56812394164
age_55,27,h_Q_5,283.406546682399
age_55,27,h_Q_6,162.546122426868
age_55,27,h_Q_7,100.194377071122
age_55,27,h_Q_8,63.2723176860957
age_55,27,h_Q_9,40.36538753451
age_55,27,h_Q_10,26.3986673808408
age_55,27,h_Q_11,16.0174013402922
age_55,27,h_Q_12,9.60212628958624
age_55,27,h_Q_13,5.62876387663616
age_55,27,h_Q_14,3.00960336985728
age_55,27,h_Q_15,1.78078185914239
age_55,27,h_Q_16,1.31946383563364
age_55,27,h_Q_17,1.16901324789462
age_55,27,P_Q_1,0.289519968
age_55,27,P_Q_2,0.0745005049729924
age_55,27,P_Q_3,0.0742668261693571
age_55,27,P_Q_4,0.0746922350367189
age_55,27,P_Q_5,0.0796663673006478
age_55,27,P_Q_6,0.0806514297930284
age_55,27,P_Q_7,0.0788774303393698
age_55,27,P_Q_8,0.0799005174680123
age_55,27,P_Q_9,0.0816407079968005
age_55,27,P_Q_10,0.0787471050375768
age_55,27,P_Q_11,0.0718390878448502
age_55,27,P_Q_12,0.0635935884157816
age_55,27,P_Q_13,0.054137092360361
age_55,27,P_Q_14,0.0316116043293233
age_55,27,P_Q_15,0.015128792508552
age_55,27,P_Q_16,0.00544961920606913
age_55,27,P_Q_17,0.00114787593753255
age_55,27,L_Q,1.02894455474276
age_55,27,beta_NQ_2,0.993066100055541
age_55,27,beta_NQ_3,0.991006400066706
age_55,27,beta_NQ_4,0.989459300068996
age_55,27,beta_NQ_5,0.986023900088483
age_55,27,beta_NQ_6,0.979247300123177
age_55,27,beta_NQ_7,0.971109400161155
age_55,27,beta_NQ_8,0.960532100202879
age_55,27,beta_NQ_9,0.946569300260194
age_55,27,beta_NQ_10,0.928888700277789
age_55,27,beta_NQ_11,0.898215800026637
age_55,27,beta_NQ_12,0.836512758328164
age_55,27,beta_NQ_13,0.736642562623966
age_55,27,beta_NQ_14,0.554065978743354
age_55,27,beta_NQ_15,0.33112415392031
age_55,27,beta_NQ_16,0.170241314755186
age_55,27,beta_NQ_17,0.0985201055612787
age_55,27,h_NQ_2,144.2189821
age_55,27,h_NQ_3,111.1901796878
age_55,27,h_NQ_4,94.870359653464
age_55,27,h_NQ_5,71.5507187342994
age_55,27,h_NQ_6,48.1865010376574
age_55,27,h_NQ_7,34.613334438451
age_55,27,h_NQ_8,25.3370460500337
age_55,27,h_NQ_9,18.7158319073168
age_55,27,h_NQ_10,14.0624626435094
age_55,27,h_NQ_11,9.82470756885276
age_55,27,h_NQ_12,6.11668307678354
age_55,27,h_NQ_13,3.7971198827643
age_55,27,h_NQ_14,2.24248280003124
age_55,27,h_NQ_15,1.49504563893117
age_55,27,h_NQ_16,1.20516965082609
age_55,27,h_NQ_17,1.1092870753347
age_55,27,P_NQ_1,0.675546592
age_55,27,P_NQ_2,0.173834512306226
age_55,27,P_NQ_3,0.173289260890691
age_55,27,P_NQ_4,0.174281880020727
age_55,27,P_NQ_5,0.185888185593357
age_55,27,P_NQ_6,0.188186669414104
age_55,27,P_NQ_7,0.18404733286402
age_55,27,P_NQ_8,0.186434543291983
age_55,27,P_NQ_9,0.19049498673129
age_55,27,P_NQ_10,0.183743246614793
age_55,27,P_NQ_11,0.167624536812229
age_55,27,P_NQ_12,0.148385044114574
age_55,27,P_NQ_13,0.126319879342955
age_55,27,P_NQ_14,0.0737604109997068
age_55,27,P_NQ_15,0.0353004283328076
age_55,27,P_NQ_16,0.0127157638349148
age_55,27,P_NQ_17,0.00267837821210875
age_55,27,L_NQ,1.81039343732392
age_55,27,pi_Q,0.3
age_55,27,pi_NQ,0.7
age_55,27,y,5.1206489457522
age_55,27,nbar,6.28954620159283
age_55,27,Ptot,4.11790240409346
age_55,27,Pret,1.34431814863222
age_55,27,H,387.448694596975
age_55,27,cCheck,4.44089209850063e-16
age_55,27,shareq,0.3
age_55,27,A,1.413485914
age_55,27,A_Q,2
age_55,27,xpop,0.96506656
age_55,27,h_Q_1,100
age_55,27,mig_Q_2,-0.224729622
age_55,27,med_Q_2,775.743993
age_55,27,mig_Q_3,0.0023083
age_55,27,med_Q_3,-115.3314182
age_55,27,mig_Q_4,0.00227852
age_55,27,med_Q_4,-150.6651017
age_55,27,mig_Q_5,0.00102034
age_55,27,med_Q_5,-117.4606354
age_55,27,mig_Q_6,0.000213933
age_55,27,med_Q_6,-92.03900769
age_55,27,mig_Q_7,-9.01086e-05
age_55,27,med_Q_7,-45.87588569
age_55,27,mig_Q_8,7.38674e-05
age_55,27,med_Q_8,-26.73089667
age_55,27,mig_Q_9,0.000304293
age_55,27,med_Q_9,-16.44456005
age_55,27,mig_Q_10,0.00039172
age_55,27,med_Q_10,-9.81888925
age_55,27,mig_Q_11,0.000694364
age_55,27,med_Q_11,-7.689542169
age_55,27,mig_Q_12,0.001229976
age_55,27,med_Q_12,-5.209800026
age_55,27,mig_Q_13,0.002439204
age_55,27,med_Q_13,-3.547266078
age_55,27,mig_Q_14,0.004356357
age_55,27,med_Q_14,-2.373400098
age_55,27,mig_Q_15,0.00400038
age_55,27,med_Q_15,-1.067901344
age_55,27,mig_Q_16,0.002061773
age_55,27,med_Q_16,-0.386234609
age_55,27,mig_Q_17,0.000492601
age_55,27,med_Q_17,-0.103540661
age_55,27,h_NQ_1,100
age_55,27,mig_NQ_2,-0.519926256
age_55,27,med_NQ_2,46.2189821
age_55,27,mig_NQ_3,0.006768215
age_55,27,med_NQ_3,-17.6131324
age_55,27,mig_NQ_4,0.006857169
age_55,27,med_NQ_4,-4.527169608
age_55,27,mig_NQ_5,0.004488965
age_55,27,med_NQ_5,-13.3683482
age_55,27,mig_NQ_6,0.003519511
age_55,27,med_NQ_6,-15.89342887
age_55,27,mig_NQ_7,0.003644411
age_55,27,med_NQ_7,-8.570837238
age_55,27,mig_NQ_8,0.005074917
age_55,27,med_NQ_8,-5.694565024
age_55,27,mig_NQ_9,0.006809466
age_55,27,med_NQ_9,-4.012916711
age_55,27,mig_NQ_10,0.007806229
age_55,27,med_NQ_10,-2.739131105
age_55,27,mig_NQ_11,0.009005927
age_55,27,med_NQ_11,-2.824158616
age_55,27,mig_NQ_12,0.012755521
age_55,27,med_NQ_12,-2.98177994
age_55,27,mig_NQ_13,0.01853992
age_55,27,med_NQ_13,-2.054339039
age_55,27,mig_NQ_14,0.021261995
age_55,27,med_NQ_14,-1.398257825
age_55,27,mig_NQ_15,0.015785016
age_55,27,med_NQ_15,-0.64243073
age_55,27,mig_NQ_16,0.007177933
age_55,27,med_NQ_16,-0.235496446
age_55,27,mig_NQ_17,0.001639252
age_55,27,med_NQ_17,-0.058844347
age_55,28,beta_Q_2,0.998954400006745
age_55,28,beta_Q_3,0.998628400008118
age_55,28,beta_Q_4,0.997948100010028
age_55,28,beta_Q_5,0.996764500014024
age_55,28,beta_Q_6,0.994356500022895
age_55,28,beta_Q_7,0.990848200038915
age_55,28,beta_Q_8,0.985514700064329
age_55,28,beta_Q_9,0.977311000091688
age_55,28,beta_Q_10,0.96529880023085
age_55,28,beta_Q_11,0.942701900190087
age_55,28,beta_Q_12,0.901680100356031
age_55,28,beta_Q_13,0.826531958927594
age_55,28,beta_Q_14,0.674672166675233
age_55,28,beta_Q_15,0.449242389033339
age_55,28,beta_Q_16,0.254418166790466
age_55,28,beta_Q_17,0.155303123380905
age_55,28,h_Q_2,956.3886764
age_55,28,h_Q_3,729.07553224
age_55,28,h_Q_4,487.3531848758
age_55,28,h_Q_5,309.071240862807
age_55,28,h_Q_6,177.195003048751
age_55,28,h_Q_7,109.26812208833
age_55,28,h_Q_8,69.0355049396993
age_55,28,h_Q_9,44.0742209423738
age_55,28,h_Q_10,28.8174472838198
age_55,28,h_Q_11,17.452585673224
age_55,28,h_Q_12,10.1708810064864
age_55,28,h_Q_13,5.76474867179452
age_55,28,h_Q_14,3.07382182010343
age_55,28,h_Q_15,1.81568049646014
age_55,28,h_Q_16,1.34123429695954
age_55,28,h_Q_17,1.18385660192097
age_55,28,P_Q_1,0.281860557
age_55,28,P_Q_2,0.077317134398814
age_55,28,P_Q_3,0.0766877592162175
age_55,28,P_Q_4,0.0763752394663398
age_55,28,P_Q_5,0.075452958486617
age_55,28,P_Q_6,0.0793964318444837
age_55,28,P_Q_7,0.0797579128364461
age_55,28,P_Q_8,0.077723687321368
age_55,28,P_Q_9,0.0782046680310866
age_55,28,P_Q_10,0.0789124908425885
age_55,28,P_Q_11,0.0746124309128606
age_55,28,P_Q_12,0.0658339387787914
age_55,28,P_Q_13,0.0546869566696418
age_55,28,P_Q_14,0.0412453562013491
age_55,28,P_Q_15,0.0187525644417739
age_55,28,P_Q_16,0.0057310365745878
age_55,28,P_Q_17,0.00134795551965062
age_55,28,L_Q,1.01958431576245
age_55,28,beta_NQ_2,0.993680000050041
age_55,28,beta_NQ_3,0.991794400059189
age_55,28,beta_NQ_4,0.990370500062277
age_55,28,beta_NQ_5,0.987225200077893
age_55,28,beta_NQ_6,0.981019700111639
age_55,28,beta_NQ_7,0.973568900151684
age_55,28,beta_NQ_8,0.963873900189963
age_55,28,beta_NQ_9,0.951062700236185
age_55,28,beta_NQ_10,0.934786300283455
age_55,28,beta_NQ_11,0.906378300288754
age_55,28,beta_NQ_12,0.845147400050261
age_55,28,beta_NQ_13,0.742250658217589
age_55,28,beta_NQ_14,0.561476335445756
age_55,28,beta_NQ_15,0.340462424467105
age_55,28,beta_NQ_16,0.179566010817859
age_55,28,beta_NQ_17,0.106128807109109
age_55,28,h_NQ_2,158.2278481
age_55,28,h_NQ_3,121.867992588
age_55,28,h_NQ_4,103.847551798044
age_55,28,h_NQ_5,78.2791120003947
age_55,28,h_NQ_6,52.6862062296134
age_55,28,h_NQ_7,37.8342180279043
age_55,28,h_NQ_8,27.680818020682
age_55,28,h_NQ_9,20.434310838033
age_55,28,h_NQ_10,15.3342012471704
age_55,28,h_NQ_11,10.6812843576392
age_55,28,h_NQ_12,6.4577540204757
age_55,28,h_NQ_13,3.87973745724787
age_55,28,h_NQ_14,2.28037845910902
age_55,28,h_NQ_15,1.51621377903062
age_55,28,h_NQ_16,1.21886708315254
age_55,28,h_NQ_17,1.11872941280957
age_55,28,P_NQ_1,0.657674633
age_55,28,P_NQ_2,0.180406645523252
age_55,28,P_NQ_3,0.178938103247944
age_55,28,P_NQ_4,0.178208890790377
age_55,28,P_NQ_5,0.17605690105279
age_55,28,P_NQ_6,0.185258337867091
age_55,28,P_NQ_7,0.186101797653057
age_55,28,P_NQ_8,0.181355268172616
age_55,28,P_NQ_9,0.182477562188221
age_55,28,P_NQ_10,0.184129147634263
age_55,28,P_NQ_11,0.174095672257598
age_55,28,P_NQ_12,0.153612524652278
age_55,28,P_NQ_13,0.12760290115163
age_55,28,P_NQ_14,0.0962391315828965
age_55,28,P_NQ_15,0.0437559746850923
age_55,28,P_NQ_16,0.0133723923307984
age_55,28,P_NQ_17,0.00314522539530809
age_55,28,L_NQ,1.79416566458524
age_55,28,pi_Q,0.3
age_55,28,pi_NQ,0.7
age_55,28,y,5.25819982884519
age_55,28,nbar,6.30587471682081
age_55,28,Ptot,4.14633018772783
age_55,28,Pret,1.39775792985041
age_55,28,H,416.963272538837
age_55,28,cCheck,0
age_55,28,shareq,0.3
age_55,28,A,1.448823061
age_55,28,A_Q,2
age_55,28,xpop,0.93953519
age_55,28,h_Q_1,100
age_55,28,mig_Q_2,-0.211871478
age_55,28,med_Q_2,858.3886764
age_55,28,mig_Q_3,0.002299005
age_55,28,med_Q_3,-127.1935809
age_55,28,mig_Q_4,0.002274719
age_55,28,med_Q_4,-165.9801485
age_55,28,mig_Q_5,0.001024275
age_55,28,med_Q_5,-128.5655206
age_55,28,mig_Q_6,0.00022018
age_55,28,med_Q_6,-100.5434127
age_55,28,mig_Q_7,-8.85673e-05
age_55,28,med_Q_7,-50.02707789
age_55,28,mig_Q_8,9.28911e-05
age_55,28,med_Q_8,-29.15498459
age_55,28,mig_Q_9,0.000283582
age_55,28,med_Q_9,-17.93265039
age_55,28,mig_Q_10,0.00036439
age_55,28,med_Q_10,-10.7406325
age_55,28,mig_Q_11,0.000781673
age_55,28,med_Q_11,-8.41810836
age_55,28,mig_Q_12,0.001476429
age_55,28,med_Q_12,-5.526172307
age_55,28,mig_Q_13,0.002391331
age_55,28,med_Q_13,-3.645335092
age_55,28,mig_Q_14,0.005096351
age_55,28,med_Q_14,-2.442366779
age_55,28,mig_Q_15,0.004892486
age_55,28,med_Q_15,-1.133730806
age_55,28,mig_Q_16,0.002068107
age_55,28,med_Q_16,-0.403931925
age_55,28,mig_Q_17,0.000560062
age_55,28,med_Q_17,-0.109217957
age_55,28,h_NQ_1,100
age_55,28,mig_NQ_2,-0.490455774
age_55,28,med_NQ_2,60.2278481
age_55,28,mig_NQ_3,0.006666989
age_55,28,med_NQ_3,-19.46660987
age_55,28,mig_NQ_4,0.00674622
age_55,28,med_NQ_4,-5.118824296
age_55,28,mig_NQ_5,0.004210802
age_55,28,med_NQ_5,-14.69384046
age_55,28,mig_NQ_6,0.003227834
age_55,28,med_NQ_6,-17.43349813
age_55,28,mig_NQ_7,0.003351954
age_55,28,med_NQ_7,-9.388552989
age_55,28,mig_NQ_8,0.004571897
age_55,28,med_NQ_8,-6.240249729
age_55,28,mig_NQ_9,0.006004347
age_55,28,med_NQ_9,-4.395994291
age_55,28,mig_NQ_10,0.007180507
age_55,28,med_NQ_10,-3.007314022
age_55,28,mig_NQ_11,0.009054585
age_55,28,med_NQ_11,-3.099929033
age_55,28,mig_NQ_12,0.013392461
age_55,28,med_NQ_12,-3.170459397
age_55,28,mig_NQ_13,0.018296162
age_55,28,med_NQ_13,-2.114611958
age_55,28,mig_NQ_14,0.026249584
age_55,28,med_NQ_14,-1.440799026
age_55,28,mig_NQ_15,0.019332121
age_55,28,med_NQ_15,-0.681419365
age_55,28,mig_NQ_16,0.007362801
age_55,28,med_NQ_16,-0.246277643
age_55,28,mig_NQ_17,0.001892467
age_55,28,med_NQ_17,-0.062336845
age_55,29,beta_Q_2,0.999044400005905
age_55,29,beta_Q_3,0.998745300007217
age_55,29,beta_Q_4,0.99811910000893
age_55,29,beta_Q_5,0.997032000013439
age_55,29,beta_Q_6,0.9948210000196
age_55,29,beta_Q_7,0.991605100033018
age_55,29,beta_Q_8,0.986719100056478
age_55,29,beta_Q_9,0.979213400095598
age_55,29,beta_Q_10,0.968202200108787
age_55,29,beta_Q_11,0.947434800357186
age_55,29,beta_Q_12,0.909868200300914
age_55,29,beta_Q_13,0.835661400953156
age_55,29,beta_Q_14,0.681522067623461
age_55,29,beta_Q_15,0.457188922774912
age_55,29,beta_Q_16,0.265002645124233
age_55,29,beta_Q_17,0.166266739332475
age_55,29,h_Q_2,1046.4629552
age_55,29,h_Q_3,797.003267772
age_55,29,h_Q_4,531.6603753952
age_55,29,h_Q_5,336.927223778284
age_55,29,h_Q_6,193.087468545551
age_55,29,h_Q_7,119.119941817776
age_55,29,h_Q_8,75.2961018965637
age_55,29,h_Q_9,48.1079156609053
age_55,29,h_Q_10,31.4487165335264
age_55,29,h_Q_11,19.0239931071434
age_55,29,h_Q_12,11.0948632857595
age_55,29,h_Q_13,6.08499771635664
age_55,29,h_Q_14,3.13993430735863
age_55,29,h_Q_15,1.84226150870136
age_55,29,h_Q_16,1.36054905553093
age_55,29,h_Q_17,1.19942434502035
age_55,29,P_Q_1,0.2809735983
age_55,29,P_Q_2,0.0756185956035018
age_55,29,P_Q_3,0.0795123332179003
age_55,29,P_Q_4,0.0788072046038508
age_55,29,P_Q_5,0.0771549603801176
age_55,29,P_Q_6,0.0752484837171253
age_55,29,P_Q_7,0.0785825158826191
age_55,29,P_Q_8,0.078693732846767
age_55,29,P_Q_9,0.0762567875868598
age_55,29,P_Q_10,0.0758147102228599
age_55,29,P_Q_11,0.0751033000660411
age_55,29,P_Q_12,0.0688508241933155
age_55,29,P_Q_13,0.0571809353827538
age_55,29,P_Q_14,0.0419295415451818
age_55,29,P_Q_15,0.0244423203564251
age_55,29,P_Q_16,0.00731904806789621
age_55,29,P_Q_17,0.00149605388024369
age_55,29,L_Q,1.01941320826319
age_55,29,beta_NQ_2,0.994238100044601
age_55,29,beta_NQ_3,0.992511800052943
age_55,29,beta_NQ_4,0.991200900055157
age_55,29,beta_NQ_5,0.988321000070661
age_55,29,beta_NQ_6,0.982638100097602
age_55,29,beta_NQ_7,0.975817300135451
age_55,29,beta_NQ_8,0.966932700181637
age_55,29,beta_NQ_9,0.955183000222458
age_55,29,beta_NQ_10,0.940206400257566
age_55,29,beta_NQ_11,0.913966000301985
age_55,29,beta_NQ_12,0.857334000343112
age_55,29,beta_NQ_13,0.754398600126073
age_55,29,beta_NQ_14,0.568885938882203
age_55,29,beta_NQ_15,0.347110006176202
age_55,29,beta_NQ_16,0.187461704283178
age_55,29,beta_NQ_17,0.113957001962139
age_55,29,h_NQ_2,173.55386244
age_55,29,h_NQ_3,133.543441678
age_55,29,h_NQ_4,113.64798672324
age_55,29,h_NQ_5,85.6237691620831
age_55,29,h_NQ_6,57.5973827703868
age_55,29,h_NQ_7,41.3518755150211
age_55,29,h_NQ_8,30.2413562683462
age_55,29,h_NQ_9,22.3129615962684
age_55,29,h_NQ_10,16.7241979032724
age_55,29,h_NQ_11,11.623311712227
age_55,29,h_NQ_12,7.00937854548645
age_55,29,h_NQ_13,4.07163803006619
age_55,29,h_NQ_14,2.31957155410291
age_55,29,h_NQ_15,1.53165157792683
age_55,29,h_NQ_16,1.23071121245001
age_55,29,h_NQ_17,1.12861339248949
age_55,29,P_NQ_1,0.6556050627
age_55,29,P_NQ_2,0.17644339135235
age_55,29,P_NQ_3,0.185528778763424
age_55,29,P_NQ_4,0.183883475793862
age_55,29,P_NQ_5,0.180028240866189
age_55,29,P_NQ_6,0.175579793273393
age_55,29,P_NQ_7,0.183359202241193
age_55,29,P_NQ_8,0.183618711536215
age_55,29,P_NQ_9,0.177932500050306
age_55,29,P_NQ_10,0.176900993242671
age_55,29,P_NQ_11,0.17524103486636
age_55,29,P_NQ_12,0.160651922768511
age_55,29,P_NQ_13,0.133422181533619
age_55,29,P_NQ_14,0.0978355923308642
age_55,29,P_NQ_15,0.0570320570673217
age_55,29,P_NQ_16,0.0170777728236493
age_55,29,P_NQ_17,0.00349078704626264
age_55,29,L_NQ,1.79410242419531
age_55,29,pi_Q,0.3
age_55,29,pi_NQ,0.7
age_55,29,y,5.44494055418209
age_55,29,nbar,6.39848326896257
age_55,29,Ptot,4.17661644410965
age_55,29,Pret,1.42797836303114
age_55,29,H,448.830733801446
age_55,29,cCheck,-4.44089209850063e-16
age_55,29,shareq,0.3
age_55,29,A,1.485043638
age_55,29,A_Q,2
age_55,29,xpop,0.936578661
age_55,29,h_Q_1,100
age_55,29,mig_Q_2,-0.205947248
age_55,29,med_Q_2,948.4629552
age_55,29,mig_Q_3,0.002301247
age_55,29,med_Q_3,-140.2576351
age_55,29,mig_Q_4,0.002276801
age_55,29,med_Q_4,-182.8336462
age_55,29,mig_Q_5,0.001026833
age_55,29,med_Q_5,-140.6788974
age_55,29,mig_Q_6,0.000221344
age_55,29,med_Q_6,-109.8023475
age_55,29,mig_Q_7,-8.72957e-05
age_55,29,med_Q_7,-54.53116117
age_55,29,mig_Q_8,9.11373e-05
age_55,29,med_Q_8,-31.78665775
age_55,29,mig_Q_9,0.000296573
age_55,29,med_Q_9,-19.54687918
age_55,29,mig_Q_10,0.000323838
age_55,29,med_Q_10,-11.74401999
age_55,29,mig_Q_11,0.000712345
age_55,29,med_Q_11,-9.217105231
age_55,29,mig_Q_12,0.00157428
age_55,29,med_Q_12,-6.008670674
age_55,29,mig_Q_13,0.002767081
age_55,29,med_Q_13,-3.88246567
age_55,29,mig_Q_14,0.005033774
age_55,29,med_Q_14,-2.509519391
age_55,29,mig_Q_15,0.005913158
age_55,29,med_Q_15,-1.170083875
age_55,29,mig_Q_16,0.002548055
age_55,29,med_Q_16,-0.418817831
age_55,29,mig_Q_17,0.000606006
age_55,29,med_Q_17,-0.114985266
age_55,29,h_NQ_1,100
age_55,29,mig_NQ_2,-0.477074738
age_55,29,med_NQ_2,75.55386244
age_55,29,mig_NQ_3,0.006602478
age_55,29,med_NQ_3,-21.51984946
age_55,29,mig_NQ_4,0.006668457
age_55,29,med_NQ_4,-5.782646013
age_55,29,mig_NQ_5,0.004095933
age_55,29,med_NQ_5,-16.1468316
age_55,29,mig_NQ_6,0.002864505
age_55,29,med_NQ_6,-19.11614699
age_55,29,mig_NQ_7,0.002997446
age_55,29,med_NQ_7,-10.28060659
age_55,29,mig_NQ_8,0.004240046
age_55,29,med_NQ_8,-6.836177399
age_55,29,mig_NQ_9,0.005452269
age_55,29,med_NQ_9,-4.814240064
age_55,29,mig_NQ_10,0.006323468
age_55,29,med_NQ_10,-3.301426718
age_55,29,mig_NQ_11,0.008350371
age_55,29,med_NQ_11,-3.40420551
age_55,29,mig_NQ_12,0.013515418
age_55,29,med_NQ_12,-3.458280125
age_55,29,mig_NQ_13,0.019403184
age_55,29,med_NQ_13,-2.25696091
age_55,29,mig_NQ_14,0.026189583
age_55,29,med_NQ_14,-1.482571154
age_55,29,mig_NQ_15,0.024266249
age_55,29,med_NQ_15,-0.703119312
age_55,29,mig_NQ_16,0.009220687
age_55,29,med_NQ_16,-0.255178291
age_55,29,mig_NQ_17,0.002071591
age_55,29,med_NQ_17,-0.065876349
age_55,30,beta_Q_2,0.999126400005502
age_55,30,beta_Q_3,0.998851900006309
age_55,30,beta_Q_4,0.998275200007838
age_55,30,beta_Q_5,0.997276400011391
age_55,30,beta_Q_6,0.995245400020986
age_55,30,beta_Q_7,0.99229630002757
age_55,30,beta_Q_8,0.987818900046274
age_55,30,beta_Q_9,0.980949800081634
age_55,30,beta_Q_10,0.970853600122191
age_55,30,beta_Q_11,0.951765100113205
age_55,30,beta_Q_12,0.917429600723758
age_55,30,beta_Q_13,0.848286200025582
age_55,30,beta_Q_14,0.692823465951414
age_55,30,beta_Q_15,0.465064923564201
age_55,30,beta_Q_16,0.272945306709456
age_55,30,beta_Q_17,0.175687730710235
age_55,30,h_Q_2,1144.688645
age_55,30,h_Q_3,871.004267896
age_55,30,h_Q_4,579.77736551656
age_55,30,h_Q_5,367.161110287296
age_55,30,h_Q_6,210.322635002718
age_55,30,h_Q_7,129.80775463464
age_55,30,h_Q_8,82.0943920814207
age_55,30,h_Q_9,52.4928871886324
age_55,30,h_Q_10,34.3095545076872
age_55,30,h_Q_11,20.7318766728558
age_55,30,h_Q_12,12.1108775520006
age_55,30,h_Q_13,6.59135818804434
age_55,30,h_Q_14,3.25545104302951
age_55,30,h_Q_15,1.86938564521145
age_55,30,h_Q_16,1.37541232452734
age_55,30,h_Q_17,1.21313247442032
age_55,30,P_Q_1,0.2833521261
age_55,30,P_Q_2,0.0697199469311237
age_55,30,P_Q_3,0.0778295359521438
age_55,30,P_Q_4,0.0816417604710608
age_55,30,P_Q_5,0.0796015638216456
age_55,30,P_Q_6,0.0769779348418212
age_55,30,P_Q_7,0.0745318017236529
age_55,30,P_Q_8,0.0776285378518718
age_55,30,P_Q_9,0.0773485247070974
age_55,30,P_Q_10,0.0741589205148262
age_55,30,P_Q_11,0.0724341848441332
age_55,30,P_Q_12,0.0697571904677483
age_55,30,P_Q_13,0.0604866552021655
age_55,30,P_Q_14,0.0445467643106978
age_55,30,P_Q_15,0.0251025009314876
age_55,30,P_Q_16,0.00950757754742656
age_55,30,P_Q_17,0.00194407625726675
age_55,30,L_Q,1.01563805832337
age_55,30,beta_NQ_2,0.994745900040001
age_55,30,beta_NQ_3,0.993165000047692
age_55,30,beta_NQ_4,0.991957700049225
age_55,30,beta_NQ_5,0.989320400062073
age_55,30,beta_NQ_6,0.984115800090073
age_55,30,beta_NQ_7,0.977871800117743
age_55,30,beta_NQ_8,0.96973140016252
age_55,30,beta_NQ_9,0.958958900217457
age_55,30,beta_NQ_10,0.945184000244609
age_55,30,beta_NQ_11,0.920960100271997
age_55,30,beta_NQ_12,0.868733300402307
age_55,30,beta_NQ_13,0.771350100066914
age_55,30,beta_NQ_14,0.581376032066868
age_55,30,beta_NQ_15,0.353774709963348
age_55,30,beta_NQ_16,0.193102700841009
age_55,30,beta_NQ_17,0.120538499654745
age_55,30,h_NQ_2,190.32755372
age_55,30,h_NQ_3,146.3057790812
age_55,30,h_NQ_4,124.34253882244
age_55,30,h_NQ_5,93.6364657787752
age_55,30,h_NQ_6,62.9556414588415
age_55,30,h_NQ_7,45.1912039749791
age_55,30,h_NQ_8,33.0375372507207
age_55,30,h_NQ_9,24.3658186589793
age_55,30,h_NQ_10,18.242848800343
age_55,30,h_NQ_11,12.6518378652069
age_55,30,h_NQ_12,7.61807830798248
age_55,30,h_NQ_13,4.37349852057672
age_55,30,h_NQ_14,2.38877676446486
age_55,30,h_NQ_15,1.54744793202086
age_55,30,h_NQ_16,1.2393150883683
age_55,30,h_NQ_17,1.13705943520101
age_55,30,P_NQ_1,0.6611549609
age_55,30,P_NQ_2,0.16267987691847
age_55,30,P_NQ_3,0.181602249958567
age_55,30,P_NQ_4,0.19049743949644
age_55,30,P_NQ_5,0.185736980693059
age_55,30,P_NQ_6,0.179615179568666
age_55,30,P_NQ_7,0.173907534830383
age_55,30,P_NQ_8,0.181133252526228
age_55,30,P_NQ_9,0.180479892782144
age_55,30,P_NQ_10,0.173037479361127
age_55,30,P_NQ_11,0.169013103243453
age_55,30,P_NQ_12,0.162766777446243
age_55,30,P_NQ_13,0.141135526644127
age_55,30,P_NQ_14,0.103942444009465
age_55,30,P_NQ_15,0.0585724980582187
age_55,30,P_NQ_16,0.0221843366166156
age_55,30,P_NQ_17,0.00453617479117356
age_55,30,L_NQ,1.78725180978182
age_55,30,pi_Q,0.3
age_55,30,pi_NQ,0.7
age_55,30,y,5.62406028921112
age_55,30,nbar,6.46901874340618
age_55,30,Ptot,4.18856531032055
age_55,30,Pret,1.45095462773541
age_55,30,H,474.608404848494
age_55,30,cCheck,0
age_55,30,shareq,0.3
age_55,30,A,1.522169729
age_55,30,A_Q,2
age_55,30,xpop,0.944507087
age_55,30,h_Q_1,100
age_55,30,mig_Q_2,-0.210985153
age_55,30,med_Q_2,1046.688645
age_55,30,mig_Q_3,0.002305819
age_55,30,med_Q_3,-154.5294282
age_55,30,mig_Q_4,0.002278982
age_55,30,med_Q_4,-201.2858369
age_55,30,mig_Q_5,0.001028259
age_55,30,med_Q_5,-153.8660576
age_55,30,mig_Q_6,0.00022256
age_55,30,med_Q_6,-119.8660443
age_55,30,mig_Q_7,-8.49785e-05
age_55,30,med_Q_7,-59.41796454
age_55,30,mig_Q_8,8.96685e-05
age_55,30,med_Q_8,-34.6431509
age_55,30,mig_Q_9,0.000290567
age_55,30,med_Q_9,-21.29729267
age_55,30,mig_Q_10,0.000326931
age_55,30,med_Q_10,-12.83620284
age_55,30,mig_Q_11,0.00060469
age_55,30,med_Q_11,-10.08786553
age_55,30,mig_Q_12,0.001423086
age_55,30,med_Q_12,-6.532635693
age_55,30,mig_Q_13,0.002950679
age_55,30,med_Q_13,-4.281607832
age_55,30,mig_Q_14,0.005576695
age_55,30,med_Q_14,-2.707846719
age_55,30,mig_Q_15,0.005932779
age_55,30,med_Q_15,-1.207749976
age_55,30,mig_Q_16,0.003030298
age_55,30,med_Q_16,-0.430003954
age_55,30,mig_Q_17,0.000727162
age_55,30,med_Q_17,-0.1202056
age_55,30,h_NQ_1,100
age_55,30,mig_NQ_2,-0.489147655
age_55,30,med_NQ_2,92.32755372
age_55,30,mig_NQ_3,0.006480102
age_55,30,med_NQ_3,-23.77700611
age_55,30,mig_NQ_4,0.006601147
age_55,30,med_NQ_4,-6.530034022
age_55,30,mig_NQ_5,0.00400108
age_55,30,med_NQ_5,-17.73856121
age_55,30,mig_NQ_6,0.002712571
age_55,30,med_NQ_6,-20.95565232
age_55,30,mig_NQ_7,0.002573735
age_55,30,med_NQ_7,-11.25423114
age_55,30,mig_NQ_8,0.003837244
age_55,30,med_NQ_8,-7.487300754
age_55,30,mig_NQ_9,0.005090421
age_55,30,med_NQ_9,-5.270710484
age_55,30,mig_NQ_10,0.005744204
age_55,30,med_NQ_10,-3.623853564
age_55,30,mig_NQ_11,0.00733161
age_55,30,med_NQ_11,-3.73787608
age_55,30,mig_NQ_12,0.01252668
age_55,30,med_NQ_12,-3.77276717
age_55,30,mig_NQ_13,0.019939941
age_55,30,med_NQ_13,-2.495692454
age_55,30,mig_NQ_14,0.028040441
age_55,30,med_NQ_14,-1.601428505
age_55,30,mig_NQ_15,0.024612785
age_55,30,med_NQ_15,-0.725732191
age_55,30,mig_NQ_16,0.01149301
age_55,30,med_NQ_16,-0.261703458
age_55,30,mig_NQ_17,0.002590043
age_55,30,med_NQ_17,-0.069037553
age_55,31,beta_Q_2,0.999201100004965
age_55,31,beta_Q_3,0.99894900000589
age_55,31,beta_Q_4,0.9984177000069
age_55,31,beta_Q_5,0.997499600010505
age_55,31,beta_Q_6,0.995633400017744
age_55,31,beta_Q_7,0.992928000032689
age_55,31,beta_Q_8,0.988823400037651
age_55,31,beta_Q_9,0.9825352000666
age_55,31,beta_Q_10,0.973275500101007
age_55,31,beta_Q_11,0.955727200158588
age_55,31,beta_Q_12,0.924354500154249
age_55,31,beta_Q_13,0.860054901228694
age_55,31,beta_Q_14,0.706900998811492
age_55,31,beta_Q_15,0.475543192940749
age_55,31,beta_Q_16,0.280885408102888
age_55,31,beta_Q_17,0.182826800014415
age_55,31,h_Q_2,1251.721117
age_55,31,h_Q_3,951.4747862
age_55,31,h_Q_4,631.99140493808
age_55,31,h_Q_5,399.936010306229
age_55,31,h_Q_6,229.01112998155
age_55,31,h_Q_7,141.402715012664
age_55,31,h_Q_8,89.4726481319471
age_55,31,h_Q_9,57.2580275297922
age_55,31,h_Q_10,37.4188478448598
age_55,31,h_Q_11,22.5872318775334
age_55,31,h_Q_12,13.2195569743987
age_55,31,h_Q_13,7.14565930696054
age_55,31,h_Q_14,3.41181647128346
age_55,31,h_Q_15,1.90673441016892
age_55,31,h_Q_16,1.39059893430723
age_55,31,h_Q_17,1.22373077603679
age_55,31,P_Q_1,0.2832225447
age_55,31,P_Q_2,0.0661848316841979
age_55,31,P_Q_3,0.071951826460492
age_55,31,P_Q_4,0.0799783415691436
age_55,31,P_Q_5,0.0824493079731718
age_55,31,P_Q_6,0.0794453302279697
age_55,31,P_Q_7,0.0763018258273025
age_55,31,P_Q_8,0.0737128536971259
age_55,31,P_Q_9,0.0764340116864232
age_55,31,P_Q_10,0.0754065566760257
age_55,31,P_Q_11,0.0711528644080807
age_55,31,P_Q_12,0.067651708280304
age_55,31,P_Q_13,0.0619447060263469
age_55,31,P_Q_14,0.0479448471009724
age_55,31,P_Q_15,0.0272311485391872
age_55,31,P_Q_16,0.00990621281591927
age_55,31,P_Q_17,0.00253638572385895
age_55,31,L_Q,1.0065491221318
age_55,31,beta_NQ_2,0.995207700035668
age_55,31,beta_NQ_3,0.993759700042608
age_55,31,beta_NQ_4,0.992647600044338
age_55,31,beta_NQ_5,0.990231900055803
age_55,31,beta_NQ_6,0.985464900078365
age_55,31,beta_NQ_7,0.979749100110498
age_55,31,beta_NQ_8,0.97229120013987
age_55,31,beta_NQ_9,0.962417200193784
age_55,31,beta_NQ_10,0.949751900245191
age_55,31,beta_NQ_11,0.927400800261182
age_55,31,beta_NQ_12,0.879296200358413
age_55,31,beta_NQ_13,0.787429700165937
age_55,31,beta_NQ_14,0.59719125653519
age_55,31,beta_NQ_15,0.363096030026061
age_55,31,beta_NQ_16,0.198786506105067
age_55,31,beta_NQ_17,0.125249499392663
age_55,31,h_NQ_2,208.6680717
age_55,31,h_NQ_3,160.2487059956
age_55,31,h_NQ_4,136.010010339576
age_55,31,h_NQ_5,102.374054315991
age_55,31,h_NQ_6,68.7989762631997
age_55,31,h_NQ_7,49.3805213596646
age_55,31,h_NQ_8,36.0896177294795
age_55,31,h_NQ_9,26.6079163877063
age_55,31,h_NQ_10,19.9012500017997
age_55,31,h_NQ_11,13.7742564623362
age_55,31,h_NQ_12,8.28474330990278
age_55,31,h_NQ_13,4.70432604982283
age_55,31,h_NQ_14,2.48256186216518
age_55,31,h_NQ_15,1.57009533817557
age_55,31,h_NQ_16,1.24810678438044
age_55,31,h_NQ_17,1.14318311160093
age_55,31,P_NQ_1,0.6608526043
age_55,31,P_NQ_2,0.154431274646382
age_55,31,P_NQ_3,0.16788759696749
age_55,31,P_NQ_4,0.186616131192665
age_55,31,P_NQ_5,0.192381719053419
age_55,31,P_NQ_6,0.185372432361064
age_55,31,P_NQ_7,0.178037591973283
age_55,31,P_NQ_8,0.171996657249879
age_55,31,P_NQ_9,0.178346025635362
age_55,31,P_NQ_10,0.175948635023545
age_55,31,P_NQ_11,0.166023348343237
age_55,31,P_NQ_12,0.15785398799192
age_55,31,P_NQ_13,0.144537649070729
age_55,31,P_NQ_14,0.11187127646403
age_55,31,P_NQ_15,0.06353933998233
age_55,31,P_NQ_16,0.0231144955700468
age_55,31,P_NQ_17,0.00591822965160267
age_55,31,L_NQ,1.77070869181991
age_55,31,pi_Q,0.3
age_55,31,pi_NQ,0.7
age_55,31,y,5.77285730603857
age_55,31,nbar,6.4821611468164
age_55,31,Ptot,4.17818429887351
age_55,31,Pret,1.46736142898992
age_55,31,H,496.768842424137
age_55,31,cCheck,0
age_55,31,shareq,0.3
age_55,31,A,1.560223972
age_55,31,A_Q,2
age_55,31,xpop,0.944075149
age_55,31,h_Q_1,100
age_55,31,mig_Q_2,-0.216919758
age_55,31,med_Q_2,1153.721117
age_55,31,mig_Q_3,0.002311925
age_55,31,med_Q_3,-170.3200859
age_55,31,mig_Q_4,0.002283046
age_55,31,med_Q_4,-221.5927776
age_55,31,mig_Q_5,0.001029907
age_55,31,med_Q_5,-168.2458079
age_55,31,mig_Q_6,0.00022224
age_55,31,med_Q_6,-130.8067581
age_55,31,mig_Q_7,-8.30941e-05
age_55,31,med_Q_7,-64.71346729
age_55,31,mig_Q_8,8.89313e-05
age_55,31,med_Q_8,-37.73895141
age_55,31,mig_Q_9,0.000284313
age_55,31,med_Q_9,-23.19447671
age_55,31,mig_Q_10,0.000312463
age_55,31,med_Q_10,-14.0241816
age_55,31,mig_Q_11,0.000570992
age_55,31,med_Q_11,-11.03613154
age_55,31,mig_Q_12,0.001198443
age_55,31,med_Q_12,-7.097682165
age_55,31,mig_Q_13,0.002770644
age_55,31,med_Q_13,-4.723000694
age_55,31,mig_Q_14,0.006038273
age_55,31,med_Q_14,-3.047714553
age_55,31,mig_Q_15,0.006514011
age_55,31,med_Q_15,-1.283607612
age_55,31,mig_Q_16,0.003054603
age_55,31,med_Q_16,-0.441398998
age_55,31,mig_Q_17,0.000866021
age_55,31,med_Q_17,-0.124173302
age_55,31,h_NQ_1,100
age_55,31,mig_NQ_2,-0.503249912
age_55,31,med_NQ_2,110.6680717
age_55,31,mig_NQ_3,0.006319637
age_55,31,med_NQ_3,-26.27229665
age_55,31,mig_NQ_4,0.006474381
age_55,31,med_NQ_4,-7.36965316
age_55,31,mig_NQ_5,0.003918716
age_55,31,med_NQ_5,-19.48163373
age_55,31,mig_NQ_6,0.002585735
age_55,31,med_NQ_6,-22.9647602
age_55,31,mig_NQ_7,0.002396973
age_55,31,med_NQ_7,-12.31600727
age_55,31,mig_NQ_8,0.00335306
age_55,31,med_NQ_8,-8.197762166
age_55,31,mig_NQ_9,0.004646681
age_55,31,med_NQ_9,-5.768870118
age_55,31,mig_NQ_10,0.005361928
age_55,31,med_NQ_10,-3.977252284
age_55,31,mig_NQ_11,0.006662734
age_55,31,med_NQ_11,-4.103735362
age_55,31,mig_NQ_12,0.011026677
age_55,31,med_NQ_12,-4.114057798
age_55,31,mig_NQ_13,0.018987479
age_55,31,med_NQ_13,-2.761390692
age_55,31,mig_NQ_14,0.029818464
age_55,31,med_NQ_14,-1.803466688
age_55,31,mig_NQ_15,0.026767132
age_55,31,med_NQ_15,-0.770905891
age_55,31,mig_NQ_16,0.011803988
age_55,31,med_NQ_16,-0.268392189
age_55,31,mig_NQ_17,0.003244163
age_55,31,med_NQ_17,-0.071345675
age_55,32,beta_Q_2,0.999269100004051
age_55,32,beta_Q_3,0.999037600005409
age_55,32,beta_Q_4,0.998547900006572
age_55,32,beta_Q_5,0.99770360000889
age_55,32,beta_Q_6,0.995988100016699
age_55,32,beta_Q_7,0.993505400026843
age_55,32,beta_Q_8,0.989741200050571
age_55,32,beta_Q_9,0.983982900051167
age_55,32,beta_Q_10,0.975488100082098
age_55,32,beta_Q_11,0.959352600108905
age_55,32,beta_Q_12,0.930694600282621
age_55,32,beta_Q_13,0.87094089970365
age_55,32,beta_Q_14,0.720448003460304
age_55,32,beta_Q_15,0.487967973946839
age_55,32,beta_Q_16,0.291303050042397
age_55,32,beta_Q_17,0.190079902031803
age_55,32,h_Q_2,1368.176221
age_55,32,h_Q_3,1039.06899466
age_55,32,h_Q_4,688.657806176
age_55,32,h_Q_5,435.464204839318
age_55,32,h_Q_6,249.258456200104
age_55,32,h_Q_7,153.974070801919
age_55,32,h_Q_8,97.4772878724105
age_55,32,h_Q_9,62.4332743593082
age_55,32,h_Q_10,40.7965110391964
age_55,32,h_Q_11,24.6018195179626
age_55,32,h_Q_12,14.4288900889828
age_55,32,h_Q_13,7.74838810391073
age_55,32,h_Q_14,3.57715205882133
age_55,32,h_Q_15,1.95300216085779
age_55,32,h_Q_16,1.41104029496554
age_55,32,h_Q_17,1.23468968862108
age_55,32,P_Q_1,0.2793091446
age_55,32,P_Q_2,0.0668246582104452
age_55,32,P_Q_3,0.0684317514264877
age_55,32,P_Q_4,0.07412651408598
age_55,32,P_Q_5,0.0808111477247242
age_55,32,P_Q_6,0.0823117918264391
age_55,32,P_Q_7,0.0787999932551945
age_55,32,P_Q_8,0.0755384868436339
age_55,32,P_Q_9,0.0727043294547856
age_55,32,P_Q_10,0.0746869129488298
age_55,32,P_Q_11,0.072595159285578
age_55,32,P_Q_12,0.0668715004144745
age_55,32,P_Q_13,0.0606186892829693
age_55,32,P_Q_14,0.0499259085611089
age_55,32,P_Q_15,0.0299110906754525
age_55,32,P_Q_16,0.01102520827054
age_55,32,P_Q_17,0.0027762241893963
age_55,32,L_Q,0.998382815950037
age_55,32,beta_NQ_2,0.995627800032365
age_55,32,beta_NQ_3,0.994301400037895
age_55,32,beta_NQ_4,0.993276500039549
age_55,32,beta_NQ_5,0.991063400050626
age_55,32,beta_NQ_6,0.98669650007128
age_55,32,beta_NQ_7,0.981464100096166
age_55,32,beta_NQ_8,0.974632000133309
age_55,32,beta_NQ_9,0.965583600165624
age_55,32,beta_NQ_10,0.953941300216055
age_55,32,beta_NQ_11,0.933326700278642
age_55,32,beta_NQ_12,0.889069100360612
age_55,32,beta_NQ_13,0.802548500099496
age_55,32,beta_NQ_14,0.612639979588461
age_55,32,beta_NQ_15,0.374459167163718
age_55,32,beta_NQ_16,0.206698508885527
age_55,32,beta_NQ_17,0.13006720557363
age_55,32,h_NQ_2,228.717808
age_55,32,h_NQ_3,175.481697256
age_55,32,h_NQ_4,148.732059198688
age_55,32,h_NQ_5,111.899380082784
age_55,32,h_NQ_6,75.1681888196714
age_55,32,h_NQ_7,53.9493631179357
age_55,32,h_NQ_8,39.4197414064713
age_55,32,h_NQ_9,29.0559151938899
age_55,32,h_NQ_10,21.7114247689522
age_55,32,h_NQ_11,14.9985076527637
age_55,32,h_NQ_12,9.01462081008943
age_55,32,h_NQ_13,5.06453483170472
age_55,32,h_NQ_14,2.58157119482637
age_55,32,h_NQ_15,1.59861649092188
age_55,32,h_NQ_16,1.26055478441206
age_55,32,h_NQ_17,1.14951408369283
age_55,32,P_NQ_1,0.6517213374
age_55,32,P_NQ_2,0.155924203387985
age_55,32,P_NQ_3,0.159674087169786
age_55,32,P_NQ_4,0.17296186720699
age_55,32,P_NQ_5,0.188559346171975
age_55,32,P_NQ_6,0.192060848543882
age_55,32,P_NQ_7,0.183866647791046
age_55,32,P_NQ_8,0.176256467969716
age_55,32,P_NQ_9,0.169643432313118
age_55,32,P_NQ_10,0.174269461748363
age_55,32,P_NQ_11,0.169388707925698
age_55,32,P_NQ_12,0.15603349836899
age_55,32,P_NQ_13,0.141443611434475
age_55,32,P_NQ_14,0.116493926265191
age_55,32,P_NQ_15,0.0697925173580372
age_55,32,P_NQ_16,0.0257254813953094
age_55,32,P_NQ_17,0.00647785499886228
age_55,32,L_NQ,1.75604409610794
age_55,32,pi_Q,0.3
age_55,32,pi_NQ,0.7
age_55,32,y,5.92090119409629
age_55,32,nbar,6.4879874792838
age_55,32,Ptot,4.15756180850546
age_55,32,Pret,1.47038351489118
age_55,32,H,523.699294698605
age_55,32,cCheck,4.44089209850063e-16
age_55,32,shareq,0.3
age_55,32,A,1.599229571
age_55,32,A_Q,2
age_55,32,xpop,0.931030482
age_55,32,h_Q_1,100
age_55,32,mig_Q_2,-0.21617162
age_55,32,med_Q_2,1270.176221
age_55,32,mig_Q_3,0.00231648
age_55,32,med_Q_3,-187.6177
age_55,32,mig_Q_4,0.002288537
age_55,32,med_Q_4,-243.7874843
age_55,32,mig_Q_5,0.001032784
age_55,32,med_Q_5,-183.887372
age_55,32,mig_Q_6,0.000222507
age_55,32,med_Q_6,-142.6788339
age_55,32,mig_Q_7,-8.34996e-05
age_55,32,med_Q_7,-70.45683658
age_55,32,mig_Q_8,8.9456e-05
age_55,32,med_Q_8,-41.09737284
age_55,32,mig_Q_9,0.000278856
age_55,32,med_Q_9,-25.24992081
age_55,32,mig_Q_10,0.000295562
age_55,32,med_Q_10,-15.31635594
age_55,32,mig_Q_11,0.000527062
age_55,32,med_Q_11,-12.06865137
age_55,32,mig_Q_12,0.00110103
age_55,32,med_Q_12,-7.706597151
age_55,32,mig_Q_13,0.002434506
age_55,32,med_Q_13,-5.206777731
age_55,32,mig_Q_14,0.006137134
age_55,32,med_Q_14,-3.425594062
age_55,32,mig_Q_15,0.007111245
age_55,32,med_Q_15,-1.390577981
age_55,32,mig_Q_16,0.003376376
age_55,32,med_Q_16,-0.457559427
age_55,32,mig_Q_17,0.000965103
age_55,32,med_Q_17,-0.128097267
age_55,32,h_NQ_1,100
age_55,32,mig_NQ_2,-0.501761397
age_55,32,med_NQ_2,130.717808
age_55,32,mig_NQ_3,0.00620651
age_55,32,med_NQ_3,-29.01301301
age_55,32,mig_NQ_4,0.006308647
age_55,32,med_NQ_4,-8.311672677
age_55,32,mig_NQ_5,0.0037661
age_55,32,med_NQ_5,-21.39043005
age_55,32,mig_NQ_6,0.002475417
age_55,32,med_NQ_6,-25.15838441
age_55,32,mig_NQ_7,0.002248174
age_55,32,med_NQ_7,-13.47363362
age_55,32,mig_NQ_8,0.003152084
age_55,32,med_NQ_8,-8.973169526
age_55,32,mig_NQ_9,0.004110891
age_55,32,med_NQ_9,-6.311910181
age_55,32,mig_NQ_10,0.004884985
age_55,32,med_NQ_10,-4.364333291
age_55,32,mig_NQ_11,0.006213803
age_55,32,med_NQ_11,-4.504717349
age_55,32,mig_NQ_12,0.010049799
age_55,32,med_NQ_12,-4.484150523
age_55,32,mig_NQ_13,0.017144693
age_55,32,med_NQ_13,-3.054513612
age_55,32,mig_NQ_14,0.030177306
age_55,32,med_NQ_14,-2.028668334
age_55,32,mig_NQ_15,0.029172501
age_55,32,med_NQ_15,-0.834294134
age_55,32,mig_NQ_16,0.013094718
age_55,32,med_NQ_16,-0.278138647
age_55,32,mig_NQ_17,0.003582776
age_55,32,med_NQ_17,-0.073630565
age_55,33,beta_Q_2,0.999331100003848
age_55,33,beta_Q_3,0.99911830000427
age_55,33,beta_Q_4,0.998666800006164
age_55,33,beta_Q_5,0.997890200009164
age_55,33,beta_Q_6,0.996312500012747
age_55,33,beta_Q_7,0.994033200025952
age_55,33,beta_Q_8,0.990580000040723
age_55,33,beta_Q_9,0.985305400080463
age_55,33,beta_Q_10,0.977510000054601
age_55,33,beta_Q_11,0.962670300082601
age_55,33,beta_Q_12,0.936498500182189
age_55,33,beta_Q_13,0.88100390014641
age_55,33,beta_Q_14,0.733422297417913
age_55,33,beta_Q_15,0.500254993343758
age_55,33,beta_Q_16,0.303879367492908
age_55,33,beta_Q_17,0.199849538965479
age_55,33,h_Q_2,1494.991778
age_55,33,h_Q_3,1134.17262098
age_55,33,h_Q_4,750.0750079668
age_55,33,h_Q_5,473.97857645248
age_55,33,h_Q_6,271.186440642532
age_55,33,h_Q_7,167.594020346102
age_55,33,h_Q_8,106.157112565881
age_55,33,h_Q_9,68.0522097349623
age_55,33,h_Q_10,44.464206232122
age_55,33,h_Q_11,26.7883213184125
age_55,33,h_Q_12,15.7476594726033
age_55,33,h_Q_13,8.40363674620311
age_55,33,h_Q_14,3.75125147483252
age_55,33,h_Q_15,2.00101976264491
age_55,33,h_Q_16,1.43653247264063
age_55,33,h_Q_17,1.24976492106623
age_55,33,P_Q_1,0.2728829697
age_55,33,P_Q_2,0.0680530875473432
age_55,33,P_Q_3,0.0690791191597449
age_55,33,P_Q_4,0.070625268680691
age_55,33,P_Q_5,0.074993456959692
age_55,33,P_Q_6,0.0807093744825169
age_55,33,P_Q_7,0.0816939958654526
age_55,33,P_Q_8,0.0780791852883731
age_55,33,P_Q_9,0.0746060143498758
age_55,33,P_Q_10,0.0711997692075917
age_55,33,P_Q_11,0.0721264721315673
age_55,33,P_Q_12,0.0685634817537442
age_55,33,P_Q_13,0.0605398167355155
age_55,33,P_Q_14,0.0495108806662957
age_55,33,P_Q_15,0.0318012424480195
age_55,33,P_Q_16,0.012408367943854
age_55,33,P_Q_17,0.00319390850794446
age_55,33,L_Q,0.985908483205561
age_55,33,beta_NQ_2,0.996010100027693
age_55,33,beta_NQ_3,0.994794500034543
age_55,33,beta_NQ_4,0.993849800034964
age_55,33,beta_NQ_5,0.991821900044768
age_55,33,beta_NQ_6,0.987820900065339
age_55,33,beta_NQ_7,0.983030700088044
age_55,33,beta_NQ_8,0.976772100115308
age_55,33,beta_NQ_9,0.968481400160999
age_55,33,beta_NQ_10,0.957781700181515
age_55,33,beta_NQ_11,0.938775200242247
age_55,33,beta_NQ_12,0.898099100429958
age_55,33,beta_NQ_13,0.816738200140866
age_55,33,beta_NQ_14,0.627654083587172
age_55,33,beta_NQ_15,0.385817471492571
age_55,33,beta_NQ_16,0.216589118704366
age_55,33,beta_NQ_17,0.136997204856169
age_55,33,h_NQ_2,250.6328479
age_55,33,h_NQ_3,192.10450488
age_55,33,h_NQ_4,162.59633832788
age_55,33,h_NQ_5,122.277790684714
age_55,33,h_NQ_6,82.1078733311287
age_55,33,h_NQ_7,58.929949963278
age_55,33,h_NQ_8,43.051674915577
age_55,33,h_NQ_9,31.7272975323419
age_55,33,h_NQ_10,23.6864108600121
age_55,33,h_NQ_11,16.3332505785731
age_55,33,h_NQ_12,9.8134560187084
age_55,33,h_NQ_13,5.45667454688764
age_55,33,h_NQ_14,2.68566758207063
age_55,33,h_NQ_15,1.62818028292984
age_55,33,h_NQ_16,1.27646934510344
age_55,33,h_NQ_17,1.15874479372381
age_55,33,P_NQ_1,0.6367269293
age_55,33,P_NQ_2,0.158790539389713
age_55,33,P_NQ_3,0.161184611728467
age_55,33,P_NQ_4,0.164792293451015
age_55,33,P_NQ_5,0.174984735193265
age_55,33,P_NQ_6,0.188321875923617
age_55,33,P_NQ_7,0.190619324879827
age_55,33,P_NQ_8,0.182184762694394
age_55,33,P_NQ_9,0.174080699894675
age_55,33,P_NQ_10,0.166132794393891
age_55,33,P_NQ_11,0.168295099692934
age_55,33,P_NQ_12,0.159981460166747
age_55,33,P_NQ_13,0.14125957108131
age_55,33,P_NQ_14,0.115525530222135
age_55,33,P_NQ_15,0.074202938608895
age_55,33,P_NQ_16,0.0289528442692735
age_55,33,P_NQ_17,0.00745245247712429
age_55,33,L_NQ,1.73424602481028
age_55,33,pi_Q,0.3
age_55,33,pi_NQ,0.7
age_55,33,y,6.06054005375152
age_55,33,nbar,6.4751875963714
age_55,33,Ptot,4.1335548747955
age_55,33,Pret,1.47983334455139
age_55,33,H,556.927397532933
age_55,33,cCheck,4.44089209850063e-16
age_55,33,shareq,0.3
age_55,33,A,1.639210311
age_55,33,A_Q,2
age_55,33,xpop,0.909609899
age_55,33,h_Q_1,100
age_55,33,mig_Q_2,-0.21105191
age_55,33,med_Q_2,1396.991778
age_55,33,mig_Q_3,0.002318773
age_55,33,med_Q_3,-206.6400756
age_55,33,mig_Q_4,0.002292887
age_55,33,med_Q_4,-268.2126068
age_55,33,mig_Q_5,0.001037167
age_55,33,med_Q_5,-200.9060736
age_55,33,mig_Q_6,0.000222433
age_55,33,med_Q_6,-155.5684801
age_55,33,mig_Q_7,-8.32138e-05
age_55,33,med_Q_7,-76.67926673
age_55,33,mig_Q_8,8.75854e-05
age_55,33,med_Q_8,-44.73747682
age_55,33,mig_Q_9,0.000277435
age_55,33,med_Q_9,-27.47553238
age_55,33,mig_Q_10,0.000277561
age_55,33,med_Q_10,-16.72040264
age_55,33,mig_Q_11,0.000475388
age_55,33,med_Q_11,-13.1922595
age_55,33,mig_Q_12,0.000999559
age_55,33,med_Q_12,-8.362123655
age_55,33,mig_Q_13,0.002298692
age_55,33,med_Q_13,-5.736675541
age_55,33,mig_Q_14,0.005838267
age_55,33,med_Q_14,-3.842168867
age_55,33,mig_Q_15,0.007438998
age_55,33,med_Q_15,-1.504589255
age_55,33,mig_Q_16,0.003695176
age_55,33,med_Q_16,-0.477409645
age_55,33,mig_Q_17,0.001098238
age_55,33,med_Q_17,-0.133054568
age_55,33,h_NQ_1,100
age_55,33,mig_NQ_2,-0.490081342
age_55,33,med_NQ_2,152.6328479
age_55,33,mig_NQ_3,0.006148958
age_55,33,med_NQ_3,-32.03894696
age_55,33,mig_NQ_4,0.006191775
age_55,33,med_NQ_4,-9.375724983
age_55,33,mig_NQ_5,0.003568559
age_55,33,med_NQ_5,-23.47962733
age_55,33,mig_NQ_6,0.002271029
age_55,33,med_NQ_6,-27.55351915
age_55,33,mig_NQ_7,0.002118497
age_55,33,med_NQ_7,-14.73487508
age_55,33,mig_NQ_8,0.002982444
age_55,33,med_NQ_8,-9.81870094
age_55,33,mig_NQ_9,0.003890345
age_55,33,med_NQ_9,-6.904049046
age_55,33,mig_NQ_10,0.004302918
age_55,33,med_NQ_10,-4.78838603
age_55,33,mig_NQ_11,0.005644758
age_55,33,med_NQ_11,-4.943945695
age_55,33,mig_NQ_12,0.009383194
age_55,33,med_NQ_12,-4.885081481
age_55,33,mig_NQ_13,0.016035121
age_55,33,med_NQ_13,-3.377653847
age_55,33,mig_NQ_14,0.028871519
age_55,33,med_NQ_14,-2.277576553
age_55,33,mig_NQ_15,0.03058072
age_55,33,med_NQ_15,-0.901759488
age_55,33,mig_NQ_16,0.014526835
age_55,33,med_NQ_16,-0.290174816
age_55,33,mig_NQ_17,0.004106411
age_55,33,med_NQ_17,-0.076598895
age_55,34,beta_Q_2,0.999387600003082
age_55,34,beta_Q_3,0.999192000004174
age_55,34,beta_Q_4,0.998775500004561
age_55,34,beta_Q_5,0.998060900008674
age_55,34,beta_Q_6,0.996609400015466
age_55,34,beta_Q_7,0.994516100018804
age_55,34,beta_Q_8,0.991347000040712
age_55,34,beta_Q_9,0.986513900063244
age_55,34,beta_Q_10,0.979358000120197
age_55,34,beta_Q_11,0.96570680003116
age_55,34,beta_Q_12,0.941810400130737
age_55,34,beta_Q_13,0.890301199915984
age_55,34,beta_Q_14,0.745840599275976
age_55,34,beta_Q_15,0.512354776424236
age_55,34,beta_Q_16,0.316518299435644
age_55,34,beta_Q_17,0.211702231823928
age_55,34,h_Q_2,1632.91966
age_55,34,h_Q_3,1237.62376284
age_55,34,h_Q_4,816.6598610604
age_55,34,h_Q_5,515.703161707464
age_55,34,h_Q_6,294.93305052343
age_55,34,h_Q_7,182.351975749681
age_55,34,h_Q_8,115.56685552918
age_55,34,h_Q_9,74.1504215845631
age_55,34,h_Q_10,48.4449182102631
age_55,34,h_Q_11,29.1602999174796
age_55,34,h_Q_12,17.1852014350442
age_55,34,h_Q_13,9.11586996915126
age_55,34,h_Q_14,3.93453870727905
age_55,34,h_Q_15,2.05067039033587
age_55,34,h_Q_16,1.46309679139201
age_55,34,h_Q_17,1.26855610818782
age_55,34,P_Q_1,0.2665561473
age_55,34,P_Q_2,0.0688999292826177
age_55,34,P_Q_3,0.0703138001403434
age_55,34,P_Q_4,0.071282195878507
age_55,34,P_Q_5,0.0715170524894757
age_55,34,P_Q_6,0.0749405245881091
age_55,34,P_Q_7,0.0801450424889491
age_55,34,P_Q_8,0.0810113898277268
age_55,34,P_Q_9,0.0772048378985171
age_55,34,P_Q_10,0.0731990330912207
age_55,34,P_Q_11,0.0689577981888842
age_55,34,P_Q_12,0.0684328579746452
age_55,34,P_Q_13,0.0625715878326659
age_55,34,P_Q_14,0.0503068294754212
age_55,34,P_Q_15,0.0320200662781614
age_55,34,P_Q_16,0.0135383444405928
age_55,34,P_Q_17,0.00375145061289325
age_55,34,L_Q,0.97118680551119
age_55,34,beta_NQ_2,0.996358100025542
age_55,34,beta_NQ_3,0.995243800029205
age_55,34,beta_NQ_4,0.994372700032295
age_55,34,beta_NQ_5,0.992514000039826
age_55,34,beta_NQ_6,0.988847600057919
age_55,34,beta_NQ_7,0.984461900081442
age_55,34,beta_NQ_8,0.978728200106791
age_55,34,beta_NQ_9,0.971132900138259
age_55,34,beta_NQ_10,0.961300700181115
age_55,34,beta_NQ_11,0.943781400192425
age_55,34,beta_NQ_12,0.906432000373016
age_55,34,beta_NQ_13,0.83003340034535
age_55,34,beta_NQ_14,0.642230985309805
age_55,34,beta_NQ_15,0.397119873183648
age_55,34,beta_NQ_16,0.226629921509611
age_55,34,beta_NQ_17,0.145706808057655
age_55,34,h_NQ_2,274.581949
age_55,34,h_NQ_3,210.251881712
age_55,34,h_NQ_4,177.7051161624
age_55,34,h_NQ_5,133.582687681322
age_55,34,h_NQ_6,89.6667981810199
age_55,34,h_NQ_7,64.3579330845062
age_55,34,h_NQ_8,47.0105961840124
age_55,34,h_NQ_9,34.6415123002654
age_55,34,h_NQ_10,25.8402606766951
age_55,34,h_NQ_11,17.7877072618119
age_55,34,h_NQ_12,10.6874145010016
age_55,34,h_NQ_13,5.88350888133423
age_55,34,h_NQ_14,2.79509181594989
age_55,34,h_NQ_15,1.65870432942921
age_55,34,h_NQ_16,1.29304197227125
age_55,34,h_NQ_17,1.17055830320137
age_55,34,P_NQ_1,0.6219643437
age_55,34,P_NQ_2,0.160766499542419
age_55,34,P_NQ_3,0.164065536242405
age_55,34,P_NQ_4,0.16632512613505
age_55,34,P_NQ_5,0.166873123603321
age_55,34,P_NQ_6,0.174861227616306
age_55,34,P_NQ_7,0.187005100531087
age_55,34,P_NQ_8,0.189026578285431
age_55,34,P_NQ_9,0.180144620062266
age_55,34,P_NQ_10,0.17079774271391
age_55,34,P_NQ_11,0.160901527323929
age_55,34,P_NQ_12,0.159676666640994
age_55,34,P_NQ_13,0.146000372832496
age_55,34,P_NQ_14,0.117382738634957
age_55,34,P_NQ_15,0.0747135279631427
age_55,34,P_NQ_16,0.0315894730785747
age_55,34,P_NQ_17,0.00875338073752642
age_55,34,L_NQ,1.70877703549196
age_55,34,pi_Q,0.3
age_55,34,pi_NQ,0.7
age_55,34,y,6.2006697082833
age_55,34,nbar,6.45824275281847
age_55,34,Ptot,4.11549647343254
age_55,34,Pret,1.4999428557808
age_55,34,H,596.643895331151
age_55,34,cCheck,0
age_55,34,shareq,0.3
age_55,34,A,1.680190569
age_55,34,A_Q,2
age_55,34,xpop,0.888520491
age_55,34,h_Q_1,100
age_55,34,mig_Q_2,-0.203800509
age_55,34,med_Q_2,1534.91966
age_55,34,mig_Q_3,0.002320715
age_55,34,med_Q_3,-227.4681796
age_55,34,mig_Q_4,0.002295173
age_55,34,med_Q_4,-294.8293075
age_55,34,mig_Q_5,0.001040789
age_55,34,med_Q_5,-219.3703461
age_55,34,mig_Q_6,0.000223606
age_55,34,med_Q_6,-169.5659544
age_55,34,mig_Q_7,-8.27553e-05
age_55,34,med_Q_7,-83.41073608
age_55,34,mig_Q_8,8.69514e-05
age_55,34,med_Q_8,-48.67528441
age_55,34,mig_Q_9,0.000272995
age_55,34,med_Q_9,-29.88354873
age_55,34,mig_Q_10,0.000270908
age_55,34,med_Q_10,-18.24624733
age_55,34,mig_Q_11,0.000415895
age_55,34,med_Q_11,-14.41462219
age_55,34,mig_Q_12,0.000886525
age_55,34,med_Q_12,-9.067353457
age_55,34,mig_Q_13,0.002166893
age_55,34,med_Q_13,-6.316836314
age_55,34,mig_Q_14,0.005905578
age_55,34,med_Q_14,-4.301025304
age_55,34,mig_Q_15,0.007252001
age_55,34,med_Q_15,-1.625556055
age_55,34,mig_Q_16,0.003874603
age_55,34,med_Q_16,-0.497902576
age_55,34,mig_Q_17,0.001271644
age_55,34,med_Q_17,-0.139245715
age_55,34,h_NQ_1,100
age_55,34,mig_NQ_2,-0.473419953
age_55,34,med_NQ_2,176.581949
age_55,34,mig_NQ_3,0.006101581
age_55,34,med_NQ_3,-35.36830923
age_55,34,mig_NQ_4,0.006131832
age_55,34,med_NQ_4,-10.55729862
age_55,34,mig_NQ_5,0.003428518
age_55,34,med_NQ_5,-25.76172388
age_55,34,mig_NQ_6,0.002007649
age_55,34,med_NQ_6,-30.16543669
age_55,34,mig_NQ_7,0.001878915
age_55,34,med_NQ_7,-16.10778278
age_55,34,mig_NQ_8,0.00283494
age_55,34,med_NQ_8,-10.74075478
age_55,34,mig_NQ_9,0.003702066
age_55,34,med_NQ_9,-7.549129117
age_55,34,mig_NQ_10,0.004066434
age_55,34,med_NQ_10,-5.252490905
age_55,34,mig_NQ_11,0.00494018
age_55,34,med_NQ_11,-5.424975381
age_55,34,mig_NQ_12,0.008530989
age_55,34,med_NQ_12,-5.319171066
age_55,34,mig_NQ_13,0.015337403
age_55,34,med_NQ_13,-3.733678017
age_55,34,mig_NQ_14,0.028720592
age_55,34,med_NQ_14,-2.55244924
age_55,34,mig_NQ_15,0.03014176
age_55,34,med_NQ_15,-0.973249901
age_55,34,mig_NQ_16,0.015517924
age_55,34,med_NQ_16,-0.302574705
age_55,34,mig_NQ_17,0.004786922
age_55,34,med_NQ_17,-0.080381655
age_55,35,beta_Q_2,0.99943910000293
age_55,35,beta_Q_3,0.99925920000321
age_55,35,beta_Q_4,0.998875000004838
age_55,35,beta_Q_5,0.998217000005663
age_55,35,beta_Q_6,0.996881100014151
age_55,35,beta_Q_7,0.994957800025594
age_55,35,beta_Q_8,0.992048400026808
age_55,35,beta_Q_9,0.987618300065522
age_55,35,beta_Q_10,0.981047400091141
age_55,35,beta_Q_11,0.968486200199883
age_55,35,beta_Q_12,0.946671900020683
age_55,35,beta_Q_13,0.898886899824713
age_55,35,beta_Q_14,0.757719698206412
age_55,35,beta_Q_15,0.524262384130702
age_55,35,beta_Q_16,0.329157368970759
age_55,35,beta_Q_17,0.22375696978696
age_55,35,h_Q_2,1782.848993
age_55,35,h_Q_3,1349.8920083
age_55,35,h_Q_4,888.8888893832
age_55,35,h_Q_5,560.852495639192
age_55,35,h_Q_6,320.625862073315
age_55,35,h_Q_7,198.326127802962
age_55,35,h_Q_8,125.760853124688
age_55,35,h_Q_9,80.7643539485964
age_55,35,h_Q_10,52.7632093128719
age_55,35,h_Q_11,31.7321301360578
age_55,35,h_Q_12,18.75183994213
age_55,35,h_Q_13,9.88991530834334
age_55,35,h_Q_14,4.12745069476824
age_55,35,h_Q_15,2.10199819013347
age_55,35,h_Q_16,1.49066238152915
age_55,35,h_Q_17,1.28825625856417
age_55,35,P_Q_1,0.2625270279
age_55,35,P_Q_2,0.0686167203162151
age_55,35,P_Q_3,0.0711668861400449
age_55,35,P_Q_4,0.0725246548923922
age_55,35,P_Q_5,0.0721866565730973
age_55,35,P_Q_6,0.071500047772411
age_55,35,P_Q_7,0.0744493036467295
age_55,35,P_Q_8,0.0795372315395551
age_55,35,P_Q_9,0.0801893791284946
age_55,35,P_Q_10,0.0758730366438957
age_55,35,P_Q_11,0.0710834880118977
age_55,35,P_Q_12,0.0657041245044077
age_55,35,P_Q_13,0.0629227495685068
age_55,35,P_Q_14,0.0526468205667649
age_55,35,P_Q_15,0.0333607233684916
age_55,35,P_Q_16,0.0138983629261803
age_55,35,P_Q_17,0.00431255073327455
age_55,35,L_Q,0.955618835024738
age_55,35,beta_NQ_2,0.996674600022679
age_55,35,beta_NQ_3,0.995652800027067
age_55,35,beta_NQ_4,0.994849500026568
age_55,35,beta_NQ_5,0.993145400037061
age_55,35,beta_NQ_6,0.98978510005142
age_55,35,beta_NQ_7,0.985769000073407
age_55,35,beta_NQ_8,0.980516300099409
age_55,35,beta_NQ_9,0.973558100129307
age_55,35,beta_NQ_10,0.964524000153219
age_55,35,beta_NQ_11,0.94837860020566
age_55,35,beta_NQ_12,0.914113700281407
age_55,35,beta_NQ_13,0.842470900251059
age_55,35,beta_NQ_14,0.656369384900565
age_55,35,beta_NQ_15,0.408358575984497
age_55,35,beta_NQ_16,0.236769321574473
age_55,35,beta_NQ_17,0.154645610028818
age_55,35,h_NQ_2,300.7157034
age_55,35,h_NQ_3,230.03312479
age_55,35,h_NQ_4,194.15590714776
age_55,35,h_NQ_5,145.887433289152
age_55,35,h_NQ_6,97.8962104376959
age_55,35,h_NQ_7,70.2691307773995
age_55,35,h_NQ_8,51.324953682816
age_55,35,h_NQ_9,37.8187649103322
age_55,35,h_NQ_10,28.1880707992601
age_55,35,h_NQ_11,19.3718109161612
age_55,35,h_NQ_12,11.6433004935756
age_55,35,h_NQ_13,6.34803347498161
age_55,35,h_NQ_14,2.91009325470755
age_55,35,h_NQ_15,1.69021273563089
age_55,35,h_NQ_16,1.31021982884063
age_55,35,h_NQ_17,1.18293581882582
age_55,35,P_NQ_1,0.6125630651
age_55,35,P_NQ_2,0.160105680772565
age_55,35,P_NQ_3,0.16605606792199
age_55,35,P_NQ_4,0.169224198255606
age_55,35,P_NQ_5,0.168435535247427
age_55,35,P_NQ_6,0.166833444789312
age_55,35,P_NQ_7,0.173715046389722
age_55,35,P_NQ_8,0.18558687345358
age_55,35,P_NQ_9,0.187108552173542
age_55,35,P_NQ_10,0.177037084399717
age_55,35,P_NQ_11,0.165861471768239
age_55,35,P_NQ_12,0.153309622275302
age_55,35,P_NQ_13,0.146819748567835
age_55,35,P_NQ_14,0.122842727299813
age_55,35,P_NQ_15,0.0778417302806632
age_55,35,P_NQ_16,0.0324295159779932
age_55,35,P_NQ_17,0.0100626172905023
age_55,35,L_NQ,1.68165070666456
age_55,35,pi_Q,0.3
age_55,35,pi_NQ,0.7
age_55,35,y,6.34543407365624
age_55,35,nbar,6.4433653125349
age_55,35,Ptot,4.10833274619617
age_55,35,Pret,1.53330430548552
age_55,35,H,640.392573222564
age_55,35,cCheck,0
age_55,35,shareq,0.3
age_55,35,A,1.722195333
age_55,35,A_Q,2
age_55,35,xpop,0.875090093
age_55,35,h_Q_1,100
age_55,35,mig_Q_2,-0.197776188
age_55,35,med_Q_2,1684.848993
age_55,35,mig_Q_3,0.002322628
age_55,35,med_Q_3,-250.3692585
age_55,35,mig_Q_4,0.002296954
age_55,35,med_Q_4,-323.9823982
age_55,35,mig_Q_5,0.001042684
age_55,35,med_Q_5,-239.4741682
age_55,35,mig_Q_6,0.000225481
age_55,35,med_Q_6,-184.7632364
age_55,35,mig_Q_7,-8.02546e-05
age_55,35,med_Q_7,-90.70826171
age_55,35,mig_Q_8,8.56841e-05
age_55,35,med_Q_8,-52.94408311
age_55,35,mig_Q_9,0.000270517
age_55,35,med_Q_9,-32.49116447
age_55,35,mig_Q_10,0.000261861
age_55,35,med_Q_10,-19.90420384
age_55,35,mig_Q_11,0.000394684
age_55,35,med_Q_11,-15.74388971
age_55,35,mig_Q_12,0.000758953
age_55,35,med_Q_12,-9.825253977
age_55,35,mig_Q_13,0.001996894
age_55,35,med_Q_13,-6.951582098
age_55,35,mig_Q_14,0.00597839
age_55,35,med_Q_14,-4.806101875
age_55,35,mig_Q_15,0.007585779
age_55,35,med_Q_15,-1.753849743
age_55,35,mig_Q_16,0.003763426
age_55,35,med_Q_16,-0.518994601
age_55,35,mig_Q_17,0.001446453
age_55,35,med_Q_17,-0.145578597
age_55,35,h_NQ_1,100
age_55,35,mig_NQ_2,-0.459593531
age_55,35,med_NQ_2,202.7157034
age_55,35,mig_NQ_3,0.006054206
age_55,35,med_NQ_3,-39.05718523
age_55,35,mig_NQ_4,0.006081908
age_55,35,med_NQ_4,-11.89093693
age_55,35,mig_NQ_5,0.003355519
age_55,35,med_NQ_5,-28.26358055
age_55,35,mig_NQ_6,0.001821357
age_55,35,med_NQ_6,-33.01482349
age_55,35,mig_NQ_7,0.00157083
age_55,35,med_NQ_7,-17.60433144
age_55,35,mig_NQ_8,0.002559708
age_55,35,med_NQ_8,-11.74582074
age_55,35,mig_NQ_9,0.003538623
age_55,35,med_NQ_9,-8.25161935
age_55,35,mig_NQ_10,0.003863935
age_55,35,med_NQ_10,-5.760611255
age_55,35,mig_NQ_11,0.004665739
age_55,35,med_NQ_11,-5.951644547
age_55,35,mig_NQ_12,0.007463329
age_55,35,med_NQ_12,-5.788652623
age_55,35,mig_NQ_13,0.014282782
age_55,35,med_NQ_13,-4.125632736
age_55,35,mig_NQ_14,0.029076764
age_55,35,med_NQ_14,-2.855745449
age_55,35,mig_NQ_15,0.031226712
age_55,35,med_NQ_15,-1.048977244
age_55,35,mig_NQ_16,0.015497195
age_55,35,med_NQ_16,-0.315310414
age_55,35,mig_NQ_17,0.005459816
age_55,35,med_NQ_17,-0.084245314
age_55,36,beta_Q_2,0.999486100002423
age_55,36,beta_Q_3,0.999320600003142
age_55,36,beta_Q_4,0.998965900003381
age_55,36,beta_Q_5,0.998359900006839
age_55,36,beta_Q_6,0.997129900007867
age_55,36,beta_Q_7,0.995362200023692
age_55,36,beta_Q_8,0.992690100042264
age_55,36,beta_Q_9,0.988628000039784
age_55,36,beta_Q_10,0.982592400098441
age_55,36,beta_Q_11,0.971031100136121
age_55,36,beta_Q_12,0.951120700425128
age_55,36,beta_Q_13,0.906811999552915
age_55,36,beta_Q_14,0.769077097730359
age_55,36,beta_Q_15,0.535973181667229
age_55,36,beta_Q_16,0.341780584233152
age_55,36,beta_Q_17,0.235953329672189
age_55,36,h_Q_2,1945.903872
age_55,36,h_Q_3,1471.88695934
age_55,36,h_Q_4,967.024465434
age_55,36,h_Q_5,609.718920095536
age_55,36,h_Q_6,348.419915526408
age_55,36,h_Q_7,215.619475131848
age_55,36,h_Q_8,136.800777336902
age_55,36,h_Q_9,87.9352796021941
age_55,36,h_Q_10,57.4461730396245
age_55,36,h_Q_11,34.5197781466144
age_55,36,h_Q_12,20.4585582033367
age_55,36,h_Q_13,10.7309953262874
age_55,36,h_Q_14,4.33044964417647
age_55,36,h_Q_15,2.15504698187287
age_55,36,h_Q_16,1.5192500263308
age_55,36,h_Q_17,1.30882048689857
age_55,36,P_Q_1,0.2611496442
age_55,36,P_Q_2,0.0667486674908202
age_55,36,P_Q_3,0.0708905500500251
age_55,36,P_Q_4,0.0733855463934816
age_55,36,P_Q_5,0.0734394104331298
age_55,36,P_Q_6,0.0721877926109329
age_55,36,P_Q_7,0.0710624787333629
age_55,36,P_Q_8,0.073943785665848
age_55,36,P_Q_9,0.0788189434050132
age_55,36,P_Q_10,0.0789253739089324
age_55,36,P_Q_11,0.073853758956873
age_55,36,P_Q_12,0.0680017496563207
age_55,36,P_Q_13,0.060835200781464
age_55,36,P_Q_14,0.0535830688133666
age_55,36,P_Q_15,0.0354778056672334
age_55,36,P_Q_16,0.014956384930934
age_55,36,P_Q_17,0.00467479957336152
age_55,36,L_Q,0.943571637292572
age_55,36,beta_NQ_2,0.996962800020183
age_55,36,beta_NQ_3,0.996025900024401
age_55,36,beta_NQ_4,0.99528450002507
age_55,36,beta_NQ_5,0.99372170002992
age_55,36,beta_NQ_6,0.990640900048467
age_55,36,beta_NQ_7,0.986963100063995
age_55,36,beta_NQ_8,0.982150400089985
age_55,36,beta_NQ_9,0.975776100121519
age_55,36,beta_NQ_10,0.967475600144764
age_55,36,beta_NQ_11,0.952598600166567
age_55,36,beta_NQ_12,0.921187900336114
age_55,36,beta_NQ_13,0.854089100044522
age_55,36,beta_NQ_14,0.670069880789206
age_55,36,beta_NQ_15,0.419525880663102
age_55,36,beta_NQ_16,0.246996423724605
age_55,36,beta_NQ_17,0.16376980933831
age_55,36,h_NQ_2,329.2506256
age_55,36,h_NQ_3,251.629299742
age_55,36,h_NQ_4,212.0665889242
age_55,36,h_NQ_5,159.278785614805
age_55,36,h_NQ_6,106.847880703369
age_55,36,h_NQ_7,76.705351728942
age_55,36,h_NQ_8,56.0236644018515
age_55,36,h_NQ_9,41.2815442631597
age_55,36,h_NQ_10,30.7461475031255
age_55,36,h_NQ_11,21.0964233032749
age_55,36,h_NQ_12,12.6884069838379
age_55,36,h_NQ_13,6.85349757070412
age_55,36,h_NQ_14,3.03093585348198
age_55,36,h_NQ_15,1.7227294546134
age_55,36,h_NQ_16,1.32801489591828
age_55,36,h_NQ_17,1.19584295926382
age_55,36,P_NQ_1,0.6093491698
age_55,36,P_NQ_2,0.155746889897208
age_55,36,P_NQ_3,0.165411282361445
age_55,36,P_NQ_4,0.17123294114857
age_55,36,P_NQ_5,0.171358627072515
age_55,36,P_NQ_6,0.168438185107089
age_55,36,P_NQ_7,0.165812450048762
age_55,36,P_NQ_8,0.172535503557647
age_55,36,P_NQ_9,0.183910868928406
age_55,36,P_NQ_10,0.184159208205302
age_55,36,P_NQ_11,0.172325434287495
age_55,36,P_NQ_12,0.158670750692186
age_55,36,P_NQ_13,0.141948799495424
age_55,36,P_NQ_14,0.125027304058726
age_55,36,P_NQ_15,0.0827815931902036
age_55,36,P_NQ_16,0.0348982366687357
age_55,36,P_NQ_17,0.0109078622813561
age_55,36,L_NQ,1.66036393665494
age_55,36,pi_Q,0.3
age_55,36,pi_NQ,0.7
age_55,36,y,6.51062967967066
age_55,36,nbar,6.45265093428251
age_55,36,Ptot,4.10645006807217
age_55,36,Pret,1.56375714350133
age_55,36,H,684.502653610167
age_55,36,cCheck,-4.44089209850063e-16
age_55,36,shareq,0.3
age_55,36,A,1.765250216
age_55,36,A_Q,2
age_55,36,xpop,0.870498814
age_55,36,h_Q_1,100
age_55,36,mig_Q_2,-0.195631109
age_55,36,med_Q_2,1847.903872
age_55,36,mig_Q_3,0.002324661
age_55,36,med_Q_3,-275.3050538
age_55,36,mig_Q_4,0.002298723
age_55,36,med_Q_4,-355.8697027
age_55,36,mig_Q_5,0.001044067
age_55,36,med_Q_5,-261.3921915
age_55,36,mig_Q_6,0.000226279
age_55,36,med_Q_6,-201.2155302
age_55,36,mig_Q_7,-7.70515e-05
age_55,36,med_Q_7,-98.5938697
age_55,36,mig_Q_8,8.64731e-05
age_55,36,med_Q_8,-57.55882791
age_55,36,mig_Q_9,0.000266518
age_55,36,med_Q_9,-35.31035646
age_55,36,mig_Q_10,0.000255792
age_55,36,med_Q_10,-21.70289383
age_55,36,mig_Q_11,0.00037177
age_55,36,med_Q_11,-17.18816698
age_55,36,mig_Q_12,0.000709009
age_55,36,med_Q_12,-10.63892933
age_55,36,mig_Q_13,0.001774624
age_55,36,med_Q_13,-7.645807817
age_55,36,mig_Q_14,0.005905262
age_55,36,med_Q_14,-5.361667358
age_55,36,mig_Q_15,0.007877058
age_55,36,med_Q_15,-1.889854699
age_55,36,mig_Q_16,0.003975457
age_55,36,med_Q_16,-0.5407082
age_55,36,mig_Q_17,0.001564944
age_55,36,med_Q_17,-0.152028647
age_55,36,h_NQ_1,100
age_55,36,mig_NQ_2,-0.454779158
age_55,36,med_NQ_2,231.2506256
age_55,36,mig_NQ_3,0.006001613
age_55,36,med_NQ_3,-43.07208959
age_55,36,mig_NQ_4,0.006032145
age_55,36,med_NQ_4,-13.36587337
age_55,36,mig_NQ_5,0.003294393
age_55,36,med_NQ_5,-30.99400339
age_55,36,mig_NQ_6,0.001723202
age_55,36,med_NQ_6,-36.12180392
age_55,36,mig_NQ_7,0.001353212
age_55,36,med_NQ_7,-19.2329345
age_55,36,mig_NQ_8,0.002205069
age_55,36,med_NQ_8,-12.84008376
age_55,36,mig_NQ_9,0.003231265
age_55,36,med_NQ_9,-9.016910346
age_55,36,mig_NQ_10,0.003688519
age_55,36,med_NQ_10,-6.316242109
age_55,36,mig_NQ_11,0.004427252
age_55,36,med_NQ_11,-6.52788608
age_55,36,mig_NQ_12,0.007054507
age_55,36,med_NQ_12,-6.295967714
age_55,36,mig_NQ_13,0.012789904
age_55,36,med_NQ_13,-4.556936913
age_55,36,mig_NQ_14,0.028659316
age_55,36,med_NQ_14,-3.190136952
age_55,36,mig_NQ_15,0.032617712
age_55,36,med_NQ_15,-1.129161935
age_55,36,mig_NQ_16,0.016467703
age_55,36,med_NQ_16,-0.328393585
age_55,36,mig_NQ_17,0.00589278
age_55,36,med_NQ_17,-0.088172473
age_55,37,beta_Q_2,0.999529100000098
age_55,37,beta_Q_3,0.999376700002542
age_55,37,beta_Q_4,0.999049100003513
age_55,37,beta_Q_5,0.998490700004191
age_55,37,beta_Q_6,0.997357800011887
age_55,37,beta_Q_7,0.995732500010877
age_55,37,beta_Q_8,0.993277400039784
age_55,37,beta_Q_9,0.989551500072173
age_55,37,beta_Q_10,0.984005600052047
age_55,37,beta_Q_11,0.973361400165297
age_55,37,beta_Q_12,0.9551919002818
age_55,37,beta_Q_13,0.91412480082817
age_55,37,beta_Q_14,0.779930496193008
age_55,37,beta_Q_15,0.547483280799446
age_55,37,beta_Q_16,0.354373080785361
age_55,37,beta_Q_17,0.248270248045955
age_55,37,h_Q_2,2123.59312
age_55,37,h_Q_3,1604.36386936
age_55,37,h_Q_4,1051.6352931532
age_55,37,h_Q_5,662.55880182532
age_55,37,h_Q_6,378.472485593625
age_55,37,h_Q_7,234.32923241588
age_55,37,h_Q_8,148.751971339211
age_55,37,h_Q_9,95.7075181301644
age_55,37,h_Q_10,62.5218826301502
age_55,37,h_Q_11,37.539510438832
age_55,37,h_Q_12,22.3173935436821
age_55,37,h_Q_13,11.6448055652699
age_55,37,h_Q_14,4.54401896976164
age_55,37,h_Q_15,2.20986217529294
age_55,37,h_Q_16,1.54888190923541
age_55,37,h_Q_17,1.33026519880418
age_55,37,P_Q_1,0.2607247251
age_55,37,P_Q_2,0.0641955953984785
age_55,37,P_Q_3,0.0690302944463367
age_55,37,P_Q_4,0.0731178831324581
age_55,37,P_Q_5,0.0743106957593436
age_55,37,P_Q_6,0.0734553669818235
age_55,37,P_Q_7,0.0717773745680722
age_55,37,P_Q_8,0.0706319297230733
age_55,37,P_Q_9,0.0733678509381978
age_55,37,P_Q_10,0.0776918697735551
age_55,37,P_Q_11,0.0769930656554453
age_55,37,P_Q_12,0.0709007379480897
age_55,37,P_Q_13,0.0633811785789449
age_55,37,P_Q_14,0.052400454656852
age_55,37,P_Q_15,0.0366987868753942
age_55,37,P_Q_16,0.0162473891482573
age_55,37,P_Q_17,0.00526444182431283
age_55,37,L_Q,0.93707890663987
age_55,37,beta_NQ_2,0.997225200018129
age_55,37,beta_NQ_3,0.996365600021497
age_55,37,beta_NQ_4,0.995681300022457
age_55,37,beta_NQ_5,0.994247700028777
age_55,37,beta_NQ_6,0.991422800037442
age_55,37,beta_NQ_7,0.988053900061853
age_55,37,beta_NQ_8,0.98364380007684
age_55,37,beta_NQ_9,0.977804100110823
age_55,37,beta_NQ_10,0.970177700138194
age_55,37,beta_NQ_11,0.956470600161471
age_55,37,beta_NQ_12,0.927696900263621
age_55,37,beta_NQ_13,0.86492770024111
age_55,37,beta_NQ_14,0.68333417364961
age_55,37,beta_NQ_15,0.43061488215329
age_55,37,beta_NQ_16,0.25730062920761
age_55,37,beta_NQ_17,0.173067711307281
age_55,37,h_NQ_2,360.3863342
age_55,37,h_NQ_3,275.148580258
age_55,37,h_NQ_4,231.55116125716
age_55,37,h_NQ_5,173.843506095716
age_55,37,h_NQ_6,116.588163922509
age_55,37,h_NQ_7,83.7093277593015
age_55,37,h_NQ_8,61.1388953343631
age_55,37,h_NQ_9,45.0533657178145
age_55,37,h_NQ_10,33.5319542788965
age_55,37,h_NQ_11,22.972979177063
age_55,37,h_NQ_12,13.8306656192094
age_55,37,h_NQ_13,7.40344245316118
age_55,37,h_NQ_14,3.15789339829003
age_55,37,h_NQ_15,1.75628028341234
age_55,37,h_NQ_16,1.34643976052113
age_55,37,h_NQ_17,1.20928883499991
age_55,37,P_NQ_1,0.6083576919
age_55,37,P_NQ_2,0.149789721513782
age_55,37,P_NQ_3,0.161070686185868
age_55,37,P_NQ_4,0.170608392463616
age_55,37,P_NQ_5,0.17339162337928
age_55,37,P_NQ_6,0.171395862554186
age_55,37,P_NQ_7,0.167480542342446
age_55,37,P_NQ_8,0.164807837155293
age_55,37,P_NQ_9,0.171191656793983
age_55,37,P_NQ_10,0.181281031289654
age_55,37,P_NQ_11,0.179650487944154
age_55,37,P_NQ_12,0.165435052985807
age_55,37,P_NQ_13,0.147889416662077
age_55,37,P_NQ_14,0.122267865156069
age_55,37,P_NQ_15,0.0856305498421704
age_55,37,P_NQ_16,0.0379105774682054
age_55,37,P_NQ_17,0.0122836965654821
age_55,37,L_NQ,1.64868425543356
age_55,37,pi_Q,0.3
age_55,37,pi_NQ,0.7
age_55,37,y,6.70309027834764
age_55,37,nbar,6.4937080169575
age_55,37,Ptot,4.10063233271071
age_55,37,Pret,1.57648611010665
age_55,37,H,727.265539957264
age_55,37,cCheck,0
age_55,37,shareq,0.3
age_55,37,A,1.809381471
age_55,37,A_Q,2
age_55,37,xpop,0.869082417
age_55,37,h_Q_1,100
age_55,37,mig_Q_2,-0.196819844
age_55,37,med_Q_2,2025.59312
age_55,37,mig_Q_3,0.002326976
age_55,37,med_Q_3,-302.6219252
age_55,37,mig_Q_4,0.002300641
age_55,37,med_Q_4,-390.813927
age_55,37,mig_Q_5,0.001045509
age_55,37,med_Q_5,-285.1251743
age_55,37,mig_Q_6,0.000226735
age_55,37,med_Q_6,-219.0520561
age_55,37,mig_Q_7,-7.56255e-05
age_55,37,med_Q_7,-107.1222848
age_55,37,mig_Q_8,8.89106e-05
age_55,37,med_Q_8,-62.55511429
age_55,37,mig_Q_9,0.000264954
age_55,37,med_Q_9,-38.35724366
age_55,37,mig_Q_10,0.000244975
age_55,37,med_Q_10,-23.65469138
age_55,37,mig_Q_11,0.000354073
age_55,37,med_Q_11,-18.75773914
age_55,37,mig_Q_12,0.000656899
age_55,37,med_Q_12,-11.51198904
age_55,37,mig_Q_13,0.001716376
age_55,37,med_Q_13,-8.404581474
age_55,37,mig_Q_14,0.005613495
age_55,37,med_Q_14,-5.97235645
age_55,37,mig_Q_15,0.007979699
age_55,37,med_Q_15,-2.033978476
age_55,37,mig_Q_16,0.004121764
age_55,37,med_Q_16,-0.563064133
age_55,37,mig_Q_17,0.001735433
age_55,37,med_Q_17,-0.158599827
age_55,37,h_NQ_1,100
age_55,37,mig_NQ_2,-0.457708733
age_55,37,med_NQ_2,262.3863342
age_55,37,mig_NQ_3,0.00594275
age_55,37,med_NQ_3,-47.51703283
age_55,37,mig_NQ_4,0.005977107
age_55,37,med_NQ_4,-15.04555249
age_55,37,mig_NQ_5,0.003233734
age_55,37,med_NQ_5,-33.98175105
age_55,37,mig_NQ_6,0.001640998
age_55,37,med_NQ_6,-39.50504598
age_55,37,mig_NQ_7,0.001238269
age_55,37,med_NQ_7,-21.00159533
age_55,37,mig_NQ_8,0.001955073
age_55,37,med_NQ_8,-14.03234936
age_55,37,mig_NQ_9,0.002835636
age_55,37,med_NQ_9,-9.849825396
age_55,37,mig_NQ_10,0.003351753
age_55,37,med_NQ_10,-6.923959099
age_55,37,mig_NQ_11,0.004220684
age_55,37,med_NQ_11,-7.158245376
age_55,37,mig_NQ_12,0.006690948
age_55,37,med_NQ_12,-6.843829218
age_55,37,mig_NQ_13,0.012370458
age_55,37,med_NQ_13,-5.031196391
age_55,37,mig_NQ_14,0.02715225
age_55,37,med_NQ_14,-3.558534221
age_55,37,mig_NQ_15,0.03317836
age_55,37,med_NQ_15,-1.214036853
age_55,37,mig_NQ_16,0.01746382
age_55,37,med_NQ_16,-0.341835105
age_55,37,mig_NQ_17,0.006568419
age_55,37,med_NQ_17,-0.092165763
age_55,38,beta_Q_2,0.999568200000053
age_55,38,beta_Q_3,0.999427900002499
age_55,38,beta_Q_4,0.999125300002665
age_55,38,beta_Q_5,0.998610600004699
age_55,38,beta_Q_6,0.99756670000557
age_55,38,beta_Q_7,0.996071600020035
age_55,38,beta_Q_8,0.993815100014264
age_55,38,beta_Q_9,0.990396300068338
age_55,38,beta_Q_10,0.985298600117092
age_55,38,beta_Q_11,0.97549610006666
age_55,38,beta_Q_12,0.958917500358997
age_55,38,beta_Q_13,0.920870500447117
age_55,38,beta_Q_14,0.790297703474856
age_55,38,beta_Q_15,0.558789475281718
age_55,38,beta_Q_16,0.366920881115519
age_55,38,beta_Q_17,0.260687442821327
age_55,38,h_Q_2,2315.886985
age_55,38,h_Q_3,1747.9461637
age_55,38,h_Q_4,1143.2491136728
age_55,38,h_Q_5,719.735137690136
age_55,38,h_Q_6,410.964533488813
age_55,38,h_Q_7,254.556562981753
age_55,38,h_Q_8,161.684101447562
age_55,38,h_Q_9,104.126534932427
age_55,38,h_Q_10,68.0207330175611
age_55,38,h_Q_11,40.8098302475472
age_55,38,h_Q_12,24.3412646300554
age_55,38,h_Q_13,12.6375119628085
age_55,38,h_Q_14,4.76866499096452
age_55,38,h_Q_15,2.26649074036641
age_55,38,h_Q_16,1.57958115478708
age_55,38,h_Q_17,1.35260778505071
age_55,38,P_Q_1,0.2590967487
age_55,38,P_Q_2,0.0625289608269759
age_55,38,P_Q_3,0.0664847282840298
age_55,38,P_Q_4,0.0712673405395902
age_55,38,P_Q_5,0.0740544743117527
age_55,38,P_Q_6,0.0743415140398916
age_55,38,P_Q_7,0.0730670440040275
age_55,38,P_Q_8,0.0713847605926565
age_55,38,P_Q_9,0.0701604270104594
age_55,38,P_Q_10,0.0724293991869704
age_55,38,P_Q_11,0.0759404541442475
age_55,38,P_Q_12,0.0741563986919462
age_55,38,P_Q_13,0.0664655249553677
age_55,38,P_Q_14,0.0552148140583742
age_55,38,P_Q_15,0.036484166830916
age_55,38,P_Q_16,0.0171709811661188
age_55,38,P_Q_17,0.005974531333937
age_55,38,L_Q,0.931309635833115
age_55,38,beta_NQ_2,0.997464300015995
age_55,38,beta_NQ_3,0.996675100019245
age_55,38,beta_NQ_4,0.996043500019936
age_55,38,beta_NQ_5,0.994728000025726
age_55,38,beta_NQ_6,0.992136900037798
age_55,38,beta_NQ_7,0.989050400046141
age_55,38,beta_NQ_8,0.985008700077773
age_55,38,beta_NQ_9,0.979658700095401
age_55,38,beta_NQ_10,0.972651100127127
age_55,38,beta_NQ_11,0.960022400159869
age_55,38,beta_NQ_12,0.933681600270537
age_55,38,beta_NQ_13,0.875026600078505
age_55,38,beta_NQ_14,0.696164700086067
age_55,38,beta_NQ_15,0.441618881633693
age_55,38,beta_NQ_16,0.267671329732066
age_55,38,beta_NQ_17,0.182527816656613
age_55,38,h_NQ_2,394.368419
age_55,38,h_NQ_3,300.760925186
age_55,38,h_NQ_4,252.74864150284
age_55,38,h_NQ_5,189.681335382017
age_55,38,h_NQ_6,127.176304533802
age_55,38,h_NQ_7,91.3275370340585
age_55,38,h_NQ_8,66.7053558041155
age_55,38,h_NQ_9,49.1610663976759
age_55,38,h_NQ_10,36.5645419074582
age_55,38,h_NQ_11,25.0140078473186
age_55,38,h_NQ_12,15.0787714975217
age_55,38,h_NQ_13,8.00170275282522
age_55,38,h_NQ_14,3.29125681009796
age_55,38,h_NQ_15,1.79089123232423
age_55,38,h_NQ_16,1.3655070467441
age_55,38,h_NQ_17,1.22328319231071
age_55,38,P_NQ_1,0.6045590803
age_55,38,P_NQ_2,0.145900909987545
age_55,38,P_NQ_3,0.155131032753132
age_55,38,P_NQ_4,0.166290460217054
age_55,38,P_NQ_5,0.172793771812557
age_55,38,P_NQ_6,0.173463531753724
age_55,38,P_NQ_7,0.170489774451129
age_55,38,P_NQ_8,0.166564443108653
age_55,38,P_NQ_9,0.163707661900842
age_55,38,P_NQ_10,0.169001932871234
age_55,38,P_NQ_11,0.177194392795506
age_55,38,P_NQ_12,0.173031599796639
age_55,38,P_NQ_13,0.15508622291828
age_55,38,P_NQ_14,0.128834711326304
age_55,38,P_NQ_15,0.0851297693453152
age_55,38,P_NQ_16,0.040065629353784
age_55,38,P_NQ_17,0.0139405718767597
age_55,38,L_NQ,1.63832886199073
age_55,38,pi_Q,0.3
age_55,38,pi_NQ,0.7
age_55,38,y,6.89902279681181
age_55,38,nbar,6.53202691646643
age_55,38,Ptot,4.08740776524572
age_55,38,Pret,1.579989189563
age_55,38,H,770.599556491146
age_55,38,cCheck,-8.88178419700125e-16
age_55,38,shareq,0.3
age_55,38,A,1.854616008
age_55,38,A_Q,2
age_55,38,xpop,0.863655829
age_55,38,h_Q_1,100
age_55,38,mig_Q_2,-0.198072989
age_55,38,med_Q_2,2217.886985
age_55,38,mig_Q_3,0.002329146
age_55,38,med_Q_3,-333.1750939
age_55,38,mig_Q_4,0.002302687
age_55,38,med_Q_4,-429.0274783
age_55,38,mig_Q_5,0.001046948
age_55,38,med_Q_5,-310.8674496
age_55,38,mig_Q_6,0.000227162
age_55,38,med_Q_6,-238.3430923
age_55,38,mig_Q_7,-7.48522e-05
age_55,38,med_Q_7,-116.3464729
age_55,38,mig_Q_8,8.99166e-05
age_55,38,med_Q_8,-67.95854632
age_55,38,mig_Q_9,0.000266495
age_55,38,med_Q_9,-41.65039698
age_55,38,mig_Q_10,0.000235023
age_55,38,med_Q_10,-25.77263475
age_55,38,mig_Q_11,0.000318187
age_55,38,med_Q_11,-20.46161473
age_55,38,mig_Q_12,0.000613246
age_55,38,med_Q_12,-12.4474556
age_55,38,mig_Q_13,0.001653402
age_55,38,med_Q_13,-9.23353371
age_55,38,mig_Q_14,0.0057819
age_55,38,med_Q_14,-6.643244463
age_55,38,mig_Q_15,0.007795794
age_55,38,med_Q_15,-2.18664785
age_55,38,mig_Q_16,0.004165919
age_55,38,med_Q_16,-0.586083777
age_55,38,mig_Q_17,0.001940788
age_55,38,med_Q_17,-0.165296486
age_55,38,h_NQ_1,100
age_55,38,mig_NQ_2,-0.460768711
age_55,38,med_NQ_2,296.368419
age_55,38,mig_NQ_3,0.005885707
age_55,38,med_NQ_3,-52.41768233
age_55,38,mig_NQ_4,0.00591539
age_55,38,med_NQ_4,-16.89696715
age_55,38,mig_NQ_5,0.00316677
age_55,38,med_NQ_5,-37.23880265
age_55,38,mig_NQ_6,0.001559123
age_55,38,med_NQ_6,-43.19033144
age_55,38,mig_NQ_7,0.001141424
age_55,38,med_NQ_7,-22.92886361
age_55,38,mig_NQ_8,0.001823246
age_55,38,med_NQ_8,-15.3297854
age_55,38,mig_NQ_9,0.002557883
age_55,38,med_NQ_9,-10.75505103
age_55,38,mig_NQ_10,0.002915605
age_55,38,med_NQ_10,-7.587756496
age_55,38,mig_NQ_11,0.003804416
age_55,38,med_NQ_11,-7.847307346
age_55,38,mig_NQ_12,0.006370399
age_55,38,med_NQ_12,-7.434748096
age_55,38,mig_NQ_13,0.011996863
age_55,38,med_NQ_13,-5.552349554
age_55,38,mig_NQ_14,0.027776819
age_55,38,med_NQ_14,-3.964116794
age_55,38,mig_NQ_15,0.032479407
age_55,38,med_NQ_15,-1.303844298
age_55,38,mig_NQ_16,0.018032835
age_55,38,med_NQ_16,-0.355647631
age_55,38,mig_NQ_17,0.007379475
age_55,38,med_NQ_17,-0.096227773
age_55,39,beta_Q_2,0.999603899999967
age_55,39,beta_Q_3,0.999474600002111
age_55,39,beta_Q_4,0.999195000002855
age_55,39,beta_Q_5,0.998720500003238
age_55,39,beta_Q_6,0.997758200007427
age_55,39,beta_Q_7,0.996382400006829
age_55,39,beta_Q_8,0.994307500034205
age_55,39,beta_Q_9,0.991169500019056
age_55,39,beta_Q_10,0.986482100112318
age_55,39,beta_Q_11,0.977451700220128
age_55,39,beta_Q_12,0.962326900128625
age_55,39,beta_Q_13,0.927091300713865
age_55,39,beta_Q_14,0.800196801424613
age_55,39,beta_Q_15,0.569889304973353
age_55,39,beta_Q_16,0.379410572850551
age_55,39,beta_Q_17,0.273184741856162
age_55,39,h_Q_2,2524.614996
age_55,39,h_Q_3,1903.3117627
age_55,39,h_Q_4,1242.236025326
age_55,39,h_Q_5,781.555294699344
age_55,39,h_Q_6,446.070122436333
age_55,39,h_Q_7,276.426359719037
age_55,39,h_Q_8,175.669741392118
age_55,39,h_Q_9,113.243870528611
age_55,39,h_Q_10,73.9759877537787
age_55,39,h_Q_11,44.3492416972099
age_55,39,h_Q_12,26.5441388925962
age_55,39,h_Q_13,13.7157843574543
age_55,39,h_Q_14,5.00492488155233
age_55,39,h_Q_15,2.32498184314523
age_55,39,h_Q_16,1.61137104855908
age_55,39,h_Q_17,1.37586532669134
age_55,39,P_Q_1,0.2555920764
age_55,39,P_Q_2,0.0623397977239251
age_55,39,P_Q_3,0.0648241100086431
age_55,39,P_Q_4,0.068731258092377
age_55,39,P_Q_5,0.0722168906969794
age_55,39,P_Q_6,0.0741017545598225
age_55,39,P_Q_7,0.0739753860376267
age_55,39,P_Q_8,0.0727052830446092
age_55,39,P_Q_9,0.0709660057722311
age_55,39,P_Q_10,0.0693600715170231
age_55,39,P_Q_11,0.070930743437061
age_55,39,P_Q_12,0.0733555624641289
age_55,39,P_Q_13,0.0698905029748084
age_55,39,P_Q_14,0.0584558887324778
age_55,39,P_Q_15,0.0390966439754565
age_55,39,P_Q_16,0.0174637696403653
age_55,39,P_Q_17,0.00663140917092868
age_55,39,L_Q,0.921907940287077
age_55,39,beta_NQ_2,0.997681800013747
age_55,39,beta_NQ_3,0.996957400016921
age_55,39,beta_NQ_4,0.996374000017807
age_55,39,beta_NQ_5,0.995166600022802
age_55,39,beta_NQ_6,0.992789300033518
age_55,39,beta_NQ_7,0.989960900047722
age_55,39,beta_NQ_8,0.986256200054668
age_55,39,beta_NQ_9,0.981354200099155
age_55,39,beta_NQ_10,0.974914800107839
age_55,39,beta_NQ_11,0.963279400148988
age_55,39,beta_NQ_12,0.939180200282435
age_55,39,beta_NQ_13,0.884425600157337
age_55,39,beta_NQ_14,0.708567599236426
age_55,39,beta_NQ_15,0.452531586785371
age_55,39,beta_NQ_16,0.278098627390911
age_55,39,beta_NQ_17,0.192138416242411
age_55,39,h_NQ_2,431.3691657
age_55,39,h_NQ_3,328.66627229
age_55,39,h_NQ_4,275.78599011228
age_55,39,h_NQ_5,206.893698042783
age_55,39,h_NQ_6,138.682790874376
age_55,39,h_NQ_7,99.6105228731256
age_55,39,h_NQ_8,72.7600808633773
age_55,39,h_NQ_9,53.6313808280332
age_55,39,h_NQ_10,39.8641429967224
age_55,39,h_NQ_11,27.2326704963091
age_55,39,h_NQ_12,16.4420139523722
age_55,39,h_NQ_13,8.65243513657131
age_55,39,h_NQ_14,3.43132746176872
age_55,39,h_NQ_15,1.826589110896
age_55,39,h_NQ_16,1.38523071767775
age_55,39,h_NQ_17,1.23783578780921
age_55,39,P_NQ_1,0.5963815116
age_55,39,P_NQ_2,0.145459527849753
age_55,39,P_NQ_3,0.151256257054735
age_55,39,P_NQ_4,0.160372934825137
age_55,39,P_NQ_5,0.168506076915068
age_55,39,P_NQ_6,0.172904092111949
age_55,39,P_NQ_7,0.172609231474437
age_55,39,P_NQ_8,0.169645664108659
age_55,39,P_NQ_9,0.165587347817938
age_55,39,P_NQ_10,0.161840165447094
age_55,39,P_NQ_11,0.165505071226699
age_55,39,P_NQ_12,0.171162979224274
age_55,39,P_NQ_13,0.163077841476197
age_55,39,P_NQ_14,0.136397072865385
age_55,39,P_NQ_15,0.0912255561315218
age_55,39,P_NQ_16,0.0407488005604446
age_55,39,P_NQ_17,0.0154732878489193
age_55,39,L_NQ,1.62173322822317
age_55,39,pi_Q,0.3
age_55,39,pi_NQ,0.7
age_55,39,y,7.07849201791691
age_55,39,nbar,6.54125761368554
age_55,39,Ptot,4.06879057278667
age_55,39,Pret,1.58716872028295
age_55,39,H,819.126209335675
age_55,39,cCheck,0
age_55,39,shareq,0.3
age_55,39,A,1.900981408
age_55,39,A_Q,2
age_55,39,xpop,0.851973588
age_55,39,h_Q_1,100
age_55,39,mig_Q_2,-0.196645073
age_55,39,med_Q_2,2426.614996
age_55,39,mig_Q_3,0.002330922
age_55,39,med_Q_3,-366.2574826
age_55,39,mig_Q_4,0.002304684
age_55,39,med_Q_4,-470.7512151
age_55,39,mig_Q_5,0.001048569
age_55,39,med_Q_5,-338.8288367
age_55,39,mig_Q_6,0.000227477
age_55,39,med_Q_6,-259.2703125
age_55,39,mig_Q_7,-7.40848e-05
age_55,39,med_Q_7,-126.3188831
age_55,39,mig_Q_8,9.01514e-05
age_55,39,med_Q_8,-73.79569033
age_55,39,mig_Q_9,0.000266803
age_55,39,med_Q_9,-45.20654889
age_55,39,mig_Q_10,0.000231101
age_55,39,med_Q_10,-28.06801648
age_55,39,mig_Q_11,0.000276147
age_55,39,med_Q_11,-22.31107666
age_55,39,mig_Q_12,0.000534932
age_55,39,med_Q_12,-13.44949475
age_55,39,mig_Q_13,0.001602063
age_55,39,med_Q_13,-10.13865498
age_55,39,mig_Q_14,0.005928337
age_55,39,med_Q_14,-7.379836842
age_55,39,mig_Q_15,0.008243187
age_55,39,med_Q_15,-2.348309848
age_55,39,mig_Q_16,0.004076967
age_55,39,med_Q_16,-0.609789877
age_55,39,mig_Q_17,0.00215515
age_55,39,med_Q_17,-0.172124205
age_55,39,h_NQ_1,100
age_55,39,mig_NQ_2,-0.457566572
age_55,39,med_NQ_2,333.3691657
age_55,39,mig_NQ_3,0.005840453
age_55,39,med_NQ_3,-57.81477833
age_55,39,mig_NQ_4,0.005855678
age_55,39,med_NQ_4,-18.95971657
age_55,39,mig_NQ_5,0.0030923
age_55,39,med_NQ_5,-40.79997063
age_55,39,mig_NQ_6,0.001469015
age_55,39,med_NQ_6,-47.2049178
age_55,39,mig_NQ_7,0.001045056
age_55,39,med_NQ_7,-25.02225557
age_55,39,mig_NQ_8,0.001711753
age_55,39,med_NQ_8,-16.74090543
age_55,39,mig_NQ_9,0.002411042
age_55,39,med_NQ_9,-11.73986786
age_55,39,mig_NQ_10,0.002609728
age_55,39,med_NQ_10,-8.313702073
age_55,39,mig_NQ_11,0.00325943
age_55,39,med_NQ_11,-8.600580573
age_55,39,mig_NQ_12,0.005719835
age_55,39,med_NQ_12,-8.071713738
age_55,39,mig_NQ_13,0.011670589
age_55,39,med_NQ_13,-6.124760931
age_55,39,mig_NQ_14,0.028431519
age_55,39,med_NQ_14,-4.410341236
age_55,39,mig_NQ_15,0.034329715
age_55,39,med_NQ_15,-1.398842563
age_55,39,mig_NQ_16,0.017962002
age_55,39,med_NQ_16,-0.36984269
age_55,39,mig_NQ_17,0.008160196
age_55,39,med_NQ_17,-0.100361118
age_55,40,beta_Q_2,0.999636500000018
age_55,40,beta_Q_3,0.999517400001801
age_55,40,beta_Q_4,0.999258900002399
age_55,40,beta_Q_5,0.998821100004006
age_55,40,beta_Q_6,0.997933700004122
age_55,40,beta_Q_7,0.996667100011858
age_55,40,beta_Q_8,0.994758700007863
age_55,40,beta_Q_9,0.991877200059801
age_55,40,beta_Q_10,0.987565600018708
age_55,40,beta_Q_11,0.979243900216687
age_55,40,beta_Q_12,0.965447200497108
age_55,40,beta_Q_13,0.932826800056707
age_55,40,beta_Q_14,0.809645203400457
age_55,40,beta_Q_15,0.580780797150348
age_55,40,beta_Q_16,0.391829833419432
age_55,40,beta_Q_17,0.285743130665332
age_55,40,h_Q_2,2751.031637
age_55,40,h_Q_3,2072.10940718
age_55,40,h_Q_4,1349.345567646
age_55,40,h_Q_5,848.24836761948
age_55,40,h_Q_6,483.956830705357
age_55,40,h_Q_7,300.039005287607
age_55,40,h_Q_8,190.792360384656
age_55,40,h_Q_9,123.110258044275
age_55,40,h_Q_10,80.4220547980389
age_55,40,h_Q_11,48.1786080887031
age_55,40,h_Q_12,28.9412148932657
age_55,40,h_Q_13,14.8868893847443
age_55,40,h_Q_14,5.25334805230518
age_55,40,h_Q_15,2.38538582592129
age_55,40,h_Q_16,1.64427635728233
age_55,40,h_Q_17,1.4000564045879
age_55,40,P_Q_1,0.2510840766
age_55,40,P_Q_2,0.0627617153785294
age_55,40,P_Q_3,0.0646392403943325
age_55,40,P_Q_4,0.0670783256002712
age_55,40,P_Q_5,0.0696934894478703
age_55,40,P_Q_6,0.0722827908719513
age_55,40,P_Q_7,0.0737602985530329
age_55,40,P_Q_8,0.0736447480551378
age_55,40,P_Q_9,0.0723295520440693
age_55,40,P_Q_10,0.0702353654107734
age_55,40,P_Q_11,0.0680472688317039
age_55,40,P_Q_12,0.0687043054556057
age_55,40,P_Q_13,0.0694630228194664
age_55,40,P_Q_14,0.0620235119303991
age_55,40,P_Q_15,0.0419675088013514
age_55,40,P_Q_16,0.019143419087262
age_55,40,P_Q_17,0.00711671040103867
age_55,40,L_Q,0.909963483676275
age_55,40,beta_NQ_2,0.997880000012339
age_55,40,beta_NQ_3,0.997214700014544
age_55,40,beta_NQ_4,0.996675700015601
age_55,40,beta_NQ_5,0.995567100020468
age_55,40,beta_NQ_6,0.993385300029785
age_55,40,beta_NQ_7,0.990792900042963
age_55,40,beta_NQ_8,0.987396500058781
age_55,40,beta_NQ_9,0.982904400064859
age_55,40,beta_NQ_10,0.976986300116934
age_55,40,beta_NQ_11,0.966265800122897
age_55,40,beta_NQ_12,0.94422940026924
age_55,40,beta_NQ_13,0.893164200252032
age_55,40,beta_NQ_14,0.720547299631331
age_55,40,beta_NQ_15,0.463347285867549
age_55,40,beta_NQ_16,0.288572434125484
age_55,40,beta_NQ_17,0.201887813207291
age_55,40,h_NQ_2,471.6981132
age_55,40,h_NQ_3,359.027752816
age_55,40,h_NQ_4,300.8152092442
age_55,40,h_NQ_5,225.585959570034
age_55,40,h_NQ_6,151.178435931928
age_55,40,h_NQ_7,108.611832196889
age_55,40,h_NQ_8,79.3430396456631
age_55,40,h_NQ_9,58.4945833561098
age_55,40,h_NQ_10,43.4523783994725
age_55,40,h_NQ_11,29.6435071787879
age_55,40,h_NQ_12,17.9305942613829
age_55,40,h_NQ_13,9.36015830232477
age_55,40,h_NQ_14,3.57842310583989
age_55,40,h_NQ_15,1.86340217553335
age_55,40,h_NQ_16,1.40562441067808
age_55,40,h_NQ_17,1.25295665732419
age_55,40,P_NQ_1,0.5858628454
age_55,40,P_NQ_2,0.146444001988007
age_55,40,P_NQ_3,0.150824894692779
age_55,40,P_NQ_4,0.156516093869348
age_55,40,P_NQ_5,0.16261814128561
age_55,40,P_NQ_6,0.168659843151905
age_55,40,P_NQ_7,0.172107361649079
age_55,40,P_NQ_8,0.171837743728334
age_55,40,P_NQ_9,0.168768959001643
age_55,40,P_NQ_10,0.163882522098312
age_55,40,P_NQ_11,0.158776957491889
age_55,40,P_NQ_12,0.16031004894245
age_55,40,P_NQ_13,0.162080384625146
age_55,40,P_NQ_14,0.144721528623448
age_55,40,P_NQ_15,0.0979241698166527
age_55,40,P_NQ_16,0.0446679869431487
age_55,40,P_NQ_17,0.0166056560034617
age_55,40,L_NQ,1.60083674753168
age_55,40,pi_Q,0.3
age_55,40,pi_NQ,0.7
age_55,40,y,7.25143176947556
age_55,40,nbar,6.53607738837634
age_55,40,Ptot,4.04658448899401
age_55,40,Pret,1.59676887832782
age_55,40,H,875.905766687389
age_55,40,cCheck,-4.44089209850063e-16
age_55,40,shareq,0.3
age_55,40,A,1.948505944
age_55,40,A_Q,2
age_55,40,xpop,0.836946922
age_55,40,h_Q_1,100
age_55,40,mig_Q_2,-0.192729121
age_55,40,med_Q_2,2653.031637
age_55,40,mig_Q_3,0.002332196
age_55,40,med_Q_3,-402.0132889
age_55,40,mig_Q_4,0.002306399
age_55,40,med_Q_4,-515.8999598
age_55,40,mig_Q_5,0.001050173
age_55,40,med_Q_5,-369.1429372
age_55,40,mig_Q_6,0.000227796
age_55,40,med_Q_6,-281.9673581
age_55,40,mig_Q_7,-7.33855e-05
age_55,40,med_Q_7,-137.1097147
age_55,40,mig_Q_8,9.04669e-05
age_55,40,med_Q_8,-80.10547214
age_55,40,mig_Q_9,0.000266293
age_55,40,med_Q_9,-49.04608852
age_55,40,mig_Q_10,0.000228671
age_55,40,med_Q_10,-30.55693832
age_55,40,mig_Q_11,0.000251149
age_55,40,med_Q_11,-24.31785991
age_55,40,mig_Q_12,0.000445743
age_55,40,med_Q_12,-14.52104197
age_55,40,mig_Q_13,0.001455719
age_55,40,med_Q_13,-11.12636673
age_55,40,mig_Q_14,0.006097355
age_55,40,med_Q_14,-8.188120618
age_55,40,mig_Q_15,0.008654123
age_55,40,med_Q_15,-2.519440558
age_55,40,mig_Q_16,0.004309739
age_55,40,med_Q_16,-0.634205849
age_55,40,mig_Q_17,0.002345875
age_55,40,med_Q_17,-0.179087223
age_55,40,h_NQ_1,100
age_55,40,mig_NQ_2,-0.448554978
age_55,40,med_NQ_2,373.6981132
age_55,40,mig_NQ_3,0.005807942
age_55,40,med_NQ_3,-63.71402957
age_55,40,mig_NQ_4,0.005808292
age_55,40,med_NQ_4,-21.2777376
age_55,40,mig_NQ_5,0.003020353
age_55,40,med_NQ_5,-44.68431074
age_55,40,mig_NQ_6,0.001368813
age_55,40,med_NQ_6,-51.57738815
age_55,40,mig_NQ_7,0.000939071
age_55,40,med_NQ_7,-27.29730286
age_55,40,mig_NQ_8,0.001600819
age_55,40,med_NQ_8,-18.27527277
age_55,40,mig_NQ_9,0.002286474
age_55,40,med_NQ_9,-12.81029589
age_55,40,mig_NQ_10,0.002448966
age_55,40,med_NQ_10,-9.106374812
age_55,40,mig_NQ_11,0.00287966
age_55,40,med_NQ_11,-9.423352958
age_55,40,mig_NQ_12,0.004870963
age_55,40,med_NQ_12,-8.757422825
age_55,40,mig_NQ_13,0.010699464
age_55,40,med_NQ_13,-6.753015371
age_55,40,mig_NQ_14,0.029169854
age_55,40,med_NQ_14,-4.900963328
age_55,40,mig_NQ_15,0.036200186
age_55,40,med_NQ_15,-1.499298737
age_55,40,mig_NQ_16,0.019298285
age_55,40,med_NQ_16,-0.384432918
age_55,40,mig_NQ_17,0.008776246
age_55,40,med_NQ_17,-0.104569446
age_65,1,beta_Q_2,0.973436404874763
age_65,1,beta_Q_3,0.970539000001623
age_65,1,beta_Q_4,0.965744200006298
age_65,1,beta_Q_5,0.961176300029427
age_65,1,beta_Q_6,0.955116300619925
age_65,1,beta_Q_7,0.940183999984989
age_65,1,beta_Q_8,0.909499218945487
age_65,1,beta_Q_9,0.85988771100122
age_65,1,beta_Q_10,0.781753818094209
age_65,1,beta_Q_11,0.658329466557867
age_65,1,beta_Q_12,0.512809028093422
age_65,1,beta_Q_13,0.344799901709008
age_65,1,beta_Q_14,0.210284003873888
age_65,1,beta_Q_15,0.118657324974081
age_65,1,beta_Q_16,0.0591105026749442
age_65,1,beta_Q_17,0.031131000636637
age_65,1,h_Q_2,37.64549986
age_65,1,h_Q_3,33.94317912
age_65,1,h_Q_4,29.19213681
age_65,1,h_Q_5,25.75746258
age_65,1,h_Q_6,22.27980314
age_65,1,h_Q_7,16.7179349964
age_65,1,h_Q_8,11.049626084672
age_65,1,h_Q_9,7.13713214817855
age_65,1,h_Q_10,4.58198126301498
age_65,1,h_Q_11,2.92679557875468
age_65,1,h_Q_12,2.05258307497959
age_65,1,h_Q_13,1.52625129347999
age_65,1,h_Q_14,1.26627752601038
age_65,1,h_Q_15,1.13462803749019
age_65,1,h_Q_16,1.06282406454038
age_65,1,h_Q_17,1.03213127924955
age_65,1,P_Q_1,0.2522852124
age_65,1,P_Q_2,0.0592788505108232
age_65,1,P_Q_3,0.0529788315263616
age_65,1,P_Q_4,0.0516187991809102
age_65,1,P_Q_5,0.0480152225133509
age_65,1,P_Q_6,0.0426744931906979
age_65,1,P_Q_7,0.0407094252183056
age_65,1,P_Q_8,0.0361254806344776
age_65,1,P_Q_9,0.0316353121871109
age_65,1,P_Q_10,0.0252264559898656
age_65,1,P_Q_11,0.0186772111554823
age_65,1,P_Q_12,0.011249689408626
age_65,1,P_Q_13,0.00531388564243529
age_65,1,P_Q_14,0.00164097968469545
age_65,1,P_Q_15,0.000304585058292062
age_65,1,P_Q_16,3.2652531888111e-05
age_65,1,P_Q_17,2.01287823792251e-06
age_65,1,L_Q,0.781348672516238
age_65,1,beta_NQ_2,0.939491000019456
age_65,1,beta_NQ_3,0.931619200148016
age_65,1,beta_NQ_4,0.925826700715022
age_65,1,beta_NQ_5,0.916842509905461
age_65,1,beta_NQ_6,0.905218099976406
age_65,1,beta_NQ_7,0.883457900039542
age_65,1,beta_NQ_8,0.843435236949881
age_65,1,beta_NQ_9,0.785066520379141
age_65,1,beta_NQ_10,0.701200501908016
age_65,1,beta_NQ_11,0.582111699569906
age_65,1,beta_NQ_12,0.433853272111351
age_65,1,beta_NQ_13,0.278824341886696
age_65,1,beta_NQ_14,0.164751615202972
age_65,1,beta_NQ_15,0.0914522727890728
age_65,1,beta_NQ_16,0.0448453010253704
age_65,1,beta_NQ_17,0.0234374042852502
age_65,1,h_NQ_2,16.52646714
age_65,1,h_NQ_3,14.62398802
age_65,1,h_NQ_4,13.48194027
age_65,1,h_NQ_5,12.02537354
age_65,1,h_NQ_6,10.5505376
age_65,1,h_NQ_7,8.58059018639999
age_65,1,h_NQ_8,6.387123554672
age_65,1,h_NQ_9,4.65260184817856
age_65,1,h_NQ_10,3.34672581301498
age_65,1,h_NQ_11,2.39298395875468
age_65,1,h_NQ_12,1.76632258497959
age_65,1,h_NQ_13,1.38662464347999
age_65,1,h_NQ_14,1.19724704601039
age_65,1,h_NQ_15,1.10064773749018
age_65,1,h_NQ_16,1.04695082454037
age_65,1,h_NQ_17,1.02399989924956
age_65,1,P_NQ_1,0.5886654956
age_65,1,P_NQ_2,0.138317317858587
age_65,1,P_NQ_3,0.123617274894843
age_65,1,P_NQ_4,0.120443865422124
age_65,1,P_NQ_5,0.112035520531152
age_65,1,P_NQ_6,0.0995738157782948
age_65,1,P_NQ_7,0.0949886588427129
age_65,1,P_NQ_8,0.0842927891471142
age_65,1,P_NQ_9,0.0738157284365917
age_65,1,P_NQ_10,0.0588617313096862
age_65,1,P_NQ_11,0.0435801576961252
age_65,1,P_NQ_12,0.026249274286794
age_65,1,P_NQ_13,0.0123990668323489
age_65,1,P_NQ_14,0.00382895393095584
age_65,1,P_NQ_15,0.000710697469347821
age_65,1,P_NQ_16,7.6189241072e-05
age_65,1,P_NQ_17,4.69538255498669e-06
age_65,1,L_NQ,1.37775390961273
age_65,1,pi_Q,0.3
age_65,1,pi_NQ,0.7
age_65,1,y,0.299243214675647
age_65,1,nbar,5.69078694578467
age_65,1,Ptot,2.25923033237186
age_65,1,Pret,0.124070051198856
age_65,1,H,103.24963241852
age_65,1,cCheck,-1.77635683940025e-15
age_65,1,shareq,0.3
age_65,1,A,0.088593872
age_65,1,A_Q,2
age_65,1,xpop,0.840950708
age_65,1,h_Q_1,100
age_65,1,mig_Q_2,-0.237659925
age_65,1,med_Q_2,-60.35450014
age_65,1,mig_Q_3,-0.24086812
age_65,1,med_Q_3,-62.09682088
age_65,1,mig_Q_4,-0.23910608
age_65,1,med_Q_4,-64.92706319
age_65,1,mig_Q_5,-0.239557717
age_65,1,med_Q_5,-66.47935342
age_65,1,mig_Q_6,-0.241717051
age_65,1,med_Q_6,-68.11227654
age_65,1,mig_Q_7,-0.240471711
age_65,1,med_Q_7,-71.86630309
age_65,1,mig_Q_8,-0.24181671
age_65,1,med_Q_8,-75.76292724
age_65,1,mig_Q_9,-0.243039903
age_65,1,med_Q_9,-77.93917011
age_65,1,mig_Q_10,-0.246154295
age_65,1,med_Q_10,-78.79279495
age_65,1,mig_Q_11,-0.249382162
age_65,1,med_Q_11,-78.78048511
age_65,1,mig_Q_12,-0.253462002
age_65,1,med_Q_12,-78.020552
age_65,1,mig_Q_13,-0.256024465
age_65,1,med_Q_13,-76.94542108
age_65,1,mig_Q_14,-0.256299052
age_65,1,med_Q_14,-75.6359614
age_65,1,mig_Q_15,-0.254212866
age_65,1,med_Q_15,-74.22956611
age_65,1,mig_Q_16,-0.25103871
age_65,1,med_Q_16,-72.7940862
age_65,1,mig_Q_17,-0.247600544
age_65,1,med_Q_17,-71.34764078
age_65,1,h_NQ_1,100
age_65,1,mig_NQ_2,-0.554539825
age_65,1,med_NQ_2,-81.47353286
age_65,1,mig_NQ_3,-0.562025612
age_65,1,med_NQ_3,-81.41601198
age_65,1,mig_NQ_4,-0.557914186
age_65,1,med_NQ_4,-80.63725973
age_65,1,mig_NQ_5,-0.558968005
age_65,1,med_NQ_5,-80.21144246
age_65,1,mig_NQ_6,-0.564006454
age_65,1,med_NQ_6,-79.84154208
age_65,1,mig_NQ_7,-0.561100659
age_65,1,med_NQ_7,-80.0036479
age_65,1,mig_NQ_8,-0.564238989
age_65,1,med_NQ_8,-80.42542977
age_65,1,mig_NQ_9,-0.567093107
age_65,1,med_NQ_9,-80.42370041
age_65,1,mig_NQ_10,-0.574360021
age_65,1,med_NQ_10,-80.0280504
age_65,1,mig_NQ_11,-0.581891713
age_65,1,med_NQ_11,-79.31429673
age_65,1,mig_NQ_12,-0.591411339
age_65,1,med_NQ_12,-78.30681249
age_65,1,mig_NQ_13,-0.597390418
age_65,1,med_NQ_13,-77.08504773
age_65,1,mig_NQ_14,-0.59803112
age_65,1,med_NQ_14,-75.70499188
age_65,1,mig_NQ_15,-0.593163355
age_65,1,med_NQ_15,-74.26354641
age_65,1,mig_NQ_16,-0.58575699
age_65,1,med_NQ_16,-72.80995944
age_65,1,mig_NQ_17,-0.577734604
age_65,1,med_NQ_17,-71.35577216
age_65,2,beta_Q_2,0.974250899998791
age_65,2,beta_Q_3,0.971050702827941
age_65,2,beta_Q_4,0.966497808579101
age_65,2,beta_Q_5,0.96060350176663
age_65,2,beta_Q_6,0.953428799997687
age_65,2,beta_Q_7,0.938990908940442
age_65,2,beta_Q_8,0.907364226102163
age_65,2,beta_Q_9,0.855505422354817
age_65,2,beta_Q_10,0.777190539425623
age_65,2,beta_Q_11,0.653229715740918
age_65,2,beta_Q_12,0.507151509662807
age_65,2,beta_Q_13,0.340206902132967
age_65,2,beta_Q_14,0.202952405585477
age_65,2,beta_Q_15,0.104123564627982
age_65,2,beta_Q_16,0.0518962985273525
age_65,2,beta_Q_17,0.0269183031357435
age_65,2,h_Q_2,38.83630884
age_65,2,h_Q_3,34.5431495778
age_65,2,h_Q_4,29.8487860516
age_65,2,h_Q_5,25.3829654958
age_65,2,h_Q_6,21.4724980234
age_65,2,h_Q_7,16.3909974132
age_65,2,h_Q_8,10.794962634472
age_65,2,h_Q_9,6.92066906697856
age_65,2,h_Q_10,4.48813897521498
age_65,2,h_Q_11,2.88375330475468
age_65,2,h_Q_12,2.02902109317958
age_65,2,h_Q_13,1.51562664248
age_65,2,h_Q_14,1.25463021261039
age_65,2,h_Q_15,1.11622528649018
age_65,2,h_Q_16,1.05473693974038
age_65,2,h_Q_17,1.02766294224957
age_65,2,P_Q_1,0.2512048092
age_65,2,P_Q_2,0.058626292161722
age_65,2,P_Q_3,0.05666953529602
age_65,2,P_Q_4,0.0510325992696945
age_65,2,P_Q_5,0.0491409534086693
age_65,2,P_Q_6,0.0449400987003943
age_65,2,P_Q_7,0.0398043877053625
age_65,2,P_Q_8,0.0367541314397686
age_65,2,P_Q_9,0.0316798898515999
age_65,2,P_Q_10,0.0259442070888762
age_65,2,P_Q_11,0.0185558133149537
age_65,2,P_Q_12,0.0115651525001385
age_65,2,P_Q_13,0.00532686380235113
age_65,2,P_Q_14,0.00163190114901926
age_65,2,P_Q_15,0.000307461259722774
age_65,2,P_Q_16,3.2879075902921e-05
age_65,2,P_Q_17,2.3670859909966e-06
age_65,2,L_Q,0.788114907925985
age_65,2,beta_NQ_2,0.940730611341604
age_65,2,beta_NQ_3,0.932728204979504
age_65,2,beta_NQ_4,0.926524000597335
age_65,2,beta_NQ_5,0.915284209720587
age_65,2,beta_NQ_6,0.901399100016695
age_65,2,beta_NQ_7,0.880705633764917
age_65,2,beta_NQ_8,0.839248473866308
age_65,2,beta_NQ_9,0.778419779240567
age_65,2,beta_NQ_10,0.695314942098422
age_65,2,beta_NQ_11,0.576616011674913
age_65,2,beta_NQ_12,0.428372303652876
age_65,2,beta_NQ_13,0.275077599402946
age_65,2,beta_NQ_14,0.159037699960351
age_65,2,beta_NQ_15,0.0800507185687133
age_65,2,beta_NQ_16,0.0395277962597335
age_65,2,beta_NQ_17,0.0203578006828232
age_65,2,h_NQ_2,16.87211276
age_65,2,h_NQ_3,14.8650697642
age_65,2,h_NQ_4,13.6098862216
age_65,2,h_NQ_5,11.8041734866
age_65,2,h_NQ_6,10.1418952582
age_65,2,h_NQ_7,8.382623155
age_65,2,h_NQ_8,6.22077789167199
age_65,2,h_NQ_9,4.51303454257856
age_65,2,h_NQ_10,3.28207713121499
age_65,2,h_NQ_11,2.36192203575468
age_65,2,h_NQ_12,1.74939037757959
age_65,2,h_NQ_13,1.37945799228
age_65,2,h_NQ_14,1.18911394461039
age_65,2,h_NQ_15,1.08701642209018
age_65,2,h_NQ_16,1.04115454374037
age_65,2,h_NQ_17,1.02078085304957
age_65,2,P_NQ_1,0.5861445548
age_65,2,P_NQ_2,0.136794680138193
age_65,2,P_NQ_3,0.132228917030036
age_65,2,P_NQ_4,0.119076066767275
age_65,2,P_NQ_5,0.114662224876335
age_65,2,P_NQ_6,0.104860232025077
age_65,2,P_NQ_7,0.0928769051864166
age_65,2,P_NQ_8,0.085759657978555
age_65,2,P_NQ_9,0.0739197446687776
age_65,2,P_NQ_10,0.0605364808284439
age_65,2,P_NQ_11,0.0432968944523086
age_65,2,P_NQ_12,0.0269854100155926
age_65,2,P_NQ_13,0.0124293506280187
age_65,2,P_NQ_14,0.00380778028763909
age_65,2,P_NQ_15,0.000717429539390566
age_65,2,P_NQ_16,7.6717841950872e-05
age_65,2,P_NQ_17,5.52318804519086e-06
age_65,2,L_NQ,1.3896727993242
age_65,2,pi_Q,0.3
age_65,2,pi_NQ,0.7
age_65,2,y,0.219993362932924
age_65,2,nbar,3.74519457473898
age_65,2,Ptot,2.27739791256224
age_65,2,Pret,0.124741544141025
age_65,2,H,103.245295188227
age_65,2,cCheck,-8.88178419700125e-16
age_65,2,shareq,0.3
age_65,2,A,0.087292616
age_65,2,A_Q,2
age_65,2,xpop,0.837349364
age_65,2,h_Q_1,100
age_65,2,mig_Q_2,-0.186957318
age_65,2,med_Q_2,-59.16369116
age_65,2,mig_Q_3,-0.000862901
age_65,2,med_Q_3,-2.349440285
age_65,2,mig_Q_4,-0.0001314
age_65,2,med_Q_4,-3.415529486
age_65,2,mig_Q_5,-0.000473813
age_65,2,med_Q_5,-3.225328578
age_65,2,mig_Q_6,-0.000920023
age_65,2,med_Q_6,-3.769815305
age_65,2,mig_Q_7,-0.000317488
age_65,2,med_Q_7,-5.443209664
age_65,2,mig_Q_8,-0.000271059
age_65,2,med_Q_8,-5.588613662
age_65,2,mig_Q_9,0.000616033
age_65,2,med_Q_9,-3.907964496
age_65,2,mig_Q_10,0.001213181
age_65,2,med_Q_10,-2.50625053
age_65,2,mig_Q_11,0.001948494
age_65,2,med_Q_11,-1.606588333
age_65,2,mig_Q_12,0.00198731
age_65,2,med_Q_12,-0.839238574
age_65,2,mig_Q_13,0.001447972
age_65,2,med_Q_13,-0.495904771
age_65,2,mig_Q_14,0.000514476
age_65,2,med_Q_14,-0.241096055
age_65,2,mig_Q_15,0.000112747
age_65,2,med_Q_15,-0.124726689
age_65,2,mig_Q_16,1.48749e-05
age_65,2,med_Q_16,-0.057198537
age_65,2,mig_Q_17,1.35058e-06
age_65,2,med_Q_17,-0.013904641
age_65,2,h_NQ_1,100
age_65,2,mig_NQ_2,-0.416251255
age_65,2,med_NQ_2,-81.12788724
age_65,2,mig_NQ_3,0.003369848
age_65,2,med_NQ_3,-1.330868033
age_65,2,mig_NQ_4,0.004627893
age_65,2,med_NQ_4,-0.721622038
age_65,2,mig_NQ_5,0.004234169
age_65,2,med_NQ_5,-1.408127978
age_65,2,mig_NQ_6,0.003443651
age_65,2,med_NQ_6,-1.642970811
age_65,2,mig_NQ_7,0.004907631
age_65,2,med_NQ_7,-1.956903693
age_65,2,mig_NQ_8,0.005642876
age_65,2,med_NQ_8,-2.188200491
age_65,2,mig_NQ_9,0.007744298
age_65,2,med_NQ_9,-1.746346541
age_65,2,mig_NQ_10,0.008776855
age_65,2,med_NQ_10,-1.27747268
age_65,2,mig_NQ_11,0.009032792
age_65,2,med_NQ_11,-0.917869261
age_65,2,mig_NQ_12,0.008078016
age_65,2,med_NQ_12,-0.595733902
age_65,2,mig_NQ_13,0.005110414
age_65,2,med_NQ_13,-0.351538141
age_65,2,mig_NQ_14,0.001765014
age_65,2,med_NQ_14,-0.169778206
age_65,2,mig_NQ_15,0.000367263
age_65,2,med_NQ_15,-0.086285683
age_65,2,mig_NQ_16,4.48464e-05
age_65,2,med_NQ_16,-0.037480239
age_65,2,mig_NQ_17,3.73751e-06
age_65,2,med_NQ_17,-0.005230955
age_65,3,beta_Q_2,0.960919101309252
age_65,3,beta_Q_3,0.963560499994147
age_65,3,beta_Q_4,0.964076600018983
age_65,3,beta_Q_5,0.962424900003693
age_65,3,beta_Q_6,0.956305900022175
age_65,3,beta_Q_7,0.942098600001715
age_65,3,beta_Q_8,0.912940600055841
age_65,3,beta_Q_9,0.865348500041953
age_65,3,beta_Q_10,0.785928400220511
age_65,3,beta_Q_11,0.667295763074705
age_65,3,beta_Q_12,0.521659103888569
age_65,3,beta_Q_13,0.359734955973682
age_65,3,beta_Q_14,0.216027861519063
age_65,3,beta_Q_15,0.117518946854786
age_65,3,beta_Q_16,0.057058104084404
age_65,3,beta_Q_17,0.0293664387910884
age_65,3,h_Q_2,25.58794705
age_65,3,h_Q_3,27.4427475632
age_65,3,h_Q_4,27.837008749244
age_65,3,h_Q_5,26.613368961568
age_65,3,h_Q_6,22.886385121884
age_65,3,h_Q_7,17.270739566932
age_65,3,h_Q_8,11.486410431936
age_65,3,h_Q_9,7.42657897978255
age_65,3,h_Q_10,4.67133426863899
age_65,3,h_Q_11,3.00566297371068
age_65,3,h_Q_12,2.09055751265959
age_65,3,h_Q_13,1.56185183631599
age_65,3,h_Q_14,1.2755554356304
age_65,3,h_Q_15,1.13316874435818
age_65,3,h_Q_16,1.06051073076037
age_65,3,h_Q_17,1.03024839694558
age_65,3,P_Q_1,0.251144745
age_65,3,P_Q_2,0.0586093814471245
age_65,3,P_Q_3,0.0568679813078364
age_65,3,P_Q_4,0.0546954727767994
age_65,3,P_Q_5,0.0489759793627217
age_65,3,P_Q_6,0.0465539002391698
age_65,3,P_Q_7,0.0419258031265564
age_65,3,P_Q_8,0.0362022537457468
age_65,3,P_Q_9,0.0321353347406637
age_65,3,P_Q_10,0.0260723886827092
age_65,3,P_Q_11,0.0191639110217901
age_65,3,P_Q_12,0.0114416167357
age_65,3,P_Q_13,0.00554994570476745
age_65,3,P_Q_14,0.00169309582291336
age_65,3,P_Q_15,0.000315013364756384
age_65,3,P_Q_16,3.32503013201689e-05
age_65,3,P_Q_17,1.62521993197794e-06
age_65,3,L_Q,0.797696706641895
age_65,3,beta_NQ_2,0.907806406419834
age_65,3,beta_NQ_3,0.911270900013759
age_65,3,beta_NQ_4,0.918945800489104
age_65,3,beta_NQ_5,0.917890800003294
age_65,3,beta_NQ_6,0.906938600037125
age_65,3,beta_NQ_7,0.886138300025991
age_65,3,beta_NQ_8,0.847883199957314
age_65,3,beta_NQ_9,0.791712099862338
age_65,3,beta_NQ_10,0.705827079298838
age_65,3,beta_NQ_11,0.591640347499391
age_65,3,beta_NQ_12,0.442583034971192
age_65,3,beta_NQ_13,0.292314147433582
age_65,3,beta_NQ_14,0.170047424360433
age_65,3,beta_NQ_15,0.090590314338219
age_65,3,beta_NQ_16,0.0434898973154973
age_65,3,beta_NQ_17,0.0222164146022872
age_65,3,h_NQ_2,10.8467399
age_65,3,h_NQ_3,11.2702597008
age_65,3,h_NQ_4,12.337423602916
age_65,3,h_NQ_5,12.178903217168
age_65,3,h_NQ_6,10.745593771868
age_65,3,h_NQ_7,8.78258448803599
age_65,3,h_NQ_8,6.5738958459
age_65,3,h_NQ_9,4.80104700783855
age_65,3,h_NQ_10,3.39935561472699
age_65,3,h_NQ_11,2.44881726659069
age_65,3,h_NQ_12,1.79398841503959
age_65,3,h_NQ_13,1.413055870028
age_65,3,h_NQ_14,1.2048880844344
age_65,3,h_NQ_15,1.09961439571818
age_65,3,h_NQ_16,1.04546726364838
age_65,3,h_NQ_17,1.02271751686557
age_65,3,P_NQ_1,0.586004405
age_65,3,P_NQ_2,0.136755229371556
age_65,3,P_NQ_3,0.132691954456042
age_65,3,P_NQ_4,0.127622769201322
age_65,3,P_NQ_5,0.114277286667721
age_65,3,P_NQ_6,0.108625768309441
age_65,3,P_NQ_7,0.0978268761023816
age_65,3,P_NQ_8,0.0844719299351259
age_65,3,P_NQ_9,0.0749824650314133
age_65,3,P_NQ_10,0.0608355749843013
age_65,3,P_NQ_11,0.0447157911361322
age_65,3,P_NQ_12,0.0266971054175509
age_65,3,P_NQ_13,0.0129498898059934
age_65,3,P_NQ_14,0.00395055733588084
age_65,3,P_NQ_15,0.000735031548177291
age_65,3,P_NQ_16,7.75845086637447e-05
age_65,3,P_NQ_17,3.79216653525219e-06
age_65,3,L_NQ,1.40647223924039
age_65,3,pi_Q,0.3
age_65,3,pi_NQ,0.7
age_65,3,y,0.248313118298055
age_65,3,nbar,3.79057099935491
age_65,3,Ptot,2.30460570957874
age_65,3,Pret,0.127328210090113
age_65,3,H,101.260675389056
age_65,3,cCheck,-4.44089209850063e-16
age_65,3,shareq,0.3
age_65,3,A,0.097702667
age_65,3,A_Q,2
age_65,3,xpop,0.83714915
age_65,3,h_Q_1,100
age_65,3,mig_Q_2,-0.18612713
age_65,3,med_Q_2,-72.41205295
age_65,3,mig_Q_3,-6.11209e-05
age_65,3,med_Q_3,-10.6168351
age_65,3,mig_Q_4,-7.55089e-05
age_65,3,med_Q_4,-6.015277837
age_65,3,mig_Q_5,-4.61142e-05
age_65,3,med_Q_5,-2.638441369
age_65,3,mig_Q_6,-0.0002985
age_65,3,med_Q_6,-1.988921064
age_65,3,mig_Q_7,-0.000272541
age_65,3,med_Q_7,-3.772308496
age_65,3,mig_Q_8,8.51763e-05
age_65,3,med_Q_8,-4.576767033
age_65,3,mig_Q_9,0.000691976
age_65,3,med_Q_9,-3.152484402
age_65,3,mig_Q_10,0.001451078
age_65,3,med_Q_10,-2.110921417
age_65,3,mig_Q_11,0.002216384
age_65,3,med_Q_11,-1.392713222
age_65,3,mig_Q_12,0.002031008
age_65,3,med_Q_12,-0.735520726
age_65,3,mig_Q_13,0.001615401
age_65,3,med_Q_13,-0.426588835
age_65,3,mig_Q_14,0.000611996
age_65,3,med_Q_14,-0.209758674
age_65,3,mig_Q_15,0.000145094
age_65,3,med_Q_15,-0.096368864
age_65,3,mig_Q_16,1.72942e-05
age_65,3,med_Q_16,-0.03339005
age_65,3,mig_Q_17,7.40171e-07
age_65,3,med_Q_17,-0.003393804
age_65,3,h_NQ_1,100
age_65,3,mig_NQ_2,-0.414648896
age_65,3,med_NQ_2,-87.1532601
age_65,3,mig_NQ_3,0.005099698
age_65,3,med_NQ_3,-5.264410804
age_65,3,mig_NQ_4,0.005109504
age_65,3,med_NQ_4,-2.230344766
age_65,3,mig_NQ_5,0.005288843
age_65,3,med_NQ_5,-1.15878528
age_65,3,mig_NQ_6,0.005269342
age_65,3,med_NQ_6,-0.822496245
age_65,3,mig_NQ_7,0.005475879
age_65,3,med_NQ_7,-1.156472865
age_65,3,mig_NQ_8,0.006525129
age_65,3,med_NQ_8,-1.641074846
age_65,3,mig_NQ_9,0.008225451
age_65,3,med_NQ_9,-1.295315326
age_65,3,mig_NQ_10,0.009438072
age_65,3,med_NQ_10,-1.023418237
age_65,3,mig_NQ_11,0.009809487
age_65,3,med_NQ_11,-0.767618322
age_65,3,mig_NQ_12,0.008149915
age_65,3,med_NQ_12,-0.52069518
age_65,3,mig_NQ_13,0.005526808
age_65,3,med_NQ_13,-0.3013467
age_65,3,mig_NQ_14,0.001973822
age_65,3,med_NQ_14,-0.146980748
age_65,3,mig_NQ_15,0.000430216
age_65,3,med_NQ_15,-0.06571727
age_65,3,mig_NQ_16,4.92261e-05
age_65,3,med_NQ_16,-0.01980883
age_65,3,mig_NQ_17,2.23036e-06
age_65,3,med_NQ_17,0.002386064
age_65,4,beta_Q_2,0.915780800174138
age_65,4,beta_Q_3,0.926950699992236
age_65,4,beta_Q_4,0.946298101104891
age_65,4,beta_Q_5,0.954726500006618
age_65,4,beta_Q_6,0.952895600038412
age_65,4,beta_Q_7,0.940326500011025
age_65,4,beta_Q_8,0.911711903309846
age_65,4,beta_Q_9,0.863582103908553
age_65,4,beta_Q_10,0.782460213878918
age_65,4,beta_Q_11,0.661729525310679
age_65,4,beta_Q_12,0.513075047975742
age_65,4,beta_Q_13,0.34311506784986
age_65,4,beta_Q_14,0.199175459830733
age_65,4,beta_Q_15,0.105912526264473
age_65,4,beta_Q_16,0.0500897023507679
age_65,4,beta_Q_17,0.0257230038342171
age_65,4,h_Q_2,11.873777
age_65,4,h_Q_3,13.689385109
age_65,4,h_Q_4,18.621315069936
age_65,4,h_Q_5,22.0879764132591
age_65,4,h_Q_6,21.2294392893366
age_65,4,h_Q_7,16.7578573434463
age_65,4,h_Q_8,11.3265547675934
age_65,4,h_Q_9,7.33041632029728
age_65,4,h_Q_10,4.5968599731869
age_65,4,h_Q_11,2.95621404026621
age_65,4,h_Q_12,2.05370437323647
age_65,4,h_Q_13,1.5223360154064
age_65,4,h_Q_14,1.24871273758967
age_65,4,h_Q_15,1.11845876491779
age_65,4,h_Q_16,1.05273097847102
age_65,4,h_Q_17,1.02640214614517
age_65,4,P_Q_1,0.2400099309
age_65,4,P_Q_2,0.0554021626639412
age_65,4,P_Q_3,0.055098505891539
age_65,4,P_Q_4,0.054131809069202
age_65,4,P_Q_5,0.0517083339178659
age_65,4,P_Q_6,0.0477608470239351
age_65,4,P_Q_7,0.0440058162399413
age_65,4,P_Q_8,0.0383320361641815
age_65,4,P_Q_9,0.0332963169770201
age_65,4,P_Q_10,0.0266317512232805
age_65,4,P_Q_11,0.0197418465012088
age_65,4,P_Q_12,0.0120694326506273
age_65,4,P_Q_13,0.00566622449268478
age_65,4,P_Q_14,0.00175881790214782
age_65,4,P_Q_15,0.000324755838033015
age_65,4,P_Q_16,3.36133653542481e-05
age_65,4,P_Q_17,1.70191293850399e-06
age_65,4,L_Q,0.790939006489038
age_65,4,beta_NQ_2,0.799613500674926
age_65,4,beta_NQ_3,0.821086499924607
age_65,4,beta_NQ_4,0.875935005405642
age_65,4,beta_NQ_5,0.900361491462903
age_65,4,beta_NQ_6,0.900028300059175
age_65,4,beta_NQ_7,0.883267142757604
age_65,4,beta_NQ_8,0.846057803078419
age_65,4,beta_NQ_9,0.789139704543031
age_65,4,beta_NQ_10,0.701501812798948
age_65,4,beta_NQ_11,0.585631017831217
age_65,4,beta_NQ_12,0.434138626882012
age_65,4,beta_NQ_13,0.277026944002796
age_65,4,beta_NQ_14,0.155300276397469
age_65,4,beta_NQ_15,0.0806001114636423
age_65,4,beta_NQ_16,0.0376488988536307
age_65,4,beta_NQ_17,0.0191859183317102
age_65,4,h_NQ_2,4.99035614
age_65,4,h_NQ_3,5.589293146
age_65,4,h_NQ_4,8.06029097678399
age_65,4,h_NQ_5,10.0362710858577
age_65,4,h_NQ_6,10.0028308018246
age_65,4,h_NQ_7,8.56656521243064
age_65,4,h_NQ_8,6.49594458327527
age_65,4,h_NQ_9,4.742476413982
age_65,4,h_NQ_10,3.35010394968178
age_65,4,h_NQ_11,2.41330794243245
age_65,4,h_NQ_12,1.76721719825888
age_65,4,h_NQ_13,1.3831771347388
age_65,4,h_NQ_14,1.18385253262744
age_65,4,h_NQ_15,1.08766598574571
age_65,4,h_NQ_16,1.03912178980382
age_65,4,h_NQ_17,1.01955142437541
age_65,4,P_NQ_1,0.5600231721
age_65,4,P_NQ_2,0.129271716049243
age_65,4,P_NQ_3,0.128563183951006
age_65,4,P_NQ_4,0.126307551306071
age_65,4,P_NQ_5,0.120652779720837
age_65,4,P_NQ_6,0.111441979386464
age_65,4,P_NQ_7,0.102680238668745
age_65,4,P_NQ_8,0.089441420751515
age_65,4,P_NQ_9,0.0776914080283628
age_65,4,P_NQ_10,0.0621408002917497
age_65,4,P_NQ_11,0.0460642887240372
age_65,4,P_NQ_12,0.0281619995521673
age_65,4,P_NQ_13,0.0132211826090758
age_65,4,P_NQ_14,0.00410391040726062
age_65,4,P_NQ_15,0.000757765230868603
age_65,4,P_NQ_16,7.84310465538814e-05
age_65,4,P_NQ_17,3.9709196111885e-06
age_65,4,L_NQ,1.39429095937158
age_65,4,pi_Q,0.3
age_65,4,pi_NQ,0.7
age_65,4,y,0.253802551599715
age_65,4,nbar,3.74355116981985
age_65,4,Ptot,2.28657970147747
age_65,4,Pret,0.131987941152569
age_65,4,H,92.8622486128153
age_65,4,cCheck,-4.44089209850063e-16
age_65,4,shareq,0.3
age_65,4,A,0.100738932
age_65,4,A_Q,2
age_65,4,xpop,0.800033103
age_65,4,h_Q_1,100
age_65,4,mig_Q_2,-0.18592762
age_65,4,med_Q_2,-86.126223
age_65,4,mig_Q_3,-0.001375179
age_65,4,med_Q_3,-11.386803
age_65,4,mig_Q_4,-0.000693281
age_65,4,med_Q_4,-8.272577542
age_65,4,mig_Q_5,-0.000931951
age_65,4,med_Q_5,-5.192292161
age_65,4,mig_Q_6,0.000924829
age_65,4,med_Q_6,-4.851662293
age_65,4,mig_Q_7,0.000147452
age_65,4,med_Q_7,-5.670800076
age_65,4,mig_Q_8,5.62683e-05
age_65,4,med_Q_8,-5.598770008
age_65,4,mig_Q_9,0.001968751
age_65,4,med_Q_9,-3.926265903
age_65,4,mig_Q_10,0.001375679
age_65,4,med_Q_10,-2.681187427
age_65,4,mig_Q_11,0.002343852
age_65,4,med_Q_11,-1.621693543
age_65,4,mig_Q_12,0.002072404
age_65,4,med_Q_12,-0.891845341
age_65,4,mig_Q_13,0.001550275
age_65,4,med_Q_13,-0.526410347
age_65,4,mig_Q_14,0.000559875
age_65,4,med_Q_14,-0.281902062
age_65,4,mig_Q_15,0.000125785
age_65,4,med_Q_15,-0.131585562
age_65,4,mig_Q_16,1.56393e-05
age_65,4,med_Q_16,-0.057774391
age_65,4,mig_Q_17,7.2547e-07
age_65,4,med_Q_17,-0.01289837
age_65,4,h_NQ_1,100
age_65,4,mig_NQ_2,-0.402706837
age_65,4,med_NQ_2,-93.00964386
age_65,4,mig_NQ_3,0.003942123
age_65,4,med_NQ_3,-5.040511956
age_65,4,mig_NQ_4,0.004370837
age_65,4,med_NQ_4,-2.98456353
age_65,4,mig_NQ_5,0.003509014
age_65,4,med_NQ_5,-2.054404045
age_65,4,mig_NQ_6,0.007799497
age_65,4,med_NQ_6,-1.932494351
age_65,4,mig_NQ_7,0.006422785
age_65,4,med_NQ_7,-1.964116684
age_65,4,mig_NQ_8,0.006495656
age_65,4,med_NQ_8,-2.110988215
age_65,4,mig_NQ_9,0.010813959
age_65,4,med_NQ_9,-1.699941515
age_65,4,mig_NQ_10,0.009216146
age_65,4,med_NQ_10,-1.354922118
age_65,4,mig_NQ_11,0.010071508
age_65,4,med_NQ_11,-0.91806056
age_65,4,mig_NQ_12,0.008371549
age_65,4,med_NQ_12,-0.632623723
age_65,4,mig_NQ_13,0.005417241
age_65,4,med_NQ_13,-0.374931512
age_65,4,mig_NQ_14,0.001901815
age_65,4,med_NQ_14,-0.20094222
age_65,4,mig_NQ_15,0.000399883
age_65,4,med_NQ_15,-0.093124337
age_65,4,mig_NQ_16,4.64646e-05
age_65,4,med_NQ_16,-0.038500318
age_65,4,mig_NQ_17,2.24727e-06
age_65,4,med_NQ_17,-0.005006494
age_65,5,beta_Q_2,0.97831590005436
age_65,5,beta_Q_3,0.976824400001711
age_65,5,beta_Q_4,0.972756101044606
age_65,5,beta_Q_5,0.968474199995295
age_65,5,beta_Q_6,0.961299800006389
age_65,5,beta_Q_7,0.947256704690488
age_65,5,beta_Q_8,0.918899700325678
age_65,5,beta_Q_9,0.87503910061217
age_65,5,beta_Q_10,0.80298450290316
age_65,5,beta_Q_11,0.688932000729511
age_65,5,beta_Q_12,0.545905601157889
age_65,5,beta_Q_13,0.382226001756237
age_65,5,beta_Q_14,0.233474069512069
age_65,5,beta_Q_15,0.122301810119353
age_65,5,beta_Q_16,0.0608830171079231
age_65,5,beta_Q_17,0.0308175007459649
age_65,5,h_Q_2,46.11673992
age_65,5,h_Q_3,43.14882894
age_65,5,h_Q_4,36.70546433682
age_65,5,h_Q_5,31.7200515085373
age_65,5,h_Q_6,25.8396597469939
age_65,5,h_Q_7,18.9597541315499
age_65,5,h_Q_8,12.3304106175774
age_65,5,h_Q_9,8.00250318224148
age_65,5,h_Q_10,5.07574277589133
age_65,5,h_Q_11,3.21473118072316
age_65,5,h_Q_12,2.20218527646088
age_65,5,h_Q_13,1.61871493877174
age_65,5,h_Q_14,1.30458208009827
age_65,5,h_Q_15,1.13934367183788
age_65,5,h_Q_16,1.06483004861944
age_65,5,h_Q_17,1.0317974169016
age_65,5,P_Q_1,0.2322511179
age_65,5,P_Q_2,0.0547375935693415
age_65,5,P_Q_3,0.052932439462424
age_65,5,P_Q_4,0.05294098949888
age_65,5,P_Q_5,0.0523430946116657
age_65,5,P_Q_6,0.0508873098756513
age_65,5,P_Q_7,0.0446876891195788
age_65,5,P_Q_8,0.0408866024808203
age_65,5,P_Q_9,0.0351519314377626
age_65,5,P_Q_10,0.0273420413032194
age_65,5,P_Q_11,0.0205344860951735
age_65,5,P_Q_12,0.0126792128407374
age_65,5,P_Q_13,0.00598691720282931
age_65,5,P_Q_14,0.00185312986883465
age_65,5,P_Q_15,0.000347917847255657
age_65,5,P_Q_16,3.53494232637479e-05
age_65,5,P_Q_17,1.53344172588826e-06
age_65,5,L_Q,0.7893233339353
age_65,5,beta_NQ_2,0.949461622802603
age_65,5,beta_NQ_3,0.945148500061631
age_65,5,beta_NQ_4,0.939751299968669
age_65,5,beta_NQ_5,0.931510500004377
age_65,5,beta_NQ_6,0.91745130001448
age_65,5,beta_NQ_7,0.895631604059103
age_65,5,beta_NQ_8,0.857395600286007
age_65,5,beta_NQ_9,0.804925800395733
age_65,5,beta_NQ_10,0.726425001123515
age_65,5,beta_NQ_11,0.61504049989533
age_65,5,beta_NQ_12,0.466364099355962
age_65,5,beta_NQ_13,0.31223812072514
age_65,5,beta_NQ_14,0.183897629855855
age_65,5,beta_NQ_15,0.0940209412956333
age_65,5,beta_NQ_16,0.0461569048697826
age_65,5,beta_NQ_17,0.0231602981609627
age_65,5,h_NQ_2,19.78693429
age_65,5,h_NQ_3,18.2310419972
age_65,5,h_NQ_4,16.59786849308
age_65,5,h_NQ_5,14.6007782222483
age_65,5,h_NQ_6,12.1140611561405
age_65,5,h_NQ_7,9.58144419278814
age_65,5,h_NQ_8,7.01240635218202
age_65,5,h_NQ_9,5.12625452360976
age_65,5,h_NQ_10,3.65530475870236
age_65,5,h_NQ_11,2.59767585568814
age_65,5,h_NQ_12,1.8739368895838
age_65,5,h_NQ_13,1.4539816232937
age_65,5,h_NQ_14,1.22533462604402
age_65,5,h_NQ_15,1.10377821897489
age_65,5,h_NQ_16,1.0483904520308
age_65,5,h_NQ_17,1.02370941500774
age_65,5,P_NQ_1,0.5419192751
age_65,5,P_NQ_2,0.127721053101957
age_65,5,P_NQ_3,0.123509026870121
age_65,5,P_NQ_4,0.123528981229091
age_65,5,P_NQ_5,0.122133897276961
age_65,5,P_NQ_6,0.118737056229559
age_65,5,P_NQ_7,0.104271281715934
age_65,5,P_NQ_8,0.0954020711476459
age_65,5,P_NQ_9,0.0820211753457595
age_65,5,P_NQ_10,0.0637980985707992
age_65,5,P_NQ_11,0.0479138291237038
age_65,5,P_NQ_12,0.0295848150549501
age_65,5,P_NQ_13,0.013969466672945
age_65,5,P_NQ_14,0.00432396731349088
age_65,5,P_NQ_15,0.000811810636262007
age_65,5,P_NQ_16,8.24819265317701e-05
age_65,5,P_NQ_17,3.57876165385333e-06
age_65,5,L_NQ,1.39125422083651
age_65,5,pi_Q,0.3
age_65,5,pi_NQ,0.7
age_65,5,y,0.202940828139579
age_65,5,nbar,3.67152841329405
age_65,5,Ptot,2.28533122205653
age_65,5,Pret,0.138128496209358
age_65,5,H,101.287884787312
age_65,5,cCheck,-4.44089209850063e-16
age_65,5,shareq,0.3
age_65,5,A,0.081653838
age_65,5,A_Q,2
age_65,5,xpop,0.774170393
age_65,5,h_Q_1,100
age_65,5,mig_Q_2,-0.165058893
age_65,5,med_Q_2,-51.88326008
age_65,5,mig_Q_3,0.001577366
age_65,5,med_Q_3,31.51252748
age_65,5,mig_Q_4,0.000801378
age_65,5,med_Q_4,23.28986693
age_65,5,mig_Q_5,0.000662022
age_65,5,med_Q_5,13.47116274
age_65,5,mig_Q_6,0.001614666
age_65,5,med_Q_6,4.193442862
age_65,5,mig_Q_7,-0.000223101
age_65,5,med_Q_7,-1.845096372
age_65,5,mig_Q_8,0.000765976
age_65,5,med_Q_8,-4.092289579
age_65,5,mig_Q_9,0.002049071
age_65,5,med_Q_9,-3.09752049
age_65,5,mig_Q_10,0.001288998
age_65,5,med_Q_10,-2.108065218
age_65,5,mig_Q_11,0.00291147
age_65,5,med_Q_11,-1.290191593
age_65,5,mig_Q_12,0.002550164
age_65,5,med_Q_12,-0.694904483
age_65,5,mig_Q_13,0.001845713
age_65,5,med_Q_13,-0.393915347
age_65,5,mig_Q_14,0.000724557
age_65,5,med_Q_14,-0.187307215
age_65,5,mig_Q_15,0.000161637
age_65,5,med_Q_15,-0.084394811
age_65,5,mig_Q_16,1.90825e-05
age_65,5,med_Q_16,-0.031259541
age_65,5,mig_Q_17,6.68805e-07
age_65,5,med_Q_17,0.000121058
age_65,5,h_NQ_1,100
age_65,5,mig_NQ_2,-0.320081036
age_65,5,med_NQ_2,-78.21306571
age_65,5,mig_NQ_3,0.017365766
age_65,5,med_NQ_3,13.34049298
age_65,5,mig_NQ_4,0.010915988
age_65,5,med_NQ_4,11.12036121
age_65,5,mig_NQ_5,0.008411442
age_65,5,med_NQ_5,6.701693065
age_65,5,mig_NQ_6,0.01014614
age_65,5,med_NQ_6,2.278515492
age_65,5,mig_NQ_7,0.005838243
age_65,5,med_NQ_7,-0.221329993
age_65,5,mig_NQ_8,0.008528654
age_65,5,med_NQ_8,-1.382827556
age_65,5,mig_NQ_9,0.011439399
age_65,5,med_NQ_9,-1.239771168
age_65,5,mig_NQ_10,0.009297435
age_65,5,med_NQ_10,-0.992322127
age_65,5,mig_NQ_11,0.011522249
age_65,5,med_NQ_11,-0.685426015
age_65,5,mig_NQ_12,0.009586528
age_65,5,med_NQ_12,-0.491104894
age_65,5,mig_NQ_13,0.006167834
age_65,5,med_NQ_13,-0.277891231
age_65,5,mig_NQ_14,0.002270714
age_65,5,med_NQ_14,-0.130178966
age_65,5,mig_NQ_15,0.000481035
age_65,5,med_NQ_15,-0.056397263
age_65,5,mig_NQ_16,5.39529e-05
age_65,5,med_NQ_16,-0.017522214
age_65,5,mig_NQ_17,2.07399e-06
age_65,5,med_NQ_17,0.005370061
age_65,6,beta_Q_2,0.980093000081986
age_65,6,beta_Q_3,0.978183700006992
age_65,6,beta_Q_4,0.973443299999527
age_65,6,beta_Q_5,0.968100100598134
age_65,6,beta_Q_6,0.960728801748327
age_65,6,beta_Q_7,0.947101200015067
age_65,6,beta_Q_8,0.918668900015711
age_65,6,beta_Q_9,0.873653601874638
age_65,6,beta_Q_10,0.800306106442391
age_65,6,beta_Q_11,0.685122807218345
age_65,6,beta_Q_12,0.533326745557311
age_65,6,beta_Q_13,0.364243208418866
age_65,6,beta_Q_14,0.210392979249286
age_65,6,beta_Q_15,0.10710457224437
age_65,6,beta_Q_16,0.0513792132987517
age_65,6,beta_Q_17,0.0258055017436974
age_65,6,h_Q_2,50.23358618
age_65,6,h_Q_3,45.8372868036
age_65,6,h_Q_4,37.6552809642
age_65,6,h_Q_5,31.3480606470836
age_65,6,h_Q_6,25.4639532233665
age_65,6,h_Q_7,18.9040205110541
age_65,6,h_Q_8,12.2954195889189
age_65,6,h_Q_9,7.91474866222584
age_65,6,h_Q_10,5.00766422959665
age_65,6,h_Q_11,3.1758412533735
age_65,6,h_Q_12,2.1428257621087
age_65,6,h_Q_13,1.57292752993167
age_65,6,h_Q_14,1.2664518469963
age_65,6,h_Q_15,1.1199518834963
age_65,6,h_Q_16,1.05416200440112
age_65,6,h_Q_17,1.02648906464705
age_65,6,P_Q_1,0.2354582187
age_65,6,P_Q_2,0.0635929234469698
age_65,6,P_Q_3,0.0556168589959095
age_65,6,P_Q_4,0.0529758844302472
age_65,6,P_Q_5,0.0517508194518871
age_65,6,P_Q_6,0.0502920915819097
age_65,6,P_Q_7,0.0478914644633732
age_65,6,P_Q_8,0.041124593240228
age_65,6,P_Q_9,0.0364065528619043
age_65,6,P_Q_10,0.0293843861916378
age_65,6,P_Q_11,0.0208241592190559
age_65,6,P_Q_12,0.013313518976254
age_65,6,P_Q_13,0.00629877882953141
age_65,6,P_Q_14,0.00203395992317637
age_65,6,P_Q_15,0.000382637137344718
age_65,6,P_Q_16,4.0045288246618e-05
age_65,6,P_Q_17,1.73611087779998e-06
age_65,6,L_Q,0.813657644357961
age_65,6,beta_NQ_2,0.953018000050538
age_65,6,beta_NQ_3,0.947439199997024
age_65,6,beta_NQ_4,0.940336200557962
age_65,6,beta_NQ_5,0.929724029308708
age_65,6,beta_NQ_6,0.91563551810666
age_65,6,beta_NQ_7,0.895088600099634
age_65,6,beta_NQ_8,0.856512600216809
age_65,6,beta_NQ_9,0.802585803990379
age_65,6,beta_NQ_10,0.722879507523622
age_65,6,beta_NQ_11,0.610812705042895
age_65,6,beta_NQ_12,0.454135636348191
age_65,6,beta_NQ_13,0.296270685092385
age_65,6,beta_NQ_14,0.16523660568129
age_65,6,beta_NQ_15,0.0820849260258682
age_65,6,beta_NQ_16,0.0388798004271116
age_65,6,beta_NQ_17,0.0193578988289396
age_65,6,h_NQ_2,21.28474735
age_65,6,h_NQ_3,19.0255856062
age_65,6,h_NQ_4,16.760581795256
age_65,6,h_NQ_5,14.2296089622184
age_65,6,h_NQ_6,11.8533269328033
age_65,6,h_NQ_7,9.53185259401771
age_65,6,h_NQ_8,6.96925304993238
age_65,6,h_NQ_9,5.06549174513838
age_65,6,h_NQ_10,3.60853852513757
age_65,6,h_NQ_11,2.56945691452831
age_65,6,h_NQ_12,1.83195646157438
age_65,6,h_NQ_13,1.42100053779213
age_65,6,h_NQ_14,1.19794394082783
age_65,6,h_NQ_15,1.08942537252314
age_65,6,h_NQ_16,1.04045258559539
age_65,6,h_NQ_17,1.01974002399018
age_65,6,P_NQ_1,0.5494025103
age_65,6,P_NQ_2,0.148383499364456
age_65,6,P_NQ_3,0.129772670765607
age_65,6,P_NQ_4,0.123610397559061
age_65,6,P_NQ_5,0.120751917069742
age_65,6,P_NQ_6,0.117348222832583
age_65,6,P_NQ_7,0.111746750132136
age_65,6,P_NQ_8,0.0959573911794244
age_65,6,P_NQ_9,0.0849486214779296
age_65,6,P_NQ_10,0.0685635673926954
age_65,6,P_NQ_11,0.0485897034373559
age_65,6,P_NQ_12,0.0310648887659716
age_65,6,P_NQ_13,0.0146972830547585
age_65,6,P_NQ_14,0.00474587881150494
age_65,6,P_NQ_15,0.000892819476945964
age_65,6,P_NQ_16,9.34391663102231e-05
age_65,6,P_NQ_17,4.05092601136641e-06
age_65,6,L_NQ,1.43445345474378
age_65,6,pi_Q,0.3
age_65,6,pi_NQ,0.7
age_65,6,y,0.324949514312947
age_65,6,nbar,3.85143392026173
age_65,6,Ptot,2.35796224056105
age_65,6,Pret,0.142982899123345
age_65,6,H,104.193859384109
age_65,6,cCheck,4.44089209850063e-16
age_65,6,shareq,0.3
age_65,6,A,0.126438745
age_65,6,A_Q,2
age_65,6,xpop,0.784860729
age_65,6,h_Q_1,100
age_65,6,mig_Q_2,-0.163622038
age_65,6,med_Q_2,-47.76641382
age_65,6,mig_Q_3,0.002147842
age_65,6,med_Q_3,0.642881682
age_65,6,mig_Q_4,0.001485531
age_65,6,med_Q_4,-4.630571397
age_65,6,mig_Q_5,0.000478837
age_65,6,med_Q_5,-4.623294403
age_65,6,mig_Q_6,-2.53148e-05
age_65,6,med_Q_6,-5.621697255
age_65,6,mig_Q_7,-0.000311881
age_65,6,med_Q_7,-6.418846041
age_65,6,mig_Q_8,6.10891e-05
age_65,6,med_Q_8,-6.28513946
age_65,6,mig_Q_9,0.000629177
age_65,6,med_Q_9,-4.169053743
age_65,6,mig_Q_10,0.00115793
age_65,6,med_Q_10,-2.834788889
age_65,6,mig_Q_11,0.001987352
age_65,6,med_Q_11,-1.798386667
age_65,6,mig_Q_12,0.002103628
age_65,6,med_Q_12,-1.007610795
age_65,6,mig_Q_13,0.001452454
age_65,6,med_Q_13,-0.585214041
age_65,6,mig_Q_14,0.00063617
age_65,6,med_Q_14,-0.319888793
age_65,6,mig_Q_15,0.000155996
age_65,6,med_Q_15,-0.158538555
age_65,6,mig_Q_16,1.8863e-05
age_65,6,med_Q_16,-0.062394794
age_65,6,mig_Q_17,6.4673e-07
age_65,6,med_Q_17,-0.017044383
age_65,6,h_NQ_1,100
age_65,6,mig_NQ_2,-0.366148055
age_65,6,med_NQ_2,-76.71525265
age_65,6,mig_NQ_3,0.009057309
age_65,6,med_NQ_3,-0.365609998
age_65,6,mig_NQ_4,0.007542629
age_65,6,med_NQ_4,-1.105839362
age_65,6,mig_NQ_5,0.005683374
age_65,6,med_NQ_5,-2.036302161
age_65,6,mig_NQ_6,0.00529632
age_65,6,med_NQ_6,-2.455435725
age_65,6,mig_NQ_7,0.00540209
age_65,6,med_NQ_7,-2.339927339
age_65,6,mig_NQ_8,0.006555653
age_65,6,med_NQ_8,-2.420562259
age_65,6,mig_NQ_9,0.008157033
age_65,6,med_NQ_9,-1.80666648
age_65,6,mig_NQ_10,0.008981335
age_65,6,med_NQ_10,-1.415190908
age_65,6,mig_NQ_11,0.009351289
age_65,6,med_NQ_11,-1.012741749
age_65,6,mig_NQ_12,0.008719599
age_65,6,med_NQ_12,-0.713765877
age_65,6,mig_NQ_13,0.005459776
age_65,6,med_NQ_13,-0.415457614
age_65,6,mig_NQ_14,0.002176927
age_65,6,med_NQ_14,-0.22695805
age_65,6,mig_NQ_15,0.000486276
age_65,6,med_NQ_15,-0.111402561
age_65,6,mig_NQ_16,5.59685e-05
age_65,6,med_NQ_16,-0.041250069
age_65,6,mig_NQ_17,2.14062e-06
age_65,6,med_NQ_17,-0.007682619
age_65,7,beta_Q_2,0.982471202013489
age_65,7,beta_Q_3,0.98019100022191
age_65,7,beta_Q_4,0.975467800055399
age_65,7,beta_Q_5,0.969921200004865
age_65,7,beta_Q_6,0.962053899993213
age_65,7,beta_Q_7,0.948704999989433
age_65,7,beta_Q_8,0.921555200026118
age_65,7,beta_Q_9,0.879524100023635
age_65,7,beta_Q_10,0.809581700101734
age_65,7,beta_Q_11,0.701822499941256
age_65,7,beta_Q_12,0.564004501242922
age_65,7,beta_Q_13,0.398768598629999
age_65,7,beta_Q_14,0.24479335183729
age_65,7,beta_Q_15,0.13129522576739
age_65,7,beta_Q_16,0.063957127400127
age_65,7,beta_Q_17,0.0320524055387999
age_65,7,h_Q_2,57.04897084
age_65,7,h_Q_3,50.4821040984
age_65,7,h_Q_4,40.762752631528
age_65,7,h_Q_5,33.246007153916
age_65,7,h_Q_6,26.3531693591419
age_65,7,h_Q_7,19.4950774888992
age_65,7,h_Q_8,12.747817577833
age_65,7,h_Q_9,8.30041527114052
age_65,7,h_Q_10,5.25159609398132
age_65,7,h_Q_11,3.35370710300472
age_65,7,h_Q_12,2.29360165930603
age_65,7,h_Q_13,1.66325311286653
age_65,7,h_Q_14,1.32413518733303
age_65,7,h_Q_15,1.15113837105638
age_65,7,h_Q_16,1.06832709982638
age_65,7,h_Q_17,1.0331137801131
age_65,7,P_Q_1,0.2358901014
age_65,7,P_Q_2,0.0657660659596434
age_65,7,P_Q_3,0.0631562221516183
age_65,7,P_Q_4,0.0546893617565865
age_65,7,P_Q_5,0.0511453440461974
age_65,7,P_Q_6,0.0493387557615056
age_65,7,P_Q_7,0.0472443532884943
age_65,7,P_Q_8,0.0440902573787086
age_65,7,P_Q_9,0.0366807650099546
age_65,7,P_Q_10,0.0306768565698997
age_65,7,P_Q_11,0.0224795411560028
age_65,7,P_Q_12,0.0135552590652664
age_65,7,P_Q_13,0.00670016886725621
age_65,7,P_Q_14,0.00213355284357744
age_65,7,P_Q_15,0.000419747407533996
age_65,7,P_Q_16,5.2825195095658e-05
age_65,7,P_Q_17,1.19309975567497e-06
age_65,7,L_Q,0.830728365023576
age_65,7,beta_NQ_2,0.957769101087303
age_65,7,beta_NQ_3,0.951067400044386
age_65,7,beta_NQ_4,0.944235100027504
age_65,7,beta_NQ_5,0.933317200014092
age_65,7,beta_NQ_6,0.917863944448588
age_65,7,beta_NQ_7,0.897531433097593
age_65,7,beta_NQ_8,0.860720316055193
age_65,7,beta_NQ_9,0.810532600003745
age_65,7,beta_NQ_10,0.734017600170867
age_65,7,beta_NQ_11,0.628927800124643
age_65,7,beta_NQ_12,0.484616699454873
age_65,7,beta_NQ_13,0.327474613926273
age_65,7,beta_NQ_14,0.193547122720499
age_65,7,beta_NQ_15,0.101101276818328
age_65,7,beta_NQ_16,0.0484809100193364
age_65,7,beta_NQ_17,0.0240461982203856
age_65,7,h_NQ_2,23.6793438
age_65,7,h_NQ_3,20.436273568
age_65,7,h_NQ_4,17.932427027076
age_65,7,h_NQ_5,14.9963708803509
age_65,7,h_NQ_6,12.174914554974
age_65,7,h_NQ_7,9.75908717414728
age_65,7,h_NQ_8,7.17979204713736
age_65,7,h_NQ_9,5.27795282993373
age_65,7,h_NQ_10,3.75964725723561
age_65,7,h_NQ_11,2.69489333963482
age_65,7,h_NQ_12,1.94030345723774
age_65,7,h_NQ_13,1.48692582934289
age_65,7,h_NQ_14,1.23999617303628
age_65,7,h_NQ_15,1.11247215501127
age_65,7,h_NQ_16,1.05095105307268
age_65,7,h_NQ_17,1.02463866388348
age_65,7,P_NQ_1,0.5504102366
age_65,7,P_NQ_2,0.153454152588851
age_65,7,P_NQ_3,0.147364529930619
age_65,7,P_NQ_4,0.12760851116399
age_65,7,P_NQ_5,0.119339141883062
age_65,7,P_NQ_6,0.115123769148526
age_65,7,P_NQ_7,0.110236832499397
age_65,7,P_NQ_8,0.102877266521454
age_65,7,P_NQ_9,0.0855884569485576
age_65,7,P_NQ_10,0.0715793326587763
age_65,7,P_NQ_11,0.0524522630665231
age_65,7,P_NQ_12,0.0316289318904935
age_65,7,P_NQ_13,0.0156337248770131
age_65,7,P_NQ_14,0.00497830716470543
age_65,7,P_NQ_15,0.000979408111170118
age_65,7,P_NQ_16,0.000123259043081097
age_65,7,P_NQ_17,2.78390092809376e-06
age_65,7,L_NQ,1.46494554302427
age_65,7,pi_Q,0.3
age_65,7,pi_NQ,0.7
age_65,7,y,0.381582530928086
age_65,7,nbar,3.95506565894138
age_65,7,Ptot,2.41340127895424
age_65,7,Pret,0.151140965688403
age_65,7,H,107.40890907659
age_65,7,cCheck,-4.44089209850063e-16
age_65,7,shareq,0.3
age_65,7,A,0.145740715
age_65,7,A_Q,2
age_65,7,xpop,0.786300338
age_65,7,h_Q_1,100
age_65,7,mig_Q_2,-0.165004886
age_65,7,med_Q_2,-40.95102916
age_65,7,mig_Q_3,0.000950661
age_65,7,med_Q_3,1.253189642
age_65,7,mig_Q_4,0.000549503
age_65,7,med_Q_4,-4.157788436
age_65,7,mig_Q_5,-0.000140615
age_65,7,med_Q_5,-3.656168191
age_65,7,mig_Q_6,-0.000379747
age_65,7,med_Q_6,-4.367930075
age_65,7,mig_Q_7,-0.000387347
age_65,7,med_Q_7,-5.45959667
age_65,7,mig_Q_8,9.38584e-05
age_65,7,med_Q_8,-5.778122523
age_65,7,mig_Q_9,0.000752116
age_65,7,med_Q_9,-3.749095926
age_65,7,mig_Q_10,0.00154047
age_65,7,med_Q_10,-2.504857595
age_65,7,mig_Q_11,0.002347628
age_65,7,med_Q_11,-1.553803842
age_65,7,mig_Q_12,0.002449178
age_65,7,med_Q_12,-0.818722769
age_65,7,mig_Q_13,0.00185081
age_65,7,med_Q_13,-0.436716134
age_65,7,mig_Q_14,0.000808334
age_65,7,med_Q_14,-0.217333792
age_65,7,mig_Q_15,0.000201901
age_65,7,med_Q_15,-0.089984439
age_65,7,mig_Q_16,3.31656e-05
age_65,7,med_Q_16,-0.029225746
age_65,7,mig_Q_17,1.59711e-07
age_65,7,med_Q_17,3.50158e-05
age_65,7,h_NQ_1,100
age_65,7,mig_NQ_2,-0.370136329
age_65,7,med_NQ_2,-74.3206562
age_65,7,mig_NQ_3,0.006780186
age_65,7,med_NQ_3,-0.422778835
age_65,7,mig_NQ_4,0.005578571
age_65,7,med_NQ_4,-0.712646867
age_65,7,mig_NQ_5,0.004415585
age_65,7,med_NQ_5,-1.428999279
age_65,7,mig_NQ_6,0.004559025
age_65,7,med_NQ_6,-1.770102228
age_65,7,mig_NQ_7,0.005199776
age_65,7,med_NQ_7,-1.85717322
age_65,7,mig_NQ_8,0.007164767
age_65,7,med_NQ_8,-2.161423495
age_65,7,mig_NQ_9,0.008574417
age_65,7,med_NQ_9,-1.551915159
age_65,7,mig_NQ_10,0.010171715
age_65,7,med_NQ_10,-1.204534653
age_65,7,mig_NQ_11,0.010572765
age_65,7,med_NQ_11,-0.841474415
age_65,7,mig_NQ_12,0.009562616
age_65,7,med_NQ_12,-0.577764319
age_65,7,mig_NQ_13,0.006430109
age_65,7,med_NQ_13,-0.308391503
age_65,7,mig_NQ_14,0.002549778
age_65,7,med_NQ_14,-0.152584354
age_65,7,mig_NQ_15,0.000589843
age_65,7,med_NQ_15,-0.061512907
age_65,7,mig_NQ_16,8.85464e-05
age_65,7,med_NQ_16,-0.016685812
age_65,7,mig_NQ_17,9.75115e-07
age_65,7,med_NQ_17,0.00499513
age_65,8,beta_Q_2,0.984076900170265
age_65,8,beta_Q_3,0.981349700005238
age_65,8,beta_Q_4,0.976195800002336
age_65,8,beta_Q_5,0.970504804524301
age_65,8,beta_Q_6,0.962159300001863
age_65,8,beta_Q_7,0.948815299989353
age_65,8,beta_Q_8,0.921650599973983
age_65,8,beta_Q_9,0.880413700421122
age_65,8,beta_Q_10,0.811607402573308
age_65,8,beta_Q_11,0.705571507928962
age_65,8,beta_Q_12,0.56743200160931
age_65,8,beta_Q_13,0.406678020558233
age_65,8,beta_Q_14,0.250219899970082
age_65,8,beta_Q_15,0.131435124972837
age_65,8,beta_Q_16,0.0647460680280114
age_65,8,beta_Q_17,0.0321388047175256
age_65,8,h_Q_2,62.80184135
age_65,8,h_Q_3,53.6184404572
age_65,8,h_Q_4,42.009393304432
age_65,8,h_Q_5,33.9038216428974
age_65,8,h_Q_6,26.4265724468377
age_65,8,h_Q_7,19.5370882269591
age_65,8,h_Q_8,12.7633396001212
age_65,8,h_Q_9,8.36216189027632
age_65,8,h_Q_10,5.30806411871771
age_65,8,h_Q_11,3.3964103361017
age_65,8,h_Q_12,2.31177525794463
age_65,8,h_Q_13,1.68542545711991
age_65,8,h_Q_14,1.33372437760919
age_65,8,h_Q_15,1.15132444658637
age_65,8,h_Q_16,1.06922757063525
age_65,8,h_Q_17,1.03320599782985
age_65,8,P_Q_1,0.2371570851
age_65,8,P_Q_2,0.0619843694655418
age_65,8,P_Q_3,0.0635017429736429
age_65,8,P_Q_4,0.0605532080820492
age_65,8,P_Q_5,0.0517454613824486
age_65,8,P_Q_6,0.0480742257061389
age_65,8,P_Q_7,0.0458182892841978
age_65,8,P_Q_8,0.043174637444883
age_65,8,P_Q_9,0.0390164759408191
age_65,8,P_Q_10,0.0307427090977912
age_65,8,P_Q_11,0.0235298201682263
age_65,8,P_Q_12,0.0148994633978611
age_65,8,P_Q_13,0.00705889466152286
age_65,8,P_Q_14,0.00246174979489151
age_65,8,P_Q_15,0.000482071302284158
age_65,8,P_Q_16,5.83014384195248e-05
age_65,8,P_Q_17,1.05926057587226e-06
age_65,8,L_Q,0.834567462847462
age_65,8,beta_NQ_2,0.960777500039771
age_65,8,beta_NQ_3,0.95269410000342
age_65,8,beta_NQ_4,0.944511400034005
age_65,8,beta_NQ_5,0.933747900113122
age_65,8,beta_NQ_6,0.917632100015902
age_65,8,beta_NQ_7,0.89721959992845
age_65,8,beta_NQ_8,0.86024950002811
age_65,8,beta_NQ_9,0.81121900012386
age_65,8,beta_NQ_10,0.736195901222575
age_65,8,beta_NQ_11,0.632981405821706
age_65,8,beta_NQ_12,0.488113801320407
age_65,8,beta_NQ_13,0.334880909025814
age_65,8,beta_NQ_14,0.19806959828046
age_65,8,beta_NQ_15,0.101101897984911
age_65,8,beta_NQ_16,0.0489212004345328
age_65,8,beta_NQ_17,0.0239971028930627
age_65,8,h_NQ_2,25.49557014
age_65,8,h_NQ_3,21.13901226
age_65,8,h_NQ_4,18.02171977664
age_65,8,h_NQ_5,15.0938611745345
age_65,8,h_NQ_6,12.1406518817439
age_65,8,h_NQ_7,9.72948148887455
age_65,8,h_NQ_8,7.15560946166433
age_65,8,h_NQ_9,5.29714325319461
age_65,8,h_NQ_10,3.79069165333506
age_65,8,h_NQ_11,2.7246575540909
age_65,8,h_NQ_12,1.95355920984212
age_65,8,h_NQ_13,1.50349012409299
age_65,8,h_NQ_14,1.24699100675603
age_65,8,h_NQ_15,1.11247314657556
age_65,8,h_NQ_16,1.05143736391104
age_65,8,h_NQ_17,1.02458712001123
age_65,8,P_NQ_1,0.5533665319
age_65,8,P_NQ_2,0.144630194537632
age_65,8,P_NQ_3,0.148170732928693
age_65,8,P_NQ_4,0.141290830659544
age_65,8,P_NQ_5,0.120739411337542
age_65,8,P_NQ_6,0.112173204495897
age_65,8,P_NQ_7,0.106909353507473
age_65,8,P_NQ_8,0.100740841309804
age_65,8,P_NQ_9,0.0910384433149123
age_65,8,P_NQ_10,0.0717329927717079
age_65,8,P_NQ_11,0.0549029142234742
age_65,8,P_NQ_12,0.0347654146062372
age_65,8,P_NQ_13,0.0164708492597397
age_65,8,P_NQ_14,0.00574405146734978
age_65,8,P_NQ_15,0.00112483221074555
age_65,8,P_NQ_16,0.000136036096509847
age_65,8,P_NQ_17,2.47160038238312e-06
age_65,8,L_NQ,1.47182021260923
age_65,8,pi_Q,0.3
age_65,8,pi_NQ,0.7
age_65,8,y,0.348128590244534
age_65,8,nbar,3.99770454645571
age_65,8,Ptot,2.43419867072894
age_65,8,Pret,0.16163792948822
age_65,8,H,108.919614708841
age_65,8,cCheck,0
age_65,8,shareq,0.3
age_65,8,A,0.131969085
age_65,8,A_Q,2
age_65,8,xpop,0.790523617
age_65,8,h_Q_1,100
age_65,8,mig_Q_2,-0.169770862
age_65,8,med_Q_2,-35.19815865
age_65,8,mig_Q_3,-0.000961563
age_65,8,med_Q_3,-2.289550966
age_65,8,mig_Q_4,-0.001053653
age_65,8,med_Q_4,-7.463068712
age_65,8,mig_Q_5,-0.00129891
age_65,8,med_Q_5,-6.043675936
age_65,8,mig_Q_6,-0.001130352
age_65,8,med_Q_6,-6.154514564
age_65,8,mig_Q_7,-0.000989635
age_65,8,med_Q_7,-6.289017745
age_65,8,mig_Q_8,-0.000363642
age_65,8,med_Q_8,-6.341836339
age_65,8,mig_Q_9,0.000238032
age_65,8,med_Q_9,-4.130699336
age_65,8,mig_Q_10,0.001046633
age_65,8,med_Q_10,-2.826342847
age_65,8,mig_Q_11,0.002000112
age_65,8,med_Q_11,-1.750153836
age_65,8,mig_Q_12,0.002220901
age_65,8,med_Q_12,-0.974857703
age_65,8,mig_Q_13,0.001653483
age_65,8,med_Q_13,-0.562304169
age_65,8,mig_Q_14,0.000821593
age_65,8,med_Q_14,-0.296263673
age_65,8,mig_Q_15,0.000201946
age_65,8,med_Q_15,-0.146328037
age_65,8,mig_Q_16,3.14556e-05
age_65,8,med_Q_16,-0.058888033
age_65,8,mig_Q_17,-6.33914e-07
age_65,8,med_Q_17,-0.01375456
age_65,8,h_NQ_1,100
age_65,8,mig_NQ_2,-0.382535723
age_65,8,med_NQ_2,-72.50442986
age_65,8,mig_NQ_3,0.002225491
age_65,8,med_NQ_3,-2.066744664
age_65,8,mig_NQ_4,0.002144069
age_65,8,med_NQ_4,-2.00582832
age_65,8,mig_NQ_5,0.001640193
age_65,8,med_NQ_5,-2.479917312
age_65,8,mig_NQ_6,0.002636109
age_65,8,med_NQ_6,-2.555791581
age_65,8,mig_NQ_7,0.003582152
age_65,8,med_NQ_7,-2.201934775
age_65,8,mig_NQ_8,0.00585776
age_65,8,med_NQ_8,-2.408295969
age_65,8,mig_NQ_9,0.007653065
age_65,8,med_NQ_9,-1.739052953
age_65,8,mig_NQ_10,0.008909559
age_65,8,med_NQ_10,-1.38170212
age_65,8,mig_NQ_11,0.009884682
age_65,8,med_NQ_11,-0.959796758
age_65,8,mig_NQ_12,0.009346172
age_65,8,med_NQ_12,-0.687436263
age_65,8,mig_NQ_13,0.006113177
age_65,8,med_NQ_13,-0.398007264
age_65,8,mig_NQ_14,0.002718189
age_65,8,med_NQ_14,-0.210196306
age_65,8,mig_NQ_15,0.000621519
age_65,8,med_NQ_15,-0.102723103
age_65,8,mig_NQ_16,8.85535e-05
age_65,8,med_NQ_16,-0.038785348
age_65,8,mig_NQ_17,-4.92311e-07
age_65,8,med_NQ_17,-0.005344912
age_65,9,beta_Q_2,0.96266830069613
age_65,9,beta_Q_3,0.969614707442619
age_65,9,beta_Q_4,0.968790300004278
age_65,9,beta_Q_5,0.964848000001087
age_65,9,beta_Q_6,0.959020300055827
age_65,9,beta_Q_7,0.946032000001399
age_65,9,beta_Q_8,0.917943999970297
age_65,9,beta_Q_9,0.873158899942629
age_65,9,beta_Q_10,0.799224600206456
age_65,9,beta_Q_11,0.684108700263053
age_65,9,beta_Q_12,0.524296802675033
age_65,9,beta_Q_13,0.349467602064531
age_65,9,beta_Q_14,0.192348504105645
age_65,9,beta_Q_15,0.0924704818850259
age_65,9,beta_Q_16,0.0424817826895312
age_65,9,beta_Q_17,0.0212006195287917
age_65,9,h_Q_2,26.78688621
age_65,9,h_Q_3,32.910650873
age_65,9,h_Q_4,32.041320488056
age_65,9,h_Q_5,28.4478834783434
age_65,9,h_Q_6,24.4023260340395
age_65,9,h_Q_7,18.5294989619009
age_65,9,h_Q_8,12.1867992544199
age_65,9,h_Q_9,7.88387990511878
age_65,9,h_Q_10,4.98068986947079
age_65,9,h_Q_11,3.16564590534336
age_65,9,h_Q_12,2.10215109137966
age_65,9,h_Q_13,1.53720245078573
age_65,9,h_Q_14,1.23815779997752
age_65,9,h_Q_15,1.10188878805701
age_65,9,h_Q_16,1.04436624765465
age_65,9,h_Q_17,1.02165980522254
age_65,9,P_Q_1,0.2266226103
age_65,9,P_Q_2,0.0414496791586237
age_65,9,P_Q_3,0.0516282473800233
age_65,9,P_Q_4,0.0542348667836981
age_65,9,P_Q_5,0.0536468613729884
age_65,9,P_Q_6,0.0465962209020102
age_65,9,P_Q_7,0.0430398818851261
age_65,9,P_Q_8,0.0405670228085624
age_65,9,P_Q_9,0.0371925523171898
age_65,9,P_Q_10,0.0321428766958922
age_65,9,P_Q_11,0.02301255361595
age_65,9,P_Q_12,0.0151273569555638
age_65,9,P_Q_13,0.007414317282022
age_65,9,P_Q_14,0.00240623391610559
age_65,9,P_Q_15,0.000495740391943421
age_65,9,P_Q_16,5.76669213320421e-05
age_65,9,P_Q_17,8.54411595105203e-12
age_65,9,L_Q,0.768697959168104
age_65,9,beta_NQ_2,0.905323203444421
age_65,9,beta_NQ_3,0.921064334809679
age_65,9,beta_NQ_4,0.926780500018136
age_65,9,beta_NQ_5,0.920391449983453
age_65,9,beta_NQ_6,0.910466100140916
age_65,9,beta_NQ_7,0.891719300024289
age_65,9,beta_NQ_8,0.853882599839066
age_65,9,beta_NQ_9,0.800513300016735
age_65,9,beta_NQ_10,0.720826100181882
age_65,9,beta_NQ_11,0.609624400096542
age_65,9,beta_NQ_12,0.445819901310995
age_65,9,beta_NQ_13,0.283781100700842
age_65,9,beta_NQ_14,0.150601997808238
age_65,9,beta_NQ_15,0.0702885184474611
age_65,9,beta_NQ_16,0.0318585909122844
age_65,9,beta_NQ_17,0.0157289018500441
age_65,9,h_NQ_2,10.56224967
age_65,9,h_NQ_3,12.6685390672
age_65,9,h_NQ_4,13.6575639018
age_65,9,h_NQ_5,12.5614569281072
age_65,9,h_NQ_6,11.1689538810438
age_65,9,h_NQ_7,9.23525614610899
age_65,9,h_NQ_8,6.84381188609706
age_65,9,h_NQ_9,5.01286551943104
age_65,9,h_NQ_10,3.58199674313072
age_65,9,h_NQ_11,2.56163551226836
age_65,9,h_NQ_12,1.80446753900908
age_65,9,h_NQ_13,1.39622118364528
age_65,9,h_NQ_14,1.17730439361113
age_65,9,h_NQ_15,1.07560120862091
age_65,9,h_NQ_16,1.03290686064405
age_65,9,h_NQ_17,1.01598024863282
age_65,9,P_NQ_1,0.5287860907
age_65,9,P_NQ_2,0.0967159191245605
age_65,9,P_NQ_3,0.120465910018348
age_65,9,P_NQ_4,0.126548024402544
age_65,9,P_NQ_5,0.125176018433588
age_65,9,P_NQ_6,0.108724515580353
age_65,9,P_NQ_7,0.100426401660501
age_65,9,P_NQ_8,0.0946563969031318
age_65,9,P_NQ_9,0.0867826385589756
age_65,9,P_NQ_10,0.0750000478221221
age_65,9,P_NQ_11,0.0536959626084339
age_65,9,P_NQ_12,0.0352971661651882
age_65,9,P_NQ_13,0.017300073645996
age_65,9,P_NQ_14,0.00561456349621466
age_65,9,P_NQ_15,0.00115672150547207
age_65,9,P_NQ_16,0.000134555342037102
age_65,9,P_NQ_17,2.20511739353022e-12
age_65,9,L_NQ,1.35494107087656
age_65,9,pi_Q,0.3
age_65,9,pi_NQ,0.7
age_65,9,y,0.376046557298448
age_65,9,nbar,3.69153861606437
age_65,9,Ptot,2.25211569466525
age_65,9,Pret,0.161712911857008
age_65,9,H,93.8381431812291
age_65,9,cCheck,-4.44089209850063e-16
age_65,9,shareq,0.3
age_65,9,A,0.150728864
age_65,9,A_Q,2
age_65,9,xpop,0.755408701
age_65,9,h_Q_1,100
age_65,9,mig_Q_2,-0.19193113
age_65,9,med_Q_2,-71.21311379
age_65,9,mig_Q_3,-0.009200095
age_65,9,med_Q_3,-28.63515365
age_65,9,mig_Q_4,-0.007755268
age_65,9,med_Q_4,-20.50475116
age_65,9,mig_Q_5,-0.005120318
age_65,9,med_Q_5,-12.72132196
age_65,9,mig_Q_6,-0.003191156
age_65,9,med_Q_6,-8.823419176
age_65,9,mig_Q_7,-0.002573679
age_65,9,med_Q_7,-7.368542036
age_65,9,mig_Q_8,-0.001661431
age_65,9,med_Q_8,-6.959547208
age_65,9,mig_Q_9,-0.00081899
age_65,9,med_Q_9,-4.624192903
age_65,9,mig_Q_10,0.000476816
age_65,9,med_Q_10,-3.214228783
age_65,9,mig_Q_11,0.001321374
age_65,9,med_Q_11,-2.036256931
age_65,9,mig_Q_12,0.001775784
age_65,9,med_Q_12,-1.226331038
age_65,9,mig_Q_13,0.001355033
age_65,9,med_Q_13,-0.728337302
age_65,9,mig_Q_14,0.000639958
age_65,9,med_Q_14,-0.413559148
age_65,9,mig_Q_15,0.00017218
age_65,9,med_Q_15,-0.205161102
age_65,9,mig_Q_16,2.64547e-05
age_65,9,med_Q_16,-0.08393171
age_65,9,mig_Q_17,-1.87373e-06
age_65,9,med_Q_17,-0.026183214
age_65,9,h_NQ_1,100
age_65,9,mig_NQ_2,-0.434946194
age_65,9,med_NQ_2,-87.43775033
age_65,9,mig_NQ_3,-0.017322423
age_65,9,med_NQ_3,-12.31711967
age_65,9,mig_NQ_4,-0.013400922
age_65,9,med_NQ_4,-7.058668113
age_65,9,mig_NQ_5,-0.006753998
age_65,9,med_NQ_5,-5.099828453
age_65,9,mig_NQ_6,-0.002069844
age_65,9,med_NQ_6,-3.62303007
age_65,9,mig_NQ_7,-0.000217596
age_65,9,med_NQ_7,-2.662582698
age_65,9,mig_NQ_8,0.002687679
age_65,9,med_NQ_8,-2.691079973
age_65,9,mig_NQ_9,0.005059754
age_65,9,med_NQ_9,-1.999631753
age_65,9,mig_NQ_10,0.007977919
age_65,9,med_NQ_10,-1.609203645
age_65,9,mig_NQ_11,0.008290312
age_65,9,med_NQ_11,-1.153242308
age_65,9,mig_NQ_12,0.008498296
age_65,9,med_NQ_12,-0.865696864
age_65,9,mig_NQ_13,0.0056578
age_65,9,med_NQ_13,-0.518266842
age_65,9,mig_NQ_14,0.002352189
age_65,9,med_NQ_14,-0.296115928
age_65,9,mig_NQ_15,0.000575987
age_65,9,med_NQ_15,-0.146449978
age_65,9,mig_NQ_16,7.95272e-05
age_65,9,med_NQ_16,-0.057316823
age_65,9,mig_NQ_17,-3.26447e-06
age_65,9,med_NQ_17,-0.014428368
age_65,10,beta_Q_2,0.986426700069285
age_65,10,beta_Q_3,0.987473200142563
age_65,10,beta_Q_4,0.984694600000777
age_65,10,beta_Q_5,0.980313000051596
age_65,10,beta_Q_6,0.97328560153488
age_65,10,beta_Q_7,0.962059500005814
age_65,10,beta_Q_8,0.939212103062337
age_65,10,beta_Q_9,0.902843200521366
age_65,10,beta_Q_10,0.840300099934678
age_65,10,beta_Q_11,0.742515600294894
age_65,10,beta_Q_12,0.605056707370968
age_65,10,beta_Q_13,0.440940987893285
age_65,10,beta_Q_14,0.277381426484267
age_65,10,beta_Q_15,0.155285704313517
age_65,10,beta_Q_16,0.0771783404487145
age_65,10,beta_Q_17,0.0382366976780276
age_65,10,h_Q_2,73.67405126
age_65,10,h_Q_3,79.8288469458
age_65,10,h_Q_4,65.33641721554
age_65,10,h_Q_5,50.7949408282949
age_65,10,h_Q_6,37.4329949397765
age_65,10,h_Q_7,26.3570590833587
age_65,10,h_Q_8,16.4506423146629
age_65,10,h_Q_9,10.2926403463315
age_65,10,h_Q_10,6.26174468001641
age_65,10,h_Q_11,3.88373043608137
age_65,10,h_Q_12,2.53200133323649
age_65,10,h_Q_13,1.78871901655207
age_65,10,h_Q_14,1.38385588177002
age_65,10,h_Q_15,1.18383221897797
age_65,10,h_Q_16,1.08363083129587
age_65,10,h_Q_17,1.03975676670155
age_65,10,P_Q_1,0.228139101
age_65,10,P_Q_2,0.0460741171568224
age_65,10,P_Q_3,0.0462082265309793
age_65,10,P_Q_4,0.0573718052679878
age_65,10,P_Q_5,0.0582240677465765
age_65,10,P_Q_6,0.0546503800909767
age_65,10,P_Q_7,0.0460425580524357
age_65,10,P_Q_8,0.0416365793358818
age_65,10,P_Q_9,0.0380139590094719
age_65,10,P_Q_10,0.0329401667563637
age_65,10,P_Q_11,0.0259605915991423
age_65,10,P_Q_12,0.0158181112822303
age_65,10,P_Q_13,0.00797567816083508
age_65,10,P_Q_14,0.00270104683816156
age_65,10,P_Q_15,0.000519900609750377
age_65,10,P_Q_16,6.34524356009634e-05
age_65,10,P_Q_17,1.06309045855739e-06
age_65,10,L_Q,0.797516777461277
age_65,10,beta_NQ_2,0.965960400004401
age_65,10,beta_NQ_3,0.968815599997748
age_65,10,beta_NQ_4,0.964758999992157
age_65,10,beta_NQ_5,0.955200000144948
age_65,10,beta_NQ_6,0.94075630351581
age_65,10,beta_NQ_7,0.922422428101573
age_65,10,beta_NQ_8,0.889363701409856
age_65,10,beta_NQ_9,0.84350539996961
age_65,10,beta_NQ_10,0.772416900029399
age_65,10,beta_NQ_11,0.674246481443401
age_65,10,beta_NQ_12,0.526415033258905
age_65,10,beta_NQ_13,0.366288453122011
age_65,10,beta_NQ_14,0.221180203623582
age_65,10,beta_NQ_15,0.120159597731927
age_65,10,beta_NQ_16,0.0586116104771719
age_65,10,beta_NQ_17,0.0286947287857468
age_65,10,h_NQ_2,29.3775485
age_65,10,h_NQ_3,32.0673157066
age_65,10,h_NQ_4,28.376039265856
age_65,10,h_NQ_5,22.321428572764
age_65,10,h_NQ_6,16.8794319055451
age_65,10,h_NQ_7,12.8903188534229
age_65,10,h_NQ_8,9.03862475718681
age_65,10,h_NQ_9,6.38999683537512
age_65,10,h_NQ_10,4.39399937904242
age_65,10,h_NQ_11,3.0697983132681
age_65,10,h_NQ_12,2.11155202702299
age_65,10,h_NQ_13,1.5780048862289
age_65,10,h_NQ_14,1.28399406397237
age_65,10,h_NQ_15,1.13656976573891
age_65,10,h_NQ_16,1.06226012444849
age_65,10,h_NQ_17,1.02954240843116
age_65,10,P_NQ_1,0.532324569
age_65,10,P_NQ_2,0.107506275569376
age_65,10,P_NQ_3,0.10781919871397
age_65,10,P_NQ_4,0.133867544321945
age_65,10,P_NQ_5,0.135856164672399
age_65,10,P_NQ_6,0.127517561334397
age_65,10,P_NQ_7,0.107432634928792
age_65,10,P_NQ_8,0.0971520259423504
age_65,10,P_NQ_9,0.0886992446526199
age_65,10,P_NQ_10,0.0768603999159602
age_65,10,P_NQ_11,0.0605747141607732
age_65,10,P_NQ_12,0.0369089277508909
age_65,10,P_NQ_13,0.0186099156659776
age_65,10,P_NQ_14,0.00630244265331665
age_65,10,P_NQ_15,0.00121309134987813
age_65,10,P_NQ_16,0.000148055517242276
age_65,10,P_NQ_17,2.48052576830068e-06
age_65,10,L_NQ,1.40517102171877
age_65,10,pi_Q,0.3
age_65,10,pi_NQ,0.7
age_65,10,y,0.177231994845125
age_65,10,nbar,3.71673235759639
age_65,10,Ptot,2.34113605163933
age_65,10,Pret,0.176799471640026
age_65,10,H,113.144064355111
age_65,10,cCheck,0
age_65,10,shareq,0.3
age_65,10,A,0.070701597
age_65,10,A_Q,2
age_65,10,xpop,0.76046367
age_65,10,h_Q_1,100
age_65,10,mig_Q_2,-0.172088286
age_65,10,med_Q_2,-24.32594874
age_65,10,mig_Q_3,0.006018008
age_65,10,med_Q_3,53.57769846
age_65,10,mig_Q_4,0.00735486
age_65,10,med_Q_4,33.08397936
age_65,10,mig_Q_5,0.005895665
age_65,10,med_Q_5,19.39444675
age_65,10,mig_Q_6,0.003201951
age_65,10,med_Q_6,9.554069131
age_65,10,mig_Q_7,0.001961042
age_65,10,med_Q_7,2.44277957
age_65,10,mig_Q_8,0.002128378
age_65,10,med_Q_8,-1.708266668
age_65,10,mig_Q_9,0.002592502
age_65,10,med_Q_9,-1.650422923
age_65,10,mig_Q_10,0.003214964
age_65,10,med_Q_10,-1.464457627
age_65,10,mig_Q_11,0.00397137
age_65,10,med_Q_11,-0.997345636
age_65,10,mig_Q_12,0.003752703
age_65,10,med_Q_12,-0.570331654
age_65,10,mig_Q_13,0.002689157
age_65,10,med_Q_13,-0.271389053
age_65,10,mig_Q_14,0.001274914
age_65,10,med_Q_14,-0.12260252
age_65,10,mig_Q_15,0.000297395
age_65,10,med_Q_15,-0.029562425
age_65,10,mig_Q_16,4.23925e-05
age_65,10,med_Q_16,0.003779819
age_65,10,mig_Q_17,-1.59484e-07
age_65,10,med_Q_17,0.016277844
age_65,10,h_NQ_1,100
age_65,10,mig_NQ_2,-0.371216042
age_65,10,med_NQ_2,-68.6224515
age_65,10,mig_NQ_3,0.018737615
age_65,10,med_NQ_3,21.71631103
age_65,10,mig_NQ_4,0.022222088
age_65,10,med_NQ_4,15.96087098
age_65,10,mig_NQ_5,0.019382445
age_65,10,med_NQ_5,8.937015949
age_65,10,mig_NQ_6,0.01354904
age_65,10,med_NQ_6,4.569204116
age_65,10,mig_NQ_7,0.010480886
age_65,10,med_NQ_7,1.94474405
age_65,10,mig_NQ_8,0.011399669
age_65,10,med_NQ_8,-0.011926266
age_65,10,mig_NQ_9,0.01292554
age_65,10,med_NQ_9,-0.316938813
age_65,10,mig_NQ_10,0.014305209
age_65,10,med_NQ_10,-0.51860883
age_65,10,mig_NQ_11,0.014852855
age_65,10,med_NQ_11,-0.440558495
age_65,10,mig_NQ_12,0.012970199
age_65,10,med_NQ_12,-0.398850775
age_65,10,mig_NQ_13,0.008593247
age_65,10,med_NQ_13,-0.190373302
age_65,10,mig_NQ_14,0.003697017
age_65,10,med_NQ_14,-0.084302696
age_65,10,mig_NQ_15,0.000818452
age_65,10,med_NQ_15,-0.01718854
age_65,10,mig_NQ_16,0.000111204
age_65,10,med_NQ_16,0.00817094
age_65,10,mig_NQ_17,3.64118e-07
age_65,10,med_NQ_17,0.017293685
age_65,11,beta_Q_2,0.993591100002428
age_65,11,beta_Q_3,0.991658700496937
age_65,11,beta_Q_4,0.988412000144944
age_65,11,beta_Q_5,0.983095300000944
age_65,11,beta_Q_6,0.975058800018706
age_65,11,beta_Q_7,0.962736404057653
age_65,11,beta_Q_8,0.941151100012965
age_65,11,beta_Q_9,0.907147799994951
age_65,11,beta_Q_10,0.848107599906427
age_65,11,beta_Q_11,0.750221225887767
age_65,11,beta_Q_12,0.616204873850281
age_65,11,beta_Q_13,0.447024208628429
age_65,11,beta_Q_14,0.279029953486581
age_65,11,beta_Q_15,0.149287502194982
age_65,11,beta_Q_16,0.0709255058263431
age_65,11,beta_Q_17,0.0340335968057298
age_65,11,h_Q_2,156.03301659
age_65,11,h_Q_3,119.8853895648
age_65,11,h_Q_4,86.296168443884
age_65,11,h_Q_5,59.1551462052292
age_65,11,h_Q_6,40.094301801729
age_65,11,h_Q_7,26.835839800981
age_65,11,h_Q_8,16.9926710646915
age_65,11,h_Q_9,10.7698040533697
age_65,11,h_Q_10,6.58360786540487
age_65,11,h_Q_11,4.00353912341608
age_65,11,h_Q_12,2.60555494335975
age_65,11,h_Q_13,1.80839740357176
age_65,11,h_Q_14,1.38701295622103
age_65,11,h_Q_15,1.17548525513462
age_65,11,h_Q_16,1.07633995359841
age_65,11,h_Q_17,1.03523269166995
age_65,11,P_Q_1,0.2458306653
age_65,11,P_Q_2,0.0619474285562033
age_65,11,P_Q_3,0.0470410209125907
age_65,11,P_Q_4,0.047841618140668
age_65,11,P_Q_5,0.0581952385406371
age_65,11,P_Q_6,0.0579836048005343
age_65,11,P_Q_7,0.0531009223454527
age_65,11,P_Q_8,0.0440684367787978
age_65,11,P_Q_9,0.0387561435463693
age_65,11,P_Q_10,0.033816558554572
age_65,11,P_Q_11,0.0269581076929153
age_65,11,P_Q_12,0.0185859610743795
age_65,11,P_Q_13,0.00903058161539256
age_65,11,P_Q_14,0.00325755898543185
age_65,11,P_Q_15,0.000714998960647717
age_65,11,P_Q_16,9.42372662588088e-05
age_65,11,P_Q_17,1.15970085571844e-11
age_65,11,L_Q,0.844442282998852
age_65,11,beta_NQ_2,0.983665399999646
age_65,11,beta_NQ_3,0.978835400001824
age_65,11,beta_NQ_4,0.972980100144218
age_65,11,beta_NQ_5,0.961216512998593
age_65,11,beta_NQ_6,0.944081100012597
age_65,11,beta_NQ_7,0.923078700404588
age_65,11,beta_NQ_8,0.891839629677109
age_65,11,beta_NQ_9,0.849085600046479
age_65,11,beta_NQ_10,0.781791099620542
age_65,11,beta_NQ_11,0.682715361040902
age_65,11,beta_NQ_12,0.537869174743662
age_65,11,beta_NQ_13,0.372200304897387
age_65,11,beta_NQ_14,0.223064448964196
age_65,11,beta_NQ_15,0.115793400331142
age_65,11,beta_NQ_16,0.0540179978328478
age_65,11,beta_NQ_17,0.025615596515411
age_65,11,h_NQ_2,61.21974214
age_65,11,h_NQ_3,47.24870775
age_65,11,h_NQ_4,37.009759471468
age_65,11,h_NQ_5,25.7841607835389
age_65,11,h_NQ_6,17.8830413343087
age_65,11,h_NQ_7,13.0003003064342
age_65,11,h_NQ_8,9.24552793635446
age_65,11,h_NQ_9,6.62627290904307
age_65,11,h_NQ_10,4.58276448966762
age_65,11,h_NQ_11,3.15174253546158
age_65,11,h_NQ_12,2.16388859600274
age_65,11,h_NQ_13,1.59286473048253
age_65,11,h_NQ_14,1.28710051350432
age_65,11,h_NQ_15,1.13095740269293
age_65,11,h_NQ_16,1.05710256342413
age_65,11,h_NQ_17,1.02628900495952
age_65,11,P_NQ_1,0.5736048857
age_65,11,P_NQ_2,0.14454400060341
age_65,11,P_NQ_3,0.109762384869268
age_65,11,P_NQ_4,0.111630444331245
age_65,11,P_NQ_5,0.135788889355725
age_65,11,P_NQ_6,0.135295084287042
age_65,11,P_NQ_7,0.123902163551665
age_65,11,P_NQ_8,0.102826353852484
age_65,11,P_NQ_9,0.0904310065003603
age_65,11,P_NQ_10,0.0789053085895259
age_65,11,P_NQ_11,0.0629023192056688
age_65,11,P_NQ_12,0.0433671901695921
age_65,11,P_NQ_13,0.0210713480522659
age_65,11,P_NQ_14,0.00760097093641862
age_65,11,P_NQ_15,0.00166833197395107
age_65,11,P_NQ_16,0.000219884237672283
age_65,11,P_NQ_17,2.29125005838702e-11
age_65,11,L_NQ,1.48791309536517
age_65,11,pi_Q,0.3
age_65,11,pi_NQ,0.7
age_65,11,y,0.412425477046532
age_65,11,nbar,4.08555193824996
age_65,11,Ptot,2.49074364932166
age_65,11,Pret,0.195471490205104
age_65,11,H,137.568175587228
age_65,11,cCheck,0
age_65,11,shareq,0.3
age_65,11,A,0.153982005
age_65,11,A_Q,2
age_65,11,xpop,0.819435551
age_65,11,h_Q_1,100
age_65,11,mig_Q_2,-0.163095072
age_65,11,med_Q_2,58.03301659
age_65,11,mig_Q_3,0.001544065
age_65,11,med_Q_3,47.68481933
age_65,11,mig_Q_4,0.002340627
age_65,11,med_Q_4,8.063898437
age_65,11,mig_Q_5,0.001952912
age_65,11,med_Q_5,-4.874542666
age_65,11,mig_Q_6,0.001314958
age_65,11,med_Q_6,-9.68474021
age_65,11,mig_Q_7,0.000524005
age_65,11,med_Q_7,-9.84849524
age_65,11,mig_Q_8,0.000824709
age_65,11,med_Q_8,-8.837246837
age_65,11,mig_Q_9,0.001164841
age_65,11,med_Q_9,-5.351825415
age_65,11,mig_Q_10,0.001873425
age_65,11,med_Q_10,-3.503179674
age_65,11,mig_Q_11,0.00249952
age_65,11,med_Q_11,-2.132970663
age_65,11,mig_Q_12,0.002878331
age_65,11,med_Q_12,-1.200500884
age_65,11,mig_Q_13,0.002055728
age_65,11,med_Q_13,-0.672963903
age_65,11,mig_Q_14,0.001045254
age_65,11,med_Q_14,-0.36593168
age_65,11,mig_Q_15,0.000295565
age_65,11,med_Q_15,-0.180693509
age_65,11,mig_Q_16,5.41122e-05
age_65,11,med_Q_16,-0.083815621
age_65,11,mig_Q_17,-2.4262e-06
age_65,11,med_Q_17,-0.026725523
age_65,11,h_NQ_1,100
age_65,11,mig_NQ_2,-0.369660453
age_65,11,med_NQ_2,-36.78025786
age_65,11,mig_NQ_3,0.005608628
age_65,11,med_NQ_3,18.45871022
age_65,11,mig_NQ_4,0.007610902
age_65,11,med_NQ_4,5.583790079
age_65,11,mig_NQ_5,0.007918611
age_65,11,med_NQ_5,-2.024357697
age_65,11,mig_NQ_6,0.007487541
age_65,11,med_NQ_6,-3.991958667
age_65,11,mig_NQ_7,0.006277105
age_65,11,med_NQ_7,-3.541542961
age_65,11,mig_NQ_8,0.007279668
age_65,11,med_NQ_8,-3.38698454
age_65,11,mig_NQ_9,0.008482748
age_65,11,med_NQ_9,-2.231579353
age_65,11,mig_NQ_10,0.010392513
age_65,11,med_NQ_10,-1.679432409
age_65,11,mig_NQ_11,0.011079465
age_65,11,med_NQ_11,-1.154376856
age_65,11,mig_NQ_12,0.01147975
age_65,11,med_NQ_12,-0.844513751
age_65,11,mig_NQ_13,0.007552034
age_65,11,med_NQ_13,-0.476456256
age_65,11,mig_NQ_14,0.003484826
age_65,11,med_NQ_14,-0.259344275
age_65,11,mig_NQ_15,0.000911033
age_65,11,med_NQ_15,-0.12735678
age_65,11,mig_NQ_16,0.000148783
age_65,11,med_NQ_16,-0.056735807
age_65,11,mig_NQ_17,-4.24839e-06
age_65,11,med_NQ_17,-0.014725917
age_65,12,beta_Q_2,0.994794700000283
age_65,12,beta_Q_3,0.993151300000353
age_65,12,beta_Q_4,0.990040699999411
age_65,12,beta_Q_5,0.985406799999085
age_65,12,beta_Q_6,0.977888601593333
age_65,12,beta_Q_7,0.965888600186084
age_65,12,beta_Q_8,0.944514900010858
age_65,12,beta_Q_9,0.912696100054757
age_65,12,beta_Q_10,0.85859640011135
age_65,12,beta_Q_11,0.767505400001658
age_65,12,beta_Q_12,0.638155199373967
age_65,12,beta_Q_13,0.470897593289184
age_65,12,beta_Q_14,0.297350425750987
age_65,12,beta_Q_15,0.160490828553725
age_65,12,beta_Q_16,0.0768615017820746
age_65,12,beta_Q_17,0.0364280247042793
age_65,12,h_Q_2,192.11188596
age_65,12,h_Q_3,146.0131119812
age_65,12,h_Q_4,100.408663253504
age_65,12,h_Q_5,68.5250664650063
age_65,12,h_Q_6,45.2255397711246
age_65,12,h_Q_7,29.3157126396944
age_65,12,h_Q_8,18.0228565869614
age_65,12,h_Q_9,11.4542420253977
age_65,12,h_Q_10,7.07195573430226
age_65,12,h_Q_11,4.30117516309678
age_65,12,h_Q_12,2.76361577694776
age_65,12,h_Q_13,1.88998546249255
age_65,12,h_Q_14,1.42318386650033
age_65,12,h_Q_15,1.19117217809661
age_65,12,h_Q_16,1.08326107103193
age_65,12,h_Q_17,1.03779881652644
age_65,12,P_Q_1,0.264807645
age_65,12,P_Q_2,0.0617253131497558
age_65,12,P_Q_3,0.0621279115011714
age_65,12,P_Q_4,0.0470734635690739
age_65,12,P_Q_5,0.0475125439385306
age_65,12,P_Q_6,0.0571084784582359
age_65,12,P_Q_7,0.0559398941799664
age_65,12,P_Q_8,0.0503188094771259
age_65,12,P_Q_9,0.040765321473103
age_65,12,P_Q_10,0.0343554498847402
age_65,12,P_Q_11,0.0278630880141164
age_65,12,P_Q_12,0.0195343213501552
age_65,12,P_Q_13,0.0108637735408733
age_65,12,P_Q_14,0.00375782376809976
age_65,12,P_Q_15,0.000857172844187942
age_65,12,P_Q_16,0.000128705962949249
age_65,12,P_Q_17,5.31239265008406e-11
age_65,12,L_Q,0.882958398880419
age_65,12,beta_NQ_2,0.9858635999994
age_65,12,beta_NQ_3,0.9818701999993
age_65,12,beta_NQ_4,0.976348704006461
age_65,12,beta_NQ_5,0.966116906483536
age_65,12,beta_NQ_6,0.949930801722291
age_65,12,beta_NQ_7,0.928669100105706
age_65,12,beta_NQ_8,0.896660599994639
age_65,12,beta_NQ_9,0.856564299964593
age_65,12,beta_NQ_10,0.79491340015851
age_65,12,beta_NQ_11,0.702279799376932
age_65,12,beta_NQ_12,0.560721899993885
age_65,12,beta_NQ_13,0.394610637288873
age_65,12,beta_NQ_14,0.238564330831283
age_65,12,beta_NQ_15,0.124762311463605
age_65,12,beta_NQ_16,0.0583731004118958
age_65,12,beta_NQ_17,0.0272748173711475
age_65,12,h_NQ_2,70.73936787
age_65,12,h_NQ_3,55.1578064822
age_65,12,h_NQ_4,42.280973987
age_65,12,h_NQ_5,29.5132381610386
age_65,12,h_NQ_6,19.9723582498681
age_65,12,h_NQ_7,14.0191698136225
age_65,12,h_NQ_8,9.67685122930548
age_65,12,h_NQ_9,6.97176504662737
age_65,12,h_NQ_10,4.87598897486221
age_65,12,h_NQ_11,3.35885840987426
age_65,12,h_NQ_12,2.27646222275234
age_65,12,h_NQ_13,1.65182638508269
age_65,12,h_NQ_14,1.31330835787288
age_65,12,h_NQ_15,1.14254676423424
age_65,12,h_NQ_16,1.06199175063907
age_65,12,h_NQ_17,1.02803661115565
age_65,12,P_NQ_1,0.617884505
age_65,12,P_NQ_2,0.144025731333841
age_65,12,P_NQ_3,0.144965127648503
age_65,12,P_NQ_4,0.109838085222169
age_65,12,P_NQ_5,0.110862607444563
age_65,12,P_NQ_6,0.133253115032442
age_65,12,P_NQ_7,0.130526425574811
age_65,12,P_NQ_8,0.11741056965811
age_65,12,P_NQ_9,0.0951190853614283
age_65,12,P_NQ_10,0.080162720011709
age_65,12,P_NQ_11,0.0650138712417419
age_65,12,P_NQ_12,0.0455801145206155
age_65,12,P_NQ_13,0.0253487774036651
age_65,12,P_NQ_14,0.00876827064221149
age_65,12,P_NQ_15,0.00200007027054609
age_65,12,P_NQ_16,0.000300312952953359
age_65,12,P_NQ_17,3.59123119400391e-11
age_65,12,L_NQ,1.5566014066117
age_65,12,pi_Q,0.3
age_65,12,pi_NQ,0.7
age_65,12,y,0.565794729308232
age_65,12,nbar,4.44333861564376
age_65,12,Ptot,2.61579910552043
age_65,12,Pret,0.210016302601152
age_65,12,H,155.802378750873
age_65,12,cCheck,8.88178419700125e-16
age_65,12,shareq,0.3
age_65,12,A,0.199187605
age_65,12,A_Q,2
age_65,12,xpop,0.88269215
age_65,12,h_Q_1,100
age_65,12,mig_Q_2,-0.182529848
age_65,12,med_Q_2,94.11188596
age_65,12,mig_Q_3,0.000697205
age_65,12,med_Q_3,-6.899244277
age_65,12,mig_Q_4,0.000577554
age_65,12,med_Q_4,-17.07901852
age_65,12,mig_Q_5,0.000479674
age_65,12,med_Q_5,-16.04517861
age_65,12,mig_Q_6,0.000364699
age_65,12,med_Q_6,-12.74650351
age_65,12,mig_Q_7,0.000116967
age_65,12,med_Q_7,-9.976703126
age_65,12,mig_Q_8,0.000342818
age_65,12,med_Q_8,-8.276266418
age_65,12,mig_Q_9,0.000788736
age_65,12,med_Q_9,-5.198575618
age_65,12,mig_Q_10,0.00148607
age_65,12,med_Q_10,-3.482452238
age_65,12,mig_Q_11,0.002493188
age_65,12,med_Q_11,-2.150760545
age_65,12,mig_Q_12,0.002922604
age_65,12,med_Q_12,-1.159852564
age_65,12,mig_Q_13,0.002555399
age_65,12,med_Q_13,-0.663458382
age_65,12,mig_Q_14,0.001238021
age_65,12,med_Q_14,-0.349045589
age_65,12,mig_Q_15,0.00037086
age_65,12,med_Q_15,-0.168100519
age_65,12,mig_Q_16,7.79943e-05
age_65,12,med_Q_16,-0.068714479
age_65,12,mig_Q_17,-3.20718e-06
age_65,12,med_Q_17,-0.017014338
age_65,12,h_NQ_1,100
age_65,12,mig_NQ_2,-0.420209548
age_65,12,med_NQ_2,-27.26063213
age_65,12,mig_NQ_3,0.003480343
age_65,12,med_NQ_3,-4.837540815
age_65,12,mig_NQ_4,0.003041469
age_65,12,med_NQ_4,-4.022759608
age_65,12,mig_NQ_5,0.003561581
age_65,12,med_NQ_5,-6.756326121
age_65,12,mig_NQ_6,0.005057391
age_65,12,med_NQ_6,-5.296119318
age_65,12,mig_NQ_7,0.005638415
age_65,12,med_NQ_7,-3.506210694
age_65,12,mig_NQ_8,0.00690971
age_65,12,med_NQ_8,-3.063443071
age_65,12,mig_NQ_9,0.007810709
age_65,12,med_NQ_9,-2.088852331
age_65,12,mig_NQ_10,0.009464564
age_65,12,med_NQ_10,-1.617758476
age_65,12,mig_NQ_11,0.011144005
age_65,12,med_NQ_11,-1.13225079
age_65,12,mig_NQ_12,0.011746896
age_65,12,med_NQ_12,-0.812245462
age_65,12,mig_NQ_13,0.009207496
age_65,12,med_NQ_13,-0.468784439
age_65,12,mig_NQ_14,0.004068002
age_65,12,med_NQ_14,-0.247699078
age_65,12,mig_NQ_15,0.001119928
age_65,12,med_NQ_15,-0.118811739
age_65,12,mig_NQ_16,0.000210193
age_65,12,med_NQ_16,-0.046346504
age_65,12,mig_NQ_17,-5.63243e-06
age_65,12,med_NQ_17,-0.007923901
age_65,13,beta_Q_2,0.99543669999992
age_65,13,beta_Q_3,0.993858200189183
age_65,13,beta_Q_4,0.990898000056964
age_65,13,beta_Q_5,0.986666900084058
age_65,13,beta_Q_6,0.980067900403587
age_65,13,beta_Q_7,0.968515800076275
age_65,13,beta_Q_8,0.94732200001555
age_65,13,beta_Q_9,0.916073500002183
age_65,13,beta_Q_10,0.865978800079766
age_65,13,beta_Q_11,0.781981500048058
age_65,13,beta_Q_12,0.656456599521037
age_65,13,beta_Q_13,0.489528404327301
age_65,13,beta_Q_14,0.316434817275691
age_65,13,beta_Q_15,0.176402616092727
age_65,13,beta_Q_16,0.0835971053138845
age_65,13,beta_Q_17,0.0394349000538824
age_65,13,h_Q_2,219.1396577
age_65,13,h_Q_3,162.8187176408
age_65,13,h_Q_4,109.865963531576
age_65,13,h_Q_5,75.0013125184339
age_65,13,h_Q_6,50.1703282557062
age_65,13,h_Q_7,31.7619631457021
age_65,13,h_Q_8,18.9832567719005
age_65,13,h_Q_9,11.9151876942221
age_65,13,h_Q_10,7.46150609388974
age_65,13,h_Q_11,4.58676671861621
age_65,13,h_Q_12,2.91084037283484
age_65,13,h_Q_13,1.9589693814088
age_65,13,h_Q_14,1.4629173892427
age_65,13,h_Q_15,1.21418532917032
age_65,13,h_Q_16,1.09122308853468
age_65,13,h_Q_17,1.04105385461129
age_65,13,P_Q_1,0.2950376742
age_65,13,P_Q_2,0.0600938417655564
age_65,13,P_Q_3,0.0632528059976088
age_65,13,P_Q_4,0.0631999499921212
age_65,13,P_Q_5,0.0475806151004746
age_65,13,P_Q_6,0.0475054961501915
age_65,13,P_Q_7,0.0560209943167826
age_65,13,P_Q_8,0.053701097558009
age_65,13,P_Q_9,0.0471131771691711
age_65,13,P_Q_10,0.0367819982661882
age_65,13,P_Q_11,0.0289928733060244
age_65,13,P_Q_12,0.0209122024868229
age_65,13,P_Q_13,0.0120588959103256
age_65,13,P_Q_14,0.00491457868764097
age_65,13,P_Q_15,0.00107203225010121
age_65,13,P_Q_16,0.000154475992091097
age_65,13,P_Q_17,1.41993639979033e-05
age_65,13,L_Q,0.940035489413399
age_65,13,beta_NQ_2,0.987370000517705
age_65,13,beta_NQ_3,0.983264100037819
age_65,13,beta_NQ_4,0.97793440001489
age_65,13,beta_NQ_5,0.968845500110594
age_65,13,beta_NQ_6,0.954518500483554
age_65,13,beta_NQ_7,0.933515000027073
age_65,13,beta_NQ_8,0.900877300011999
age_65,13,beta_NQ_9,0.8608113206286
age_65,13,beta_NQ_10,0.804067599919317
age_65,13,beta_NQ_11,0.718815200189958
age_65,13,beta_NQ_12,0.580001798526363
age_65,13,beta_NQ_13,0.412395592996297
age_65,13,beta_NQ_14,0.255122082688129
age_65,13,beta_NQ_15,0.1373123384164
age_65,13,beta_NQ_16,0.0635136030540818
age_65,13,beta_NQ_17,0.0294936500570758
age_65,13,h_NQ_2,79.17656374
age_65,13,h_NQ_3,59.7517910566
age_65,13,h_NQ_4,45.319411208556
age_65,13,h_NQ_5,32.09809177126
age_65,13,h_NQ_6,21.9869617298179
age_65,13,h_NQ_7,15.0409866828707
age_65,13,h_NQ_8,10.0885064683501
age_65,13,h_NQ_9,7.18448610771937
age_65,13,h_NQ_10,5.10380110469482
age_65,13,h_NQ_11,3.55638000536496
age_65,13,h_NQ_12,2.38096257667678
age_65,13,h_NQ_13,1.7018237932973
age_65,13,h_NQ_14,1.34250154638103
age_65,13,h_NQ_15,1.15916802771542
age_65,13,h_NQ_16,1.06782116894955
age_65,13,h_NQ_17,1.03038459962629
age_65,13,P_NQ_1,0.6884212398
age_65,13,P_NQ_2,0.140218964483147
age_65,13,P_NQ_3,0.147589880629804
age_65,13,P_NQ_4,0.147466550505747
age_65,13,P_NQ_5,0.111021439108917
age_65,13,P_NQ_6,0.110846162570838
age_65,13,P_NQ_7,0.13071565442346
age_65,13,P_NQ_8,0.125302564071066
age_65,13,P_NQ_9,0.109930758407643
age_65,13,P_NQ_10,0.0858246655646206
age_65,13,P_NQ_11,0.0676500409273322
age_65,13,P_NQ_12,0.0487951394086273
age_65,13,P_NQ_13,0.0281373890386799
age_65,13,P_NQ_14,0.0114673381186965
age_65,13,P_NQ_15,0.00250140671286077
age_65,13,P_NQ_16,0.000360443302733435
age_65,13,P_NQ_17,3.31310809459929e-05
age_65,13,L_NQ,1.65802965432833
age_65,13,pi_Q,0.3
age_65,13,pi_NQ,0.7
age_65,13,y,0.740083279636774
age_65,13,nbar,4.85094952578399
age_65,13,Ptot,2.79468967666823
age_65,13,Pret,0.22706414658688
age_65,13,H,175.406339908504
age_65,13,cCheck,-8.88178419700125e-16
age_65,13,shareq,0.3
age_65,13,A,0.245020185
age_65,13,A_Q,2
age_65,13,xpop,0.983458914
age_65,13,h_Q_1,100
age_65,13,mig_Q_2,-0.2033354
age_65,13,med_Q_2,121.1396577
age_65,13,mig_Q_3,0.001950231
age_65,13,med_Q_3,-25.4509306
age_65,13,mig_Q_4,0.001690789
age_65,13,med_Q_4,-33.22688621
age_65,13,mig_Q_5,0.001194104
age_65,13,med_Q_5,-23.39917747
age_65,13,mig_Q_6,0.001043521
age_65,13,med_Q_6,-16.98423688
age_65,13,mig_Q_7,0.000860566
age_65,13,med_Q_7,-12.55906583
age_65,13,mig_Q_8,0.000865034
age_65,13,med_Q_8,-9.746141615
age_65,13,mig_Q_9,0.001187396
age_65,13,med_Q_9,-5.747211761
age_65,13,mig_Q_10,0.00178104
age_65,13,med_Q_10,-3.763651091
age_65,13,mig_Q_11,0.00262488
age_65,13,med_Q_11,-2.343749901
age_65,13,mig_Q_12,0.003131228
age_65,13,med_Q_12,-1.304311287
age_65,13,mig_Q_13,0.002860231
age_65,13,med_Q_13,-0.74937408
age_65,13,mig_Q_14,0.001684231
age_65,13,med_Q_14,-0.389268364
age_65,13,mig_Q_15,0.000468936
age_65,13,med_Q_15,-0.18053486
age_65,13,mig_Q_16,8.85924e-05
age_65,13,med_Q_16,-0.076125646
age_65,13,mig_Q_17,9.51086e-06
age_65,13,med_Q_17,-0.020541995
age_65,13,h_NQ_1,100
age_65,13,mig_NQ_2,-0.468930878
age_65,13,med_NQ_2,-18.82343626
age_65,13,mig_NQ_3,0.006175307
age_65,13,med_NQ_3,-9.572789456
age_65,13,mig_NQ_4,0.005930036
age_65,13,med_NQ_4,-8.735239144
age_65,13,mig_NQ_5,0.004905008
age_65,13,med_NQ_5,-9.337262736
age_65,13,mig_NQ_6,0.005534357
age_65,13,med_NQ_6,-6.936011668
age_65,13,mig_NQ_7,0.006967604
age_65,13,med_NQ_7,-4.531924402
age_65,13,mig_NQ_8,0.008264661
age_65,13,med_NQ_8,-3.650279949
age_65,13,mig_NQ_9,0.009361056
age_65,13,med_NQ_9,-2.298828097
age_65,13,mig_NQ_10,0.01021323
age_65,13,med_NQ_10,-1.728528641
age_65,13,mig_NQ_11,0.011353382
age_65,13,med_NQ_11,-1.22208919
age_65,13,mig_NQ_12,0.012340438
age_65,13,med_NQ_12,-0.910718665
age_65,13,mig_NQ_13,0.010150991
age_65,13,med_NQ_13,-0.529109185
age_65,13,mig_NQ_14,0.005420024
age_65,13,med_NQ_14,-0.276288311
age_65,13,mig_NQ_15,0.001407457
age_65,13,med_NQ_15,-0.127874163
age_65,13,mig_NQ_16,0.000243693
age_65,13,med_NQ_16,-0.05187466
age_65,13,mig_NQ_17,2.49401e-05
age_65,13,med_NQ_17,-0.010367316
age_65,14,beta_Q_2,0.995754800004843
age_65,14,beta_Q_3,0.994171300000187
age_65,14,beta_Q_4,0.990976500051843
age_65,14,beta_Q_5,0.986639900000631
age_65,14,beta_Q_6,0.980200900038177
age_65,14,beta_Q_7,0.970047399997429
age_65,14,beta_Q_8,0.949007699996581
age_65,14,beta_Q_9,0.91748150702083
age_65,14,beta_Q_10,0.86633560001034
age_65,14,beta_Q_11,0.788424382100547
age_65,14,beta_Q_12,0.672029899979871
age_65,14,beta_Q_13,0.511739889190151
age_65,14,beta_Q_14,0.336314032157484
age_65,14,beta_Q_15,0.191642504856973
age_65,14,beta_Q_16,0.0944234196908989
age_65,14,beta_Q_17,0.0447936033192221
age_65,14,h_Q_2,235.5601621
age_65,14,h_Q_3,171.564842926
age_65,14,h_Q_4,110.821743227984
age_65,14,h_Q_5,74.8497391509444
age_65,14,h_Q_6,50.5073462880652
age_65,14,h_Q_7,33.3860833405921
age_65,14,h_Q_8,19.6108039827881
age_65,14,h_Q_9,12.1184946444625
age_65,14,h_Q_10,7.48142362533768
age_65,14,h_Q_11,4.72643847201194
age_65,14,h_Q_12,3.04905843524389
age_65,14,h_Q_13,2.04807990037814
age_65,14,h_Q_14,1.50673547978063
age_65,14,h_Q_15,1.23707626845785
age_65,14,h_Q_16,1.10426881758691
age_65,14,h_Q_17,1.04689416076398
age_65,14,P_Q_1,0.3198031971
age_65,14,P_Q_2,0.0561084727812994
age_65,14,P_Q_3,0.0615593454195694
age_65,14,P_Q_4,0.0644478859610217
age_65,14,P_Q_5,0.0636490937441937
age_65,14,P_Q_6,0.0473664005414334
age_65,14,P_Q_7,0.0467254316119231
age_65,14,P_Q_8,0.0539476863790343
age_65,14,P_Q_9,0.050298217393924
age_65,14,P_Q_10,0.0425283796329042
age_65,14,P_Q_11,0.0313991051789589
age_65,14,P_Q_12,0.0222572730208171
age_65,14,P_Q_13,0.0132743451143438
age_65,14,P_Q_14,0.00564669852393046
age_65,14,P_Q_15,0.00150230853749343
age_65,14,P_Q_16,0.000191967792911592
age_65,14,P_Q_17,2.04586453088367e-05
age_65,14,L_Q,0.983310424013713
age_65,14,beta_NQ_2,0.988142700004068
age_65,14,beta_NQ_3,0.983934500001772
age_65,14,beta_NQ_4,0.977790400038823
age_65,14,beta_NQ_5,0.968400001242472
age_65,14,beta_NQ_6,0.954638500008699
age_65,14,beta_NQ_7,0.936549199995969
age_65,14,beta_NQ_8,0.903564358072179
age_65,14,beta_NQ_9,0.862200001433298
age_65,14,beta_NQ_10,0.803860918221978
age_65,14,beta_NQ_11,0.726096436615858
age_65,14,beta_NQ_12,0.596541539489888
age_65,14,beta_NQ_13,0.433744041227652
age_65,14,beta_NQ_14,0.272212721431368
age_65,14,beta_NQ_15,0.149810141058438
age_65,14,beta_NQ_16,0.0716882050066691
age_65,14,beta_NQ_17,0.033394703023271
age_65,14,h_NQ_2,84.33623169
age_65,14,h_NQ_3,62.2451837852
age_65,14,h_NQ_4,45.025574525468
age_65,14,h_NQ_5,31.6455696143849
age_65,14,h_NQ_6,22.0451263768348
age_65,14,h_NQ_7,15.7602425802215
age_65,14,h_NQ_8,10.3696037822133
age_65,14,h_NQ_9,7.25689404998309
age_65,14,h_NQ_10,5.09841729756498
age_65,14,h_NQ_11,3.65091818560092
age_65,14,h_NQ_12,2.47856291125766
age_65,14,h_NQ_13,1.76598226414324
age_65,14,h_NQ_14,1.37402744643135
age_65,14,h_NQ_15,1.17620781145341
age_65,14,h_NQ_16,1.07722426816111
age_65,14,h_NQ_17,1.03454843757056
age_65,14,P_NQ_1,0.7462074599
age_65,14,P_NQ_2,0.130919770897725
age_65,14,P_NQ_3,0.143638475920757
age_65,14,P_NQ_4,0.150378401361977
age_65,14,P_NQ_5,0.148514554874325
age_65,14,P_NQ_6,0.110521604579769
age_65,14,P_NQ_7,0.109026010455316
age_65,14,P_NQ_8,0.125877934826308
age_65,14,P_NQ_9,0.117362525656164
age_65,14,P_NQ_10,0.0992328940701438
age_65,14,P_NQ_11,0.0732645811590689
age_65,14,P_NQ_12,0.0519336384082348
age_65,14,P_NQ_13,0.0309734504517578
age_65,14,P_NQ_14,0.0131756082929542
age_65,14,P_NQ_15,0.00350538401248975
age_65,14,P_NQ_16,0.000447922353037455
age_65,14,P_NQ_17,4.77384886362366e-05
age_65,14,L_NQ,1.73423580184052
age_65,14,pi_Q,0.3
age_65,14,pi_NQ,0.7
age_65,14,y,1.06570495551068
age_65,14,nbar,5.19580208132264
age_65,14,Ptot,2.93575422308773
age_65,14,Pret,0.247640479979943
age_65,14,H,186.494197163814
age_65,14,cCheck,0
age_65,14,shareq,0.3
age_65,14,A,0.336263838
age_65,14,A_Q,2
age_65,14,xpop,1.066010657
age_65,14,h_Q_1,100
age_65,14,mig_Q_2,-0.237582856
age_65,14,med_Q_2,137.5601621
age_65,14,mig_Q_3,0.001834588
age_65,14,med_Q_3,-43.19202162
age_65,14,mig_Q_4,0.001770807
age_65,14,med_Q_4,-48.74060006
age_65,14,mig_Q_5,0.001291795
age_65,14,med_Q_5,-32.81890511
age_65,14,mig_Q_6,0.000734167
age_65,14,med_Q_6,-22.99393998
age_65,14,mig_Q_7,0.000715608
age_65,14,med_Q_7,-15.78083835
age_65,14,mig_Q_8,0.000877766
age_65,14,med_Q_8,-11.5159199
age_65,14,mig_Q_9,0.001104065
age_65,14,med_Q_9,-6.485096992
age_65,14,mig_Q_10,0.001729367
age_65,14,med_Q_10,-4.195460315
age_65,14,mig_Q_11,0.002636263
age_65,14,med_Q_11,-2.5858375
age_65,14,mig_Q_12,0.00322471
age_65,14,med_Q_12,-1.445972949
age_65,14,mig_Q_13,0.003037228
age_65,14,med_Q_13,-0.804543665
age_65,14,mig_Q_14,0.001830844
age_65,14,med_Q_14,-0.413054514
age_65,14,mig_Q_15,0.000635364
age_65,14,med_Q_15,-0.196582773
age_65,14,mig_Q_16,0.000102349
age_65,14,med_Q_16,-0.085632805
age_65,14,mig_Q_17,1.43669e-05
age_65,14,med_Q_17,-0.022504466
age_65,14,h_NQ_1,100
age_65,14,mig_NQ_2,-0.548806709
age_65,14,med_NQ_2,-13.66376831
age_65,14,mig_NQ_3,0.005766202
age_65,14,med_NQ_3,-15.34784868
age_65,14,mig_NQ_4,0.00604518
age_65,14,med_NQ_4,-13.53118071
age_65,14,mig_NQ_5,0.005642251
age_65,14,med_NQ_5,-12.76745337
age_65,14,mig_NQ_6,0.004549587
age_65,14,med_NQ_6,-9.411003559
age_65,14,mig_NQ_7,0.005549455
age_65,14,med_NQ_7,-5.786979915
age_65,14,mig_NQ_8,0.008119169
age_65,14,med_NQ_8,-4.370563167
age_65,14,mig_NQ_9,0.00950066
age_65,14,med_NQ_9,-2.629842289
age_65,14,mig_NQ_10,0.010841133
age_65,14,med_NQ_10,-1.942379088
age_65,14,mig_NQ_11,0.011572507
age_65,14,med_NQ_11,-1.350806897
age_65,14,mig_NQ_12,0.012696493
age_65,14,med_NQ_12,-1.006689494
age_65,14,mig_NQ_13,0.01085055
age_65,14,med_NQ_13,-0.567361061
age_65,14,mig_NQ_14,0.005997139
age_65,14,med_NQ_14,-0.293759871
age_65,14,mig_NQ_15,0.001930777
age_65,14,med_NQ_15,-0.139443704
age_65,14,mig_NQ_16,0.000289049
age_65,14,med_NQ_16,-0.058760399
age_65,14,mig_NQ_17,3.71077e-05
age_65,14,med_NQ_17,-0.011916308
age_65,15,beta_Q_2,0.995943800000819
age_65,15,beta_Q_3,0.994638400018662
age_65,15,beta_Q_4,0.991469000000774
age_65,15,beta_Q_5,0.986982900000344
age_65,15,beta_Q_6,0.981193400001437
age_65,15,beta_Q_7,0.971546499995241
age_65,15,beta_Q_8,0.954140501122299
age_65,15,beta_Q_9,0.924845900633453
age_65,15,beta_Q_10,0.876465100316861
age_65,15,beta_Q_11,0.799466700027591
age_65,15,beta_Q_12,0.688078000406597
age_65,15,beta_Q_13,0.531831587428912
age_65,15,beta_Q_14,0.357684185180722
age_65,15,beta_Q_15,0.203602537720793
age_65,15,beta_Q_16,0.100828305865785
age_65,15,beta_Q_17,0.0474932096030305
age_65,15,h_Q_2,246.5361669
age_65,15,h_Q_3,186.511489138
age_65,15,h_Q_4,117.21955221748
age_65,15,h_Q_5,76.8220264134243
age_65,15,h_Q_6,53.1728223079256
age_65,15,h_Q_7,35.1450612323039
age_65,15,h_Q_8,21.8057327237802
age_65,15,h_Q_9,13.3059939501323
age_65,15,h_Q_10,8.09487845557326
age_65,15,h_Q_11,4.98670295683093
age_65,15,h_Q_12,3.2059296915717
age_65,15,h_Q_13,2.13597624753901
age_65,15,h_Q_14,1.55686463237058
age_65,15,h_Q_15,1.25565436418501
age_65,15,h_Q_16,1.11213465008869
age_65,15,h_Q_17,1.04985289623517
age_65,15,P_Q_1,0.3220408704
age_65,15,P_Q_2,0.0643385065692199
age_65,15,P_Q_3,0.0571512833260096
age_65,15,P_Q_4,0.0621299456693674
age_65,15,P_Q_5,0.0643568587598345
age_65,15,P_Q_6,0.062751466974673
age_65,15,P_Q_7,0.0461707546924543
age_65,15,P_Q_8,0.0447023903853787
age_65,15,P_Q_9,0.0503728815993235
age_65,15,P_Q_10,0.0452248723454157
age_65,15,P_Q_11,0.03596110543381
age_65,15,P_Q_12,0.0240711345128732
age_65,15,P_Q_13,0.0143779764293479
age_65,15,P_Q_14,0.00649612752965496
age_65,15,P_Q_15,0.0018348424492982
age_65,15,P_Q_16,0.000296447109540962
age_65,15,P_Q_17,2.06077291657484e-05
age_65,15,L_Q,0.999767797641905
age_65,15,beta_NQ_2,0.988587100000126
age_65,15,beta_NQ_3,0.985280700071966
age_65,15,beta_NQ_4,0.978758600003395
age_65,15,beta_NQ_5,0.968898802060581
age_65,15,beta_NQ_6,0.956626799989653
age_65,15,beta_NQ_7,0.939580000015417
age_65,15,beta_NQ_8,0.912634501171517
age_65,15,beta_NQ_9,0.873406100396887
age_65,15,beta_NQ_10,0.817039600162777
age_65,15,beta_NQ_11,0.73878769996807
age_65,15,beta_NQ_12,0.613765999741137
age_65,15,beta_NQ_13,0.453317998936572
age_65,15,beta_NQ_14,0.290875336209447
age_65,15,beta_NQ_15,0.159068812728285
age_65,15,beta_NQ_16,0.0763640019877916
age_65,15,beta_NQ_17,0.0352194375296104
age_65,15,h_NQ_2,87.62014913
age_65,15,h_NQ_3,67.9380133562
age_65,15,h_NQ_4,47.077876229496
age_65,15,h_NQ_5,32.1531002049586
age_65,15,h_NQ_6,23.0557118160972
age_65,15,h_NQ_7,16.5508109932981
age_65,15,h_NQ_8,11.4461658196171
age_65,15,h_NQ_9,7.89927476256906
age_65,15,h_NQ_10,5.46566360898343
age_65,15,h_NQ_11,3.82830364361368
age_65,15,h_NQ_12,2.58910401288891
age_65,15,h_NQ_13,1.82921397603251
age_65,15,h_NQ_14,1.41018860486038
age_65,15,h_NQ_15,1.18915792450272
age_65,15,h_NQ_16,1.08267759322434
age_65,15,h_NQ_17,1.03650143379789
age_65,15,P_NQ_1,0.7514286976
age_65,15,P_NQ_2,0.150123183188763
age_65,15,P_NQ_3,0.1333529963186
age_65,15,P_NQ_4,0.144969875831524
age_65,15,P_NQ_5,0.150166003065779
age_65,15,P_NQ_6,0.146420089894685
age_65,15,P_NQ_7,0.107731763351454
age_65,15,P_NQ_8,0.104305586150229
age_65,15,P_NQ_9,0.117536723587663
age_65,15,P_NQ_10,0.105524741638815
age_65,15,P_NQ_11,0.0839092477794103
age_65,15,P_NQ_12,0.0561660670347128
age_65,15,P_NQ_13,0.0335485631988433
age_65,15,P_NQ_14,0.0151576102395926
age_65,15,P_NQ_15,0.00428129173689819
age_65,15,P_NQ_16,0.000691709687714465
age_65,15,P_NQ_17,4.80847339571705e-05
age_65,15,L_NQ,1.76257689668987
age_65,15,pi_Q,0.3
age_65,15,pi_NQ,0.7
age_65,15,y,1.40918953135411
age_65,15,nbar,5.34691737618103
age_65,15,Ptot,3.00766030695401
age_65,15,Pret,0.27686081560482
age_65,15,H,194.790145209039
age_65,15,cCheck,-4.44089209850063e-16
age_65,15,shareq,0.3
age_65,15,A,0.435809785
age_65,15,A_Q,2
age_65,15,xpop,1.073469568
age_65,15,h_Q_1,100
age_65,15,mig_Q_2,-0.254107062
age_65,15,med_Q_2,148.5361669
age_65,15,mig_Q_3,0.00136985
age_65,15,med_Q_3,-44.33746972
age_65,15,mig_Q_4,0.001126081
age_65,15,med_Q_4,-50.91399385
age_65,15,mig_Q_5,0.000770003
age_65,15,med_Q_5,-31.78328195
age_65,15,mig_Q_6,0.000362568
age_65,15,med_Q_6,-20.17992206
age_65,15,mig_Q_7,0.000223101
age_65,15,med_Q_7,-14.35213813
age_65,15,mig_Q_8,0.000359596
age_65,15,med_Q_8,-10.91262895
age_65,15,mig_Q_9,0.000876877
age_65,15,med_Q_9,-5.912593953
age_65,15,mig_Q_10,0.001649736
age_65,15,med_Q_10,-3.781246296
age_65,15,mig_Q_11,0.002430694
age_65,15,med_Q_11,-2.345092196
age_65,15,mig_Q_12,0.002969997
age_65,15,med_Q_12,-1.425980011
age_65,15,mig_Q_13,0.002988042
age_65,15,med_Q_13,-0.852101019
age_65,15,mig_Q_14,0.002031779
age_65,15,med_Q_14,-0.45025367
age_65,15,mig_Q_15,0.000752695
age_65,15,med_Q_15,-0.220946406
age_65,15,mig_Q_16,0.000154594
age_65,15,med_Q_16,-0.100200093
age_65,15,mig_Q_17,1.20088e-05
age_65,15,med_Q_17,-0.032330545
age_65,15,h_NQ_1,100
age_65,15,mig_NQ_2,-0.587236271
age_65,15,med_NQ_2,-10.37985087
age_65,15,mig_NQ_3,0.004536517
age_65,15,med_NQ_3,-14.7114937
age_65,15,mig_NQ_4,0.004521553
age_65,15,med_NQ_4,-13.92240388
age_65,15,mig_NQ_5,0.004539559
age_65,15,med_NQ_5,-11.97196283
age_65,15,mig_NQ_6,0.004642378
age_65,15,med_NQ_6,-7.956946406
age_65,15,mig_NQ_7,0.004222843
age_65,15,med_NQ_7,-5.053412856
age_65,15,mig_NQ_8,0.005793569
age_65,15,med_NQ_8,-3.998871909
age_65,15,mig_NQ_9,0.009004768
age_65,15,med_NQ_9,-2.262936944
age_65,15,mig_NQ_10,0.011181594
age_65,15,med_NQ_10,-1.64609256
age_65,15,mig_NQ_11,0.011856597
age_65,15,med_NQ_11,-1.168145308
age_65,15,mig_NQ_12,0.012460701
age_65,15,med_NQ_12,-0.988795809
age_65,15,mig_NQ_13,0.011022657
age_65,15,med_NQ_13,-0.599777677
age_65,15,mig_NQ_14,0.006726243
age_65,15,med_NQ_14,-0.320474014
age_65,15,mig_NQ_15,0.002307452
age_65,15,med_NQ_15,-0.157388973
age_65,15,mig_NQ_16,0.000440415
age_65,15,med_NQ_16,-0.070006062
age_65,15,mig_NQ_17,3.31265e-05
age_65,15,med_NQ_17,-0.019178349
age_65,16,beta_Q_2,0.996367900125476
age_65,16,beta_Q_3,0.99519130014795
age_65,16,beta_Q_4,0.992379100316725
age_65,16,beta_Q_5,0.987635500000372
age_65,16,beta_Q_6,0.981419000404811
age_65,16,beta_Q_7,0.97284790000392
age_65,16,beta_Q_8,0.956876000003725
age_65,16,beta_Q_9,0.932060901082042
age_65,16,beta_Q_10,0.888214701649101
age_65,16,beta_Q_11,0.81449630047874
age_65,16,beta_Q_12,0.705271800083121
age_65,16,beta_Q_13,0.553437200726719
age_65,16,beta_Q_14,0.374711643560468
age_65,16,beta_Q_15,0.218074889403826
age_65,16,beta_Q_16,0.107752400046906
age_65,16,beta_Q_17,0.0502324586580444
age_65,16,h_Q_2,275.322816
age_65,16,h_Q_3,207.956412382
age_65,16,h_Q_4,131.21809762524
age_65,16,h_Q_5,80.8767034631304
age_65,16,h_Q_6,53.8184166651558
age_65,16,h_Q_7,36.829563831767
age_65,16,h_Q_8,23.1889435076578
age_65,16,h_Q_9,14.7190645703046
age_65,16,h_Q_10,8.94572005312967
age_65,16,h_Q_11,5.39072805946179
age_65,16,h_Q_12,3.39295662969431
age_65,16,h_Q_13,2.23932670074027
age_65,16,h_Q_14,1.59926126858823
age_65,16,h_Q_15,1.27889470372317
age_65,16,h_Q_16,1.12076512890131
age_65,16,h_Q_17,1.05288050608692
age_65,16,P_Q_1,0.3194008092
age_65,16,P_Q_2,0.0826164572217474
age_65,16,P_Q_3,0.064891756233599
age_65,16,P_Q_4,0.0568665687279996
age_65,16,P_Q_5,0.061326389673616
age_65,16,P_Q_6,0.0628653580599743
age_65,16,P_Q_7,0.0607462951088105
age_65,16,P_Q_8,0.0441633460194531
age_65,16,P_Q_9,0.0419227554964337
age_65,16,P_Q_10,0.0457472167242004
age_65,16,P_Q_11,0.0388704704531585
age_65,16,P_Q_12,0.0280014015193068
age_65,16,P_Q_13,0.0160127846791962
age_65,16,P_Q_14,0.00728584978367892
age_65,16,P_Q_15,0.00220021205039566
age_65,16,P_Q_16,0.000364675055693365
age_65,16,P_Q_17,2.87895247096415e-05
age_65,16,L_Q,1.02606243611258
age_65,16,beta_NQ_2,0.989680600164088
age_65,16,beta_NQ_3,0.986715900245842
age_65,16,beta_NQ_4,0.980932800543132
age_65,16,beta_NQ_5,0.970029900004466
age_65,16,beta_NQ_6,0.956614903270331
age_65,16,beta_NQ_7,0.941724899980929
age_65,16,beta_NQ_8,0.917262300033683
age_65,16,beta_NQ_9,0.884329000717108
age_65,16,beta_NQ_10,0.832550800768387
age_65,16,beta_NQ_11,0.756334200212729
age_65,16,beta_NQ_12,0.632437799918642
age_65,16,beta_NQ_13,0.474787465734491
age_65,16,beta_NQ_14,0.30667268796001
age_65,16,beta_NQ_15,0.171361734678332
age_65,16,beta_NQ_16,0.0819939018545653
age_65,16,beta_NQ_17,0.0373887680236216
age_65,16,h_NQ_2,96.90485881
age_65,16,h_NQ_3,75.2779638774
age_65,16,h_NQ_4,52.446085419076
age_65,16,h_NQ_5,33.3665887049061
age_65,16,h_NQ_6,23.0493879268595
age_65,16,h_NQ_7,17.1599877077752
age_65,16,h_NQ_8,12.0863886754321
age_65,16,h_NQ_9,8.64520925622474
age_65,16,h_NQ_10,5.97196044631768
age_65,16,h_NQ_11,4.10398176580376
age_65,16,h_NQ_12,2.72062796374141
age_65,16,h_NQ_13,1.90398580263113
age_65,16,h_NQ_14,1.44231982951186
age_65,16,h_NQ_15,1.20679914676317
age_65,16,h_NQ_16,1.08931738101267
age_65,16,h_NQ_17,1.03883573235986
age_65,16,P_NQ_1,0.7452685548
age_65,16,P_NQ_2,0.192771732017256
age_65,16,P_NQ_3,0.151414100029257
age_65,16,P_NQ_4,0.132688661983051
age_65,16,P_NQ_5,0.143094911028034
age_65,16,P_NQ_6,0.146685835980053
age_65,16,P_NQ_7,0.141741356065505
age_65,16,P_NQ_8,0.103047809106582
age_65,16,P_NQ_9,0.0978197702490827
age_65,16,P_NQ_10,0.106743503644507
age_65,16,P_NQ_11,0.0906977951650646
age_65,16,P_NQ_12,0.0653366033508566
age_65,16,P_NQ_13,0.0373631651163134
age_65,16,P_NQ_14,0.0170002795998074
age_65,16,P_NQ_15,0.0051338230646101
age_65,16,P_NQ_16,0.000850909570706809
age_65,16,P_NQ_17,6.71728261350859e-05
age_65,16,L_NQ,1.80894341929051
age_65,16,pi_Q,0.3
age_65,16,pi_NQ,0.7
age_65,16,y,1.87035341458991
age_65,16,nbar,5.53553430110244
age_65,16,Ptot,3.11103711912879
age_65,16,Pret,0.309213931759633
age_65,16,H,213.15473600232
age_65,16,cCheck,0
age_65,16,shareq,0.3
age_65,16,A,0.564562457
age_65,16,A_Q,2
age_65,16,xpop,1.064669364
age_65,16,h_Q_1,100
age_65,16,mig_Q_2,-0.238118151
age_65,16,med_Q_2,177.322816
age_65,16,mig_Q_3,0.000898207
age_65,16,med_Q_3,-33.64903118
age_65,16,mig_Q_4,0.000202843
age_65,16,med_Q_4,-51.56316173
age_65,16,mig_Q_5,5.19572e-06
age_65,16,med_Q_5,-33.99845771
age_65,16,mig_Q_6,-0.000281167
age_65,16,med_Q_6,-21.46716922
age_65,16,mig_Q_7,-0.000219673
age_65,16,med_Q_7,-15.27980203
age_65,16,mig_Q_8,0.000109959
age_65,16,med_Q_8,-11.2532165
age_65,16,mig_Q_9,0.000579933
age_65,16,med_Q_9,-6.650553499
age_65,16,mig_Q_10,0.001597144
age_65,16,med_Q_10,-4.094154018
age_65,16,mig_Q_11,0.002714691
age_65,16,med_Q_11,-2.542252827
age_65,16,mig_Q_12,0.003257356
age_65,16,med_Q_12,-1.494012268
age_65,16,mig_Q_13,0.003210995
age_65,16,med_Q_13,-0.902484397
age_65,16,mig_Q_14,0.002143075
age_65,16,med_Q_14,-0.493995454
age_65,16,mig_Q_15,0.000877584
age_65,16,med_Q_15,-0.246832636
age_65,16,mig_Q_16,0.000179671
age_65,16,med_Q_16,-0.109776148
age_65,16,mig_Q_17,1.47103e-05
age_65,16,med_Q_17,-0.037011451
age_65,16,h_NQ_1,100
age_65,16,mig_NQ_2,-0.550080985
age_65,16,med_NQ_2,-1.09514119
age_65,16,mig_NQ_3,0.003500625
age_65,16,med_NQ_3,-10.58978227
age_65,16,mig_NQ_4,0.00216827
age_65,16,med_NQ_4,-14.13316767
age_65,16,mig_NQ_5,0.002633772
age_65,16,med_NQ_5,-12.76973
age_65,16,mig_NQ_6,0.003033013
age_65,16,med_NQ_6,-8.460650274
age_65,16,mig_NQ_7,0.004167968
age_65,16,med_NQ_7,-5.434609872
age_65,16,mig_NQ_8,0.004728085
age_65,16,med_NQ_8,-4.133406098
age_65,16,mig_NQ_9,0.006718635
age_65,16,med_NQ_9,-2.572033247
age_65,16,mig_NQ_10,0.010711346
age_65,16,med_NQ_10,-1.769328821
age_65,16,mig_NQ_11,0.012737414
age_65,16,med_NQ_11,-1.252368571
age_65,16,mig_NQ_12,0.01383596
age_65,16,med_NQ_12,-1.031109607
age_65,16,mig_NQ_13,0.011902076
age_65,16,med_NQ_13,-0.63333613
age_65,16,mig_NQ_14,0.00724183
age_65,16,med_NQ_14,-0.350309867
age_65,16,mig_NQ_15,0.00272272
age_65,16,med_NQ_15,-0.175185686
age_65,16,mig_NQ_16,0.000523973
age_65,16,med_NQ_16,-0.076057385
age_65,16,mig_NQ_17,4.28112e-05
age_65,16,med_NQ_17,-0.022188309
age_65,17,beta_Q_2,0.99632580006316
age_65,17,beta_Q_3,0.995348600000026
age_65,17,beta_Q_4,0.992990100025498
age_65,17,beta_Q_5,0.989174500003026
age_65,17,beta_Q_6,0.983061600130601
age_65,17,beta_Q_7,0.974372400006731
age_65,17,beta_Q_8,0.960187200091938
age_65,17,beta_Q_9,0.938341600700665
age_65,17,beta_Q_10,0.901011507681763
age_65,17,beta_Q_11,0.832555803034897
age_65,17,beta_Q_12,0.725557000569642
age_65,17,beta_Q_13,0.571257379199914
age_65,17,beta_Q_14,0.391596962159212
age_65,17,beta_Q_15,0.226707911609078
age_65,17,beta_Q_16,0.111483997187932
age_65,17,beta_Q_17,0.0511400632691038
age_65,17,h_Q_2,272.168091
age_65,17,h_Q_3,214.98903556
age_65,17,h_Q_4,142.65538742436
age_65,17,h_Q_5,92.3744861927352
age_65,17,h_Q_6,59.0374533538678
age_65,17,h_Q_7,39.0204311018527
age_65,17,h_Q_8,25.1175501351317
age_65,17,h_Q_9,16.2183903535047
age_65,17,h_Q_10,10.1021835828985
age_65,17,h_Q_11,5.97213877706707
age_65,17,h_Q_12,3.64374387827255
age_65,17,h_Q_13,2.33239470010042
age_65,17,h_Q_14,1.64364630772546
age_65,17,h_Q_15,1.29317239821646
age_65,17,h_Q_16,1.12547213164871
age_65,17,h_Q_17,1.05389536232329
age_65,17,P_Q_1,0.3121457745
age_65,17,P_Q_2,0.0809503505609818
age_65,17,P_Q_3,0.0829762534761282
age_65,17,P_Q_4,0.0644857392690712
age_65,17,P_Q_5,0.0562764400389834
age_65,17,P_Q_6,0.0600175450519161
age_65,17,P_Q_7,0.0608772335716405
age_65,17,P_Q_8,0.0583047278787644
age_65,17,P_Q_9,0.0417330100856894
age_65,17,P_Q_10,0.0382890027655731
age_65,17,P_Q_11,0.0399278397790604
age_65,17,P_Q_12,0.0309830396665769
age_65,17,P_Q_13,0.0191669302732701
age_65,17,P_Q_14,0.00854696686512149
age_65,17,P_Q_15,0.00258360288578867
age_65,17,P_Q_16,0.000466441129042256
age_65,17,P_Q_17,4.1562424658737e-05
age_65,17,L_Q,1.04594561768246
age_65,17,beta_NQ_2,0.989421200000056
age_65,17,beta_NQ_3,0.987054500000795
age_65,17,beta_NQ_4,0.982480300063609
age_65,17,beta_NQ_5,0.973749104257002
age_65,17,beta_NQ_6,0.960130800152651
age_65,17,beta_NQ_7,0.944543500013259
age_65,17,beta_NQ_8,0.922948100035183
age_65,17,beta_NQ_9,0.894130500612635
age_65,17,beta_NQ_10,0.850068405174139
age_65,17,beta_NQ_11,0.777865101497359
age_65,17,beta_NQ_12,0.654689100148069
age_65,17,beta_NQ_13,0.492618373666824
age_65,17,beta_NQ_14,0.321813368040825
age_65,17,beta_NQ_15,0.178567506113897
age_65,17,beta_NQ_16,0.0848333937639328
age_65,17,beta_NQ_17,0.037991978255039
age_65,17,h_NQ_2,94.528680002
age_65,17,h_NQ_3,77.2469197838
age_65,17,h_NQ_4,57.078602939852
age_65,17,h_NQ_5,38.0939320106945
age_65,17,h_NQ_6,25.082018203808
age_65,17,h_NQ_7,18.0321513293223
age_65,17,h_NQ_8,12.9782652936197
age_65,17,h_NQ_9,9.4455910379235
age_65,17,h_NQ_10,6.66970805210024
age_65,17,h_NQ_11,4.50176896539132
age_65,17,h_NQ_12,2.89594102048769
age_65,17,h_NQ_13,1.97090005446658
age_65,17,h_NQ_14,1.4745199985785
age_65,17,h_NQ_15,1.21738548392162
age_65,17,h_NQ_16,1.09269721282791
age_65,17,h_NQ_17,1.03949196339242
age_65,17,P_NQ_1,0.7283401405
age_65,17,P_NQ_2,0.188884152597886
age_65,17,P_NQ_3,0.193611256099357
age_65,17,P_NQ_4,0.150466727183417
age_65,17,P_NQ_5,0.131311693515145
age_65,17,P_NQ_6,0.14004093947156
age_65,17,P_NQ_7,0.142046879216934
age_65,17,P_NQ_8,0.136044367274539
age_65,17,P_NQ_9,0.0973770250533109
age_65,17,P_NQ_10,0.0893410140518534
age_65,17,P_NQ_11,0.093164958456873
age_65,17,P_NQ_12,0.0722937780316652
age_65,17,P_NQ_13,0.0447229313246529
age_65,17,P_NQ_14,0.0199429112769135
age_65,17,P_NQ_15,0.00602839540223967
age_65,17,P_NQ_16,0.00108836218449834
age_65,17,P_NQ_17,9.69766605482363e-05
age_65,17,L_NQ,1.84468921302326
age_65,17,pi_Q,0.3
age_65,17,pi_NQ,0.7
age_65,17,y,2.21058732519172
age_65,17,nbar,5.74644631900949
age_65,17,Ptot,3.19257496852366
age_65,17,Pret,0.339054696360909
age_65,17,H,222.520933793131
age_65,17,cCheck,8.88178419700125e-16
age_65,17,shareq,0.3
age_65,17,A,0.650022108
age_65,17,A_Q,2
age_65,17,xpop,1.040485915
age_65,17,h_Q_1,100
age_65,17,mig_Q_2,-0.237290363
age_65,17,med_Q_2,174.168091
age_65,17,mig_Q_3,0.000757074
age_65,17,med_Q_3,-54.82732412
age_65,17,mig_Q_4,8.85166e-05
age_65,17,med_Q_4,-61.14189671
age_65,17,mig_Q_5,0.000112998
age_65,17,med_Q_5,-36.21924948
age_65,17,mig_Q_6,-0.000169339
age_65,17,med_Q_6,-20.22171604
age_65,17,mig_Q_7,-0.000281198
age_65,17,med_Q_7,-13.72161723
age_65,17,mig_Q_8,0.000178056
age_65,17,med_Q_8,-10.97542242
age_65,17,mig_Q_9,0.000570082
age_65,17,med_Q_9,-6.506774284
age_65,17,mig_Q_10,0.001052595
age_65,17,med_Q_10,-4.322499696
age_65,17,mig_Q_11,0.002666901
age_65,17,med_Q_11,-2.794666875
age_65,17,mig_Q_12,0.003568793
age_65,17,med_Q_12,-1.63916962
age_65,17,mig_Q_13,0.003669913
age_65,17,med_Q_13,-0.992702797
age_65,17,mig_Q_14,0.00254679
age_65,17,med_Q_14,-0.550893859
age_65,17,mig_Q_15,0.000994742
age_65,17,med_Q_15,-0.274103645
age_65,17,mig_Q_16,0.000229363
age_65,17,med_Q_16,-0.127844678
age_65,17,mig_Q_17,2.32439e-05
age_65,17,med_Q_17,-0.044454464
age_65,17,h_NQ_1,100
age_65,17,mig_NQ_2,-0.548693678
age_65,17,med_NQ_2,-3.471319998
age_65,17,mig_NQ_3,0.003400323
age_65,17,med_NQ_3,-17.71984185
age_65,17,mig_NQ_4,0.00193967
age_65,17,med_NQ_4,-16.69380166
age_65,17,mig_NQ_5,0.002599724
age_65,17,med_NQ_5,-13.3032317
age_65,17,mig_NQ_6,0.003154215
age_65,17,med_NQ_6,-7.617238727
age_65,17,mig_NQ_7,0.003909175
age_65,17,med_NQ_7,-4.556248839
age_65,17,mig_NQ_8,0.006030365
age_65,17,med_NQ_8,-3.83852266
age_65,17,mig_NQ_9,0.006248859
age_65,17,med_NQ_9,-2.399069864
age_65,17,mig_NQ_10,0.007901086
age_65,17,med_NQ_10,-1.802597019
age_65,17,mig_NQ_11,0.012431196
age_65,17,med_NQ_11,-1.350752272
age_65,17,mig_NQ_12,0.014933064
age_65,17,med_NQ_12,-1.12596111
age_65,17,mig_NQ_13,0.013701931
age_65,17,med_NQ_13,-0.69531535
age_65,17,mig_NQ_14,0.008484649
age_65,17,med_NQ_14,-0.391386088
age_65,17,mig_NQ_15,0.003115198
age_65,17,med_NQ_15,-0.196087949
age_65,17,mig_NQ_16,0.00066742
age_65,17,med_NQ_16,-0.089965951
age_65,17,mig_NQ_17,6.51622e-05
age_65,17,med_NQ_17,-0.02803907
age_65,18,beta_Q_2,0.996382900000455
age_65,18,beta_Q_3,0.995405400107134
age_65,18,beta_Q_4,0.993380500001188
age_65,18,beta_Q_5,0.990084700054153
age_65,18,beta_Q_6,0.985190900005658
age_65,18,beta_Q_7,0.976841400385225
age_65,18,beta_Q_8,0.963054200048628
age_65,18,beta_Q_9,0.944144400758802
age_65,18,beta_Q_10,0.911067102345237
age_65,18,beta_Q_11,0.85315692195343
age_65,18,beta_Q_12,0.753888407546073
age_65,18,beta_Q_13,0.603952401548845
age_65,18,beta_Q_14,0.420119299941581
age_65,18,beta_Q_15,0.245264077382464
age_65,18,beta_Q_16,0.119772406030654
age_65,18,beta_Q_17,0.0534203631472869
age_65,18,h_Q_2,276.4645711
age_65,18,h_Q_3,217.64680276
age_65,18,h_Q_4,151.0688118488
age_65,18,h_Q_5,100.854235415873
age_65,18,h_Q_6,67.5260481988805
age_65,18,h_Q_7,43.1805031367904
age_65,18,h_Q_8,27.0666760498156
age_65,18,h_Q_9,17.9033078154291
age_65,18,h_Q_10,11.2444325964346
age_65,18,h_Q_11,6.80998970624055
age_65,18,h_Q_12,4.06319734552573
age_65,18,h_Q_13,2.5249490257071
age_65,18,h_Q_14,1.72449264109842
age_65,18,h_Q_15,1.32496626257095
age_65,18,h_Q_16,1.13606980625214
age_65,18,h_Q_17,1.05642904801573
age_65,18,P_Q_1,0.3046097499
age_65,18,P_Q_2,0.0812825075150471
age_65,18,P_Q_3,0.0816832111003845
age_65,18,P_Q_4,0.0827084132390017
age_65,18,P_Q_5,0.063777378298809
age_65,18,P_Q_6,0.0551499521943769
age_65,18,P_Q_7,0.0582282214147476
age_65,18,P_Q_8,0.0586305814524964
age_65,18,P_Q_9,0.0551596756861765
age_65,18,P_Q_10,0.0386761103374053
age_65,18,P_Q_11,0.0337383344448971
age_65,18,P_Q_12,0.0326288056693203
age_65,18,P_Q_13,0.0218069940395757
age_65,18,P_Q_14,0.01056599366893
age_65,18,P_Q_15,0.00325267300858368
age_65,18,P_Q_16,0.000583724376853996
age_65,18,P_Q_17,5.91850288505332e-05
age_65,18,L_Q,1.07623918260947
age_65,18,beta_NQ_2,0.9894431000002
age_65,18,beta_NQ_3,0.98689610028047
age_65,18,beta_NQ_4,0.983239700000899
age_65,18,beta_NQ_5,0.975920500101326
age_65,18,beta_NQ_6,0.965115406054087
age_65,18,beta_NQ_7,0.949608100535751
age_65,18,beta_NQ_8,0.927954400058273
age_65,18,beta_NQ_9,0.903296400579331
age_65,18,beta_NQ_10,0.864080601801062
age_65,18,beta_NQ_11,0.8029854137084
age_65,18,beta_NQ_12,0.686370602963632
age_65,18,beta_NQ_13,0.525801600415975
age_65,18,beta_NQ_14,0.348146835606179
age_65,18,beta_NQ_15,0.194711129513996
age_65,18,beta_NQ_16,0.0917671042914821
age_65,18,beta_NQ_17,0.039948965874027
age_65,18,h_NQ_2,94.72477716
age_65,18,h_NQ_3,76.31315868196
age_65,18,h_NQ_4,59.664803138124
age_65,18,h_NQ_5,41.529101511055
age_65,18,h_NQ_6,28.6659442784806
age_65,18,h_NQ_7,19.8444591337318
age_65,18,h_NQ_8,13.8800981637358
age_65,18,h_NQ_9,10.3408766527473
age_65,18,h_NQ_10,7.35730146316503
age_65,18,h_NQ_11,5.07576595705824
age_65,18,h_NQ_12,3.1884765860835
age_65,18,h_NQ_13,2.10882196207793
age_65,18,h_NQ_14,1.53408373537725
age_65,18,h_NQ_15,1.24179021360693
age_65,18,h_NQ_16,1.10103917324319
age_65,18,h_NQ_17,1.04160698357135
age_65,18,P_NQ_1,0.7107560831
age_65,18,P_NQ_2,0.189659181821719
age_65,18,P_NQ_3,0.19059416280058
age_65,18,P_NQ_4,0.192986297988188
age_65,18,P_NQ_5,0.148813885815335
age_65,18,P_NQ_6,0.128683219364096
age_65,18,P_NQ_7,0.135865849113612
age_65,18,P_NQ_8,0.136804691289197
age_65,18,P_NQ_9,0.128705912216712
age_65,18,P_NQ_10,0.0902442583876702
age_65,18,P_NQ_11,0.0787227849633219
age_65,18,P_NQ_12,0.0761338788174624
age_65,18,P_NQ_13,0.0508829583601892
age_65,18,P_NQ_14,0.024654005158245
age_65,18,P_NQ_15,0.00758956493136915
age_65,18,P_NQ_16,0.00136202224092288
age_65,18,P_NQ_17,0.000138097432447068
age_65,18,L_NQ,1.89863555248462
age_65,18,pi_Q,0.3
age_65,18,pi_NQ,0.7
age_65,18,y,2.45409009560075
age_65,18,nbar,5.96474272041479
age_65,18,Ptot,3.27513836517652
age_65,18,Pret,0.342119022140969
age_65,18,H,230.444657586971
age_65,18,cCheck,0
age_65,18,shareq,0.3
age_65,18,A,0.703033956
age_65,18,A_Q,2
age_65,18,xpop,1.015365833
age_65,18,h_Q_1,100
age_65,18,mig_Q_2,-0.229716381
age_65,18,med_Q_2,178.4645711
age_65,18,mig_Q_3,0.001109393
age_65,18,med_Q_3,-49.07792642
age_65,18,mig_Q_4,0.000313815
age_65,18,med_Q_4,-59.620443
age_65,18,mig_Q_5,-1.02706e-05
age_65,18,med_Q_5,-38.94804426
age_65,18,mig_Q_6,-0.000173255
age_65,18,med_Q_6,-23.00094827
age_65,18,mig_Q_7,-0.000251218
age_65,18,med_Q_7,-14.67620115
age_65,18,mig_Q_8,0.000177041
age_65,18,med_Q_8,-11.17334643
age_65,18,mig_Q_9,0.000449924
age_65,18,med_Q_9,-6.711891317
age_65,18,mig_Q_10,0.001074188
age_65,18,med_Q_10,-4.64958995
age_65,18,mig_Q_11,0.001860603
age_65,18,med_Q_11,-3.090150205
age_65,18,mig_Q_12,0.003658882
age_65,18,med_Q_12,-1.789498656
age_65,18,mig_Q_13,0.004107704
age_65,18,med_Q_13,-1.045919975
age_65,18,mig_Q_14,0.003060282
age_65,18,med_Q_14,-0.561254165
age_65,18,mig_Q_15,0.001315008
age_65,18,med_Q_15,-0.285807119
age_65,18,mig_Q_16,0.000295694
age_65,18,med_Q_16,-0.131239144
age_65,18,mig_Q_17,3.53312e-05
age_65,18,med_Q_17,-0.046533641
age_65,18,h_NQ_1,100
age_65,18,mig_NQ_2,-0.530975994
age_65,18,med_NQ_2,-3.27522284
age_65,18,mig_NQ_3,0.00415521
age_65,18,med_NQ_3,-16.32494772
age_65,18,mig_NQ_4,0.002767053
age_65,18,med_NQ_4,-16.03717825
age_65,18,mig_NQ_5,0.002297045
age_65,18,med_NQ_5,-14.40792937
age_65,18,mig_NQ_6,0.002606818
age_65,18,med_NQ_6,-8.666109092
age_65,18,mig_NQ_7,0.00359109
age_65,18,med_NQ_7,-4.735918706
age_65,18,mig_NQ_8,0.005702794
age_65,18,med_NQ_8,-3.791410139
age_65,18,mig_NQ_9,0.007064494
age_65,18,med_NQ_9,-2.377823335
age_65,18,mig_NQ_10,0.007467126
age_65,18,med_NQ_10,-1.899377754
age_65,18,mig_NQ_11,0.009227528
age_65,18,med_NQ_11,-1.460547934
age_65,18,mig_NQ_12,0.015139796
age_65,18,med_NQ_12,-1.223257
age_65,18,mig_NQ_13,0.015269715
age_65,18,med_NQ_13,-0.729200238
age_65,18,mig_NQ_14,0.010261568
age_65,18,med_NQ_14,-0.397398318
age_65,18,mig_NQ_15,0.004028409
age_65,18,med_NQ_15,-0.203239385
age_65,18,mig_NQ_16,0.000850613
age_65,18,med_NQ_16,-0.091998601
age_65,18,mig_NQ_17,9.67484e-05
age_65,18,med_NQ_17,-0.029236285
age_65,19,beta_Q_2,0.996112200002019
age_65,19,beta_Q_3,0.995198400000949
age_65,19,beta_Q_4,0.993417000005918
age_65,19,beta_Q_5,0.990831500017762
age_65,19,beta_Q_6,0.987090300006913
age_65,19,beta_Q_7,0.98076870000953
age_65,19,beta_Q_8,0.968726300002532
age_65,19,beta_Q_9,0.951335011057293
age_65,19,beta_Q_10,0.924336600000898
age_65,19,beta_Q_11,0.877013799938162
age_65,19,beta_Q_12,0.797342699853427
age_65,19,beta_Q_13,0.661059819996658
age_65,19,beta_Q_14,0.481390420888964
age_65,19,beta_Q_15,0.289655300232739
age_65,19,beta_Q_16,0.147666779862596
age_65,19,beta_Q_17,0.0825551319466387
age_65,19,h_Q_2,257.2148773
age_65,19,h_Q_3,208.263912068
age_65,19,h_Q_4,151.9064256348
age_65,19,h_Q_5,109.069095271824
age_65,19,h_Q_6,77.4611339175553
age_65,19,h_Q_7,51.9985648649029
age_65,19,h_Q_8,31.9757495940546
age_65,19,h_Q_9,20.5486489268193
age_65,19,h_Q_10,13.2164296081205
age_65,19,h_Q_11,8.1309935545059
age_65,19,h_Q_12,4.93443857811574
age_65,19,h_Q_13,2.95037121461522
age_65,19,h_Q_14,1.92823272519296
age_65,19,h_Q_15,1.40776724327645
age_65,19,h_Q_16,1.17324871231954
age_65,19,h_Q_17,1.08998264412709
age_65,19,P_Q_1,0.304206375
age_65,19,P_Q_2,0.0843752879737753
age_65,19,P_Q_3,0.0840883869147266
age_65,19,P_Q_4,0.0833506750846026
age_65,19,P_Q_5,0.0834729345136919
age_65,19,P_Q_6,0.0638592827262049
age_65,19,P_Q_7,0.0548095665327333
age_65,19,P_Q_8,0.0571965031948342
age_65,19,P_Q_9,0.0565060341916074
age_65,19,P_Q_10,0.0519861808937078
age_65,19,P_Q_11,0.0352513382485919
age_65,19,P_Q_12,0.0285759962279203
age_65,19,P_Q_13,0.0242772055436565
age_65,19,P_Q_14,0.0129899930697368
age_65,19,P_Q_15,0.00445065168883907
age_65,19,P_Q_16,0.000837368472269033
age_65,19,P_Q_17,8.22046681894642e-05
age_65,19,L_Q,1.13196536307366
age_65,19,beta_NQ_2,0.988462400031308
age_65,19,beta_NQ_3,0.986035700002781
age_65,19,beta_NQ_4,0.983041900315316
age_65,19,beta_NQ_5,0.977549700016488
age_65,19,beta_NQ_6,0.969548006130814
age_65,19,beta_NQ_7,0.95810829998989
age_65,19,beta_NQ_8,0.938648500014802
age_65,19,beta_NQ_9,0.914904910233032
age_65,19,beta_NQ_10,0.882886651706954
age_65,19,beta_NQ_11,0.832672764376174
age_65,19,beta_NQ_12,0.736273933328963
age_65,19,beta_NQ_13,0.584975870162531
age_65,19,beta_NQ_14,0.405078304537439
age_65,19,beta_NQ_15,0.232303211906323
age_65,19,beta_NQ_16,0.113939246759178
age_65,19,beta_NQ_17,0.0621229938868753
age_65,19,h_NQ_2,86.67313826
age_65,19,h_NQ_3,71.6111799368
age_65,19,h_NQ_4,58.9688703383208
age_65,19,h_NQ_5,44.5428346153615
age_65,19,h_NQ_6,32.8385656048339
age_65,19,h_NQ_7,23.871077080911
age_65,19,h_NQ_8,16.2995199830572
age_65,19,h_NQ_9,11.7515579664611
age_65,19,h_NQ_10,8.53873253969239
age_65,19,h_NQ_11,5.97630752990173
age_65,19,h_NQ_12,3.79180704091707
age_65,19,h_NQ_13,2.40949804436183
age_65,19,h_NQ_14,1.68089346983638
age_65,19,h_NQ_15,1.3025901226697
age_65,19,h_NQ_16,1.1285903413348
age_65,19,h_NQ_17,1.06623755677833
age_65,19,P_NQ_1,0.709814875
age_65,19,P_NQ_2,0.196875672206464
age_65,19,P_NQ_3,0.19620623292224
age_65,19,P_NQ_4,0.194484910453965
age_65,19,P_NQ_5,0.194770179445336
age_65,19,P_NQ_6,0.149004994835153
age_65,19,P_NQ_7,0.127888987511165
age_65,19,P_NQ_8,0.13345850950263
age_65,19,P_NQ_9,0.131847416223898
age_65,19,P_NQ_10,0.121301090083572
age_65,19,P_NQ_11,0.0822531231562311
age_65,19,P_NQ_12,0.0666773273822516
age_65,19,P_NQ_13,0.0566468123280977
age_65,19,P_NQ_14,0.0303100559393809
age_65,19,P_NQ_15,0.0103848541914058
age_65,19,P_NQ_16,0.00195386039658393
age_65,19,P_NQ_17,0.000191808380022294
age_65,19,L_NQ,1.99645173963183
age_65,19,pi_Q,0.3
age_65,19,pi_NQ,0.7
age_65,19,y,2.97805121404613
age_65,19,nbar,6.31689014932328
age_65,19,Ptot,3.43438669490348
age_65,19,Pret,0.354882599693176
age_65,19,H,237.821829514964
age_65,19,cCheck,4.44089209850063e-16
age_65,19,shareq,0.3
age_65,19,A,0.819558266
age_65,19,A_Q,2
age_65,19,xpop,1.01402125
age_65,19,h_Q_1,100
age_65,19,mig_Q_2,-0.219132658
age_65,19,med_Q_2,159.2148773
age_65,19,mig_Q_3,0.00317934
age_65,19,med_Q_3,-62.67136761
age_65,19,mig_Q_4,0.002208166
age_65,19,med_Q_4,-61.38744107
age_65,19,mig_Q_5,0.0015846
age_65,19,med_Q_5,-38.97834034
age_65,19,mig_Q_6,0.00102639
age_65,19,med_Q_6,-21.37601679
age_65,19,mig_Q_7,0.00093681
age_65,19,med_Q_7,-14.17696237
age_65,19,mig_Q_8,0.00111957
age_65,19,med_Q_8,-10.34114348
age_65,19,mig_Q_9,0.001150299
age_65,19,med_Q_9,-5.976693602
age_65,19,mig_Q_10,0.001732015
age_65,19,med_Q_10,-4.328812051
age_65,19,mig_Q_11,0.002254547
age_65,19,med_Q_11,-2.88855039
age_65,19,mig_Q_12,0.003141057
age_65,19,med_Q_12,-1.739351334
age_65,19,mig_Q_13,0.00457096
age_65,19,med_Q_13,-1.031562184
age_65,19,mig_Q_14,0.003828454
age_65,19,med_Q_14,-0.54621732
age_65,19,mig_Q_15,0.001859193
age_65,19,med_Q_15,-0.282235545
age_65,19,mig_Q_16,0.000447788
age_65,19,med_Q_16,-0.125218225
age_65,19,mig_Q_17,5.10219e-05
age_65,19,med_Q_17,-0.023365766
age_65,19,h_NQ_1,100
age_65,19,mig_NQ_2,-0.50637703
age_65,19,med_NQ_2,-11.32686174
age_65,19,mig_NQ_3,0.009032326
age_65,19,med_NQ_3,-21.21910168
age_65,19,mig_NQ_4,0.007085163
age_65,19,med_NQ_4,-15.81802517
age_65,19,mig_NQ_5,0.006430895
age_65,19,med_NQ_5,-13.92867246
age_65,19,mig_NQ_6,0.005382421
age_65,19,med_NQ_6,-7.859953876
age_65,19,mig_NQ_7,0.00569036
age_65,19,med_NQ_7,-4.221548312
age_65,19,mig_NQ_8,0.007381197
age_65,19,med_NQ_8,-3.148049968
age_65,19,mig_NQ_9,0.008272231
age_65,19,med_NQ_9,-1.850938234
age_65,19,mig_NQ_10,0.010088808
age_65,19,med_NQ_10,-1.59532658
age_65,19,mig_NQ_11,0.0097883
age_65,19,med_NQ_11,-1.233847904
age_65,19,mig_NQ_12,0.012644322
age_65,19,med_NQ_12,-1.182443597
age_65,19,mig_NQ_13,0.016615497
age_65,19,med_NQ_13,-0.71520901
age_65,19,mig_NQ_14,0.012595315
age_65,19,med_NQ_14,-0.385752053
age_65,19,mig_NQ_15,0.005584445
age_65,19,med_NQ_15,-0.200811938
age_65,19,mig_NQ_16,0.001257388
age_65,19,med_NQ_16,-0.088364068
age_65,19,mig_NQ_17,0.000137397
age_65,19,med_NQ_17,-0.012780833
age_65,20,beta_Q_2,0.99686690000089
age_65,20,beta_Q_3,0.995923099999867
age_65,20,beta_Q_4,0.994020400065491
age_65,20,beta_Q_5,0.991077199999568
age_65,20,beta_Q_6,0.987600799999601
age_65,20,beta_Q_7,0.982250200053892
age_65,20,beta_Q_8,0.971854300674659
age_65,20,beta_Q_9,0.95534820019508
age_65,20,beta_Q_10,0.928243700006788
age_65,20,beta_Q_11,0.884935700056105
age_65,20,beta_Q_12,0.811040599997013
age_65,20,beta_Q_13,0.682805199770887
age_65,20,beta_Q_14,0.498147923475038
age_65,20,beta_Q_15,0.311240966334781
age_65,20,beta_Q_16,0.15924903071576
age_65,20,beta_Q_17,0.10149318000479
age_65,20,h_Q_2,319.1727044
age_65,20,h_Q_3,245.284407262
age_65,20,h_Q_4,167.23526660664
age_65,20,h_Q_5,112.072443622104
age_65,20,h_Q_6,80.6503645363875
age_65,20,h_Q_7,56.3386630092042
age_65,20,h_Q_8,35.5294059376048
age_65,20,h_Q_9,22.3955137331735
age_65,20,h_Q_10,13.9360585762829
age_65,20,h_Q_11,8.69079288695808
age_65,20,h_Q_12,5.29214211741578
age_65,20,h_Q_13,3.15263679855343
age_65,20,h_Q_14,1.99261655732291
age_65,20,h_Q_15,1.4518851826891
age_65,20,h_Q_16,1.18941279941092
age_65,20,h_Q_17,1.11295738707314
age_65,20,P_Q_1,0.2986466736
age_65,20,P_Q_2,0.0830792994558893
age_65,20,P_Q_3,0.0855906775911205
age_65,20,P_Q_4,0.0844860560641646
age_65,20,P_Q_5,0.0831130224215699
age_65,20,P_Q_6,0.0824548264715775
age_65,20,P_Q_7,0.0628632507029211
age_65,20,P_Q_8,0.0534285085919974
age_65,20,P_Q_9,0.0548544919992961
age_65,20,P_Q_10,0.0528876515242048
age_65,20,P_Q_11,0.0471929850498633
age_65,20,P_Q_12,0.0303438642125786
age_65,20,P_Q_13,0.0217427779226542
age_65,20,P_Q_14,0.0151596551946687
age_65,20,P_Q_15,0.00582143134263581
age_65,20,P_Q_16,0.00123747840318089
age_65,20,P_Q_17,0.000130289864716125
age_65,20,L_Q,1.15682765936288
age_65,20,beta_NQ_2,0.990822700003447
age_65,20,beta_NQ_3,0.988329599999868
age_65,20,beta_NQ_4,0.984818300533219
age_65,20,beta_NQ_5,0.978250100003701
age_65,20,beta_NQ_6,0.970782499999416
age_65,20,beta_NQ_7,0.96136910009016
age_65,20,beta_NQ_8,0.944761001225175
age_65,20,beta_NQ_9,0.921664700262691
age_65,20,beta_NQ_10,0.888475800048907
age_65,20,beta_NQ_11,0.842666999930868
age_65,20,beta_NQ_12,0.752367100266578
age_65,20,beta_NQ_13,0.608120299855312
age_65,20,beta_NQ_14,0.421178745216301
age_65,20,beta_NQ_15,0.250690372101995
age_65,20,beta_NQ_16,0.122887109925889
age_65,20,beta_NQ_17,0.0762592502847983
age_65,20,h_NQ_2,108.96451026
age_65,20,h_NQ_3,85.6868659158
age_65,20,h_NQ_4,65.868776223064
age_65,20,h_NQ_5,45.9772228915544
age_65,20,h_NQ_6,34.2260631460543
age_65,20,h_NQ_7,25.8860135217372
age_65,20,h_NQ_8,18.1031517532928
age_65,20,h_NQ_9,12.765636951396
age_65,20,h_NQ_10,8.96666374113188
age_65,20,h_NQ_11,6.35594566489854
age_65,20,h_NQ_12,4.03823563330369
age_65,20,h_NQ_13,2.55180352409873
age_65,20,h_NQ_14,1.72764803147459
age_65,20,h_NQ_15,1.33456130843965
age_65,20,h_NQ_16,1.14010408521631
age_65,20,h_NQ_17,1.0825547595081
age_65,20,P_NQ_1,0.6968422384
age_65,20,P_NQ_2,0.193851697920423
age_65,20,P_NQ_3,0.199711581257618
age_65,20,P_NQ_4,0.197134128065588
age_65,20,P_NQ_5,0.193930387872007
age_65,20,P_NQ_6,0.192394595134967
age_65,20,P_NQ_7,0.146680920291511
age_65,20,P_NQ_8,0.124666518295766
age_65,20,P_NQ_9,0.127993815656338
age_65,20,P_NQ_10,0.12340452784613
age_65,20,P_NQ_11,0.110116985001731
age_65,20,P_NQ_12,0.0708023845148298
age_65,20,P_NQ_13,0.0507331406055446
age_65,20,P_NQ_14,0.0353725276953163
age_65,20,P_NQ_15,0.0135834873477785
age_65,20,P_NQ_16,0.00288744246427267
age_65,20,P_NQ_17,0.000304007657472791
age_65,20,L_NQ,2.03915953978866
age_65,20,pi_Q,0.3
age_65,20,pi_NQ,0.7
age_65,20,y,3.26355477373566
age_65,20,nbar,6.49468548799225
age_65,20,Ptot,3.54344332644033
age_65,20,Pret,0.405428457277243
age_65,20,H,260.074968039282
age_65,20,cCheck,8.88178419700125e-16
age_65,20,shareq,0.3
age_65,20,A,0.880846471
age_65,20,A_Q,2
age_65,20,xpop,0.995488912
age_65,20,h_Q_1,100
age_65,20,mig_Q_2,-0.219944382
age_65,20,med_Q_2,221.1727044
age_65,20,mig_Q_3,0.001620526
age_65,20,med_Q_3,-6.786172492
age_65,20,mig_Q_4,0.000951223
age_65,20,med_Q_4,-36.86336722
age_65,20,mig_Q_5,0.000526548
age_65,20,med_Q_5,-36.7958535
age_65,20,mig_Q_6,5.95025e-05
age_65,20,med_Q_6,-26.23734883
age_65,20,mig_Q_7,0.000232065
age_65,20,med_Q_7,-19.57324823
age_65,20,mig_Q_8,0.00033304
age_65,20,med_Q_8,-15.42918763
age_65,20,mig_Q_9,0.000441456
age_65,20,med_Q_9,-8.940720869
age_65,20,mig_Q_10,0.000657056
age_65,20,med_Q_10,-6.201617372
age_65,20,mig_Q_11,0.001600387
age_65,20,med_Q_11,-4.261308129
age_65,20,mig_Q_12,0.002236467
age_65,20,med_Q_12,-2.676231566
age_65,20,mig_Q_13,0.002852335
age_65,20,med_Q_13,-1.683113008
age_65,20,mig_Q_14,0.003472841
age_65,20,med_Q_14,-0.898747233
age_65,20,mig_Q_15,0.002058811
age_65,20,med_Q_15,-0.437782888
age_65,20,mig_Q_16,0.000580265
age_65,20,med_Q_16,-0.190199099
age_65,20,mig_Q_17,6.11608e-05
age_65,20,med_Q_17,-0.036826351
age_65,20,h_NQ_1,100
age_65,20,mig_NQ_2,-0.507773617
age_65,20,med_NQ_2,10.96451026
age_65,20,mig_NQ_3,0.00558514
age_65,20,med_NQ_3,0.747190421
age_65,20,mig_NQ_4,0.00425518
age_65,20,med_NQ_4,-4.310180115
age_65,20,mig_NQ_5,0.003811722
age_65,20,med_NQ_5,-11.81227004
age_65,20,mig_NQ_6,0.003555556
age_65,20,med_NQ_6,-9.425914777
age_65,20,mig_NQ_7,0.003917998
age_65,20,med_NQ_7,-6.295780771
age_65,20,mig_NQ_8,0.004623712
age_65,20,med_NQ_8,-5.290503786
age_65,20,mig_NQ_9,0.00589197
age_65,20,med_NQ_9,-3.207892632
age_65,20,mig_NQ_10,0.006998204
age_65,20,med_NQ_10,-2.549863066
age_65,20,mig_NQ_11,0.009112871
age_65,20,med_NQ_11,-2.012012224
age_65,20,mig_NQ_12,0.010241554
age_65,20,med_NQ_12,-1.818545746
age_65,20,mig_NQ_13,0.011728513
age_65,20,med_NQ_13,-1.164167376
age_65,20,mig_NQ_14,0.012426133
age_65,20,med_NQ_14,-0.633660052
age_65,20,mig_NQ_15,0.006542364
age_65,20,med_NQ_15,-0.312714292
age_65,20,mig_NQ_16,0.0017042
age_65,20,med_NQ_16,-0.136434235
age_65,20,mig_NQ_17,0.000182628
age_65,20,med_NQ_17,-0.023463775
age_65,21,beta_Q_2,0.997947299999981
age_65,21,beta_Q_3,0.997289700000371
age_65,21,beta_Q_4,0.995694699999859
age_65,21,beta_Q_5,0.992675200002161
age_65,21,beta_Q_6,0.988263100000314
age_65,21,beta_Q_7,0.983035299999275
age_65,21,beta_Q_8,0.975710000020468
age_65,21,beta_Q_9,0.963067400033811
age_65,21,beta_Q_10,0.942124400015136
age_65,21,beta_Q_11,0.902773200004358
age_65,21,beta_Q_12,0.83872012138729
age_65,21,beta_Q_13,0.721246836124307
age_65,21,beta_Q_14,0.542904303027185
age_65,21,beta_Q_15,0.338483501623465
age_65,21,beta_Q_16,0.208098202732715
age_65,21,beta_Q_17,0.124041184802996
age_65,21,h_Q_2,487.1632484
age_65,21,h_Q_3,368.962845492
age_65,21,h_Q_4,232.27185096676
age_65,21,h_Q_5,136.522498944507
age_65,21,h_Q_6,85.2013734396619
age_65,21,h_Q_7,58.9459288956597
age_65,21,h_Q_8,41.1692054690201
age_65,21,h_Q_9,27.0763499158527
age_65,21,h_Q_10,17.27843858451
age_65,21,h_Q_11,10.2852299987573
age_65,21,h_Q_12,6.20039682521891
age_65,21,h_Q_13,3.58740275906747
age_65,21,h_Q_14,2.18772567358236
age_65,21,h_Q_15,1.51167374817645
age_65,21,h_Q_16,1.26278283903532
age_65,21,h_Q_17,1.1416056824227
age_65,21,P_Q_1,0.3
age_65,21,P_Q_2,0.0779479507072097
age_65,21,P_Q_3,0.0843684854599265
age_65,21,P_Q_4,0.086304972581002
age_65,21,P_Q_5,0.0844090928830788
age_65,21,P_Q_6,0.0824385544339272
age_65,21,P_Q_7,0.081464236797116
age_65,21,P_Q_8,0.0617844325500232
age_65,21,P_Q_9,0.051761339522472
age_65,21,P_Q_10,0.0520161616154193
age_65,21,P_Q_11,0.0485687309258955
age_65,21,P_Q_12,0.0410272339104912
age_65,21,P_Q_13,0.0238991852654904
age_65,21,P_Q_14,0.0137862526727491
age_65,21,P_Q_15,0.00693893173209077
age_65,21,P_Q_16,0.0016386242986931
age_65,21,P_Q_17,0.000202575818326078
age_65,21,L_Q,1.18538269022366
age_65,21,beta_NQ_2,0.987508100006902
age_65,21,beta_NQ_3,0.983809800022365
age_65,21,beta_NQ_4,0.979681400004373
age_65,21,beta_NQ_5,0.970792700009611
age_65,21,beta_NQ_6,0.959805900050643
age_65,21,beta_NQ_7,0.950309499996999
age_65,21,beta_NQ_8,0.9389679003774
age_65,21,beta_NQ_9,0.920657802025191
age_65,21,beta_NQ_10,0.892753200037244
age_65,21,beta_NQ_11,0.845000008029515
age_65,21,beta_NQ_12,0.757092334522423
age_65,21,beta_NQ_13,0.613769218079616
age_65,21,beta_NQ_14,0.427249906787381
age_65,21,beta_NQ_15,0.245702599148123
age_65,21,beta_NQ_16,0.142008612502477
age_65,21,beta_NQ_17,0.0792838006000935
age_65,21,h_NQ_2,80.05187361
age_65,21,h_NQ_3,61.7657595348
age_65,21,h_NQ_4,49.215989287484
age_65,21,h_NQ_5,34.2380158386027
age_65,21,h_NQ_6,24.8792733337233
age_65,21,h_NQ_7,20.1245710931332
age_65,21,h_NQ_8,16.3848204403024
age_65,21,h_NQ_9,12.6036333702269
age_65,21,h_NQ_10,9.32428753436811
age_65,21,h_NQ_11,6.45161290630924
age_65,21,h_NQ_12,4.11679003560057
age_65,21,h_NQ_13,2.58912546863762
age_65,21,h_NQ_14,1.74596215561676
age_65,21,h_NQ_15,1.3257370328451
age_65,21,h_NQ_16,1.16551257727086
age_65,21,h_NQ_17,1.08611100851198
age_65,21,P_NQ_1,0.7
age_65,21,P_NQ_2,0.181878552127933
age_65,21,P_NQ_3,0.196859798064987
age_65,21,P_NQ_4,0.20137827105093
age_65,21,P_NQ_5,0.196954549494304
age_65,21,P_NQ_6,0.192356628764244
age_65,21,P_NQ_7,0.190083218787113
age_65,21,P_NQ_8,0.144163678115238
age_65,21,P_NQ_9,0.120776457217861
age_65,21,P_NQ_10,0.121371045766577
age_65,21,P_NQ_11,0.113327046257984
age_65,21,P_NQ_12,0.0957302286958505
age_65,21,P_NQ_13,0.0557647853016294
age_65,21,P_NQ_14,0.0321679055011255
age_65,21,P_NQ_15,0.016190825130127
age_65,21,P_NQ_16,0.00382347250288337
age_65,21,P_NQ_17,0.000472674197565924
age_65,21,L_NQ,2.08874000546432
age_65,21,pi_Q,0.3
age_65,21,pi_NQ,0.7
age_65,21,y,3.81583038893875
age_65,21,nbar,6.77394268425006
age_65,21,Ptot,3.66185589815026
age_65,21,Pret,0.453538472210902
age_65,21,H,274.342245448842
age_65,21,cCheck,0
age_65,21,shareq,0.3
age_65,21,A,1
age_65,21,A_Q,2
age_65,21,xpop,1
age_65,21,h_Q_1,100
age_65,21,mig_Q_2,-0.219763033
age_65,21,med_Q_2,389.1632484
age_65,21,mig_Q_3,0.001627892
age_65,21,med_Q_3,56.17359518
age_65,21,mig_Q_4,0.001226093
age_65,21,med_Q_4,-8.10686815
age_65,21,mig_Q_5,0.000676889
age_65,21,med_Q_5,-27.36806233
age_65,21,mig_Q_6,0.000356067
age_65,21,med_Q_6,-24.62962131
age_65,21,mig_Q_7,0.000472967
age_65,21,med_Q_7,-20.09142835
age_65,21,mig_Q_8,0.000690512
age_65,21,med_Q_8,-14.04268428
age_65,21,mig_Q_9,0.00071851
age_65,21,med_Q_9,-7.742467903
age_65,21,mig_Q_10,0.001097825
age_65,21,med_Q_10,-4.669164874
age_65,21,mig_Q_11,0.00176656
age_65,21,med_Q_11,-3.372107406
age_65,21,mig_Q_12,0.002751807
age_65,21,med_Q_12,-2.316580204
age_65,21,mig_Q_13,0.003180237
age_65,21,med_Q_13,-1.598896516
age_65,21,mig_Q_14,0.002955133
age_65,21,med_Q_14,-0.901858389
age_65,21,mig_Q_15,0.002220626
age_65,21,med_Q_15,-0.441090478
age_65,21,mig_Q_16,0.000711567
age_65,21,med_Q_16,-0.16006464
age_65,21,mig_Q_17,7.69802e-05
age_65,21,med_Q_17,-0.024018861
age_65,21,h_NQ_1,100
age_65,21,mig_NQ_2,-0.508568556
age_65,21,med_NQ_2,-17.94812639
age_65,21,mig_NQ_3,0.005270427
age_65,21,med_NQ_3,-45.01946052
age_65,21,mig_NQ_4,0.004698651
age_65,21,med_NQ_4,-34.75713931
age_65,21,mig_NQ_5,0.004108069
age_65,21,med_NQ_5,-30.31338486
age_65,21,mig_NQ_6,0.004092402
age_65,21,med_NQ_6,-20.1784051
age_65,21,mig_NQ_7,0.005121
age_65,21,med_NQ_7,-13.41697079
age_65,21,mig_NQ_8,0.005585265
age_65,21,med_NQ_8,-8.983472811
age_65,21,mig_NQ_9,0.005875728
age_65,21,med_NQ_9,-5.137455348
age_65,21,mig_NQ_10,0.007651638
age_65,21,med_NQ_10,-3.186036678
age_65,21,mig_NQ_11,0.009338123
age_65,21,med_NQ_11,-2.33571756
age_65,21,mig_NQ_12,0.012881832
age_65,21,med_NQ_12,-2.112036716
age_65,21,mig_NQ_13,0.012708418
age_65,21,med_NQ_13,-1.368345452
age_65,21,mig_NQ_14,0.010800185
age_65,21,med_NQ_14,-0.754805298
age_65,21,mig_NQ_15,0.007323273
age_65,21,med_NQ_15,-0.367358038
age_65,21,mig_NQ_16,0.002154237
age_65,21,med_NQ_16,-0.142357505
age_65,21,mig_NQ_17,0.00025248
age_65,21,med_NQ_17,-0.031190995
age_65,22,beta_Q_2,0.998280799999971
age_65,22,beta_Q_3,0.997731699999976
age_65,22,beta_Q_4,0.996375300000702
age_65,22,beta_Q_5,0.993893399999639
age_65,22,beta_Q_6,0.989472500323064
age_65,22,beta_Q_7,0.983741699997244
age_65,22,beta_Q_8,0.977087400001782
age_65,22,beta_Q_9,0.966488200428574
age_65,22,beta_Q_10,0.950223624515064
age_65,22,beta_Q_11,0.916742552309607
age_65,22,beta_Q_12,0.858567121265618
age_65,22,beta_Q_13,0.752188914642618
age_65,22,beta_Q_14,0.577905800097401
age_65,22,beta_Q_15,0.365396350457373
age_65,22,beta_Q_16,0.191576039975639
age_65,22,beta_Q_17,0.185962103794283
age_65,22,h_Q_2,581.6658911
age_65,22,h_Q_3,440.858792922
age_65,22,h_Q_4,275.88490087216
age_65,22,h_Q_5,163.757246247425
age_65,22,h_Q_6,94.989313735617
age_65,22,h_Q_7,61.5070456208687
age_65,22,h_Q_8,43.6441084777465
age_65,22,h_Q_9,29.8402354096397
age_65,22,h_Q_10,20.0898417965357
age_65,22,h_Q_11,12.0109299488199
age_65,22,h_Q_12,7.07049067078214
age_65,22,h_Q_13,4.03533175071454
age_65,22,h_Q_14,2.36913939588612
age_65,22,h_Q_15,1.57578161911071
age_65,22,h_Q_16,1.23697450221292
age_65,22,h_Q_17,1.22844403625461
age_65,22,P_Q_1,0.3043458798
age_65,22,P_Q_2,0.0753739649999943
age_65,22,P_Q_3,0.0801695203764368
age_65,22,P_Q_4,0.086004067819464
age_65,22,P_Q_5,0.0869474759180272
age_65,22,P_Q_6,0.0841801138008459
age_65,22,P_Q_7,0.0816496550894621
age_65,22,P_Q_8,0.0803410254869814
age_65,22,P_Q_9,0.0601671518185152
age_65,22,P_Q_10,0.0494825009415887
age_65,22,P_Q_11,0.0483919356734959
age_65,22,P_Q_12,0.0430212338977937
age_65,22,P_Q_13,0.0330275316528737
age_65,22,P_Q_14,0.0161896095194786
age_65,22,P_Q_15,0.00656592607893797
age_65,22,P_Q_16,0.00204585822233309
age_65,22,P_Q_17,0.000275074799456871
age_65,22,L_Q,1.2186819139613
age_65,22,beta_NQ_2,0.989546300000006
age_65,22,beta_NQ_3,0.986403899999229
age_65,22,beta_NQ_4,0.982873300000434
age_65,22,beta_NQ_5,0.975717099998542
age_65,22,beta_NQ_6,0.964047001348653
age_65,22,beta_NQ_7,0.952375900018
age_65,22,beta_NQ_8,0.942323100000106
age_65,22,beta_NQ_9,0.927806100634132
age_65,22,beta_NQ_10,0.907065229359897
age_65,22,beta_NQ_11,0.865680642477568
age_65,22,beta_NQ_12,0.783567210970732
age_65,22,beta_NQ_13,0.649617903700812
age_65,22,beta_NQ_14,0.461536900963361
age_65,22,beta_NQ_15,0.268777224537005
age_65,22,beta_NQ_16,0.131445915791123
age_65,22,beta_NQ_17,0.121206750107924
age_65,22,h_NQ_2,95.659909888
age_65,22,h_NQ_3,73.5505034488
age_65,22,h_NQ_4,58.388364368104
age_65,22,h_NQ_5,41.1812427647343
age_65,22,h_NQ_6,27.8140906188307
age_65,22,h_NQ_7,20.9977721440488
age_65,22,h_NQ_8,17.3379637232705
age_65,22,h_NQ_9,13.8515857924964
age_65,22,h_NQ_10,10.7602318998224
age_65,22,h_NQ_11,7.44494094268074
age_65,22,h_NQ_12,4.62037177618305
age_65,22,h_NQ_13,2.85402707088856
age_65,22,h_NQ_14,1.85713747426486
age_65,22,h_NQ_15,1.36757092650442
age_65,22,h_NQ_16,1.1513387551882
age_65,22,h_NQ_17,1.13791818872544
age_65,22,P_NQ_1,0.7101403862
age_65,22,P_NQ_2,0.175872585004831
age_65,22,P_NQ_3,0.187062214997339
age_65,22,P_NQ_4,0.200676156572885
age_65,22,P_NQ_5,0.202877445476799
age_65,22,P_NQ_6,0.196420263646449
age_65,22,P_NQ_7,0.190515864702057
age_65,22,P_NQ_8,0.187462392841514
age_65,22,P_NQ_9,0.140390023025442
age_65,22,P_NQ_10,0.115459166670406
age_65,22,P_NQ_11,0.112914517647308
age_65,22,P_NQ_12,0.100382875015988
age_65,22,P_NQ_13,0.077064247613235
age_65,22,P_NQ_14,0.0377757643221395
age_65,22,P_NQ_15,0.0153204229907777
age_65,22,P_NQ_16,0.00477366761199957
age_65,22,P_NQ_17,0.000641841431518546
age_65,22,L_NQ,2.14740328024745
age_65,22,pi_Q,0.3
age_65,22,pi_NQ,0.7
age_65,22,y,4.35598143114623
age_65,22,nbar,7.03899880208173
age_65,22,Ptot,3.79392836166637
age_65,22,Pret,0.498390506477336
age_65,22,H,304.46942373004
age_65,22,cCheck,-4.44089209850063e-16
age_65,22,shareq,0.3
age_65,22,A,1.111292532
age_65,22,A_Q,2
age_65,22,xpop,1.014486266
age_65,22,h_Q_1,100
age_65,22,mig_Q_2,-0.224010225
age_65,22,med_Q_2,483.6658911
age_65,22,mig_Q_3,0.002432832
age_65,22,med_Q_3,-36.56119051
age_65,22,mig_Q_4,0.001998814
age_65,22,med_Q_4,-85.69868771
age_65,22,mig_Q_5,0.00127467
age_65,22,med_Q_5,-63.8691677
age_65,22,mig_Q_6,0.000761722
age_65,22,med_Q_6,-38.80273523
age_65,22,mig_Q_7,0.000609646
age_65,22,med_Q_7,-21.99030035
age_65,22,mig_Q_8,0.000855555
age_65,22,med_Q_8,-14.12290184
age_65,22,mig_Q_9,0.000664579
age_65,22,med_Q_9,-10.50558595
age_65,22,mig_Q_10,0.00071688
age_65,22,med_Q_10,-6.444981121
age_65,22,mig_Q_11,0.001433139
age_65,22,med_Q_11,-4.921939864
age_65,22,mig_Q_12,0.002285662
age_65,22,med_Q_12,-3.009034728
age_65,22,mig_Q_13,0.003436769
age_65,22,med_Q_13,-2.041057138
age_65,22,mig_Q_14,0.003214639
age_65,22,med_Q_14,-1.146515308
age_65,22,mig_Q_15,0.001899507
age_65,22,med_Q_15,-0.568189541
age_65,22,mig_Q_16,0.000601879
age_65,22,med_Q_16,-0.244465771
age_65,22,mig_Q_17,7.18179e-05
age_65,22,med_Q_17,-0.009083146
age_65,22,h_NQ_1,100
age_65,22,mig_NQ_2,-0.515383085
age_65,22,med_NQ_2,-2.340090112
age_65,22,mig_NQ_3,0.008128313
age_65,22,med_NQ_3,-4.900332689
age_65,22,mig_NQ_4,0.007816274
age_65,22,med_NQ_4,-2.142079976
age_65,22,mig_NQ_5,0.00738089
age_65,22,med_NQ_5,-7.050426737
age_65,22,mig_NQ_6,0.007382125
age_65,22,med_NQ_6,-5.739164903
age_65,22,mig_NQ_7,0.007717533
age_65,22,med_NQ_7,-3.383915723
age_65,22,mig_NQ_8,0.008980352
age_65,22,med_NQ_8,-2.384115948
age_65,22,mig_NQ_9,0.007664608
age_65,22,med_NQ_9,-2.205538239
age_65,22,mig_NQ_10,0.007635598
age_65,22,med_NQ_10,-1.591328803
age_65,22,mig_NQ_11,0.010355983
age_65,22,med_NQ_11,-1.692860841
age_65,22,mig_NQ_12,0.014583837
age_65,22,med_NQ_12,-1.702208872
age_65,22,mig_NQ_13,0.01830798
age_65,22,med_NQ_13,-1.180427164
age_65,22,mig_NQ_14,0.013950265
age_65,22,med_NQ_14,-0.680205485
age_65,22,mig_NQ_15,0.007416685
age_65,22,med_NQ_15,-0.343471986
age_65,22,mig_NQ_16,0.002474431
age_65,22,med_NQ_16,-0.147883537
age_65,22,mig_NQ_17,0.000338702
age_65,22,med_NQ_17,-0.004284137
age_65,23,beta_Q_2,0.998437700016199
age_65,23,beta_Q_3,0.998043699999944
age_65,23,beta_Q_4,0.996854699999507
age_65,23,beta_Q_5,0.994779900001327
age_65,23,beta_Q_6,0.991028999998848
age_65,23,beta_Q_7,0.985176100121917
age_65,23,beta_Q_8,0.97780249999603
age_65,23,beta_Q_9,0.968116499992645
age_65,23,beta_Q_10,0.954185100205531
age_65,23,beta_Q_11,0.926734308891795
age_65,23,beta_Q_12,0.875713916351136
age_65,23,beta_Q_13,0.773751701546988
age_65,23,beta_Q_14,0.603063500074324
age_65,23,beta_Q_15,0.383542360896424
age_65,23,beta_Q_16,0.199860006922652
age_65,23,beta_Q_17,0.126764098806548
age_65,23,h_Q_2,640.0819305
age_65,23,h_Q_3,511.169043588
age_65,23,h_Q_4,317.93469616356
age_65,23,h_Q_5,191.567211404717
age_65,23,h_Q_6,111.470293152476
age_65,23,h_Q_7,67.4586310309047
age_65,23,h_Q_8,45.0501182484513
age_65,23,h_Q_9,31.3641852281916
age_65,23,h_Q_10,21.8269602544469
age_65,23,h_Q_11,13.648951715605
age_65,23,h_Q_12,8.04595204384345
age_65,23,h_Q_13,4.4199227133665
age_65,23,h_Q_14,2.51929464770024
age_65,23,h_Q_15,1.6221702609684
age_65,23,h_Q_16,1.2497812847285
age_65,23,h_Q_17,1.14516592616867
age_65,23,P_Q_1,0.3077841666
age_65,23,P_Q_2,0.075935203363439
age_65,23,P_Q_3,0.077418532235183
age_65,23,P_Q_4,0.0820643909159847
age_65,23,P_Q_5,0.0867295713788866
age_65,23,P_Q_6,0.0866535193933899
age_65,23,P_Q_7,0.0832293902564056
age_65,23,P_Q_8,0.0800970432024048
age_65,23,P_Q_9,0.0776902875434989
age_65,23,P_Q_10,0.0572552912777376
age_65,23,P_Q_11,0.0460322822078545
age_65,23,P_Q_12,0.0431010799036644
age_65,23,P_Q_13,0.0350225232321677
age_65,23,P_Q_14,0.0226562281050962
age_65,23,P_Q_15,0.00835774423374745
age_65,23,P_Q_16,0.00203479611697571
age_65,23,P_Q_17,0.000373700419089895
age_65,23,L_Q,1.25024603959129
age_65,23,beta_NQ_2,0.990472600076074
age_65,23,beta_NQ_3,0.988217199999898
age_65,23,beta_NQ_4,0.985088499999103
age_65,23,beta_NQ_5,0.979207900000741
age_65,23,beta_NQ_6,0.969464399997845
age_65,23,beta_NQ_7,0.956664600400181
age_65,23,beta_NQ_8,0.944183200024705
age_65,23,beta_NQ_9,0.931204399992527
age_65,23,beta_NQ_10,0.914147900140892
age_65,23,beta_NQ_11,0.88096120871536
age_65,23,beta_NQ_12,0.807341310491864
age_65,23,beta_NQ_13,0.675434200748707
age_65,23,beta_NQ_14,0.486570798834349
age_65,23,beta_NQ_15,0.283754838344068
age_65,23,beta_NQ_16,0.137884601826712
age_65,23,beta_NQ_17,0.0815321951115927
age_65,23,h_NQ_2,104.960429918
age_65,23,h_NQ_3,84.86947075324
age_65,23,h_NQ_4,67.062334435824
age_65,23,h_NQ_5,48.0951900017419
age_65,23,h_NQ_6,32.7486605774396
age_65,23,h_NQ_7,23.0758225384541
age_65,23,h_NQ_8,17.9157529711678
age_65,23,h_NQ_9,14.5358133348051
age_65,23,h_NQ_10,11.6479387166465
age_65,23,h_NQ_11,8.40062231382592
age_65,23,h_NQ_12,5.19052604782713
age_65,23,h_NQ_13,3.08103934765939
age_65,23,h_NQ_14,1.94768820647079
age_65,23,h_NQ_15,1.39616972277957
age_65,23,h_NQ_16,1.15993751997433
age_65,23,h_NQ_17,1.08876599908443
age_65,23,P_NQ_1,0.7181630554
age_65,23,P_NQ_2,0.177182140644785
age_65,23,P_NQ_3,0.180643240751711
age_65,23,P_NQ_4,0.191483580559826
age_65,23,P_NQ_5,0.202368999530148
age_65,23,P_NQ_6,0.202191544953183
age_65,23,P_NQ_7,0.19420190737206
age_65,23,P_NQ_8,0.186893102225243
age_65,23,P_NQ_9,0.181277337717829
age_65,23,P_NQ_10,0.133595682435414
age_65,23,P_NQ_11,0.107408654583162
age_65,23,P_NQ_12,0.100569185671007
age_65,23,P_NQ_13,0.0817192148353464
age_65,23,P_NQ_14,0.0528645340184855
age_65,23,P_NQ_15,0.0195013550892687
age_65,23,P_NQ_16,0.00474784203033016
age_65,23,P_NQ_17,0.000871989737345923
age_65,23,L_NQ,2.20345295052431
age_65,23,pi_Q,0.3
age_65,23,pi_NQ,0.7
age_65,23,y,4.67461246879796
age_65,23,nbar,7.37407229412034
age_65,23,Ptot,3.90811911794067
age_65,23,Pret,0.525261130183541
age_65,23,H,331.192557748472
age_65,23,cCheck,4.44089209850063e-16
age_65,23,shareq,0.3
age_65,23,A,1.154384374
age_65,23,A_Q,2
age_65,23,xpop,1.025947222
age_65,23,h_Q_1,100
age_65,23,mig_Q_2,-0.227887445
age_65,23,med_Q_2,542.0819305
age_65,23,mig_Q_3,0.002215538
age_65,23,med_Q_3,-58.86352969
age_65,23,mig_Q_4,0.002185461
age_65,23,med_Q_4,-114.1069209
age_65,23,mig_Q_5,0.001250696
age_65,23,med_Q_5,-78.79999145
age_65,23,mig_Q_6,0.000621383
age_65,23,med_Q_6,-49.01180817
age_65,23,mig_Q_7,0.000417902
age_65,23,med_Q_7,-25.63089643
age_65,23,mig_Q_8,0.000318194
age_65,23,med_Q_8,-15.22678646
age_65,23,mig_Q_9,4.16344e-05
age_65,23,med_Q_9,-11.40704108
age_65,23,mig_Q_10,8.30422e-05
age_65,23,med_Q_10,-7.416470447
age_65,23,mig_Q_11,0.000669568
age_65,23,med_Q_11,-6.039093245
age_65,23,mig_Q_12,0.001553355
age_65,23,med_Q_12,-3.724759306
age_65,23,mig_Q_13,0.002662428
age_65,23,med_Q_13,-2.509158144
age_65,23,mig_Q_14,0.003569426
age_65,23,med_Q_14,-1.435330468
age_65,23,mig_Q_15,0.00244212
age_65,23,med_Q_15,-0.699586347
age_65,23,mig_Q_16,0.000776922
age_65,23,med_Q_16,-0.294484702
age_65,23,mig_Q_17,-6.75168e-06
age_65,23,med_Q_17,-0.067069086
age_65,23,h_NQ_1,100
age_65,23,mig_NQ_2,-0.525534651
age_65,23,med_NQ_2,6.960429918
age_65,23,mig_NQ_3,0.007161837
age_65,23,med_NQ_3,-8.877240937
age_65,23,mig_NQ_4,0.007625124
age_65,23,med_NQ_4,-5.017158944
age_65,23,mig_NQ_5,0.006565842
age_65,23,med_NQ_5,-9.125407079
age_65,23,mig_NQ_6,0.006608152
age_65,23,med_NQ_6,-7.608957332
age_65,23,mig_NQ_7,0.007135982
age_65,23,med_NQ_7,-4.181986268
age_65,23,mig_NQ_8,0.007365602
age_65,23,med_NQ_8,-2.66206373
age_65,23,mig_NQ_9,0.007348586
age_65,23,med_NQ_9,-2.455391114
age_65,23,mig_NQ_10,0.006252774
age_65,23,med_NQ_10,-1.92661536
age_65,23,mig_NQ_11,0.007457889
age_65,23,med_NQ_11,-2.144404948
age_65,23,mig_NQ_12,0.012093072
age_65,23,med_NQ_12,-2.105516076
age_65,23,mig_NQ_13,0.016508702
age_65,23,med_NQ_13,-1.446924993
age_65,23,mig_NQ_14,0.01729654
age_65,23,med_NQ_14,-0.849258323
age_65,23,mig_NQ_15,0.00934809
age_65,23,med_NQ_15,-0.423825002
age_65,23,mig_NQ_16,0.002734035
age_65,23,med_NQ_16,-0.180281988
age_65,23,mig_NQ_17,0.000293389
age_65,23,med_NQ_17,-0.039545981
age_65,24,beta_Q_2,0.998567900006669
age_65,24,beta_Q_3,0.998121900000046
age_65,24,beta_Q_4,0.99717630000021
age_65,24,beta_Q_5,0.995330300172894
age_65,24,beta_Q_6,0.992001400384707
age_65,24,beta_Q_7,0.986972899997076
age_65,24,beta_Q_8,0.979117000019634
age_65,24,beta_Q_9,0.968275900014148
age_65,24,beta_Q_10,0.955263415083006
age_65,24,beta_Q_11,0.930171300143746
age_65,24,beta_Q_12,0.885025600511386
age_65,24,beta_Q_13,0.790376500426461
age_65,24,beta_Q_14,0.617163904442869
age_65,24,beta_Q_15,0.391218915190549
age_65,24,beta_Q_16,0.198171666851347
age_65,24,beta_Q_17,0.161492363992731
age_65,24,h_Q_2,698.2752601
age_65,24,h_Q_3,532.45301103
age_65,24,h_Q_4,354.14527041624
age_65,24,h_Q_5,214.146519000289
age_65,24,h_Q_6,125.021878876622
age_65,24,h_Q_7,76.7630554594268
age_65,24,h_Q_8,47.8858401902866
age_65,24,h_Q_9,31.5217768134823
age_65,24,h_Q_10,22.3530621376278
age_65,24,h_Q_11,14.320759258358
age_65,24,h_Q_12,8.69758835529285
age_65,24,h_Q_13,4.77045751296658
age_65,24,h_Q_14,2.61207909009917
age_65,24,h_Q_15,1.64262655274624
age_65,24,h_Q_16,1.24714419074903
age_65,24,h_Q_17,1.19259147503393
age_65,24,P_Q_1,0.3120516879
age_65,24,P_Q_2,0.0746465224015065
age_65,24,P_Q_3,0.0782214153250949
age_65,24,P_Q_4,0.0796326387257055
age_65,24,P_Q_5,0.082838589589073
age_65,24,P_Q_6,0.0864514913939466
age_65,24,P_Q_7,0.0856854032978187
age_65,24,P_Q_8,0.0817680948658586
age_65,24,P_Q_9,0.0778115231248719
age_65,24,P_Q_10,0.07441611680469
age_65,24,P_Q_11,0.0537302147926726
age_65,24,P_Q_12,0.041595451130821
age_65,24,P_Q_13,0.035971618913973
age_65,24,P_Q_14,0.0248794754418253
age_65,24,P_Q_15,0.0119913822164365
age_65,24,P_Q_16,0.00284669982041452
age_65,24,P_Q_17,0.000390309096023489
age_65,24,L_Q,1.27185282841222
age_65,24,beta_NQ_2,0.991275700044955
age_65,24,beta_NQ_3,0.988687700000473
age_65,24,beta_NQ_4,0.986582100316149
age_65,24,beta_NQ_5,0.9813840006486
age_65,24,beta_NQ_6,0.972817001453876
age_65,24,beta_NQ_7,0.962049706233961
age_65,24,beta_NQ_8,0.947720700025409
age_65,24,beta_NQ_9,0.931685400202676
age_65,24,beta_NQ_10,0.916191929635411
age_65,24,beta_NQ_11,0.886391599929464
age_65,24,beta_NQ_12,0.82058520000954
age_65,24,beta_NQ_13,0.695844900463616
age_65,24,beta_NQ_14,0.500897139322672
age_65,24,beta_NQ_15,0.290317903067518
age_65,24,beta_NQ_16,0.136720974510348
age_65,24,beta_NQ_17,0.103768538782001
age_65,24,h_NQ_2,114.62237658
age_65,24,h_NQ_3,88.39935291964
age_65,24,h_NQ_4,74.5273105321752
age_65,24,h_NQ_5,53.7172324871075
age_65,24,h_NQ_6,36.7876981917071
age_65,24,h_NQ_7,26.3502528278908
age_65,24,h_NQ_8,19.128029641685
age_65,24,h_NQ_9,14.6381593467445
age_65,24,h_NQ_10,11.932020888109
age_65,24,h_NQ_11,8.80216603131353
age_65,24,h_NQ_12,5.5736761915494
age_65,24,h_NQ_13,3.28779626287059
age_65,24,h_NQ_14,2.0035936477062
age_65,24,h_NQ_15,1.40908161134137
age_65,24,h_NQ_16,1.15837191532398
age_65,24,h_NQ_17,1.11578276857485
age_65,24,P_NQ_1,0.7281206051
age_65,24,P_NQ_2,0.174175218760615
age_65,24,P_NQ_3,0.182516634917978
age_65,24,P_NQ_4,0.18580948806708
age_65,24,P_NQ_5,0.193290045804609
age_65,24,P_NQ_6,0.201720145707659
age_65,24,P_NQ_7,0.199932606556932
age_65,24,P_NQ_8,0.190792220353453
age_65,24,P_NQ_9,0.181560223120399
age_65,24,P_NQ_10,0.173637605617885
age_65,24,P_NQ_11,0.125370502877456
age_65,24,P_NQ_12,0.097056049949338
age_65,24,P_NQ_13,0.0839337765436449
age_65,24,P_NQ_14,0.0580521036425503
age_65,24,P_NQ_15,0.0279798753045498
age_65,24,P_NQ_16,0.00664228858156514
age_65,24,P_NQ_17,0.000910733982775899
age_65,24,L_NQ,2.24196309303356
age_65,24,pi_Q,0.3
age_65,24,pi_NQ,0.7
age_65,24,y,5.08029854299607
age_65,24,nbar,7.62950702781485
age_65,24,Ptot,4.01642875972922
age_65,24,Pret,0.571350482294046
age_65,24,H,350.546662476044
age_65,24,cCheck,0
age_65,24,shareq,0.3
age_65,24,A,1.225015828
age_65,24,A_Q,2
age_65,24,xpop,1.040172293
age_65,24,h_Q_1,100
age_65,24,mig_Q_2,-0.232656793
age_65,24,med_Q_2,600.2752601
age_65,24,mig_Q_3,0.002434764
age_65,24,med_Q_3,-94.82728086
age_65,24,mig_Q_4,0.002457611
age_65,24,med_Q_4,-146.8003923
age_65,24,mig_Q_5,0.001202583
age_65,24,med_Q_5,-97.42948324
age_65,24,mig_Q_6,0.000499971
age_65,24,med_Q_6,-62.7139883
age_65,24,mig_Q_7,0.000316427
age_65,24,med_Q_7,-32.47783183
age_65,24,mig_Q_8,0.000386189
age_65,24,med_Q_8,-18.22361822
age_65,24,mig_Q_9,0.000268254
age_65,24,med_Q_9,-12.62733907
age_65,24,mig_Q_10,0.000285202
age_65,24,med_Q_10,-8.383839386
age_65,24,mig_Q_11,0.000669772
age_65,24,med_Q_11,-7.069661791
age_65,24,mig_Q_12,0.001284341
age_65,24,med_Q_12,-4.678384326
age_65,24,mig_Q_13,0.002622085
age_65,24,med_Q_13,-3.11457549
age_65,24,mig_Q_14,0.00375867
age_65,24,med_Q_14,-1.719445169
age_65,24,mig_Q_15,0.003301759
age_65,24,med_Q_15,-0.826282202
age_65,24,mig_Q_16,0.001176321
age_65,24,med_Q_16,-0.342582665
age_65,24,mig_Q_17,0.00013237
age_65,24,med_Q_17,-0.032194184
age_65,24,h_NQ_1,100
age_65,24,mig_NQ_2,-0.53714561
age_65,24,med_NQ_2,16.62237658
age_65,24,mig_NQ_3,0.007422196
age_65,24,med_NQ_3,-14.4618684
age_65,24,mig_NQ_4,0.007859909
age_65,24,med_NQ_4,-8.644770806
age_65,24,mig_NQ_5,0.005787811
age_65,24,med_NQ_5,-12.00385526
age_65,24,mig_NQ_6,0.005530605
age_65,24,med_NQ_6,-10.34558801
age_65,24,mig_NQ_7,0.006503113
age_65,24,med_NQ_7,-5.743434538
age_65,24,mig_NQ_8,0.007430042
age_65,24,med_NQ_8,-3.486276446
age_65,24,mig_NQ_9,0.007524544
age_65,24,med_NQ_9,-2.919278565
age_65,24,mig_NQ_10,0.007923308
age_65,24,med_NQ_10,-2.31307618
age_65,24,mig_NQ_11,0.007677889
age_65,24,med_NQ_11,-2.612813911
age_65,24,mig_NQ_12,0.010340606
age_65,24,med_NQ_12,-2.658933676
age_65,24,mig_NQ_13,0.016005909
age_65,24,med_NQ_13,-1.798919264
age_65,24,mig_NQ_14,0.01828992
age_65,24,med_NQ_14,-1.015824913
age_65,24,mig_NQ_15,0.012979308
age_65,24,med_NQ_15,-0.499652831
age_65,24,mig_NQ_16,0.003953352
age_65,24,med_NQ_16,-0.209874413
age_65,24,mig_NQ_17,0.000523632
age_65,24,med_NQ_17,-0.020956001
age_65,25,beta_Q_2,0.998632799999955
age_65,25,beta_Q_3,0.998197499999996
age_65,25,beta_Q_4,0.997334600000127
age_65,25,beta_Q_5,0.995742200032309
age_65,25,beta_Q_6,0.992592800009731
age_65,25,beta_Q_7,0.987996600040646
age_65,25,beta_Q_8,0.980881900094676
age_65,25,beta_Q_9,0.969825600035104
age_65,25,beta_Q_10,0.955121599992046
age_65,25,beta_Q_11,0.930302299960104
age_65,25,beta_Q_12,0.88686100819419
age_65,25,beta_Q_13,0.801346400895735
age_65,25,beta_Q_14,0.630152162749872
age_65,25,beta_Q_15,0.401319548696717
age_65,25,beta_Q_16,0.209842137382246
age_65,25,beta_Q_17,0.141344056412864
age_65,25,h_Q_2,731.4218841
age_65,25,h_Q_3,554.785020798
age_65,25,h_Q_4,375.1782096094
age_65,25,h_Q_5,234.863074807915
age_65,25,h_Q_6,135.003780060283
age_65,25,h_Q_7,83.30972895909
age_65,25,h_Q_8,52.3064530302383
age_65,25,h_Q_9,33.1406755764809
age_65,25,h_Q_10,22.2824343052127
age_65,25,h_Q_11,14.3476757398752
age_65,25,h_Q_12,8.83868518519084
age_65,25,h_Q_13,5.033888157187
age_65,25,h_Q_14,2.70381053670725
age_65,25,h_Q_15,1.67034002329719
age_65,25,h_Q_16,1.26556983069131
age_65,25,h_Q_17,1.16461046393405
age_65,25,P_Q_1,0.306880497
age_65,25,P_Q_2,0.0703933366798395
age_65,25,P_Q_3,0.0768607277677877
age_65,25,P_Q_4,0.0803230335146578
age_65,25,P_Q_5,0.0802344772064161
age_65,25,P_Q_6,0.0823301268782545
age_65,25,P_Q_7,0.0851402141701557
age_65,25,P_Q_8,0.0839215743224328
age_65,25,P_Q_9,0.0793560346486815
age_65,25,P_Q_10,0.0744058763130754
age_65,25,P_Q_11,0.0696131771198673
age_65,25,P_Q_12,0.0486338866124909
age_65,25,P_Q_13,0.0350861410984382
age_65,25,P_Q_14,0.0261296827780785
age_65,25,P_Q_15,0.0135357483928608
age_65,25,P_Q_16,0.00411624920168282
age_65,25,P_Q_17,0.000597353283576423
age_65,25,L_Q,1.25494268956402
age_65,25,beta_NQ_2,0.991690600000529
age_65,25,beta_NQ_3,0.989144200000644
age_65,25,beta_NQ_4,0.987363000003173
age_65,25,beta_NQ_5,0.983010700120059
age_65,25,beta_NQ_6,0.974850500042407
age_65,25,beta_NQ_7,0.965107800119121
age_65,25,beta_NQ_8,0.952190900273821
age_65,25,beta_NQ_9,0.935068400007744
age_65,25,beta_NQ_10,0.916035200054267
age_65,25,beta_NQ_11,0.886647899968915
age_65,25,beta_NQ_12,0.823275109295727
age_65,25,beta_NQ_13,0.709672299606467
age_65,25,beta_NQ_14,0.514614910536279
age_65,25,beta_NQ_15,0.299465121496327
age_65,25,beta_NQ_16,0.146564112237895
age_65,25,beta_NQ_17,0.0942485130586051
age_65,25,h_NQ_2,120.34563266
age_65,25,h_NQ_3,92.1166565384
age_65,25,h_NQ_4,79.1327055502472
age_65,25,h_NQ_5,58.8605769515317
age_65,25,h_NQ_6,39.7622219073654
age_65,25,h_NQ_7,28.6597004468729
age_65,25,h_NQ_8,20.916520074333
age_65,25,h_NQ_9,15.4008217888513
age_65,25,h_NQ_10,11.9097526658096
age_65,25,h_NQ_11,8.82206857834684
age_65,25,h_NQ_12,5.65851217868726
age_65,25,h_NQ_13,3.44438370371842
age_65,25,h_NQ_14,2.06021854361317
age_65,25,h_NQ_15,1.42748063175208
age_65,25,h_NQ_16,1.17173415911455
age_65,25,h_NQ_17,1.1040555850175
age_65,25,P_NQ_1,0.716054493
age_65,25,P_NQ_2,0.164251119537659
age_65,25,P_NQ_3,0.179341696433512
age_65,25,P_NQ_4,0.187420410020014
age_65,25,P_NQ_5,0.187213776757739
age_65,25,P_NQ_6,0.192103631770522
age_65,25,P_NQ_7,0.198660499919526
age_65,25,P_NQ_8,0.19581700584404
age_65,25,P_NQ_9,0.185164078175564
age_65,25,P_NQ_10,0.173613715165714
age_65,25,P_NQ_11,0.162430745051558
age_65,25,P_NQ_12,0.113479071178993
age_65,25,P_NQ_13,0.0818676604163889
age_65,25,P_NQ_14,0.0609692275632601
age_65,25,P_NQ_15,0.0315834099981634
age_65,25,P_NQ_16,0.00960452181831608
age_65,25,P_NQ_17,0.00139380758027739
age_65,25,L_NQ,2.21236153691688
age_65,25,pi_Q,0.3
age_65,25,pi_NQ,0.7
age_65,25,y,5.48123367450127
age_65,25,nbar,7.61440946055695
age_65,25,Ptot,4.05852700721954
age_65,25,Pret,0.659040682093952
age_65,25,H,356.771918112569
age_65,25,cCheck,-8.88178419700125e-16
age_65,25,shareq,0.3
age_65,25,A,1.323527466
age_65,25,A_Q,2
age_65,25,xpop,1.02293499
age_65,25,h_Q_1,100
age_65,25,mig_Q_2,-0.241211462
age_65,25,med_Q_2,633.4218841
age_65,25,mig_Q_3,0.002354399
age_65,25,med_Q_3,-129.5247341
age_65,25,mig_Q_4,0.002322492
age_65,25,med_Q_4,-146.6257412
age_65,25,mig_Q_5,0.000973699
age_65,25,med_Q_5,-112.1992902
age_65,25,mig_Q_6,0.00015413
age_65,25,med_Q_6,-74.85980856
age_65,25,mig_Q_7,-0.000185065
age_65,25,med_Q_7,-39.21171234
age_65,25,mig_Q_8,2.55393e-05
age_65,25,med_Q_8,-22.92134132
age_65,25,mig_Q_9,0.000181959
age_65,25,med_Q_9,-13.78744781
age_65,25,mig_Q_10,7.5375e-05
age_65,25,med_Q_10,-8.608906972
age_65,25,mig_Q_11,0.000393441
age_65,25,med_Q_11,-7.558325155
age_65,25,mig_Q_12,0.001081271
age_65,25,med_Q_12,-5.195658888
age_65,25,mig_Q_13,0.002210074
age_65,25,med_Q_13,-3.489748431
age_65,25,mig_Q_14,0.003929298
age_65,25,med_Q_14,-1.971237826
age_65,25,mig_Q_15,0.003802427
age_65,25,med_Q_15,-0.889497485
age_65,25,mig_Q_16,0.001739897
age_65,25,med_Q_16,-0.344204191
age_65,25,mig_Q_17,0.000137633
age_65,25,med_Q_17,-0.057590843
age_65,25,h_NQ_1,100
age_65,25,mig_NQ_2,-0.557517143
age_65,25,med_NQ_2,22.34563266
age_65,25,mig_NQ_3,0.0071368
age_65,25,med_NQ_3,-20.21327251
age_65,25,mig_NQ_4,0.007352765
age_65,25,med_NQ_4,-7.498660311
age_65,25,mig_NQ_5,0.004863318
age_65,25,med_NQ_5,-14.17618737
age_65,25,mig_NQ_6,0.004067789
age_65,25,med_NQ_6,-12.88066593
age_65,25,mig_NQ_7,0.004595693
age_65,25,med_NQ_7,-7.392243781
age_65,25,mig_NQ_8,0.006336736
age_65,25,med_NQ_8,-4.906727697
age_65,25,mig_NQ_9,0.007405752
age_65,25,med_NQ_9,-3.34464726
age_65,25,mig_NQ_10,0.007269704
age_65,25,med_NQ_10,-2.435643494
age_65,25,mig_NQ_11,0.00851983
age_65,25,med_NQ_11,-2.871311892
age_65,25,mig_NQ_12,0.010601892
age_65,25,med_NQ_12,-2.967610532
age_65,25,mig_NQ_13,0.014331703
age_65,25,med_NQ_13,-2.017818964
age_65,25,mig_NQ_14,0.018927039
age_65,25,med_NQ_14,-1.161821794
age_65,25,mig_NQ_15,0.014729845
age_65,25,med_NQ_15,-0.536041143
age_65,25,mig_NQ_16,0.005779086
age_65,25,med_NQ_16,-0.20916582
age_65,25,mig_NQ_17,0.000704547
age_65,25,med_NQ_17,-0.031148892
age_65,26,beta_Q_2,0.998746800005888
age_65,26,beta_Q_3,0.998359100014445
age_65,26,beta_Q_4,0.997555300010877
age_65,26,beta_Q_5,0.996150600061289
age_65,26,beta_Q_6,0.993290900091443
age_65,26,beta_Q_7,0.989111500126182
age_65,26,beta_Q_8,0.982749500339779
age_65,26,beta_Q_9,0.972941300825321
age_65,26,beta_Q_10,0.958661900182128
age_65,26,beta_Q_11,0.933837099979108
age_65,26,beta_Q_12,0.893199999924377
age_65,26,beta_Q_13,0.817945501768439
age_65,26,beta_Q_14,0.655981402941068
age_65,26,beta_Q_15,0.425457089935023
age_65,26,beta_Q_16,0.229895454642405
age_65,26,beta_Q_17,0.13414440357822
age_65,26,h_Q_2,797.9572295
age_65,26,h_Q_3,609.421658818
age_65,26,h_Q_4,409.04814498204
age_65,26,h_Q_5,259.780745017212
age_65,26,h_Q_6,149.051288531757
age_65,26,h_Q_7,91.8400146490773
age_65,26,h_Q_8,57.9693342699082
age_65,26,h_Q_9,36.9566904396335
age_65,26,h_Q_10,24.1907586829512
age_65,26,h_Q_11,15.1142105261084
age_65,26,h_Q_12,9.36329587207771
age_65,26,h_Q_13,5.49286068148702
age_65,26,h_Q_14,2.90681959504325
age_65,26,h_Q_15,1.74050861697311
age_65,26,h_Q_16,1.29852439683124
age_65,26,h_Q_17,1.15492698707749
age_65,26,P_Q_1,0.2996055927
age_65,26,P_Q_2,0.0720767969844878
age_65,26,P_Q_3,0.0725911786904739
age_65,26,P_Q_4,0.0789499371840052
age_65,26,P_Q_5,0.0809808051051543
age_65,26,P_Q_6,0.0798368423876335
age_65,26,P_Q_7,0.0812278714366304
age_65,26,P_Q_8,0.08359848114969
age_65,26,P_Q_9,0.0817341181731439
age_65,26,P_Q_10,0.0761853687826729
age_65,26,P_Q_11,0.069820434864601
age_65,26,P_Q_12,0.0632045634441262
age_65,26,P_Q_13,0.0415488109984908
age_65,26,P_Q_14,0.026156368695728
age_65,26,P_Q_15,0.0147364645000868
age_65,26,P_Q_16,0.00488484737382621
age_65,26,P_Q_17,0.000902009359372062
age_65,26,L_Q,1.23857231003908
age_65,26,beta_NQ_2,0.992391500039615
age_65,26,beta_NQ_3,0.990140600107284
age_65,26,beta_NQ_4,0.98845960007728
age_65,26,beta_NQ_5,0.984706600350459
age_65,26,beta_NQ_6,0.977306500425687
age_65,26,beta_NQ_7,0.968419300456607
age_65,26,beta_NQ_8,0.956882800844418
age_65,26,beta_NQ_9,0.941672201565522
age_65,26,beta_NQ_10,0.922522700192275
age_65,26,beta_NQ_11,0.89228950009065
age_65,26,beta_NQ_12,0.832520399951811
age_65,26,beta_NQ_13,0.730823999974737
age_65,26,beta_NQ_14,0.541515399137528
age_65,26,beta_NQ_15,0.319759640465486
age_65,26,beta_NQ_16,0.161053376295915
age_65,26,beta_NQ_17,0.0911675967833154
age_65,26,h_NQ_2,131.43195111
age_65,26,h_NQ_3,101.4260502668
age_65,26,h_NQ_4,86.652109116632
age_65,26,h_NQ_5,65.3876835792422
age_65,26,h_NQ_6,44.0654813025011
age_65,26,h_NQ_7,31.6649092592181
age_65,26,h_NQ_8,23.1926006309355
age_65,26,h_NQ_9,17.1444834168463
age_65,26,h_NQ_10,12.9070063110742
age_65,26,h_NQ_11,9.28414593549341
age_65,26,h_NQ_12,5.9708764507799
age_65,26,h_NQ_13,3.71504145411351
age_65,26,h_NQ_14,2.18109833564405
age_65,26,h_NQ_15,1.47006744574091
age_65,26,h_NQ_16,1.19197083911704
age_65,26,h_NQ_17,1.10031288093226
age_65,26,P_NQ_1,0.6990797163
age_65,26,P_NQ_2,0.168179191796244
age_65,26,P_NQ_3,0.169379417234288
age_65,26,P_NQ_4,0.184216517416251
age_65,26,P_NQ_5,0.188955213470563
age_65,26,P_NQ_6,0.18628596288711
age_65,26,P_NQ_7,0.189531702452943
age_65,26,P_NQ_8,0.19506312326722
age_65,26,P_NQ_9,0.190712941348894
age_65,26,P_NQ_10,0.177765859394416
age_65,26,P_NQ_11,0.162914353957482
age_65,26,P_NQ_12,0.147477312385308
age_65,26,P_NQ_13,0.0969472264008023
age_65,26,P_NQ_14,0.0610315057409944
age_65,26,P_NQ_15,0.0343850651397689
age_65,26,P_NQ_16,0.0113979774478263
age_65,26,P_NQ_17,0.00210467590001522
age_65,26,L_NQ,2.18371788152521
age_65,26,pi_Q,0.3
age_65,26,pi_NQ,0.7
age_65,26,y,5.67291199835814
age_65,26,nbar,7.5419468515096
age_65,26,Ptot,4.09346825437025
age_65,26,Pret,0.737511616208428
age_65,26,H,375.922557603468
age_65,26,cCheck,-4.44089209850063e-16
age_65,26,shareq,0.3
age_65,26,A,1.379010647
age_65,26,A_Q,2
age_65,26,xpop,0.998685309
age_65,26,h_Q_1,100
age_65,26,mig_Q_2,-0.234384133
age_65,26,med_Q_2,699.9572295
age_65,26,mig_Q_3,0.002324726
age_65,26,med_Q_3,-107.3717876
age_65,26,mig_Q_4,0.002294074
age_65,26,med_Q_4,-134.6411754
age_65,26,mig_Q_5,0.000999771
age_65,26,med_Q_5,-107.8939004
age_65,26,mig_Q_6,0.000196678
age_65,26,med_Q_6,-81.11452478
age_65,26,mig_Q_7,-0.000114014
age_65,26,med_Q_7,-40.46368981
age_65,26,mig_Q_8,8.59861e-05
age_65,26,med_Q_8,-23.67420011
age_65,26,mig_Q_9,0.000344827
age_65,26,med_Q_9,-14.30363353
age_65,26,mig_Q_10,0.000390706
age_65,26,med_Q_10,-8.287103382
age_65,26,mig_Q_11,0.000600477
age_65,26,med_Q_11,-6.722575093
age_65,26,mig_Q_12,0.001467351
age_65,26,med_Q_12,-4.697426353
age_65,26,mig_Q_13,0.002576221
age_65,26,med_Q_13,-3.1690508
age_65,26,mig_Q_14,0.004046761
age_65,26,med_Q_14,-2.026390799
age_65,26,mig_Q_15,0.004250112
age_65,26,med_Q_15,-0.909225709
age_65,26,mig_Q_16,0.002044477
age_65,26,med_Q_16,-0.338408826
age_65,26,mig_Q_17,0.000320202
age_65,26,med_Q_17,-0.085331447
age_65,26,h_NQ_1,100
age_65,26,mig_NQ_2,-0.541925318
age_65,26,med_NQ_2,33.43195111
age_65,26,mig_NQ_3,0.006911375
age_65,26,med_NQ_3,-16.51266974
age_65,26,mig_NQ_4,0.007141162
age_65,26,med_NQ_4,-3.622214291
age_65,26,mig_NQ_5,0.004718945
age_65,26,med_NQ_5,-12.16236786
age_65,26,mig_NQ_6,0.003780519
age_65,26,med_NQ_6,-13.61788411
age_65,26,mig_NQ_7,0.004130989
age_65,26,med_NQ_7,-7.30206821
age_65,26,mig_NQ_8,0.005900403
age_65,26,med_NQ_8,-4.893905807
age_65,26,mig_NQ_9,0.007610647
age_65,26,med_NQ_9,-3.353706256
age_65,26,mig_NQ_10,0.008149046
age_65,26,med_NQ_10,-2.185799042
age_65,26,mig_NQ_11,0.008980118
age_65,26,med_NQ_11,-2.387411677
age_65,26,mig_NQ_12,0.013752123
age_65,26,med_NQ_12,-2.674750756
age_65,26,mig_NQ_13,0.016414273
age_65,26,med_NQ_13,-1.830300481
age_65,26,mig_NQ_14,0.018901187
age_65,26,med_NQ_14,-1.194397694
age_65,26,mig_NQ_15,0.016126908
age_65,26,med_NQ_15,-0.548946727
age_65,26,mig_NQ_16,0.006768983
age_65,26,med_NQ_16,-0.20696018
age_65,26,mig_NQ_17,0.001199464
age_65,26,med_NQ_17,-0.047986595
age_65,27,beta_Q_2,0.998855500007564
age_65,27,beta_Q_3,0.998500000009189
age_65,27,beta_Q_4,0.997760700011092
age_65,27,beta_Q_5,0.996471500016403
age_65,27,beta_Q_6,0.993847900026437
age_65,27,beta_Q_7,0.99001940004476
age_65,27,beta_Q_8,0.984195300066976
age_65,27,beta_Q_9,0.975226300158592
age_65,27,beta_Q_10,0.962119300161714
age_65,27,beta_Q_11,0.93756790014858
age_65,27,beta_Q_12,0.895856444026453
age_65,27,beta_Q_13,0.822341166340975
age_65,27,beta_Q_14,0.667730822348659
age_65,27,beta_Q_15,0.438449067544388
age_65,27,beta_Q_16,0.242116452619548
age_65,27,beta_Q_17,0.1445777199943
age_65,27,h_Q_2,873.743993
age_65,27,h_Q_3,666.66666671
age_65,27,h_Q_4,446.56812394164
age_65,27,h_Q_5,283.406546682399
age_65,27,h_Q_6,162.546122426868
age_65,27,h_Q_7,100.194377071122
age_65,27,h_Q_8,63.2723176860957
age_65,27,h_Q_9,40.36538753451
age_65,27,h_Q_10,26.3986673808408
age_65,27,h_Q_11,16.0174013402922
age_65,27,h_Q_12,9.60212628958624
age_65,27,h_Q_13,5.62876387663616
age_65,27,h_Q_14,3.00960336985728
age_65,27,h_Q_15,1.78078185914239
age_65,27,h_Q_16,1.31946383563364
age_65,27,h_Q_17,1.16901324789462
age_65,27,P_Q_1,0.289519968
age_65,27,P_Q_2,0.0745005049729924
age_65,27,P_Q_3,0.0742668261693571
age_65,27,P_Q_4,0.0746922350367189
age_65,27,P_Q_5,0.0796663673006478
age_65,27,P_Q_6,0.0806514297930284
age_65,27,P_Q_7,0.0788774303393698
age_65,27,P_Q_8,0.0799005174680123
age_65,27,P_Q_9,0.0816407079968005
age_65,27,P_Q_10,0.0787471050375768
age_65,27,P_Q_11,0.0718390878448502
age_65,27,P_Q_12,0.0635935884157816
age_65,27,P_Q_13,0.054137092360361
age_65,27,P_Q_14,0.0316116043293233
age_65,27,P_Q_15,0.015128792508552
age_65,27,P_Q_16,0.00544961920606913
age_65,27,P_Q_17,0.00114787593753255
age_65,27,L_Q,1.22080330999194
age_65,27,beta_NQ_2,0.993066100055541
age_65,27,beta_NQ_3,0.991006400066706
age_65,27,beta_NQ_4,0.989459300068996
age_65,27,beta_NQ_5,0.986023900088483
age_65,27,beta_NQ_6,0.979247300123177
age_65,27,beta_NQ_7,0.971109400161155
age_65,27,beta_NQ_8,0.960532100202879
age_65,27,beta_NQ_9,0.946569300260194
age_65,27,beta_NQ_10,0.928888700277789
age_65,27,beta_NQ_11,0.898215800026637
age_65,27,beta_NQ_12,0.836512758328164
age_65,27,beta_NQ_13,0.736642562623966
age_65,27,beta_NQ_14,0.554065978743354
age_65,27,beta_NQ_15,0.33112415392031
age_65,27,beta_NQ_16,0.170241314755186
age_65,27,beta_NQ_17,0.0985201055612787
age_65,27,h_NQ_2,144.2189821
age_65,27,h_NQ_3,111.1901796878
age_65,27,h_NQ_4,94.870359653464
age_65,27,h_NQ_5,71.5507187342994
age_65,27,h_NQ_6,48.1865010376574
age_65,27,h_NQ_7,34.613334438451
age_65,27,h_NQ_8,25.3370460500337
age_65,27,h_NQ_9,18.7158319073168
age_65,27,h_NQ_10,14.0624626435094
age_65,27,h_NQ_11,9.82470756885276
age_65,27,h_NQ_12,6.11668307678354
age_65,27,h_NQ_13,3.7971198827643
age_65,27,h_NQ_14,2.24248280003124
age_65,27,h_NQ_15,1.49504563893117
age_65,27,h_NQ_16,1.20516965082609
age_65,27,h_NQ_17,1.1092870753347
age_65,27,P_NQ_1,0.675546592
age_65,27,P_NQ_2,0.173834512306226
age_65,27,P_NQ_3,0.173289260890691
age_65,27,P_NQ_4,0.174281880020727
age_65,27,P_NQ_5,0.185888185593357
age_65,27,P_NQ_6,0.188186669414104
age_65,27,P_NQ_7,0.18404733286402
age_65,27,P_NQ_8,0.186434543291983
age_65,27,P_NQ_9,0.19049498673129
age_65,27,P_NQ_10,0.183743246614793
age_65,27,P_NQ_11,0.167624536812229
age_65,27,P_NQ_12,0.148385044114574
age_65,27,P_NQ_13,0.126319879342955
age_65,27,P_NQ_14,0.0737604109997068
age_65,27,P_NQ_15,0.0353004283328076
age_65,27,P_NQ_16,0.0127157638349148
age_65,27,P_NQ_17,0.00267837821210875
age_65,27,L_NQ,2.15255571904826
age_65,27,pi_Q,0.3
age_65,27,pi_NQ,0.7
age_65,27,y,5.79865666070951
age_65,27,nbar,7.51217308279159
age_65,27,Ptot,4.11790240409346
age_65,27,Pret,0.809692102251765
age_65,27,H,398.972126739315
age_65,27,cCheck,4.44089209850063e-16
age_65,27,shareq,0.3
age_65,27,A,1.413485914
age_65,27,A_Q,2
age_65,27,xpop,0.96506656
age_65,27,h_Q_1,100
age_65,27,mig_Q_2,-0.224729622
age_65,27,med_Q_2,775.743993
age_65,27,mig_Q_3,0.0023083
age_65,27,med_Q_3,-115.3314182
age_65,27,mig_Q_4,0.00227852
age_65,27,med_Q_4,-150.6651017
age_65,27,mig_Q_5,0.00102034
age_65,27,med_Q_5,-117.4606354
age_65,27,mig_Q_6,0.000213933
age_65,27,med_Q_6,-92.03900769
age_65,27,mig_Q_7,-9.01086e-05
age_65,27,med_Q_7,-45.87588569
age_65,27,mig_Q_8,7.38674e-05
age_65,27,med_Q_8,-26.73089667
age_65,27,mig_Q_9,0.000304293
age_65,27,med_Q_9,-16.44456005
age_65,27,mig_Q_10,0.00039172
age_65,27,med_Q_10,-9.81888925
age_65,27,mig_Q_11,0.000694364
age_65,27,med_Q_11,-7.689542169
age_65,27,mig_Q_12,0.001229976
age_65,27,med_Q_12,-5.209800026
age_65,27,mig_Q_13,0.002439204
age_65,27,med_Q_13,-3.547266078
age_65,27,mig_Q_14,0.004356357
age_65,27,med_Q_14,-2.373400098
age_65,27,mig_Q_15,0.00400038
age_65,27,med_Q_15,-1.067901344
age_65,27,mig_Q_16,0.002061773
age_65,27,med_Q_16,-0.386234609
age_65,27,mig_Q_17,0.000492601
age_65,27,med_Q_17,-0.103540661
age_65,27,h_NQ_1,100
age_65,27,mig_NQ_2,-0.519926256
age_65,27,med_NQ_2,46.2189821
age_65,27,mig_NQ_3,0.006768215
age_65,27,med_NQ_3,-17.6131324
age_65,27,mig_NQ_4,0.006857169
age_65,27,med_NQ_4,-4.527169608
age_65,27,mig_NQ_5,0.004488965
age_65,27,med_NQ_5,-13.3683482
age_65,27,mig_NQ_6,0.003519511
age_65,27,med_NQ_6,-15.89342887
age_65,27,mig_NQ_7,0.003644411
age_65,27,med_NQ_7,-8.570837238
age_65,27,mig_NQ_8,0.005074917
age_65,27,med_NQ_8,-5.694565024
age_65,27,mig_NQ_9,0.006809466
age_65,27,med_NQ_9,-4.012916711
age_65,27,mig_NQ_10,0.007806229
age_65,27,med_NQ_10,-2.739131105
age_65,27,mig_NQ_11,0.009005927
age_65,27,med_NQ_11,-2.824158616
age_65,27,mig_NQ_12,0.012755521
age_65,27,med_NQ_12,-2.98177994
age_65,27,mig_NQ_13,0.01853992
age_65,27,med_NQ_13,-2.054339039
age_65,27,mig_NQ_14,0.021261995
age_65,27,med_NQ_14,-1.398257825
age_65,27,mig_NQ_15,0.015785016
age_65,27,med_NQ_15,-0.64243073
age_65,27,mig_NQ_16,0.007177933
age_65,27,med_NQ_16,-0.235496446
age_65,27,mig_NQ_17,0.001639252
age_65,27,med_NQ_17,-0.058844347
age_65,28,beta_Q_2,0.998954400006745
age_65,28,beta_Q_3,0.998628400008118
age_65,28,beta_Q_4,0.997948100010028
age_65,28,beta_Q_5,0.996764500014024
age_65,28,beta_Q_6,0.994356500022895
age_65,28,beta_Q_7,0.990848200038915
age_65,28,beta_Q_8,0.985514700064329
age_65,28,beta_Q_9,0.977311000091688
age_65,28,beta_Q_10,0.96529880023085
age_65,28,beta_Q_11,0.942701900190087
age_65,28,beta_Q_12,0.901680100356031
age_65,28,beta_Q_13,0.826531958927594
age_65,28,beta_Q_14,0.674672166675233
age_65,28,beta_Q_15,0.449242389033339
age_65,28,beta_Q_16,0.254418166790466
age_65,28,beta_Q_17,0.155303123380905
age_65,28,h_Q_2,956.3886764
age_65,28,h_Q_3,729.07553224
age_65,28,h_Q_4,487.3531848758
age_65,28,h_Q_5,309.071240862807
age_65,28,h_Q_6,177.195003048751
age_65,28,h_Q_7,109.26812208833
age_65,28,h_Q_8,69.0355049396993
age_65,28,h_Q_9,44.0742209423738
age_65,28,h_Q_10,28.8174472838198
age_65,28,h_Q_11,17.452585673224
age_65,28,h_Q_12,10.1708810064864
age_65,28,h_Q_13,5.76474867179452
age_65,28,h_Q_14,3.07382182010343
age_65,28,h_Q_15,1.81568049646014
age_65,28,h_Q_16,1.34123429695954
age_65,28,h_Q_17,1.18385660192097
age_65,28,P_Q_1,0.281860557
age_65,28,P_Q_2,0.077317134398814
age_65,28,P_Q_3,0.0766877592162175
age_65,28,P_Q_4,0.0763752394663398
age_65,28,P_Q_5,0.075452958486617
age_65,28,P_Q_6,0.0793964318444837
age_65,28,P_Q_7,0.0797579128364461
age_65,28,P_Q_8,0.077723687321368
age_65,28,P_Q_9,0.0782046680310866
age_65,28,P_Q_10,0.0789124908425885
age_65,28,P_Q_11,0.0746124309128606
age_65,28,P_Q_12,0.0658339387787914
age_65,28,P_Q_13,0.0546869566696418
age_65,28,P_Q_14,0.0412453562013491
age_65,28,P_Q_15,0.0187525644417739
age_65,28,P_Q_16,0.0057310365745878
age_65,28,P_Q_17,0.00134795551965062
age_65,28,L_Q,1.20746376957907
age_65,28,beta_NQ_2,0.993680000050041
age_65,28,beta_NQ_3,0.991794400059189
age_65,28,beta_NQ_4,0.990370500062277
age_65,28,beta_NQ_5,0.987225200077893
age_65,28,beta_NQ_6,0.981019700111639
age_65,28,beta_NQ_7,0.973568900151684
age_65,28,beta_NQ_8,0.963873900189963
age_65,28,beta_NQ_9,0.951062700236185
age_65,28,beta_NQ_10,0.934786300283455
age_65,28,beta_NQ_11,0.906378300288754
age_65,28,beta_NQ_12,0.845147400050261
age_65,28,beta_NQ_13,0.742250658217589
age_65,28,beta_NQ_14,0.561476335445756
age_65,28,beta_NQ_15,0.340462424467105
age_65,28,beta_NQ_16,0.179566010817859
age_65,28,beta_NQ_17,0.106128807109109
age_65,28,h_NQ_2,158.2278481
age_65,28,h_NQ_3,121.867992588
age_65,28,h_NQ_4,103.847551798044
age_65,28,h_NQ_5,78.2791120003947
age_65,28,h_NQ_6,52.6862062296134
age_65,28,h_NQ_7,37.8342180279043
age_65,28,h_NQ_8,27.680818020682
age_65,28,h_NQ_9,20.434310838033
age_65,28,h_NQ_10,15.3342012471704
age_65,28,h_NQ_11,10.6812843576392
age_65,28,h_NQ_12,6.4577540204757
age_65,28,h_NQ_13,3.87973745724787
age_65,28,h_NQ_14,2.28037845910902
age_65,28,h_NQ_15,1.51621377903062
age_65,28,h_NQ_16,1.21886708315254
age_65,28,h_NQ_17,1.11872941280957
age_65,28,P_NQ_1,0.657674633
age_65,28,P_NQ_2,0.180406645523252
age_65,28,P_NQ_3,0.178938103247944
age_65,28,P_NQ_4,0.178208890790377
age_65,28,P_NQ_5,0.17605690105279
age_65,28,P_NQ_6,0.185258337867091
age_65,28,P_NQ_7,0.186101797653057
age_65,28,P_NQ_8,0.181355268172616
age_65,28,P_NQ_9,0.182477562188221
age_65,28,P_NQ_10,0.184129147634263
age_65,28,P_NQ_11,0.174095672257598
age_65,28,P_NQ_12,0.153612524652278
age_65,28,P_NQ_13,0.12760290115163
age_65,28,P_NQ_14,0.0962391315828965
age_65,28,P_NQ_15,0.0437559746850923
age_65,28,P_NQ_16,0.0133723923307984
age_65,28,P_NQ_17,0.00314522539530809
age_65,28,L_NQ,2.12922287979662
age_65,28,pi_Q,0.3
age_65,28,pi_NQ,0.7
age_65,28,y,5.9476077401933
age_65,28,nbar,7.51936874283655
age_65,28,Ptot,4.14633018772783
age_65,28,Pret,0.874034061154256
age_65,28,H,429.23641553327
age_65,28,cCheck,-1.33226762955019e-15
age_65,28,shareq,0.3
age_65,28,A,1.448823061
age_65,28,A_Q,2
age_65,28,xpop,0.93953519
age_65,28,h_Q_1,100
age_65,28,mig_Q_2,-0.211871478
age_65,28,med_Q_2,858.3886764
age_65,28,mig_Q_3,0.002299005
age_65,28,med_Q_3,-127.1935809
age_65,28,mig_Q_4,0.002274719
age_65,28,med_Q_4,-165.9801485
age_65,28,mig_Q_5,0.001024275
age_65,28,med_Q_5,-128.5655206
age_65,28,mig_Q_6,0.00022018
age_65,28,med_Q_6,-100.5434127
age_65,28,mig_Q_7,-8.85673e-05
age_65,28,med_Q_7,-50.02707789
age_65,28,mig_Q_8,9.28911e-05
age_65,28,med_Q_8,-29.15498459
age_65,28,mig_Q_9,0.000283582
age_65,28,med_Q_9,-17.93265039
age_65,28,mig_Q_10,0.00036439
age_65,28,med_Q_10,-10.7406325
age_65,28,mig_Q_11,0.000781673
age_65,28,med_Q_11,-8.41810836
age_65,28,mig_Q_12,0.001476429
age_65,28,med_Q_12,-5.526172307
age_65,28,mig_Q_13,0.002391331
age_65,28,med_Q_13,-3.645335092
age_65,28,mig_Q_14,0.005096351
age_65,28,med_Q_14,-2.442366779
age_65,28,mig_Q_15,0.004892486
age_65,28,med_Q_15,-1.133730806
age_65,28,mig_Q_16,0.002068107
age_65,28,med_Q_16,-0.403931925
age_65,28,mig_Q_17,0.000560062
age_65,28,med_Q_17,-0.109217957
age_65,28,h_NQ_1,100
age_65,28,mig_NQ_2,-0.490455774
age_65,28,med_NQ_2,60.2278481
age_65,28,mig_NQ_3,0.006666989
age_65,28,med_NQ_3,-19.46660987
age_65,28,mig_NQ_4,0.00674622
age_65,28,med_NQ_4,-5.118824296
age_65,28,mig_NQ_5,0.004210802
age_65,28,med_NQ_5,-14.69384046
age_65,28,mig_NQ_6,0.003227834
age_65,28,med_NQ_6,-17.43349813
age_65,28,mig_NQ_7,0.003351954
age_65,28,med_NQ_7,-9.388552989
age_65,28,mig_NQ_8,0.004571897
age_65,28,med_NQ_8,-6.240249729
age_65,28,mig_NQ_9,0.006004347
age_65,28,med_NQ_9,-4.395994291
age_65,28,mig_NQ_10,0.007180507
age_65,28,med_NQ_10,-3.007314022
age_65,28,mig_NQ_11,0.009054585
age_65,28,med_NQ_11,-3.099929033
age_65,28,mig_NQ_12,0.013392461
age_65,28,med_NQ_12,-3.170459397
age_65,28,mig_NQ_13,0.018296162
age_65,28,med_NQ_13,-2.114611958
age_65,28,mig_NQ_14,0.026249584
age_65,28,med_NQ_14,-1.440799026
age_65,28,mig_NQ_15,0.019332121
age_65,28,med_NQ_15,-0.681419365
age_65,28,mig_NQ_16,0.007362801
age_65,28,med_NQ_16,-0.246277643
age_65,28,mig_NQ_17,0.001892467
age_65,28,med_NQ_17,-0.062336845
age_65,29,beta_Q_2,0.999044400005905
age_65,29,beta_Q_3,0.998745300007217
age_65,29,beta_Q_4,0.99811910000893
age_65,29,beta_Q_5,0.997032000013439
age_65,29,beta_Q_6,0.9948210000196
age_65,29,beta_Q_7,0.991605100033018
age_65,29,beta_Q_8,0.986719100056478
age_65,29,beta_Q_9,0.979213400095598
age_65,29,beta_Q_10,0.968202200108787
age_65,29,beta_Q_11,0.947434800357186
age_65,29,beta_Q_12,0.909868200300914
age_65,29,beta_Q_13,0.835661400953156
age_65,29,beta_Q_14,0.681522067623461
age_65,29,beta_Q_15,0.457188922774912
age_65,29,beta_Q_16,0.265002645124233
age_65,29,beta_Q_17,0.166266739332475
age_65,29,h_Q_2,1046.4629552
age_65,29,h_Q_3,797.003267772
age_65,29,h_Q_4,531.6603753952
age_65,29,h_Q_5,336.927223778284
age_65,29,h_Q_6,193.087468545551
age_65,29,h_Q_7,119.119941817776
age_65,29,h_Q_8,75.2961018965637
age_65,29,h_Q_9,48.1079156609053
age_65,29,h_Q_10,31.4487165335264
age_65,29,h_Q_11,19.0239931071434
age_65,29,h_Q_12,11.0948632857595
age_65,29,h_Q_13,6.08499771635664
age_65,29,h_Q_14,3.13993430735863
age_65,29,h_Q_15,1.84226150870136
age_65,29,h_Q_16,1.36054905553093
age_65,29,h_Q_17,1.19942434502035
age_65,29,P_Q_1,0.2809735983
age_65,29,P_Q_2,0.0756185956035018
age_65,29,P_Q_3,0.0795123332179003
age_65,29,P_Q_4,0.0788072046038508
age_65,29,P_Q_5,0.0771549603801176
age_65,29,P_Q_6,0.0752484837171253
age_65,29,P_Q_7,0.0785825158826191
age_65,29,P_Q_8,0.078693732846767
age_65,29,P_Q_9,0.0762567875868598
age_65,29,P_Q_10,0.0758147102228599
age_65,29,P_Q_11,0.0751033000660411
age_65,29,P_Q_12,0.0688508241933155
age_65,29,P_Q_13,0.0571809353827538
age_65,29,P_Q_14,0.0419295415451818
age_65,29,P_Q_15,0.0244423203564251
age_65,29,P_Q_16,0.00731904806789621
age_65,29,P_Q_17,0.00149605388024369
age_65,29,L_Q,1.20128038337552
age_65,29,beta_NQ_2,0.994238100044601
age_65,29,beta_NQ_3,0.992511800052943
age_65,29,beta_NQ_4,0.991200900055157
age_65,29,beta_NQ_5,0.988321000070661
age_65,29,beta_NQ_6,0.982638100097602
age_65,29,beta_NQ_7,0.975817300135451
age_65,29,beta_NQ_8,0.966932700181637
age_65,29,beta_NQ_9,0.955183000222458
age_65,29,beta_NQ_10,0.940206400257566
age_65,29,beta_NQ_11,0.913966000301985
age_65,29,beta_NQ_12,0.857334000343112
age_65,29,beta_NQ_13,0.754398600126073
age_65,29,beta_NQ_14,0.568885938882203
age_65,29,beta_NQ_15,0.347110006176202
age_65,29,beta_NQ_16,0.187461704283178
age_65,29,beta_NQ_17,0.113957001962139
age_65,29,h_NQ_2,173.55386244
age_65,29,h_NQ_3,133.543441678
age_65,29,h_NQ_4,113.64798672324
age_65,29,h_NQ_5,85.6237691620831
age_65,29,h_NQ_6,57.5973827703868
age_65,29,h_NQ_7,41.3518755150211
age_65,29,h_NQ_8,30.2413562683462
age_65,29,h_NQ_9,22.3129615962684
age_65,29,h_NQ_10,16.7241979032724
age_65,29,h_NQ_11,11.623311712227
age_65,29,h_NQ_12,7.00937854548645
age_65,29,h_NQ_13,4.07163803006619
age_65,29,h_NQ_14,2.31957155410291
age_65,29,h_NQ_15,1.53165157792683
age_65,29,h_NQ_16,1.23071121245001
age_65,29,h_NQ_17,1.12861339248949
age_65,29,P_NQ_1,0.6556050627
age_65,29,P_NQ_2,0.17644339135235
age_65,29,P_NQ_3,0.185528778763424
age_65,29,P_NQ_4,0.183883475793862
age_65,29,P_NQ_5,0.180028240866189
age_65,29,P_NQ_6,0.175579793273393
age_65,29,P_NQ_7,0.183359202241193
age_65,29,P_NQ_8,0.183618711536215
age_65,29,P_NQ_9,0.177932500050306
age_65,29,P_NQ_10,0.176900993242671
age_65,29,P_NQ_11,0.17524103486636
age_65,29,P_NQ_12,0.160651922768511
age_65,29,P_NQ_13,0.133422181533619
age_65,29,P_NQ_14,0.0978355923308642
age_65,29,P_NQ_15,0.0570320570673217
age_65,29,P_NQ_16,0.0170777728236493
age_65,29,P_NQ_17,0.00349078704626264
age_65,29,L_NQ,2.11844021821966
age_65,29,pi_Q,0.3
age_65,29,pi_NQ,0.7
age_65,29,y,6.13704557813933
age_65,29,nbar,7.59127065598834
age_65,29,Ptot,4.17661644410965
age_65,29,Pret,0.921073371928445
age_65,29,H,461.812292498743
age_65,29,cCheck,-4.44089209850063e-16
age_65,29,shareq,0.3
age_65,29,A,1.485043638
age_65,29,A_Q,2
age_65,29,xpop,0.936578661
age_65,29,h_Q_1,100
age_65,29,mig_Q_2,-0.205947248
age_65,29,med_Q_2,948.4629552
age_65,29,mig_Q_3,0.002301247
age_65,29,med_Q_3,-140.2576351
age_65,29,mig_Q_4,0.002276801
age_65,29,med_Q_4,-182.8336462
age_65,29,mig_Q_5,0.001026833
age_65,29,med_Q_5,-140.6788974
age_65,29,mig_Q_6,0.000221344
age_65,29,med_Q_6,-109.8023475
age_65,29,mig_Q_7,-8.72957e-05
age_65,29,med_Q_7,-54.53116117
age_65,29,mig_Q_8,9.11373e-05
age_65,29,med_Q_8,-31.78665775
age_65,29,mig_Q_9,0.000296573
age_65,29,med_Q_9,-19.54687918
age_65,29,mig_Q_10,0.000323838
age_65,29,med_Q_10,-11.74401999
age_65,29,mig_Q_11,0.000712345
age_65,29,med_Q_11,-9.217105231
age_65,29,mig_Q_12,0.00157428
age_65,29,med_Q_12,-6.008670674
age_65,29,mig_Q_13,0.002767081
age_65,29,med_Q_13,-3.88246567
age_65,29,mig_Q_14,0.005033774
age_65,29,med_Q_14,-2.509519391
age_65,29,mig_Q_15,0.005913158
age_65,29,med_Q_15,-1.170083875
age_65,29,mig_Q_16,0.002548055
age_65,29,med_Q_16,-0.418817831
age_65,29,mig_Q_17,0.000606006
age_65,29,med_Q_17,-0.114985266
age_65,29,h_NQ_1,100
age_65,29,mig_NQ_2,-0.477074738
age_65,29,med_NQ_2,75.55386244
age_65,29,mig_NQ_3,0.006602478
age_65,29,med_NQ_3,-21.51984946
age_65,29,mig_NQ_4,0.006668457
age_65,29,med_NQ_4,-5.782646013
age_65,29,mig_NQ_5,0.004095933
age_65,29,med_NQ_5,-16.1468316
age_65,29,mig_NQ_6,0.002864505
age_65,29,med_NQ_6,-19.11614699
age_65,29,mig_NQ_7,0.002997446
age_65,29,med_NQ_7,-10.28060659
age_65,29,mig_NQ_8,0.004240046
age_65,29,med_NQ_8,-6.836177399
age_65,29,mig_NQ_9,0.005452269
age_65,29,med_NQ_9,-4.814240064
age_65,29,mig_NQ_10,0.006323468
age_65,29,med_NQ_10,-3.301426718
age_65,29,mig_NQ_11,0.008350371
age_65,29,med_NQ_11,-3.40420551
age_65,29,mig_NQ_12,0.013515418
age_65,29,med_NQ_12,-3.458280125
age_65,29,mig_NQ_13,0.019403184
age_65,29,med_NQ_13,-2.25696091
age_65,29,mig_NQ_14,0.026189583
age_65,29,med_NQ_14,-1.482571154
age_65,29,mig_NQ_15,0.024266249
age_65,29,med_NQ_15,-0.703119312
age_65,29,mig_NQ_16,0.009220687
age_65,29,med_NQ_16,-0.255178291
age_65,29,mig_NQ_17,0.002071591
age_65,29,med_NQ_17,-0.065876349
age_65,30,beta_Q_2,0.999126400005502
age_65,30,beta_Q_3,0.998851900006309
age_65,30,beta_Q_4,0.998275200007838
age_65,30,beta_Q_5,0.997276400011391
age_65,30,beta_Q_6,0.995245400020986
age_65,30,beta_Q_7,0.99229630002757
age_65,30,beta_Q_8,0.987818900046274
age_65,30,beta_Q_9,0.980949800081634
age_65,30,beta_Q_10,0.970853600122191
age_65,30,beta_Q_11,0.951765100113205
age_65,30,beta_Q_12,0.917429600723758
age_65,30,beta_Q_13,0.848286200025582
age_65,30,beta_Q_14,0.692823465951414
age_65,30,beta_Q_15,0.465064923564201
age_65,30,beta_Q_16,0.272945306709456
age_65,30,beta_Q_17,0.175687730710235
age_65,30,h_Q_2,1144.688645
age_65,30,h_Q_3,871.004267896
age_65,30,h_Q_4,579.77736551656
age_65,30,h_Q_5,367.161110287296
age_65,30,h_Q_6,210.322635002718
age_65,30,h_Q_7,129.80775463464
age_65,30,h_Q_8,82.0943920814207
age_65,30,h_Q_9,52.4928871886324
age_65,30,h_Q_10,34.3095545076872
age_65,30,h_Q_11,20.7318766728558
age_65,30,h_Q_12,12.1108775520006
age_65,30,h_Q_13,6.59135818804434
age_65,30,h_Q_14,3.25545104302951
age_65,30,h_Q_15,1.86938564521145
age_65,30,h_Q_16,1.37541232452734
age_65,30,h_Q_17,1.21313247442032
age_65,30,P_Q_1,0.2833521261
age_65,30,P_Q_2,0.0697199469311237
age_65,30,P_Q_3,0.0778295359521438
age_65,30,P_Q_4,0.0816417604710608
age_65,30,P_Q_5,0.0796015638216456
age_65,30,P_Q_6,0.0769779348418212
age_65,30,P_Q_7,0.0745318017236529
age_65,30,P_Q_8,0.0776285378518718
age_65,30,P_Q_9,0.0773485247070974
age_65,30,P_Q_10,0.0741589205148262
age_65,30,P_Q_11,0.0724341848441332
age_65,30,P_Q_12,0.0697571904677483
age_65,30,P_Q_13,0.0604866552021655
age_65,30,P_Q_14,0.0445467643106978
age_65,30,P_Q_15,0.0251025009314876
age_65,30,P_Q_16,0.00950757754742656
age_65,30,P_Q_17,0.00194407625726675
age_65,30,L_Q,1.19688257369985
age_65,30,beta_NQ_2,0.994745900040001
age_65,30,beta_NQ_3,0.993165000047692
age_65,30,beta_NQ_4,0.991957700049225
age_65,30,beta_NQ_5,0.989320400062073
age_65,30,beta_NQ_6,0.984115800090073
age_65,30,beta_NQ_7,0.977871800117743
age_65,30,beta_NQ_8,0.96973140016252
age_65,30,beta_NQ_9,0.958958900217457
age_65,30,beta_NQ_10,0.945184000244609
age_65,30,beta_NQ_11,0.920960100271997
age_65,30,beta_NQ_12,0.868733300402307
age_65,30,beta_NQ_13,0.771350100066914
age_65,30,beta_NQ_14,0.581376032066868
age_65,30,beta_NQ_15,0.353774709963348
age_65,30,beta_NQ_16,0.193102700841009
age_65,30,beta_NQ_17,0.120538499654745
age_65,30,h_NQ_2,190.32755372
age_65,30,h_NQ_3,146.3057790812
age_65,30,h_NQ_4,124.34253882244
age_65,30,h_NQ_5,93.6364657787752
age_65,30,h_NQ_6,62.9556414588415
age_65,30,h_NQ_7,45.1912039749791
age_65,30,h_NQ_8,33.0375372507207
age_65,30,h_NQ_9,24.3658186589793
age_65,30,h_NQ_10,18.242848800343
age_65,30,h_NQ_11,12.6518378652069
age_65,30,h_NQ_12,7.61807830798248
age_65,30,h_NQ_13,4.37349852057672
age_65,30,h_NQ_14,2.38877676446486
age_65,30,h_NQ_15,1.54744793202086
age_65,30,h_NQ_16,1.2393150883683
age_65,30,h_NQ_17,1.13705943520101
age_65,30,P_NQ_1,0.6611549609
age_65,30,P_NQ_2,0.16267987691847
age_65,30,P_NQ_3,0.181602249958567
age_65,30,P_NQ_4,0.19049743949644
age_65,30,P_NQ_5,0.185736980693059
age_65,30,P_NQ_6,0.179615179568666
age_65,30,P_NQ_7,0.173907534830383
age_65,30,P_NQ_8,0.181133252526228
age_65,30,P_NQ_9,0.180479892782144
age_65,30,P_NQ_10,0.173037479361127
age_65,30,P_NQ_11,0.169013103243453
age_65,30,P_NQ_12,0.162766777446243
age_65,30,P_NQ_13,0.141135526644127
age_65,30,P_NQ_14,0.103942444009465
age_65,30,P_NQ_15,0.0585724980582187
age_65,30,P_NQ_16,0.0221843366166156
age_65,30,P_NQ_17,0.00453617479117356
age_65,30,L_NQ,2.11048565332844
age_65,30,pi_Q,0.3
age_65,30,pi_NQ,0.7
age_65,30,y,6.33872612610256
age_65,30,nbar,7.67459702968765
age_65,30,Ptot,4.18856531032055
age_65,30,Pret,0.945929810370221
age_65,30,H,488.767248667685
age_65,30,cCheck,0
age_65,30,shareq,0.3
age_65,30,A,1.522169729
age_65,30,A_Q,2
age_65,30,xpop,0.944507087
age_65,30,h_Q_1,100
age_65,30,mig_Q_2,-0.210985153
age_65,30,med_Q_2,1046.688645
age_65,30,mig_Q_3,0.002305819
age_65,30,med_Q_3,-154.5294282
age_65,30,mig_Q_4,0.002278982
age_65,30,med_Q_4,-201.2858369
age_65,30,mig_Q_5,0.001028259
age_65,30,med_Q_5,-153.8660576
age_65,30,mig_Q_6,0.00022256
age_65,30,med_Q_6,-119.8660443
age_65,30,mig_Q_7,-8.49785e-05
age_65,30,med_Q_7,-59.41796454
age_65,30,mig_Q_8,8.96685e-05
age_65,30,med_Q_8,-34.6431509
age_65,30,mig_Q_9,0.000290567
age_65,30,med_Q_9,-21.29729267
age_65,30,mig_Q_10,0.000326931
age_65,30,med_Q_10,-12.83620284
age_65,30,mig_Q_11,0.00060469
age_65,30,med_Q_11,-10.08786553
age_65,30,mig_Q_12,0.001423086
age_65,30,med_Q_12,-6.532635693
age_65,30,mig_Q_13,0.002950679
age_65,30,med_Q_13,-4.281607832
age_65,30,mig_Q_14,0.005576695
age_65,30,med_Q_14,-2.707846719
age_65,30,mig_Q_15,0.005932779
age_65,30,med_Q_15,-1.207749976
age_65,30,mig_Q_16,0.003030298
age_65,30,med_Q_16,-0.430003954
age_65,30,mig_Q_17,0.000727162
age_65,30,med_Q_17,-0.1202056
age_65,30,h_NQ_1,100
age_65,30,mig_NQ_2,-0.489147655
age_65,30,med_NQ_2,92.32755372
age_65,30,mig_NQ_3,0.006480102
age_65,30,med_NQ_3,-23.77700611
age_65,30,mig_NQ_4,0.006601147
age_65,30,med_NQ_4,-6.530034022
age_65,30,mig_NQ_5,0.00400108
age_65,30,med_NQ_5,-17.73856121
age_65,30,mig_NQ_6,0.002712571
age_65,30,med_NQ_6,-20.95565232
age_65,30,mig_NQ_7,0.002573735
age_65,30,med_NQ_7,-11.25423114
age_65,30,mig_NQ_8,0.003837244
age_65,30,med_NQ_8,-7.487300754
age_65,30,mig_NQ_9,0.005090421
age_65,30,med_NQ_9,-5.270710484
age_65,30,mig_NQ_10,0.005744204
age_65,30,med_NQ_10,-3.623853564
age_65,30,mig_NQ_11,0.00733161
age_65,30,med_NQ_11,-3.73787608
age_65,30,mig_NQ_12,0.01252668
age_65,30,med_NQ_12,-3.77276717
age_65,30,mig_NQ_13,0.019939941
age_65,30,med_NQ_13,-2.495692454
age_65,30,mig_NQ_14,0.028040441
age_65,30,med_NQ_14,-1.601428505
age_65,30,mig_NQ_15,0.024612785
age_65,30,med_NQ_15,-0.725732191
age_65,30,mig_NQ_16,0.01149301
age_65,30,med_NQ_16,-0.261703458
age_65,30,mig_NQ_17,0.002590043
age_65,30,med_NQ_17,-0.069037553
age_65,31,beta_Q_2,0.999201100004965
age_65,31,beta_Q_3,0.99894900000589
age_65,31,beta_Q_4,0.9984177000069
age_65,31,beta_Q_5,0.997499600010505
age_65,31,beta_Q_6,0.995633400017744
age_65,31,beta_Q_7,0.992928000032689
age_65,31,beta_Q_8,0.988823400037651
age_65,31,beta_Q_9,0.9825352000666
age_65,31,beta_Q_10,0.973275500101007
age_65,31,beta_Q_11,0.955727200158588
age_65,31,beta_Q_12,0.924354500154249
age_65,31,beta_Q_13,0.860054901228694
age_65,31,beta_Q_14,0.706900998811492
age_65,31,beta_Q_15,0.475543192940749
age_65,31,beta_Q_16,0.280885408102888
age_65,31,beta_Q_17,0.182826800014415
age_65,31,h_Q_2,1251.721117
age_65,31,h_Q_3,951.4747862
age_65,31,h_Q_4,631.99140493808
age_65,31,h_Q_5,399.936010306229
age_65,31,h_Q_6,229.01112998155
age_65,31,h_Q_7,141.402715012664
age_65,31,h_Q_8,89.4726481319471
age_65,31,h_Q_9,57.2580275297922
age_65,31,h_Q_10,37.4188478448598
age_65,31,h_Q_11,22.5872318775334
age_65,31,h_Q_12,13.2195569743987
age_65,31,h_Q_13,7.14565930696054
age_65,31,h_Q_14,3.41181647128346
age_65,31,h_Q_15,1.90673441016892
age_65,31,h_Q_16,1.39059893430723
age_65,31,h_Q_17,1.22373077603679
age_65,31,P_Q_1,0.2832225447
age_65,31,P_Q_2,0.0661848316841979
age_65,31,P_Q_3,0.071951826460492
age_65,31,P_Q_4,0.0799783415691436
age_65,31,P_Q_5,0.0824493079731718
age_65,31,P_Q_6,0.0794453302279697
age_65,31,P_Q_7,0.0763018258273025
age_65,31,P_Q_8,0.0737128536971259
age_65,31,P_Q_9,0.0764340116864232
age_65,31,P_Q_10,0.0754065566760257
age_65,31,P_Q_11,0.0711528644080807
age_65,31,P_Q_12,0.067651708280304
age_65,31,P_Q_13,0.0619447060263469
age_65,31,P_Q_14,0.0479448471009724
age_65,31,P_Q_15,0.0272311485391872
age_65,31,P_Q_16,0.00990621281591927
age_65,31,P_Q_17,0.00253638572385895
age_65,31,L_Q,1.18815118689717
age_65,31,beta_NQ_2,0.995207700035668
age_65,31,beta_NQ_3,0.993759700042608
age_65,31,beta_NQ_4,0.992647600044338
age_65,31,beta_NQ_5,0.990231900055803
age_65,31,beta_NQ_6,0.985464900078365
age_65,31,beta_NQ_7,0.979749100110498
age_65,31,beta_NQ_8,0.97229120013987
age_65,31,beta_NQ_9,0.962417200193784
age_65,31,beta_NQ_10,0.949751900245191
age_65,31,beta_NQ_11,0.927400800261182
age_65,31,beta_NQ_12,0.879296200358413
age_65,31,beta_NQ_13,0.787429700165937
age_65,31,beta_NQ_14,0.59719125653519
age_65,31,beta_NQ_15,0.363096030026061
age_65,31,beta_NQ_16,0.198786506105067
age_65,31,beta_NQ_17,0.125249499392663
age_65,31,h_NQ_2,208.6680717
age_65,31,h_NQ_3,160.2487059956
age_65,31,h_NQ_4,136.010010339576
age_65,31,h_NQ_5,102.374054315991
age_65,31,h_NQ_6,68.7989762631997
age_65,31,h_NQ_7,49.3805213596646
age_65,31,h_NQ_8,36.0896177294795
age_65,31,h_NQ_9,26.6079163877063
age_65,31,h_NQ_10,19.9012500017997
age_65,31,h_NQ_11,13.7742564623362
age_65,31,h_NQ_12,8.28474330990278
age_65,31,h_NQ_13,4.70432604982283
age_65,31,h_NQ_14,2.48256186216518
age_65,31,h_NQ_15,1.57009533817557
age_65,31,h_NQ_16,1.24810678438044
age_65,31,h_NQ_17,1.14318311160093
age_65,31,P_NQ_1,0.6608526043
age_65,31,P_NQ_2,0.154431274646382
age_65,31,P_NQ_3,0.16788759696749
age_65,31,P_NQ_4,0.186616131192665
age_65,31,P_NQ_5,0.192381719053419
age_65,31,P_NQ_6,0.185372432361064
age_65,31,P_NQ_7,0.178037591973283
age_65,31,P_NQ_8,0.171996657249879
age_65,31,P_NQ_9,0.178346025635362
age_65,31,P_NQ_10,0.175948635023545
age_65,31,P_NQ_11,0.166023348343237
age_65,31,P_NQ_12,0.15785398799192
age_65,31,P_NQ_13,0.144537649070729
age_65,31,P_NQ_14,0.11187127646403
age_65,31,P_NQ_15,0.06353933998233
age_65,31,P_NQ_16,0.0231144955700468
age_65,31,P_NQ_17,0.00591822965160267
age_65,31,L_NQ,2.09457507908048
age_65,31,pi_Q,0.3
age_65,31,pi_NQ,0.7
age_65,31,y,6.51497788472413
age_65,31,nbar,7.70462362173816
age_65,31,Ptot,4.17818429887351
age_65,31,Pret,0.961226199968565
age_65,31,H,512.21394355152
age_65,31,cCheck,4.44089209850063e-16
age_65,31,shareq,0.3
age_65,31,A,1.560223972
age_65,31,A_Q,2
age_65,31,xpop,0.944075149
age_65,31,h_Q_1,100
age_65,31,mig_Q_2,-0.216919758
age_65,31,med_Q_2,1153.721117
age_65,31,mig_Q_3,0.002311925
age_65,31,med_Q_3,-170.3200859
age_65,31,mig_Q_4,0.002283046
age_65,31,med_Q_4,-221.5927776
age_65,31,mig_Q_5,0.001029907
age_65,31,med_Q_5,-168.2458079
age_65,31,mig_Q_6,0.00022224
age_65,31,med_Q_6,-130.8067581
age_65,31,mig_Q_7,-8.30941e-05
age_65,31,med_Q_7,-64.71346729
age_65,31,mig_Q_8,8.89313e-05
age_65,31,med_Q_8,-37.73895141
age_65,31,mig_Q_9,0.000284313
age_65,31,med_Q_9,-23.19447671
age_65,31,mig_Q_10,0.000312463
age_65,31,med_Q_10,-14.0241816
age_65,31,mig_Q_11,0.000570992
age_65,31,med_Q_11,-11.03613154
age_65,31,mig_Q_12,0.001198443
age_65,31,med_Q_12,-7.097682165
age_65,31,mig_Q_13,0.002770644
age_65,31,med_Q_13,-4.723000694
age_65,31,mig_Q_14,0.006038273
age_65,31,med_Q_14,-3.047714553
age_65,31,mig_Q_15,0.006514011
age_65,31,med_Q_15,-1.283607612
age_65,31,mig_Q_16,0.003054603
age_65,31,med_Q_16,-0.441398998
age_65,31,mig_Q_17,0.000866021
age_65,31,med_Q_17,-0.124173302
age_65,31,h_NQ_1,100
age_65,31,mig_NQ_2,-0.503249912
age_65,31,med_NQ_2,110.6680717
age_65,31,mig_NQ_3,0.006319637
age_65,31,med_NQ_3,-26.27229665
age_65,31,mig_NQ_4,0.006474381
age_65,31,med_NQ_4,-7.36965316
age_65,31,mig_NQ_5,0.003918716
age_65,31,med_NQ_5,-19.48163373
age_65,31,mig_NQ_6,0.002585735
age_65,31,med_NQ_6,-22.9647602
age_65,31,mig_NQ_7,0.002396973
age_65,31,med_NQ_7,-12.31600727
age_65,31,mig_NQ_8,0.00335306
age_65,31,med_NQ_8,-8.197762166
age_65,31,mig_NQ_9,0.004646681
age_65,31,med_NQ_9,-5.768870118
age_65,31,mig_NQ_10,0.005361928
age_65,31,med_NQ_10,-3.977252284
age_65,31,mig_NQ_11,0.006662734
age_65,31,med_NQ_11,-4.103735362
age_65,31,mig_NQ_12,0.011026677
age_65,31,med_NQ_12,-4.114057798
age_65,31,mig_NQ_13,0.018987479
age_65,31,med_NQ_13,-2.761390692
age_65,31,mig_NQ_14,0.029818464
age_65,31,med_NQ_14,-1.803466688
age_65,31,mig_NQ_15,0.026767132
age_65,31,med_NQ_15,-0.770905891
age_65,31,mig_NQ_16,0.011803988
age_65,31,med_NQ_16,-0.268392189
age_65,31,mig_NQ_17,0.003244163
age_65,31,med_NQ_17,-0.071345675
age_65,32,beta_Q_2,0.999269100004051
age_65,32,beta_Q_3,0.999037600005409
age_65,32,beta_Q_4,0.998547900006572
age_65,32,beta_Q_5,0.99770360000889
age_65,32,beta_Q_6,0.995988100016699
age_65,32,beta_Q_7,0.993505400026843
age_65,32,beta_Q_8,0.989741200050571
age_65,32,beta_Q_9,0.983982900051167
age_65,32,beta_Q_10,0.975488100082098
age_65,32,beta_Q_11,0.959352600108905
age_65,32,beta_Q_12,0.930694600282621
age_65,32,beta_Q_13,0.87094089970365
age_65,32,beta_Q_14,0.720448003460304
age_65,32,beta_Q_15,0.487967973946839
age_65,32,beta_Q_16,0.291303050042397
age_65,32,beta_Q_17,0.190079902031803
age_65,32,h_Q_2,1368.176221
age_65,32,h_Q_3,1039.06899466
age_65,32,h_Q_4,688.657806176
age_65,32,h_Q_5,435.464204839318
age_65,32,h_Q_6,249.258456200104
age_65,32,h_Q_7,153.974070801919
age_65,32,h_Q_8,97.4772878724105
age_65,32,h_Q_9,62.4332743593082
age_65,32,h_Q_10,40.7965110391964
age_65,32,h_Q_11,24.6018195179626
age_65,32,h_Q_12,14.4288900889828
age_65,32,h_Q_13,7.74838810391073
age_65,32,h_Q_14,3.57715205882133
age_65,32,h_Q_15,1.95300216085779
age_65,32,h_Q_16,1.41104029496554
age_65,32,h_Q_17,1.23468968862108
age_65,32,P_Q_1,0.2793091446
age_65,32,P_Q_2,0.0668246582104452
age_65,32,P_Q_3,0.0684317514264877
age_65,32,P_Q_4,0.07412651408598
age_65,32,P_Q_5,0.0808111477247242
age_65,32,P_Q_6,0.0823117918264391
age_65,32,P_Q_7,0.0787999932551945
age_65,32,P_Q_8,0.0755384868436339
age_65,32,P_Q_9,0.0727043294547856
age_65,32,P_Q_10,0.0746869129488298
age_65,32,P_Q_11,0.072595159285578
age_65,32,P_Q_12,0.0668715004144745
age_65,32,P_Q_13,0.0606186892829693
age_65,32,P_Q_14,0.0499259085611089
age_65,32,P_Q_15,0.0299110906754525
age_65,32,P_Q_16,0.01102520827054
age_65,32,P_Q_17,0.0027762241893963
age_65,32,L_Q,1.17460719899493
age_65,32,beta_NQ_2,0.995627800032365
age_65,32,beta_NQ_3,0.994301400037895
age_65,32,beta_NQ_4,0.993276500039549
age_65,32,beta_NQ_5,0.991063400050626
age_65,32,beta_NQ_6,0.98669650007128
age_65,32,beta_NQ_7,0.981464100096166
age_65,32,beta_NQ_8,0.974632000133309
age_65,32,beta_NQ_9,0.965583600165624
age_65,32,beta_NQ_10,0.953941300216055
age_65,32,beta_NQ_11,0.933326700278642
age_65,32,beta_NQ_12,0.889069100360612
age_65,32,beta_NQ_13,0.802548500099496
age_65,32,beta_NQ_14,0.612639979588461
age_65,32,beta_NQ_15,0.374459167163718
age_65,32,beta_NQ_16,0.206698508885527
age_65,32,beta_NQ_17,0.13006720557363
age_65,32,h_NQ_2,228.717808
age_65,32,h_NQ_3,175.481697256
age_65,32,h_NQ_4,148.732059198688
age_65,32,h_NQ_5,111.899380082784
age_65,32,h_NQ_6,75.1681888196714
age_65,32,h_NQ_7,53.9493631179357
age_65,32,h_NQ_8,39.4197414064713
age_65,32,h_NQ_9,29.0559151938899
age_65,32,h_NQ_10,21.7114247689522
age_65,32,h_NQ_11,14.9985076527637
age_65,32,h_NQ_12,9.01462081008943
age_65,32,h_NQ_13,5.06453483170472
age_65,32,h_NQ_14,2.58157119482637
age_65,32,h_NQ_15,1.59861649092188
age_65,32,h_NQ_16,1.26055478441206
age_65,32,h_NQ_17,1.14951408369283
age_65,32,P_NQ_1,0.6517213374
age_65,32,P_NQ_2,0.155924203387985
age_65,32,P_NQ_3,0.159674087169786
age_65,32,P_NQ_4,0.17296186720699
age_65,32,P_NQ_5,0.188559346171975
age_65,32,P_NQ_6,0.192060848543882
age_65,32,P_NQ_7,0.183866647791046
age_65,32,P_NQ_8,0.176256467969716
age_65,32,P_NQ_9,0.169643432313118
age_65,32,P_NQ_10,0.174269461748363
age_65,32,P_NQ_11,0.169388707925698
age_65,32,P_NQ_12,0.15603349836899
age_65,32,P_NQ_13,0.141443611434475
age_65,32,P_NQ_14,0.116493926265191
age_65,32,P_NQ_15,0.0697925173580372
age_65,32,P_NQ_16,0.0257254813953094
age_65,32,P_NQ_17,0.00647785499886228
age_65,32,L_NQ,2.07031297222271
age_65,32,pi_Q,0.3
age_65,32,pi_NQ,0.7
age_65,32,y,6.66765261097342
age_65,32,nbar,7.68781768976164
age_65,32,Ptot,4.15756180850546
age_65,32,Pret,0.979079378426082
age_65,32,H,539.998213005932
age_65,32,cCheck,4.44089209850063e-16
age_65,32,shareq,0.3
age_65,32,A,1.599229571
age_65,32,A_Q,2
age_65,32,xpop,0.931030482
age_65,32,h_Q_1,100
age_65,32,mig_Q_2,-0.21617162
age_65,32,med_Q_2,1270.176221
age_65,32,mig_Q_3,0.00231648
age_65,32,med_Q_3,-187.6177
age_65,32,mig_Q_4,0.002288537
age_65,32,med_Q_4,-243.7874843
age_65,32,mig_Q_5,0.001032784
age_65,32,med_Q_5,-183.887372
age_65,32,mig_Q_6,0.000222507
age_65,32,med_Q_6,-142.6788339
age_65,32,mig_Q_7,-8.34996e-05
age_65,32,med_Q_7,-70.45683658
age_65,32,mig_Q_8,8.9456e-05
age_65,32,med_Q_8,-41.09737284
age_65,32,mig_Q_9,0.000278856
age_65,32,med_Q_9,-25.24992081
age_65,32,mig_Q_10,0.000295562
age_65,32,med_Q_10,-15.31635594
age_65,32,mig_Q_11,0.000527062
age_65,32,med_Q_11,-12.06865137
age_65,32,mig_Q_12,0.00110103
age_65,32,med_Q_12,-7.706597151
age_65,32,mig_Q_13,0.002434506
age_65,32,med_Q_13,-5.206777731
age_65,32,mig_Q_14,0.006137134
age_65,32,med_Q_14,-3.425594062
age_65,32,mig_Q_15,0.007111245
age_65,32,med_Q_15,-1.390577981
age_65,32,mig_Q_16,0.003376376
age_65,32,med_Q_16,-0.457559427
age_65,32,mig_Q_17,0.000965103
age_65,32,med_Q_17,-0.128097267
age_65,32,h_NQ_1,100
age_65,32,mig_NQ_2,-0.501761397
age_65,32,med_NQ_2,130.717808
age_65,32,mig_NQ_3,0.00620651
age_65,32,med_NQ_3,-29.01301301
age_65,32,mig_NQ_4,0.006308647
age_65,32,med_NQ_4,-8.311672677
age_65,32,mig_NQ_5,0.0037661
age_65,32,med_NQ_5,-21.39043005
age_65,32,mig_NQ_6,0.002475417
age_65,32,med_NQ_6,-25.15838441
age_65,32,mig_NQ_7,0.002248174
age_65,32,med_NQ_7,-13.47363362
age_65,32,mig_NQ_8,0.003152084
age_65,32,med_NQ_8,-8.973169526
age_65,32,mig_NQ_9,0.004110891
age_65,32,med_NQ_9,-6.311910181
age_65,32,mig_NQ_10,0.004884985
age_65,32,med_NQ_10,-4.364333291
age_65,32,mig_NQ_11,0.006213803
age_65,32,med_NQ_11,-4.504717349
age_65,32,mig_NQ_12,0.010049799
age_65,32,med_NQ_12,-4.484150523
age_65,32,mig_NQ_13,0.017144693
age_65,32,med_NQ_13,-3.054513612
age_65,32,mig_NQ_14,0.030177306
age_65,32,med_NQ_14,-2.028668334
age_65,32,mig_NQ_15,0.029172501
age_65,32,med_NQ_15,-0.834294134
age_65,32,mig_NQ_16,0.013094718
age_65,32,med_NQ_16,-0.278138647
age_65,32,mig_NQ_17,0.003582776
age_65,32,med_NQ_17,-0.073630565
age_65,33,beta_Q_2,0.999331100003848
age_65,33,beta_Q_3,0.99911830000427
age_65,33,beta_Q_4,0.998666800006164
age_65,33,beta_Q_5,0.997890200009164
age_65,33,beta_Q_6,0.996312500012747
age_65,33,beta_Q_7,0.994033200025952
age_65,33,beta_Q_8,0.990580000040723
age_65,33,beta_Q_9,0.985305400080463
age_65,33,beta_Q_10,0.977510000054601
age_65,33,beta_Q_11,0.962670300082601
age_65,33,beta_Q_12,0.936498500182189
age_65,33,beta_Q_13,0.88100390014641
age_65,33,beta_Q_14,0.733422297417913
age_65,33,beta_Q_15,0.500254993343758
age_65,33,beta_Q_16,0.303879367492908
age_65,33,beta_Q_17,0.199849538965479
age_65,33,h_Q_2,1494.991778
age_65,33,h_Q_3,1134.17262098
age_65,33,h_Q_4,750.0750079668
age_65,33,h_Q_5,473.97857645248
age_65,33,h_Q_6,271.186440642532
age_65,33,h_Q_7,167.594020346102
age_65,33,h_Q_8,106.157112565881
age_65,33,h_Q_9,68.0522097349623
age_65,33,h_Q_10,44.464206232122
age_65,33,h_Q_11,26.7883213184125
age_65,33,h_Q_12,15.7476594726033
age_65,33,h_Q_13,8.40363674620311
age_65,33,h_Q_14,3.75125147483252
age_65,33,h_Q_15,2.00101976264491
age_65,33,h_Q_16,1.43653247264063
age_65,33,h_Q_17,1.24976492106623
age_65,33,P_Q_1,0.2728829697
age_65,33,P_Q_2,0.0680530875473432
age_65,33,P_Q_3,0.0690791191597449
age_65,33,P_Q_4,0.070625268680691
age_65,33,P_Q_5,0.074993456959692
age_65,33,P_Q_6,0.0807093744825169
age_65,33,P_Q_7,0.0816939958654526
age_65,33,P_Q_8,0.0780791852883731
age_65,33,P_Q_9,0.0746060143498758
age_65,33,P_Q_10,0.0711997692075917
age_65,33,P_Q_11,0.0721264721315673
age_65,33,P_Q_12,0.0685634817537442
age_65,33,P_Q_13,0.0605398167355155
age_65,33,P_Q_14,0.0495108806662957
age_65,33,P_Q_15,0.0318012424480195
age_65,33,P_Q_16,0.012408367943854
age_65,33,P_Q_17,0.00319390850794446
age_65,33,L_Q,1.16033860227457
age_65,33,beta_NQ_2,0.996010100027693
age_65,33,beta_NQ_3,0.994794500034543
age_65,33,beta_NQ_4,0.993849800034964
age_65,33,beta_NQ_5,0.991821900044768
age_65,33,beta_NQ_6,0.987820900065339
age_65,33,beta_NQ_7,0.983030700088044
age_65,33,beta_NQ_8,0.976772100115308
age_65,33,beta_NQ_9,0.968481400160999
age_65,33,beta_NQ_10,0.957781700181515
age_65,33,beta_NQ_11,0.938775200242247
age_65,33,beta_NQ_12,0.898099100429958
age_65,33,beta_NQ_13,0.816738200140866
age_65,33,beta_NQ_14,0.627654083587172
age_65,33,beta_NQ_15,0.385817471492571
age_65,33,beta_NQ_16,0.216589118704366
age_65,33,beta_NQ_17,0.136997204856169
age_65,33,h_NQ_2,250.6328479
age_65,33,h_NQ_3,192.10450488
age_65,33,h_NQ_4,162.59633832788
age_65,33,h_NQ_5,122.277790684714
age_65,33,h_NQ_6,82.1078733311287
age_65,33,h_NQ_7,58.929949963278
age_65,33,h_NQ_8,43.051674915577
age_65,33,h_NQ_9,31.7272975323419
age_65,33,h_NQ_10,23.6864108600121
age_65,33,h_NQ_11,16.3332505785731
age_65,33,h_NQ_12,9.8134560187084
age_65,33,h_NQ_13,5.45667454688764
age_65,33,h_NQ_14,2.68566758207063
age_65,33,h_NQ_15,1.62818028292984
age_65,33,h_NQ_16,1.27646934510344
age_65,33,h_NQ_17,1.15874479372381
age_65,33,P_NQ_1,0.6367269293
age_65,33,P_NQ_2,0.158790539389713
age_65,33,P_NQ_3,0.161184611728467
age_65,33,P_NQ_4,0.164792293451015
age_65,33,P_NQ_5,0.174984735193265
age_65,33,P_NQ_6,0.188321875923617
age_65,33,P_NQ_7,0.190619324879827
age_65,33,P_NQ_8,0.182184762694394
age_65,33,P_NQ_9,0.174080699894675
age_65,33,P_NQ_10,0.166132794393891
age_65,33,P_NQ_11,0.168295099692934
age_65,33,P_NQ_12,0.159981460166747
age_65,33,P_NQ_13,0.14125957108131
age_65,33,P_NQ_14,0.115525530222135
age_65,33,P_NQ_15,0.074202938608895
age_65,33,P_NQ_16,0.0289528442692735
age_65,33,P_NQ_17,0.00745245247712429
age_65,33,L_NQ,2.04532777803523
age_65,33,pi_Q,0.3
age_65,33,pi_NQ,0.7
age_65,33,y,6.82660577033888
age_65,33,nbar,7.67538570569099
age_65,33,Ptot,4.1335548747955
age_65,33,Pret,0.99381406670536
age_65,33,H,574.628542676219
age_65,33,cCheck,0
age_65,33,shareq,0.3
age_65,33,A,1.639210311
age_65,33,A_Q,2
age_65,33,xpop,0.909609899
age_65,33,h_Q_1,100
age_65,33,mig_Q_2,-0.21105191
age_65,33,med_Q_2,1396.991778
age_65,33,mig_Q_3,0.002318773
age_65,33,med_Q_3,-206.6400756
age_65,33,mig_Q_4,0.002292887
age_65,33,med_Q_4,-268.2126068
age_65,33,mig_Q_5,0.001037167
age_65,33,med_Q_5,-200.9060736
age_65,33,mig_Q_6,0.000222433
age_65,33,med_Q_6,-155.5684801
age_65,33,mig_Q_7,-8.32138e-05
age_65,33,med_Q_7,-76.67926673
age_65,33,mig_Q_8,8.75854e-05
age_65,33,med_Q_8,-44.73747682
age_65,33,mig_Q_9,0.000277435
age_65,33,med_Q_9,-27.47553238
age_65,33,mig_Q_10,0.000277561
age_65,33,med_Q_10,-16.72040264
age_65,33,mig_Q_11,0.000475388
age_65,33,med_Q_11,-13.1922595
age_65,33,mig_Q_12,0.000999559
age_65,33,med_Q_12,-8.362123655
age_65,33,mig_Q_13,0.002298692
age_65,33,med_Q_13,-5.736675541
age_65,33,mig_Q_14,0.005838267
age_65,33,med_Q_14,-3.842168867
age_65,33,mig_Q_15,0.007438998
age_65,33,med_Q_15,-1.504589255
age_65,33,mig_Q_16,0.003695176
age_65,33,med_Q_16,-0.477409645
age_65,33,mig_Q_17,0.001098238
age_65,33,med_Q_17,-0.133054568
age_65,33,h_NQ_1,100
age_65,33,mig_NQ_2,-0.490081342
age_65,33,med_NQ_2,152.6328479
age_65,33,mig_NQ_3,0.006148958
age_65,33,med_NQ_3,-32.03894696
age_65,33,mig_NQ_4,0.006191775
age_65,33,med_NQ_4,-9.375724983
age_65,33,mig_NQ_5,0.003568559
age_65,33,med_NQ_5,-23.47962733
age_65,33,mig_NQ_6,0.002271029
age_65,33,med_NQ_6,-27.55351915
age_65,33,mig_NQ_7,0.002118497
age_65,33,med_NQ_7,-14.73487508
age_65,33,mig_NQ_8,0.002982444
age_65,33,med_NQ_8,-9.81870094
age_65,33,mig_NQ_9,0.003890345
age_65,33,med_NQ_9,-6.904049046
age_65,33,mig_NQ_10,0.004302918
age_65,33,med_NQ_10,-4.78838603
age_65,33,mig_NQ_11,0.005644758
age_65,33,med_NQ_11,-4.943945695
age_65,33,mig_NQ_12,0.009383194
age_65,33,med_NQ_12,-4.885081481
age_65,33,mig_NQ_13,0.016035121
age_65,33,med_NQ_13,-3.377653847
age_65,33,mig_NQ_14,0.028871519
age_65,33,med_NQ_14,-2.277576553
age_65,33,mig_NQ_15,0.03058072
age_65,33,med_NQ_15,-0.901759488
age_65,33,mig_NQ_16,0.014526835
age_65,33,med_NQ_16,-0.290174816
age_65,33,mig_NQ_17,0.004106411
age_65,33,med_NQ_17,-0.076598895
age_65,34,beta_Q_2,0.999387600003082
age_65,34,beta_Q_3,0.999192000004174
age_65,34,beta_Q_4,0.998775500004561
age_65,34,beta_Q_5,0.998060900008674
age_65,34,beta_Q_6,0.996609400015466
age_65,34,beta_Q_7,0.994516100018804
age_65,34,beta_Q_8,0.991347000040712
age_65,34,beta_Q_9,0.986513900063244
age_65,34,beta_Q_10,0.979358000120197
age_65,34,beta_Q_11,0.96570680003116
age_65,34,beta_Q_12,0.941810400130737
age_65,34,beta_Q_13,0.890301199915984
age_65,34,beta_Q_14,0.745840599275976
age_65,34,beta_Q_15,0.512354776424236
age_65,34,beta_Q_16,0.316518299435644
age_65,34,beta_Q_17,0.211702231823928
age_65,34,h_Q_2,1632.91966
age_65,34,h_Q_3,1237.62376284
age_65,34,h_Q_4,816.6598610604
age_65,34,h_Q_5,515.703161707464
age_65,34,h_Q_6,294.93305052343
age_65,34,h_Q_7,182.351975749681
age_65,34,h_Q_8,115.56685552918
age_65,34,h_Q_9,74.1504215845631
age_65,34,h_Q_10,48.4449182102631
age_65,34,h_Q_11,29.1602999174796
age_65,34,h_Q_12,17.1852014350442
age_65,34,h_Q_13,9.11586996915126
age_65,34,h_Q_14,3.93453870727905
age_65,34,h_Q_15,2.05067039033587
age_65,34,h_Q_16,1.46309679139201
age_65,34,h_Q_17,1.26855610818782
age_65,34,P_Q_1,0.2665561473
age_65,34,P_Q_2,0.0688999292826177
age_65,34,P_Q_3,0.0703138001403434
age_65,34,P_Q_4,0.071282195878507
age_65,34,P_Q_5,0.0715170524894757
age_65,34,P_Q_6,0.0749405245881091
age_65,34,P_Q_7,0.0801450424889491
age_65,34,P_Q_8,0.0810113898277268
age_65,34,P_Q_9,0.0772048378985171
age_65,34,P_Q_10,0.0731990330912207
age_65,34,P_Q_11,0.0689577981888842
age_65,34,P_Q_12,0.0684328579746452
age_65,34,P_Q_13,0.0625715878326659
age_65,34,P_Q_14,0.0503068294754212
age_65,34,P_Q_15,0.0320200662781614
age_65,34,P_Q_16,0.0135383444405928
age_65,34,P_Q_17,0.00375145061289325
age_65,34,L_Q,1.1511269929108
age_65,34,beta_NQ_2,0.996358100025542
age_65,34,beta_NQ_3,0.995243800029205
age_65,34,beta_NQ_4,0.994372700032295
age_65,34,beta_NQ_5,0.992514000039826
age_65,34,beta_NQ_6,0.988847600057919
age_65,34,beta_NQ_7,0.984461900081442
age_65,34,beta_NQ_8,0.978728200106791
age_65,34,beta_NQ_9,0.971132900138259
age_65,34,beta_NQ_10,0.961300700181115
age_65,34,beta_NQ_11,0.943781400192425
age_65,34,beta_NQ_12,0.906432000373016
age_65,34,beta_NQ_13,0.83003340034535
age_65,34,beta_NQ_14,0.642230985309805
age_65,34,beta_NQ_15,0.397119873183648
age_65,34,beta_NQ_16,0.226629921509611
age_65,34,beta_NQ_17,0.145706808057655
age_65,34,h_NQ_2,274.581949
age_65,34,h_NQ_3,210.251881712
age_65,34,h_NQ_4,177.7051161624
age_65,34,h_NQ_5,133.582687681322
age_65,34,h_NQ_6,89.6667981810199
age_65,34,h_NQ_7,64.3579330845062
age_65,34,h_NQ_8,47.0105961840124
age_65,34,h_NQ_9,34.6415123002654
age_65,34,h_NQ_10,25.8402606766951
age_65,34,h_NQ_11,17.7877072618119
age_65,34,h_NQ_12,10.6874145010016
age_65,34,h_NQ_13,5.88350888133423
age_65,34,h_NQ_14,2.79509181594989
age_65,34,h_NQ_15,1.65870432942921
age_65,34,h_NQ_16,1.29304197227125
age_65,34,h_NQ_17,1.17055830320137
age_65,34,P_NQ_1,0.6219643437
age_65,34,P_NQ_2,0.160766499542419
age_65,34,P_NQ_3,0.164065536242405
age_65,34,P_NQ_4,0.16632512613505
age_65,34,P_NQ_5,0.166873123603321
age_65,34,P_NQ_6,0.174861227616306
age_65,34,P_NQ_7,0.187005100531087
age_65,34,P_NQ_8,0.189026578285431
age_65,34,P_NQ_9,0.180144620062266
age_65,34,P_NQ_10,0.17079774271391
age_65,34,P_NQ_11,0.160901527323929
age_65,34,P_NQ_12,0.159676666640994
age_65,34,P_NQ_13,0.146000372832496
age_65,34,P_NQ_14,0.117382738634957
age_65,34,P_NQ_15,0.0747135279631427
age_65,34,P_NQ_16,0.0315894730785747
age_65,34,P_NQ_17,0.00875338073752642
age_65,34,L_NQ,2.02968670041476
age_65,34,pi_Q,0.3
age_65,34,pi_NQ,0.7
age_65,34,y,7.01985543254715
age_65,34,nbar,7.71080047126107
age_65,34,Ptot,4.11549647343254
age_65,34,Pret,0.998596622014884
age_65,34,H,616.568728047301
age_65,34,cCheck,-1.33226762955019e-15
age_65,34,shareq,0.3
age_65,34,A,1.680190569
age_65,34,A_Q,2
age_65,34,xpop,0.888520491
age_65,34,h_Q_1,100
age_65,34,mig_Q_2,-0.203800509
age_65,34,med_Q_2,1534.91966
age_65,34,mig_Q_3,0.002320715
age_65,34,med_Q_3,-227.4681796
age_65,34,mig_Q_4,0.002295173
age_65,34,med_Q_4,-294.8293075
age_65,34,mig_Q_5,0.001040789
age_65,34,med_Q_5,-219.3703461
age_65,34,mig_Q_6,0.000223606
age_65,34,med_Q_6,-169.5659544
age_65,34,mig_Q_7,-8.27553e-05
age_65,34,med_Q_7,-83.41073608
age_65,34,mig_Q_8,8.69514e-05
age_65,34,med_Q_8,-48.67528441
age_65,34,mig_Q_9,0.000272995
age_65,34,med_Q_9,-29.88354873
age_65,34,mig_Q_10,0.000270908
age_65,34,med_Q_10,-18.24624733
age_65,34,mig_Q_11,0.000415895
age_65,34,med_Q_11,-14.41462219
age_65,34,mig_Q_12,0.000886525
age_65,34,med_Q_12,-9.067353457
age_65,34,mig_Q_13,0.002166893
age_65,34,med_Q_13,-6.316836314
age_65,34,mig_Q_14,0.005905578
age_65,34,med_Q_14,-4.301025304
age_65,34,mig_Q_15,0.007252001
age_65,34,med_Q_15,-1.625556055
age_65,34,mig_Q_16,0.003874603
age_65,34,med_Q_16,-0.497902576
age_65,34,mig_Q_17,0.001271644
age_65,34,med_Q_17,-0.139245715
age_65,34,h_NQ_1,100
age_65,34,mig_NQ_2,-0.473419953
age_65,34,med_NQ_2,176.581949
age_65,34,mig_NQ_3,0.006101581
age_65,34,med_NQ_3,-35.36830923
age_65,34,mig_NQ_4,0.006131832
age_65,34,med_NQ_4,-10.55729862
age_65,34,mig_NQ_5,0.003428518
age_65,34,med_NQ_5,-25.76172388
age_65,34,mig_NQ_6,0.002007649
age_65,34,med_NQ_6,-30.16543669
age_65,34,mig_NQ_7,0.001878915
age_65,34,med_NQ_7,-16.10778278
age_65,34,mig_NQ_8,0.00283494
age_65,34,med_NQ_8,-10.74075478
age_65,34,mig_NQ_9,0.003702066
age_65,34,med_NQ_9,-7.549129117
age_65,34,mig_NQ_10,0.004066434
age_65,34,med_NQ_10,-5.252490905
age_65,34,mig_NQ_11,0.00494018
age_65,34,med_NQ_11,-5.424975381
age_65,34,mig_NQ_12,0.008530989
age_65,34,med_NQ_12,-5.319171066
age_65,34,mig_NQ_13,0.015337403
age_65,34,med_NQ_13,-3.733678017
age_65,34,mig_NQ_14,0.028720592
age_65,34,med_NQ_14,-2.55244924
age_65,34,mig_NQ_15,0.03014176
age_65,34,med_NQ_15,-0.973249901
age_65,34,mig_NQ_16,0.015517924
age_65,34,med_NQ_16,-0.302574705
age_65,34,mig_NQ_17,0.004786922
age_65,34,med_NQ_17,-0.080381655
age_65,35,beta_Q_2,0.99943910000293
age_65,35,beta_Q_3,0.99925920000321
age_65,35,beta_Q_4,0.998875000004838
age_65,35,beta_Q_5,0.998217000005663
age_65,35,beta_Q_6,0.996881100014151
age_65,35,beta_Q_7,0.994957800025594
age_65,35,beta_Q_8,0.992048400026808
age_65,35,beta_Q_9,0.987618300065522
age_65,35,beta_Q_10,0.981047400091141
age_65,35,beta_Q_11,0.968486200199883
age_65,35,beta_Q_12,0.946671900020683
age_65,35,beta_Q_13,0.898886899824713
age_65,35,beta_Q_14,0.757719698206412
age_65,35,beta_Q_15,0.524262384130702
age_65,35,beta_Q_16,0.329157368970759
age_65,35,beta_Q_17,0.22375696978696
age_65,35,h_Q_2,1782.848993
age_65,35,h_Q_3,1349.8920083
age_65,35,h_Q_4,888.8888893832
age_65,35,h_Q_5,560.852495639192
age_65,35,h_Q_6,320.625862073315
age_65,35,h_Q_7,198.326127802962
age_65,35,h_Q_8,125.760853124688
age_65,35,h_Q_9,80.7643539485964
age_65,35,h_Q_10,52.7632093128719
age_65,35,h_Q_11,31.7321301360578
age_65,35,h_Q_12,18.75183994213
age_65,35,h_Q_13,9.88991530834334
age_65,35,h_Q_14,4.12745069476824
age_65,35,h_Q_15,2.10199819013347
age_65,35,h_Q_16,1.49066238152915
age_65,35,h_Q_17,1.28825625856417
age_65,35,P_Q_1,0.2625270279
age_65,35,P_Q_2,0.0686167203162151
age_65,35,P_Q_3,0.0711668861400449
age_65,35,P_Q_4,0.0725246548923922
age_65,35,P_Q_5,0.0721866565730973
age_65,35,P_Q_6,0.071500047772411
age_65,35,P_Q_7,0.0744493036467295
age_65,35,P_Q_8,0.0795372315395551
age_65,35,P_Q_9,0.0801893791284946
age_65,35,P_Q_10,0.0758730366438957
age_65,35,P_Q_11,0.0710834880118977
age_65,35,P_Q_12,0.0657041245044077
age_65,35,P_Q_13,0.0629227495685068
age_65,35,P_Q_14,0.0526468205667649
age_65,35,P_Q_15,0.0333607233684916
age_65,35,P_Q_16,0.0138983629261803
age_65,35,P_Q_17,0.00431255073327455
age_65,35,L_Q,1.14233181024467
age_65,35,beta_NQ_2,0.996674600022679
age_65,35,beta_NQ_3,0.995652800027067
age_65,35,beta_NQ_4,0.994849500026568
age_65,35,beta_NQ_5,0.993145400037061
age_65,35,beta_NQ_6,0.98978510005142
age_65,35,beta_NQ_7,0.985769000073407
age_65,35,beta_NQ_8,0.980516300099409
age_65,35,beta_NQ_9,0.973558100129307
age_65,35,beta_NQ_10,0.964524000153219
age_65,35,beta_NQ_11,0.94837860020566
age_65,35,beta_NQ_12,0.914113700281407
age_65,35,beta_NQ_13,0.842470900251059
age_65,35,beta_NQ_14,0.656369384900565
age_65,35,beta_NQ_15,0.408358575984497
age_65,35,beta_NQ_16,0.236769321574473
age_65,35,beta_NQ_17,0.154645610028818
age_65,35,h_NQ_2,300.7157034
age_65,35,h_NQ_3,230.03312479
age_65,35,h_NQ_4,194.15590714776
age_65,35,h_NQ_5,145.887433289152
age_65,35,h_NQ_6,97.8962104376959
age_65,35,h_NQ_7,70.2691307773995
age_65,35,h_NQ_8,51.324953682816
age_65,35,h_NQ_9,37.8187649103322
age_65,35,h_NQ_10,28.1880707992601
age_65,35,h_NQ_11,19.3718109161612
age_65,35,h_NQ_12,11.6433004935756
age_65,35,h_NQ_13,6.34803347498161
age_65,35,h_NQ_14,2.91009325470755
age_65,35,h_NQ_15,1.69021273563089
age_65,35,h_NQ_16,1.31021982884063
age_65,35,h_NQ_17,1.18293581882582
age_65,35,P_NQ_1,0.6125630651
age_65,35,P_NQ_2,0.160105680772565
age_65,35,P_NQ_3,0.16605606792199
age_65,35,P_NQ_4,0.169224198255606
age_65,35,P_NQ_5,0.168435535247427
age_65,35,P_NQ_6,0.166833444789312
age_65,35,P_NQ_7,0.173715046389722
age_65,35,P_NQ_8,0.18558687345358
age_65,35,P_NQ_9,0.187108552173542
age_65,35,P_NQ_10,0.177037084399717
age_65,35,P_NQ_11,0.165861471768239
age_65,35,P_NQ_12,0.153309622275302
age_65,35,P_NQ_13,0.146819748567835
age_65,35,P_NQ_14,0.122842727299813
age_65,35,P_NQ_15,0.0778417302806632
age_65,35,P_NQ_16,0.0324295159779932
age_65,35,P_NQ_17,0.0100626172905023
age_65,35,L_NQ,2.01463950398144
age_65,35,pi_Q,0.3
age_65,35,pi_NQ,0.7
age_65,35,y,7.22831753153673
age_65,35,nbar,7.76131748510871
age_65,35,Ptot,4.10833274619617
age_65,35,Pret,1.01309625313987
age_65,35,H,662.938869751579
age_65,35,cCheck,4.44089209850063e-16
age_65,35,shareq,0.3
age_65,35,A,1.722195333
age_65,35,A_Q,2
age_65,35,xpop,0.875090093
age_65,35,h_Q_1,100
age_65,35,mig_Q_2,-0.197776188
age_65,35,med_Q_2,1684.848993
age_65,35,mig_Q_3,0.002322628
age_65,35,med_Q_3,-250.3692585
age_65,35,mig_Q_4,0.002296954
age_65,35,med_Q_4,-323.9823982
age_65,35,mig_Q_5,0.001042684
age_65,35,med_Q_5,-239.4741682
age_65,35,mig_Q_6,0.000225481
age_65,35,med_Q_6,-184.7632364
age_65,35,mig_Q_7,-8.02546e-05
age_65,35,med_Q_7,-90.70826171
age_65,35,mig_Q_8,8.56841e-05
age_65,35,med_Q_8,-52.94408311
age_65,35,mig_Q_9,0.000270517
age_65,35,med_Q_9,-32.49116447
age_65,35,mig_Q_10,0.000261861
age_65,35,med_Q_10,-19.90420384
age_65,35,mig_Q_11,0.000394684
age_65,35,med_Q_11,-15.74388971
age_65,35,mig_Q_12,0.000758953
age_65,35,med_Q_12,-9.825253977
age_65,35,mig_Q_13,0.001996894
age_65,35,med_Q_13,-6.951582098
age_65,35,mig_Q_14,0.00597839
age_65,35,med_Q_14,-4.806101875
age_65,35,mig_Q_15,0.007585779
age_65,35,med_Q_15,-1.753849743
age_65,35,mig_Q_16,0.003763426
age_65,35,med_Q_16,-0.518994601
age_65,35,mig_Q_17,0.001446453
age_65,35,med_Q_17,-0.145578597
age_65,35,h_NQ_1,100
age_65,35,mig_NQ_2,-0.459593531
age_65,35,med_NQ_2,202.7157034
age_65,35,mig_NQ_3,0.006054206
age_65,35,med_NQ_3,-39.05718523
age_65,35,mig_NQ_4,0.006081908
age_65,35,med_NQ_4,-11.89093693
age_65,35,mig_NQ_5,0.003355519
age_65,35,med_NQ_5,-28.26358055
age_65,35,mig_NQ_6,0.001821357
age_65,35,med_NQ_6,-33.01482349
age_65,35,mig_NQ_7,0.00157083
age_65,35,med_NQ_7,-17.60433144
age_65,35,mig_NQ_8,0.002559708
age_65,35,med_NQ_8,-11.74582074
age_65,35,mig_NQ_9,0.003538623
age_65,35,med_NQ_9,-8.25161935
age_65,35,mig_NQ_10,0.003863935
age_65,35,med_NQ_10,-5.760611255
age_65,35,mig_NQ_11,0.004665739
age_65,35,med_NQ_11,-5.951644547
age_65,35,mig_NQ_12,0.007463329
age_65,35,med_NQ_12,-5.788652623
age_65,35,mig_NQ_13,0.014282782
age_65,35,med_NQ_13,-4.125632736
age_65,35,mig_NQ_14,0.029076764
age_65,35,med_NQ_14,-2.855745449
age_65,35,mig_NQ_15,0.031226712
age_65,35,med_NQ_15,-1.048977244
age_65,35,mig_NQ_16,0.015497195
age_65,35,med_NQ_16,-0.315310414
age_65,35,mig_NQ_17,0.005459816
age_65,35,med_NQ_17,-0.084245314
age_65,36,beta_Q_2,0.999486100002423
age_65,36,beta_Q_3,0.999320600003142
age_65,36,beta_Q_4,0.998965900003381
age_65,36,beta_Q_5,0.998359900006839
age_65,36,beta_Q_6,0.997129900007867
age_65,36,beta_Q_7,0.995362200023692
age_65,36,beta_Q_8,0.992690100042264
age_65,36,beta_Q_9,0.988628000039784
age_65,36,beta_Q_10,0.982592400098441
age_65,36,beta_Q_11,0.971031100136121
age_65,36,beta_Q_12,0.951120700425128
age_65,36,beta_Q_13,0.906811999552915
age_65,36,beta_Q_14,0.769077097730359
age_65,36,beta_Q_15,0.535973181667229
age_65,36,beta_Q_16,0.341780584233152
age_65,36,beta_Q_17,0.235953329672189
age_65,36,h_Q_2,1945.903872
age_65,36,h_Q_3,1471.88695934
age_65,36,h_Q_4,967.024465434
age_65,36,h_Q_5,609.718920095536
age_65,36,h_Q_6,348.419915526408
age_65,36,h_Q_7,215.619475131848
age_65,36,h_Q_8,136.800777336902
age_65,36,h_Q_9,87.9352796021941
age_65,36,h_Q_10,57.4461730396245
age_65,36,h_Q_11,34.5197781466144
age_65,36,h_Q_12,20.4585582033367
age_65,36,h_Q_13,10.7309953262874
age_65,36,h_Q_14,4.33044964417647
age_65,36,h_Q_15,2.15504698187287
age_65,36,h_Q_16,1.5192500263308
age_65,36,h_Q_17,1.30882048689857
age_65,36,P_Q_1,0.2611496442
age_65,36,P_Q_2,0.0667486674908202
age_65,36,P_Q_3,0.0708905500500251
age_65,36,P_Q_4,0.0733855463934816
age_65,36,P_Q_5,0.0734394104331298
age_65,36,P_Q_6,0.0721877926109329
age_65,36,P_Q_7,0.0710624787333629
age_65,36,P_Q_8,0.073943785665848
age_65,36,P_Q_9,0.0788189434050132
age_65,36,P_Q_10,0.0789253739089324
age_65,36,P_Q_11,0.073853758956873
age_65,36,P_Q_12,0.0680017496563207
age_65,36,P_Q_13,0.060835200781464
age_65,36,P_Q_14,0.0535830688133666
age_65,36,P_Q_15,0.0354778056672334
age_65,36,P_Q_16,0.014956384930934
age_65,36,P_Q_17,0.00467479957336152
age_65,36,L_Q,1.13221245083486
age_65,36,beta_NQ_2,0.996962800020183
age_65,36,beta_NQ_3,0.996025900024401
age_65,36,beta_NQ_4,0.99528450002507
age_65,36,beta_NQ_5,0.99372170002992
age_65,36,beta_NQ_6,0.990640900048467
age_65,36,beta_NQ_7,0.986963100063995
age_65,36,beta_NQ_8,0.982150400089985
age_65,36,beta_NQ_9,0.975776100121519
age_65,36,beta_NQ_10,0.967475600144764
age_65,36,beta_NQ_11,0.952598600166567
age_65,36,beta_NQ_12,0.921187900336114
age_65,36,beta_NQ_13,0.854089100044522
age_65,36,beta_NQ_14,0.670069880789206
age_65,36,beta_NQ_15,0.419525880663102
age_65,36,beta_NQ_16,0.246996423724605
age_65,36,beta_NQ_17,0.16376980933831
age_65,36,h_NQ_2,329.2506256
age_65,36,h_NQ_3,251.629299742
age_65,36,h_NQ_4,212.0665889242
age_65,36,h_NQ_5,159.278785614805
age_65,36,h_NQ_6,106.847880703369
age_65,36,h_NQ_7,76.705351728942
age_65,36,h_NQ_8,56.0236644018515
age_65,36,h_NQ_9,41.2815442631597
age_65,36,h_NQ_10,30.7461475031255
age_65,36,h_NQ_11,21.0964233032749
age_65,36,h_NQ_12,12.6884069838379
age_65,36,h_NQ_13,6.85349757070412
age_65,36,h_NQ_14,3.03093585348198
age_65,36,h_NQ_15,1.7227294546134
age_65,36,h_NQ_16,1.32801489591828
age_65,36,h_NQ_17,1.19584295926382
age_65,36,P_NQ_1,0.6093491698
age_65,36,P_NQ_2,0.155746889897208
age_65,36,P_NQ_3,0.165411282361445
age_65,36,P_NQ_4,0.17123294114857
age_65,36,P_NQ_5,0.171358627072515
age_65,36,P_NQ_6,0.168438185107089
age_65,36,P_NQ_7,0.165812450048762
age_65,36,P_NQ_8,0.172535503557647
age_65,36,P_NQ_9,0.183910868928406
age_65,36,P_NQ_10,0.184159208205302
age_65,36,P_NQ_11,0.172325434287495
age_65,36,P_NQ_12,0.158670750692186
age_65,36,P_NQ_13,0.141948799495424
age_65,36,P_NQ_14,0.125027304058726
age_65,36,P_NQ_15,0.0827815931902036
age_65,36,P_NQ_16,0.0348982366687357
age_65,36,P_NQ_17,0.0109078622813561
age_65,36,L_NQ,1.99678035567987
age_65,36,pi_Q,0.3
age_65,36,pi_NQ,0.7
age_65,36,y,7.43813417071746
age_65,36,nbar,7.80491526418498
age_65,36,Ptot,4.10645006807217
age_65,36,Pret,1.03794274905368
age_65,36,H,709.22189097891
age_65,36,cCheck,0
age_65,36,shareq,0.3
age_65,36,A,1.765250216
age_65,36,A_Q,2
age_65,36,xpop,0.870498814
age_65,36,h_Q_1,100
age_65,36,mig_Q_2,-0.195631109
age_65,36,med_Q_2,1847.903872
age_65,36,mig_Q_3,0.002324661
age_65,36,med_Q_3,-275.3050538
age_65,36,mig_Q_4,0.002298723
age_65,36,med_Q_4,-355.8697027
age_65,36,mig_Q_5,0.001044067
age_65,36,med_Q_5,-261.3921915
age_65,36,mig_Q_6,0.000226279
age_65,36,med_Q_6,-201.2155302
age_65,36,mig_Q_7,-7.70515e-05
age_65,36,med_Q_7,-98.5938697
age_65,36,mig_Q_8,8.64731e-05
age_65,36,med_Q_8,-57.55882791
age_65,36,mig_Q_9,0.000266518
age_65,36,med_Q_9,-35.31035646
age_65,36,mig_Q_10,0.000255792
age_65,36,med_Q_10,-21.70289383
age_65,36,mig_Q_11,0.00037177
age_65,36,med_Q_11,-17.18816698
age_65,36,mig_Q_12,0.000709009
age_65,36,med_Q_12,-10.63892933
age_65,36,mig_Q_13,0.001774624
age_65,36,med_Q_13,-7.645807817
age_65,36,mig_Q_14,0.005905262
age_65,36,med_Q_14,-5.361667358
age_65,36,mig_Q_15,0.007877058
age_65,36,med_Q_15,-1.889854699
age_65,36,mig_Q_16,0.003975457
age_65,36,med_Q_16,-0.5407082
age_65,36,mig_Q_17,0.001564944
age_65,36,med_Q_17,-0.152028647
age_65,36,h_NQ_1,100
age_65,36,mig_NQ_2,-0.454779158
age_65,36,med_NQ_2,231.2506256
age_65,36,mig_NQ_3,0.006001613
age_65,36,med_NQ_3,-43.07208959
age_65,36,mig_NQ_4,0.006032145
age_65,36,med_NQ_4,-13.36587337
age_65,36,mig_NQ_5,0.003294393
age_65,36,med_NQ_5,-30.99400339
age_65,36,mig_NQ_6,0.001723202
age_65,36,med_NQ_6,-36.12180392
age_65,36,mig_NQ_7,0.001353212
age_65,36,med_NQ_7,-19.2329345
age_65,36,mig_NQ_8,0.002205069
age_65,36,med_NQ_8,-12.84008376
age_65,36,mig_NQ_9,0.003231265
age_65,36,med_NQ_9,-9.016910346
age_65,36,mig_NQ_10,0.003688519
age_65,36,med_NQ_10,-6.316242109
age_65,36,mig_NQ_11,0.004427252
age_65,36,med_NQ_11,-6.52788608
age_65,36,mig_NQ_12,0.007054507
age_65,36,med_NQ_12,-6.295967714
age_65,36,mig_NQ_13,0.012789904
age_65,36,med_NQ_13,-4.556936913
age_65,36,mig_NQ_14,0.028659316
age_65,36,med_NQ_14,-3.190136952
age_65,36,mig_NQ_15,0.032617712
age_65,36,med_NQ_15,-1.129161935
age_65,36,mig_NQ_16,0.016467703
age_65,36,med_NQ_16,-0.328393585
age_65,36,mig_NQ_17,0.00589278
age_65,36,med_NQ_17,-0.088172473
age_65,37,beta_Q_2,0.999529100000098
age_65,37,beta_Q_3,0.999376700002542
age_65,37,beta_Q_4,0.999049100003513
age_65,37,beta_Q_5,0.998490700004191
age_65,37,beta_Q_6,0.997357800011887
age_65,37,beta_Q_7,0.995732500010877
age_65,37,beta_Q_8,0.993277400039784
age_65,37,beta_Q_9,0.989551500072173
age_65,37,beta_Q_10,0.984005600052047
age_65,37,beta_Q_11,0.973361400165297
age_65,37,beta_Q_12,0.9551919002818
age_65,37,beta_Q_13,0.91412480082817
age_65,37,beta_Q_14,0.779930496193008
age_65,37,beta_Q_15,0.547483280799446
age_65,37,beta_Q_16,0.354373080785361
age_65,37,beta_Q_17,0.248270248045955
age_65,37,h_Q_2,2123.59312
age_65,37,h_Q_3,1604.36386936
age_65,37,h_Q_4,1051.6352931532
age_65,37,h_Q_5,662.55880182532
age_65,37,h_Q_6,378.472485593625
age_65,37,h_Q_7,234.32923241588
age_65,37,h_Q_8,148.751971339211
age_65,37,h_Q_9,95.7075181301644
age_65,37,h_Q_10,62.5218826301502
age_65,37,h_Q_11,37.539510438832
age_65,37,h_Q_12,22.3173935436821
age_65,37,h_Q_13,11.6448055652699
age_65,37,h_Q_14,4.54401896976164
age_65,37,h_Q_15,2.20986217529294
age_65,37,h_Q_16,1.54888190923541
age_65,37,h_Q_17,1.33026519880418
age_65,37,P_Q_1,0.2607247251
age_65,37,P_Q_2,0.0641955953984785
age_65,37,P_Q_3,0.0690302944463367
age_65,37,P_Q_4,0.0731178831324581
age_65,37,P_Q_5,0.0743106957593436
age_65,37,P_Q_6,0.0734553669818235
age_65,37,P_Q_7,0.0717773745680722
age_65,37,P_Q_8,0.0706319297230733
age_65,37,P_Q_9,0.0733678509381978
age_65,37,P_Q_10,0.0776918697735551
age_65,37,P_Q_11,0.0769930656554453
age_65,37,P_Q_12,0.0709007379480897
age_65,37,P_Q_13,0.0633811785789449
age_65,37,P_Q_14,0.052400454656852
age_65,37,P_Q_15,0.0366987868753942
age_65,37,P_Q_16,0.0162473891482573
age_65,37,P_Q_17,0.00526444182431283
age_65,37,L_Q,1.11764612885438
age_65,37,beta_NQ_2,0.997225200018129
age_65,37,beta_NQ_3,0.996365600021497
age_65,37,beta_NQ_4,0.995681300022457
age_65,37,beta_NQ_5,0.994247700028777
age_65,37,beta_NQ_6,0.991422800037442
age_65,37,beta_NQ_7,0.988053900061853
age_65,37,beta_NQ_8,0.98364380007684
age_65,37,beta_NQ_9,0.977804100110823
age_65,37,beta_NQ_10,0.970177700138194
age_65,37,beta_NQ_11,0.956470600161471
age_65,37,beta_NQ_12,0.927696900263621
age_65,37,beta_NQ_13,0.86492770024111
age_65,37,beta_NQ_14,0.68333417364961
age_65,37,beta_NQ_15,0.43061488215329
age_65,37,beta_NQ_16,0.25730062920761
age_65,37,beta_NQ_17,0.173067711307281
age_65,37,h_NQ_2,360.3863342
age_65,37,h_NQ_3,275.148580258
age_65,37,h_NQ_4,231.55116125716
age_65,37,h_NQ_5,173.843506095716
age_65,37,h_NQ_6,116.588163922509
age_65,37,h_NQ_7,83.7093277593015
age_65,37,h_NQ_8,61.1388953343631
age_65,37,h_NQ_9,45.0533657178145
age_65,37,h_NQ_10,33.5319542788965
age_65,37,h_NQ_11,22.972979177063
age_65,37,h_NQ_12,13.8306656192094
age_65,37,h_NQ_13,7.40344245316118
age_65,37,h_NQ_14,3.15789339829003
age_65,37,h_NQ_15,1.75628028341234
age_65,37,h_NQ_16,1.34643976052113
age_65,37,h_NQ_17,1.20928883499991
age_65,37,P_NQ_1,0.6083576919
age_65,37,P_NQ_2,0.149789721513782
age_65,37,P_NQ_3,0.161070686185868
age_65,37,P_NQ_4,0.170608392463616
age_65,37,P_NQ_5,0.17339162337928
age_65,37,P_NQ_6,0.171395862554186
age_65,37,P_NQ_7,0.167480542342446
age_65,37,P_NQ_8,0.164807837155293
age_65,37,P_NQ_9,0.171191656793983
age_65,37,P_NQ_10,0.181281031289654
age_65,37,P_NQ_11,0.179650487944154
age_65,37,P_NQ_12,0.165435052985807
age_65,37,P_NQ_13,0.147889416662077
age_65,37,P_NQ_14,0.122267865156069
age_65,37,P_NQ_15,0.0856305498421704
age_65,37,P_NQ_16,0.0379105774682054
age_65,37,P_NQ_17,0.0122836965654821
age_65,37,L_NQ,1.97069251430669
age_65,37,pi_Q,0.3
age_65,37,pi_NQ,0.7
age_65,37,y,7.62649145937427
age_65,37,nbar,7.80843114815808
age_65,37,Ptot,4.10063233271071
age_65,37,Pret,1.07295370131126
age_65,37,H,752.936304418616
age_65,37,cCheck,4.44089209850063e-16
age_65,37,shareq,0.3
age_65,37,A,1.809381471
age_65,37,A_Q,2
age_65,37,xpop,0.869082417
age_65,37,h_Q_1,100
age_65,37,mig_Q_2,-0.196819844
age_65,37,med_Q_2,2025.59312
age_65,37,mig_Q_3,0.002326976
age_65,37,med_Q_3,-302.6219252
age_65,37,mig_Q_4,0.002300641
age_65,37,med_Q_4,-390.813927
age_65,37,mig_Q_5,0.001045509
age_65,37,med_Q_5,-285.1251743
age_65,37,mig_Q_6,0.000226735
age_65,37,med_Q_6,-219.0520561
age_65,37,mig_Q_7,-7.56255e-05
age_65,37,med_Q_7,-107.1222848
age_65,37,mig_Q_8,8.89106e-05
age_65,37,med_Q_8,-62.55511429
age_65,37,mig_Q_9,0.000264954
age_65,37,med_Q_9,-38.35724366
age_65,37,mig_Q_10,0.000244975
age_65,37,med_Q_10,-23.65469138
age_65,37,mig_Q_11,0.000354073
age_65,37,med_Q_11,-18.75773914
age_65,37,mig_Q_12,0.000656899
age_65,37,med_Q_12,-11.51198904
age_65,37,mig_Q_13,0.001716376
age_65,37,med_Q_13,-8.404581474
age_65,37,mig_Q_14,0.005613495
age_65,37,med_Q_14,-5.97235645
age_65,37,mig_Q_15,0.007979699
age_65,37,med_Q_15,-2.033978476
age_65,37,mig_Q_16,0.004121764
age_65,37,med_Q_16,-0.563064133
age_65,37,mig_Q_17,0.001735433
age_65,37,med_Q_17,-0.158599827
age_65,37,h_NQ_1,100
age_65,37,mig_NQ_2,-0.457708733
age_65,37,med_NQ_2,262.3863342
age_65,37,mig_NQ_3,0.00594275
age_65,37,med_NQ_3,-47.51703283
age_65,37,mig_NQ_4,0.005977107
age_65,37,med_NQ_4,-15.04555249
age_65,37,mig_NQ_5,0.003233734
age_65,37,med_NQ_5,-33.98175105
age_65,37,mig_NQ_6,0.001640998
age_65,37,med_NQ_6,-39.50504598
age_65,37,mig_NQ_7,0.001238269
age_65,37,med_NQ_7,-21.00159533
age_65,37,mig_NQ_8,0.001955073
age_65,37,med_NQ_8,-14.03234936
age_65,37,mig_NQ_9,0.002835636
age_65,37,med_NQ_9,-9.849825396
age_65,37,mig_NQ_10,0.003351753
age_65,37,med_NQ_10,-6.923959099
age_65,37,mig_NQ_11,0.004220684
age_65,37,med_NQ_11,-7.158245376
age_65,37,mig_NQ_12,0.006690948
age_65,37,med_NQ_12,-6.843829218
age_65,37,mig_NQ_13,0.012370458
age_65,37,med_NQ_13,-5.031196391
age_65,37,mig_NQ_14,0.02715225
age_65,37,med_NQ_14,-3.558534221
age_65,37,mig_NQ_15,0.03317836
age_65,37,med_NQ_15,-1.214036853
age_65,37,mig_NQ_16,0.01746382
age_65,37,med_NQ_16,-0.341835105
age_65,37,mig_NQ_17,0.006568419
age_65,37,med_NQ_17,-0.092165763
age_65,38,beta_Q_2,0.999568200000053
age_65,38,beta_Q_3,0.999427900002499
age_65,38,beta_Q_4,0.999125300002665
age_65,38,beta_Q_5,0.998610600004699
age_65,38,beta_Q_6,0.99756670000557
age_65,38,beta_Q_7,0.996071600020035
age_65,38,beta_Q_8,0.993815100014264
age_65,38,beta_Q_9,0.990396300068338
age_65,38,beta_Q_10,0.985298600117092
age_65,38,beta_Q_11,0.97549610006666
age_65,38,beta_Q_12,0.958917500358997
age_65,38,beta_Q_13,0.920870500447117
age_65,38,beta_Q_14,0.790297703474856
age_65,38,beta_Q_15,0.558789475281718
age_65,38,beta_Q_16,0.366920881115519
age_65,38,beta_Q_17,0.260687442821327
age_65,38,h_Q_2,2315.886985
age_65,38,h_Q_3,1747.9461637
age_65,38,h_Q_4,1143.2491136728
age_65,38,h_Q_5,719.735137690136
age_65,38,h_Q_6,410.964533488813
age_65,38,h_Q_7,254.556562981753
age_65,38,h_Q_8,161.684101447562
age_65,38,h_Q_9,104.126534932427
age_65,38,h_Q_10,68.0207330175611
age_65,38,h_Q_11,40.8098302475472
age_65,38,h_Q_12,24.3412646300554
age_65,38,h_Q_13,12.6375119628085
age_65,38,h_Q_14,4.76866499096452
age_65,38,h_Q_15,2.26649074036641
age_65,38,h_Q_16,1.57958115478708
age_65,38,h_Q_17,1.35260778505071
age_65,38,P_Q_1,0.2590967487
age_65,38,P_Q_2,0.0625289608269759
age_65,38,P_Q_3,0.0664847282840298
age_65,38,P_Q_4,0.0712673405395902
age_65,38,P_Q_5,0.0740544743117527
age_65,38,P_Q_6,0.0743415140398916
age_65,38,P_Q_7,0.0730670440040275
age_65,38,P_Q_8,0.0713847605926565
age_65,38,P_Q_9,0.0701604270104594
age_65,38,P_Q_10,0.0724293991869704
age_65,38,P_Q_11,0.0759404541442475
age_65,38,P_Q_12,0.0741563986919462
age_65,38,P_Q_13,0.0664655249553677
age_65,38,P_Q_14,0.0552148140583742
age_65,38,P_Q_15,0.036484166830916
age_65,38,P_Q_16,0.0171709811661188
age_65,38,P_Q_17,0.005974531333937
age_65,38,L_Q,1.10178670750184
age_65,38,beta_NQ_2,0.997464300015995
age_65,38,beta_NQ_3,0.996675100019245
age_65,38,beta_NQ_4,0.996043500019936
age_65,38,beta_NQ_5,0.994728000025726
age_65,38,beta_NQ_6,0.992136900037798
age_65,38,beta_NQ_7,0.989050400046141
age_65,38,beta_NQ_8,0.985008700077773
age_65,38,beta_NQ_9,0.979658700095401
age_65,38,beta_NQ_10,0.972651100127127
age_65,38,beta_NQ_11,0.960022400159869
age_65,38,beta_NQ_12,0.933681600270537
age_65,38,beta_NQ_13,0.875026600078505
age_65,38,beta_NQ_14,0.696164700086067
age_65,38,beta_NQ_15,0.441618881633693
age_65,38,beta_NQ_16,0.267671329732066
age_65,38,beta_NQ_17,0.182527816656613
age_65,38,h_NQ_2,394.368419
age_65,38,h_NQ_3,300.760925186
age_65,38,h_NQ_4,252.74864150284
age_65,38,h_NQ_5,189.681335382017
age_65,38,h_NQ_6,127.176304533802
age_65,38,h_NQ_7,91.3275370340585
age_65,38,h_NQ_8,66.7053558041155
age_65,38,h_NQ_9,49.1610663976759
age_65,38,h_NQ_10,36.5645419074582
age_65,38,h_NQ_11,25.0140078473186
age_65,38,h_NQ_12,15.0787714975217
age_65,38,h_NQ_13,8.00170275282522
age_65,38,h_NQ_14,3.29125681009796
age_65,38,h_NQ_15,1.79089123232423
age_65,38,h_NQ_16,1.3655070467441
age_65,38,h_NQ_17,1.22328319231071
age_65,38,P_NQ_1,0.6045590803
age_65,38,P_NQ_2,0.145900909987545
age_65,38,P_NQ_3,0.155131032753132
age_65,38,P_NQ_4,0.166290460217054
age_65,38,P_NQ_5,0.172793771812557
age_65,38,P_NQ_6,0.173463531753724
age_65,38,P_NQ_7,0.170489774451129
age_65,38,P_NQ_8,0.166564443108653
age_65,38,P_NQ_9,0.163707661900842
age_65,38,P_NQ_10,0.169001932871234
age_65,38,P_NQ_11,0.177194392795506
age_65,38,P_NQ_12,0.173031599796639
age_65,38,P_NQ_13,0.15508622291828
age_65,38,P_NQ_14,0.128834711326304
age_65,38,P_NQ_15,0.0851297693453152
age_65,38,P_NQ_16,0.040065629353784
age_65,38,P_NQ_17,0.0139405718767597
age_65,38,L_NQ,1.94234747540938
age_65,38,pi_Q,0.3
age_65,38,pi_NQ,0.7
age_65,38,y,7.80389992944775
age_65,38,nbar,7.78952512406837
age_65,38,Ptot,4.08740776524572
age_65,38,Pret,1.10468976859349
age_65,38,H,797.059340963271
age_65,38,cCheck,-1.33226762955019e-15
age_65,38,shareq,0.3
age_65,38,A,1.854616008
age_65,38,A_Q,2
age_65,38,xpop,0.863655829
age_65,38,h_Q_1,100
age_65,38,mig_Q_2,-0.198072989
age_65,38,med_Q_2,2217.886985
age_65,38,mig_Q_3,0.002329146
age_65,38,med_Q_3,-333.1750939
age_65,38,mig_Q_4,0.002302687
age_65,38,med_Q_4,-429.0274783
age_65,38,mig_Q_5,0.001046948
age_65,38,med_Q_5,-310.8674496
age_65,38,mig_Q_6,0.000227162
age_65,38,med_Q_6,-238.3430923
age_65,38,mig_Q_7,-7.48522e-05
age_65,38,med_Q_7,-116.3464729
age_65,38,mig_Q_8,8.99166e-05
age_65,38,med_Q_8,-67.95854632
age_65,38,mig_Q_9,0.000266495
age_65,38,med_Q_9,-41.65039698
age_65,38,mig_Q_10,0.000235023
age_65,38,med_Q_10,-25.77263475
age_65,38,mig_Q_11,0.000318187
age_65,38,med_Q_11,-20.46161473
age_65,38,mig_Q_12,0.000613246
age_65,38,med_Q_12,-12.4474556
age_65,38,mig_Q_13,0.001653402
age_65,38,med_Q_13,-9.23353371
age_65,38,mig_Q_14,0.0057819
age_65,38,med_Q_14,-6.643244463
age_65,38,mig_Q_15,0.007795794
age_65,38,med_Q_15,-2.18664785
age_65,38,mig_Q_16,0.004165919
age_65,38,med_Q_16,-0.586083777
age_65,38,mig_Q_17,0.001940788
age_65,38,med_Q_17,-0.165296486
age_65,38,h_NQ_1,100
age_65,38,mig_NQ_2,-0.460768711
age_65,38,med_NQ_2,296.368419
age_65,38,mig_NQ_3,0.005885707
age_65,38,med_NQ_3,-52.41768233
age_65,38,mig_NQ_4,0.00591539
age_65,38,med_NQ_4,-16.89696715
age_65,38,mig_NQ_5,0.00316677
age_65,38,med_NQ_5,-37.23880265
age_65,38,mig_NQ_6,0.001559123
age_65,38,med_NQ_6,-43.19033144
age_65,38,mig_NQ_7,0.001141424
age_65,38,med_NQ_7,-22.92886361
age_65,38,mig_NQ_8,0.001823246
age_65,38,med_NQ_8,-15.3297854
age_65,38,mig_NQ_9,0.002557883
age_65,38,med_NQ_9,-10.75505103
age_65,38,mig_NQ_10,0.002915605
age_65,38,med_NQ_10,-7.587756496
age_65,38,mig_NQ_11,0.003804416
age_65,38,med_NQ_11,-7.847307346
age_65,38,mig_NQ_12,0.006370399
age_65,38,med_NQ_12,-7.434748096
age_65,38,mig_NQ_13,0.011996863
age_65,38,med_NQ_13,-5.552349554
age_65,38,mig_NQ_14,0.027776819
age_65,38,med_NQ_14,-3.964116794
age_65,38,mig_NQ_15,0.032479407
age_65,38,med_NQ_15,-1.303844298
age_65,38,mig_NQ_16,0.018032835
age_65,38,med_NQ_16,-0.355647631
age_65,38,mig_NQ_17,0.007379475
age_65,38,med_NQ_17,-0.096227773
age_65,39,beta_Q_2,0.999603899999967
age_65,39,beta_Q_3,0.999474600002111
age_65,39,beta_Q_4,0.999195000002855
age_65,39,beta_Q_5,0.998720500003238
age_65,39,beta_Q_6,0.997758200007427
age_65,39,beta_Q_7,0.996382400006829
age_65,39,beta_Q_8,0.994307500034205
age_65,39,beta_Q_9,0.991169500019056
age_65,39,beta_Q_10,0.986482100112318
age_65,39,beta_Q_11,0.977451700220128
age_65,39,beta_Q_12,0.962326900128625
age_65,39,beta_Q_13,0.927091300713865
age_65,39,beta_Q_14,0.800196801424613
age_65,39,beta_Q_15,0.569889304973353
age_65,39,beta_Q_16,0.379410572850551
age_65,39,beta_Q_17,0.273184741856162
age_65,39,h_Q_2,2524.614996
age_65,39,h_Q_3,1903.3117627
age_65,39,h_Q_4,1242.236025326
age_65,39,h_Q_5,781.555294699344
age_65,39,h_Q_6,446.070122436333
age_65,39,h_Q_7,276.426359719037
age_65,39,h_Q_8,175.669741392118
age_65,39,h_Q_9,113.243870528611
age_65,39,h_Q_10,73.9759877537787
age_65,39,h_Q_11,44.3492416972099
age_65,39,h_Q_12,26.5441388925962
age_65,39,h_Q_13,13.7157843574543
age_65,39,h_Q_14,5.00492488155233
age_65,39,h_Q_15,2.32498184314523
age_65,39,h_Q_16,1.61137104855908
age_65,39,h_Q_17,1.37586532669134
age_65,39,P_Q_1,0.2555920764
age_65,39,P_Q_2,0.0623397977239251
age_65,39,P_Q_3,0.0648241100086431
age_65,39,P_Q_4,0.068731258092377
age_65,39,P_Q_5,0.0722168906969794
age_65,39,P_Q_6,0.0741017545598225
age_65,39,P_Q_7,0.0739753860376267
age_65,39,P_Q_8,0.0727052830446092
age_65,39,P_Q_9,0.0709660057722311
age_65,39,P_Q_10,0.0693600715170231
age_65,39,P_Q_11,0.070930743437061
age_65,39,P_Q_12,0.0733555624641289
age_65,39,P_Q_13,0.0698905029748084
age_65,39,P_Q_14,0.0584558887324778
age_65,39,P_Q_15,0.0390966439754565
age_65,39,P_Q_16,0.0174637696403653
age_65,39,P_Q_17,0.00663140917092868
age_65,39,L_Q,1.08975101103985
age_65,39,beta_NQ_2,0.997681800013747
age_65,39,beta_NQ_3,0.996957400016921
age_65,39,beta_NQ_4,0.996374000017807
age_65,39,beta_NQ_5,0.995166600022802
age_65,39,beta_NQ_6,0.992789300033518
age_65,39,beta_NQ_7,0.989960900047722
age_65,39,beta_NQ_8,0.986256200054668
age_65,39,beta_NQ_9,0.981354200099155
age_65,39,beta_NQ_10,0.974914800107839
age_65,39,beta_NQ_11,0.963279400148988
age_65,39,beta_NQ_12,0.939180200282435
age_65,39,beta_NQ_13,0.884425600157337
age_65,39,beta_NQ_14,0.708567599236426
age_65,39,beta_NQ_15,0.452531586785371
age_65,39,beta_NQ_16,0.278098627390911
age_65,39,beta_NQ_17,0.192138416242411
age_65,39,h_NQ_2,431.3691657
age_65,39,h_NQ_3,328.66627229
age_65,39,h_NQ_4,275.78599011228
age_65,39,h_NQ_5,206.893698042783
age_65,39,h_NQ_6,138.682790874376
age_65,39,h_NQ_7,99.6105228731256
age_65,39,h_NQ_8,72.7600808633773
age_65,39,h_NQ_9,53.6313808280332
age_65,39,h_NQ_10,39.8641429967224
age_65,39,h_NQ_11,27.2326704963091
age_65,39,h_NQ_12,16.4420139523722
age_65,39,h_NQ_13,8.65243513657131
age_65,39,h_NQ_14,3.43132746176872
age_65,39,h_NQ_15,1.826589110896
age_65,39,h_NQ_16,1.38523071767775
age_65,39,h_NQ_17,1.23783578780921
age_65,39,P_NQ_1,0.5963815116
age_65,39,P_NQ_2,0.145459527849753
age_65,39,P_NQ_3,0.151256257054735
age_65,39,P_NQ_4,0.160372934825137
age_65,39,P_NQ_5,0.168506076915068
age_65,39,P_NQ_6,0.172904092111949
age_65,39,P_NQ_7,0.172609231474437
age_65,39,P_NQ_8,0.169645664108659
age_65,39,P_NQ_9,0.165587347817938
age_65,39,P_NQ_10,0.161840165447094
age_65,39,P_NQ_11,0.165505071226699
age_65,39,P_NQ_12,0.171162979224274
age_65,39,P_NQ_13,0.163077841476197
age_65,39,P_NQ_14,0.136397072865385
age_65,39,P_NQ_15,0.0912255561315218
age_65,39,P_NQ_16,0.0407488005604446
age_65,39,P_NQ_17,0.0154732878489193
age_65,39,L_NQ,1.92106357985449
age_65,39,pi_Q,0.3
age_65,39,pi_NQ,0.7
age_65,39,y,8.00117663947617
age_65,39,nbar,7.79255693660884
age_65,39,Ptot,4.06879057278667
age_65,39,Pret,1.11941512972867
age_65,39,H,847.625951915547
age_65,39,cCheck,0
age_65,39,shareq,0.3
age_65,39,A,1.900981408
age_65,39,A_Q,2
age_65,39,xpop,0.851973588
age_65,39,h_Q_1,100
age_65,39,mig_Q_2,-0.196645073
age_65,39,med_Q_2,2426.614996
age_65,39,mig_Q_3,0.002330922
age_65,39,med_Q_3,-366.2574826
age_65,39,mig_Q_4,0.002304684
age_65,39,med_Q_4,-470.7512151
age_65,39,mig_Q_5,0.001048569
age_65,39,med_Q_5,-338.8288367
age_65,39,mig_Q_6,0.000227477
age_65,39,med_Q_6,-259.2703125
age_65,39,mig_Q_7,-7.40848e-05
age_65,39,med_Q_7,-126.3188831
age_65,39,mig_Q_8,9.01514e-05
age_65,39,med_Q_8,-73.79569033
age_65,39,mig_Q_9,0.000266803
age_65,39,med_Q_9,-45.20654889
age_65,39,mig_Q_10,0.000231101
age_65,39,med_Q_10,-28.06801648
age_65,39,mig_Q_11,0.000276147
age_65,39,med_Q_11,-22.31107666
age_65,39,mig_Q_12,0.000534932
age_65,39,med_Q_12,-13.44949475
age_65,39,mig_Q_13,0.001602063
age_65,39,med_Q_13,-10.13865498
age_65,39,mig_Q_14,0.005928337
age_65,39,med_Q_14,-7.379836842
age_65,39,mig_Q_15,0.008243187
age_65,39,med_Q_15,-2.348309848
age_65,39,mig_Q_16,0.004076967
age_65,39,med_Q_16,-0.609789877
age_65,39,mig_Q_17,0.00215515
age_65,39,med_Q_17,-0.172124205
age_65,39,h_NQ_1,100
age_65,39,mig_NQ_2,-0.457566572
age_65,39,med_NQ_2,333.3691657
age_65,39,mig_NQ_3,0.005840453
age_65,39,med_NQ_3,-57.81477833
age_65,39,mig_NQ_4,0.005855678
age_65,39,med_NQ_4,-18.95971657
age_65,39,mig_NQ_5,0.0030923
age_65,39,med_NQ_5,-40.79997063
age_65,39,mig_NQ_6,0.001469015
age_65,39,med_NQ_6,-47.2049178
age_65,39,mig_NQ_7,0.001045056
age_65,39,med_NQ_7,-25.02225557
age_65,39,mig_NQ_8,0.001711753
age_65,39,med_NQ_8,-16.74090543
age_65,39,mig_NQ_9,0.002411042
age_65,39,med_NQ_9,-11.73986786
age_65,39,mig_NQ_10,0.002609728
age_65,39,med_NQ_10,-8.313702073
age_65,39,mig_NQ_11,0.00325943
age_65,39,med_NQ_11,-8.600580573
age_65,39,mig_NQ_12,0.005719835
age_65,39,med_NQ_12,-8.071713738
age_65,39,mig_NQ_13,0.011670589
age_65,39,med_NQ_13,-6.124760931
age_65,39,mig_NQ_14,0.028431519
age_65,39,med_NQ_14,-4.410341236
age_65,39,mig_NQ_15,0.034329715
age_65,39,med_NQ_15,-1.398842563
age_65,39,mig_NQ_16,0.017962002
age_65,39,med_NQ_16,-0.36984269
age_65,39,mig_NQ_17,0.008160196
age_65,39,med_NQ_17,-0.100361118
age_65,40,beta_Q_2,0.999636500000018
age_65,40,beta_Q_3,0.999517400001801
age_65,40,beta_Q_4,0.999258900002399
age_65,40,beta_Q_5,0.998821100004006
age_65,40,beta_Q_6,0.997933700004122
age_65,40,beta_Q_7,0.996667100011858
age_65,40,beta_Q_8,0.994758700007863
age_65,40,beta_Q_9,0.991877200059801
age_65,40,beta_Q_10,0.987565600018708
age_65,40,beta_Q_11,0.979243900216687
age_65,40,beta_Q_12,0.965447200497108
age_65,40,beta_Q_13,0.932826800056707
age_65,40,beta_Q_14,0.809645203400457
age_65,40,beta_Q_15,0.580780797150348
age_65,40,beta_Q_16,0.391829833419432
age_65,40,beta_Q_17,0.285743130665332
age_65,40,h_Q_2,2751.031637
age_65,40,h_Q_3,2072.10940718
age_65,40,h_Q_4,1349.345567646
age_65,40,h_Q_5,848.24836761948
age_65,40,h_Q_6,483.956830705357
age_65,40,h_Q_7,300.039005287607
age_65,40,h_Q_8,190.792360384656
age_65,40,h_Q_9,123.110258044275
age_65,40,h_Q_10,80.4220547980389
age_65,40,h_Q_11,48.1786080887031
age_65,40,h_Q_12,28.9412148932657
age_65,40,h_Q_13,14.8868893847443
age_65,40,h_Q_14,5.25334805230518
age_65,40,h_Q_15,2.38538582592129
age_65,40,h_Q_16,1.64427635728233
age_65,40,h_Q_17,1.4000564045879
age_65,40,P_Q_1,0.2510840766
age_65,40,P_Q_2,0.0627617153785294
age_65,40,P_Q_3,0.0646392403943325
age_65,40,P_Q_4,0.0670783256002712
age_65,40,P_Q_5,0.0696934894478703
age_65,40,P_Q_6,0.0722827908719513
age_65,40,P_Q_7,0.0737602985530329
age_65,40,P_Q_8,0.0736447480551378
age_65,40,P_Q_9,0.0723295520440693
age_65,40,P_Q_10,0.0702353654107734
age_65,40,P_Q_11,0.0680472688317039
age_65,40,P_Q_12,0.0687043054556057
age_65,40,P_Q_13,0.0694630228194664
age_65,40,P_Q_14,0.0620235119303991
age_65,40,P_Q_15,0.0419675088013514
age_65,40,P_Q_16,0.019143419087262
age_65,40,P_Q_17,0.00711671040103867
age_65,40,L_Q,1.08049315121848
age_65,40,beta_NQ_2,0.997880000012339
age_65,40,beta_NQ_3,0.997214700014544
age_65,40,beta_NQ_4,0.996675700015601
age_65,40,beta_NQ_5,0.995567100020468
age_65,40,beta_NQ_6,0.993385300029785
age_65,40,beta_NQ_7,0.990792900042963
age_65,40,beta_NQ_8,0.987396500058781
age_65,40,beta_NQ_9,0.982904400064859
age_65,40,beta_NQ_10,0.976986300116934
age_65,40,beta_NQ_11,0.966265800122897
age_65,40,beta_NQ_12,0.94422940026924
age_65,40,beta_NQ_13,0.893164200252032
age_65,40,beta_NQ_14,0.720547299631331
age_65,40,beta_NQ_15,0.463347285867549
age_65,40,beta_NQ_16,0.288572434125484
age_65,40,beta_NQ_17,0.201887813207291
age_65,40,h_NQ_2,471.6981132
age_65,40,h_NQ_3,359.027752816
age_65,40,h_NQ_4,300.8152092442
age_65,40,h_NQ_5,225.585959570034
age_65,40,h_NQ_6,151.178435931928
age_65,40,h_NQ_7,108.611832196889
age_65,40,h_NQ_8,79.3430396456631
age_65,40,h_NQ_9,58.4945833561098
age_65,40,h_NQ_10,43.4523783994725
age_65,40,h_NQ_11,29.6435071787879
age_65,40,h_NQ_12,17.9305942613829
age_65,40,h_NQ_13,9.36015830232477
age_65,40,h_NQ_14,3.57842310583989
age_65,40,h_NQ_15,1.86340217553335
age_65,40,h_NQ_16,1.40562441067808
age_65,40,h_NQ_17,1.25295665732419
age_65,40,P_NQ_1,0.5858628454
age_65,40,P_NQ_2,0.146444001988007
age_65,40,P_NQ_3,0.150824894692779
age_65,40,P_NQ_4,0.156516093869348
age_65,40,P_NQ_5,0.16261814128561
age_65,40,P_NQ_6,0.168659843151905
age_65,40,P_NQ_7,0.172107361649079
age_65,40,P_NQ_8,0.171837743728334
age_65,40,P_NQ_9,0.168768959001643
age_65,40,P_NQ_10,0.163882522098312
age_65,40,P_NQ_11,0.158776957491889
age_65,40,P_NQ_12,0.16031004894245
age_65,40,P_NQ_13,0.162080384625146
age_65,40,P_NQ_14,0.144721528623448
age_65,40,P_NQ_15,0.0979241698166527
age_65,40,P_NQ_16,0.0446679869431487
age_65,40,P_NQ_17,0.0166056560034617
age_65,40,L_NQ,1.90495945815846
age_65,40,pi_Q,0.3
age_65,40,pi_NQ,0.7
age_65,40,y,8.22319597656113
age_65,40,nbar,7.8224229431801
age_65,40,Ptot,4.04658448899401
age_65,40,Pret,1.12155247977302
age_65,40,H,907.451904213108
age_65,40,cCheck,-4.44089209850063e-16
age_65,40,shareq,0.3
age_65,40,A,1.948505944
age_65,40,A_Q,2
age_65,40,xpop,0.836946922
age_65,40,h_Q_1,100
age_65,40,mig_Q_2,-0.192729121
age_65,40,med_Q_2,2653.031637
age_65,40,mig_Q_3,0.002332196
age_65,40,med_Q_3,-402.0132889
age_65,40,mig_Q_4,0.002306399
age_65,40,med_Q_4,-515.8999598
age_65,40,mig_Q_5,0.001050173
age_65,40,med_Q_5,-369.1429372
age_65,40,mig_Q_6,0.000227796
age_65,40,med_Q_6,-281.9673581
age_65,40,mig_Q_7,-7.33855e-05
age_65,40,med_Q_7,-137.1097147
age_65,40,mig_Q_8,9.04669e-05
age_65,40,med_Q_8,-80.10547214
age_65,40,mig_Q_9,0.000266293
age_65,40,med_Q_9,-49.04608852
age_65,40,mig_Q_10,0.000228671
age_65,40,med_Q_10,-30.55693832
age_65,40,mig_Q_11,0.000251149
age_65,40,med_Q_11,-24.31785991
age_65,40,mig_Q_12,0.000445743
age_65,40,med_Q_12,-14.52104197
age_65,40,mig_Q_13,0.001455719
age_65,40,med_Q_13,-11.12636673
age_65,40,mig_Q_14,0.006097355
age_65,40,med_Q_14,-8.188120618
age_65,40,mig_Q_15,0.008654123
age_65,40,med_Q_15,-2.519440558
age_65,40,mig_Q_16,0.004309739
age_65,40,med_Q_16,-0.634205849
age_65,40,mig_Q_17,0.002345875
age_65,40,med_Q_17,-0.179087223
age_65,40,h_NQ_1,100
age_65,40,mig_NQ_2,-0.448554978
age_65,40,med_NQ_2,373.6981132
age_65,40,mig_NQ_3,0.005807942
age_65,40,med_NQ_3,-63.71402957
age_65,40,mig_NQ_4,0.005808292
age_65,40,med_NQ_4,-21.2777376
age_65,40,mig_NQ_5,0.003020353
age_65,40,med_NQ_5,-44.68431074
age_65,40,mig_NQ_6,0.001368813
age_65,40,med_NQ_6,-51.57738815
age_65,40,mig_NQ_7,0.000939071
age_65,40,med_NQ_7,-27.29730286
age_65,40,mig_NQ_8,0.001600819
age_65,40,med_NQ_8,-18.27527277
age_65,40,mig_NQ_9,0.002286474
age_65,40,med_NQ_9,-12.81029589
age_65,40,mig_NQ_10,0.002448966
age_65,40,med_NQ_10,-9.106374812
age_65,40,mig_NQ_11,0.00287966
age_65,40,med_NQ_11,-9.423352958
age_65,40,mig_NQ_12,0.004870963
age_65,40,med_NQ_12,-8.757422825
age_65,40,mig_NQ_13,0.010699464
age_65,40,med_NQ_13,-6.753015371
age_65,40,mig_NQ_14,0.029169854
age_65,40,med_NQ_14,-4.900963328
age_65,40,mig_NQ_15,0.036200186
age_65,40,med_NQ_15,-1.499298737
age_65,40,mig_NQ_16,0.019298285
age_65,40,med_NQ_16,-0.384432918
age_65,40,mig_NQ_17,0.008776246
age_65,40,med_NQ_17,-0.104569446
age_70,1,beta_Q_2,0.973436404874763
age_70,1,beta_Q_3,0.970539000001623
age_70,1,beta_Q_4,0.965744200006298
age_70,1,beta_Q_5,0.961176300029427
age_70,1,beta_Q_6,0.955116300619925
age_70,1,beta_Q_7,0.940183999984989
age_70,1,beta_Q_8,0.909499218945487
age_70,1,beta_Q_9,0.85988771100122
age_70,1,beta_Q_10,0.781753818094209
age_70,1,beta_Q_11,0.658329466557867
age_70,1,beta_Q_12,0.512809028093422
age_70,1,beta_Q_13,0.344799901709008
age_70,1,beta_Q_14,0.210284003873888
age_70,1,beta_Q_15,0.118657324974081
age_70,1,beta_Q_16,0.0591105026749442
age_70,1,beta_Q_17,0.031131000636637
age_70,1,h_Q_2,37.64549986
age_70,1,h_Q_3,33.94317912
age_70,1,h_Q_4,29.19213681
age_70,1,h_Q_5,25.75746258
age_70,1,h_Q_6,22.27980314
age_70,1,h_Q_7,16.7179349964
age_70,1,h_Q_8,11.049626084672
age_70,1,h_Q_9,7.13713214817855
age_70,1,h_Q_10,4.58198126301498
age_70,1,h_Q_11,2.92679557875468
age_70,1,h_Q_12,2.05258307497959
age_70,1,h_Q_13,1.52625129347999
age_70,1,h_Q_14,1.26627752601038
age_70,1,h_Q_15,1.13462803749019
age_70,1,h_Q_16,1.06282406454038
age_70,1,h_Q_17,1.03213127924955
age_70,1,P_Q_1,0.2522852124
age_70,1,P_Q_2,0.0592788505108232
age_70,1,P_Q_3,0.0529788315263616
age_70,1,P_Q_4,0.0516187991809102
age_70,1,P_Q_5,0.0480152225133509
age_70,1,P_Q_6,0.0426744931906979
age_70,1,P_Q_7,0.0407094252183056
age_70,1,P_Q_8,0.0361254806344776
age_70,1,P_Q_9,0.0316353121871109
age_70,1,P_Q_10,0.0252264559898656
age_70,1,P_Q_11,0.0186772111554823
age_70,1,P_Q_12,0.011249689408626
age_70,1,P_Q_13,0.00531388564243529
age_70,1,P_Q_14,0.00164097968469545
age_70,1,P_Q_15,0.000304585058292062
age_70,1,P_Q_16,3.2652531888111e-05
age_70,1,P_Q_17,2.01287823792251e-06
age_70,1,L_Q,0.802991155229801
age_70,1,beta_NQ_2,0.939491000019456
age_70,1,beta_NQ_3,0.931619200148016
age_70,1,beta_NQ_4,0.925826700715022
age_70,1,beta_NQ_5,0.916842509905461
age_70,1,beta_NQ_6,0.905218099976406
age_70,1,beta_NQ_7,0.883457900039542
age_70,1,beta_NQ_8,0.843435236949881
age_70,1,beta_NQ_9,0.785066520379141
age_70,1,beta_NQ_10,0.701200501908016
age_70,1,beta_NQ_11,0.582111699569906
age_70,1,beta_NQ_12,0.433853272111351
age_70,1,beta_NQ_13,0.278824341886696
age_70,1,beta_NQ_14,0.164751615202972
age_70,1,beta_NQ_15,0.0914522727890728
age_70,1,beta_NQ_16,0.0448453010253704
age_70,1,beta_NQ_17,0.0234374042852502
age_70,1,h_NQ_2,16.52646714
age_70,1,h_NQ_3,14.62398802
age_70,1,h_NQ_4,13.48194027
age_70,1,h_NQ_5,12.02537354
age_70,1,h_NQ_6,10.5505376
age_70,1,h_NQ_7,8.58059018639999
age_70,1,h_NQ_8,6.387123554672
age_70,1,h_NQ_9,4.65260184817856
age_70,1,h_NQ_10,3.34672581301498
age_70,1,h_NQ_11,2.39298395875468
age_70,1,h_NQ_12,1.76632258497959
age_70,1,h_NQ_13,1.38662464347999
age_70,1,h_NQ_14,1.19724704601039
age_70,1,h_NQ_15,1.10064773749018
age_70,1,h_NQ_16,1.04695082454037
age_70,1,h_NQ_17,1.02399989924956
age_70,1,P_NQ_1,0.5886654956
age_70,1,P_NQ_2,0.138317317858587
age_70,1,P_NQ_3,0.123617274894843
age_70,1,P_NQ_4,0.120443865422124
age_70,1,P_NQ_5,0.112035520531152
age_70,1,P_NQ_6,0.0995738157782948
age_70,1,P_NQ_7,0.0949886588427129
age_70,1,P_NQ_8,0.0842927891471142
age_70,1,P_NQ_9,0.0738157284365917
age_70,1,P_NQ_10,0.0588617313096862
age_70,1,P_NQ_11,0.0435801576961252
age_70,1,P_NQ_12,0.026249274286794
age_70,1,P_NQ_13,0.0123990668323489
age_70,1,P_NQ_14,0.00382895393095584
age_70,1,P_NQ_15,0.000710697469347821
age_70,1,P_NQ_16,7.6189241072e-05
age_70,1,P_NQ_17,4.69538255498669e-06
age_70,1,L_NQ,1.41592118743488
age_70,1,pi_Q,0.3
age_70,1,pi_NQ,0.7
age_70,1,y,0.30847032316454
age_70,1,nbar,5.94311131867885
age_70,1,Ptot,2.25923033237186
age_70,1,Pret,0.0618126823472487
age_70,1,H,103.40858341584
age_70,1,cCheck,-1.33226762955019e-15
age_70,1,shareq,0.3
age_70,1,A,0.088593872
age_70,1,A_Q,2
age_70,1,xpop,0.840950708
age_70,1,h_Q_1,100
age_70,1,mig_Q_2,-0.237659925
age_70,1,med_Q_2,-60.35450014
age_70,1,mig_Q_3,-0.24086812
age_70,1,med_Q_3,-62.09682088
age_70,1,mig_Q_4,-0.23910608
age_70,1,med_Q_4,-64.92706319
age_70,1,mig_Q_5,-0.239557717
age_70,1,med_Q_5,-66.47935342
age_70,1,mig_Q_6,-0.241717051
age_70,1,med_Q_6,-68.11227654
age_70,1,mig_Q_7,-0.240471711
age_70,1,med_Q_7,-71.86630309
age_70,1,mig_Q_8,-0.24181671
age_70,1,med_Q_8,-75.76292724
age_70,1,mig_Q_9,-0.243039903
age_70,1,med_Q_9,-77.93917011
age_70,1,mig_Q_10,-0.246154295
age_70,1,med_Q_10,-78.79279495
age_70,1,mig_Q_11,-0.249382162
age_70,1,med_Q_11,-78.78048511
age_70,1,mig_Q_12,-0.253462002
age_70,1,med_Q_12,-78.020552
age_70,1,mig_Q_13,-0.256024465
age_70,1,med_Q_13,-76.94542108
age_70,1,mig_Q_14,-0.256299052
age_70,1,med_Q_14,-75.6359614
age_70,1,mig_Q_15,-0.254212866
age_70,1,med_Q_15,-74.22956611
age_70,1,mig_Q_16,-0.25103871
age_70,1,med_Q_16,-72.7940862
age_70,1,mig_Q_17,-0.247600544
age_70,1,med_Q_17,-71.34764078
age_70,1,h_NQ_1,100
age_70,1,mig_NQ_2,-0.554539825
age_70,1,med_NQ_2,-81.47353286
age_70,1,mig_NQ_3,-0.562025612
age_70,1,med_NQ_3,-81.41601198
age_70,1,mig_NQ_4,-0.557914186
age_70,1,med_NQ_4,-80.63725973
age_70,1,mig_NQ_5,-0.558968005
age_70,1,med_NQ_5,-80.21144246
age_70,1,mig_NQ_6,-0.564006454
age_70,1,med_NQ_6,-79.84154208
age_70,1,mig_NQ_7,-0.561100659
age_70,1,med_NQ_7,-80.0036479
age_70,1,mig_NQ_8,-0.564238989
age_70,1,med_NQ_8,-80.42542977
age_70,1,mig_NQ_9,-0.567093107
age_70,1,med_NQ_9,-80.42370041
age_70,1,mig_NQ_10,-0.574360021
age_70,1,med_NQ_10,-80.0280504
age_70,1,mig_NQ_11,-0.581891713
age_70,1,med_NQ_11,-79.31429673
age_70,1,mig_NQ_12,-0.591411339
age_70,1,med_NQ_12,-78.30681249
age_70,1,mig_NQ_13,-0.597390418
age_70,1,med_NQ_13,-77.08504773
age_70,1,mig_NQ_14,-0.59803112
age_70,1,med_NQ_14,-75.70499188
age_70,1,mig_NQ_15,-0.593163355
age_70,1,med_NQ_15,-74.26354641
age_70,1,mig_NQ_16,-0.58575699
age_70,1,med_NQ_16,-72.80995944
age_70,1,mig_NQ_17,-0.577734604
age_70,1,med_NQ_17,-71.35577216
age_70,2,beta_Q_2,0.974250899998791
age_70,2,beta_Q_3,0.971050702827941
age_70,2,beta_Q_4,0.966497808579101
age_70,2,beta_Q_5,0.96060350176663
age_70,2,beta_Q_6,0.953428799997687
age_70,2,beta_Q_7,0.938990908940442
age_70,2,beta_Q_8,0.907364226102163
age_70,2,beta_Q_9,0.855505422354817
age_70,2,beta_Q_10,0.777190539425623
age_70,2,beta_Q_11,0.653229715740918
age_70,2,beta_Q_12,0.507151509662807
age_70,2,beta_Q_13,0.340206902132967
age_70,2,beta_Q_14,0.202952405585477
age_70,2,beta_Q_15,0.104123564627982
age_70,2,beta_Q_16,0.0518962985273525
age_70,2,beta_Q_17,0.0269183031357435
age_70,2,h_Q_2,38.83630884
age_70,2,h_Q_3,34.5431495778
age_70,2,h_Q_4,29.8487860516
age_70,2,h_Q_5,25.3829654958
age_70,2,h_Q_6,21.4724980234
age_70,2,h_Q_7,16.3909974132
age_70,2,h_Q_8,10.794962634472
age_70,2,h_Q_9,6.92066906697856
age_70,2,h_Q_10,4.48813897521498
age_70,2,h_Q_11,2.88375330475468
age_70,2,h_Q_12,2.02902109317958
age_70,2,h_Q_13,1.51562664248
age_70,2,h_Q_14,1.25463021261039
age_70,2,h_Q_15,1.11622528649018
age_70,2,h_Q_16,1.05473693974038
age_70,2,h_Q_17,1.02766294224957
age_70,2,P_Q_1,0.2512048092
age_70,2,P_Q_2,0.058626292161722
age_70,2,P_Q_3,0.05666953529602
age_70,2,P_Q_4,0.0510325992696945
age_70,2,P_Q_5,0.0491409534086693
age_70,2,P_Q_6,0.0449400987003943
age_70,2,P_Q_7,0.0398043877053625
age_70,2,P_Q_8,0.0367541314397686
age_70,2,P_Q_9,0.0316798898515999
age_70,2,P_Q_10,0.0259442070888762
age_70,2,P_Q_11,0.0185558133149537
age_70,2,P_Q_12,0.0115651525001385
age_70,2,P_Q_13,0.00532686380235113
age_70,2,P_Q_14,0.00163190114901926
age_70,2,P_Q_15,0.000307461259722774
age_70,2,P_Q_16,3.2879075902921e-05
age_70,2,P_Q_17,2.3670859909966e-06
age_70,2,L_Q,0.809616719174025
age_70,2,beta_NQ_2,0.940730611341604
age_70,2,beta_NQ_3,0.932728204979504
age_70,2,beta_NQ_4,0.926524000597335
age_70,2,beta_NQ_5,0.915284209720587
age_70,2,beta_NQ_6,0.901399100016695
age_70,2,beta_NQ_7,0.880705633764917
age_70,2,beta_NQ_8,0.839248473866308
age_70,2,beta_NQ_9,0.778419779240567
age_70,2,beta_NQ_10,0.695314942098422
age_70,2,beta_NQ_11,0.576616011674913
age_70,2,beta_NQ_12,0.428372303652876
age_70,2,beta_NQ_13,0.275077599402946
age_70,2,beta_NQ_14,0.159037699960351
age_70,2,beta_NQ_15,0.0800507185687133
age_70,2,beta_NQ_16,0.0395277962597335
age_70,2,beta_NQ_17,0.0203578006828232
age_70,2,h_NQ_2,16.87211276
age_70,2,h_NQ_3,14.8650697642
age_70,2,h_NQ_4,13.6098862216
age_70,2,h_NQ_5,11.8041734866
age_70,2,h_NQ_6,10.1418952582
age_70,2,h_NQ_7,8.382623155
age_70,2,h_NQ_8,6.22077789167199
age_70,2,h_NQ_9,4.51303454257856
age_70,2,h_NQ_10,3.28207713121499
age_70,2,h_NQ_11,2.36192203575468
age_70,2,h_NQ_12,1.74939037757959
age_70,2,h_NQ_13,1.37945799228
age_70,2,h_NQ_14,1.18911394461039
age_70,2,h_NQ_15,1.08701642209018
age_70,2,h_NQ_16,1.04115454374037
age_70,2,h_NQ_17,1.02078085304957
age_70,2,P_NQ_1,0.5861445548
age_70,2,P_NQ_2,0.136794680138193
age_70,2,P_NQ_3,0.132228917030036
age_70,2,P_NQ_4,0.119076066767275
age_70,2,P_NQ_5,0.114662224876335
age_70,2,P_NQ_6,0.104860232025077
age_70,2,P_NQ_7,0.0928769051864166
age_70,2,P_NQ_8,0.085759657978555
age_70,2,P_NQ_9,0.0739197446687776
age_70,2,P_NQ_10,0.0605364808284439
age_70,2,P_NQ_11,0.0432968944523086
age_70,2,P_NQ_12,0.0269854100155926
age_70,2,P_NQ_13,0.0124293506280187
age_70,2,P_NQ_14,0.00380778028763909
age_70,2,P_NQ_15,0.000717429539390566
age_70,2,P_NQ_16,7.6717841950872e-05
age_70,2,P_NQ_17,5.52318804519086e-06
age_70,2,L_NQ,1.42759199665525
age_70,2,pi_Q,0.3
age_70,2,pi_NQ,0.7
age_70,2,y,0.224226328982458
age_70,2,nbar,3.84856398585269
age_70,2,Ptot,2.27739791256224
age_70,2,Pret,0.0628888363737626
age_70,2,H,103.401069465283
age_70,2,cCheck,-4.44089209850063e-16
age_70,2,shareq,0.3
age_70,2,A,0.087292616
age_70,2,A_Q,2
age_70,2,xpop,0.837349364
age_70,2,h_Q_1,100
age_70,2,mig_Q_2,-0.186957318
age_70,2,med_Q_2,-59.16369116
age_70,2,mig_Q_3,-0.000862901
age_70,2,med_Q_3,-2.349440285
age_70,2,mig_Q_4,-0.0001314
age_70,2,med_Q_4,-3.415529486
age_70,2,mig_Q_5,-0.000473813
age_70,2,med_Q_5,-3.225328578
age_70,2,mig_Q_6,-0.000920023
age_70,2,med_Q_6,-3.769815305
age_70,2,mig_Q_7,-0.000317488
age_70,2,med_Q_7,-5.443209664
age_70,2,mig_Q_8,-0.000271059
age_70,2,med_Q_8,-5.588613662
age_70,2,mig_Q_9,0.000616033
age_70,2,med_Q_9,-3.907964496
age_70,2,mig_Q_10,0.001213181
age_70,2,med_Q_10,-2.50625053
age_70,2,mig_Q_11,0.001948494
age_70,2,med_Q_11,-1.606588333
age_70,2,mig_Q_12,0.00198731
age_70,2,med_Q_12,-0.839238574
age_70,2,mig_Q_13,0.001447972
age_70,2,med_Q_13,-0.495904771
age_70,2,mig_Q_14,0.000514476
age_70,2,med_Q_14,-0.241096055
age_70,2,mig_Q_15,0.000112747
age_70,2,med_Q_15,-0.124726689
age_70,2,mig_Q_16,1.48749e-05
age_70,2,med_Q_16,-0.057198537
age_70,2,mig_Q_17,1.35058e-06
age_70,2,med_Q_17,-0.013904641
age_70,2,h_NQ_1,100
age_70,2,mig_NQ_2,-0.416251255
age_70,2,med_NQ_2,-81.12788724
age_70,2,mig_NQ_3,0.003369848
age_70,2,med_NQ_3,-1.330868033
age_70,2,mig_NQ_4,0.004627893
age_70,2,med_NQ_4,-0.721622038
age_70,2,mig_NQ_5,0.004234169
age_70,2,med_NQ_5,-1.408127978
age_70,2,mig_NQ_6,0.003443651
age_70,2,med_NQ_6,-1.642970811
age_70,2,mig_NQ_7,0.004907631
age_70,2,med_NQ_7,-1.956903693
age_70,2,mig_NQ_8,0.005642876
age_70,2,med_NQ_8,-2.188200491
age_70,2,mig_NQ_9,0.007744298
age_70,2,med_NQ_9,-1.746346541
age_70,2,mig_NQ_10,0.008776855
age_70,2,med_NQ_10,-1.27747268
age_70,2,mig_NQ_11,0.009032792
age_70,2,med_NQ_11,-0.917869261
age_70,2,mig_NQ_12,0.008078016
age_70,2,med_NQ_12,-0.595733902
age_70,2,mig_NQ_13,0.005110414
age_70,2,med_NQ_13,-0.351538141
age_70,2,mig_NQ_14,0.001765014
age_70,2,med_NQ_14,-0.169778206
age_70,2,mig_NQ_15,0.000367263
age_70,2,med_NQ_15,-0.086285683
age_70,2,mig_NQ_16,4.48464e-05
age_70,2,med_NQ_16,-0.037480239
age_70,2,mig_NQ_17,3.73751e-06
age_70,2,med_NQ_17,-0.005230955
age_70,3,beta_Q_2,0.960919101309252
age_70,3,beta_Q_3,0.963560499994147
age_70,3,beta_Q_4,0.964076600018983
age_70,3,beta_Q_5,0.962424900003693
age_70,3,beta_Q_6,0.956305900022175
age_70,3,beta_Q_7,0.942098600001715
age_70,3,beta_Q_8,0.912940600055841
age_70,3,beta_Q_9,0.865348500041953
age_70,3,beta_Q_10,0.785928400220511
age_70,3,beta_Q_11,0.667295763074705
age_70,3,beta_Q_12,0.521659103888569
age_70,3,beta_Q_13,0.359734955973682
age_70,3,beta_Q_14,0.216027861519063
age_70,3,beta_Q_15,0.117518946854786
age_70,3,beta_Q_16,0.057058104084404
age_70,3,beta_Q_17,0.0293664387910884
age_70,3,h_Q_2,25.58794705
age_70,3,h_Q_3,27.4427475632
age_70,3,h_Q_4,27.837008749244
age_70,3,h_Q_5,26.613368961568
age_70,3,h_Q_6,22.886385121884
age_70,3,h_Q_7,17.270739566932
age_70,3,h_Q_8,11.486410431936
age_70,3,h_Q_9,7.42657897978255
age_70,3,h_Q_10,4.67133426863899
age_70,3,h_Q_11,3.00566297371068
age_70,3,h_Q_12,2.09055751265959
age_70,3,h_Q_13,1.56185183631599
age_70,3,h_Q_14,1.2755554356304
age_70,3,h_Q_15,1.13316874435818
age_70,3,h_Q_16,1.06051073076037
age_70,3,h_Q_17,1.03024839694558
age_70,3,P_Q_1,0.251144745
age_70,3,P_Q_2,0.0586093814471245
age_70,3,P_Q_3,0.0568679813078364
age_70,3,P_Q_4,0.0546954727767994
age_70,3,P_Q_5,0.0489759793627217
age_70,3,P_Q_6,0.0465539002391698
age_70,3,P_Q_7,0.0419258031265564
age_70,3,P_Q_8,0.0362022537457468
age_70,3,P_Q_9,0.0321353347406637
age_70,3,P_Q_10,0.0260723886827092
age_70,3,P_Q_11,0.0191639110217901
age_70,3,P_Q_12,0.0114416167357
age_70,3,P_Q_13,0.00554994570476745
age_70,3,P_Q_14,0.00169309582291336
age_70,3,P_Q_15,0.000315013364756384
age_70,3,P_Q_16,3.32503013201689e-05
age_70,3,P_Q_17,1.62521993197794e-06
age_70,3,L_Q,0.819903159712464
age_70,3,beta_NQ_2,0.907806406419834
age_70,3,beta_NQ_3,0.911270900013759
age_70,3,beta_NQ_4,0.918945800489104
age_70,3,beta_NQ_5,0.917890800003294
age_70,3,beta_NQ_6,0.906938600037125
age_70,3,beta_NQ_7,0.886138300025991
age_70,3,beta_NQ_8,0.847883199957314
age_70,3,beta_NQ_9,0.791712099862338
age_70,3,beta_NQ_10,0.705827079298838
age_70,3,beta_NQ_11,0.591640347499391
age_70,3,beta_NQ_12,0.442583034971192
age_70,3,beta_NQ_13,0.292314147433582
age_70,3,beta_NQ_14,0.170047424360433
age_70,3,beta_NQ_15,0.090590314338219
age_70,3,beta_NQ_16,0.0434898973154973
age_70,3,beta_NQ_17,0.0222164146022872
age_70,3,h_NQ_2,10.8467399
age_70,3,h_NQ_3,11.2702597008
age_70,3,h_NQ_4,12.337423602916
age_70,3,h_NQ_5,12.178903217168
age_70,3,h_NQ_6,10.745593771868
age_70,3,h_NQ_7,8.78258448803599
age_70,3,h_NQ_8,6.5738958459
age_70,3,h_NQ_9,4.80104700783855
age_70,3,h_NQ_10,3.39935561472699
age_70,3,h_NQ_11,2.44881726659069
age_70,3,h_NQ_12,1.79398841503959
age_70,3,h_NQ_13,1.413055870028
age_70,3,h_NQ_14,1.2048880844344
age_70,3,h_NQ_15,1.09961439571818
age_70,3,h_NQ_16,1.04546726364838
age_70,3,h_NQ_17,1.02271751686557
age_70,3,P_NQ_1,0.586004405
age_70,3,P_NQ_2,0.136755229371556
age_70,3,P_NQ_3,0.132691954456042
age_70,3,P_NQ_4,0.127622769201322
age_70,3,P_NQ_5,0.114277286667721
age_70,3,P_NQ_6,0.108625768309441
age_70,3,P_NQ_7,0.0978268761023816
age_70,3,P_NQ_8,0.0844719299351259
age_70,3,P_NQ_9,0.0749824650314133
age_70,3,P_NQ_10,0.0608355749843013
age_70,3,P_NQ_11,0.0447157911361322
age_70,3,P_NQ_12,0.0266971054175509
age_70,3,P_NQ_13,0.0129498898059934
age_70,3,P_NQ_14,0.00395055733588084
age_70,3,P_NQ_15,0.000735031548177291
age_70,3,P_NQ_16,7.75845086637447e-05
age_70,3,P_NQ_17,3.79216653525219e-06
age_70,3,L_NQ,1.44563409898469
age_70,3,pi_Q,0.3
age_70,3,pi_NQ,0.7
age_70,3,y,0.253185888433786
age_70,3,nbar,3.89727937401112
age_70,3,Ptot,2.30460570957874
age_70,3,Pret,0.0634485079321908
age_70,3,H,101.427776448269
age_70,3,cCheck,0
age_70,3,shareq,0.3
age_70,3,A,0.097702667
age_70,3,A_Q,2
age_70,3,xpop,0.83714915
age_70,3,h_Q_1,100
age_70,3,mig_Q_2,-0.18612713
age_70,3,med_Q_2,-72.41205295
age_70,3,mig_Q_3,-6.11209e-05
age_70,3,med_Q_3,-10.6168351
age_70,3,mig_Q_4,-7.55089e-05
age_70,3,med_Q_4,-6.015277837
age_70,3,mig_Q_5,-4.61142e-05
age_70,3,med_Q_5,-2.638441369
age_70,3,mig_Q_6,-0.0002985
age_70,3,med_Q_6,-1.988921064
age_70,3,mig_Q_7,-0.000272541
age_70,3,med_Q_7,-3.772308496
age_70,3,mig_Q_8,8.51763e-05
age_70,3,med_Q_8,-4.576767033
age_70,3,mig_Q_9,0.000691976
age_70,3,med_Q_9,-3.152484402
age_70,3,mig_Q_10,0.001451078
age_70,3,med_Q_10,-2.110921417
age_70,3,mig_Q_11,0.002216384
age_70,3,med_Q_11,-1.392713222
age_70,3,mig_Q_12,0.002031008
age_70,3,med_Q_12,-0.735520726
age_70,3,mig_Q_13,0.001615401
age_70,3,med_Q_13,-0.426588835
age_70,3,mig_Q_14,0.000611996
age_70,3,med_Q_14,-0.209758674
age_70,3,mig_Q_15,0.000145094
age_70,3,med_Q_15,-0.096368864
age_70,3,mig_Q_16,1.72942e-05
age_70,3,med_Q_16,-0.03339005
age_70,3,mig_Q_17,7.40171e-07
age_70,3,med_Q_17,-0.003393804
age_70,3,h_NQ_1,100
age_70,3,mig_NQ_2,-0.414648896
age_70,3,med_NQ_2,-87.1532601
age_70,3,mig_NQ_3,0.005099698
age_70,3,med_NQ_3,-5.264410804
age_70,3,mig_NQ_4,0.005109504
age_70,3,med_NQ_4,-2.230344766
age_70,3,mig_NQ_5,0.005288843
age_70,3,med_NQ_5,-1.15878528
age_70,3,mig_NQ_6,0.005269342
age_70,3,med_NQ_6,-0.822496245
age_70,3,mig_NQ_7,0.005475879
age_70,3,med_NQ_7,-1.156472865
age_70,3,mig_NQ_8,0.006525129
age_70,3,med_NQ_8,-1.641074846
age_70,3,mig_NQ_9,0.008225451
age_70,3,med_NQ_9,-1.295315326
age_70,3,mig_NQ_10,0.009438072
age_70,3,med_NQ_10,-1.023418237
age_70,3,mig_NQ_11,0.009809487
age_70,3,med_NQ_11,-0.767618322
age_70,3,mig_NQ_12,0.008149915
age_70,3,med_NQ_12,-0.52069518
age_70,3,mig_NQ_13,0.005526808
age_70,3,med_NQ_13,-0.3013467
age_70,3,mig_NQ_14,0.001973822
age_70,3,med_NQ_14,-0.146980748
age_70,3,mig_NQ_15,0.000430216
age_70,3,med_NQ_15,-0.06571727
age_70,3,mig_NQ_16,4.92261e-05
age_70,3,med_NQ_16,-0.01980883
age_70,3,mig_NQ_17,2.23036e-06
age_70,3,med_NQ_17,0.002386064
age_70,4,beta_Q_2,0.915780800174138
age_70,4,beta_Q_3,0.926950699992236
age_70,4,beta_Q_4,0.946298101104891
age_70,4,beta_Q_5,0.954726500006618
age_70,4,beta_Q_6,0.952895600038412
age_70,4,beta_Q_7,0.940326500011025
age_70,4,beta_Q_8,0.911711903309846
age_70,4,beta_Q_9,0.863582103908553
age_70,4,beta_Q_10,0.782460213878918
age_70,4,beta_Q_11,0.661729525310679
age_70,4,beta_Q_12,0.513075047975742
age_70,4,beta_Q_13,0.34311506784986
age_70,4,beta_Q_14,0.199175459830733
age_70,4,beta_Q_15,0.105912526264473
age_70,4,beta_Q_16,0.0500897023507679
age_70,4,beta_Q_17,0.0257230038342171
age_70,4,h_Q_2,11.873777
age_70,4,h_Q_3,13.689385109
age_70,4,h_Q_4,18.621315069936
age_70,4,h_Q_5,22.0879764132591
age_70,4,h_Q_6,21.2294392893366
age_70,4,h_Q_7,16.7578573434463
age_70,4,h_Q_8,11.3265547675934
age_70,4,h_Q_9,7.33041632029728
age_70,4,h_Q_10,4.5968599731869
age_70,4,h_Q_11,2.95621404026621
age_70,4,h_Q_12,2.05370437323647
age_70,4,h_Q_13,1.5223360154064
age_70,4,h_Q_14,1.24871273758967
age_70,4,h_Q_15,1.11845876491779
age_70,4,h_Q_16,1.05273097847102
age_70,4,h_Q_17,1.02640214614517
age_70,4,P_Q_1,0.2400099309
age_70,4,P_Q_2,0.0554021626639412
age_70,4,P_Q_3,0.055098505891539
age_70,4,P_Q_4,0.054131809069202
age_70,4,P_Q_5,0.0517083339178659
age_70,4,P_Q_6,0.0477608470239351
age_70,4,P_Q_7,0.0440058162399413
age_70,4,P_Q_8,0.0383320361641815
age_70,4,P_Q_9,0.0332963169770201
age_70,4,P_Q_10,0.0266317512232805
age_70,4,P_Q_11,0.0197418465012088
age_70,4,P_Q_12,0.0120694326506273
age_70,4,P_Q_13,0.00566622449268478
age_70,4,P_Q_14,0.00175881790214782
age_70,4,P_Q_15,0.000324755838033015
age_70,4,P_Q_16,3.36133653542481e-05
age_70,4,P_Q_17,1.70191293850399e-06
age_70,4,L_Q,0.813815150474313
age_70,4,beta_NQ_2,0.799613500674926
age_70,4,beta_NQ_3,0.821086499924607
age_70,4,beta_NQ_4,0.875935005405642
age_70,4,beta_NQ_5,0.900361491462903
age_70,4,beta_NQ_6,0.900028300059175
age_70,4,beta_NQ_7,0.883267142757604
age_70,4,beta_NQ_8,0.846057803078419
age_70,4,beta_NQ_9,0.789139704543031
age_70,4,beta_NQ_10,0.701501812798948
age_70,4,beta_NQ_11,0.585631017831217
age_70,4,beta_NQ_12,0.434138626882012
age_70,4,beta_NQ_13,0.277026944002796
age_70,4,beta_NQ_14,0.155300276397469
age_70,4,beta_NQ_15,0.0806001114636423
age_70,4,beta_NQ_16,0.0376488988536307
age_70,4,beta_NQ_17,0.0191859183317102
age_70,4,h_NQ_2,4.99035614
age_70,4,h_NQ_3,5.589293146
age_70,4,h_NQ_4,8.06029097678399
age_70,4,h_NQ_5,10.0362710858577
age_70,4,h_NQ_6,10.0028308018246
age_70,4,h_NQ_7,8.56656521243064
age_70,4,h_NQ_8,6.49594458327527
age_70,4,h_NQ_9,4.742476413982
age_70,4,h_NQ_10,3.35010394968178
age_70,4,h_NQ_11,2.41330794243245
age_70,4,h_NQ_12,1.76721719825888
age_70,4,h_NQ_13,1.3831771347388
age_70,4,h_NQ_14,1.18385253262744
age_70,4,h_NQ_15,1.08766598574571
age_70,4,h_NQ_16,1.03912178980382
age_70,4,h_NQ_17,1.01955142437541
age_70,4,P_NQ_1,0.5600231721
age_70,4,P_NQ_2,0.129271716049243
age_70,4,P_NQ_3,0.128563183951006
age_70,4,P_NQ_4,0.126307551306071
age_70,4,P_NQ_5,0.120652779720837
age_70,4,P_NQ_6,0.111441979386464
age_70,4,P_NQ_7,0.102680238668745
age_70,4,P_NQ_8,0.089441420751515
age_70,4,P_NQ_9,0.0776914080283628
age_70,4,P_NQ_10,0.0621408002917497
age_70,4,P_NQ_11,0.0460642887240372
age_70,4,P_NQ_12,0.0281619995521673
age_70,4,P_NQ_13,0.0132211826090758
age_70,4,P_NQ_14,0.00410391040726062
age_70,4,P_NQ_15,0.000757765230868603
age_70,4,P_NQ_16,7.84310465538814e-05
age_70,4,P_NQ_17,3.9709196111885e-06
age_70,4,L_NQ,1.43463382636324
age_70,4,pi_Q,0.3
age_70,4,pi_NQ,0.7
age_70,4,y,0.258979765410434
age_70,4,nbar,3.85311640724882
age_70,4,Ptot,2.28657970147747
age_70,4,Pret,0.0661818059273231
age_70,4,H,93.0317770504632
age_70,4,cCheck,4.44089209850063e-16
age_70,4,shareq,0.3
age_70,4,A,0.100738932
age_70,4,A_Q,2
age_70,4,xpop,0.800033103
age_70,4,h_Q_1,100
age_70,4,mig_Q_2,-0.18592762
age_70,4,med_Q_2,-86.126223
age_70,4,mig_Q_3,-0.001375179
age_70,4,med_Q_3,-11.386803
age_70,4,mig_Q_4,-0.000693281
age_70,4,med_Q_4,-8.272577542
age_70,4,mig_Q_5,-0.000931951
age_70,4,med_Q_5,-5.192292161
age_70,4,mig_Q_6,0.000924829
age_70,4,med_Q_6,-4.851662293
age_70,4,mig_Q_7,0.000147452
age_70,4,med_Q_7,-5.670800076
age_70,4,mig_Q_8,5.62683e-05
age_70,4,med_Q_8,-5.598770008
age_70,4,mig_Q_9,0.001968751
age_70,4,med_Q_9,-3.926265903
age_70,4,mig_Q_10,0.001375679
age_70,4,med_Q_10,-2.681187427
age_70,4,mig_Q_11,0.002343852
age_70,4,med_Q_11,-1.621693543
age_70,4,mig_Q_12,0.002072404
age_70,4,med_Q_12,-0.891845341
age_70,4,mig_Q_13,0.001550275
age_70,4,med_Q_13,-0.526410347
age_70,4,mig_Q_14,0.000559875
age_70,4,med_Q_14,-0.281902062
age_70,4,mig_Q_15,0.000125785
age_70,4,med_Q_15,-0.131585562
age_70,4,mig_Q_16,1.56393e-05
age_70,4,med_Q_16,-0.057774391
age_70,4,mig_Q_17,7.2547e-07
age_70,4,med_Q_17,-0.01289837
age_70,4,h_NQ_1,100
age_70,4,mig_NQ_2,-0.402706837
age_70,4,med_NQ_2,-93.00964386
age_70,4,mig_NQ_3,0.003942123
age_70,4,med_NQ_3,-5.040511956
age_70,4,mig_NQ_4,0.004370837
age_70,4,med_NQ_4,-2.98456353
age_70,4,mig_NQ_5,0.003509014
age_70,4,med_NQ_5,-2.054404045
age_70,4,mig_NQ_6,0.007799497
age_70,4,med_NQ_6,-1.932494351
age_70,4,mig_NQ_7,0.006422785
age_70,4,med_NQ_7,-1.964116684
age_70,4,mig_NQ_8,0.006495656
age_70,4,med_NQ_8,-2.110988215
age_70,4,mig_NQ_9,0.010813959
age_70,4,med_NQ_9,-1.699941515
age_70,4,mig_NQ_10,0.009216146
age_70,4,med_NQ_10,-1.354922118
age_70,4,mig_NQ_11,0.010071508
age_70,4,med_NQ_11,-0.91806056
age_70,4,mig_NQ_12,0.008371549
age_70,4,med_NQ_12,-0.632623723
age_70,4,mig_NQ_13,0.005417241
age_70,4,med_NQ_13,-0.374931512
age_70,4,mig_NQ_14,0.001901815
age_70,4,med_NQ_14,-0.20094222
age_70,4,mig_NQ_15,0.000399883
age_70,4,med_NQ_15,-0.093124337
age_70,4,mig_NQ_16,4.64646e-05
age_70,4,med_NQ_16,-0.038500318
age_70,4,mig_NQ_17,2.24727e-06
age_70,4,med_NQ_17,-0.005006494
age_70,5,beta_Q_2,0.97831590005436
age_70,5,beta_Q_3,0.976824400001711
age_70,5,beta_Q_4,0.972756101044606
age_70,5,beta_Q_5,0.968474199995295
age_70,5,beta_Q_6,0.961299800006389
age_70,5,beta_Q_7,0.947256704690488
age_70,5,beta_Q_8,0.918899700325678
age_70,5,beta_Q_9,0.87503910061217
age_70,5,beta_Q_10,0.80298450290316
age_70,5,beta_Q_11,0.688932000729511
age_70,5,beta_Q_12,0.545905601157889
age_70,5,beta_Q_13,0.382226001756237
age_70,5,beta_Q_14,0.233474069512069
age_70,5,beta_Q_15,0.122301810119353
age_70,5,beta_Q_16,0.0608830171079231
age_70,5,beta_Q_17,0.0308175007459649
age_70,5,h_Q_2,46.11673992
age_70,5,h_Q_3,43.14882894
age_70,5,h_Q_4,36.70546433682
age_70,5,h_Q_5,31.7200515085373
age_70,5,h_Q_6,25.8396597469939
age_70,5,h_Q_7,18.9597541315499
age_70,5,h_Q_8,12.3304106175774
age_70,5,h_Q_9,8.00250318224148
age_70,5,h_Q_10,5.07574277589133
age_70,5,h_Q_11,3.21473118072316
age_70,5,h_Q_12,2.20218527646088
age_70,5,h_Q_13,1.61871493877174
age_70,5,h_Q_14,1.30458208009827
age_70,5,h_Q_15,1.13934367183788
age_70,5,h_Q_16,1.06483004861944
age_70,5,h_Q_17,1.0317974169016
age_70,5,P_Q_1,0.2322511179
age_70,5,P_Q_2,0.0547375935693415
age_70,5,P_Q_3,0.052932439462424
age_70,5,P_Q_4,0.05294098949888
age_70,5,P_Q_5,0.0523430946116657
age_70,5,P_Q_6,0.0508873098756513
age_70,5,P_Q_7,0.0446876891195788
age_70,5,P_Q_8,0.0408866024808203
age_70,5,P_Q_9,0.0351519314377626
age_70,5,P_Q_10,0.0273420413032194
age_70,5,P_Q_11,0.0205344860951735
age_70,5,P_Q_12,0.0126792128407374
age_70,5,P_Q_13,0.00598691720282931
age_70,5,P_Q_14,0.00185312986883465
age_70,5,P_Q_15,0.000347917847255657
age_70,5,P_Q_16,3.53494232637479e-05
age_70,5,P_Q_17,1.53344172588826e-06
age_70,5,L_Q,0.813117960266128
age_70,5,beta_NQ_2,0.949461622802603
age_70,5,beta_NQ_3,0.945148500061631
age_70,5,beta_NQ_4,0.939751299968669
age_70,5,beta_NQ_5,0.931510500004377
age_70,5,beta_NQ_6,0.91745130001448
age_70,5,beta_NQ_7,0.895631604059103
age_70,5,beta_NQ_8,0.857395600286007
age_70,5,beta_NQ_9,0.804925800395733
age_70,5,beta_NQ_10,0.726425001123515
age_70,5,beta_NQ_11,0.61504049989533
age_70,5,beta_NQ_12,0.466364099355962
age_70,5,beta_NQ_13,0.31223812072514
age_70,5,beta_NQ_14,0.183897629855855
age_70,5,beta_NQ_15,0.0940209412956333
age_70,5,beta_NQ_16,0.0461569048697826
age_70,5,beta_NQ_17,0.0231602981609627
age_70,5,h_NQ_2,19.78693429
age_70,5,h_NQ_3,18.2310419972
age_70,5,h_NQ_4,16.59786849308
age_70,5,h_NQ_5,14.6007782222483
age_70,5,h_NQ_6,12.1140611561405
age_70,5,h_NQ_7,9.58144419278814
age_70,5,h_NQ_8,7.01240635218202
age_70,5,h_NQ_9,5.12625452360976
age_70,5,h_NQ_10,3.65530475870236
age_70,5,h_NQ_11,2.59767585568814
age_70,5,h_NQ_12,1.8739368895838
age_70,5,h_NQ_13,1.4539816232937
age_70,5,h_NQ_14,1.22533462604402
age_70,5,h_NQ_15,1.10377821897489
age_70,5,h_NQ_16,1.0483904520308
age_70,5,h_NQ_17,1.02370941500774
age_70,5,P_NQ_1,0.5419192751
age_70,5,P_NQ_2,0.127721053101957
age_70,5,P_NQ_3,0.123509026870121
age_70,5,P_NQ_4,0.123528981229091
age_70,5,P_NQ_5,0.122133897276961
age_70,5,P_NQ_6,0.118737056229559
age_70,5,P_NQ_7,0.104271281715934
age_70,5,P_NQ_8,0.0954020711476459
age_70,5,P_NQ_9,0.0820211753457595
age_70,5,P_NQ_10,0.0637980985707992
age_70,5,P_NQ_11,0.0479138291237038
age_70,5,P_NQ_12,0.0295848150549501
age_70,5,P_NQ_13,0.013969466672945
age_70,5,P_NQ_14,0.00432396731349088
age_70,5,P_NQ_15,0.000811810636262007
age_70,5,P_NQ_16,8.24819265317701e-05
age_70,5,P_NQ_17,3.57876165385333e-06
age_70,5,L_NQ,1.43321690579141
age_70,5,pi_Q,0.3
age_70,5,pi_NQ,0.7
age_70,5,y,0.207258172195151
age_70,5,nbar,3.78361753889711
age_70,5,Ptot,2.28533122205653
age_70,5,Pret,0.0696801809904803
age_70,5,H,101.47836223711
age_70,5,cCheck,-4.44089209850063e-16
age_70,5,shareq,0.3
age_70,5,A,0.081653838
age_70,5,A_Q,2
age_70,5,xpop,0.774170393
age_70,5,h_Q_1,100
age_70,5,mig_Q_2,-0.165058893
age_70,5,med_Q_2,-51.88326008
age_70,5,mig_Q_3,0.001577366
age_70,5,med_Q_3,31.51252748
age_70,5,mig_Q_4,0.000801378
age_70,5,med_Q_4,23.28986693
age_70,5,mig_Q_5,0.000662022
age_70,5,med_Q_5,13.47116274
age_70,5,mig_Q_6,0.001614666
age_70,5,med_Q_6,4.193442862
age_70,5,mig_Q_7,-0.000223101
age_70,5,med_Q_7,-1.845096372
age_70,5,mig_Q_8,0.000765976
age_70,5,med_Q_8,-4.092289579
age_70,5,mig_Q_9,0.002049071
age_70,5,med_Q_9,-3.09752049
age_70,5,mig_Q_10,0.001288998
age_70,5,med_Q_10,-2.108065218
age_70,5,mig_Q_11,0.00291147
age_70,5,med_Q_11,-1.290191593
age_70,5,mig_Q_12,0.002550164
age_70,5,med_Q_12,-0.694904483
age_70,5,mig_Q_13,0.001845713
age_70,5,med_Q_13,-0.393915347
age_70,5,mig_Q_14,0.000724557
age_70,5,med_Q_14,-0.187307215
age_70,5,mig_Q_15,0.000161637
age_70,5,med_Q_15,-0.084394811
age_70,5,mig_Q_16,1.90825e-05
age_70,5,med_Q_16,-0.031259541
age_70,5,mig_Q_17,6.68805e-07
age_70,5,med_Q_17,0.000121058
age_70,5,h_NQ_1,100
age_70,5,mig_NQ_2,-0.320081036
age_70,5,med_NQ_2,-78.21306571
age_70,5,mig_NQ_3,0.017365766
age_70,5,med_NQ_3,13.34049298
age_70,5,mig_NQ_4,0.010915988
age_70,5,med_NQ_4,11.12036121
age_70,5,mig_NQ_5,0.008411442
age_70,5,med_NQ_5,6.701693065
age_70,5,mig_NQ_6,0.01014614
age_70,5,med_NQ_6,2.278515492
age_70,5,mig_NQ_7,0.005838243
age_70,5,med_NQ_7,-0.221329993
age_70,5,mig_NQ_8,0.008528654
age_70,5,med_NQ_8,-1.382827556
age_70,5,mig_NQ_9,0.011439399
age_70,5,med_NQ_9,-1.239771168
age_70,5,mig_NQ_10,0.009297435
age_70,5,med_NQ_10,-0.992322127
age_70,5,mig_NQ_11,0.011522249
age_70,5,med_NQ_11,-0.685426015
age_70,5,mig_NQ_12,0.009586528
age_70,5,med_NQ_12,-0.491104894
age_70,5,mig_NQ_13,0.006167834
age_70,5,med_NQ_13,-0.277891231
age_70,5,mig_NQ_14,0.002270714
age_70,5,med_NQ_14,-0.130178966
age_70,5,mig_NQ_15,0.000481035
age_70,5,med_NQ_15,-0.056397263
age_70,5,mig_NQ_16,5.39529e-05
age_70,5,med_NQ_16,-0.017522214
age_70,5,mig_NQ_17,2.07399e-06
age_70,5,med_NQ_17,0.005370061
age_70,6,beta_Q_2,0.980093000081986
age_70,6,beta_Q_3,0.978183700006992
age_70,6,beta_Q_4,0.973443299999527
age_70,6,beta_Q_5,0.968100100598134
age_70,6,beta_Q_6,0.960728801748327
age_70,6,beta_Q_7,0.947101200015067
age_70,6,beta_Q_8,0.918668900015711
age_70,6,beta_Q_9,0.873653601874638
age_70,6,beta_Q_10,0.800306106442391
age_70,6,beta_Q_11,0.685122807218345
age_70,6,beta_Q_12,0.533326745557311
age_70,6,beta_Q_13,0.364243208418866
age_70,6,beta_Q_14,0.210392979249286
age_70,6,beta_Q_15,0.10710457224437
age_70,6,beta_Q_16,0.0513792132987517
age_70,6,beta_Q_17,0.0258055017436974
age_70,6,h_Q_2,50.23358618
age_70,6,h_Q_3,45.8372868036
age_70,6,h_Q_4,37.6552809642
age_70,6,h_Q_5,31.3480606470836
age_70,6,h_Q_6,25.4639532233665
age_70,6,h_Q_7,18.9040205110541
age_70,6,h_Q_8,12.2954195889189
age_70,6,h_Q_9,7.91474866222584
age_70,6,h_Q_10,5.00766422959665
age_70,6,h_Q_11,3.1758412533735
age_70,6,h_Q_12,2.1428257621087
age_70,6,h_Q_13,1.57292752993167
age_70,6,h_Q_14,1.2664518469963
age_70,6,h_Q_15,1.1199518834963
age_70,6,h_Q_16,1.05416200440112
age_70,6,h_Q_17,1.02648906464705
age_70,6,P_Q_1,0.2354582187
age_70,6,P_Q_2,0.0635929234469698
age_70,6,P_Q_3,0.0556168589959095
age_70,6,P_Q_4,0.0529758844302472
age_70,6,P_Q_5,0.0517508194518871
age_70,6,P_Q_6,0.0502920915819097
age_70,6,P_Q_7,0.0478914644633732
age_70,6,P_Q_8,0.041124593240228
age_70,6,P_Q_9,0.0364065528619043
age_70,6,P_Q_10,0.0293843861916378
age_70,6,P_Q_11,0.0208241592190559
age_70,6,P_Q_12,0.013313518976254
age_70,6,P_Q_13,0.00629877882953141
age_70,6,P_Q_14,0.00203395992317637
age_70,6,P_Q_15,0.000382637137344718
age_70,6,P_Q_16,4.0045288246618e-05
age_70,6,P_Q_17,1.73611087779998e-06
age_70,6,L_Q,0.837787933520034
age_70,6,beta_NQ_2,0.953018000050538
age_70,6,beta_NQ_3,0.947439199997024
age_70,6,beta_NQ_4,0.940336200557962
age_70,6,beta_NQ_5,0.929724029308708
age_70,6,beta_NQ_6,0.91563551810666
age_70,6,beta_NQ_7,0.895088600099634
age_70,6,beta_NQ_8,0.856512600216809
age_70,6,beta_NQ_9,0.802585803990379
age_70,6,beta_NQ_10,0.722879507523622
age_70,6,beta_NQ_11,0.610812705042895
age_70,6,beta_NQ_12,0.454135636348191
age_70,6,beta_NQ_13,0.296270685092385
age_70,6,beta_NQ_14,0.16523660568129
age_70,6,beta_NQ_15,0.0820849260258682
age_70,6,beta_NQ_16,0.0388798004271116
age_70,6,beta_NQ_17,0.0193578988289396
age_70,6,h_NQ_2,21.28474735
age_70,6,h_NQ_3,19.0255856062
age_70,6,h_NQ_4,16.760581795256
age_70,6,h_NQ_5,14.2296089622184
age_70,6,h_NQ_6,11.8533269328033
age_70,6,h_NQ_7,9.53185259401771
age_70,6,h_NQ_8,6.96925304993238
age_70,6,h_NQ_9,5.06549174513838
age_70,6,h_NQ_10,3.60853852513757
age_70,6,h_NQ_11,2.56945691452831
age_70,6,h_NQ_12,1.83195646157438
age_70,6,h_NQ_13,1.42100053779213
age_70,6,h_NQ_14,1.19794394082783
age_70,6,h_NQ_15,1.08942537252314
age_70,6,h_NQ_16,1.04045258559539
age_70,6,h_NQ_17,1.01974002399018
age_70,6,P_NQ_1,0.5494025103
age_70,6,P_NQ_2,0.148383499364456
age_70,6,P_NQ_3,0.129772670765607
age_70,6,P_NQ_4,0.123610397559061
age_70,6,P_NQ_5,0.120751917069742
age_70,6,P_NQ_6,0.117348222832583
age_70,6,P_NQ_7,0.111746750132136
age_70,6,P_NQ_8,0.0959573911794244
age_70,6,P_NQ_9,0.0849486214779296
age_70,6,P_NQ_10,0.0685635673926954
age_70,6,P_NQ_11,0.0485897034373559
age_70,6,P_NQ_12,0.0310648887659716
age_70,6,P_NQ_13,0.0146972830547585
age_70,6,P_NQ_14,0.00474587881150494
age_70,6,P_NQ_15,0.000892819476945964
age_70,6,P_NQ_16,9.34391663102231e-05
age_70,6,P_NQ_17,4.05092601136641e-06
age_70,6,L_NQ,1.47700806694415
age_70,6,pi_Q,0.3
age_70,6,pi_NQ,0.7
age_70,6,y,0.331753993994226
age_70,6,nbar,3.96716237600117
age_70,6,Ptot,2.35796224056105
age_70,6,Pret,0.0735690364669334
age_70,6,H,104.384842757495
age_70,6,cCheck,0
age_70,6,shareq,0.3
age_70,6,A,0.126438745
age_70,6,A_Q,2
age_70,6,xpop,0.784860729
age_70,6,h_Q_1,100
age_70,6,mig_Q_2,-0.163622038
age_70,6,med_Q_2,-47.76641382
age_70,6,mig_Q_3,0.002147842
age_70,6,med_Q_3,0.642881682
age_70,6,mig_Q_4,0.001485531
age_70,6,med_Q_4,-4.630571397
age_70,6,mig_Q_5,0.000478837
age_70,6,med_Q_5,-4.623294403
age_70,6,mig_Q_6,-2.53148e-05
age_70,6,med_Q_6,-5.621697255
age_70,6,mig_Q_7,-0.000311881
age_70,6,med_Q_7,-6.418846041
age_70,6,mig_Q_8,6.10891e-05
age_70,6,med_Q_8,-6.28513946
age_70,6,mig_Q_9,0.000629177
age_70,6,med_Q_9,-4.169053743
age_70,6,mig_Q_10,0.00115793
age_70,6,med_Q_10,-2.834788889
age_70,6,mig_Q_11,0.001987352
age_70,6,med_Q_11,-1.798386667
age_70,6,mig_Q_12,0.002103628
age_70,6,med_Q_12,-1.007610795
age_70,6,mig_Q_13,0.001452454
age_70,6,med_Q_13,-0.585214041
age_70,6,mig_Q_14,0.00063617
age_70,6,med_Q_14,-0.319888793
age_70,6,mig_Q_15,0.000155996
age_70,6,med_Q_15,-0.158538555
age_70,6,mig_Q_16,1.8863e-05
age_70,6,med_Q_16,-0.062394794
age_70,6,mig_Q_17,6.4673e-07
age_70,6,med_Q_17,-0.017044383
age_70,6,h_NQ_1,100
age_70,6,mig_NQ_2,-0.366148055
age_70,6,med_NQ_2,-76.71525265
age_70,6,mig_NQ_3,0.009057309
age_70,6,med_NQ_3,-0.365609998
age_70,6,mig_NQ_4,0.007542629
age_70,6,med_NQ_4,-1.105839362
age_70,6,mig_NQ_5,0.005683374
age_70,6,med_NQ_5,-2.036302161
age_70,6,mig_NQ_6,0.00529632
age_70,6,med_NQ_6,-2.455435725
age_70,6,mig_NQ_7,0.00540209
age_70,6,med_NQ_7,-2.339927339
age_70,6,mig_NQ_8,0.006555653
age_70,6,med_NQ_8,-2.420562259
age_70,6,mig_NQ_9,0.008157033
age_70,6,med_NQ_9,-1.80666648
age_70,6,mig_NQ_10,0.008981335
age_70,6,med_NQ_10,-1.415190908
age_70,6,mig_NQ_11,0.009351289
age_70,6,med_NQ_11,-1.012741749
age_70,6,mig_NQ_12,0.008719599
age_70,6,med_NQ_12,-0.713765877
age_70,6,mig_NQ_13,0.005459776
age_70,6,med_NQ_13,-0.415457614
age_70,6,mig_NQ_14,0.002176927
age_70,6,med_NQ_14,-0.22695805
age_70,6,mig_NQ_15,0.000486276
age_70,6,med_NQ_15,-0.111402561
age_70,6,mig_NQ_16,5.59685e-05
age_70,6,med_NQ_16,-0.041250069
age_70,6,mig_NQ_17,2.14062e-06
age_70,6,med_NQ_17,-0.007682619
age_70,7,beta_Q_2,0.982471202013489
age_70,7,beta_Q_3,0.98019100022191
age_70,7,beta_Q_4,0.975467800055399
age_70,7,beta_Q_5,0.969921200004865
age_70,7,beta_Q_6,0.962053899993213
age_70,7,beta_Q_7,0.948704999989433
age_70,7,beta_Q_8,0.921555200026118
age_70,7,beta_Q_9,0.879524100023635
age_70,7,beta_Q_10,0.809581700101734
age_70,7,beta_Q_11,0.701822499941256
age_70,7,beta_Q_12,0.564004501242922
age_70,7,beta_Q_13,0.398768598629999
age_70,7,beta_Q_14,0.24479335183729
age_70,7,beta_Q_15,0.13129522576739
age_70,7,beta_Q_16,0.063957127400127
age_70,7,beta_Q_17,0.0320524055387999
age_70,7,h_Q_2,57.04897084
age_70,7,h_Q_3,50.4821040984
age_70,7,h_Q_4,40.762752631528
age_70,7,h_Q_5,33.246007153916
age_70,7,h_Q_6,26.3531693591419
age_70,7,h_Q_7,19.4950774888992
age_70,7,h_Q_8,12.747817577833
age_70,7,h_Q_9,8.30041527114052
age_70,7,h_Q_10,5.25159609398132
age_70,7,h_Q_11,3.35370710300472
age_70,7,h_Q_12,2.29360165930603
age_70,7,h_Q_13,1.66325311286653
age_70,7,h_Q_14,1.32413518733303
age_70,7,h_Q_15,1.15113837105638
age_70,7,h_Q_16,1.06832709982638
age_70,7,h_Q_17,1.0331137801131
age_70,7,P_Q_1,0.2358901014
age_70,7,P_Q_2,0.0657660659596434
age_70,7,P_Q_3,0.0631562221516183
age_70,7,P_Q_4,0.0546893617565865
age_70,7,P_Q_5,0.0511453440461974
age_70,7,P_Q_6,0.0493387557615056
age_70,7,P_Q_7,0.0472443532884943
age_70,7,P_Q_8,0.0440902573787086
age_70,7,P_Q_9,0.0366807650099546
age_70,7,P_Q_10,0.0306768565698997
age_70,7,P_Q_11,0.0224795411560028
age_70,7,P_Q_12,0.0135552590652664
age_70,7,P_Q_13,0.00670016886725621
age_70,7,P_Q_14,0.00213355284357744
age_70,7,P_Q_15,0.000419747407533996
age_70,7,P_Q_16,5.2825195095658e-05
age_70,7,P_Q_17,1.19309975567497e-06
age_70,7,L_Q,0.856776851429149
age_70,7,beta_NQ_2,0.957769101087303
age_70,7,beta_NQ_3,0.951067400044386
age_70,7,beta_NQ_4,0.944235100027504
age_70,7,beta_NQ_5,0.933317200014092
age_70,7,beta_NQ_6,0.917863944448588
age_70,7,beta_NQ_7,0.897531433097593
age_70,7,beta_NQ_8,0.860720316055193
age_70,7,beta_NQ_9,0.810532600003745
age_70,7,beta_NQ_10,0.734017600170867
age_70,7,beta_NQ_11,0.628927800124643
age_70,7,beta_NQ_12,0.484616699454873
age_70,7,beta_NQ_13,0.327474613926273
age_70,7,beta_NQ_14,0.193547122720499
age_70,7,beta_NQ_15,0.101101276818328
age_70,7,beta_NQ_16,0.0484809100193364
age_70,7,beta_NQ_17,0.0240461982203856
age_70,7,h_NQ_2,23.6793438
age_70,7,h_NQ_3,20.436273568
age_70,7,h_NQ_4,17.932427027076
age_70,7,h_NQ_5,14.9963708803509
age_70,7,h_NQ_6,12.174914554974
age_70,7,h_NQ_7,9.75908717414728
age_70,7,h_NQ_8,7.17979204713736
age_70,7,h_NQ_9,5.27795282993373
age_70,7,h_NQ_10,3.75964725723561
age_70,7,h_NQ_11,2.69489333963482
age_70,7,h_NQ_12,1.94030345723774
age_70,7,h_NQ_13,1.48692582934289
age_70,7,h_NQ_14,1.23999617303628
age_70,7,h_NQ_15,1.11247215501127
age_70,7,h_NQ_16,1.05095105307268
age_70,7,h_NQ_17,1.02463866388348
age_70,7,P_NQ_1,0.5504102366
age_70,7,P_NQ_2,0.153454152588851
age_70,7,P_NQ_3,0.147364529930619
age_70,7,P_NQ_4,0.12760851116399
age_70,7,P_NQ_5,0.119339141883062
age_70,7,P_NQ_6,0.115123769148526
age_70,7,P_NQ_7,0.110236832499397
age_70,7,P_NQ_8,0.102877266521454
age_70,7,P_NQ_9,0.0855884569485576
age_70,7,P_NQ_10,0.0715793326587763
age_70,7,P_NQ_11,0.0524522630665231
age_70,7,P_NQ_12,0.0316289318904935
age_70,7,P_NQ_13,0.0156337248770131
age_70,7,P_NQ_14,0.00497830716470543
age_70,7,P_NQ_15,0.000979408111170118
age_70,7,P_NQ_16,0.000123259043081097
age_70,7,P_NQ_17,2.78390092809376e-06
age_70,7,L_NQ,1.51088296506895
age_70,7,pi_Q,0.3
age_70,7,pi_NQ,0.7
age_70,7,y,0.390019329379032
age_70,7,nbar,4.08057876157871
age_70,7,Ptot,2.41340127895424
age_70,7,Pret,0.0762091614658767
age_70,7,H,107.625652127824
age_70,7,cCheck,0
age_70,7,shareq,0.3
age_70,7,A,0.145740715
age_70,7,A_Q,2
age_70,7,xpop,0.786300338
age_70,7,h_Q_1,100
age_70,7,mig_Q_2,-0.165004886
age_70,7,med_Q_2,-40.95102916
age_70,7,mig_Q_3,0.000950661
age_70,7,med_Q_3,1.253189642
age_70,7,mig_Q_4,0.000549503
age_70,7,med_Q_4,-4.157788436
age_70,7,mig_Q_5,-0.000140615
age_70,7,med_Q_5,-3.656168191
age_70,7,mig_Q_6,-0.000379747
age_70,7,med_Q_6,-4.367930075
age_70,7,mig_Q_7,-0.000387347
age_70,7,med_Q_7,-5.45959667
age_70,7,mig_Q_8,9.38584e-05
age_70,7,med_Q_8,-5.778122523
age_70,7,mig_Q_9,0.000752116
age_70,7,med_Q_9,-3.749095926
age_70,7,mig_Q_10,0.00154047
age_70,7,med_Q_10,-2.504857595
age_70,7,mig_Q_11,0.002347628
age_70,7,med_Q_11,-1.553803842
age_70,7,mig_Q_12,0.002449178
age_70,7,med_Q_12,-0.818722769
age_70,7,mig_Q_13,0.00185081
age_70,7,med_Q_13,-0.436716134
age_70,7,mig_Q_14,0.000808334
age_70,7,med_Q_14,-0.217333792
age_70,7,mig_Q_15,0.000201901
age_70,7,med_Q_15,-0.089984439
age_70,7,mig_Q_16,3.31656e-05
age_70,7,med_Q_16,-0.029225746
age_70,7,mig_Q_17,1.59711e-07
age_70,7,med_Q_17,3.50158e-05
age_70,7,h_NQ_1,100
age_70,7,mig_NQ_2,-0.370136329
age_70,7,med_NQ_2,-74.3206562
age_70,7,mig_NQ_3,0.006780186
age_70,7,med_NQ_3,-0.422778835
age_70,7,mig_NQ_4,0.005578571
age_70,7,med_NQ_4,-0.712646867
age_70,7,mig_NQ_5,0.004415585
age_70,7,med_NQ_5,-1.428999279
age_70,7,mig_NQ_6,0.004559025
age_70,7,med_NQ_6,-1.770102228
age_70,7,mig_NQ_7,0.005199776
age_70,7,med_NQ_7,-1.85717322
age_70,7,mig_NQ_8,0.007164767
age_70,7,med_NQ_8,-2.161423495
age_70,7,mig_NQ_9,0.008574417
age_70,7,med_NQ_9,-1.551915159
age_70,7,mig_NQ_10,0.010171715
age_70,7,med_NQ_10,-1.204534653
age_70,7,mig_NQ_11,0.010572765
age_70,7,med_NQ_11,-0.841474415
age_70,7,mig_NQ_12,0.009562616
age_70,7,med_NQ_12,-0.577764319
age_70,7,mig_NQ_13,0.006430109
age_70,7,med_NQ_13,-0.308391503
age_70,7,mig_NQ_14,0.002549778
age_70,7,med_NQ_14,-0.152584354
age_70,7,mig_NQ_15,0.000589843
age_70,7,med_NQ_15,-0.061512907
age_70,7,mig_NQ_16,8.85464e-05
age_70,7,med_NQ_16,-0.016685812
age_70,7,mig_NQ_17,9.75115e-07
age_70,7,med_NQ_17,0.00499513
age_70,8,beta_Q_2,0.984076900170265
age_70,8,beta_Q_3,0.981349700005238
age_70,8,beta_Q_4,0.976195800002336
age_70,8,beta_Q_5,0.970504804524301
age_70,8,beta_Q_6,0.962159300001863
age_70,8,beta_Q_7,0.948815299989353
age_70,8,beta_Q_8,0.921650599973983
age_70,8,beta_Q_9,0.880413700421122
age_70,8,beta_Q_10,0.811607402573308
age_70,8,beta_Q_11,0.705571507928962
age_70,8,beta_Q_12,0.56743200160931
age_70,8,beta_Q_13,0.406678020558233
age_70,8,beta_Q_14,0.250219899970082
age_70,8,beta_Q_15,0.131435124972837
age_70,8,beta_Q_16,0.0647460680280114
age_70,8,beta_Q_17,0.0321388047175256
age_70,8,h_Q_2,62.80184135
age_70,8,h_Q_3,53.6184404572
age_70,8,h_Q_4,42.009393304432
age_70,8,h_Q_5,33.9038216428974
age_70,8,h_Q_6,26.4265724468377
age_70,8,h_Q_7,19.5370882269591
age_70,8,h_Q_8,12.7633396001212
age_70,8,h_Q_9,8.36216189027632
age_70,8,h_Q_10,5.30806411871771
age_70,8,h_Q_11,3.3964103361017
age_70,8,h_Q_12,2.31177525794463
age_70,8,h_Q_13,1.68542545711991
age_70,8,h_Q_14,1.33372437760919
age_70,8,h_Q_15,1.15132444658637
age_70,8,h_Q_16,1.06922757063525
age_70,8,h_Q_17,1.03320599782985
age_70,8,P_Q_1,0.2371570851
age_70,8,P_Q_2,0.0619843694655418
age_70,8,P_Q_3,0.0635017429736429
age_70,8,P_Q_4,0.0605532080820492
age_70,8,P_Q_5,0.0517454613824486
age_70,8,P_Q_6,0.0480742257061389
age_70,8,P_Q_7,0.0458182892841978
age_70,8,P_Q_8,0.043174637444883
age_70,8,P_Q_9,0.0390164759408191
age_70,8,P_Q_10,0.0307427090977912
age_70,8,P_Q_11,0.0235298201682263
age_70,8,P_Q_12,0.0148994633978611
age_70,8,P_Q_13,0.00705889466152286
age_70,8,P_Q_14,0.00246174979489151
age_70,8,P_Q_15,0.000482071302284158
age_70,8,P_Q_16,5.83014384195248e-05
age_70,8,P_Q_17,1.05926057587226e-06
age_70,8,L_Q,0.861832974920157
age_70,8,beta_NQ_2,0.960777500039771
age_70,8,beta_NQ_3,0.95269410000342
age_70,8,beta_NQ_4,0.944511400034005
age_70,8,beta_NQ_5,0.933747900113122
age_70,8,beta_NQ_6,0.917632100015902
age_70,8,beta_NQ_7,0.89721959992845
age_70,8,beta_NQ_8,0.86024950002811
age_70,8,beta_NQ_9,0.81121900012386
age_70,8,beta_NQ_10,0.736195901222575
age_70,8,beta_NQ_11,0.632981405821706
age_70,8,beta_NQ_12,0.488113801320407
age_70,8,beta_NQ_13,0.334880909025814
age_70,8,beta_NQ_14,0.19806959828046
age_70,8,beta_NQ_15,0.101101897984911
age_70,8,beta_NQ_16,0.0489212004345328
age_70,8,beta_NQ_17,0.0239971028930627
age_70,8,h_NQ_2,25.49557014
age_70,8,h_NQ_3,21.13901226
age_70,8,h_NQ_4,18.02171977664
age_70,8,h_NQ_5,15.0938611745345
age_70,8,h_NQ_6,12.1406518817439
age_70,8,h_NQ_7,9.72948148887455
age_70,8,h_NQ_8,7.15560946166433
age_70,8,h_NQ_9,5.29714325319461
age_70,8,h_NQ_10,3.79069165333506
age_70,8,h_NQ_11,2.7246575540909
age_70,8,h_NQ_12,1.95355920984212
age_70,8,h_NQ_13,1.50349012409299
age_70,8,h_NQ_14,1.24699100675603
age_70,8,h_NQ_15,1.11247314657556
age_70,8,h_NQ_16,1.05143736391104
age_70,8,h_NQ_17,1.02458712001123
age_70,8,P_NQ_1,0.5533665319
age_70,8,P_NQ_2,0.144630194537632
age_70,8,P_NQ_3,0.148170732928693
age_70,8,P_NQ_4,0.141290830659544
age_70,8,P_NQ_5,0.120739411337542
age_70,8,P_NQ_6,0.112173204495897
age_70,8,P_NQ_7,0.106909353507473
age_70,8,P_NQ_8,0.100740841309804
age_70,8,P_NQ_9,0.0910384433149123
age_70,8,P_NQ_10,0.0717329927717079
age_70,8,P_NQ_11,0.0549029142234742
age_70,8,P_NQ_12,0.0347654146062372
age_70,8,P_NQ_13,0.0164708492597397
age_70,8,P_NQ_14,0.00574405146734978
age_70,8,P_NQ_15,0.00112483221074555
age_70,8,P_NQ_16,0.000136036096509847
age_70,8,P_NQ_17,2.47160038238312e-06
age_70,8,L_NQ,1.51990390232473
age_70,8,pi_Q,0.3
age_70,8,pi_NQ,0.7
age_70,8,y,0.356151946309968
age_70,8,nbar,4.12997392077162
age_70,8,Ptot,2.43419867072894
age_70,8,Pret,0.0832051950965195
age_70,8,H,109.149123273247
age_70,8,cCheck,8.88178419700125e-16
age_70,8,shareq,0.3
age_70,8,A,0.131969085
age_70,8,A_Q,2
age_70,8,xpop,0.790523617
age_70,8,h_Q_1,100
age_70,8,mig_Q_2,-0.169770862
age_70,8,med_Q_2,-35.19815865
age_70,8,mig_Q_3,-0.000961563
age_70,8,med_Q_3,-2.289550966
age_70,8,mig_Q_4,-0.001053653
age_70,8,med_Q_4,-7.463068712
age_70,8,mig_Q_5,-0.00129891
age_70,8,med_Q_5,-6.043675936
age_70,8,mig_Q_6,-0.001130352
age_70,8,med_Q_6,-6.154514564
age_70,8,mig_Q_7,-0.000989635
age_70,8,med_Q_7,-6.289017745
age_70,8,mig_Q_8,-0.000363642
age_70,8,med_Q_8,-6.341836339
age_70,8,mig_Q_9,0.000238032
age_70,8,med_Q_9,-4.130699336
age_70,8,mig_Q_10,0.001046633
age_70,8,med_Q_10,-2.826342847
age_70,8,mig_Q_11,0.002000112
age_70,8,med_Q_11,-1.750153836
age_70,8,mig_Q_12,0.002220901
age_70,8,med_Q_12,-0.974857703
age_70,8,mig_Q_13,0.001653483
age_70,8,med_Q_13,-0.562304169
age_70,8,mig_Q_14,0.000821593
age_70,8,med_Q_14,-0.296263673
age_70,8,mig_Q_15,0.000201946
age_70,8,med_Q_15,-0.146328037
age_70,8,mig_Q_16,3.14556e-05
age_70,8,med_Q_16,-0.058888033
age_70,8,mig_Q_17,-6.33914e-07
age_70,8,med_Q_17,-0.01375456
age_70,8,h_NQ_1,100
age_70,8,mig_NQ_2,-0.382535723
age_70,8,med_NQ_2,-72.50442986
age_70,8,mig_NQ_3,0.002225491
age_70,8,med_NQ_3,-2.066744664
age_70,8,mig_NQ_4,0.002144069
age_70,8,med_NQ_4,-2.00582832
age_70,8,mig_NQ_5,0.001640193
age_70,8,med_NQ_5,-2.479917312
age_70,8,mig_NQ_6,0.002636109
age_70,8,med_NQ_6,-2.555791581
age_70,8,mig_NQ_7,0.003582152
age_70,8,med_NQ_7,-2.201934775
age_70,8,mig_NQ_8,0.00585776
age_70,8,med_NQ_8,-2.408295969
age_70,8,mig_NQ_9,0.007653065
age_70,8,med_NQ_9,-1.739052953
age_70,8,mig_NQ_10,0.008909559
age_70,8,med_NQ_10,-1.38170212
age_70,8,mig_NQ_11,0.009884682
age_70,8,med_NQ_11,-0.959796758
age_70,8,mig_NQ_12,0.009346172
age_70,8,med_NQ_12,-0.687436263
age_70,8,mig_NQ_13,0.006113177
age_70,8,med_NQ_13,-0.398007264
age_70,8,mig_NQ_14,0.002718189
age_70,8,med_NQ_14,-0.210196306
age_70,8,mig_NQ_15,0.000621519
age_70,8,med_NQ_15,-0.102723103
age_70,8,mig_NQ_16,8.85535e-05
age_70,8,med_NQ_16,-0.038785348
age_70,8,mig_NQ_17,-4.92311e-07
age_70,8,med_NQ_17,-0.005344912
age_70,9,beta_Q_2,0.96266830069613
age_70,9,beta_Q_3,0.969614707442619
age_70,9,beta_Q_4,0.968790300004278
age_70,9,beta_Q_5,0.964848000001087
age_70,9,beta_Q_6,0.959020300055827
age_70,9,beta_Q_7,0.946032000001399
age_70,9,beta_Q_8,0.917943999970297
age_70,9,beta_Q_9,0.873158899942629
age_70,9,beta_Q_10,0.799224600206456
age_70,9,beta_Q_11,0.684108700263053
age_70,9,beta_Q_12,0.524296802675033
age_70,9,beta_Q_13,0.349467602064531
age_70,9,beta_Q_14,0.192348504105645
age_70,9,beta_Q_15,0.0924704818850259
age_70,9,beta_Q_16,0.0424817826895312
age_70,9,beta_Q_17,0.0212006195287917
age_70,9,h_Q_2,26.78688621
age_70,9,h_Q_3,32.910650873
age_70,9,h_Q_4,32.041320488056
age_70,9,h_Q_5,28.4478834783434
age_70,9,h_Q_6,24.4023260340395
age_70,9,h_Q_7,18.5294989619009
age_70,9,h_Q_8,12.1867992544199
age_70,9,h_Q_9,7.88387990511878
age_70,9,h_Q_10,4.98068986947079
age_70,9,h_Q_11,3.16564590534336
age_70,9,h_Q_12,2.10215109137966
age_70,9,h_Q_13,1.53720245078573
age_70,9,h_Q_14,1.23815779997752
age_70,9,h_Q_15,1.10188878805701
age_70,9,h_Q_16,1.04436624765465
age_70,9,h_Q_17,1.02165980522254
age_70,9,P_Q_1,0.2266226103
age_70,9,P_Q_2,0.0414496791586237
age_70,9,P_Q_3,0.0516282473800233
age_70,9,P_Q_4,0.0542348667836981
age_70,9,P_Q_5,0.0536468613729884
age_70,9,P_Q_6,0.0465962209020102
age_70,9,P_Q_7,0.0430398818851261
age_70,9,P_Q_8,0.0405670228085624
age_70,9,P_Q_9,0.0371925523171898
age_70,9,P_Q_10,0.0321428766958922
age_70,9,P_Q_11,0.02301255361595
age_70,9,P_Q_12,0.0151273569555638
age_70,9,P_Q_13,0.007414317282022
age_70,9,P_Q_14,0.00240623391610559
age_70,9,P_Q_15,0.000495740391943421
age_70,9,P_Q_16,5.76669213320421e-05
age_70,9,P_Q_17,8.54411595105203e-12
age_70,9,L_Q,0.795364081303898
age_70,9,beta_NQ_2,0.905323203444421
age_70,9,beta_NQ_3,0.921064334809679
age_70,9,beta_NQ_4,0.926780500018136
age_70,9,beta_NQ_5,0.920391449983453
age_70,9,beta_NQ_6,0.910466100140916
age_70,9,beta_NQ_7,0.891719300024289
age_70,9,beta_NQ_8,0.853882599839066
age_70,9,beta_NQ_9,0.800513300016735
age_70,9,beta_NQ_10,0.720826100181882
age_70,9,beta_NQ_11,0.609624400096542
age_70,9,beta_NQ_12,0.445819901310995
age_70,9,beta_NQ_13,0.283781100700842
age_70,9,beta_NQ_14,0.150601997808238
age_70,9,beta_NQ_15,0.0702885184474611
age_70,9,beta_NQ_16,0.0318585909122844
age_70,9,beta_NQ_17,0.0157289018500441
age_70,9,h_NQ_2,10.56224967
age_70,9,h_NQ_3,12.6685390672
age_70,9,h_NQ_4,13.6575639018
age_70,9,h_NQ_5,12.5614569281072
age_70,9,h_NQ_6,11.1689538810438
age_70,9,h_NQ_7,9.23525614610899
age_70,9,h_NQ_8,6.84381188609706
age_70,9,h_NQ_9,5.01286551943104
age_70,9,h_NQ_10,3.58199674313072
age_70,9,h_NQ_11,2.56163551226836
age_70,9,h_NQ_12,1.80446753900908
age_70,9,h_NQ_13,1.39622118364528
age_70,9,h_NQ_14,1.17730439361113
age_70,9,h_NQ_15,1.07560120862091
age_70,9,h_NQ_16,1.03290686064405
age_70,9,h_NQ_17,1.01598024863282
age_70,9,P_NQ_1,0.5287860907
age_70,9,P_NQ_2,0.0967159191245605
age_70,9,P_NQ_3,0.120465910018348
age_70,9,P_NQ_4,0.126548024402544
age_70,9,P_NQ_5,0.125176018433588
age_70,9,P_NQ_6,0.108724515580353
age_70,9,P_NQ_7,0.100426401660501
age_70,9,P_NQ_8,0.0946563969031318
age_70,9,P_NQ_9,0.0867826385589756
age_70,9,P_NQ_10,0.0750000478221221
age_70,9,P_NQ_11,0.0536959626084339
age_70,9,P_NQ_12,0.0352971661651882
age_70,9,P_NQ_13,0.017300073645996
age_70,9,P_NQ_14,0.00561456349621466
age_70,9,P_NQ_15,0.00115672150547207
age_70,9,P_NQ_16,0.000134555342037102
age_70,9,P_NQ_17,2.20511739353022e-12
age_70,9,L_NQ,1.40196771857927
age_70,9,pi_Q,0.3
age_70,9,pi_NQ,0.7
age_70,9,y,0.385247000429678
age_70,9,nbar,3.82123772856068
age_70,9,Ptot,2.25211569466525
age_70,9,Pret,0.0850043956326241
age_70,9,H,94.0485422620381
age_70,9,cCheck,0
age_70,9,shareq,0.3
age_70,9,A,0.150728864
age_70,9,A_Q,2
age_70,9,xpop,0.755408701
age_70,9,h_Q_1,100
age_70,9,mig_Q_2,-0.19193113
age_70,9,med_Q_2,-71.21311379
age_70,9,mig_Q_3,-0.009200095
age_70,9,med_Q_3,-28.63515365
age_70,9,mig_Q_4,-0.007755268
age_70,9,med_Q_4,-20.50475116
age_70,9,mig_Q_5,-0.005120318
age_70,9,med_Q_5,-12.72132196
age_70,9,mig_Q_6,-0.003191156
age_70,9,med_Q_6,-8.823419176
age_70,9,mig_Q_7,-0.002573679
age_70,9,med_Q_7,-7.368542036
age_70,9,mig_Q_8,-0.001661431
age_70,9,med_Q_8,-6.959547208
age_70,9,mig_Q_9,-0.00081899
age_70,9,med_Q_9,-4.624192903
age_70,9,mig_Q_10,0.000476816
age_70,9,med_Q_10,-3.214228783
age_70,9,mig_Q_11,0.001321374
age_70,9,med_Q_11,-2.036256931
age_70,9,mig_Q_12,0.001775784
age_70,9,med_Q_12,-1.226331038
age_70,9,mig_Q_13,0.001355033
age_70,9,med_Q_13,-0.728337302
age_70,9,mig_Q_14,0.000639958
age_70,9,med_Q_14,-0.413559148
age_70,9,mig_Q_15,0.00017218
age_70,9,med_Q_15,-0.205161102
age_70,9,mig_Q_16,2.64547e-05
age_70,9,med_Q_16,-0.08393171
age_70,9,mig_Q_17,-1.87373e-06
age_70,9,med_Q_17,-0.026183214
age_70,9,h_NQ_1,100
age_70,9,mig_NQ_2,-0.434946194
age_70,9,med_NQ_2,-87.43775033
age_70,9,mig_NQ_3,-0.017322423
age_70,9,med_NQ_3,-12.31711967
age_70,9,mig_NQ_4,-0.013400922
age_70,9,med_NQ_4,-7.058668113
age_70,9,mig_NQ_5,-0.006753998
age_70,9,med_NQ_5,-5.099828453
age_70,9,mig_NQ_6,-0.002069844
age_70,9,med_NQ_6,-3.62303007
age_70,9,mig_NQ_7,-0.000217596
age_70,9,med_NQ_7,-2.662582698
age_70,9,mig_NQ_8,0.002687679
age_70,9,med_NQ_8,-2.691079973
age_70,9,mig_NQ_9,0.005059754
age_70,9,med_NQ_9,-1.999631753
age_70,9,mig_NQ_10,0.007977919
age_70,9,med_NQ_10,-1.609203645
age_70,9,mig_NQ_11,0.008290312
age_70,9,med_NQ_11,-1.153242308
age_70,9,mig_NQ_12,0.008498296
age_70,9,med_NQ_12,-0.865696864
age_70,9,mig_NQ_13,0.0056578
age_70,9,med_NQ_13,-0.518266842
age_70,9,mig_NQ_14,0.002352189
age_70,9,med_NQ_14,-0.296115928
age_70,9,mig_NQ_15,0.000575987
age_70,9,med_NQ_15,-0.146449978
age_70,9,mig_NQ_16,7.95272e-05
age_70,9,med_NQ_16,-0.057316823
age_70,9,mig_NQ_17,-3.26447e-06
age_70,9,med_NQ_17,-0.014428368
age_70,10,beta_Q_2,0.986426700069285
age_70,10,beta_Q_3,0.987473200142563
age_70,10,beta_Q_4,0.984694600000777
age_70,10,beta_Q_5,0.980313000051596
age_70,10,beta_Q_6,0.97328560153488
age_70,10,beta_Q_7,0.962059500005814
age_70,10,beta_Q_8,0.939212103062337
age_70,10,beta_Q_9,0.902843200521366
age_70,10,beta_Q_10,0.840300099934678
age_70,10,beta_Q_11,0.742515600294894
age_70,10,beta_Q_12,0.605056707370968
age_70,10,beta_Q_13,0.440940987893285
age_70,10,beta_Q_14,0.277381426484267
age_70,10,beta_Q_15,0.155285704313517
age_70,10,beta_Q_16,0.0771783404487145
age_70,10,beta_Q_17,0.0382366976780276
age_70,10,h_Q_2,73.67405126
age_70,10,h_Q_3,79.8288469458
age_70,10,h_Q_4,65.33641721554
age_70,10,h_Q_5,50.7949408282949
age_70,10,h_Q_6,37.4329949397765
age_70,10,h_Q_7,26.3570590833587
age_70,10,h_Q_8,16.4506423146629
age_70,10,h_Q_9,10.2926403463315
age_70,10,h_Q_10,6.26174468001641
age_70,10,h_Q_11,3.88373043608137
age_70,10,h_Q_12,2.53200133323649
age_70,10,h_Q_13,1.78871901655207
age_70,10,h_Q_14,1.38385588177002
age_70,10,h_Q_15,1.18383221897797
age_70,10,h_Q_16,1.08363083129587
age_70,10,h_Q_17,1.03975676670155
age_70,10,P_Q_1,0.228139101
age_70,10,P_Q_2,0.0460741171568224
age_70,10,P_Q_3,0.0462082265309793
age_70,10,P_Q_4,0.0573718052679878
age_70,10,P_Q_5,0.0582240677465765
age_70,10,P_Q_6,0.0546503800909767
age_70,10,P_Q_7,0.0460425580524357
age_70,10,P_Q_8,0.0416365793358818
age_70,10,P_Q_9,0.0380139590094719
age_70,10,P_Q_10,0.0329401667563637
age_70,10,P_Q_11,0.0259605915991423
age_70,10,P_Q_12,0.0158181112822303
age_70,10,P_Q_13,0.00797567816083508
age_70,10,P_Q_14,0.00270104683816156
age_70,10,P_Q_15,0.000519900609750377
age_70,10,P_Q_16,6.34524356009634e-05
age_70,10,P_Q_17,1.06309045855739e-06
age_70,10,L_Q,0.827598980325561
age_70,10,beta_NQ_2,0.965960400004401
age_70,10,beta_NQ_3,0.968815599997748
age_70,10,beta_NQ_4,0.964758999992157
age_70,10,beta_NQ_5,0.955200000144948
age_70,10,beta_NQ_6,0.94075630351581
age_70,10,beta_NQ_7,0.922422428101573
age_70,10,beta_NQ_8,0.889363701409856
age_70,10,beta_NQ_9,0.84350539996961
age_70,10,beta_NQ_10,0.772416900029399
age_70,10,beta_NQ_11,0.674246481443401
age_70,10,beta_NQ_12,0.526415033258905
age_70,10,beta_NQ_13,0.366288453122011
age_70,10,beta_NQ_14,0.221180203623582
age_70,10,beta_NQ_15,0.120159597731927
age_70,10,beta_NQ_16,0.0586116104771719
age_70,10,beta_NQ_17,0.0286947287857468
age_70,10,h_NQ_2,29.3775485
age_70,10,h_NQ_3,32.0673157066
age_70,10,h_NQ_4,28.376039265856
age_70,10,h_NQ_5,22.321428572764
age_70,10,h_NQ_6,16.8794319055451
age_70,10,h_NQ_7,12.8903188534229
age_70,10,h_NQ_8,9.03862475718681
age_70,10,h_NQ_9,6.38999683537512
age_70,10,h_NQ_10,4.39399937904242
age_70,10,h_NQ_11,3.0697983132681
age_70,10,h_NQ_12,2.11155202702299
age_70,10,h_NQ_13,1.5780048862289
age_70,10,h_NQ_14,1.28399406397237
age_70,10,h_NQ_15,1.13656976573891
age_70,10,h_NQ_16,1.06226012444849
age_70,10,h_NQ_17,1.02954240843116
age_70,10,P_NQ_1,0.532324569
age_70,10,P_NQ_2,0.107506275569376
age_70,10,P_NQ_3,0.10781919871397
age_70,10,P_NQ_4,0.133867544321945
age_70,10,P_NQ_5,0.135856164672399
age_70,10,P_NQ_6,0.127517561334397
age_70,10,P_NQ_7,0.107432634928792
age_70,10,P_NQ_8,0.0971520259423504
age_70,10,P_NQ_9,0.0886992446526199
age_70,10,P_NQ_10,0.0768603999159602
age_70,10,P_NQ_11,0.0605747141607732
age_70,10,P_NQ_12,0.0369089277508909
age_70,10,P_NQ_13,0.0186099156659776
age_70,10,P_NQ_14,0.00630244265331665
age_70,10,P_NQ_15,0.00121309134987813
age_70,10,P_NQ_16,0.000148055517242276
age_70,10,P_NQ_17,2.48052576830068e-06
age_70,10,L_NQ,1.45822204462907
age_70,10,pi_Q,0.3
age_70,10,pi_NQ,0.7
age_70,10,y,0.181944632053465
age_70,10,nbar,3.85871666315215
age_70,10,Ptot,2.34113605163933
age_70,10,Pret,0.0902641658801107
age_70,10,H,113.4308404502
age_70,10,cCheck,-4.44089209850063e-16
age_70,10,shareq,0.3
age_70,10,A,0.070701597
age_70,10,A_Q,2
age_70,10,xpop,0.76046367
age_70,10,h_Q_1,100
age_70,10,mig_Q_2,-0.172088286
age_70,10,med_Q_2,-24.32594874
age_70,10,mig_Q_3,0.006018008
age_70,10,med_Q_3,53.57769846
age_70,10,mig_Q_4,0.00735486
age_70,10,med_Q_4,33.08397936
age_70,10,mig_Q_5,0.005895665
age_70,10,med_Q_5,19.39444675
age_70,10,mig_Q_6,0.003201951
age_70,10,med_Q_6,9.554069131
age_70,10,mig_Q_7,0.001961042
age_70,10,med_Q_7,2.44277957
age_70,10,mig_Q_8,0.002128378
age_70,10,med_Q_8,-1.708266668
age_70,10,mig_Q_9,0.002592502
age_70,10,med_Q_9,-1.650422923
age_70,10,mig_Q_10,0.003214964
age_70,10,med_Q_10,-1.464457627
age_70,10,mig_Q_11,0.00397137
age_70,10,med_Q_11,-0.997345636
age_70,10,mig_Q_12,0.003752703
age_70,10,med_Q_12,-0.570331654
age_70,10,mig_Q_13,0.002689157
age_70,10,med_Q_13,-0.271389053
age_70,10,mig_Q_14,0.001274914
age_70,10,med_Q_14,-0.12260252
age_70,10,mig_Q_15,0.000297395
age_70,10,med_Q_15,-0.029562425
age_70,10,mig_Q_16,4.23925e-05
age_70,10,med_Q_16,0.003779819
age_70,10,mig_Q_17,-1.59484e-07
age_70,10,med_Q_17,0.016277844
age_70,10,h_NQ_1,100
age_70,10,mig_NQ_2,-0.371216042
age_70,10,med_NQ_2,-68.6224515
age_70,10,mig_NQ_3,0.018737615
age_70,10,med_NQ_3,21.71631103
age_70,10,mig_NQ_4,0.022222088
age_70,10,med_NQ_4,15.96087098
age_70,10,mig_NQ_5,0.019382445
age_70,10,med_NQ_5,8.937015949
age_70,10,mig_NQ_6,0.01354904
age_70,10,med_NQ_6,4.569204116
age_70,10,mig_NQ_7,0.010480886
age_70,10,med_NQ_7,1.94474405
age_70,10,mig_NQ_8,0.011399669
age_70,10,med_NQ_8,-0.011926266
age_70,10,mig_NQ_9,0.01292554
age_70,10,med_NQ_9,-0.316938813
age_70,10,mig_NQ_10,0.014305209
age_70,10,med_NQ_10,-0.51860883
age_70,10,mig_NQ_11,0.014852855
age_70,10,med_NQ_11,-0.440558495
age_70,10,mig_NQ_12,0.012970199
age_70,10,med_NQ_12,-0.398850775
age_70,10,mig_NQ_13,0.008593247
age_70,10,med_NQ_13,-0.190373302
age_70,10,mig_NQ_14,0.003697017
age_70,10,med_NQ_14,-0.084302696
age_70,10,mig_NQ_15,0.000818452
age_70,10,med_NQ_15,-0.01718854
age_70,10,mig_NQ_16,0.000111204
age_70,10,med_NQ_16,0.00817094
age_70,10,mig_NQ_17,3.64118e-07
age_70,10,med_NQ_17,0.017293685
age_70,11,beta_Q_2,0.993591100002428
age_70,11,beta_Q_3,0.991658700496937
age_70,11,beta_Q_4,0.988412000144944
age_70,11,beta_Q_5,0.983095300000944
age_70,11,beta_Q_6,0.975058800018706
age_70,11,beta_Q_7,0.962736404057653
age_70,11,beta_Q_8,0.941151100012965
age_70,11,beta_Q_9,0.907147799994951
age_70,11,beta_Q_10,0.848107599906427
age_70,11,beta_Q_11,0.750221225887767
age_70,11,beta_Q_12,0.616204873850281
age_70,11,beta_Q_13,0.447024208628429
age_70,11,beta_Q_14,0.279029953486581
age_70,11,beta_Q_15,0.149287502194982
age_70,11,beta_Q_16,0.0709255058263431
age_70,11,beta_Q_17,0.0340335968057298
age_70,11,h_Q_2,156.03301659
age_70,11,h_Q_3,119.8853895648
age_70,11,h_Q_4,86.296168443884
age_70,11,h_Q_5,59.1551462052292
age_70,11,h_Q_6,40.094301801729
age_70,11,h_Q_7,26.835839800981
age_70,11,h_Q_8,16.9926710646915
age_70,11,h_Q_9,10.7698040533697
age_70,11,h_Q_10,6.58360786540487
age_70,11,h_Q_11,4.00353912341608
age_70,11,h_Q_12,2.60555494335975
age_70,11,h_Q_13,1.80839740357176
age_70,11,h_Q_14,1.38701295622103
age_70,11,h_Q_15,1.17548525513462
age_70,11,h_Q_16,1.07633995359841
age_70,11,h_Q_17,1.03523269166995
age_70,11,P_Q_1,0.2458306653
age_70,11,P_Q_2,0.0619474285562033
age_70,11,P_Q_3,0.0470410209125907
age_70,11,P_Q_4,0.047841618140668
age_70,11,P_Q_5,0.0581952385406371
age_70,11,P_Q_6,0.0579836048005343
age_70,11,P_Q_7,0.0531009223454527
age_70,11,P_Q_8,0.0440684367787978
age_70,11,P_Q_9,0.0387561435463693
age_70,11,P_Q_10,0.033816558554572
age_70,11,P_Q_11,0.0269581076929153
age_70,11,P_Q_12,0.0185859610743795
age_70,11,P_Q_13,0.00903058161539256
age_70,11,P_Q_14,0.00325755898543185
age_70,11,P_Q_15,0.000714998960647717
age_70,11,P_Q_16,9.42372662588088e-05
age_70,11,P_Q_17,1.15970085571844e-11
age_70,11,L_Q,0.875680371751894
age_70,11,beta_NQ_2,0.983665399999646
age_70,11,beta_NQ_3,0.978835400001824
age_70,11,beta_NQ_4,0.972980100144218
age_70,11,beta_NQ_5,0.961216512998593
age_70,11,beta_NQ_6,0.944081100012597
age_70,11,beta_NQ_7,0.923078700404588
age_70,11,beta_NQ_8,0.891839629677109
age_70,11,beta_NQ_9,0.849085600046479
age_70,11,beta_NQ_10,0.781791099620542
age_70,11,beta_NQ_11,0.682715361040902
age_70,11,beta_NQ_12,0.537869174743662
age_70,11,beta_NQ_13,0.372200304897387
age_70,11,beta_NQ_14,0.223064448964196
age_70,11,beta_NQ_15,0.115793400331142
age_70,11,beta_NQ_16,0.0540179978328478
age_70,11,beta_NQ_17,0.025615596515411
age_70,11,h_NQ_2,61.21974214
age_70,11,h_NQ_3,47.24870775
age_70,11,h_NQ_4,37.009759471468
age_70,11,h_NQ_5,25.7841607835389
age_70,11,h_NQ_6,17.8830413343087
age_70,11,h_NQ_7,13.0003003064342
age_70,11,h_NQ_8,9.24552793635446
age_70,11,h_NQ_9,6.62627290904307
age_70,11,h_NQ_10,4.58276448966762
age_70,11,h_NQ_11,3.15174253546158
age_70,11,h_NQ_12,2.16388859600274
age_70,11,h_NQ_13,1.59286473048253
age_70,11,h_NQ_14,1.28710051350432
age_70,11,h_NQ_15,1.13095740269293
age_70,11,h_NQ_16,1.05710256342413
age_70,11,h_NQ_17,1.02628900495952
age_70,11,P_NQ_1,0.5736048857
age_70,11,P_NQ_2,0.14454400060341
age_70,11,P_NQ_3,0.109762384869268
age_70,11,P_NQ_4,0.111630444331245
age_70,11,P_NQ_5,0.135788889355725
age_70,11,P_NQ_6,0.135295084287042
age_70,11,P_NQ_7,0.123902163551665
age_70,11,P_NQ_8,0.102826353852484
age_70,11,P_NQ_9,0.0904310065003603
age_70,11,P_NQ_10,0.0789053085895259
age_70,11,P_NQ_11,0.0629023192056688
age_70,11,P_NQ_12,0.0433671901695921
age_70,11,P_NQ_13,0.0210713480522659
age_70,11,P_NQ_14,0.00760097093641862
age_70,11,P_NQ_15,0.00166833197395107
age_70,11,P_NQ_16,0.000219884237672283
age_70,11,P_NQ_17,2.29125005838702e-11
age_70,11,L_NQ,1.54300262279462
age_70,11,pi_Q,0.3
age_70,11,pi_NQ,0.7
age_70,11,y,0.423201217576988
age_70,11,nbar,4.23889607320335
age_70,11,Ptot,2.49074364932166
age_70,11,Pret,0.10561106330652
age_70,11,H,137.874355341089
age_70,11,cCheck,0
age_70,11,shareq,0.3
age_70,11,A,0.153982005
age_70,11,A_Q,2
age_70,11,xpop,0.819435551
age_70,11,h_Q_1,100
age_70,11,mig_Q_2,-0.163095072
age_70,11,med_Q_2,58.03301659
age_70,11,mig_Q_3,0.001544065
age_70,11,med_Q_3,47.68481933
age_70,11,mig_Q_4,0.002340627
age_70,11,med_Q_4,8.063898437
age_70,11,mig_Q_5,0.001952912
age_70,11,med_Q_5,-4.874542666
age_70,11,mig_Q_6,0.001314958
age_70,11,med_Q_6,-9.68474021
age_70,11,mig_Q_7,0.000524005
age_70,11,med_Q_7,-9.84849524
age_70,11,mig_Q_8,0.000824709
age_70,11,med_Q_8,-8.837246837
age_70,11,mig_Q_9,0.001164841
age_70,11,med_Q_9,-5.351825415
age_70,11,mig_Q_10,0.001873425
age_70,11,med_Q_10,-3.503179674
age_70,11,mig_Q_11,0.00249952
age_70,11,med_Q_11,-2.132970663
age_70,11,mig_Q_12,0.002878331
age_70,11,med_Q_12,-1.200500884
age_70,11,mig_Q_13,0.002055728
age_70,11,med_Q_13,-0.672963903
age_70,11,mig_Q_14,0.001045254
age_70,11,med_Q_14,-0.36593168
age_70,11,mig_Q_15,0.000295565
age_70,11,med_Q_15,-0.180693509
age_70,11,mig_Q_16,5.41122e-05
age_70,11,med_Q_16,-0.083815621
age_70,11,mig_Q_17,-2.4262e-06
age_70,11,med_Q_17,-0.026725523
age_70,11,h_NQ_1,100
age_70,11,mig_NQ_2,-0.369660453
age_70,11,med_NQ_2,-36.78025786
age_70,11,mig_NQ_3,0.005608628
age_70,11,med_NQ_3,18.45871022
age_70,11,mig_NQ_4,0.007610902
age_70,11,med_NQ_4,5.583790079
age_70,11,mig_NQ_5,0.007918611
age_70,11,med_NQ_5,-2.024357697
age_70,11,mig_NQ_6,0.007487541
age_70,11,med_NQ_6,-3.991958667
age_70,11,mig_NQ_7,0.006277105
age_70,11,med_NQ_7,-3.541542961
age_70,11,mig_NQ_8,0.007279668
age_70,11,med_NQ_8,-3.38698454
age_70,11,mig_NQ_9,0.008482748
age_70,11,med_NQ_9,-2.231579353
age_70,11,mig_NQ_10,0.010392513
age_70,11,med_NQ_10,-1.679432409
age_70,11,mig_NQ_11,0.011079465
age_70,11,med_NQ_11,-1.154376856
age_70,11,mig_NQ_12,0.01147975
age_70,11,med_NQ_12,-0.844513751
age_70,11,mig_NQ_13,0.007552034
age_70,11,med_NQ_13,-0.476456256
age_70,11,mig_NQ_14,0.003484826
age_70,11,med_NQ_14,-0.259344275
age_70,11,mig_NQ_15,0.000911033
age_70,11,med_NQ_15,-0.12735678
age_70,11,mig_NQ_16,0.000148783
age_70,11,med_NQ_16,-0.056735807
age_70,11,mig_NQ_17,-4.24839e-06
age_70,11,med_NQ_17,-0.014725917
age_70,12,beta_Q_2,0.994794700000283
age_70,12,beta_Q_3,0.993151300000353
age_70,12,beta_Q_4,0.990040699999411
age_70,12,beta_Q_5,0.985406799999085
age_70,12,beta_Q_6,0.977888601593333
age_70,12,beta_Q_7,0.965888600186084
age_70,12,beta_Q_8,0.944514900010858
age_70,12,beta_Q_9,0.912696100054757
age_70,12,beta_Q_10,0.85859640011135
age_70,12,beta_Q_11,0.767505400001658
age_70,12,beta_Q_12,0.638155199373967
age_70,12,beta_Q_13,0.470897593289184
age_70,12,beta_Q_14,0.297350425750987
age_70,12,beta_Q_15,0.160490828553725
age_70,12,beta_Q_16,0.0768615017820746
age_70,12,beta_Q_17,0.0364280247042793
age_70,12,h_Q_2,192.11188596
age_70,12,h_Q_3,146.0131119812
age_70,12,h_Q_4,100.408663253504
age_70,12,h_Q_5,68.5250664650063
age_70,12,h_Q_6,45.2255397711246
age_70,12,h_Q_7,29.3157126396944
age_70,12,h_Q_8,18.0228565869614
age_70,12,h_Q_9,11.4542420253977
age_70,12,h_Q_10,7.07195573430226
age_70,12,h_Q_11,4.30117516309678
age_70,12,h_Q_12,2.76361577694776
age_70,12,h_Q_13,1.88998546249255
age_70,12,h_Q_14,1.42318386650033
age_70,12,h_Q_15,1.19117217809661
age_70,12,h_Q_16,1.08326107103193
age_70,12,h_Q_17,1.03779881652644
age_70,12,P_Q_1,0.264807645
age_70,12,P_Q_2,0.0617253131497558
age_70,12,P_Q_3,0.0621279115011714
age_70,12,P_Q_4,0.0470734635690739
age_70,12,P_Q_5,0.0475125439385306
age_70,12,P_Q_6,0.0571084784582359
age_70,12,P_Q_7,0.0559398941799664
age_70,12,P_Q_8,0.0503188094771259
age_70,12,P_Q_9,0.040765321473103
age_70,12,P_Q_10,0.0343554498847402
age_70,12,P_Q_11,0.0278630880141164
age_70,12,P_Q_12,0.0195343213501552
age_70,12,P_Q_13,0.0108637735408733
age_70,12,P_Q_14,0.00375782376809976
age_70,12,P_Q_15,0.000857172844187942
age_70,12,P_Q_16,0.000128705962949249
age_70,12,P_Q_17,5.31239265008406e-11
age_70,12,L_Q,0.915245146386348
age_70,12,beta_NQ_2,0.9858635999994
age_70,12,beta_NQ_3,0.9818701999993
age_70,12,beta_NQ_4,0.976348704006461
age_70,12,beta_NQ_5,0.966116906483536
age_70,12,beta_NQ_6,0.949930801722291
age_70,12,beta_NQ_7,0.928669100105706
age_70,12,beta_NQ_8,0.896660599994639
age_70,12,beta_NQ_9,0.856564299964593
age_70,12,beta_NQ_10,0.79491340015851
age_70,12,beta_NQ_11,0.702279799376932
age_70,12,beta_NQ_12,0.560721899993885
age_70,12,beta_NQ_13,0.394610637288873
age_70,12,beta_NQ_14,0.238564330831283
age_70,12,beta_NQ_15,0.124762311463605
age_70,12,beta_NQ_16,0.0583731004118958
age_70,12,beta_NQ_17,0.0272748173711475
age_70,12,h_NQ_2,70.73936787
age_70,12,h_NQ_3,55.1578064822
age_70,12,h_NQ_4,42.280973987
age_70,12,h_NQ_5,29.5132381610386
age_70,12,h_NQ_6,19.9723582498681
age_70,12,h_NQ_7,14.0191698136225
age_70,12,h_NQ_8,9.67685122930548
age_70,12,h_NQ_9,6.97176504662737
age_70,12,h_NQ_10,4.87598897486221
age_70,12,h_NQ_11,3.35885840987426
age_70,12,h_NQ_12,2.27646222275234
age_70,12,h_NQ_13,1.65182638508269
age_70,12,h_NQ_14,1.31330835787288
age_70,12,h_NQ_15,1.14254676423424
age_70,12,h_NQ_16,1.06199175063907
age_70,12,h_NQ_17,1.02803661115565
age_70,12,P_NQ_1,0.617884505
age_70,12,P_NQ_2,0.144025731333841
age_70,12,P_NQ_3,0.144965127648503
age_70,12,P_NQ_4,0.109838085222169
age_70,12,P_NQ_5,0.110862607444563
age_70,12,P_NQ_6,0.133253115032442
age_70,12,P_NQ_7,0.130526425574811
age_70,12,P_NQ_8,0.11741056965811
age_70,12,P_NQ_9,0.0951190853614283
age_70,12,P_NQ_10,0.080162720011709
age_70,12,P_NQ_11,0.0650138712417419
age_70,12,P_NQ_12,0.0455801145206155
age_70,12,P_NQ_13,0.0253487774036651
age_70,12,P_NQ_14,0.00876827064221149
age_70,12,P_NQ_15,0.00200007027054609
age_70,12,P_NQ_16,0.000300312952953359
age_70,12,P_NQ_17,3.59123119400391e-11
age_70,12,L_NQ,1.6135402204471
age_70,12,pi_Q,0.3
age_70,12,pi_NQ,0.7
age_70,12,y,0.580381902652279
age_70,12,nbar,4.60789121305163
age_70,12,Ptot,2.61579910552043
age_70,12,Pret,0.117139343345293
age_70,12,H,156.140595161185
age_70,12,cCheck,8.88178419700125e-16
age_70,12,shareq,0.3
age_70,12,A,0.199187605
age_70,12,A_Q,2
age_70,12,xpop,0.88269215
age_70,12,h_Q_1,100
age_70,12,mig_Q_2,-0.182529848
age_70,12,med_Q_2,94.11188596
age_70,12,mig_Q_3,0.000697205
age_70,12,med_Q_3,-6.899244277
age_70,12,mig_Q_4,0.000577554
age_70,12,med_Q_4,-17.07901852
age_70,12,mig_Q_5,0.000479674
age_70,12,med_Q_5,-16.04517861
age_70,12,mig_Q_6,0.000364699
age_70,12,med_Q_6,-12.74650351
age_70,12,mig_Q_7,0.000116967
age_70,12,med_Q_7,-9.976703126
age_70,12,mig_Q_8,0.000342818
age_70,12,med_Q_8,-8.276266418
age_70,12,mig_Q_9,0.000788736
age_70,12,med_Q_9,-5.198575618
age_70,12,mig_Q_10,0.00148607
age_70,12,med_Q_10,-3.482452238
age_70,12,mig_Q_11,0.002493188
age_70,12,med_Q_11,-2.150760545
age_70,12,mig_Q_12,0.002922604
age_70,12,med_Q_12,-1.159852564
age_70,12,mig_Q_13,0.002555399
age_70,12,med_Q_13,-0.663458382
age_70,12,mig_Q_14,0.001238021
age_70,12,med_Q_14,-0.349045589
age_70,12,mig_Q_15,0.00037086
age_70,12,med_Q_15,-0.168100519
age_70,12,mig_Q_16,7.79943e-05
age_70,12,med_Q_16,-0.068714479
age_70,12,mig_Q_17,-3.20718e-06
age_70,12,med_Q_17,-0.017014338
age_70,12,h_NQ_1,100
age_70,12,mig_NQ_2,-0.420209548
age_70,12,med_NQ_2,-27.26063213
age_70,12,mig_NQ_3,0.003480343
age_70,12,med_NQ_3,-4.837540815
age_70,12,mig_NQ_4,0.003041469
age_70,12,med_NQ_4,-4.022759608
age_70,12,mig_NQ_5,0.003561581
age_70,12,med_NQ_5,-6.756326121
age_70,12,mig_NQ_6,0.005057391
age_70,12,med_NQ_6,-5.296119318
age_70,12,mig_NQ_7,0.005638415
age_70,12,med_NQ_7,-3.506210694
age_70,12,mig_NQ_8,0.00690971
age_70,12,med_NQ_8,-3.063443071
age_70,12,mig_NQ_9,0.007810709
age_70,12,med_NQ_9,-2.088852331
age_70,12,mig_NQ_10,0.009464564
age_70,12,med_NQ_10,-1.617758476
age_70,12,mig_NQ_11,0.011144005
age_70,12,med_NQ_11,-1.13225079
age_70,12,mig_NQ_12,0.011746896
age_70,12,med_NQ_12,-0.812245462
age_70,12,mig_NQ_13,0.009207496
age_70,12,med_NQ_13,-0.468784439
age_70,12,mig_NQ_14,0.004068002
age_70,12,med_NQ_14,-0.247699078
age_70,12,mig_NQ_15,0.001119928
age_70,12,med_NQ_15,-0.118811739
age_70,12,mig_NQ_16,0.000210193
age_70,12,med_NQ_16,-0.046346504
age_70,12,mig_NQ_17,-5.63243e-06
age_70,12,med_NQ_17,-0.007923901
age_70,13,beta_Q_2,0.99543669999992
age_70,13,beta_Q_3,0.993858200189183
age_70,13,beta_Q_4,0.990898000056964
age_70,13,beta_Q_5,0.986666900084058
age_70,13,beta_Q_6,0.980067900403587
age_70,13,beta_Q_7,0.968515800076275
age_70,13,beta_Q_8,0.94732200001555
age_70,13,beta_Q_9,0.916073500002183
age_70,13,beta_Q_10,0.865978800079766
age_70,13,beta_Q_11,0.781981500048058
age_70,13,beta_Q_12,0.656456599521037
age_70,13,beta_Q_13,0.489528404327301
age_70,13,beta_Q_14,0.316434817275691
age_70,13,beta_Q_15,0.176402616092727
age_70,13,beta_Q_16,0.0835971053138845
age_70,13,beta_Q_17,0.0394349000538824
age_70,13,h_Q_2,219.1396577
age_70,13,h_Q_3,162.8187176408
age_70,13,h_Q_4,109.865963531576
age_70,13,h_Q_5,75.0013125184339
age_70,13,h_Q_6,50.1703282557062
age_70,13,h_Q_7,31.7619631457021
age_70,13,h_Q_8,18.9832567719005
age_70,13,h_Q_9,11.9151876942221
age_70,13,h_Q_10,7.46150609388974
age_70,13,h_Q_11,4.58676671861621
age_70,13,h_Q_12,2.91084037283484
age_70,13,h_Q_13,1.9589693814088
age_70,13,h_Q_14,1.4629173892427
age_70,13,h_Q_15,1.21418532917032
age_70,13,h_Q_16,1.09122308853468
age_70,13,h_Q_17,1.04105385461129
age_70,13,P_Q_1,0.2950376742
age_70,13,P_Q_2,0.0600938417655564
age_70,13,P_Q_3,0.0632528059976088
age_70,13,P_Q_4,0.0631999499921212
age_70,13,P_Q_5,0.0475806151004746
age_70,13,P_Q_6,0.0475054961501915
age_70,13,P_Q_7,0.0560209943167826
age_70,13,P_Q_8,0.053701097558009
age_70,13,P_Q_9,0.0471131771691711
age_70,13,P_Q_10,0.0367819982661882
age_70,13,P_Q_11,0.0289928733060244
age_70,13,P_Q_12,0.0209122024868229
age_70,13,P_Q_13,0.0120588959103256
age_70,13,P_Q_14,0.00491457868764097
age_70,13,P_Q_15,0.00107203225010121
age_70,13,P_Q_16,0.000154475992091097
age_70,13,P_Q_17,1.41993639979033e-05
age_70,13,L_Q,0.973631391613067
age_70,13,beta_NQ_2,0.987370000517705
age_70,13,beta_NQ_3,0.983264100037819
age_70,13,beta_NQ_4,0.97793440001489
age_70,13,beta_NQ_5,0.968845500110594
age_70,13,beta_NQ_6,0.954518500483554
age_70,13,beta_NQ_7,0.933515000027073
age_70,13,beta_NQ_8,0.900877300011999
age_70,13,beta_NQ_9,0.8608113206286
age_70,13,beta_NQ_10,0.804067599919317
age_70,13,beta_NQ_11,0.718815200189958
age_70,13,beta_NQ_12,0.580001798526363
age_70,13,beta_NQ_13,0.412395592996297
age_70,13,beta_NQ_14,0.255122082688129
age_70,13,beta_NQ_15,0.1373123384164
age_70,13,beta_NQ_16,0.0635136030540818
age_70,13,beta_NQ_17,0.0294936500570758
age_70,13,h_NQ_2,79.17656374
age_70,13,h_NQ_3,59.7517910566
age_70,13,h_NQ_4,45.319411208556
age_70,13,h_NQ_5,32.09809177126
age_70,13,h_NQ_6,21.9869617298179
age_70,13,h_NQ_7,15.0409866828707
age_70,13,h_NQ_8,10.0885064683501
age_70,13,h_NQ_9,7.18448610771937
age_70,13,h_NQ_10,5.10380110469482
age_70,13,h_NQ_11,3.55638000536496
age_70,13,h_NQ_12,2.38096257667678
age_70,13,h_NQ_13,1.7018237932973
age_70,13,h_NQ_14,1.34250154638103
age_70,13,h_NQ_15,1.15916802771542
age_70,13,h_NQ_16,1.06782116894955
age_70,13,h_NQ_17,1.03038459962629
age_70,13,P_NQ_1,0.6884212398
age_70,13,P_NQ_2,0.140218964483147
age_70,13,P_NQ_3,0.147589880629804
age_70,13,P_NQ_4,0.147466550505747
age_70,13,P_NQ_5,0.111021439108917
age_70,13,P_NQ_6,0.110846162570838
age_70,13,P_NQ_7,0.13071565442346
age_70,13,P_NQ_8,0.125302564071066
age_70,13,P_NQ_9,0.109930758407643
age_70,13,P_NQ_10,0.0858246655646206
age_70,13,P_NQ_11,0.0676500409273322
age_70,13,P_NQ_12,0.0487951394086273
age_70,13,P_NQ_13,0.0281373890386799
age_70,13,P_NQ_14,0.0114673381186965
age_70,13,P_NQ_15,0.00250140671286077
age_70,13,P_NQ_16,0.000360443302733435
age_70,13,P_NQ_17,3.31310809459929e-05
age_70,13,L_NQ,1.71727721200715
age_70,13,pi_Q,0.3
age_70,13,pi_NQ,0.7
age_70,13,y,0.758729398697983
age_70,13,nbar,5.0264845877764
age_70,13,Ptot,2.79468967666823
age_70,13,Pret,0.130421232353524
age_70,13,H,175.779912707777
age_70,13,cCheck,-4.44089209850063e-16
age_70,13,shareq,0.3
age_70,13,A,0.245020185
age_70,13,A_Q,2
age_70,13,xpop,0.983458914
age_70,13,h_Q_1,100
age_70,13,mig_Q_2,-0.2033354
age_70,13,med_Q_2,121.1396577
age_70,13,mig_Q_3,0.001950231
age_70,13,med_Q_3,-25.4509306
age_70,13,mig_Q_4,0.001690789
age_70,13,med_Q_4,-33.22688621
age_70,13,mig_Q_5,0.001194104
age_70,13,med_Q_5,-23.39917747
age_70,13,mig_Q_6,0.001043521
age_70,13,med_Q_6,-16.98423688
age_70,13,mig_Q_7,0.000860566
age_70,13,med_Q_7,-12.55906583
age_70,13,mig_Q_8,0.000865034
age_70,13,med_Q_8,-9.746141615
age_70,13,mig_Q_9,0.001187396
age_70,13,med_Q_9,-5.747211761
age_70,13,mig_Q_10,0.00178104
age_70,13,med_Q_10,-3.763651091
age_70,13,mig_Q_11,0.00262488
age_70,13,med_Q_11,-2.343749901
age_70,13,mig_Q_12,0.003131228
age_70,13,med_Q_12,-1.304311287
age_70,13,mig_Q_13,0.002860231
age_70,13,med_Q_13,-0.74937408
age_70,13,mig_Q_14,0.001684231
age_70,13,med_Q_14,-0.389268364
age_70,13,mig_Q_15,0.000468936
age_70,13,med_Q_15,-0.18053486
age_70,13,mig_Q_16,8.85924e-05
age_70,13,med_Q_16,-0.076125646
age_70,13,mig_Q_17,9.51086e-06
age_70,13,med_Q_17,-0.020541995
age_70,13,h_NQ_1,100
age_70,13,mig_NQ_2,-0.468930878
age_70,13,med_NQ_2,-18.82343626
age_70,13,mig_NQ_3,0.006175307
age_70,13,med_NQ_3,-9.572789456
age_70,13,mig_NQ_4,0.005930036
age_70,13,med_NQ_4,-8.735239144
age_70,13,mig_NQ_5,0.004905008
age_70,13,med_NQ_5,-9.337262736
age_70,13,mig_NQ_6,0.005534357
age_70,13,med_NQ_6,-6.936011668
age_70,13,mig_NQ_7,0.006967604
age_70,13,med_NQ_7,-4.531924402
age_70,13,mig_NQ_8,0.008264661
age_70,13,med_NQ_8,-3.650279949
age_70,13,mig_NQ_9,0.009361056
age_70,13,med_NQ_9,-2.298828097
age_70,13,mig_NQ_10,0.01021323
age_70,13,med_NQ_10,-1.728528641
age_70,13,mig_NQ_11,0.011353382
age_70,13,med_NQ_11,-1.22208919
age_70,13,mig_NQ_12,0.012340438
age_70,13,med_NQ_12,-0.910718665
age_70,13,mig_NQ_13,0.010150991
age_70,13,med_NQ_13,-0.529109185
age_70,13,mig_NQ_14,0.005420024
age_70,13,med_NQ_14,-0.276288311
age_70,13,mig_NQ_15,0.001407457
age_70,13,med_NQ_15,-0.127874163
age_70,13,mig_NQ_16,0.000243693
age_70,13,med_NQ_16,-0.05187466
age_70,13,mig_NQ_17,2.49401e-05
age_70,13,med_NQ_17,-0.010367316
age_70,14,beta_Q_2,0.995754800004843
age_70,14,beta_Q_3,0.994171300000187
age_70,14,beta_Q_4,0.990976500051843
age_70,14,beta_Q_5,0.986639900000631
age_70,14,beta_Q_6,0.980200900038177
age_70,14,beta_Q_7,0.970047399997429
age_70,14,beta_Q_8,0.949007699996581
age_70,14,beta_Q_9,0.91748150702083
age_70,14,beta_Q_10,0.86633560001034
age_70,14,beta_Q_11,0.788424382100547
age_70,14,beta_Q_12,0.672029899979871
age_70,14,beta_Q_13,0.511739889190151
age_70,14,beta_Q_14,0.336314032157484
age_70,14,beta_Q_15,0.191642504856973
age_70,14,beta_Q_16,0.0944234196908989
age_70,14,beta_Q_17,0.0447936033192221
age_70,14,h_Q_2,235.5601621
age_70,14,h_Q_3,171.564842926
age_70,14,h_Q_4,110.821743227984
age_70,14,h_Q_5,74.8497391509444
age_70,14,h_Q_6,50.5073462880652
age_70,14,h_Q_7,33.3860833405921
age_70,14,h_Q_8,19.6108039827881
age_70,14,h_Q_9,12.1184946444625
age_70,14,h_Q_10,7.48142362533768
age_70,14,h_Q_11,4.72643847201194
age_70,14,h_Q_12,3.04905843524389
age_70,14,h_Q_13,2.04807990037814
age_70,14,h_Q_14,1.50673547978063
age_70,14,h_Q_15,1.23707626845785
age_70,14,h_Q_16,1.10426881758691
age_70,14,h_Q_17,1.04689416076398
age_70,14,P_Q_1,0.3198031971
age_70,14,P_Q_2,0.0561084727812994
age_70,14,P_Q_3,0.0615593454195694
age_70,14,P_Q_4,0.0644478859610217
age_70,14,P_Q_5,0.0636490937441937
age_70,14,P_Q_6,0.0473664005414334
age_70,14,P_Q_7,0.0467254316119231
age_70,14,P_Q_8,0.0539476863790343
age_70,14,P_Q_9,0.050298217393924
age_70,14,P_Q_10,0.0425283796329042
age_70,14,P_Q_11,0.0313991051789589
age_70,14,P_Q_12,0.0222572730208171
age_70,14,P_Q_13,0.0132743451143438
age_70,14,P_Q_14,0.00564669852393046
age_70,14,P_Q_15,0.00150230853749343
age_70,14,P_Q_16,0.000191967792911592
age_70,14,P_Q_17,2.04586453088367e-05
age_70,14,L_Q,1.01969458144492
age_70,14,beta_NQ_2,0.988142700004068
age_70,14,beta_NQ_3,0.983934500001772
age_70,14,beta_NQ_4,0.977790400038823
age_70,14,beta_NQ_5,0.968400001242472
age_70,14,beta_NQ_6,0.954638500008699
age_70,14,beta_NQ_7,0.936549199995969
age_70,14,beta_NQ_8,0.903564358072179
age_70,14,beta_NQ_9,0.862200001433298
age_70,14,beta_NQ_10,0.803860918221978
age_70,14,beta_NQ_11,0.726096436615858
age_70,14,beta_NQ_12,0.596541539489888
age_70,14,beta_NQ_13,0.433744041227652
age_70,14,beta_NQ_14,0.272212721431368
age_70,14,beta_NQ_15,0.149810141058438
age_70,14,beta_NQ_16,0.0716882050066691
age_70,14,beta_NQ_17,0.033394703023271
age_70,14,h_NQ_2,84.33623169
age_70,14,h_NQ_3,62.2451837852
age_70,14,h_NQ_4,45.025574525468
age_70,14,h_NQ_5,31.6455696143849
age_70,14,h_NQ_6,22.0451263768348
age_70,14,h_NQ_7,15.7602425802215
age_70,14,h_NQ_8,10.3696037822133
age_70,14,h_NQ_9,7.25689404998309
age_70,14,h_NQ_10,5.09841729756498
age_70,14,h_NQ_11,3.65091818560092
age_70,14,h_NQ_12,2.47856291125766
age_70,14,h_NQ_13,1.76598226414324
age_70,14,h_NQ_14,1.37402744643135
age_70,14,h_NQ_15,1.17620781145341
age_70,14,h_NQ_16,1.07722426816111
age_70,14,h_NQ_17,1.03454843757056
age_70,14,P_NQ_1,0.7462074599
age_70,14,P_NQ_2,0.130919770897725
age_70,14,P_NQ_3,0.143638475920757
age_70,14,P_NQ_4,0.150378401361977
age_70,14,P_NQ_5,0.148514554874325
age_70,14,P_NQ_6,0.110521604579769
age_70,14,P_NQ_7,0.109026010455316
age_70,14,P_NQ_8,0.125877934826308
age_70,14,P_NQ_9,0.117362525656164
age_70,14,P_NQ_10,0.0992328940701438
age_70,14,P_NQ_11,0.0732645811590689
age_70,14,P_NQ_12,0.0519336384082348
age_70,14,P_NQ_13,0.0309734504517578
age_70,14,P_NQ_14,0.0131756082929542
age_70,14,P_NQ_15,0.00350538401248975
age_70,14,P_NQ_16,0.000447922353037455
age_70,14,P_NQ_17,4.77384886362366e-05
age_70,14,L_NQ,1.7984005449587
age_70,14,pi_Q,0.3
age_70,14,pi_NQ,0.7
age_70,14,y,1.09348181169421
age_70,14,nbar,5.39034153239465
age_70,14,Ptot,2.93575422308773
age_70,14,Pret,0.142976793641915
age_70,14,H,186.910086094232
age_70,14,cCheck,0
age_70,14,shareq,0.3
age_70,14,A,0.336263838
age_70,14,A_Q,2
age_70,14,xpop,1.066010657
age_70,14,h_Q_1,100
age_70,14,mig_Q_2,-0.237582856
age_70,14,med_Q_2,137.5601621
age_70,14,mig_Q_3,0.001834588
age_70,14,med_Q_3,-43.19202162
age_70,14,mig_Q_4,0.001770807
age_70,14,med_Q_4,-48.74060006
age_70,14,mig_Q_5,0.001291795
age_70,14,med_Q_5,-32.81890511
age_70,14,mig_Q_6,0.000734167
age_70,14,med_Q_6,-22.99393998
age_70,14,mig_Q_7,0.000715608
age_70,14,med_Q_7,-15.78083835
age_70,14,mig_Q_8,0.000877766
age_70,14,med_Q_8,-11.5159199
age_70,14,mig_Q_9,0.001104065
age_70,14,med_Q_9,-6.485096992
age_70,14,mig_Q_10,0.001729367
age_70,14,med_Q_10,-4.195460315
age_70,14,mig_Q_11,0.002636263
age_70,14,med_Q_11,-2.5858375
age_70,14,mig_Q_12,0.00322471
age_70,14,med_Q_12,-1.445972949
age_70,14,mig_Q_13,0.003037228
age_70,14,med_Q_13,-0.804543665
age_70,14,mig_Q_14,0.001830844
age_70,14,med_Q_14,-0.413054514
age_70,14,mig_Q_15,0.000635364
age_70,14,med_Q_15,-0.196582773
age_70,14,mig_Q_16,0.000102349
age_70,14,med_Q_16,-0.085632805
age_70,14,mig_Q_17,1.43669e-05
age_70,14,med_Q_17,-0.022504466
age_70,14,h_NQ_1,100
age_70,14,mig_NQ_2,-0.548806709
age_70,14,med_NQ_2,-13.66376831
age_70,14,mig_NQ_3,0.005766202
age_70,14,med_NQ_3,-15.34784868
age_70,14,mig_NQ_4,0.00604518
age_70,14,med_NQ_4,-13.53118071
age_70,14,mig_NQ_5,0.005642251
age_70,14,med_NQ_5,-12.76745337
age_70,14,mig_NQ_6,0.004549587
age_70,14,med_NQ_6,-9.411003559
age_70,14,mig_NQ_7,0.005549455
age_70,14,med_NQ_7,-5.786979915
age_70,14,mig_NQ_8,0.008119169
age_70,14,med_NQ_8,-4.370563167
age_70,14,mig_NQ_9,0.00950066
age_70,14,med_NQ_9,-2.629842289
age_70,14,mig_NQ_10,0.010841133
age_70,14,med_NQ_10,-1.942379088
age_70,14,mig_NQ_11,0.011572507
age_70,14,med_NQ_11,-1.350806897
age_70,14,mig_NQ_12,0.012696493
age_70,14,med_NQ_12,-1.006689494
age_70,14,mig_NQ_13,0.01085055
age_70,14,med_NQ_13,-0.567361061
age_70,14,mig_NQ_14,0.005997139
age_70,14,med_NQ_14,-0.293759871
age_70,14,mig_NQ_15,0.001930777
age_70,14,med_NQ_15,-0.139443704
age_70,14,mig_NQ_16,0.000289049
age_70,14,med_NQ_16,-0.058760399
age_70,14,mig_NQ_17,3.71077e-05
age_70,14,med_NQ_17,-0.011916308
age_70,15,beta_Q_2,0.995943800000819
age_70,15,beta_Q_3,0.994638400018662
age_70,15,beta_Q_4,0.991469000000774
age_70,15,beta_Q_5,0.986982900000344
age_70,15,beta_Q_6,0.981193400001437
age_70,15,beta_Q_7,0.971546499995241
age_70,15,beta_Q_8,0.954140501122299
age_70,15,beta_Q_9,0.924845900633453
age_70,15,beta_Q_10,0.876465100316861
age_70,15,beta_Q_11,0.799466700027591
age_70,15,beta_Q_12,0.688078000406597
age_70,15,beta_Q_13,0.531831587428912
age_70,15,beta_Q_14,0.357684185180722
age_70,15,beta_Q_15,0.203602537720793
age_70,15,beta_Q_16,0.100828305865785
age_70,15,beta_Q_17,0.0474932096030305
age_70,15,h_Q_2,246.5361669
age_70,15,h_Q_3,186.511489138
age_70,15,h_Q_4,117.21955221748
age_70,15,h_Q_5,76.8220264134243
age_70,15,h_Q_6,53.1728223079256
age_70,15,h_Q_7,35.1450612323039
age_70,15,h_Q_8,21.8057327237802
age_70,15,h_Q_9,13.3059939501323
age_70,15,h_Q_10,8.09487845557326
age_70,15,h_Q_11,4.98670295683093
age_70,15,h_Q_12,3.2059296915717
age_70,15,h_Q_13,2.13597624753901
age_70,15,h_Q_14,1.55686463237058
age_70,15,h_Q_15,1.25565436418501
age_70,15,h_Q_16,1.11213465008869
age_70,15,h_Q_17,1.04985289623517
age_70,15,P_Q_1,0.3220408704
age_70,15,P_Q_2,0.0643385065692199
age_70,15,P_Q_3,0.0571512833260096
age_70,15,P_Q_4,0.0621299456693674
age_70,15,P_Q_5,0.0643568587598345
age_70,15,P_Q_6,0.062751466974673
age_70,15,P_Q_7,0.0461707546924543
age_70,15,P_Q_8,0.0447023903853787
age_70,15,P_Q_9,0.0503728815993235
age_70,15,P_Q_10,0.0452248723454157
age_70,15,P_Q_11,0.03596110543381
age_70,15,P_Q_12,0.0240711345128732
age_70,15,P_Q_13,0.0143779764293479
age_70,15,P_Q_14,0.00649612752965496
age_70,15,P_Q_15,0.0018348424492982
age_70,15,P_Q_16,0.000296447109540962
age_70,15,P_Q_17,2.06077291657484e-05
age_70,15,L_Q,1.04143823742185
age_70,15,beta_NQ_2,0.988587100000126
age_70,15,beta_NQ_3,0.985280700071966
age_70,15,beta_NQ_4,0.978758600003395
age_70,15,beta_NQ_5,0.968898802060581
age_70,15,beta_NQ_6,0.956626799989653
age_70,15,beta_NQ_7,0.939580000015417
age_70,15,beta_NQ_8,0.912634501171517
age_70,15,beta_NQ_9,0.873406100396887
age_70,15,beta_NQ_10,0.817039600162777
age_70,15,beta_NQ_11,0.73878769996807
age_70,15,beta_NQ_12,0.613765999741137
age_70,15,beta_NQ_13,0.453317998936572
age_70,15,beta_NQ_14,0.290875336209447
age_70,15,beta_NQ_15,0.159068812728285
age_70,15,beta_NQ_16,0.0763640019877916
age_70,15,beta_NQ_17,0.0352194375296104
age_70,15,h_NQ_2,87.62014913
age_70,15,h_NQ_3,67.9380133562
age_70,15,h_NQ_4,47.077876229496
age_70,15,h_NQ_5,32.1531002049586
age_70,15,h_NQ_6,23.0557118160972
age_70,15,h_NQ_7,16.5508109932981
age_70,15,h_NQ_8,11.4461658196171
age_70,15,h_NQ_9,7.89927476256906
age_70,15,h_NQ_10,5.46566360898343
age_70,15,h_NQ_11,3.82830364361368
age_70,15,h_NQ_12,2.58910401288891
age_70,15,h_NQ_13,1.82921397603251
age_70,15,h_NQ_14,1.41018860486038
age_70,15,h_NQ_15,1.18915792450272
age_70,15,h_NQ_16,1.08267759322434
age_70,15,h_NQ_17,1.03650143379789
age_70,15,P_NQ_1,0.7514286976
age_70,15,P_NQ_2,0.150123183188763
age_70,15,P_NQ_3,0.1333529963186
age_70,15,P_NQ_4,0.144969875831524
age_70,15,P_NQ_5,0.150166003065779
age_70,15,P_NQ_6,0.146420089894685
age_70,15,P_NQ_7,0.107731763351454
age_70,15,P_NQ_8,0.104305586150229
age_70,15,P_NQ_9,0.117536723587663
age_70,15,P_NQ_10,0.105524741638815
age_70,15,P_NQ_11,0.0839092477794103
age_70,15,P_NQ_12,0.0561660670347128
age_70,15,P_NQ_13,0.0335485631988433
age_70,15,P_NQ_14,0.0151576102395926
age_70,15,P_NQ_15,0.00428129173689819
age_70,15,P_NQ_16,0.000691709687714465
age_70,15,P_NQ_17,4.80847339571705e-05
age_70,15,L_NQ,1.83606418405068
age_70,15,pi_Q,0.3
age_70,15,pi_NQ,0.7
age_70,15,y,1.45051005207219
age_70,15,nbar,5.57229308894216
age_70,15,Ptot,3.00766030695401
age_70,15,Pret,0.1569904623916
age_70,15,H,195.290702638844
age_70,15,cCheck,-8.88178419700125e-16
age_70,15,shareq,0.3
age_70,15,A,0.435809785
age_70,15,A_Q,2
age_70,15,xpop,1.073469568
age_70,15,h_Q_1,100
age_70,15,mig_Q_2,-0.254107062
age_70,15,med_Q_2,148.5361669
age_70,15,mig_Q_3,0.00136985
age_70,15,med_Q_3,-44.33746972
age_70,15,mig_Q_4,0.001126081
age_70,15,med_Q_4,-50.91399385
age_70,15,mig_Q_5,0.000770003
age_70,15,med_Q_5,-31.78328195
age_70,15,mig_Q_6,0.000362568
age_70,15,med_Q_6,-20.17992206
age_70,15,mig_Q_7,0.000223101
age_70,15,med_Q_7,-14.35213813
age_70,15,mig_Q_8,0.000359596
age_70,15,med_Q_8,-10.91262895
age_70,15,mig_Q_9,0.000876877
age_70,15,med_Q_9,-5.912593953
age_70,15,mig_Q_10,0.001649736
age_70,15,med_Q_10,-3.781246296
age_70,15,mig_Q_11,0.002430694
age_70,15,med_Q_11,-2.345092196
age_70,15,mig_Q_12,0.002969997
age_70,15,med_Q_12,-1.425980011
age_70,15,mig_Q_13,0.002988042
age_70,15,med_Q_13,-0.852101019
age_70,15,mig_Q_14,0.002031779
age_70,15,med_Q_14,-0.45025367
age_70,15,mig_Q_15,0.000752695
age_70,15,med_Q_15,-0.220946406
age_70,15,mig_Q_16,0.000154594
age_70,15,med_Q_16,-0.100200093
age_70,15,mig_Q_17,1.20088e-05
age_70,15,med_Q_17,-0.032330545
age_70,15,h_NQ_1,100
age_70,15,mig_NQ_2,-0.587236271
age_70,15,med_NQ_2,-10.37985087
age_70,15,mig_NQ_3,0.004536517
age_70,15,med_NQ_3,-14.7114937
age_70,15,mig_NQ_4,0.004521553
age_70,15,med_NQ_4,-13.92240388
age_70,15,mig_NQ_5,0.004539559
age_70,15,med_NQ_5,-11.97196283
age_70,15,mig_NQ_6,0.004642378
age_70,15,med_NQ_6,-7.956946406
age_70,15,mig_NQ_7,0.004222843
age_70,15,med_NQ_7,-5.053412856
age_70,15,mig_NQ_8,0.005793569
age_70,15,med_NQ_8,-3.998871909
age_70,15,mig_NQ_9,0.009004768
age_70,15,med_NQ_9,-2.262936944
age_70,15,mig_NQ_10,0.011181594
age_70,15,med_NQ_10,-1.64609256
age_70,15,mig_NQ_11,0.011856597
age_70,15,med_NQ_11,-1.168145308
age_70,15,mig_NQ_12,0.012460701
age_70,15,med_NQ_12,-0.988795809
age_70,15,mig_NQ_13,0.011022657
age_70,15,med_NQ_13,-0.599777677
age_70,15,mig_NQ_14,0.006726243
age_70,15,med_NQ_14,-0.320474014
age_70,15,mig_NQ_15,0.002307452
age_70,15,med_NQ_15,-0.157388973
age_70,15,mig_NQ_16,0.000440415
age_70,15,med_NQ_16,-0.070006062
age_70,15,mig_NQ_17,3.31265e-05
age_70,15,med_NQ_17,-0.019178349
age_70,16,beta_Q_2,0.996367900125476
age_70,16,beta_Q_3,0.99519130014795
age_70,16,beta_Q_4,0.992379100316725
age_70,16,beta_Q_5,0.987635500000372
age_70,16,beta_Q_6,0.981419000404811
age_70,16,beta_Q_7,0.97284790000392
age_70,16,beta_Q_8,0.956876000003725
age_70,16,beta_Q_9,0.932060901082042
age_70,16,beta_Q_10,0.888214701649101
age_70,16,beta_Q_11,0.81449630047874
age_70,16,beta_Q_12,0.705271800083121
age_70,16,beta_Q_13,0.553437200726719
age_70,16,beta_Q_14,0.374711643560468
age_70,16,beta_Q_15,0.218074889403826
age_70,16,beta_Q_16,0.107752400046906
age_70,16,beta_Q_17,0.0502324586580444
age_70,16,h_Q_2,275.322816
age_70,16,h_Q_3,207.956412382
age_70,16,h_Q_4,131.21809762524
age_70,16,h_Q_5,80.8767034631304
age_70,16,h_Q_6,53.8184166651558
age_70,16,h_Q_7,36.829563831767
age_70,16,h_Q_8,23.1889435076578
age_70,16,h_Q_9,14.7190645703046
age_70,16,h_Q_10,8.94572005312967
age_70,16,h_Q_11,5.39072805946179
age_70,16,h_Q_12,3.39295662969431
age_70,16,h_Q_13,2.23932670074027
age_70,16,h_Q_14,1.59926126858823
age_70,16,h_Q_15,1.27889470372317
age_70,16,h_Q_16,1.12076512890131
age_70,16,h_Q_17,1.05288050608692
age_70,16,P_Q_1,0.3194008092
age_70,16,P_Q_2,0.0826164572217474
age_70,16,P_Q_3,0.064891756233599
age_70,16,P_Q_4,0.0568665687279996
age_70,16,P_Q_5,0.061326389673616
age_70,16,P_Q_6,0.0628653580599743
age_70,16,P_Q_7,0.0607462951088105
age_70,16,P_Q_8,0.0441633460194531
age_70,16,P_Q_9,0.0419227554964337
age_70,16,P_Q_10,0.0457472167242004
age_70,16,P_Q_11,0.0388704704531585
age_70,16,P_Q_12,0.0280014015193068
age_70,16,P_Q_13,0.0160127846791962
age_70,16,P_Q_14,0.00728584978367892
age_70,16,P_Q_15,0.00220021205039566
age_70,16,P_Q_16,0.000364675055693365
age_70,16,P_Q_17,2.87895247096415e-05
age_70,16,L_Q,1.07110414377693
age_70,16,beta_NQ_2,0.989680600164088
age_70,16,beta_NQ_3,0.986715900245842
age_70,16,beta_NQ_4,0.980932800543132
age_70,16,beta_NQ_5,0.970029900004466
age_70,16,beta_NQ_6,0.956614903270331
age_70,16,beta_NQ_7,0.941724899980929
age_70,16,beta_NQ_8,0.917262300033683
age_70,16,beta_NQ_9,0.884329000717108
age_70,16,beta_NQ_10,0.832550800768387
age_70,16,beta_NQ_11,0.756334200212729
age_70,16,beta_NQ_12,0.632437799918642
age_70,16,beta_NQ_13,0.474787465734491
age_70,16,beta_NQ_14,0.30667268796001
age_70,16,beta_NQ_15,0.171361734678332
age_70,16,beta_NQ_16,0.0819939018545653
age_70,16,beta_NQ_17,0.0373887680236216
age_70,16,h_NQ_2,96.90485881
age_70,16,h_NQ_3,75.2779638774
age_70,16,h_NQ_4,52.446085419076
age_70,16,h_NQ_5,33.3665887049061
age_70,16,h_NQ_6,23.0493879268595
age_70,16,h_NQ_7,17.1599877077752
age_70,16,h_NQ_8,12.0863886754321
age_70,16,h_NQ_9,8.64520925622474
age_70,16,h_NQ_10,5.97196044631768
age_70,16,h_NQ_11,4.10398176580376
age_70,16,h_NQ_12,2.72062796374141
age_70,16,h_NQ_13,1.90398580263113
age_70,16,h_NQ_14,1.44231982951186
age_70,16,h_NQ_15,1.20679914676317
age_70,16,h_NQ_16,1.08931738101267
age_70,16,h_NQ_17,1.03883573235986
age_70,16,P_NQ_1,0.7452685548
age_70,16,P_NQ_2,0.192771732017256
age_70,16,P_NQ_3,0.151414100029257
age_70,16,P_NQ_4,0.132688661983051
age_70,16,P_NQ_5,0.143094911028034
age_70,16,P_NQ_6,0.146685835980053
age_70,16,P_NQ_7,0.141741356065505
age_70,16,P_NQ_8,0.103047809106582
age_70,16,P_NQ_9,0.0978197702490827
age_70,16,P_NQ_10,0.106743503644507
age_70,16,P_NQ_11,0.0906977951650646
age_70,16,P_NQ_12,0.0653366033508566
age_70,16,P_NQ_13,0.0373631651163134
age_70,16,P_NQ_14,0.0170002795998074
age_70,16,P_NQ_15,0.0051338230646101
age_70,16,P_NQ_16,0.000850909570706809
age_70,16,P_NQ_17,6.71728261350859e-05
age_70,16,L_NQ,1.88837608151397
age_70,16,pi_Q,0.3
age_70,16,pi_NQ,0.7
age_70,16,y,1.92815593644394
age_70,16,nbar,5.78153401053771
age_70,16,Ptot,3.11103711912879
age_70,16,Pret,0.17964566614141
age_70,16,H,213.736498235633
age_70,16,cCheck,4.44089209850063e-16
age_70,16,shareq,0.3
age_70,16,A,0.564562457
age_70,16,A_Q,2
age_70,16,xpop,1.064669364
age_70,16,h_Q_1,100
age_70,16,mig_Q_2,-0.238118151
age_70,16,med_Q_2,177.322816
age_70,16,mig_Q_3,0.000898207
age_70,16,med_Q_3,-33.64903118
age_70,16,mig_Q_4,0.000202843
age_70,16,med_Q_4,-51.56316173
age_70,16,mig_Q_5,5.19572e-06
age_70,16,med_Q_5,-33.99845771
age_70,16,mig_Q_6,-0.000281167
age_70,16,med_Q_6,-21.46716922
age_70,16,mig_Q_7,-0.000219673
age_70,16,med_Q_7,-15.27980203
age_70,16,mig_Q_8,0.000109959
age_70,16,med_Q_8,-11.2532165
age_70,16,mig_Q_9,0.000579933
age_70,16,med_Q_9,-6.650553499
age_70,16,mig_Q_10,0.001597144
age_70,16,med_Q_10,-4.094154018
age_70,16,mig_Q_11,0.002714691
age_70,16,med_Q_11,-2.542252827
age_70,16,mig_Q_12,0.003257356
age_70,16,med_Q_12,-1.494012268
age_70,16,mig_Q_13,0.003210995
age_70,16,med_Q_13,-0.902484397
age_70,16,mig_Q_14,0.002143075
age_70,16,med_Q_14,-0.493995454
age_70,16,mig_Q_15,0.000877584
age_70,16,med_Q_15,-0.246832636
age_70,16,mig_Q_16,0.000179671
age_70,16,med_Q_16,-0.109776148
age_70,16,mig_Q_17,1.47103e-05
age_70,16,med_Q_17,-0.037011451
age_70,16,h_NQ_1,100
age_70,16,mig_NQ_2,-0.550080985
age_70,16,med_NQ_2,-1.09514119
age_70,16,mig_NQ_3,0.003500625
age_70,16,med_NQ_3,-10.58978227
age_70,16,mig_NQ_4,0.00216827
age_70,16,med_NQ_4,-14.13316767
age_70,16,mig_NQ_5,0.002633772
age_70,16,med_NQ_5,-12.76973
age_70,16,mig_NQ_6,0.003033013
age_70,16,med_NQ_6,-8.460650274
age_70,16,mig_NQ_7,0.004167968
age_70,16,med_NQ_7,-5.434609872
age_70,16,mig_NQ_8,0.004728085
age_70,16,med_NQ_8,-4.133406098
age_70,16,mig_NQ_9,0.006718635
age_70,16,med_NQ_9,-2.572033247
age_70,16,mig_NQ_10,0.010711346
age_70,16,med_NQ_10,-1.769328821
age_70,16,mig_NQ_11,0.012737414
age_70,16,med_NQ_11,-1.252368571
age_70,16,mig_NQ_12,0.01383596
age_70,16,med_NQ_12,-1.031109607
age_70,16,mig_NQ_13,0.011902076
age_70,16,med_NQ_13,-0.63333613
age_70,16,mig_NQ_14,0.00724183
age_70,16,med_NQ_14,-0.350309867
age_70,16,mig_NQ_15,0.00272272
age_70,16,med_NQ_15,-0.175185686
age_70,16,mig_NQ_16,0.000523973
age_70,16,med_NQ_16,-0.076057385
age_70,16,mig_NQ_17,4.28112e-05
age_70,16,med_NQ_17,-0.022188309
age_70,17,beta_Q_2,0.99632580006316
age_70,17,beta_Q_3,0.995348600000026
age_70,17,beta_Q_4,0.992990100025498
age_70,17,beta_Q_5,0.989174500003026
age_70,17,beta_Q_6,0.983061600130601
age_70,17,beta_Q_7,0.974372400006731
age_70,17,beta_Q_8,0.960187200091938
age_70,17,beta_Q_9,0.938341600700665
age_70,17,beta_Q_10,0.901011507681763
age_70,17,beta_Q_11,0.832555803034897
age_70,17,beta_Q_12,0.725557000569642
age_70,17,beta_Q_13,0.571257379199914
age_70,17,beta_Q_14,0.391596962159212
age_70,17,beta_Q_15,0.226707911609078
age_70,17,beta_Q_16,0.111483997187932
age_70,17,beta_Q_17,0.0511400632691038
age_70,17,h_Q_2,272.168091
age_70,17,h_Q_3,214.98903556
age_70,17,h_Q_4,142.65538742436
age_70,17,h_Q_5,92.3744861927352
age_70,17,h_Q_6,59.0374533538678
age_70,17,h_Q_7,39.0204311018527
age_70,17,h_Q_8,25.1175501351317
age_70,17,h_Q_9,16.2183903535047
age_70,17,h_Q_10,10.1021835828985
age_70,17,h_Q_11,5.97213877706707
age_70,17,h_Q_12,3.64374387827255
age_70,17,h_Q_13,2.33239470010042
age_70,17,h_Q_14,1.64364630772546
age_70,17,h_Q_15,1.29317239821646
age_70,17,h_Q_16,1.12547213164871
age_70,17,h_Q_17,1.05389536232329
age_70,17,P_Q_1,0.3121457745
age_70,17,P_Q_2,0.0809503505609818
age_70,17,P_Q_3,0.0829762534761282
age_70,17,P_Q_4,0.0644857392690712
age_70,17,P_Q_5,0.0562764400389834
age_70,17,P_Q_6,0.0600175450519161
age_70,17,P_Q_7,0.0608772335716405
age_70,17,P_Q_8,0.0583047278787644
age_70,17,P_Q_9,0.0417330100856894
age_70,17,P_Q_10,0.0382890027655731
age_70,17,P_Q_11,0.0399278397790604
age_70,17,P_Q_12,0.0309830396665769
age_70,17,P_Q_13,0.0191669302732701
age_70,17,P_Q_14,0.00854696686512149
age_70,17,P_Q_15,0.00258360288578867
age_70,17,P_Q_16,0.000466441129042256
age_70,17,P_Q_17,4.1562424658737e-05
age_70,17,L_Q,1.09221256701524
age_70,17,beta_NQ_2,0.989421200000056
age_70,17,beta_NQ_3,0.987054500000795
age_70,17,beta_NQ_4,0.982480300063609
age_70,17,beta_NQ_5,0.973749104257002
age_70,17,beta_NQ_6,0.960130800152651
age_70,17,beta_NQ_7,0.944543500013259
age_70,17,beta_NQ_8,0.922948100035183
age_70,17,beta_NQ_9,0.894130500612635
age_70,17,beta_NQ_10,0.850068405174139
age_70,17,beta_NQ_11,0.777865101497359
age_70,17,beta_NQ_12,0.654689100148069
age_70,17,beta_NQ_13,0.492618373666824
age_70,17,beta_NQ_14,0.321813368040825
age_70,17,beta_NQ_15,0.178567506113897
age_70,17,beta_NQ_16,0.0848333937639328
age_70,17,beta_NQ_17,0.037991978255039
age_70,17,h_NQ_2,94.528680002
age_70,17,h_NQ_3,77.2469197838
age_70,17,h_NQ_4,57.078602939852
age_70,17,h_NQ_5,38.0939320106945
age_70,17,h_NQ_6,25.082018203808
age_70,17,h_NQ_7,18.0321513293223
age_70,17,h_NQ_8,12.9782652936197
age_70,17,h_NQ_9,9.4455910379235
age_70,17,h_NQ_10,6.66970805210024
age_70,17,h_NQ_11,4.50176896539132
age_70,17,h_NQ_12,2.89594102048769
age_70,17,h_NQ_13,1.97090005446658
age_70,17,h_NQ_14,1.4745199985785
age_70,17,h_NQ_15,1.21738548392162
age_70,17,h_NQ_16,1.09269721282791
age_70,17,h_NQ_17,1.03949196339242
age_70,17,P_NQ_1,0.7283401405
age_70,17,P_NQ_2,0.188884152597886
age_70,17,P_NQ_3,0.193611256099357
age_70,17,P_NQ_4,0.150466727183417
age_70,17,P_NQ_5,0.131311693515145
age_70,17,P_NQ_6,0.14004093947156
age_70,17,P_NQ_7,0.142046879216934
age_70,17,P_NQ_8,0.136044367274539
age_70,17,P_NQ_9,0.0973770250533109
age_70,17,P_NQ_10,0.0893410140518534
age_70,17,P_NQ_11,0.093164958456873
age_70,17,P_NQ_12,0.0722937780316652
age_70,17,P_NQ_13,0.0447229313246529
age_70,17,P_NQ_14,0.0199429112769135
age_70,17,P_NQ_15,0.00602839540223967
age_70,17,P_NQ_16,0.00108836218449834
age_70,17,P_NQ_17,9.69766605482363e-05
age_70,17,L_NQ,1.92628260416028
age_70,17,pi_Q,0.3
age_70,17,pi_NQ,0.7
age_70,17,y,2.27945807415746
age_70,17,nbar,6.00390130075203
age_70,17,Ptot,3.19257496852366
age_70,17,Pret,0.205961898124976
age_70,17,H,223.178795512003
age_70,17,cCheck,4.44089209850063e-16
age_70,17,shareq,0.3
age_70,17,A,0.650022108
age_70,17,A_Q,2
age_70,17,xpop,1.040485915
age_70,17,h_Q_1,100
age_70,17,mig_Q_2,-0.237290363
age_70,17,med_Q_2,174.168091
age_70,17,mig_Q_3,0.000757074
age_70,17,med_Q_3,-54.82732412
age_70,17,mig_Q_4,8.85166e-05
age_70,17,med_Q_4,-61.14189671
age_70,17,mig_Q_5,0.000112998
age_70,17,med_Q_5,-36.21924948
age_70,17,mig_Q_6,-0.000169339
age_70,17,med_Q_6,-20.22171604
age_70,17,mig_Q_7,-0.000281198
age_70,17,med_Q_7,-13.72161723
age_70,17,mig_Q_8,0.000178056
age_70,17,med_Q_8,-10.97542242
age_70,17,mig_Q_9,0.000570082
age_70,17,med_Q_9,-6.506774284
age_70,17,mig_Q_10,0.001052595
age_70,17,med_Q_10,-4.322499696
age_70,17,mig_Q_11,0.002666901
age_70,17,med_Q_11,-2.794666875
age_70,17,mig_Q_12,0.003568793
age_70,17,med_Q_12,-1.63916962
age_70,17,mig_Q_13,0.003669913
age_70,17,med_Q_13,-0.992702797
age_70,17,mig_Q_14,0.00254679
age_70,17,med_Q_14,-0.550893859
age_70,17,mig_Q_15,0.000994742
age_70,17,med_Q_15,-0.274103645
age_70,17,mig_Q_16,0.000229363
age_70,17,med_Q_16,-0.127844678
age_70,17,mig_Q_17,2.32439e-05
age_70,17,med_Q_17,-0.044454464
age_70,17,h_NQ_1,100
age_70,17,mig_NQ_2,-0.548693678
age_70,17,med_NQ_2,-3.471319998
age_70,17,mig_NQ_3,0.003400323
age_70,17,med_NQ_3,-17.71984185
age_70,17,mig_NQ_4,0.00193967
age_70,17,med_NQ_4,-16.69380166
age_70,17,mig_NQ_5,0.002599724
age_70,17,med_NQ_5,-13.3032317
age_70,17,mig_NQ_6,0.003154215
age_70,17,med_NQ_6,-7.617238727
age_70,17,mig_NQ_7,0.003909175
age_70,17,med_NQ_7,-4.556248839
age_70,17,mig_NQ_8,0.006030365
age_70,17,med_NQ_8,-3.83852266
age_70,17,mig_NQ_9,0.006248859
age_70,17,med_NQ_9,-2.399069864
age_70,17,mig_NQ_10,0.007901086
age_70,17,med_NQ_10,-1.802597019
age_70,17,mig_NQ_11,0.012431196
age_70,17,med_NQ_11,-1.350752272
age_70,17,mig_NQ_12,0.014933064
age_70,17,med_NQ_12,-1.12596111
age_70,17,mig_NQ_13,0.013701931
age_70,17,med_NQ_13,-0.69531535
age_70,17,mig_NQ_14,0.008484649
age_70,17,med_NQ_14,-0.391386088
age_70,17,mig_NQ_15,0.003115198
age_70,17,med_NQ_15,-0.196087949
age_70,17,mig_NQ_16,0.00066742
age_70,17,med_NQ_16,-0.089965951
age_70,17,mig_NQ_17,6.51622e-05
age_70,17,med_NQ_17,-0.02803907
age_70,18,beta_Q_2,0.996382900000455
age_70,18,beta_Q_3,0.995405400107134
age_70,18,beta_Q_4,0.993380500001188
age_70,18,beta_Q_5,0.990084700054153
age_70,18,beta_Q_6,0.985190900005658
age_70,18,beta_Q_7,0.976841400385225
age_70,18,beta_Q_8,0.963054200048628
age_70,18,beta_Q_9,0.944144400758802
age_70,18,beta_Q_10,0.911067102345237
age_70,18,beta_Q_11,0.85315692195343
age_70,18,beta_Q_12,0.753888407546073
age_70,18,beta_Q_13,0.603952401548845
age_70,18,beta_Q_14,0.420119299941581
age_70,18,beta_Q_15,0.245264077382464
age_70,18,beta_Q_16,0.119772406030654
age_70,18,beta_Q_17,0.0534203631472869
age_70,18,h_Q_2,276.4645711
age_70,18,h_Q_3,217.64680276
age_70,18,h_Q_4,151.0688118488
age_70,18,h_Q_5,100.854235415873
age_70,18,h_Q_6,67.5260481988805
age_70,18,h_Q_7,43.1805031367904
age_70,18,h_Q_8,27.0666760498156
age_70,18,h_Q_9,17.9033078154291
age_70,18,h_Q_10,11.2444325964346
age_70,18,h_Q_11,6.80998970624055
age_70,18,h_Q_12,4.06319734552573
age_70,18,h_Q_13,2.5249490257071
age_70,18,h_Q_14,1.72449264109842
age_70,18,h_Q_15,1.32496626257095
age_70,18,h_Q_16,1.13606980625214
age_70,18,h_Q_17,1.05642904801573
age_70,18,P_Q_1,0.3046097499
age_70,18,P_Q_2,0.0812825075150471
age_70,18,P_Q_3,0.0816832111003845
age_70,18,P_Q_4,0.0827084132390017
age_70,18,P_Q_5,0.063777378298809
age_70,18,P_Q_6,0.0551499521943769
age_70,18,P_Q_7,0.0582282214147476
age_70,18,P_Q_8,0.0586305814524964
age_70,18,P_Q_9,0.0551596756861765
age_70,18,P_Q_10,0.0386761103374053
age_70,18,P_Q_11,0.0337383344448971
age_70,18,P_Q_12,0.0326288056693203
age_70,18,P_Q_13,0.0218069940395757
age_70,18,P_Q_14,0.01056599366893
age_70,18,P_Q_15,0.00325267300858368
age_70,18,P_Q_16,0.000583724376853996
age_70,18,P_Q_17,5.91850288505332e-05
age_70,18,L_Q,1.11533395505326
age_70,18,beta_NQ_2,0.9894431000002
age_70,18,beta_NQ_3,0.98689610028047
age_70,18,beta_NQ_4,0.983239700000899
age_70,18,beta_NQ_5,0.975920500101326
age_70,18,beta_NQ_6,0.965115406054087
age_70,18,beta_NQ_7,0.949608100535751
age_70,18,beta_NQ_8,0.927954400058273
age_70,18,beta_NQ_9,0.903296400579331
age_70,18,beta_NQ_10,0.864080601801062
age_70,18,beta_NQ_11,0.8029854137084
age_70,18,beta_NQ_12,0.686370602963632
age_70,18,beta_NQ_13,0.525801600415975
age_70,18,beta_NQ_14,0.348146835606179
age_70,18,beta_NQ_15,0.194711129513996
age_70,18,beta_NQ_16,0.0917671042914821
age_70,18,beta_NQ_17,0.039948965874027
age_70,18,h_NQ_2,94.72477716
age_70,18,h_NQ_3,76.31315868196
age_70,18,h_NQ_4,59.664803138124
age_70,18,h_NQ_5,41.529101511055
age_70,18,h_NQ_6,28.6659442784806
age_70,18,h_NQ_7,19.8444591337318
age_70,18,h_NQ_8,13.8800981637358
age_70,18,h_NQ_9,10.3408766527473
age_70,18,h_NQ_10,7.35730146316503
age_70,18,h_NQ_11,5.07576595705824
age_70,18,h_NQ_12,3.1884765860835
age_70,18,h_NQ_13,2.10882196207793
age_70,18,h_NQ_14,1.53408373537725
age_70,18,h_NQ_15,1.24179021360693
age_70,18,h_NQ_16,1.10103917324319
age_70,18,h_NQ_17,1.04160698357135
age_70,18,P_NQ_1,0.7107560831
age_70,18,P_NQ_2,0.189659181821719
age_70,18,P_NQ_3,0.19059416280058
age_70,18,P_NQ_4,0.192986297988188
age_70,18,P_NQ_5,0.148813885815335
age_70,18,P_NQ_6,0.128683219364096
age_70,18,P_NQ_7,0.135865849113612
age_70,18,P_NQ_8,0.136804691289197
age_70,18,P_NQ_9,0.128705912216712
age_70,18,P_NQ_10,0.0902442583876702
age_70,18,P_NQ_11,0.0787227849633219
age_70,18,P_NQ_12,0.0761338788174624
age_70,18,P_NQ_13,0.0508829583601892
age_70,18,P_NQ_14,0.024654005158245
age_70,18,P_NQ_15,0.00758956493136915
age_70,18,P_NQ_16,0.00136202224092288
age_70,18,P_NQ_17,0.000138097432447068
age_70,18,L_NQ,1.96758056240356
age_70,18,pi_Q,0.3
age_70,18,pi_NQ,0.7
age_70,18,y,2.51718718110823
age_70,18,nbar,6.18502882940915
age_70,18,Ptot,3.27513836517652
age_70,18,Pret,0.22965790273275
age_70,18,H,231.073993729208
age_70,18,cCheck,0
age_70,18,shareq,0.3
age_70,18,A,0.703033956
age_70,18,A_Q,2
age_70,18,xpop,1.015365833
age_70,18,h_Q_1,100
age_70,18,mig_Q_2,-0.229716381
age_70,18,med_Q_2,178.4645711
age_70,18,mig_Q_3,0.001109393
age_70,18,med_Q_3,-49.07792642
age_70,18,mig_Q_4,0.000313815
age_70,18,med_Q_4,-59.620443
age_70,18,mig_Q_5,-1.02706e-05
age_70,18,med_Q_5,-38.94804426
age_70,18,mig_Q_6,-0.000173255
age_70,18,med_Q_6,-23.00094827
age_70,18,mig_Q_7,-0.000251218
age_70,18,med_Q_7,-14.67620115
age_70,18,mig_Q_8,0.000177041
age_70,18,med_Q_8,-11.17334643
age_70,18,mig_Q_9,0.000449924
age_70,18,med_Q_9,-6.711891317
age_70,18,mig_Q_10,0.001074188
age_70,18,med_Q_10,-4.64958995
age_70,18,mig_Q_11,0.001860603
age_70,18,med_Q_11,-3.090150205
age_70,18,mig_Q_12,0.003658882
age_70,18,med_Q_12,-1.789498656
age_70,18,mig_Q_13,0.004107704
age_70,18,med_Q_13,-1.045919975
age_70,18,mig_Q_14,0.003060282
age_70,18,med_Q_14,-0.561254165
age_70,18,mig_Q_15,0.001315008
age_70,18,med_Q_15,-0.285807119
age_70,18,mig_Q_16,0.000295694
age_70,18,med_Q_16,-0.131239144
age_70,18,mig_Q_17,3.53312e-05
age_70,18,med_Q_17,-0.046533641
age_70,18,h_NQ_1,100
age_70,18,mig_NQ_2,-0.530975994
age_70,18,med_NQ_2,-3.27522284
age_70,18,mig_NQ_3,0.00415521
age_70,18,med_NQ_3,-16.32494772
age_70,18,mig_NQ_4,0.002767053
age_70,18,med_NQ_4,-16.03717825
age_70,18,mig_NQ_5,0.002297045
age_70,18,med_NQ_5,-14.40792937
age_70,18,mig_NQ_6,0.002606818
age_70,18,med_NQ_6,-8.666109092
age_70,18,mig_NQ_7,0.00359109
age_70,18,med_NQ_7,-4.735918706
age_70,18,mig_NQ_8,0.005702794
age_70,18,med_NQ_8,-3.791410139
age_70,18,mig_NQ_9,0.007064494
age_70,18,med_NQ_9,-2.377823335
age_70,18,mig_NQ_10,0.007467126
age_70,18,med_NQ_10,-1.899377754
age_70,18,mig_NQ_11,0.009227528
age_70,18,med_NQ_11,-1.460547934
age_70,18,mig_NQ_12,0.015139796
age_70,18,med_NQ_12,-1.223257
age_70,18,mig_NQ_13,0.015269715
age_70,18,med_NQ_13,-0.729200238
age_70,18,mig_NQ_14,0.010261568
age_70,18,med_NQ_14,-0.397398318
age_70,18,mig_NQ_15,0.004028409
age_70,18,med_NQ_15,-0.203239385
age_70,18,mig_NQ_16,0.000850613
age_70,18,med_NQ_16,-0.091998601
age_70,18,mig_NQ_17,9.67484e-05
age_70,18,med_NQ_17,-0.029236285
age_70,19,beta_Q_2,0.996112200002019
age_70,19,beta_Q_3,0.995198400000949
age_70,19,beta_Q_4,0.993417000005918
age_70,19,beta_Q_5,0.990831500017762
age_70,19,beta_Q_6,0.987090300006913
age_70,19,beta_Q_7,0.98076870000953
age_70,19,beta_Q_8,0.968726300002532
age_70,19,beta_Q_9,0.951335011057293
age_70,19,beta_Q_10,0.924336600000898
age_70,19,beta_Q_11,0.877013799938162
age_70,19,beta_Q_12,0.797342699853427
age_70,19,beta_Q_13,0.661059819996658
age_70,19,beta_Q_14,0.481390420888964
age_70,19,beta_Q_15,0.289655300232739
age_70,19,beta_Q_16,0.147666779862596
age_70,19,beta_Q_17,0.0825551319466387
age_70,19,h_Q_2,257.2148773
age_70,19,h_Q_3,208.263912068
age_70,19,h_Q_4,151.9064256348
age_70,19,h_Q_5,109.069095271824
age_70,19,h_Q_6,77.4611339175553
age_70,19,h_Q_7,51.9985648649029
age_70,19,h_Q_8,31.9757495940546
age_70,19,h_Q_9,20.5486489268193
age_70,19,h_Q_10,13.2164296081205
age_70,19,h_Q_11,8.1309935545059
age_70,19,h_Q_12,4.93443857811574
age_70,19,h_Q_13,2.95037121461522
age_70,19,h_Q_14,1.92823272519296
age_70,19,h_Q_15,1.40776724327645
age_70,19,h_Q_16,1.17324871231954
age_70,19,h_Q_17,1.08998264412709
age_70,19,P_Q_1,0.304206375
age_70,19,P_Q_2,0.0843752879737753
age_70,19,P_Q_3,0.0840883869147266
age_70,19,P_Q_4,0.0833506750846026
age_70,19,P_Q_5,0.0834729345136919
age_70,19,P_Q_6,0.0638592827262049
age_70,19,P_Q_7,0.0548095665327333
age_70,19,P_Q_8,0.0571965031948342
age_70,19,P_Q_9,0.0565060341916074
age_70,19,P_Q_10,0.0519861808937078
age_70,19,P_Q_11,0.0352513382485919
age_70,19,P_Q_12,0.0285759962279203
age_70,19,P_Q_13,0.0242772055436565
age_70,19,P_Q_14,0.0129899930697368
age_70,19,P_Q_15,0.00445065168883907
age_70,19,P_Q_16,0.000837368472269033
age_70,19,P_Q_17,8.22046681894642e-05
age_70,19,L_Q,1.17281335008435
age_70,19,beta_NQ_2,0.988462400031308
age_70,19,beta_NQ_3,0.986035700002781
age_70,19,beta_NQ_4,0.983041900315316
age_70,19,beta_NQ_5,0.977549700016488
age_70,19,beta_NQ_6,0.969548006130814
age_70,19,beta_NQ_7,0.95810829998989
age_70,19,beta_NQ_8,0.938648500014802
age_70,19,beta_NQ_9,0.914904910233032
age_70,19,beta_NQ_10,0.882886651706954
age_70,19,beta_NQ_11,0.832672764376174
age_70,19,beta_NQ_12,0.736273933328963
age_70,19,beta_NQ_13,0.584975870162531
age_70,19,beta_NQ_14,0.405078304537439
age_70,19,beta_NQ_15,0.232303211906323
age_70,19,beta_NQ_16,0.113939246759178
age_70,19,beta_NQ_17,0.0621229938868753
age_70,19,h_NQ_2,86.67313826
age_70,19,h_NQ_3,71.6111799368
age_70,19,h_NQ_4,58.9688703383208
age_70,19,h_NQ_5,44.5428346153615
age_70,19,h_NQ_6,32.8385656048339
age_70,19,h_NQ_7,23.871077080911
age_70,19,h_NQ_8,16.2995199830572
age_70,19,h_NQ_9,11.7515579664611
age_70,19,h_NQ_10,8.53873253969239
age_70,19,h_NQ_11,5.97630752990173
age_70,19,h_NQ_12,3.79180704091707
age_70,19,h_NQ_13,2.40949804436183
age_70,19,h_NQ_14,1.68089346983638
age_70,19,h_NQ_15,1.3025901226697
age_70,19,h_NQ_16,1.1285903413348
age_70,19,h_NQ_17,1.06623755677833
age_70,19,P_NQ_1,0.709814875
age_70,19,P_NQ_2,0.196875672206464
age_70,19,P_NQ_3,0.19620623292224
age_70,19,P_NQ_4,0.194484910453965
age_70,19,P_NQ_5,0.194770179445336
age_70,19,P_NQ_6,0.149004994835153
age_70,19,P_NQ_7,0.127888987511165
age_70,19,P_NQ_8,0.13345850950263
age_70,19,P_NQ_9,0.131847416223898
age_70,19,P_NQ_10,0.121301090083572
age_70,19,P_NQ_11,0.0822531231562311
age_70,19,P_NQ_12,0.0666773273822516
age_70,19,P_NQ_13,0.0566468123280977
age_70,19,P_NQ_14,0.0303100559393809
age_70,19,P_NQ_15,0.0103848541914058
age_70,19,P_NQ_16,0.00195386039658393
age_70,19,P_NQ_17,0.000191808380022294
age_70,19,L_NQ,2.06848860157101
age_70,19,pi_Q,0.3
age_70,19,pi_NQ,0.7
age_70,19,y,3.05403862341484
age_70,19,nbar,6.54840108442771
age_70,19,Ptot,3.43438669490348
age_70,19,Pret,0.237378138288353
age_70,19,H,238.600027878328
age_70,19,cCheck,8.88178419700125e-16
age_70,19,shareq,0.3
age_70,19,A,0.819558266
age_70,19,A_Q,2
age_70,19,xpop,1.01402125
age_70,19,h_Q_1,100
age_70,19,mig_Q_2,-0.219132658
age_70,19,med_Q_2,159.2148773
age_70,19,mig_Q_3,0.00317934
age_70,19,med_Q_3,-62.67136761
age_70,19,mig_Q_4,0.002208166
age_70,19,med_Q_4,-61.38744107
age_70,19,mig_Q_5,0.0015846
age_70,19,med_Q_5,-38.97834034
age_70,19,mig_Q_6,0.00102639
age_70,19,med_Q_6,-21.37601679
age_70,19,mig_Q_7,0.00093681
age_70,19,med_Q_7,-14.17696237
age_70,19,mig_Q_8,0.00111957
age_70,19,med_Q_8,-10.34114348
age_70,19,mig_Q_9,0.001150299
age_70,19,med_Q_9,-5.976693602
age_70,19,mig_Q_10,0.001732015
age_70,19,med_Q_10,-4.328812051
age_70,19,mig_Q_11,0.002254547
age_70,19,med_Q_11,-2.88855039
age_70,19,mig_Q_12,0.003141057
age_70,19,med_Q_12,-1.739351334
age_70,19,mig_Q_13,0.00457096
age_70,19,med_Q_13,-1.031562184
age_70,19,mig_Q_14,0.003828454
age_70,19,med_Q_14,-0.54621732
age_70,19,mig_Q_15,0.001859193
age_70,19,med_Q_15,-0.282235545
age_70,19,mig_Q_16,0.000447788
age_70,19,med_Q_16,-0.125218225
age_70,19,mig_Q_17,5.10219e-05
age_70,19,med_Q_17,-0.023365766
age_70,19,h_NQ_1,100
age_70,19,mig_NQ_2,-0.50637703
age_70,19,med_NQ_2,-11.32686174
age_70,19,mig_NQ_3,0.009032326
age_70,19,med_NQ_3,-21.21910168
age_70,19,mig_NQ_4,0.007085163
age_70,19,med_NQ_4,-15.81802517
age_70,19,mig_NQ_5,0.006430895
age_70,19,med_NQ_5,-13.92867246
age_70,19,mig_NQ_6,0.005382421
age_70,19,med_NQ_6,-7.859953876
age_70,19,mig_NQ_7,0.00569036
age_70,19,med_NQ_7,-4.221548312
age_70,19,mig_NQ_8,0.007381197
age_70,19,med_NQ_8,-3.148049968
age_70,19,mig_NQ_9,0.008272231
age_70,19,med_NQ_9,-1.850938234
age_70,19,mig_NQ_10,0.010088808
age_70,19,med_NQ_10,-1.59532658
age_70,19,mig_NQ_11,0.0097883
age_70,19,med_NQ_11,-1.233847904
age_70,19,mig_NQ_12,0.012644322
age_70,19,med_NQ_12,-1.182443597
age_70,19,mig_NQ_13,0.016615497
age_70,19,med_NQ_13,-0.71520901
age_70,19,mig_NQ_14,0.012595315
age_70,19,med_NQ_14,-0.385752053
age_70,19,mig_NQ_15,0.005584445
age_70,19,med_NQ_15,-0.200811938
age_70,19,mig_NQ_16,0.001257388
age_70,19,med_NQ_16,-0.088364068
age_70,19,mig_NQ_17,0.000137397
age_70,19,med_NQ_17,-0.012780833
age_70,20,beta_Q_2,0.99686690000089
age_70,20,beta_Q_3,0.995923099999867
age_70,20,beta_Q_4,0.994020400065491
age_70,20,beta_Q_5,0.991077199999568
age_70,20,beta_Q_6,0.987600799999601
age_70,20,beta_Q_7,0.982250200053892
age_70,20,beta_Q_8,0.971854300674659
age_70,20,beta_Q_9,0.95534820019508
age_70,20,beta_Q_10,0.928243700006788
age_70,20,beta_Q_11,0.884935700056105
age_70,20,beta_Q_12,0.811040599997013
age_70,20,beta_Q_13,0.682805199770887
age_70,20,beta_Q_14,0.498147923475038
age_70,20,beta_Q_15,0.311240966334781
age_70,20,beta_Q_16,0.15924903071576
age_70,20,beta_Q_17,0.10149318000479
age_70,20,h_Q_2,319.1727044
age_70,20,h_Q_3,245.284407262
age_70,20,h_Q_4,167.23526660664
age_70,20,h_Q_5,112.072443622104
age_70,20,h_Q_6,80.6503645363875
age_70,20,h_Q_7,56.3386630092042
age_70,20,h_Q_8,35.5294059376048
age_70,20,h_Q_9,22.3955137331735
age_70,20,h_Q_10,13.9360585762829
age_70,20,h_Q_11,8.69079288695808
age_70,20,h_Q_12,5.29214211741578
age_70,20,h_Q_13,3.15263679855343
age_70,20,h_Q_14,1.99261655732291
age_70,20,h_Q_15,1.4518851826891
age_70,20,h_Q_16,1.18941279941092
age_70,20,h_Q_17,1.11295738707314
age_70,20,P_Q_1,0.2986466736
age_70,20,P_Q_2,0.0830792994558893
age_70,20,P_Q_3,0.0855906775911205
age_70,20,P_Q_4,0.0844860560641646
age_70,20,P_Q_5,0.0831130224215699
age_70,20,P_Q_6,0.0824548264715775
age_70,20,P_Q_7,0.0628632507029211
age_70,20,P_Q_8,0.0534285085919974
age_70,20,P_Q_9,0.0548544919992961
age_70,20,P_Q_10,0.0528876515242048
age_70,20,P_Q_11,0.0471929850498633
age_70,20,P_Q_12,0.0303438642125786
age_70,20,P_Q_13,0.0217427779226542
age_70,20,P_Q_14,0.0151596551946687
age_70,20,P_Q_15,0.00582143134263581
age_70,20,P_Q_16,0.00123747840318089
age_70,20,P_Q_17,0.000130289864716125
age_70,20,L_Q,1.21151319858179
age_70,20,beta_NQ_2,0.990822700003447
age_70,20,beta_NQ_3,0.988329599999868
age_70,20,beta_NQ_4,0.984818300533219
age_70,20,beta_NQ_5,0.978250100003701
age_70,20,beta_NQ_6,0.970782499999416
age_70,20,beta_NQ_7,0.96136910009016
age_70,20,beta_NQ_8,0.944761001225175
age_70,20,beta_NQ_9,0.921664700262691
age_70,20,beta_NQ_10,0.888475800048907
age_70,20,beta_NQ_11,0.842666999930868
age_70,20,beta_NQ_12,0.752367100266578
age_70,20,beta_NQ_13,0.608120299855312
age_70,20,beta_NQ_14,0.421178745216301
age_70,20,beta_NQ_15,0.250690372101995
age_70,20,beta_NQ_16,0.122887109925889
age_70,20,beta_NQ_17,0.0762592502847983
age_70,20,h_NQ_2,108.96451026
age_70,20,h_NQ_3,85.6868659158
age_70,20,h_NQ_4,65.868776223064
age_70,20,h_NQ_5,45.9772228915544
age_70,20,h_NQ_6,34.2260631460543
age_70,20,h_NQ_7,25.8860135217372
age_70,20,h_NQ_8,18.1031517532928
age_70,20,h_NQ_9,12.765636951396
age_70,20,h_NQ_10,8.96666374113188
age_70,20,h_NQ_11,6.35594566489854
age_70,20,h_NQ_12,4.03823563330369
age_70,20,h_NQ_13,2.55180352409873
age_70,20,h_NQ_14,1.72764803147459
age_70,20,h_NQ_15,1.33456130843965
age_70,20,h_NQ_16,1.14010408521631
age_70,20,h_NQ_17,1.0825547595081
age_70,20,P_NQ_1,0.6968422384
age_70,20,P_NQ_2,0.193851697920423
age_70,20,P_NQ_3,0.199711581257618
age_70,20,P_NQ_4,0.197134128065588
age_70,20,P_NQ_5,0.193930387872007
age_70,20,P_NQ_6,0.192394595134967
age_70,20,P_NQ_7,0.146680920291511
age_70,20,P_NQ_8,0.124666518295766
age_70,20,P_NQ_9,0.127993815656338
age_70,20,P_NQ_10,0.12340452784613
age_70,20,P_NQ_11,0.110116985001731
age_70,20,P_NQ_12,0.0708023845148298
age_70,20,P_NQ_13,0.0507331406055446
age_70,20,P_NQ_14,0.0353725276953163
age_70,20,P_NQ_15,0.0135834873477785
age_70,20,P_NQ_16,0.00288744246427267
age_70,20,P_NQ_17,0.000304007657472791
age_70,20,L_NQ,2.13559942852895
age_70,20,pi_Q,0.3
age_70,20,pi_NQ,0.7
age_70,20,y,3.37236257195249
age_70,20,nbar,6.80621672965557
age_70,20,Ptot,3.54344332644033
age_70,20,Pret,0.248118487225649
age_70,20,H,261.185010071521
age_70,20,cCheck,4.44089209850063e-16
age_70,20,shareq,0.3
age_70,20,A,0.880846471
age_70,20,A_Q,2
age_70,20,xpop,0.995488912
age_70,20,h_Q_1,100
age_70,20,mig_Q_2,-0.219944382
age_70,20,med_Q_2,221.1727044
age_70,20,mig_Q_3,0.001620526
age_70,20,med_Q_3,-6.786172492
age_70,20,mig_Q_4,0.000951223
age_70,20,med_Q_4,-36.86336722
age_70,20,mig_Q_5,0.000526548
age_70,20,med_Q_5,-36.7958535
age_70,20,mig_Q_6,5.95025e-05
age_70,20,med_Q_6,-26.23734883
age_70,20,mig_Q_7,0.000232065
age_70,20,med_Q_7,-19.57324823
age_70,20,mig_Q_8,0.00033304
age_70,20,med_Q_8,-15.42918763
age_70,20,mig_Q_9,0.000441456
age_70,20,med_Q_9,-8.940720869
age_70,20,mig_Q_10,0.000657056
age_70,20,med_Q_10,-6.201617372
age_70,20,mig_Q_11,0.001600387
age_70,20,med_Q_11,-4.261308129
age_70,20,mig_Q_12,0.002236467
age_70,20,med_Q_12,-2.676231566
age_70,20,mig_Q_13,0.002852335
age_70,20,med_Q_13,-1.683113008
age_70,20,mig_Q_14,0.003472841
age_70,20,med_Q_14,-0.898747233
age_70,20,mig_Q_15,0.002058811
age_70,20,med_Q_15,-0.437782888
age_70,20,mig_Q_16,0.000580265
age_70,20,med_Q_16,-0.190199099
age_70,20,mig_Q_17,6.11608e-05
age_70,20,med_Q_17,-0.036826351
age_70,20,h_NQ_1,100
age_70,20,mig_NQ_2,-0.507773617
age_70,20,med_NQ_2,10.96451026
age_70,20,mig_NQ_3,0.00558514
age_70,20,med_NQ_3,0.747190421
age_70,20,mig_NQ_4,0.00425518
age_70,20,med_NQ_4,-4.310180115
age_70,20,mig_NQ_5,0.003811722
age_70,20,med_NQ_5,-11.81227004
age_70,20,mig_NQ_6,0.003555556
age_70,20,med_NQ_6,-9.425914777
age_70,20,mig_NQ_7,0.003917998
age_70,20,med_NQ_7,-6.295780771
age_70,20,mig_NQ_8,0.004623712
age_70,20,med_NQ_8,-5.290503786
age_70,20,mig_NQ_9,0.00589197
age_70,20,med_NQ_9,-3.207892632
age_70,20,mig_NQ_10,0.006998204
age_70,20,med_NQ_10,-2.549863066
age_70,20,mig_NQ_11,0.009112871
age_70,20,med_NQ_11,-2.012012224
age_70,20,mig_NQ_12,0.010241554
age_70,20,med_NQ_12,-1.818545746
age_70,20,mig_NQ_13,0.011728513
age_70,20,med_NQ_13,-1.164167376
age_70,20,mig_NQ_14,0.012426133
age_70,20,med_NQ_14,-0.633660052
age_70,20,mig_NQ_15,0.006542364
age_70,20,med_NQ_15,-0.312714292
age_70,20,mig_NQ_16,0.0017042
age_70,20,med_NQ_16,-0.136434235
age_70,20,mig_NQ_17,0.000182628
age_70,20,med_NQ_17,-0.023463775
age_70,21,beta_Q_2,0.997947299999981
age_70,21,beta_Q_3,0.997289700000371
age_70,21,beta_Q_4,0.995694699999859
age_70,21,beta_Q_5,0.992675200002161
age_70,21,beta_Q_6,0.988263100000314
age_70,21,beta_Q_7,0.983035299999275
age_70,21,beta_Q_8,0.975710000020468
age_70,21,beta_Q_9,0.963067400033811
age_70,21,beta_Q_10,0.942124400015136
age_70,21,beta_Q_11,0.902773200004358
age_70,21,beta_Q_12,0.83872012138729
age_70,21,beta_Q_13,0.721246836124307
age_70,21,beta_Q_14,0.542904303027185
age_70,21,beta_Q_15,0.338483501623465
age_70,21,beta_Q_16,0.208098202732715
age_70,21,beta_Q_17,0.124041184802996
age_70,21,h_Q_2,487.1632484
age_70,21,h_Q_3,368.962845492
age_70,21,h_Q_4,232.27185096676
age_70,21,h_Q_5,136.522498944507
age_70,21,h_Q_6,85.2013734396619
age_70,21,h_Q_7,58.9459288956597
age_70,21,h_Q_8,41.1692054690201
age_70,21,h_Q_9,27.0763499158527
age_70,21,h_Q_10,17.27843858451
age_70,21,h_Q_11,10.2852299987573
age_70,21,h_Q_12,6.20039682521891
age_70,21,h_Q_13,3.58740275906747
age_70,21,h_Q_14,2.18772567358236
age_70,21,h_Q_15,1.51167374817645
age_70,21,h_Q_16,1.26278283903532
age_70,21,h_Q_17,1.1416056824227
age_70,21,P_Q_1,0.3
age_70,21,P_Q_2,0.0779479507072097
age_70,21,P_Q_3,0.0843684854599265
age_70,21,P_Q_4,0.086304972581002
age_70,21,P_Q_5,0.0844090928830788
age_70,21,P_Q_6,0.0824385544339272
age_70,21,P_Q_7,0.081464236797116
age_70,21,P_Q_8,0.0617844325500232
age_70,21,P_Q_9,0.051761339522472
age_70,21,P_Q_10,0.0520161616154193
age_70,21,P_Q_11,0.0485687309258955
age_70,21,P_Q_12,0.0410272339104912
age_70,21,P_Q_13,0.0238991852654904
age_70,21,P_Q_14,0.0137862526727491
age_70,21,P_Q_15,0.00693893173209077
age_70,21,P_Q_16,0.0016386242986931
age_70,21,P_Q_17,0.000202575818326078
age_70,21,L_Q,1.24166239444357
age_70,21,beta_NQ_2,0.987508100006902
age_70,21,beta_NQ_3,0.983809800022365
age_70,21,beta_NQ_4,0.979681400004373
age_70,21,beta_NQ_5,0.970792700009611
age_70,21,beta_NQ_6,0.959805900050643
age_70,21,beta_NQ_7,0.950309499996999
age_70,21,beta_NQ_8,0.9389679003774
age_70,21,beta_NQ_9,0.920657802025191
age_70,21,beta_NQ_10,0.892753200037244
age_70,21,beta_NQ_11,0.845000008029515
age_70,21,beta_NQ_12,0.757092334522423
age_70,21,beta_NQ_13,0.613769218079616
age_70,21,beta_NQ_14,0.427249906787381
age_70,21,beta_NQ_15,0.245702599148123
age_70,21,beta_NQ_16,0.142008612502477
age_70,21,beta_NQ_17,0.0792838006000935
age_70,21,h_NQ_2,80.05187361
age_70,21,h_NQ_3,61.7657595348
age_70,21,h_NQ_4,49.215989287484
age_70,21,h_NQ_5,34.2380158386027
age_70,21,h_NQ_6,24.8792733337233
age_70,21,h_NQ_7,20.1245710931332
age_70,21,h_NQ_8,16.3848204403024
age_70,21,h_NQ_9,12.6036333702269
age_70,21,h_NQ_10,9.32428753436811
age_70,21,h_NQ_11,6.45161290630924
age_70,21,h_NQ_12,4.11679003560057
age_70,21,h_NQ_13,2.58912546863762
age_70,21,h_NQ_14,1.74596215561676
age_70,21,h_NQ_15,1.3257370328451
age_70,21,h_NQ_16,1.16551257727086
age_70,21,h_NQ_17,1.08611100851198
age_70,21,P_NQ_1,0.7
age_70,21,P_NQ_2,0.181878552127933
age_70,21,P_NQ_3,0.196859798064987
age_70,21,P_NQ_4,0.20137827105093
age_70,21,P_NQ_5,0.196954549494304
age_70,21,P_NQ_6,0.192356628764244
age_70,21,P_NQ_7,0.190083218787113
age_70,21,P_NQ_8,0.144163678115238
age_70,21,P_NQ_9,0.120776457217861
age_70,21,P_NQ_10,0.121371045766577
age_70,21,P_NQ_11,0.113327046257984
age_70,21,P_NQ_12,0.0957302286958505
age_70,21,P_NQ_13,0.0557647853016294
age_70,21,P_NQ_14,0.0321679055011255
age_70,21,P_NQ_15,0.016190825130127
age_70,21,P_NQ_16,0.00382347250288337
age_70,21,P_NQ_17,0.000472674197565924
age_70,21,L_NQ,2.18799124933205
age_70,21,pi_Q,0.3
age_70,21,pi_NQ,0.7
age_70,21,y,3.94416422560615
age_70,21,nbar,7.10173186460132
age_70,21,Ptot,3.66185589815026
age_70,21,Pret,0.291642695027022
age_70,21,H,275.572928251435
age_70,21,cCheck,-4.44089209850063e-16
age_70,21,shareq,0.3
age_70,21,A,1
age_70,21,A_Q,2
age_70,21,xpop,1
age_70,21,h_Q_1,100
age_70,21,mig_Q_2,-0.219763033
age_70,21,med_Q_2,389.1632484
age_70,21,mig_Q_3,0.001627892
age_70,21,med_Q_3,56.17359518
age_70,21,mig_Q_4,0.001226093
age_70,21,med_Q_4,-8.10686815
age_70,21,mig_Q_5,0.000676889
age_70,21,med_Q_5,-27.36806233
age_70,21,mig_Q_6,0.000356067
age_70,21,med_Q_6,-24.62962131
age_70,21,mig_Q_7,0.000472967
age_70,21,med_Q_7,-20.09142835
age_70,21,mig_Q_8,0.000690512
age_70,21,med_Q_8,-14.04268428
age_70,21,mig_Q_9,0.00071851
age_70,21,med_Q_9,-7.742467903
age_70,21,mig_Q_10,0.001097825
age_70,21,med_Q_10,-4.669164874
age_70,21,mig_Q_11,0.00176656
age_70,21,med_Q_11,-3.372107406
age_70,21,mig_Q_12,0.002751807
age_70,21,med_Q_12,-2.316580204
age_70,21,mig_Q_13,0.003180237
age_70,21,med_Q_13,-1.598896516
age_70,21,mig_Q_14,0.002955133
age_70,21,med_Q_14,-0.901858389
age_70,21,mig_Q_15,0.002220626
age_70,21,med_Q_15,-0.441090478
age_70,21,mig_Q_16,0.000711567
age_70,21,med_Q_16,-0.16006464
age_70,21,mig_Q_17,7.69802e-05
age_70,21,med_Q_17,-0.024018861
age_70,21,h_NQ_1,100
age_70,21,mig_NQ_2,-0.508568556
age_70,21,med_NQ_2,-17.94812639
age_70,21,mig_NQ_3,0.005270427
age_70,21,med_NQ_3,-45.01946052
age_70,21,mig_NQ_4,0.004698651
age_70,21,med_NQ_4,-34.75713931
age_70,21,mig_NQ_5,0.004108069
age_70,21,med_NQ_5,-30.31338486
age_70,21,mig_NQ_6,0.004092402
age_70,21,med_NQ_6,-20.1784051
age_70,21,mig_NQ_7,0.005121
age_70,21,med_NQ_7,-13.41697079
age_70,21,mig_NQ_8,0.005585265
age_70,21,med_NQ_8,-8.983472811
age_70,21,mig_NQ_9,0.005875728
age_70,21,med_NQ_9,-5.137455348
age_70,21,mig_NQ_10,0.007651638
age_70,21,med_NQ_10,-3.186036678
age_70,21,mig_NQ_11,0.009338123
age_70,21,med_NQ_11,-2.33571756
age_70,21,mig_NQ_12,0.012881832
age_70,21,med_NQ_12,-2.112036716
age_70,21,mig_NQ_13,0.012708418
age_70,21,med_NQ_13,-1.368345452
age_70,21,mig_NQ_14,0.010800185
age_70,21,med_NQ_14,-0.754805298
age_70,21,mig_NQ_15,0.007323273
age_70,21,med_NQ_15,-0.367358038
age_70,21,mig_NQ_16,0.002154237
age_70,21,med_NQ_16,-0.142357505
age_70,21,mig_NQ_17,0.00025248
age_70,21,med_NQ_17,-0.031190995
age_70,22,beta_Q_2,0.998280799999971
age_70,22,beta_Q_3,0.997731699999976
age_70,22,beta_Q_4,0.996375300000702
age_70,22,beta_Q_5,0.993893399999639
age_70,22,beta_Q_6,0.989472500323064
age_70,22,beta_Q_7,0.983741699997244
age_70,22,beta_Q_8,0.977087400001782
age_70,22,beta_Q_9,0.966488200428574
age_70,22,beta_Q_10,0.950223624515064
age_70,22,beta_Q_11,0.916742552309607
age_70,22,beta_Q_12,0.858567121265618
age_70,22,beta_Q_13,0.752188914642618
age_70,22,beta_Q_14,0.577905800097401
age_70,22,beta_Q_15,0.365396350457373
age_70,22,beta_Q_16,0.191576039975639
age_70,22,beta_Q_17,0.185962103794283
age_70,22,h_Q_2,581.6658911
age_70,22,h_Q_3,440.858792922
age_70,22,h_Q_4,275.88490087216
age_70,22,h_Q_5,163.757246247425
age_70,22,h_Q_6,94.989313735617
age_70,22,h_Q_7,61.5070456208687
age_70,22,h_Q_8,43.6441084777465
age_70,22,h_Q_9,29.8402354096397
age_70,22,h_Q_10,20.0898417965357
age_70,22,h_Q_11,12.0109299488199
age_70,22,h_Q_12,7.07049067078214
age_70,22,h_Q_13,4.03533175071454
age_70,22,h_Q_14,2.36913939588612
age_70,22,h_Q_15,1.57578161911071
age_70,22,h_Q_16,1.23697450221292
age_70,22,h_Q_17,1.22844403625461
age_70,22,P_Q_1,0.3043458798
age_70,22,P_Q_2,0.0753739649999943
age_70,22,P_Q_3,0.0801695203764368
age_70,22,P_Q_4,0.086004067819464
age_70,22,P_Q_5,0.0869474759180272
age_70,22,P_Q_6,0.0841801138008459
age_70,22,P_Q_7,0.0816496550894621
age_70,22,P_Q_8,0.0803410254869814
age_70,22,P_Q_9,0.0601671518185152
age_70,22,P_Q_10,0.0494825009415887
age_70,22,P_Q_11,0.0483919356734959
age_70,22,P_Q_12,0.0430212338977937
age_70,22,P_Q_13,0.0330275316528737
age_70,22,P_Q_14,0.0161896095194786
age_70,22,P_Q_15,0.00656592607893797
age_70,22,P_Q_16,0.00204585822233309
age_70,22,P_Q_17,0.000275074799456871
age_70,22,L_Q,1.27475675418079
age_70,22,beta_NQ_2,0.989546300000006
age_70,22,beta_NQ_3,0.986403899999229
age_70,22,beta_NQ_4,0.982873300000434
age_70,22,beta_NQ_5,0.975717099998542
age_70,22,beta_NQ_6,0.964047001348653
age_70,22,beta_NQ_7,0.952375900018
age_70,22,beta_NQ_8,0.942323100000106
age_70,22,beta_NQ_9,0.927806100634132
age_70,22,beta_NQ_10,0.907065229359897
age_70,22,beta_NQ_11,0.865680642477568
age_70,22,beta_NQ_12,0.783567210970732
age_70,22,beta_NQ_13,0.649617903700812
age_70,22,beta_NQ_14,0.461536900963361
age_70,22,beta_NQ_15,0.268777224537005
age_70,22,beta_NQ_16,0.131445915791123
age_70,22,beta_NQ_17,0.121206750107924
age_70,22,h_NQ_2,95.659909888
age_70,22,h_NQ_3,73.5505034488
age_70,22,h_NQ_4,58.388364368104
age_70,22,h_NQ_5,41.1812427647343
age_70,22,h_NQ_6,27.8140906188307
age_70,22,h_NQ_7,20.9977721440488
age_70,22,h_NQ_8,17.3379637232705
age_70,22,h_NQ_9,13.8515857924964
age_70,22,h_NQ_10,10.7602318998224
age_70,22,h_NQ_11,7.44494094268074
age_70,22,h_NQ_12,4.62037177618305
age_70,22,h_NQ_13,2.85402707088856
age_70,22,h_NQ_14,1.85713747426486
age_70,22,h_NQ_15,1.36757092650442
age_70,22,h_NQ_16,1.1513387551882
age_70,22,h_NQ_17,1.13791818872544
age_70,22,P_NQ_1,0.7101403862
age_70,22,P_NQ_2,0.175872585004831
age_70,22,P_NQ_3,0.187062214997339
age_70,22,P_NQ_4,0.200676156572885
age_70,22,P_NQ_5,0.202877445476799
age_70,22,P_NQ_6,0.196420263646449
age_70,22,P_NQ_7,0.190515864702057
age_70,22,P_NQ_8,0.187462392841514
age_70,22,P_NQ_9,0.140390023025442
age_70,22,P_NQ_10,0.115459166670406
age_70,22,P_NQ_11,0.112914517647308
age_70,22,P_NQ_12,0.100382875015988
age_70,22,P_NQ_13,0.077064247613235
age_70,22,P_NQ_14,0.0377757643221395
age_70,22,P_NQ_15,0.0153204229907777
age_70,22,P_NQ_16,0.00477366761199957
age_70,22,P_NQ_17,0.000641841431518546
age_70,22,L_NQ,2.24629323368106
age_70,22,pi_Q,0.3
age_70,22,pi_NQ,0.7
age_70,22,y,4.49820673946816
age_70,22,nbar,7.36960665825187
age_70,22,Ptot,3.79392836166637
age_70,22,Pret,0.337084053156532
age_70,22,H,305.891297794957
age_70,22,cCheck,0
age_70,22,shareq,0.3
age_70,22,A,1.111292532
age_70,22,A_Q,2
age_70,22,xpop,1.014486266
age_70,22,h_Q_1,100
age_70,22,mig_Q_2,-0.224010225
age_70,22,med_Q_2,483.6658911
age_70,22,mig_Q_3,0.002432832
age_70,22,med_Q_3,-36.56119051
age_70,22,mig_Q_4,0.001998814
age_70,22,med_Q_4,-85.69868771
age_70,22,mig_Q_5,0.00127467
age_70,22,med_Q_5,-63.8691677
age_70,22,mig_Q_6,0.000761722
age_70,22,med_Q_6,-38.80273523
age_70,22,mig_Q_7,0.000609646
age_70,22,med_Q_7,-21.99030035
age_70,22,mig_Q_8,0.000855555
age_70,22,med_Q_8,-14.12290184
age_70,22,mig_Q_9,0.000664579
age_70,22,med_Q_9,-10.50558595
age_70,22,mig_Q_10,0.00071688
age_70,22,med_Q_10,-6.444981121
age_70,22,mig_Q_11,0.001433139
age_70,22,med_Q_11,-4.921939864
age_70,22,mig_Q_12,0.002285662
age_70,22,med_Q_12,-3.009034728
age_70,22,mig_Q_13,0.003436769
age_70,22,med_Q_13,-2.041057138
age_70,22,mig_Q_14,0.003214639
age_70,22,med_Q_14,-1.146515308
age_70,22,mig_Q_15,0.001899507
age_70,22,med_Q_15,-0.568189541
age_70,22,mig_Q_16,0.000601879
age_70,22,med_Q_16,-0.244465771
age_70,22,mig_Q_17,7.18179e-05
age_70,22,med_Q_17,-0.009083146
age_70,22,h_NQ_1,100
age_70,22,mig_NQ_2,-0.515383085
age_70,22,med_NQ_2,-2.340090112
age_70,22,mig_NQ_3,0.008128313
age_70,22,med_NQ_3,-4.900332689
age_70,22,mig_NQ_4,0.007816274
age_70,22,med_NQ_4,-2.142079976
age_70,22,mig_NQ_5,0.00738089
age_70,22,med_NQ_5,-7.050426737
age_70,22,mig_NQ_6,0.007382125
age_70,22,med_NQ_6,-5.739164903
age_70,22,mig_NQ_7,0.007717533
age_70,22,med_NQ_7,-3.383915723
age_70,22,mig_NQ_8,0.008980352
age_70,22,med_NQ_8,-2.384115948
age_70,22,mig_NQ_9,0.007664608
age_70,22,med_NQ_9,-2.205538239
age_70,22,mig_NQ_10,0.007635598
age_70,22,med_NQ_10,-1.591328803
age_70,22,mig_NQ_11,0.010355983
age_70,22,med_NQ_11,-1.692860841
age_70,22,mig_NQ_12,0.014583837
age_70,22,med_NQ_12,-1.702208872
age_70,22,mig_NQ_13,0.01830798
age_70,22,med_NQ_13,-1.180427164
age_70,22,mig_NQ_14,0.013950265
age_70,22,med_NQ_14,-0.680205485
age_70,22,mig_NQ_15,0.007416685
age_70,22,med_NQ_15,-0.343471986
age_70,22,mig_NQ_16,0.002474431
age_70,22,med_NQ_16,-0.147883537
age_70,22,mig_NQ_17,0.000338702
age_70,22,med_NQ_17,-0.004284137
age_70,23,beta_Q_2,0.998437700016199
age_70,23,beta_Q_3,0.998043699999944
age_70,23,beta_Q_4,0.996854699999507
age_70,23,beta_Q_5,0.994779900001327
age_70,23,beta_Q_6,0.991028999998848
age_70,23,beta_Q_7,0.985176100121917
age_70,23,beta_Q_8,0.97780249999603
age_70,23,beta_Q_9,0.968116499992645
age_70,23,beta_Q_10,0.954185100205531
age_70,23,beta_Q_11,0.926734308891795
age_70,23,beta_Q_12,0.875713916351136
age_70,23,beta_Q_13,0.773751701546988
age_70,23,beta_Q_14,0.603063500074324
age_70,23,beta_Q_15,0.383542360896424
age_70,23,beta_Q_16,0.199860006922652
age_70,23,beta_Q_17,0.126764098806548
age_70,23,h_Q_2,640.0819305
age_70,23,h_Q_3,511.169043588
age_70,23,h_Q_4,317.93469616356
age_70,23,h_Q_5,191.567211404717
age_70,23,h_Q_6,111.470293152476
age_70,23,h_Q_7,67.4586310309047
age_70,23,h_Q_8,45.0501182484513
age_70,23,h_Q_9,31.3641852281916
age_70,23,h_Q_10,21.8269602544469
age_70,23,h_Q_11,13.648951715605
age_70,23,h_Q_12,8.04595204384345
age_70,23,h_Q_13,4.4199227133665
age_70,23,h_Q_14,2.51929464770024
age_70,23,h_Q_15,1.6221702609684
age_70,23,h_Q_16,1.2497812847285
age_70,23,h_Q_17,1.14516592616867
age_70,23,P_Q_1,0.3077841666
age_70,23,P_Q_2,0.075935203363439
age_70,23,P_Q_3,0.077418532235183
age_70,23,P_Q_4,0.0820643909159847
age_70,23,P_Q_5,0.0867295713788866
age_70,23,P_Q_6,0.0866535193933899
age_70,23,P_Q_7,0.0832293902564056
age_70,23,P_Q_8,0.0800970432024048
age_70,23,P_Q_9,0.0776902875434989
age_70,23,P_Q_10,0.0572552912777376
age_70,23,P_Q_11,0.0460322822078545
age_70,23,P_Q_12,0.0431010799036644
age_70,23,P_Q_13,0.0350225232321677
age_70,23,P_Q_14,0.0226562281050962
age_70,23,P_Q_15,0.00835774423374745
age_70,23,P_Q_16,0.00203479611697571
age_70,23,P_Q_17,0.000373700419089895
age_70,23,L_Q,1.30358659796779
age_70,23,beta_NQ_2,0.990472600076074
age_70,23,beta_NQ_3,0.988217199999898
age_70,23,beta_NQ_4,0.985088499999103
age_70,23,beta_NQ_5,0.979207900000741
age_70,23,beta_NQ_6,0.969464399997845
age_70,23,beta_NQ_7,0.956664600400181
age_70,23,beta_NQ_8,0.944183200024705
age_70,23,beta_NQ_9,0.931204399992527
age_70,23,beta_NQ_10,0.914147900140892
age_70,23,beta_NQ_11,0.88096120871536
age_70,23,beta_NQ_12,0.807341310491864
age_70,23,beta_NQ_13,0.675434200748707
age_70,23,beta_NQ_14,0.486570798834349
age_70,23,beta_NQ_15,0.283754838344068
age_70,23,beta_NQ_16,0.137884601826712
age_70,23,beta_NQ_17,0.0815321951115927
age_70,23,h_NQ_2,104.960429918
age_70,23,h_NQ_3,84.86947075324
age_70,23,h_NQ_4,67.062334435824
age_70,23,h_NQ_5,48.0951900017419
age_70,23,h_NQ_6,32.7486605774396
age_70,23,h_NQ_7,23.0758225384541
age_70,23,h_NQ_8,17.9157529711678
age_70,23,h_NQ_9,14.5358133348051
age_70,23,h_NQ_10,11.6479387166465
age_70,23,h_NQ_11,8.40062231382592
age_70,23,h_NQ_12,5.19052604782713
age_70,23,h_NQ_13,3.08103934765939
age_70,23,h_NQ_14,1.94768820647079
age_70,23,h_NQ_15,1.39616972277957
age_70,23,h_NQ_16,1.15993751997433
age_70,23,h_NQ_17,1.08876599908443
age_70,23,P_NQ_1,0.7181630554
age_70,23,P_NQ_2,0.177182140644785
age_70,23,P_NQ_3,0.180643240751711
age_70,23,P_NQ_4,0.191483580559826
age_70,23,P_NQ_5,0.202368999530148
age_70,23,P_NQ_6,0.202191544953183
age_70,23,P_NQ_7,0.19420190737206
age_70,23,P_NQ_8,0.186893102225243
age_70,23,P_NQ_9,0.181277337717829
age_70,23,P_NQ_10,0.133595682435414
age_70,23,P_NQ_11,0.107408654583162
age_70,23,P_NQ_12,0.100569185671007
age_70,23,P_NQ_13,0.0817192148353464
age_70,23,P_NQ_14,0.0528645340184855
age_70,23,P_NQ_15,0.0195013550892687
age_70,23,P_NQ_16,0.00474784203033016
age_70,23,P_NQ_17,0.000871989737345923
age_70,23,L_NQ,2.29752089742262
age_70,23,pi_Q,0.3
age_70,23,pi_NQ,0.7
age_70,23,y,4.81652479396456
age_70,23,nbar,7.69594480022073
age_70,23,Ptot,3.90811911794067
age_70,23,Pret,0.371820193392525
age_70,23,H,332.723149686076
age_70,23,cCheck,4.44089209850063e-16
age_70,23,shareq,0.3
age_70,23,A,1.154384374
age_70,23,A_Q,2
age_70,23,xpop,1.025947222
age_70,23,h_Q_1,100
age_70,23,mig_Q_2,-0.227887445
age_70,23,med_Q_2,542.0819305
age_70,23,mig_Q_3,0.002215538
age_70,23,med_Q_3,-58.86352969
age_70,23,mig_Q_4,0.002185461
age_70,23,med_Q_4,-114.1069209
age_70,23,mig_Q_5,0.001250696
age_70,23,med_Q_5,-78.79999145
age_70,23,mig_Q_6,0.000621383
age_70,23,med_Q_6,-49.01180817
age_70,23,mig_Q_7,0.000417902
age_70,23,med_Q_7,-25.63089643
age_70,23,mig_Q_8,0.000318194
age_70,23,med_Q_8,-15.22678646
age_70,23,mig_Q_9,4.16344e-05
age_70,23,med_Q_9,-11.40704108
age_70,23,mig_Q_10,8.30422e-05
age_70,23,med_Q_10,-7.416470447
age_70,23,mig_Q_11,0.000669568
age_70,23,med_Q_11,-6.039093245
age_70,23,mig_Q_12,0.001553355
age_70,23,med_Q_12,-3.724759306
age_70,23,mig_Q_13,0.002662428
age_70,23,med_Q_13,-2.509158144
age_70,23,mig_Q_14,0.003569426
age_70,23,med_Q_14,-1.435330468
age_70,23,mig_Q_15,0.00244212
age_70,23,med_Q_15,-0.699586347
age_70,23,mig_Q_16,0.000776922
age_70,23,med_Q_16,-0.294484702
age_70,23,mig_Q_17,-6.75168e-06
age_70,23,med_Q_17,-0.067069086
age_70,23,h_NQ_1,100
age_70,23,mig_NQ_2,-0.525534651
age_70,23,med_NQ_2,6.960429918
age_70,23,mig_NQ_3,0.007161837
age_70,23,med_NQ_3,-8.877240937
age_70,23,mig_NQ_4,0.007625124
age_70,23,med_NQ_4,-5.017158944
age_70,23,mig_NQ_5,0.006565842
age_70,23,med_NQ_5,-9.125407079
age_70,23,mig_NQ_6,0.006608152
age_70,23,med_NQ_6,-7.608957332
age_70,23,mig_NQ_7,0.007135982
age_70,23,med_NQ_7,-4.181986268
age_70,23,mig_NQ_8,0.007365602
age_70,23,med_NQ_8,-2.66206373
age_70,23,mig_NQ_9,0.007348586
age_70,23,med_NQ_9,-2.455391114
age_70,23,mig_NQ_10,0.006252774
age_70,23,med_NQ_10,-1.92661536
age_70,23,mig_NQ_11,0.007457889
age_70,23,med_NQ_11,-2.144404948
age_70,23,mig_NQ_12,0.012093072
age_70,23,med_NQ_12,-2.105516076
age_70,23,mig_NQ_13,0.016508702
age_70,23,med_NQ_13,-1.446924993
age_70,23,mig_NQ_14,0.01729654
age_70,23,med_NQ_14,-0.849258323
age_70,23,mig_NQ_15,0.00934809
age_70,23,med_NQ_15,-0.423825002
age_70,23,mig_NQ_16,0.002734035
age_70,23,med_NQ_16,-0.180281988
age_70,23,mig_NQ_17,0.000293389
age_70,23,med_NQ_17,-0.039545981
age_70,24,beta_Q_2,0.998567900006669
age_70,24,beta_Q_3,0.998121900000046
age_70,24,beta_Q_4,0.99717630000021
age_70,24,beta_Q_5,0.995330300172894
age_70,24,beta_Q_6,0.992001400384707
age_70,24,beta_Q_7,0.986972899997076
age_70,24,beta_Q_8,0.979117000019634
age_70,24,beta_Q_9,0.968275900014148
age_70,24,beta_Q_10,0.955263415083006
age_70,24,beta_Q_11,0.930171300143746
age_70,24,beta_Q_12,0.885025600511386
age_70,24,beta_Q_13,0.790376500426461
age_70,24,beta_Q_14,0.617163904442869
age_70,24,beta_Q_15,0.391218915190549
age_70,24,beta_Q_16,0.198171666851347
age_70,24,beta_Q_17,0.161492363992731
age_70,24,h_Q_2,698.2752601
age_70,24,h_Q_3,532.45301103
age_70,24,h_Q_4,354.14527041624
age_70,24,h_Q_5,214.146519000289
age_70,24,h_Q_6,125.021878876622
age_70,24,h_Q_7,76.7630554594268
age_70,24,h_Q_8,47.8858401902866
age_70,24,h_Q_9,31.5217768134823
age_70,24,h_Q_10,22.3530621376278
age_70,24,h_Q_11,14.320759258358
age_70,24,h_Q_12,8.69758835529285
age_70,24,h_Q_13,4.77045751296658
age_70,24,h_Q_14,2.61207909009917
age_70,24,h_Q_15,1.64262655274624
age_70,24,h_Q_16,1.24714419074903
age_70,24,h_Q_17,1.19259147503393
age_70,24,P_Q_1,0.3120516879
age_70,24,P_Q_2,0.0746465224015065
age_70,24,P_Q_3,0.0782214153250949
age_70,24,P_Q_4,0.0796326387257055
age_70,24,P_Q_5,0.082838589589073
age_70,24,P_Q_6,0.0864514913939466
age_70,24,P_Q_7,0.0856854032978187
age_70,24,P_Q_8,0.0817680948658586
age_70,24,P_Q_9,0.0778115231248719
age_70,24,P_Q_10,0.07441611680469
age_70,24,P_Q_11,0.0537302147926726
age_70,24,P_Q_12,0.041595451130821
age_70,24,P_Q_13,0.035971618913973
age_70,24,P_Q_14,0.0248794754418253
age_70,24,P_Q_15,0.0119913822164365
age_70,24,P_Q_16,0.00284669982041452
age_70,24,P_Q_17,0.000390309096023489
age_70,24,L_Q,1.33411347509903
age_70,24,beta_NQ_2,0.991275700044955
age_70,24,beta_NQ_3,0.988687700000473
age_70,24,beta_NQ_4,0.986582100316149
age_70,24,beta_NQ_5,0.9813840006486
age_70,24,beta_NQ_6,0.972817001453876
age_70,24,beta_NQ_7,0.962049706233961
age_70,24,beta_NQ_8,0.947720700025409
age_70,24,beta_NQ_9,0.931685400202676
age_70,24,beta_NQ_10,0.916191929635411
age_70,24,beta_NQ_11,0.886391599929464
age_70,24,beta_NQ_12,0.82058520000954
age_70,24,beta_NQ_13,0.695844900463616
age_70,24,beta_NQ_14,0.500897139322672
age_70,24,beta_NQ_15,0.290317903067518
age_70,24,beta_NQ_16,0.136720974510348
age_70,24,beta_NQ_17,0.103768538782001
age_70,24,h_NQ_2,114.62237658
age_70,24,h_NQ_3,88.39935291964
age_70,24,h_NQ_4,74.5273105321752
age_70,24,h_NQ_5,53.7172324871075
age_70,24,h_NQ_6,36.7876981917071
age_70,24,h_NQ_7,26.3502528278908
age_70,24,h_NQ_8,19.128029641685
age_70,24,h_NQ_9,14.6381593467445
age_70,24,h_NQ_10,11.932020888109
age_70,24,h_NQ_11,8.80216603131353
age_70,24,h_NQ_12,5.5736761915494
age_70,24,h_NQ_13,3.28779626287059
age_70,24,h_NQ_14,2.0035936477062
age_70,24,h_NQ_15,1.40908161134137
age_70,24,h_NQ_16,1.15837191532398
age_70,24,h_NQ_17,1.11578276857485
age_70,24,P_NQ_1,0.7281206051
age_70,24,P_NQ_2,0.174175218760615
age_70,24,P_NQ_3,0.182516634917978
age_70,24,P_NQ_4,0.18580948806708
age_70,24,P_NQ_5,0.193290045804609
age_70,24,P_NQ_6,0.201720145707659
age_70,24,P_NQ_7,0.199932606556932
age_70,24,P_NQ_8,0.190792220353453
age_70,24,P_NQ_9,0.181560223120399
age_70,24,P_NQ_10,0.173637605617885
age_70,24,P_NQ_11,0.125370502877456
age_70,24,P_NQ_12,0.097056049949338
age_70,24,P_NQ_13,0.0839337765436449
age_70,24,P_NQ_14,0.0580521036425503
age_70,24,P_NQ_15,0.0279798753045498
age_70,24,P_NQ_16,0.00664228858156514
age_70,24,P_NQ_17,0.000910733982775899
age_70,24,L_NQ,2.3517619342262
age_70,24,pi_Q,0.3
age_70,24,pi_NQ,0.7
age_70,24,y,5.25656163235192
age_70,24,nbar,8.01045582154131
age_70,24,Ptot,4.01642875972922
age_70,24,Pret,0.392249764623918
age_70,24,H,352.419651928746
age_70,24,cCheck,0
age_70,24,shareq,0.3
age_70,24,A,1.225015828
age_70,24,A_Q,2
age_70,24,xpop,1.040172293
age_70,24,h_Q_1,100
age_70,24,mig_Q_2,-0.232656793
age_70,24,med_Q_2,600.2752601
age_70,24,mig_Q_3,0.002434764
age_70,24,med_Q_3,-94.82728086
age_70,24,mig_Q_4,0.002457611
age_70,24,med_Q_4,-146.8003923
age_70,24,mig_Q_5,0.001202583
age_70,24,med_Q_5,-97.42948324
age_70,24,mig_Q_6,0.000499971
age_70,24,med_Q_6,-62.7139883
age_70,24,mig_Q_7,0.000316427
age_70,24,med_Q_7,-32.47783183
age_70,24,mig_Q_8,0.000386189
age_70,24,med_Q_8,-18.22361822
age_70,24,mig_Q_9,0.000268254
age_70,24,med_Q_9,-12.62733907
age_70,24,mig_Q_10,0.000285202
age_70,24,med_Q_10,-8.383839386
age_70,24,mig_Q_11,0.000669772
age_70,24,med_Q_11,-7.069661791
age_70,24,mig_Q_12,0.001284341
age_70,24,med_Q_12,-4.678384326
age_70,24,mig_Q_13,0.002622085
age_70,24,med_Q_13,-3.11457549
age_70,24,mig_Q_14,0.00375867
age_70,24,med_Q_14,-1.719445169
age_70,24,mig_Q_15,0.003301759
age_70,24,med_Q_15,-0.826282202
age_70,24,mig_Q_16,0.001176321
age_70,24,med_Q_16,-0.342582665
age_70,24,mig_Q_17,0.00013237
age_70,24,med_Q_17,-0.032194184
age_70,24,h_NQ_1,100
age_70,24,mig_NQ_2,-0.53714561
age_70,24,med_NQ_2,16.62237658
age_70,24,mig_NQ_3,0.007422196
age_70,24,med_NQ_3,-14.4618684
age_70,24,mig_NQ_4,0.007859909
age_70,24,med_NQ_4,-8.644770806
age_70,24,mig_NQ_5,0.005787811
age_70,24,med_NQ_5,-12.00385526
age_70,24,mig_NQ_6,0.005530605
age_70,24,med_NQ_6,-10.34558801
age_70,24,mig_NQ_7,0.006503113
age_70,24,med_NQ_7,-5.743434538
age_70,24,mig_NQ_8,0.007430042
age_70,24,med_NQ_8,-3.486276446
age_70,24,mig_NQ_9,0.007524544
age_70,24,med_NQ_9,-2.919278565
age_70,24,mig_NQ_10,0.007923308
age_70,24,med_NQ_10,-2.31307618
age_70,24,mig_NQ_11,0.007677889
age_70,24,med_NQ_11,-2.612813911
age_70,24,mig_NQ_12,0.010340606
age_70,24,med_NQ_12,-2.658933676
age_70,24,mig_NQ_13,0.016005909
age_70,24,med_NQ_13,-1.798919264
age_70,24,mig_NQ_14,0.01828992
age_70,24,med_NQ_14,-1.015824913
age_70,24,mig_NQ_15,0.012979308
age_70,24,med_NQ_15,-0.499652831
age_70,24,mig_NQ_16,0.003953352
age_70,24,med_NQ_16,-0.209874413
age_70,24,mig_NQ_17,0.000523632
age_70,24,med_NQ_17,-0.020956001
age_70,25,beta_Q_2,0.998632799999955
age_70,25,beta_Q_3,0.998197499999996
age_70,25,beta_Q_4,0.997334600000127
age_70,25,beta_Q_5,0.995742200032309
age_70,25,beta_Q_6,0.992592800009731
age_70,25,beta_Q_7,0.987996600040646
age_70,25,beta_Q_8,0.980881900094676
age_70,25,beta_Q_9,0.969825600035104
age_70,25,beta_Q_10,0.955121599992046
age_70,25,beta_Q_11,0.930302299960104
age_70,25,beta_Q_12,0.88686100819419
age_70,25,beta_Q_13,0.801346400895735
age_70,25,beta_Q_14,0.630152162749872
age_70,25,beta_Q_15,0.401319548696717
age_70,25,beta_Q_16,0.209842137382246
age_70,25,beta_Q_17,0.141344056412864
age_70,25,h_Q_2,731.4218841
age_70,25,h_Q_3,554.785020798
age_70,25,h_Q_4,375.1782096094
age_70,25,h_Q_5,234.863074807915
age_70,25,h_Q_6,135.003780060283
age_70,25,h_Q_7,83.30972895909
age_70,25,h_Q_8,52.3064530302383
age_70,25,h_Q_9,33.1406755764809
age_70,25,h_Q_10,22.2824343052127
age_70,25,h_Q_11,14.3476757398752
age_70,25,h_Q_12,8.83868518519084
age_70,25,h_Q_13,5.033888157187
age_70,25,h_Q_14,2.70381053670725
age_70,25,h_Q_15,1.67034002329719
age_70,25,h_Q_16,1.26556983069131
age_70,25,h_Q_17,1.16461046393405
age_70,25,P_Q_1,0.306880497
age_70,25,P_Q_2,0.0703933366798395
age_70,25,P_Q_3,0.0768607277677877
age_70,25,P_Q_4,0.0803230335146578
age_70,25,P_Q_5,0.0802344772064161
age_70,25,P_Q_6,0.0823301268782545
age_70,25,P_Q_7,0.0851402141701557
age_70,25,P_Q_8,0.0839215743224328
age_70,25,P_Q_9,0.0793560346486815
age_70,25,P_Q_10,0.0744058763130754
age_70,25,P_Q_11,0.0696131771198673
age_70,25,P_Q_12,0.0486338866124909
age_70,25,P_Q_13,0.0350861410984382
age_70,25,P_Q_14,0.0261296827780785
age_70,25,P_Q_15,0.0135357483928608
age_70,25,P_Q_16,0.00411624920168282
age_70,25,P_Q_17,0.000597353283576423
age_70,25,L_Q,1.3356079435953
age_70,25,beta_NQ_2,0.991690600000529
age_70,25,beta_NQ_3,0.989144200000644
age_70,25,beta_NQ_4,0.987363000003173
age_70,25,beta_NQ_5,0.983010700120059
age_70,25,beta_NQ_6,0.974850500042407
age_70,25,beta_NQ_7,0.965107800119121
age_70,25,beta_NQ_8,0.952190900273821
age_70,25,beta_NQ_9,0.935068400007744
age_70,25,beta_NQ_10,0.916035200054267
age_70,25,beta_NQ_11,0.886647899968915
age_70,25,beta_NQ_12,0.823275109295727
age_70,25,beta_NQ_13,0.709672299606467
age_70,25,beta_NQ_14,0.514614910536279
age_70,25,beta_NQ_15,0.299465121496327
age_70,25,beta_NQ_16,0.146564112237895
age_70,25,beta_NQ_17,0.0942485130586051
age_70,25,h_NQ_2,120.34563266
age_70,25,h_NQ_3,92.1166565384
age_70,25,h_NQ_4,79.1327055502472
age_70,25,h_NQ_5,58.8605769515317
age_70,25,h_NQ_6,39.7622219073654
age_70,25,h_NQ_7,28.6597004468729
age_70,25,h_NQ_8,20.916520074333
age_70,25,h_NQ_9,15.4008217888513
age_70,25,h_NQ_10,11.9097526658096
age_70,25,h_NQ_11,8.82206857834684
age_70,25,h_NQ_12,5.65851217868726
age_70,25,h_NQ_13,3.44438370371842
age_70,25,h_NQ_14,2.06021854361317
age_70,25,h_NQ_15,1.42748063175208
age_70,25,h_NQ_16,1.17173415911455
age_70,25,h_NQ_17,1.1040555850175
age_70,25,P_NQ_1,0.716054493
age_70,25,P_NQ_2,0.164251119537659
age_70,25,P_NQ_3,0.179341696433512
age_70,25,P_NQ_4,0.187420410020014
age_70,25,P_NQ_5,0.187213776757739
age_70,25,P_NQ_6,0.192103631770522
age_70,25,P_NQ_7,0.198660499919526
age_70,25,P_NQ_8,0.19581700584404
age_70,25,P_NQ_9,0.185164078175564
age_70,25,P_NQ_10,0.173613715165714
age_70,25,P_NQ_11,0.162430745051558
age_70,25,P_NQ_12,0.113479071178993
age_70,25,P_NQ_13,0.0818676604163889
age_70,25,P_NQ_14,0.0609692275632601
age_70,25,P_NQ_15,0.0315834099981634
age_70,25,P_NQ_16,0.00960452181831608
age_70,25,P_NQ_17,0.00139380758027739
age_70,25,L_NQ,2.35461754747265
age_70,25,pi_Q,0.3
age_70,25,pi_NQ,0.7
age_70,25,y,5.72985982208106
age_70,25,nbar,8.11257317654393
age_70,25,Ptot,4.05852700721954
age_70,25,Pret,0.426996759922527
age_70,25,H,359.203680577184
age_70,25,cCheck,-8.88178419700125e-16
age_70,25,shareq,0.3
age_70,25,A,1.323527466
age_70,25,A_Q,2
age_70,25,xpop,1.02293499
age_70,25,h_Q_1,100
age_70,25,mig_Q_2,-0.241211462
age_70,25,med_Q_2,633.4218841
age_70,25,mig_Q_3,0.002354399
age_70,25,med_Q_3,-129.5247341
age_70,25,mig_Q_4,0.002322492
age_70,25,med_Q_4,-146.6257412
age_70,25,mig_Q_5,0.000973699
age_70,25,med_Q_5,-112.1992902
age_70,25,mig_Q_6,0.00015413
age_70,25,med_Q_6,-74.85980856
age_70,25,mig_Q_7,-0.000185065
age_70,25,med_Q_7,-39.21171234
age_70,25,mig_Q_8,2.55393e-05
age_70,25,med_Q_8,-22.92134132
age_70,25,mig_Q_9,0.000181959
age_70,25,med_Q_9,-13.78744781
age_70,25,mig_Q_10,7.5375e-05
age_70,25,med_Q_10,-8.608906972
age_70,25,mig_Q_11,0.000393441
age_70,25,med_Q_11,-7.558325155
age_70,25,mig_Q_12,0.001081271
age_70,25,med_Q_12,-5.195658888
age_70,25,mig_Q_13,0.002210074
age_70,25,med_Q_13,-3.489748431
age_70,25,mig_Q_14,0.003929298
age_70,25,med_Q_14,-1.971237826
age_70,25,mig_Q_15,0.003802427
age_70,25,med_Q_15,-0.889497485
age_70,25,mig_Q_16,0.001739897
age_70,25,med_Q_16,-0.344204191
age_70,25,mig_Q_17,0.000137633
age_70,25,med_Q_17,-0.057590843
age_70,25,h_NQ_1,100
age_70,25,mig_NQ_2,-0.557517143
age_70,25,med_NQ_2,22.34563266
age_70,25,mig_NQ_3,0.0071368
age_70,25,med_NQ_3,-20.21327251
age_70,25,mig_NQ_4,0.007352765
age_70,25,med_NQ_4,-7.498660311
age_70,25,mig_NQ_5,0.004863318
age_70,25,med_NQ_5,-14.17618737
age_70,25,mig_NQ_6,0.004067789
age_70,25,med_NQ_6,-12.88066593
age_70,25,mig_NQ_7,0.004595693
age_70,25,med_NQ_7,-7.392243781
age_70,25,mig_NQ_8,0.006336736
age_70,25,med_NQ_8,-4.906727697
age_70,25,mig_NQ_9,0.007405752
age_70,25,med_NQ_9,-3.34464726
age_70,25,mig_NQ_10,0.007269704
age_70,25,med_NQ_10,-2.435643494
age_70,25,mig_NQ_11,0.00851983
age_70,25,med_NQ_11,-2.871311892
age_70,25,mig_NQ_12,0.010601892
age_70,25,med_NQ_12,-2.967610532
age_70,25,mig_NQ_13,0.014331703
age_70,25,med_NQ_13,-2.017818964
age_70,25,mig_NQ_14,0.018927039
age_70,25,med_NQ_14,-1.161821794
age_70,25,mig_NQ_15,0.014729845
age_70,25,med_NQ_15,-0.536041143
age_70,25,mig_NQ_16,0.005779086
age_70,25,med_NQ_16,-0.20916582
age_70,25,mig_NQ_17,0.000704547
age_70,25,med_NQ_17,-0.031148892
age_70,26,beta_Q_2,0.998746800005888
age_70,26,beta_Q_3,0.998359100014445
age_70,26,beta_Q_4,0.997555300010877
age_70,26,beta_Q_5,0.996150600061289
age_70,26,beta_Q_6,0.993290900091443
age_70,26,beta_Q_7,0.989111500126182
age_70,26,beta_Q_8,0.982749500339779
age_70,26,beta_Q_9,0.972941300825321
age_70,26,beta_Q_10,0.958661900182128
age_70,26,beta_Q_11,0.933837099979108
age_70,26,beta_Q_12,0.893199999924377
age_70,26,beta_Q_13,0.817945501768439
age_70,26,beta_Q_14,0.655981402941068
age_70,26,beta_Q_15,0.425457089935023
age_70,26,beta_Q_16,0.229895454642405
age_70,26,beta_Q_17,0.13414440357822
age_70,26,h_Q_2,797.9572295
age_70,26,h_Q_3,609.421658818
age_70,26,h_Q_4,409.04814498204
age_70,26,h_Q_5,259.780745017212
age_70,26,h_Q_6,149.051288531757
age_70,26,h_Q_7,91.8400146490773
age_70,26,h_Q_8,57.9693342699082
age_70,26,h_Q_9,36.9566904396335
age_70,26,h_Q_10,24.1907586829512
age_70,26,h_Q_11,15.1142105261084
age_70,26,h_Q_12,9.36329587207771
age_70,26,h_Q_13,5.49286068148702
age_70,26,h_Q_14,2.90681959504325
age_70,26,h_Q_15,1.74050861697311
age_70,26,h_Q_16,1.29852439683124
age_70,26,h_Q_17,1.15492698707749
age_70,26,P_Q_1,0.2996055927
age_70,26,P_Q_2,0.0720767969844878
age_70,26,P_Q_3,0.0725911786904739
age_70,26,P_Q_4,0.0789499371840052
age_70,26,P_Q_5,0.0809808051051543
age_70,26,P_Q_6,0.0798368423876335
age_70,26,P_Q_7,0.0812278714366304
age_70,26,P_Q_8,0.08359848114969
age_70,26,P_Q_9,0.0817341181731439
age_70,26,P_Q_10,0.0761853687826729
age_70,26,P_Q_11,0.069820434864601
age_70,26,P_Q_12,0.0632045634441262
age_70,26,P_Q_13,0.0415488109984908
age_70,26,P_Q_14,0.026156368695728
age_70,26,P_Q_15,0.0147364645000868
age_70,26,P_Q_16,0.00488484737382621
age_70,26,P_Q_17,0.000902009359372062
age_70,26,L_Q,1.31947772691482
age_70,26,beta_NQ_2,0.992391500039615
age_70,26,beta_NQ_3,0.990140600107284
age_70,26,beta_NQ_4,0.98845960007728
age_70,26,beta_NQ_5,0.984706600350459
age_70,26,beta_NQ_6,0.977306500425687
age_70,26,beta_NQ_7,0.968419300456607
age_70,26,beta_NQ_8,0.956882800844418
age_70,26,beta_NQ_9,0.941672201565522
age_70,26,beta_NQ_10,0.922522700192275
age_70,26,beta_NQ_11,0.89228950009065
age_70,26,beta_NQ_12,0.832520399951811
age_70,26,beta_NQ_13,0.730823999974737
age_70,26,beta_NQ_14,0.541515399137528
age_70,26,beta_NQ_15,0.319759640465486
age_70,26,beta_NQ_16,0.161053376295915
age_70,26,beta_NQ_17,0.0911675967833154
age_70,26,h_NQ_2,131.43195111
age_70,26,h_NQ_3,101.4260502668
age_70,26,h_NQ_4,86.652109116632
age_70,26,h_NQ_5,65.3876835792422
age_70,26,h_NQ_6,44.0654813025011
age_70,26,h_NQ_7,31.6649092592181
age_70,26,h_NQ_8,23.1926006309355
age_70,26,h_NQ_9,17.1444834168463
age_70,26,h_NQ_10,12.9070063110742
age_70,26,h_NQ_11,9.28414593549341
age_70,26,h_NQ_12,5.9708764507799
age_70,26,h_NQ_13,3.71504145411351
age_70,26,h_NQ_14,2.18109833564405
age_70,26,h_NQ_15,1.47006744574091
age_70,26,h_NQ_16,1.19197083911704
age_70,26,h_NQ_17,1.10031288093226
age_70,26,P_NQ_1,0.6990797163
age_70,26,P_NQ_2,0.168179191796244
age_70,26,P_NQ_3,0.169379417234288
age_70,26,P_NQ_4,0.184216517416251
age_70,26,P_NQ_5,0.188955213470563
age_70,26,P_NQ_6,0.18628596288711
age_70,26,P_NQ_7,0.189531702452943
age_70,26,P_NQ_8,0.19506312326722
age_70,26,P_NQ_9,0.190712941348894
age_70,26,P_NQ_10,0.177765859394416
age_70,26,P_NQ_11,0.162914353957482
age_70,26,P_NQ_12,0.147477312385308
age_70,26,P_NQ_13,0.0969472264008023
age_70,26,P_NQ_14,0.0610315057409944
age_70,26,P_NQ_15,0.0343850651397689
age_70,26,P_NQ_16,0.0113979774478263
age_70,26,P_NQ_17,0.00210467590001522
age_70,26,L_NQ,2.32639743427186
age_70,26,pi_Q,0.3
age_70,26,pi_NQ,0.7
age_70,26,y,5.93550692302196
age_70,26,nbar,8.04558122606331
age_70,26,Ptot,4.09346825437025
age_70,26,Pret,0.504776827386345
age_70,26,H,378.490358992164
age_70,26,cCheck,-4.44089209850063e-16
age_70,26,shareq,0.3
age_70,26,A,1.379010647
age_70,26,A_Q,2
age_70,26,xpop,0.998685309
age_70,26,h_Q_1,100
age_70,26,mig_Q_2,-0.234384133
age_70,26,med_Q_2,699.9572295
age_70,26,mig_Q_3,0.002324726
age_70,26,med_Q_3,-107.3717876
age_70,26,mig_Q_4,0.002294074
age_70,26,med_Q_4,-134.6411754
age_70,26,mig_Q_5,0.000999771
age_70,26,med_Q_5,-107.8939004
age_70,26,mig_Q_6,0.000196678
age_70,26,med_Q_6,-81.11452478
age_70,26,mig_Q_7,-0.000114014
age_70,26,med_Q_7,-40.46368981
age_70,26,mig_Q_8,8.59861e-05
age_70,26,med_Q_8,-23.67420011
age_70,26,mig_Q_9,0.000344827
age_70,26,med_Q_9,-14.30363353
age_70,26,mig_Q_10,0.000390706
age_70,26,med_Q_10,-8.287103382
age_70,26,mig_Q_11,0.000600477
age_70,26,med_Q_11,-6.722575093
age_70,26,mig_Q_12,0.001467351
age_70,26,med_Q_12,-4.697426353
age_70,26,mig_Q_13,0.002576221
age_70,26,med_Q_13,-3.1690508
age_70,26,mig_Q_14,0.004046761
age_70,26,med_Q_14,-2.026390799
age_70,26,mig_Q_15,0.004250112
age_70,26,med_Q_15,-0.909225709
age_70,26,mig_Q_16,0.002044477
age_70,26,med_Q_16,-0.338408826
age_70,26,mig_Q_17,0.000320202
age_70,26,med_Q_17,-0.085331447
age_70,26,h_NQ_1,100
age_70,26,mig_NQ_2,-0.541925318
age_70,26,med_NQ_2,33.43195111
age_70,26,mig_NQ_3,0.006911375
age_70,26,med_NQ_3,-16.51266974
age_70,26,mig_NQ_4,0.007141162
age_70,26,med_NQ_4,-3.622214291
age_70,26,mig_NQ_5,0.004718945
age_70,26,med_NQ_5,-12.16236786
age_70,26,mig_NQ_6,0.003780519
age_70,26,med_NQ_6,-13.61788411
age_70,26,mig_NQ_7,0.004130989
age_70,26,med_NQ_7,-7.30206821
age_70,26,mig_NQ_8,0.005900403
age_70,26,med_NQ_8,-4.893905807
age_70,26,mig_NQ_9,0.007610647
age_70,26,med_NQ_9,-3.353706256
age_70,26,mig_NQ_10,0.008149046
age_70,26,med_NQ_10,-2.185799042
age_70,26,mig_NQ_11,0.008980118
age_70,26,med_NQ_11,-2.387411677
age_70,26,mig_NQ_12,0.013752123
age_70,26,med_NQ_12,-2.674750756
age_70,26,mig_NQ_13,0.016414273
age_70,26,med_NQ_13,-1.830300481
age_70,26,mig_NQ_14,0.018901187
age_70,26,med_NQ_14,-1.194397694
age_70,26,mig_NQ_15,0.016126908
age_70,26,med_NQ_15,-0.548946727
age_70,26,mig_NQ_16,0.006768983
age_70,26,med_NQ_16,-0.20696018
age_70,26,mig_NQ_17,0.001199464
age_70,26,med_NQ_17,-0.047986595
age_70,27,beta_Q_2,0.998855500007564
age_70,27,beta_Q_3,0.998500000009189
age_70,27,beta_Q_4,0.997760700011092
age_70,27,beta_Q_5,0.996471500016403
age_70,27,beta_Q_6,0.993847900026437
age_70,27,beta_Q_7,0.99001940004476
age_70,27,beta_Q_8,0.984195300066976
age_70,27,beta_Q_9,0.975226300158592
age_70,27,beta_Q_10,0.962119300161714
age_70,27,beta_Q_11,0.93756790014858
age_70,27,beta_Q_12,0.895856444026453
age_70,27,beta_Q_13,0.822341166340975
age_70,27,beta_Q_14,0.667730822348659
age_70,27,beta_Q_15,0.438449067544388
age_70,27,beta_Q_16,0.242116452619548
age_70,27,beta_Q_17,0.1445777199943
age_70,27,h_Q_2,873.743993
age_70,27,h_Q_3,666.66666671
age_70,27,h_Q_4,446.56812394164
age_70,27,h_Q_5,283.406546682399
age_70,27,h_Q_6,162.546122426868
age_70,27,h_Q_7,100.194377071122
age_70,27,h_Q_8,63.2723176860957
age_70,27,h_Q_9,40.36538753451
age_70,27,h_Q_10,26.3986673808408
age_70,27,h_Q_11,16.0174013402922
age_70,27,h_Q_12,9.60212628958624
age_70,27,h_Q_13,5.62876387663616
age_70,27,h_Q_14,3.00960336985728
age_70,27,h_Q_15,1.78078185914239
age_70,27,h_Q_16,1.31946383563364
age_70,27,h_Q_17,1.16901324789462
age_70,27,P_Q_1,0.289519968
age_70,27,P_Q_2,0.0745005049729924
age_70,27,P_Q_3,0.0742668261693571
age_70,27,P_Q_4,0.0746922350367189
age_70,27,P_Q_5,0.0796663673006478
age_70,27,P_Q_6,0.0806514297930284
age_70,27,P_Q_7,0.0788774303393698
age_70,27,P_Q_8,0.0799005174680123
age_70,27,P_Q_9,0.0816407079968005
age_70,27,P_Q_10,0.0787471050375768
age_70,27,P_Q_11,0.0718390878448502
age_70,27,P_Q_12,0.0635935884157816
age_70,27,P_Q_13,0.054137092360361
age_70,27,P_Q_14,0.0316116043293233
age_70,27,P_Q_15,0.015128792508552
age_70,27,P_Q_16,0.00544961920606913
age_70,27,P_Q_17,0.00114787593753255
age_70,27,L_Q,1.30404786957299
age_70,27,beta_NQ_2,0.993066100055541
age_70,27,beta_NQ_3,0.991006400066706
age_70,27,beta_NQ_4,0.989459300068996
age_70,27,beta_NQ_5,0.986023900088483
age_70,27,beta_NQ_6,0.979247300123177
age_70,27,beta_NQ_7,0.971109400161155
age_70,27,beta_NQ_8,0.960532100202879
age_70,27,beta_NQ_9,0.946569300260194
age_70,27,beta_NQ_10,0.928888700277789
age_70,27,beta_NQ_11,0.898215800026637
age_70,27,beta_NQ_12,0.836512758328164
age_70,27,beta_NQ_13,0.736642562623966
age_70,27,beta_NQ_14,0.554065978743354
age_70,27,beta_NQ_15,0.33112415392031
age_70,27,beta_NQ_16,0.170241314755186
age_70,27,beta_NQ_17,0.0985201055612787
age_70,27,h_NQ_2,144.2189821
age_70,27,h_NQ_3,111.1901796878
age_70,27,h_NQ_4,94.870359653464
age_70,27,h_NQ_5,71.5507187342994
age_70,27,h_NQ_6,48.1865010376574
age_70,27,h_NQ_7,34.613334438451
age_70,27,h_NQ_8,25.3370460500337
age_70,27,h_NQ_9,18.7158319073168
age_70,27,h_NQ_10,14.0624626435094
age_70,27,h_NQ_11,9.82470756885276
age_70,27,h_NQ_12,6.11668307678354
age_70,27,h_NQ_13,3.7971198827643
age_70,27,h_NQ_14,2.24248280003124
age_70,27,h_NQ_15,1.49504563893117
age_70,27,h_NQ_16,1.20516965082609
age_70,27,h_NQ_17,1.1092870753347
age_70,27,P_NQ_1,0.675546592
age_70,27,P_NQ_2,0.173834512306226
age_70,27,P_NQ_3,0.173289260890691
age_70,27,P_NQ_4,0.174281880020727
age_70,27,P_NQ_5,0.185888185593357
age_70,27,P_NQ_6,0.188186669414104
age_70,27,P_NQ_7,0.18404733286402
age_70,27,P_NQ_8,0.186434543291983
age_70,27,P_NQ_9,0.19049498673129
age_70,27,P_NQ_10,0.183743246614793
age_70,27,P_NQ_11,0.167624536812229
age_70,27,P_NQ_12,0.148385044114574
age_70,27,P_NQ_13,0.126319879342955
age_70,27,P_NQ_14,0.0737604109997068
age_70,27,P_NQ_15,0.0353004283328076
age_70,27,P_NQ_16,0.0127157638349148
age_70,27,P_NQ_17,0.00267837821210875
age_70,27,L_NQ,2.29936042569784
age_70,27,pi_Q,0.3
age_70,27,pi_NQ,0.7
age_70,27,y,6.07849988573845
age_70,27,nbar,8.03539147491814
age_70,27,Ptot,4.11790240409346
age_70,27,Pret,0.570228477594686
age_70,27,H,401.769664296791
age_70,27,cCheck,4.44089209850063e-16
age_70,27,shareq,0.3
age_70,27,A,1.413485914
age_70,27,A_Q,2
age_70,27,xpop,0.96506656
age_70,27,h_Q_1,100
age_70,27,mig_Q_2,-0.224729622
age_70,27,med_Q_2,775.743993
age_70,27,mig_Q_3,0.0023083
age_70,27,med_Q_3,-115.3314182
age_70,27,mig_Q_4,0.00227852
age_70,27,med_Q_4,-150.6651017
age_70,27,mig_Q_5,0.00102034
age_70,27,med_Q_5,-117.4606354
age_70,27,mig_Q_6,0.000213933
age_70,27,med_Q_6,-92.03900769
age_70,27,mig_Q_7,-9.01086e-05
age_70,27,med_Q_7,-45.87588569
age_70,27,mig_Q_8,7.38674e-05
age_70,27,med_Q_8,-26.73089667
age_70,27,mig_Q_9,0.000304293
age_70,27,med_Q_9,-16.44456005
age_70,27,mig_Q_10,0.00039172
age_70,27,med_Q_10,-9.81888925
age_70,27,mig_Q_11,0.000694364
age_70,27,med_Q_11,-7.689542169
age_70,27,mig_Q_12,0.001229976
age_70,27,med_Q_12,-5.209800026
age_70,27,mig_Q_13,0.002439204
age_70,27,med_Q_13,-3.547266078
age_70,27,mig_Q_14,0.004356357
age_70,27,med_Q_14,-2.373400098
age_70,27,mig_Q_15,0.00400038
age_70,27,med_Q_15,-1.067901344
age_70,27,mig_Q_16,0.002061773
age_70,27,med_Q_16,-0.386234609
age_70,27,mig_Q_17,0.000492601
age_70,27,med_Q_17,-0.103540661
age_70,27,h_NQ_1,100
age_70,27,mig_NQ_2,-0.519926256
age_70,27,med_NQ_2,46.2189821
age_70,27,mig_NQ_3,0.006768215
age_70,27,med_NQ_3,-17.6131324
age_70,27,mig_NQ_4,0.006857169
age_70,27,med_NQ_4,-4.527169608
age_70,27,mig_NQ_5,0.004488965
age_70,27,med_NQ_5,-13.3683482
age_70,27,mig_NQ_6,0.003519511
age_70,27,med_NQ_6,-15.89342887
age_70,27,mig_NQ_7,0.003644411
age_70,27,med_NQ_7,-8.570837238
age_70,27,mig_NQ_8,0.005074917
age_70,27,med_NQ_8,-5.694565024
age_70,27,mig_NQ_9,0.006809466
age_70,27,med_NQ_9,-4.012916711
age_70,27,mig_NQ_10,0.007806229
age_70,27,med_NQ_10,-2.739131105
age_70,27,mig_NQ_11,0.009005927
age_70,27,med_NQ_11,-2.824158616
age_70,27,mig_NQ_12,0.012755521
age_70,27,med_NQ_12,-2.98177994
age_70,27,mig_NQ_13,0.01853992
age_70,27,med_NQ_13,-2.054339039
age_70,27,mig_NQ_14,0.021261995
age_70,27,med_NQ_14,-1.398257825
age_70,27,mig_NQ_15,0.015785016
age_70,27,med_NQ_15,-0.64243073
age_70,27,mig_NQ_16,0.007177933
age_70,27,med_NQ_16,-0.235496446
age_70,27,mig_NQ_17,0.001639252
age_70,27,med_NQ_17,-0.058844347
age_70,28,beta_Q_2,0.998954400006745
age_70,28,beta_Q_3,0.998628400008118
age_70,28,beta_Q_4,0.997948100010028
age_70,28,beta_Q_5,0.996764500014024
age_70,28,beta_Q_6,0.994356500022895
age_70,28,beta_Q_7,0.990848200038915
age_70,28,beta_Q_8,0.985514700064329
age_70,28,beta_Q_9,0.977311000091688
age_70,28,beta_Q_10,0.96529880023085
age_70,28,beta_Q_11,0.942701900190087
age_70,28,beta_Q_12,0.901680100356031
age_70,28,beta_Q_13,0.826531958927594
age_70,28,beta_Q_14,0.674672166675233
age_70,28,beta_Q_15,0.449242389033339
age_70,28,beta_Q_16,0.254418166790466
age_70,28,beta_Q_17,0.155303123380905
age_70,28,h_Q_2,956.3886764
age_70,28,h_Q_3,729.07553224
age_70,28,h_Q_4,487.3531848758
age_70,28,h_Q_5,309.071240862807
age_70,28,h_Q_6,177.195003048751
age_70,28,h_Q_7,109.26812208833
age_70,28,h_Q_8,69.0355049396993
age_70,28,h_Q_9,44.0742209423738
age_70,28,h_Q_10,28.8174472838198
age_70,28,h_Q_11,17.452585673224
age_70,28,h_Q_12,10.1708810064864
age_70,28,h_Q_13,5.76474867179452
age_70,28,h_Q_14,3.07382182010343
age_70,28,h_Q_15,1.81568049646014
age_70,28,h_Q_16,1.34123429695954
age_70,28,h_Q_17,1.18385660192097
age_70,28,P_Q_1,0.281860557
age_70,28,P_Q_2,0.077317134398814
age_70,28,P_Q_3,0.0766877592162175
age_70,28,P_Q_4,0.0763752394663398
age_70,28,P_Q_5,0.075452958486617
age_70,28,P_Q_6,0.0793964318444837
age_70,28,P_Q_7,0.0797579128364461
age_70,28,P_Q_8,0.077723687321368
age_70,28,P_Q_9,0.0782046680310866
age_70,28,P_Q_10,0.0789124908425885
age_70,28,P_Q_11,0.0746124309128606
age_70,28,P_Q_12,0.0658339387787914
age_70,28,P_Q_13,0.0546869566696418
age_70,28,P_Q_14,0.0412453562013491
age_70,28,P_Q_15,0.0187525644417739
age_70,28,P_Q_16,0.0057310365745878
age_70,28,P_Q_17,0.00134795551965062
age_70,28,L_Q,1.29392197968366
age_70,28,beta_NQ_2,0.993680000050041
age_70,28,beta_NQ_3,0.991794400059189
age_70,28,beta_NQ_4,0.990370500062277
age_70,28,beta_NQ_5,0.987225200077893
age_70,28,beta_NQ_6,0.981019700111639
age_70,28,beta_NQ_7,0.973568900151684
age_70,28,beta_NQ_8,0.963873900189963
age_70,28,beta_NQ_9,0.951062700236185
age_70,28,beta_NQ_10,0.934786300283455
age_70,28,beta_NQ_11,0.906378300288754
age_70,28,beta_NQ_12,0.845147400050261
age_70,28,beta_NQ_13,0.742250658217589
age_70,28,beta_NQ_14,0.561476335445756
age_70,28,beta_NQ_15,0.340462424467105
age_70,28,beta_NQ_16,0.179566010817859
age_70,28,beta_NQ_17,0.106128807109109
age_70,28,h_NQ_2,158.2278481
age_70,28,h_NQ_3,121.867992588
age_70,28,h_NQ_4,103.847551798044
age_70,28,h_NQ_5,78.2791120003947
age_70,28,h_NQ_6,52.6862062296134
age_70,28,h_NQ_7,37.8342180279043
age_70,28,h_NQ_8,27.680818020682
age_70,28,h_NQ_9,20.434310838033
age_70,28,h_NQ_10,15.3342012471704
age_70,28,h_NQ_11,10.6812843576392
age_70,28,h_NQ_12,6.4577540204757
age_70,28,h_NQ_13,3.87973745724787
age_70,28,h_NQ_14,2.28037845910902
age_70,28,h_NQ_15,1.51621377903062
age_70,28,h_NQ_16,1.21886708315254
age_70,28,h_NQ_17,1.11872941280957
age_70,28,P_NQ_1,0.657674633
age_70,28,P_NQ_2,0.180406645523252
age_70,28,P_NQ_3,0.178938103247944
age_70,28,P_NQ_4,0.178208890790377
age_70,28,P_NQ_5,0.17605690105279
age_70,28,P_NQ_6,0.185258337867091
age_70,28,P_NQ_7,0.186101797653057
age_70,28,P_NQ_8,0.181355268172616
age_70,28,P_NQ_9,0.182477562188221
age_70,28,P_NQ_10,0.184129147634263
age_70,28,P_NQ_11,0.174095672257598
age_70,28,P_NQ_12,0.153612524652278
age_70,28,P_NQ_13,0.12760290115163
age_70,28,P_NQ_14,0.0962391315828965
age_70,28,P_NQ_15,0.0437559746850923
age_70,28,P_NQ_16,0.0133723923307984
age_70,28,P_NQ_17,0.00314522539530809
age_70,28,L_NQ,2.28169497356513
age_70,28,pi_Q,0.3
age_70,28,pi_NQ,0.7
age_70,28,y,6.24873040477329
age_70,28,nbar,8.06906999195715
age_70,28,Ptot,4.14633018772783
age_70,28,Pret,0.625325957983798
age_70,28,H,432.398160756882
age_70,28,cCheck,-8.88178419700125e-16
age_70,28,shareq,0.3
age_70,28,A,1.448823061
age_70,28,A_Q,2
age_70,28,xpop,0.93953519
age_70,28,h_Q_1,100
age_70,28,mig_Q_2,-0.211871478
age_70,28,med_Q_2,858.3886764
age_70,28,mig_Q_3,0.002299005
age_70,28,med_Q_3,-127.1935809
age_70,28,mig_Q_4,0.002274719
age_70,28,med_Q_4,-165.9801485
age_70,28,mig_Q_5,0.001024275
age_70,28,med_Q_5,-128.5655206
age_70,28,mig_Q_6,0.00022018
age_70,28,med_Q_6,-100.5434127
age_70,28,mig_Q_7,-8.85673e-05
age_70,28,med_Q_7,-50.02707789
age_70,28,mig_Q_8,9.28911e-05
age_70,28,med_Q_8,-29.15498459
age_70,28,mig_Q_9,0.000283582
age_70,28,med_Q_9,-17.93265039
age_70,28,mig_Q_10,0.00036439
age_70,28,med_Q_10,-10.7406325
age_70,28,mig_Q_11,0.000781673
age_70,28,med_Q_11,-8.41810836
age_70,28,mig_Q_12,0.001476429
age_70,28,med_Q_12,-5.526172307
age_70,28,mig_Q_13,0.002391331
age_70,28,med_Q_13,-3.645335092
age_70,28,mig_Q_14,0.005096351
age_70,28,med_Q_14,-2.442366779
age_70,28,mig_Q_15,0.004892486
age_70,28,med_Q_15,-1.133730806
age_70,28,mig_Q_16,0.002068107
age_70,28,med_Q_16,-0.403931925
age_70,28,mig_Q_17,0.000560062
age_70,28,med_Q_17,-0.109217957
age_70,28,h_NQ_1,100
age_70,28,mig_NQ_2,-0.490455774
age_70,28,med_NQ_2,60.2278481
age_70,28,mig_NQ_3,0.006666989
age_70,28,med_NQ_3,-19.46660987
age_70,28,mig_NQ_4,0.00674622
age_70,28,med_NQ_4,-5.118824296
age_70,28,mig_NQ_5,0.004210802
age_70,28,med_NQ_5,-14.69384046
age_70,28,mig_NQ_6,0.003227834
age_70,28,med_NQ_6,-17.43349813
age_70,28,mig_NQ_7,0.003351954
age_70,28,med_NQ_7,-9.388552989
age_70,28,mig_NQ_8,0.004571897
age_70,28,med_NQ_8,-6.240249729
age_70,28,mig_NQ_9,0.006004347
age_70,28,med_NQ_9,-4.395994291
age_70,28,mig_NQ_10,0.007180507
age_70,28,med_NQ_10,-3.007314022
age_70,28,mig_NQ_11,0.009054585
age_70,28,med_NQ_11,-3.099929033
age_70,28,mig_NQ_12,0.013392461
age_70,28,med_NQ_12,-3.170459397
age_70,28,mig_NQ_13,0.018296162
age_70,28,med_NQ_13,-2.114611958
age_70,28,mig_NQ_14,0.026249584
age_70,28,med_NQ_14,-1.440799026
age_70,28,mig_NQ_15,0.019332121
age_70,28,med_NQ_15,-0.681419365
age_70,28,mig_NQ_16,0.007362801
age_70,28,med_NQ_16,-0.246277643
age_70,28,mig_NQ_17,0.001892467
age_70,28,med_NQ_17,-0.062336845
age_70,29,beta_Q_2,0.999044400005905
age_70,29,beta_Q_3,0.998745300007217
age_70,29,beta_Q_4,0.99811910000893
age_70,29,beta_Q_5,0.997032000013439
age_70,29,beta_Q_6,0.9948210000196
age_70,29,beta_Q_7,0.991605100033018
age_70,29,beta_Q_8,0.986719100056478
age_70,29,beta_Q_9,0.979213400095598
age_70,29,beta_Q_10,0.968202200108787
age_70,29,beta_Q_11,0.947434800357186
age_70,29,beta_Q_12,0.909868200300914
age_70,29,beta_Q_13,0.835661400953156
age_70,29,beta_Q_14,0.681522067623461
age_70,29,beta_Q_15,0.457188922774912
age_70,29,beta_Q_16,0.265002645124233
age_70,29,beta_Q_17,0.166266739332475
age_70,29,h_Q_2,1046.4629552
age_70,29,h_Q_3,797.003267772
age_70,29,h_Q_4,531.6603753952
age_70,29,h_Q_5,336.927223778284
age_70,29,h_Q_6,193.087468545551
age_70,29,h_Q_7,119.119941817776
age_70,29,h_Q_8,75.2961018965637
age_70,29,h_Q_9,48.1079156609053
age_70,29,h_Q_10,31.4487165335264
age_70,29,h_Q_11,19.0239931071434
age_70,29,h_Q_12,11.0948632857595
age_70,29,h_Q_13,6.08499771635664
age_70,29,h_Q_14,3.13993430735863
age_70,29,h_Q_15,1.84226150870136
age_70,29,h_Q_16,1.36054905553093
age_70,29,h_Q_17,1.19942434502035
age_70,29,P_Q_1,0.2809735983
age_70,29,P_Q_2,0.0756185956035018
age_70,29,P_Q_3,0.0795123332179003
age_70,29,P_Q_4,0.0788072046038508
age_70,29,P_Q_5,0.0771549603801176
age_70,29,P_Q_6,0.0752484837171253
age_70,29,P_Q_7,0.0785825158826191
age_70,29,P_Q_8,0.078693732846767
age_70,29,P_Q_9,0.0762567875868598
age_70,29,P_Q_10,0.0758147102228599
age_70,29,P_Q_11,0.0751033000660411
age_70,29,P_Q_12,0.0688508241933155
age_70,29,P_Q_13,0.0571809353827538
age_70,29,P_Q_14,0.0419295415451818
age_70,29,P_Q_15,0.0244423203564251
age_70,29,P_Q_16,0.00731904806789621
age_70,29,P_Q_17,0.00149605388024369
age_70,29,L_Q,1.28830739505727
age_70,29,beta_NQ_2,0.994238100044601
age_70,29,beta_NQ_3,0.992511800052943
age_70,29,beta_NQ_4,0.991200900055157
age_70,29,beta_NQ_5,0.988321000070661
age_70,29,beta_NQ_6,0.982638100097602
age_70,29,beta_NQ_7,0.975817300135451
age_70,29,beta_NQ_8,0.966932700181637
age_70,29,beta_NQ_9,0.955183000222458
age_70,29,beta_NQ_10,0.940206400257566
age_70,29,beta_NQ_11,0.913966000301985
age_70,29,beta_NQ_12,0.857334000343112
age_70,29,beta_NQ_13,0.754398600126073
age_70,29,beta_NQ_14,0.568885938882203
age_70,29,beta_NQ_15,0.347110006176202
age_70,29,beta_NQ_16,0.187461704283178
age_70,29,beta_NQ_17,0.113957001962139
age_70,29,h_NQ_2,173.55386244
age_70,29,h_NQ_3,133.543441678
age_70,29,h_NQ_4,113.64798672324
age_70,29,h_NQ_5,85.6237691620831
age_70,29,h_NQ_6,57.5973827703868
age_70,29,h_NQ_7,41.3518755150211
age_70,29,h_NQ_8,30.2413562683462
age_70,29,h_NQ_9,22.3129615962684
age_70,29,h_NQ_10,16.7241979032724
age_70,29,h_NQ_11,11.623311712227
age_70,29,h_NQ_12,7.00937854548645
age_70,29,h_NQ_13,4.07163803006619
age_70,29,h_NQ_14,2.31957155410291
age_70,29,h_NQ_15,1.53165157792683
age_70,29,h_NQ_16,1.23071121245001
age_70,29,h_NQ_17,1.12861339248949
age_70,29,P_NQ_1,0.6556050627
age_70,29,P_NQ_2,0.17644339135235
age_70,29,P_NQ_3,0.185528778763424
age_70,29,P_NQ_4,0.183883475793862
age_70,29,P_NQ_5,0.180028240866189
age_70,29,P_NQ_6,0.175579793273393
age_70,29,P_NQ_7,0.183359202241193
age_70,29,P_NQ_8,0.183618711536215
age_70,29,P_NQ_9,0.177932500050306
age_70,29,P_NQ_10,0.176900993242671
age_70,29,P_NQ_11,0.17524103486636
age_70,29,P_NQ_12,0.160651922768511
age_70,29,P_NQ_13,0.133422181533619
age_70,29,P_NQ_14,0.0978355923308642
age_70,29,P_NQ_15,0.0570320570673217
age_70,29,P_NQ_16,0.0170777728236493
age_70,29,P_NQ_17,0.00349078704626264
age_70,29,L_NQ,2.27191541466624
age_70,29,pi_Q,0.3
age_70,29,pi_NQ,0.7
age_70,29,y,6.45161479932701
age_70,29,nbar,8.15318784612506
age_70,29,Ptot,4.17661644410965
age_70,29,Pret,0.670729036996044
age_70,29,H,465.277938334548
age_70,29,cCheck,-4.44089209850063e-16
age_70,29,shareq,0.3
age_70,29,A,1.485043638
age_70,29,A_Q,2
age_70,29,xpop,0.936578661
age_70,29,h_Q_1,100
age_70,29,mig_Q_2,-0.205947248
age_70,29,med_Q_2,948.4629552
age_70,29,mig_Q_3,0.002301247
age_70,29,med_Q_3,-140.2576351
age_70,29,mig_Q_4,0.002276801
age_70,29,med_Q_4,-182.8336462
age_70,29,mig_Q_5,0.001026833
age_70,29,med_Q_5,-140.6788974
age_70,29,mig_Q_6,0.000221344
age_70,29,med_Q_6,-109.8023475
age_70,29,mig_Q_7,-8.72957e-05
age_70,29,med_Q_7,-54.53116117
age_70,29,mig_Q_8,9.11373e-05
age_70,29,med_Q_8,-31.78665775
age_70,29,mig_Q_9,0.000296573
age_70,29,med_Q_9,-19.54687918
age_70,29,mig_Q_10,0.000323838
age_70,29,med_Q_10,-11.74401999
age_70,29,mig_Q_11,0.000712345
age_70,29,med_Q_11,-9.217105231
age_70,29,mig_Q_12,0.00157428
age_70,29,med_Q_12,-6.008670674
age_70,29,mig_Q_13,0.002767081
age_70,29,med_Q_13,-3.88246567
age_70,29,mig_Q_14,0.005033774
age_70,29,med_Q_14,-2.509519391
age_70,29,mig_Q_15,0.005913158
age_70,29,med_Q_15,-1.170083875
age_70,29,mig_Q_16,0.002548055
age_70,29,med_Q_16,-0.418817831
age_70,29,mig_Q_17,0.000606006
age_70,29,med_Q_17,-0.114985266
age_70,29,h_NQ_1,100
age_70,29,mig_NQ_2,-0.477074738
age_70,29,med_NQ_2,75.55386244
age_70,29,mig_NQ_3,0.006602478
age_70,29,med_NQ_3,-21.51984946
age_70,29,mig_NQ_4,0.006668457
age_70,29,med_NQ_4,-5.782646013
age_70,29,mig_NQ_5,0.004095933
age_70,29,med_NQ_5,-16.1468316
age_70,29,mig_NQ_6,0.002864505
age_70,29,med_NQ_6,-19.11614699
age_70,29,mig_NQ_7,0.002997446
age_70,29,med_NQ_7,-10.28060659
age_70,29,mig_NQ_8,0.004240046
age_70,29,med_NQ_8,-6.836177399
age_70,29,mig_NQ_9,0.005452269
age_70,29,med_NQ_9,-4.814240064
age_70,29,mig_NQ_10,0.006323468
age_70,29,med_NQ_10,-3.301426718
age_70,29,mig_NQ_11,0.008350371
age_70,29,med_NQ_11,-3.40420551
age_70,29,mig_NQ_12,0.013515418
age_70,29,med_NQ_12,-3.458280125
age_70,29,mig_NQ_13,0.019403184
age_70,29,med_NQ_13,-2.25696091
age_70,29,mig_NQ_14,0.026189583
age_70,29,med_NQ_14,-1.482571154
age_70,29,mig_NQ_15,0.024266249
age_70,29,med_NQ_15,-0.703119312
age_70,29,mig_NQ_16,0.009220687
age_70,29,med_NQ_16,-0.255178291
age_70,29,mig_NQ_17,0.002071591
age_70,29,med_NQ_17,-0.065876349
age_70,30,beta_Q_2,0.999126400005502
age_70,30,beta_Q_3,0.998851900006309
age_70,30,beta_Q_4,0.998275200007838
age_70,30,beta_Q_5,0.997276400011391
age_70,30,beta_Q_6,0.995245400020986
age_70,30,beta_Q_7,0.99229630002757
age_70,30,beta_Q_8,0.987818900046274
age_70,30,beta_Q_9,0.980949800081634
age_70,30,beta_Q_10,0.970853600122191
age_70,30,beta_Q_11,0.951765100113205
age_70,30,beta_Q_12,0.917429600723758
age_70,30,beta_Q_13,0.848286200025582
age_70,30,beta_Q_14,0.692823465951414
age_70,30,beta_Q_15,0.465064923564201
age_70,30,beta_Q_16,0.272945306709456
age_70,30,beta_Q_17,0.175687730710235
age_70,30,h_Q_2,1144.688645
age_70,30,h_Q_3,871.004267896
age_70,30,h_Q_4,579.77736551656
age_70,30,h_Q_5,367.161110287296
age_70,30,h_Q_6,210.322635002718
age_70,30,h_Q_7,129.80775463464
age_70,30,h_Q_8,82.0943920814207
age_70,30,h_Q_9,52.4928871886324
age_70,30,h_Q_10,34.3095545076872
age_70,30,h_Q_11,20.7318766728558
age_70,30,h_Q_12,12.1108775520006
age_70,30,h_Q_13,6.59135818804434
age_70,30,h_Q_14,3.25545104302951
age_70,30,h_Q_15,1.86938564521145
age_70,30,h_Q_16,1.37541232452734
age_70,30,h_Q_17,1.21313247442032
age_70,30,P_Q_1,0.2833521261
age_70,30,P_Q_2,0.0697199469311237
age_70,30,P_Q_3,0.0778295359521438
age_70,30,P_Q_4,0.0816417604710608
age_70,30,P_Q_5,0.0796015638216456
age_70,30,P_Q_6,0.0769779348418212
age_70,30,P_Q_7,0.0745318017236529
age_70,30,P_Q_8,0.0776285378518718
age_70,30,P_Q_9,0.0773485247070974
age_70,30,P_Q_10,0.0741589205148262
age_70,30,P_Q_11,0.0724341848441332
age_70,30,P_Q_12,0.0697571904677483
age_70,30,P_Q_13,0.0604866552021655
age_70,30,P_Q_14,0.0445467643106978
age_70,30,P_Q_15,0.0251025009314876
age_70,30,P_Q_16,0.00950757754742656
age_70,30,P_Q_17,0.00194407625726675
age_70,30,L_Q,1.28081671034958
age_70,30,beta_NQ_2,0.994745900040001
age_70,30,beta_NQ_3,0.993165000047692
age_70,30,beta_NQ_4,0.991957700049225
age_70,30,beta_NQ_5,0.989320400062073
age_70,30,beta_NQ_6,0.984115800090073
age_70,30,beta_NQ_7,0.977871800117743
age_70,30,beta_NQ_8,0.96973140016252
age_70,30,beta_NQ_9,0.958958900217457
age_70,30,beta_NQ_10,0.945184000244609
age_70,30,beta_NQ_11,0.920960100271997
age_70,30,beta_NQ_12,0.868733300402307
age_70,30,beta_NQ_13,0.771350100066914
age_70,30,beta_NQ_14,0.581376032066868
age_70,30,beta_NQ_15,0.353774709963348
age_70,30,beta_NQ_16,0.193102700841009
age_70,30,beta_NQ_17,0.120538499654745
age_70,30,h_NQ_2,190.32755372
age_70,30,h_NQ_3,146.3057790812
age_70,30,h_NQ_4,124.34253882244
age_70,30,h_NQ_5,93.6364657787752
age_70,30,h_NQ_6,62.9556414588415
age_70,30,h_NQ_7,45.1912039749791
age_70,30,h_NQ_8,33.0375372507207
age_70,30,h_NQ_9,24.3658186589793
age_70,30,h_NQ_10,18.242848800343
age_70,30,h_NQ_11,12.6518378652069
age_70,30,h_NQ_12,7.61807830798248
age_70,30,h_NQ_13,4.37349852057672
age_70,30,h_NQ_14,2.38877676446486
age_70,30,h_NQ_15,1.54744793202086
age_70,30,h_NQ_16,1.2393150883683
age_70,30,h_NQ_17,1.13705943520101
age_70,30,P_NQ_1,0.6611549609
age_70,30,P_NQ_2,0.16267987691847
age_70,30,P_NQ_3,0.181602249958567
age_70,30,P_NQ_4,0.19049743949644
age_70,30,P_NQ_5,0.185736980693059
age_70,30,P_NQ_6,0.179615179568666
age_70,30,P_NQ_7,0.173907534830383
age_70,30,P_NQ_8,0.181133252526228
age_70,30,P_NQ_9,0.180479892782144
age_70,30,P_NQ_10,0.173037479361127
age_70,30,P_NQ_11,0.169013103243453
age_70,30,P_NQ_12,0.162766777446243
age_70,30,P_NQ_13,0.141135526644127
age_70,30,P_NQ_14,0.103942444009465
age_70,30,P_NQ_15,0.0585724980582187
age_70,30,P_NQ_16,0.0221843366166156
age_70,30,P_NQ_17,0.00453617479117356
age_70,30,L_NQ,2.25850645931213
age_70,30,pi_Q,0.3
age_70,30,pi_NQ,0.7
age_70,30,y,6.6536898986112
age_70,30,nbar,8.22511743966937
age_70,30,Ptot,4.18856531032055
age_70,30,Pret,0.704482522282635
age_70,30,H,492.407271634104
age_70,30,cCheck,0
age_70,30,shareq,0.3
age_70,30,A,1.522169729
age_70,30,A_Q,2
age_70,30,xpop,0.944507087
age_70,30,h_Q_1,100
age_70,30,mig_Q_2,-0.210985153
age_70,30,med_Q_2,1046.688645
age_70,30,mig_Q_3,0.002305819
age_70,30,med_Q_3,-154.5294282
age_70,30,mig_Q_4,0.002278982
age_70,30,med_Q_4,-201.2858369
age_70,30,mig_Q_5,0.001028259
age_70,30,med_Q_5,-153.8660576
age_70,30,mig_Q_6,0.00022256
age_70,30,med_Q_6,-119.8660443
age_70,30,mig_Q_7,-8.49785e-05
age_70,30,med_Q_7,-59.41796454
age_70,30,mig_Q_8,8.96685e-05
age_70,30,med_Q_8,-34.6431509
age_70,30,mig_Q_9,0.000290567
age_70,30,med_Q_9,-21.29729267
age_70,30,mig_Q_10,0.000326931
age_70,30,med_Q_10,-12.83620284
age_70,30,mig_Q_11,0.00060469
age_70,30,med_Q_11,-10.08786553
age_70,30,mig_Q_12,0.001423086
age_70,30,med_Q_12,-6.532635693
age_70,30,mig_Q_13,0.002950679
age_70,30,med_Q_13,-4.281607832
age_70,30,mig_Q_14,0.005576695
age_70,30,med_Q_14,-2.707846719
age_70,30,mig_Q_15,0.005932779
age_70,30,med_Q_15,-1.207749976
age_70,30,mig_Q_16,0.003030298
age_70,30,med_Q_16,-0.430003954
age_70,30,mig_Q_17,0.000727162
age_70,30,med_Q_17,-0.1202056
age_70,30,h_NQ_1,100
age_70,30,mig_NQ_2,-0.489147655
age_70,30,med_NQ_2,92.32755372
age_70,30,mig_NQ_3,0.006480102
age_70,30,med_NQ_3,-23.77700611
age_70,30,mig_NQ_4,0.006601147
age_70,30,med_NQ_4,-6.530034022
age_70,30,mig_NQ_5,0.00400108
age_70,30,med_NQ_5,-17.73856121
age_70,30,mig_NQ_6,0.002712571
age_70,30,med_NQ_6,-20.95565232
age_70,30,mig_NQ_7,0.002573735
age_70,30,med_NQ_7,-11.25423114
age_70,30,mig_NQ_8,0.003837244
age_70,30,med_NQ_8,-7.487300754
age_70,30,mig_NQ_9,0.005090421
age_70,30,med_NQ_9,-5.270710484
age_70,30,mig_NQ_10,0.005744204
age_70,30,med_NQ_10,-3.623853564
age_70,30,mig_NQ_11,0.00733161
age_70,30,med_NQ_11,-3.73787608
age_70,30,mig_NQ_12,0.01252668
age_70,30,med_NQ_12,-3.77276717
age_70,30,mig_NQ_13,0.019939941
age_70,30,med_NQ_13,-2.495692454
age_70,30,mig_NQ_14,0.028040441
age_70,30,med_NQ_14,-1.601428505
age_70,30,mig_NQ_15,0.024612785
age_70,30,med_NQ_15,-0.725732191
age_70,30,mig_NQ_16,0.01149301
age_70,30,med_NQ_16,-0.261703458
age_70,30,mig_NQ_17,0.002590043
age_70,30,med_NQ_17,-0.069037553
age_70,31,beta_Q_2,0.999201100004965
age_70,31,beta_Q_3,0.99894900000589
age_70,31,beta_Q_4,0.9984177000069
age_70,31,beta_Q_5,0.997499600010505
age_70,31,beta_Q_6,0.995633400017744
age_70,31,beta_Q_7,0.992928000032689
age_70,31,beta_Q_8,0.988823400037651
age_70,31,beta_Q_9,0.9825352000666
age_70,31,beta_Q_10,0.973275500101007
age_70,31,beta_Q_11,0.955727200158588
age_70,31,beta_Q_12,0.924354500154249
age_70,31,beta_Q_13,0.860054901228694
age_70,31,beta_Q_14,0.706900998811492
age_70,31,beta_Q_15,0.475543192940749
age_70,31,beta_Q_16,0.280885408102888
age_70,31,beta_Q_17,0.182826800014415
age_70,31,h_Q_2,1251.721117
age_70,31,h_Q_3,951.4747862
age_70,31,h_Q_4,631.99140493808
age_70,31,h_Q_5,399.936010306229
age_70,31,h_Q_6,229.01112998155
age_70,31,h_Q_7,141.402715012664
age_70,31,h_Q_8,89.4726481319471
age_70,31,h_Q_9,57.2580275297922
age_70,31,h_Q_10,37.4188478448598
age_70,31,h_Q_11,22.5872318775334
age_70,31,h_Q_12,13.2195569743987
age_70,31,h_Q_13,7.14565930696054
age_70,31,h_Q_14,3.41181647128346
age_70,31,h_Q_15,1.90673441016892
age_70,31,h_Q_16,1.39059893430723
age_70,31,h_Q_17,1.22373077603679
age_70,31,P_Q_1,0.2832225447
age_70,31,P_Q_2,0.0661848316841979
age_70,31,P_Q_3,0.071951826460492
age_70,31,P_Q_4,0.0799783415691436
age_70,31,P_Q_5,0.0824493079731718
age_70,31,P_Q_6,0.0794453302279697
age_70,31,P_Q_7,0.0763018258273025
age_70,31,P_Q_8,0.0737128536971259
age_70,31,P_Q_9,0.0764340116864232
age_70,31,P_Q_10,0.0754065566760257
age_70,31,P_Q_11,0.0711528644080807
age_70,31,P_Q_12,0.067651708280304
age_70,31,P_Q_13,0.0619447060263469
age_70,31,P_Q_14,0.0479448471009724
age_70,31,P_Q_15,0.0272311485391872
age_70,31,P_Q_16,0.00990621281591927
age_70,31,P_Q_17,0.00253638572385895
age_70,31,L_Q,1.27060057536062
age_70,31,beta_NQ_2,0.995207700035668
age_70,31,beta_NQ_3,0.993759700042608
age_70,31,beta_NQ_4,0.992647600044338
age_70,31,beta_NQ_5,0.990231900055803
age_70,31,beta_NQ_6,0.985464900078365
age_70,31,beta_NQ_7,0.979749100110498
age_70,31,beta_NQ_8,0.97229120013987
age_70,31,beta_NQ_9,0.962417200193784
age_70,31,beta_NQ_10,0.949751900245191
age_70,31,beta_NQ_11,0.927400800261182
age_70,31,beta_NQ_12,0.879296200358413
age_70,31,beta_NQ_13,0.787429700165937
age_70,31,beta_NQ_14,0.59719125653519
age_70,31,beta_NQ_15,0.363096030026061
age_70,31,beta_NQ_16,0.198786506105067
age_70,31,beta_NQ_17,0.125249499392663
age_70,31,h_NQ_2,208.6680717
age_70,31,h_NQ_3,160.2487059956
age_70,31,h_NQ_4,136.010010339576
age_70,31,h_NQ_5,102.374054315991
age_70,31,h_NQ_6,68.7989762631997
age_70,31,h_NQ_7,49.3805213596646
age_70,31,h_NQ_8,36.0896177294795
age_70,31,h_NQ_9,26.6079163877063
age_70,31,h_NQ_10,19.9012500017997
age_70,31,h_NQ_11,13.7742564623362
age_70,31,h_NQ_12,8.28474330990278
age_70,31,h_NQ_13,4.70432604982283
age_70,31,h_NQ_14,2.48256186216518
age_70,31,h_NQ_15,1.57009533817557
age_70,31,h_NQ_16,1.24810678438044
age_70,31,h_NQ_17,1.14318311160093
age_70,31,P_NQ_1,0.6608526043
age_70,31,P_NQ_2,0.154431274646382
age_70,31,P_NQ_3,0.16788759696749
age_70,31,P_NQ_4,0.186616131192665
age_70,31,P_NQ_5,0.192381719053419
age_70,31,P_NQ_6,0.185372432361064
age_70,31,P_NQ_7,0.178037591973283
age_70,31,P_NQ_8,0.171996657249879
age_70,31,P_NQ_9,0.178346025635362
age_70,31,P_NQ_10,0.175948635023545
age_70,31,P_NQ_11,0.166023348343237
age_70,31,P_NQ_12,0.15785398799192
age_70,31,P_NQ_13,0.144537649070729
age_70,31,P_NQ_14,0.11187127646403
age_70,31,P_NQ_15,0.06353933998233
age_70,31,P_NQ_16,0.0231144955700468
age_70,31,P_NQ_17,0.00591822965160267
age_70,31,L_NQ,2.23997747310953
age_70,31,pi_Q,0.3
age_70,31,pi_NQ,0.7
age_70,31,y,6.83539683302558
age_70,31,nbar,8.25160188665727
age_70,31,Ptot,4.17818429887351
age_70,31,Pret,0.724049987217247
age_70,31,H,516.107937977472
age_70,31,cCheck,0
age_70,31,shareq,0.3
age_70,31,A,1.560223972
age_70,31,A_Q,2
age_70,31,xpop,0.944075149
age_70,31,h_Q_1,100
age_70,31,mig_Q_2,-0.216919758
age_70,31,med_Q_2,1153.721117
age_70,31,mig_Q_3,0.002311925
age_70,31,med_Q_3,-170.3200859
age_70,31,mig_Q_4,0.002283046
age_70,31,med_Q_4,-221.5927776
age_70,31,mig_Q_5,0.001029907
age_70,31,med_Q_5,-168.2458079
age_70,31,mig_Q_6,0.00022224
age_70,31,med_Q_6,-130.8067581
age_70,31,mig_Q_7,-8.30941e-05
age_70,31,med_Q_7,-64.71346729
age_70,31,mig_Q_8,8.89313e-05
age_70,31,med_Q_8,-37.73895141
age_70,31,mig_Q_9,0.000284313
age_70,31,med_Q_9,-23.19447671
age_70,31,mig_Q_10,0.000312463
age_70,31,med_Q_10,-14.0241816
age_70,31,mig_Q_11,0.000570992
age_70,31,med_Q_11,-11.03613154
age_70,31,mig_Q_12,0.001198443
age_70,31,med_Q_12,-7.097682165
age_70,31,mig_Q_13,0.002770644
age_70,31,med_Q_13,-4.723000694
age_70,31,mig_Q_14,0.006038273
age_70,31,med_Q_14,-3.047714553
age_70,31,mig_Q_15,0.006514011
age_70,31,med_Q_15,-1.283607612
age_70,31,mig_Q_16,0.003054603
age_70,31,med_Q_16,-0.441398998
age_70,31,mig_Q_17,0.000866021
age_70,31,med_Q_17,-0.124173302
age_70,31,h_NQ_1,100
age_70,31,mig_NQ_2,-0.503249912
age_70,31,med_NQ_2,110.6680717
age_70,31,mig_NQ_3,0.006319637
age_70,31,med_NQ_3,-26.27229665
age_70,31,mig_NQ_4,0.006474381
age_70,31,med_NQ_4,-7.36965316
age_70,31,mig_NQ_5,0.003918716
age_70,31,med_NQ_5,-19.48163373
age_70,31,mig_NQ_6,0.002585735
age_70,31,med_NQ_6,-22.9647602
age_70,31,mig_NQ_7,0.002396973
age_70,31,med_NQ_7,-12.31600727
age_70,31,mig_NQ_8,0.00335306
age_70,31,med_NQ_8,-8.197762166
age_70,31,mig_NQ_9,0.004646681
age_70,31,med_NQ_9,-5.768870118
age_70,31,mig_NQ_10,0.005361928
age_70,31,med_NQ_10,-3.977252284
age_70,31,mig_NQ_11,0.006662734
age_70,31,med_NQ_11,-4.103735362
age_70,31,mig_NQ_12,0.011026677
age_70,31,med_NQ_12,-4.114057798
age_70,31,mig_NQ_13,0.018987479
age_70,31,med_NQ_13,-2.761390692
age_70,31,mig_NQ_14,0.029818464
age_70,31,med_NQ_14,-1.803466688
age_70,31,mig_NQ_15,0.026767132
age_70,31,med_NQ_15,-0.770905891
age_70,31,mig_NQ_16,0.011803988
age_70,31,med_NQ_16,-0.268392189
age_70,31,mig_NQ_17,0.003244163
age_70,31,med_NQ_17,-0.071345675
age_70,32,beta_Q_2,0.999269100004051
age_70,32,beta_Q_3,0.999037600005409
age_70,32,beta_Q_4,0.998547900006572
age_70,32,beta_Q_5,0.99770360000889
age_70,32,beta_Q_6,0.995988100016699
age_70,32,beta_Q_7,0.993505400026843
age_70,32,beta_Q_8,0.989741200050571
age_70,32,beta_Q_9,0.983982900051167
age_70,32,beta_Q_10,0.975488100082098
age_70,32,beta_Q_11,0.959352600108905
age_70,32,beta_Q_12,0.930694600282621
age_70,32,beta_Q_13,0.87094089970365
age_70,32,beta_Q_14,0.720448003460304
age_70,32,beta_Q_15,0.487967973946839
age_70,32,beta_Q_16,0.291303050042397
age_70,32,beta_Q_17,0.190079902031803
age_70,32,h_Q_2,1368.176221
age_70,32,h_Q_3,1039.06899466
age_70,32,h_Q_4,688.657806176
age_70,32,h_Q_5,435.464204839318
age_70,32,h_Q_6,249.258456200104
age_70,32,h_Q_7,153.974070801919
age_70,32,h_Q_8,97.4772878724105
age_70,32,h_Q_9,62.4332743593082
age_70,32,h_Q_10,40.7965110391964
age_70,32,h_Q_11,24.6018195179626
age_70,32,h_Q_12,14.4288900889828
age_70,32,h_Q_13,7.74838810391073
age_70,32,h_Q_14,3.57715205882133
age_70,32,h_Q_15,1.95300216085779
age_70,32,h_Q_16,1.41104029496554
age_70,32,h_Q_17,1.23468968862108
age_70,32,P_Q_1,0.2793091446
age_70,32,P_Q_2,0.0668246582104452
age_70,32,P_Q_3,0.0684317514264877
age_70,32,P_Q_4,0.07412651408598
age_70,32,P_Q_5,0.0808111477247242
age_70,32,P_Q_6,0.0823117918264391
age_70,32,P_Q_7,0.0787999932551945
age_70,32,P_Q_8,0.0755384868436339
age_70,32,P_Q_9,0.0727043294547856
age_70,32,P_Q_10,0.0746869129488298
age_70,32,P_Q_11,0.072595159285578
age_70,32,P_Q_12,0.0668715004144745
age_70,32,P_Q_13,0.0606186892829693
age_70,32,P_Q_14,0.0499259085611089
age_70,32,P_Q_15,0.0299110906754525
age_70,32,P_Q_16,0.01102520827054
age_70,32,P_Q_17,0.0027762241893963
age_70,32,L_Q,1.25872786705652
age_70,32,beta_NQ_2,0.995627800032365
age_70,32,beta_NQ_3,0.994301400037895
age_70,32,beta_NQ_4,0.993276500039549
age_70,32,beta_NQ_5,0.991063400050626
age_70,32,beta_NQ_6,0.98669650007128
age_70,32,beta_NQ_7,0.981464100096166
age_70,32,beta_NQ_8,0.974632000133309
age_70,32,beta_NQ_9,0.965583600165624
age_70,32,beta_NQ_10,0.953941300216055
age_70,32,beta_NQ_11,0.933326700278642
age_70,32,beta_NQ_12,0.889069100360612
age_70,32,beta_NQ_13,0.802548500099496
age_70,32,beta_NQ_14,0.612639979588461
age_70,32,beta_NQ_15,0.374459167163718
age_70,32,beta_NQ_16,0.206698508885527
age_70,32,beta_NQ_17,0.13006720557363
age_70,32,h_NQ_2,228.717808
age_70,32,h_NQ_3,175.481697256
age_70,32,h_NQ_4,148.732059198688
age_70,32,h_NQ_5,111.899380082784
age_70,32,h_NQ_6,75.1681888196714
age_70,32,h_NQ_7,53.9493631179357
age_70,32,h_NQ_8,39.4197414064713
age_70,32,h_NQ_9,29.0559151938899
age_70,32,h_NQ_10,21.7114247689522
age_70,32,h_NQ_11,14.9985076527637
age_70,32,h_NQ_12,9.01462081008943
age_70,32,h_NQ_13,5.06453483170472
age_70,32,h_NQ_14,2.58157119482637
age_70,32,h_NQ_15,1.59861649092188
age_70,32,h_NQ_16,1.26055478441206
age_70,32,h_NQ_17,1.14951408369283
age_70,32,P_NQ_1,0.6517213374
age_70,32,P_NQ_2,0.155924203387985
age_70,32,P_NQ_3,0.159674087169786
age_70,32,P_NQ_4,0.17296186720699
age_70,32,P_NQ_5,0.188559346171975
age_70,32,P_NQ_6,0.192060848543882
age_70,32,P_NQ_7,0.183866647791046
age_70,32,P_NQ_8,0.176256467969716
age_70,32,P_NQ_9,0.169643432313118
age_70,32,P_NQ_10,0.174269461748363
age_70,32,P_NQ_11,0.169388707925698
age_70,32,P_NQ_12,0.15603349836899
age_70,32,P_NQ_13,0.141443611434475
age_70,32,P_NQ_14,0.116493926265191
age_70,32,P_NQ_15,0.0697925173580372
age_70,32,P_NQ_16,0.0257254813953094
age_70,32,P_NQ_17,0.00647785499886228
age_70,32,L_NQ,2.21866273085404
age_70,32,pi_Q,0.3
age_70,32,pi_NQ,0.7
age_70,32,y,7.00593869133915
age_70,32,nbar,8.2510246954973
age_70,32,Ptot,4.15756180850546
age_70,32,Pret,0.737095511214806
age_70,32,H,544.324763844668
age_70,32,cCheck,8.88178419700125e-16
age_70,32,shareq,0.3
age_70,32,A,1.599229571
age_70,32,A_Q,2
age_70,32,xpop,0.931030482
age_70,32,h_Q_1,100
age_70,32,mig_Q_2,-0.21617162
age_70,32,med_Q_2,1270.176221
age_70,32,mig_Q_3,0.00231648
age_70,32,med_Q_3,-187.6177
age_70,32,mig_Q_4,0.002288537
age_70,32,med_Q_4,-243.7874843
age_70,32,mig_Q_5,0.001032784
age_70,32,med_Q_5,-183.887372
age_70,32,mig_Q_6,0.000222507
age_70,32,med_Q_6,-142.6788339
age_70,32,mig_Q_7,-8.34996e-05
age_70,32,med_Q_7,-70.45683658
age_70,32,mig_Q_8,8.9456e-05
age_70,32,med_Q_8,-41.09737284
age_70,32,mig_Q_9,0.000278856
age_70,32,med_Q_9,-25.24992081
age_70,32,mig_Q_10,0.000295562
age_70,32,med_Q_10,-15.31635594
age_70,32,mig_Q_11,0.000527062
age_70,32,med_Q_11,-12.06865137
age_70,32,mig_Q_12,0.00110103
age_70,32,med_Q_12,-7.706597151
age_70,32,mig_Q_13,0.002434506
age_70,32,med_Q_13,-5.206777731
age_70,32,mig_Q_14,0.006137134
age_70,32,med_Q_14,-3.425594062
age_70,32,mig_Q_15,0.007111245
age_70,32,med_Q_15,-1.390577981
age_70,32,mig_Q_16,0.003376376
age_70,32,med_Q_16,-0.457559427
age_70,32,mig_Q_17,0.000965103
age_70,32,med_Q_17,-0.128097267
age_70,32,h_NQ_1,100
age_70,32,mig_NQ_2,-0.501761397
age_70,32,med_NQ_2,130.717808
age_70,32,mig_NQ_3,0.00620651
age_70,32,med_NQ_3,-29.01301301
age_70,32,mig_NQ_4,0.006308647
age_70,32,med_NQ_4,-8.311672677
age_70,32,mig_NQ_5,0.0037661
age_70,32,med_NQ_5,-21.39043005
age_70,32,mig_NQ_6,0.002475417
age_70,32,med_NQ_6,-25.15838441
age_70,32,mig_NQ_7,0.002248174
age_70,32,med_NQ_7,-13.47363362
age_70,32,mig_NQ_8,0.003152084
age_70,32,med_NQ_8,-8.973169526
age_70,32,mig_NQ_9,0.004110891
age_70,32,med_NQ_9,-6.311910181
age_70,32,mig_NQ_10,0.004884985
age_70,32,med_NQ_10,-4.364333291
age_70,32,mig_NQ_11,0.006213803
age_70,32,med_NQ_11,-4.504717349
age_70,32,mig_NQ_12,0.010049799
age_70,32,med_NQ_12,-4.484150523
age_70,32,mig_NQ_13,0.017144693
age_70,32,med_NQ_13,-3.054513612
age_70,32,mig_NQ_14,0.030177306
age_70,32,med_NQ_14,-2.028668334
age_70,32,mig_NQ_15,0.029172501
age_70,32,med_NQ_15,-0.834294134
age_70,32,mig_NQ_16,0.013094718
age_70,32,med_NQ_16,-0.278138647
age_70,32,mig_NQ_17,0.003582776
age_70,32,med_NQ_17,-0.073630565
age_70,33,beta_Q_2,0.999331100003848
age_70,33,beta_Q_3,0.99911830000427
age_70,33,beta_Q_4,0.998666800006164
age_70,33,beta_Q_5,0.997890200009164
age_70,33,beta_Q_6,0.996312500012747
age_70,33,beta_Q_7,0.994033200025952
age_70,33,beta_Q_8,0.990580000040723
age_70,33,beta_Q_9,0.985305400080463
age_70,33,beta_Q_10,0.977510000054601
age_70,33,beta_Q_11,0.962670300082601
age_70,33,beta_Q_12,0.936498500182189
age_70,33,beta_Q_13,0.88100390014641
age_70,33,beta_Q_14,0.733422297417913
age_70,33,beta_Q_15,0.500254993343758
age_70,33,beta_Q_16,0.303879367492908
age_70,33,beta_Q_17,0.199849538965479
age_70,33,h_Q_2,1494.991778
age_70,33,h_Q_3,1134.17262098
age_70,33,h_Q_4,750.0750079668
age_70,33,h_Q_5,473.97857645248
age_70,33,h_Q_6,271.186440642532
age_70,33,h_Q_7,167.594020346102
age_70,33,h_Q_8,106.157112565881
age_70,33,h_Q_9,68.0522097349623
age_70,33,h_Q_10,44.464206232122
age_70,33,h_Q_11,26.7883213184125
age_70,33,h_Q_12,15.7476594726033
age_70,33,h_Q_13,8.40363674620311
age_70,33,h_Q_14,3.75125147483252
age_70,33,h_Q_15,2.00101976264491
age_70,33,h_Q_16,1.43653247264063
age_70,33,h_Q_17,1.24976492106623
age_70,33,P_Q_1,0.2728829697
age_70,33,P_Q_2,0.0680530875473432
age_70,33,P_Q_3,0.0690791191597449
age_70,33,P_Q_4,0.070625268680691
age_70,33,P_Q_5,0.074993456959692
age_70,33,P_Q_6,0.0807093744825169
age_70,33,P_Q_7,0.0816939958654526
age_70,33,P_Q_8,0.0780791852883731
age_70,33,P_Q_9,0.0746060143498758
age_70,33,P_Q_10,0.0711997692075917
age_70,33,P_Q_11,0.0721264721315673
age_70,33,P_Q_12,0.0685634817537442
age_70,33,P_Q_13,0.0605398167355155
age_70,33,P_Q_14,0.0495108806662957
age_70,33,P_Q_15,0.0318012424480195
age_70,33,P_Q_16,0.012408367943854
age_70,33,P_Q_17,0.00319390850794446
age_70,33,L_Q,1.24391617246441
age_70,33,beta_NQ_2,0.996010100027693
age_70,33,beta_NQ_3,0.994794500034543
age_70,33,beta_NQ_4,0.993849800034964
age_70,33,beta_NQ_5,0.991821900044768
age_70,33,beta_NQ_6,0.987820900065339
age_70,33,beta_NQ_7,0.983030700088044
age_70,33,beta_NQ_8,0.976772100115308
age_70,33,beta_NQ_9,0.968481400160999
age_70,33,beta_NQ_10,0.957781700181515
age_70,33,beta_NQ_11,0.938775200242247
age_70,33,beta_NQ_12,0.898099100429958
age_70,33,beta_NQ_13,0.816738200140866
age_70,33,beta_NQ_14,0.627654083587172
age_70,33,beta_NQ_15,0.385817471492571
age_70,33,beta_NQ_16,0.216589118704366
age_70,33,beta_NQ_17,0.136997204856169
age_70,33,h_NQ_2,250.6328479
age_70,33,h_NQ_3,192.10450488
age_70,33,h_NQ_4,162.59633832788
age_70,33,h_NQ_5,122.277790684714
age_70,33,h_NQ_6,82.1078733311287
age_70,33,h_NQ_7,58.929949963278
age_70,33,h_NQ_8,43.051674915577
age_70,33,h_NQ_9,31.7272975323419
age_70,33,h_NQ_10,23.6864108600121
age_70,33,h_NQ_11,16.3332505785731
age_70,33,h_NQ_12,9.8134560187084
age_70,33,h_NQ_13,5.45667454688764
age_70,33,h_NQ_14,2.68566758207063
age_70,33,h_NQ_15,1.62818028292984
age_70,33,h_NQ_16,1.27646934510344
age_70,33,h_NQ_17,1.15874479372381
age_70,33,P_NQ_1,0.6367269293
age_70,33,P_NQ_2,0.158790539389713
age_70,33,P_NQ_3,0.161184611728467
age_70,33,P_NQ_4,0.164792293451015
age_70,33,P_NQ_5,0.174984735193265
age_70,33,P_NQ_6,0.188321875923617
age_70,33,P_NQ_7,0.190619324879827
age_70,33,P_NQ_8,0.182184762694394
age_70,33,P_NQ_9,0.174080699894675
age_70,33,P_NQ_10,0.166132794393891
age_70,33,P_NQ_11,0.168295099692934
age_70,33,P_NQ_12,0.159981460166747
age_70,33,P_NQ_13,0.14125957108131
age_70,33,P_NQ_14,0.115525530222135
age_70,33,P_NQ_15,0.074202938608895
age_70,33,P_NQ_16,0.0289528442692735
age_70,33,P_NQ_17,0.00745245247712429
age_70,33,L_NQ,2.19271976020463
age_70,33,pi_Q,0.3
age_70,33,pi_NQ,0.7
age_70,33,y,7.1752854662967
age_70,33,nbar,8.2415033269632
age_70,33,Ptot,4.1335548747955
age_70,33,Pret,0.753392494880858
age_70,33,H,579.309495821673
age_70,33,cCheck,4.44089209850063e-16
age_70,33,shareq,0.3
age_70,33,A,1.639210311
age_70,33,A_Q,2
age_70,33,xpop,0.909609899
age_70,33,h_Q_1,100
age_70,33,mig_Q_2,-0.21105191
age_70,33,med_Q_2,1396.991778
age_70,33,mig_Q_3,0.002318773
age_70,33,med_Q_3,-206.6400756
age_70,33,mig_Q_4,0.002292887
age_70,33,med_Q_4,-268.2126068
age_70,33,mig_Q_5,0.001037167
age_70,33,med_Q_5,-200.9060736
age_70,33,mig_Q_6,0.000222433
age_70,33,med_Q_6,-155.5684801
age_70,33,mig_Q_7,-8.32138e-05
age_70,33,med_Q_7,-76.67926673
age_70,33,mig_Q_8,8.75854e-05
age_70,33,med_Q_8,-44.73747682
age_70,33,mig_Q_9,0.000277435
age_70,33,med_Q_9,-27.47553238
age_70,33,mig_Q_10,0.000277561
age_70,33,med_Q_10,-16.72040264
age_70,33,mig_Q_11,0.000475388
age_70,33,med_Q_11,-13.1922595
age_70,33,mig_Q_12,0.000999559
age_70,33,med_Q_12,-8.362123655
age_70,33,mig_Q_13,0.002298692
age_70,33,med_Q_13,-5.736675541
age_70,33,mig_Q_14,0.005838267
age_70,33,med_Q_14,-3.842168867
age_70,33,mig_Q_15,0.007438998
age_70,33,med_Q_15,-1.504589255
age_70,33,mig_Q_16,0.003695176
age_70,33,med_Q_16,-0.477409645
age_70,33,mig_Q_17,0.001098238
age_70,33,med_Q_17,-0.133054568
age_70,33,h_NQ_1,100
age_70,33,mig_NQ_2,-0.490081342
age_70,33,med_NQ_2,152.6328479
age_70,33,mig_NQ_3,0.006148958
age_70,33,med_NQ_3,-32.03894696
age_70,33,mig_NQ_4,0.006191775
age_70,33,med_NQ_4,-9.375724983
age_70,33,mig_NQ_5,0.003568559
age_70,33,med_NQ_5,-23.47962733
age_70,33,mig_NQ_6,0.002271029
age_70,33,med_NQ_6,-27.55351915
age_70,33,mig_NQ_7,0.002118497
age_70,33,med_NQ_7,-14.73487508
age_70,33,mig_NQ_8,0.002982444
age_70,33,med_NQ_8,-9.81870094
age_70,33,mig_NQ_9,0.003890345
age_70,33,med_NQ_9,-6.904049046
age_70,33,mig_NQ_10,0.004302918
age_70,33,med_NQ_10,-4.78838603
age_70,33,mig_NQ_11,0.005644758
age_70,33,med_NQ_11,-4.943945695
age_70,33,mig_NQ_12,0.009383194
age_70,33,med_NQ_12,-4.885081481
age_70,33,mig_NQ_13,0.016035121
age_70,33,med_NQ_13,-3.377653847
age_70,33,mig_NQ_14,0.028871519
age_70,33,med_NQ_14,-2.277576553
age_70,33,mig_NQ_15,0.03058072
age_70,33,med_NQ_15,-0.901759488
age_70,33,mig_NQ_16,0.014526835
age_70,33,med_NQ_16,-0.290174816
age_70,33,mig_NQ_17,0.004106411
age_70,33,med_NQ_17,-0.076598895
age_70,34,beta_Q_2,0.999387600003082
age_70,34,beta_Q_3,0.999192000004174
age_70,34,beta_Q_4,0.998775500004561
age_70,34,beta_Q_5,0.998060900008674
age_70,34,beta_Q_6,0.996609400015466
age_70,34,beta_Q_7,0.994516100018804
age_70,34,beta_Q_8,0.991347000040712
age_70,34,beta_Q_9,0.986513900063244
age_70,34,beta_Q_10,0.979358000120197
age_70,34,beta_Q_11,0.96570680003116
age_70,34,beta_Q_12,0.941810400130737
age_70,34,beta_Q_13,0.890301199915984
age_70,34,beta_Q_14,0.745840599275976
age_70,34,beta_Q_15,0.512354776424236
age_70,34,beta_Q_16,0.316518299435644
age_70,34,beta_Q_17,0.211702231823928
age_70,34,h_Q_2,1632.91966
age_70,34,h_Q_3,1237.62376284
age_70,34,h_Q_4,816.6598610604
age_70,34,h_Q_5,515.703161707464
age_70,34,h_Q_6,294.93305052343
age_70,34,h_Q_7,182.351975749681
age_70,34,h_Q_8,115.56685552918
age_70,34,h_Q_9,74.1504215845631
age_70,34,h_Q_10,48.4449182102631
age_70,34,h_Q_11,29.1602999174796
age_70,34,h_Q_12,17.1852014350442
age_70,34,h_Q_13,9.11586996915126
age_70,34,h_Q_14,3.93453870727905
age_70,34,h_Q_15,2.05067039033587
age_70,34,h_Q_16,1.46309679139201
age_70,34,h_Q_17,1.26855610818782
age_70,34,P_Q_1,0.2665561473
age_70,34,P_Q_2,0.0688999292826177
age_70,34,P_Q_3,0.0703138001403434
age_70,34,P_Q_4,0.071282195878507
age_70,34,P_Q_5,0.0715170524894757
age_70,34,P_Q_6,0.0749405245881091
age_70,34,P_Q_7,0.0801450424889491
age_70,34,P_Q_8,0.0810113898277268
age_70,34,P_Q_9,0.0772048378985171
age_70,34,P_Q_10,0.0731990330912207
age_70,34,P_Q_11,0.0689577981888842
age_70,34,P_Q_12,0.0684328579746452
age_70,34,P_Q_13,0.0625715878326659
age_70,34,P_Q_14,0.0503068294754212
age_70,34,P_Q_15,0.0320200662781614
age_70,34,P_Q_16,0.0135383444405928
age_70,34,P_Q_17,0.00375145061289325
age_70,34,L_Q,1.23103281733203
age_70,34,beta_NQ_2,0.996358100025542
age_70,34,beta_NQ_3,0.995243800029205
age_70,34,beta_NQ_4,0.994372700032295
age_70,34,beta_NQ_5,0.992514000039826
age_70,34,beta_NQ_6,0.988847600057919
age_70,34,beta_NQ_7,0.984461900081442
age_70,34,beta_NQ_8,0.978728200106791
age_70,34,beta_NQ_9,0.971132900138259
age_70,34,beta_NQ_10,0.961300700181115
age_70,34,beta_NQ_11,0.943781400192425
age_70,34,beta_NQ_12,0.906432000373016
age_70,34,beta_NQ_13,0.83003340034535
age_70,34,beta_NQ_14,0.642230985309805
age_70,34,beta_NQ_15,0.397119873183648
age_70,34,beta_NQ_16,0.226629921509611
age_70,34,beta_NQ_17,0.145706808057655
age_70,34,h_NQ_2,274.581949
age_70,34,h_NQ_3,210.251881712
age_70,34,h_NQ_4,177.7051161624
age_70,34,h_NQ_5,133.582687681322
age_70,34,h_NQ_6,89.6667981810199
age_70,34,h_NQ_7,64.3579330845062
age_70,34,h_NQ_8,47.0105961840124
age_70,34,h_NQ_9,34.6415123002654
age_70,34,h_NQ_10,25.8402606766951
age_70,34,h_NQ_11,17.7877072618119
age_70,34,h_NQ_12,10.6874145010016
age_70,34,h_NQ_13,5.88350888133423
age_70,34,h_NQ_14,2.79509181594989
age_70,34,h_NQ_15,1.65870432942921
age_70,34,h_NQ_16,1.29304197227125
age_70,34,h_NQ_17,1.17055830320137
age_70,34,P_NQ_1,0.6219643437
age_70,34,P_NQ_2,0.160766499542419
age_70,34,P_NQ_3,0.164065536242405
age_70,34,P_NQ_4,0.16632512613505
age_70,34,P_NQ_5,0.166873123603321
age_70,34,P_NQ_6,0.174861227616306
age_70,34,P_NQ_7,0.187005100531087
age_70,34,P_NQ_8,0.189026578285431
age_70,34,P_NQ_9,0.180144620062266
age_70,34,P_NQ_10,0.17079774271391
age_70,34,P_NQ_11,0.160901527323929
age_70,34,P_NQ_12,0.159676666640994
age_70,34,P_NQ_13,0.146000372832496
age_70,34,P_NQ_14,0.117382738634957
age_70,34,P_NQ_15,0.0747135279631427
age_70,34,P_NQ_16,0.0315894730785747
age_70,34,P_NQ_17,0.00875338073752642
age_70,34,L_NQ,2.17060342995489
age_70,34,pi_Q,0.3
age_70,34,pi_NQ,0.7
age_70,34,y,7.36589715520104
age_70,34,nbar,8.25948581502521
age_70,34,Ptot,4.11549647343254
age_70,34,Pret,0.768737296502071
age_70,34,H,621.441627390154
age_70,34,cCheck,-8.88178419700125e-16
age_70,34,shareq,0.3
age_70,34,A,1.680190569
age_70,34,A_Q,2
age_70,34,xpop,0.888520491
age_70,34,h_Q_1,100
age_70,34,mig_Q_2,-0.203800509
age_70,34,med_Q_2,1534.91966
age_70,34,mig_Q_3,0.002320715
age_70,34,med_Q_3,-227.4681796
age_70,34,mig_Q_4,0.002295173
age_70,34,med_Q_4,-294.8293075
age_70,34,mig_Q_5,0.001040789
age_70,34,med_Q_5,-219.3703461
age_70,34,mig_Q_6,0.000223606
age_70,34,med_Q_6,-169.5659544
age_70,34,mig_Q_7,-8.27553e-05
age_70,34,med_Q_7,-83.41073608
age_70,34,mig_Q_8,8.69514e-05
age_70,34,med_Q_8,-48.67528441
age_70,34,mig_Q_9,0.000272995
age_70,34,med_Q_9,-29.88354873
age_70,34,mig_Q_10,0.000270908
age_70,34,med_Q_10,-18.24624733
age_70,34,mig_Q_11,0.000415895
age_70,34,med_Q_11,-14.41462219
age_70,34,mig_Q_12,0.000886525
age_70,34,med_Q_12,-9.067353457
age_70,34,mig_Q_13,0.002166893
age_70,34,med_Q_13,-6.316836314
age_70,34,mig_Q_14,0.005905578
age_70,34,med_Q_14,-4.301025304
age_70,34,mig_Q_15,0.007252001
age_70,34,med_Q_15,-1.625556055
age_70,34,mig_Q_16,0.003874603
age_70,34,med_Q_16,-0.497902576
age_70,34,mig_Q_17,0.001271644
age_70,34,med_Q_17,-0.139245715
age_70,34,h_NQ_1,100
age_70,34,mig_NQ_2,-0.473419953
age_70,34,med_NQ_2,176.581949
age_70,34,mig_NQ_3,0.006101581
age_70,34,med_NQ_3,-35.36830923
age_70,34,mig_NQ_4,0.006131832
age_70,34,med_NQ_4,-10.55729862
age_70,34,mig_NQ_5,0.003428518
age_70,34,med_NQ_5,-25.76172388
age_70,34,mig_NQ_6,0.002007649
age_70,34,med_NQ_6,-30.16543669
age_70,34,mig_NQ_7,0.001878915
age_70,34,med_NQ_7,-16.10778278
age_70,34,mig_NQ_8,0.00283494
age_70,34,med_NQ_8,-10.74075478
age_70,34,mig_NQ_9,0.003702066
age_70,34,med_NQ_9,-7.549129117
age_70,34,mig_NQ_10,0.004066434
age_70,34,med_NQ_10,-5.252490905
age_70,34,mig_NQ_11,0.00494018
age_70,34,med_NQ_11,-5.424975381
age_70,34,mig_NQ_12,0.008530989
age_70,34,med_NQ_12,-5.319171066
age_70,34,mig_NQ_13,0.015337403
age_70,34,med_NQ_13,-3.733678017
age_70,34,mig_NQ_14,0.028720592
age_70,34,med_NQ_14,-2.55244924
age_70,34,mig_NQ_15,0.03014176
age_70,34,med_NQ_15,-0.973249901
age_70,34,mig_NQ_16,0.015517924
age_70,34,med_NQ_16,-0.302574705
age_70,34,mig_NQ_17,0.004786922
age_70,34,med_NQ_17,-0.080381655
age_70,35,beta_Q_2,0.99943910000293
age_70,35,beta_Q_3,0.99925920000321
age_70,35,beta_Q_4,0.998875000004838
age_70,35,beta_Q_5,0.998217000005663
age_70,35,beta_Q_6,0.996881100014151
age_70,35,beta_Q_7,0.994957800025594
age_70,35,beta_Q_8,0.992048400026808
age_70,35,beta_Q_9,0.987618300065522
age_70,35,beta_Q_10,0.981047400091141
age_70,35,beta_Q_11,0.968486200199883
age_70,35,beta_Q_12,0.946671900020683
age_70,35,beta_Q_13,0.898886899824713
age_70,35,beta_Q_14,0.757719698206412
age_70,35,beta_Q_15,0.524262384130702
age_70,35,beta_Q_16,0.329157368970759
age_70,35,beta_Q_17,0.22375696978696
age_70,35,h_Q_2,1782.848993
age_70,35,h_Q_3,1349.8920083
age_70,35,h_Q_4,888.8888893832
age_70,35,h_Q_5,560.852495639192
age_70,35,h_Q_6,320.625862073315
age_70,35,h_Q_7,198.326127802962
age_70,35,h_Q_8,125.760853124688
age_70,35,h_Q_9,80.7643539485964
age_70,35,h_Q_10,52.7632093128719
age_70,35,h_Q_11,31.7321301360578
age_70,35,h_Q_12,18.75183994213
age_70,35,h_Q_13,9.88991530834334
age_70,35,h_Q_14,4.12745069476824
age_70,35,h_Q_15,2.10199819013347
age_70,35,h_Q_16,1.49066238152915
age_70,35,h_Q_17,1.28825625856417
age_70,35,P_Q_1,0.2625270279
age_70,35,P_Q_2,0.0686167203162151
age_70,35,P_Q_3,0.0711668861400449
age_70,35,P_Q_4,0.0725246548923922
age_70,35,P_Q_5,0.0721866565730973
age_70,35,P_Q_6,0.071500047772411
age_70,35,P_Q_7,0.0744493036467295
age_70,35,P_Q_8,0.0795372315395551
age_70,35,P_Q_9,0.0801893791284946
age_70,35,P_Q_10,0.0758730366438957
age_70,35,P_Q_11,0.0710834880118977
age_70,35,P_Q_12,0.0657041245044077
age_70,35,P_Q_13,0.0629227495685068
age_70,35,P_Q_14,0.0526468205667649
age_70,35,P_Q_15,0.0333607233684916
age_70,35,P_Q_16,0.0138983629261803
age_70,35,P_Q_17,0.00431255073327455
age_70,35,L_Q,1.22470080782735
age_70,35,beta_NQ_2,0.996674600022679
age_70,35,beta_NQ_3,0.995652800027067
age_70,35,beta_NQ_4,0.994849500026568
age_70,35,beta_NQ_5,0.993145400037061
age_70,35,beta_NQ_6,0.98978510005142
age_70,35,beta_NQ_7,0.985769000073407
age_70,35,beta_NQ_8,0.980516300099409
age_70,35,beta_NQ_9,0.973558100129307
age_70,35,beta_NQ_10,0.964524000153219
age_70,35,beta_NQ_11,0.94837860020566
age_70,35,beta_NQ_12,0.914113700281407
age_70,35,beta_NQ_13,0.842470900251059
age_70,35,beta_NQ_14,0.656369384900565
age_70,35,beta_NQ_15,0.408358575984497
age_70,35,beta_NQ_16,0.236769321574473
age_70,35,beta_NQ_17,0.154645610028818
age_70,35,h_NQ_2,300.7157034
age_70,35,h_NQ_3,230.03312479
age_70,35,h_NQ_4,194.15590714776
age_70,35,h_NQ_5,145.887433289152
age_70,35,h_NQ_6,97.8962104376959
age_70,35,h_NQ_7,70.2691307773995
age_70,35,h_NQ_8,51.324953682816
age_70,35,h_NQ_9,37.8187649103322
age_70,35,h_NQ_10,28.1880707992601
age_70,35,h_NQ_11,19.3718109161612
age_70,35,h_NQ_12,11.6433004935756
age_70,35,h_NQ_13,6.34803347498161
age_70,35,h_NQ_14,2.91009325470755
age_70,35,h_NQ_15,1.69021273563089
age_70,35,h_NQ_16,1.31021982884063
age_70,35,h_NQ_17,1.18293581882582
age_70,35,P_NQ_1,0.6125630651
age_70,35,P_NQ_2,0.160105680772565
age_70,35,P_NQ_3,0.16605606792199
age_70,35,P_NQ_4,0.169224198255606
age_70,35,P_NQ_5,0.168435535247427
age_70,35,P_NQ_6,0.166833444789312
age_70,35,P_NQ_7,0.173715046389722
age_70,35,P_NQ_8,0.18558687345358
age_70,35,P_NQ_9,0.187108552173542
age_70,35,P_NQ_10,0.177037084399717
age_70,35,P_NQ_11,0.165861471768239
age_70,35,P_NQ_12,0.153309622275302
age_70,35,P_NQ_13,0.146819748567835
age_70,35,P_NQ_14,0.122842727299813
age_70,35,P_NQ_15,0.0778417302806632
age_70,35,P_NQ_16,0.0324295159779932
age_70,35,P_NQ_17,0.0100626172905023
age_70,35,L_NQ,2.15990012733922
age_70,35,pi_Q,0.3
age_70,35,pi_NQ,0.7
age_70,35,y,7.59769397646372
age_70,35,nbar,8.33405322621163
age_70,35,Ptot,4.10833274619617
age_70,35,Pret,0.776151293359735
age_70,35,H,668.407537313068
age_70,35,cCheck,4.44089209850063e-16
age_70,35,shareq,0.3
age_70,35,A,1.722195333
age_70,35,A_Q,2
age_70,35,xpop,0.875090093
age_70,35,h_Q_1,100
age_70,35,mig_Q_2,-0.197776188
age_70,35,med_Q_2,1684.848993
age_70,35,mig_Q_3,0.002322628
age_70,35,med_Q_3,-250.3692585
age_70,35,mig_Q_4,0.002296954
age_70,35,med_Q_4,-323.9823982
age_70,35,mig_Q_5,0.001042684
age_70,35,med_Q_5,-239.4741682
age_70,35,mig_Q_6,0.000225481
age_70,35,med_Q_6,-184.7632364
age_70,35,mig_Q_7,-8.02546e-05
age_70,35,med_Q_7,-90.70826171
age_70,35,mig_Q_8,8.56841e-05
age_70,35,med_Q_8,-52.94408311
age_70,35,mig_Q_9,0.000270517
age_70,35,med_Q_9,-32.49116447
age_70,35,mig_Q_10,0.000261861
age_70,35,med_Q_10,-19.90420384
age_70,35,mig_Q_11,0.000394684
age_70,35,med_Q_11,-15.74388971
age_70,35,mig_Q_12,0.000758953
age_70,35,med_Q_12,-9.825253977
age_70,35,mig_Q_13,0.001996894
age_70,35,med_Q_13,-6.951582098
age_70,35,mig_Q_14,0.00597839
age_70,35,med_Q_14,-4.806101875
age_70,35,mig_Q_15,0.007585779
age_70,35,med_Q_15,-1.753849743
age_70,35,mig_Q_16,0.003763426
age_70,35,med_Q_16,-0.518994601
age_70,35,mig_Q_17,0.001446453
age_70,35,med_Q_17,-0.145578597
age_70,35,h_NQ_1,100
age_70,35,mig_NQ_2,-0.459593531
age_70,35,med_NQ_2,202.7157034
age_70,35,mig_NQ_3,0.006054206
age_70,35,med_NQ_3,-39.05718523
age_70,35,mig_NQ_4,0.006081908
age_70,35,med_NQ_4,-11.89093693
age_70,35,mig_NQ_5,0.003355519
age_70,35,med_NQ_5,-28.26358055
age_70,35,mig_NQ_6,0.001821357
age_70,35,med_NQ_6,-33.01482349
age_70,35,mig_NQ_7,0.00157083
age_70,35,med_NQ_7,-17.60433144
age_70,35,mig_NQ_8,0.002559708
age_70,35,med_NQ_8,-11.74582074
age_70,35,mig_NQ_9,0.003538623
age_70,35,med_NQ_9,-8.25161935
age_70,35,mig_NQ_10,0.003863935
age_70,35,med_NQ_10,-5.760611255
age_70,35,mig_NQ_11,0.004665739
age_70,35,med_NQ_11,-5.951644547
age_70,35,mig_NQ_12,0.007463329
age_70,35,med_NQ_12,-5.788652623
age_70,35,mig_NQ_13,0.014282782
age_70,35,med_NQ_13,-4.125632736
age_70,35,mig_NQ_14,0.029076764
age_70,35,med_NQ_14,-2.855745449
age_70,35,mig_NQ_15,0.031226712
age_70,35,med_NQ_15,-1.048977244
age_70,35,mig_NQ_16,0.015497195
age_70,35,med_NQ_16,-0.315310414
age_70,35,mig_NQ_17,0.005459816
age_70,35,med_NQ_17,-0.084245314
age_70,36,beta_Q_2,0.999486100002423
age_70,36,beta_Q_3,0.999320600003142
age_70,36,beta_Q_4,0.998965900003381
age_70,36,beta_Q_5,0.998359900006839
age_70,36,beta_Q_6,0.997129900007867
age_70,36,beta_Q_7,0.995362200023692
age_70,36,beta_Q_8,0.992690100042264
age_70,36,beta_Q_9,0.988628000039784
age_70,36,beta_Q_10,0.982592400098441
age_70,36,beta_Q_11,0.971031100136121
age_70,36,beta_Q_12,0.951120700425128
age_70,36,beta_Q_13,0.906811999552915
age_70,36,beta_Q_14,0.769077097730359
age_70,36,beta_Q_15,0.535973181667229
age_70,36,beta_Q_16,0.341780584233152
age_70,36,beta_Q_17,0.235953329672189
age_70,36,h_Q_2,1945.903872
age_70,36,h_Q_3,1471.88695934
age_70,36,h_Q_4,967.024465434
age_70,36,h_Q_5,609.718920095536
age_70,36,h_Q_6,348.419915526408
age_70,36,h_Q_7,215.619475131848
age_70,36,h_Q_8,136.800777336902
age_70,36,h_Q_9,87.9352796021941
age_70,36,h_Q_10,57.4461730396245
age_70,36,h_Q_11,34.5197781466144
age_70,36,h_Q_12,20.4585582033367
age_70,36,h_Q_13,10.7309953262874
age_70,36,h_Q_14,4.33044964417647
age_70,36,h_Q_15,2.15504698187287
age_70,36,h_Q_16,1.5192500263308
age_70,36,h_Q_17,1.30882048689857
age_70,36,P_Q_1,0.2611496442
age_70,36,P_Q_2,0.0667486674908202
age_70,36,P_Q_3,0.0708905500500251
age_70,36,P_Q_4,0.0733855463934816
age_70,36,P_Q_5,0.0734394104331298
age_70,36,P_Q_6,0.0721877926109329
age_70,36,P_Q_7,0.0710624787333629
age_70,36,P_Q_8,0.073943785665848
age_70,36,P_Q_9,0.0788189434050132
age_70,36,P_Q_10,0.0789253739089324
age_70,36,P_Q_11,0.073853758956873
age_70,36,P_Q_12,0.0680017496563207
age_70,36,P_Q_13,0.060835200781464
age_70,36,P_Q_14,0.0535830688133666
age_70,36,P_Q_15,0.0354778056672334
age_70,36,P_Q_16,0.014956384930934
age_70,36,P_Q_17,0.00467479957336152
age_70,36,L_Q,1.21779153907505
age_70,36,beta_NQ_2,0.996962800020183
age_70,36,beta_NQ_3,0.996025900024401
age_70,36,beta_NQ_4,0.99528450002507
age_70,36,beta_NQ_5,0.99372170002992
age_70,36,beta_NQ_6,0.990640900048467
age_70,36,beta_NQ_7,0.986963100063995
age_70,36,beta_NQ_8,0.982150400089985
age_70,36,beta_NQ_9,0.975776100121519
age_70,36,beta_NQ_10,0.967475600144764
age_70,36,beta_NQ_11,0.952598600166567
age_70,36,beta_NQ_12,0.921187900336114
age_70,36,beta_NQ_13,0.854089100044522
age_70,36,beta_NQ_14,0.670069880789206
age_70,36,beta_NQ_15,0.419525880663102
age_70,36,beta_NQ_16,0.246996423724605
age_70,36,beta_NQ_17,0.16376980933831
age_70,36,h_NQ_2,329.2506256
age_70,36,h_NQ_3,251.629299742
age_70,36,h_NQ_4,212.0665889242
age_70,36,h_NQ_5,159.278785614805
age_70,36,h_NQ_6,106.847880703369
age_70,36,h_NQ_7,76.705351728942
age_70,36,h_NQ_8,56.0236644018515
age_70,36,h_NQ_9,41.2815442631597
age_70,36,h_NQ_10,30.7461475031255
age_70,36,h_NQ_11,21.0964233032749
age_70,36,h_NQ_12,12.6884069838379
age_70,36,h_NQ_13,6.85349757070412
age_70,36,h_NQ_14,3.03093585348198
age_70,36,h_NQ_15,1.7227294546134
age_70,36,h_NQ_16,1.32801489591828
age_70,36,h_NQ_17,1.19584295926382
age_70,36,P_NQ_1,0.6093491698
age_70,36,P_NQ_2,0.155746889897208
age_70,36,P_NQ_3,0.165411282361445
age_70,36,P_NQ_4,0.17123294114857
age_70,36,P_NQ_5,0.171358627072515
age_70,36,P_NQ_6,0.168438185107089
age_70,36,P_NQ_7,0.165812450048762
age_70,36,P_NQ_8,0.172535503557647
age_70,36,P_NQ_9,0.183910868928406
age_70,36,P_NQ_10,0.184159208205302
age_70,36,P_NQ_11,0.172325434287495
age_70,36,P_NQ_12,0.158670750692186
age_70,36,P_NQ_13,0.141948799495424
age_70,36,P_NQ_14,0.125027304058726
age_70,36,P_NQ_15,0.0827815931902036
age_70,36,P_NQ_16,0.0348982366687357
age_70,36,P_NQ_17,0.0109078622813561
age_70,36,L_NQ,2.14770208414481
age_70,36,pi_Q,0.3
age_70,36,pi_NQ,0.7
age_70,36,y,7.83636382236888
age_70,36,nbar,8.40864791335528
age_70,36,Ptot,4.10645006807217
age_70,36,Pret,0.79176355580931
age_70,36,H,715.406756661044
age_70,36,cCheck,8.88178419700125e-16
age_70,36,shareq,0.3
age_70,36,A,1.765250216
age_70,36,A_Q,2
age_70,36,xpop,0.870498814
age_70,36,h_Q_1,100
age_70,36,mig_Q_2,-0.195631109
age_70,36,med_Q_2,1847.903872
age_70,36,mig_Q_3,0.002324661
age_70,36,med_Q_3,-275.3050538
age_70,36,mig_Q_4,0.002298723
age_70,36,med_Q_4,-355.8697027
age_70,36,mig_Q_5,0.001044067
age_70,36,med_Q_5,-261.3921915
age_70,36,mig_Q_6,0.000226279
age_70,36,med_Q_6,-201.2155302
age_70,36,mig_Q_7,-7.70515e-05
age_70,36,med_Q_7,-98.5938697
age_70,36,mig_Q_8,8.64731e-05
age_70,36,med_Q_8,-57.55882791
age_70,36,mig_Q_9,0.000266518
age_70,36,med_Q_9,-35.31035646
age_70,36,mig_Q_10,0.000255792
age_70,36,med_Q_10,-21.70289383
age_70,36,mig_Q_11,0.00037177
age_70,36,med_Q_11,-17.18816698
age_70,36,mig_Q_12,0.000709009
age_70,36,med_Q_12,-10.63892933
age_70,36,mig_Q_13,0.001774624
age_70,36,med_Q_13,-7.645807817
age_70,36,mig_Q_14,0.005905262
age_70,36,med_Q_14,-5.361667358
age_70,36,mig_Q_15,0.007877058
age_70,36,med_Q_15,-1.889854699
age_70,36,mig_Q_16,0.003975457
age_70,36,med_Q_16,-0.5407082
age_70,36,mig_Q_17,0.001564944
age_70,36,med_Q_17,-0.152028647
age_70,36,h_NQ_1,100
age_70,36,mig_NQ_2,-0.454779158
age_70,36,med_NQ_2,231.2506256
age_70,36,mig_NQ_3,0.006001613
age_70,36,med_NQ_3,-43.07208959
age_70,36,mig_NQ_4,0.006032145
age_70,36,med_NQ_4,-13.36587337
age_70,36,mig_NQ_5,0.003294393
age_70,36,med_NQ_5,-30.99400339
age_70,36,mig_NQ_6,0.001723202
age_70,36,med_NQ_6,-36.12180392
age_70,36,mig_NQ_7,0.001353212
age_70,36,med_NQ_7,-19.2329345
age_70,36,mig_NQ_8,0.002205069
age_70,36,med_NQ_8,-12.84008376
age_70,36,mig_NQ_9,0.003231265
age_70,36,med_NQ_9,-9.016910346
age_70,36,mig_NQ_10,0.003688519
age_70,36,med_NQ_10,-6.316242109
age_70,36,mig_NQ_11,0.004427252
age_70,36,med_NQ_11,-6.52788608
age_70,36,mig_NQ_12,0.007054507
age_70,36,med_NQ_12,-6.295967714
age_70,36,mig_NQ_13,0.012789904
age_70,36,med_NQ_13,-4.556936913
age_70,36,mig_NQ_14,0.028659316
age_70,36,med_NQ_14,-3.190136952
age_70,36,mig_NQ_15,0.032617712
age_70,36,med_NQ_15,-1.129161935
age_70,36,mig_NQ_16,0.016467703
age_70,36,med_NQ_16,-0.328393585
age_70,36,mig_NQ_17,0.00589278
age_70,36,med_NQ_17,-0.088172473
age_70,37,beta_Q_2,0.999529100000098
age_70,37,beta_Q_3,0.999376700002542
age_70,37,beta_Q_4,0.999049100003513
age_70,37,beta_Q_5,0.998490700004191
age_70,37,beta_Q_6,0.997357800011887
age_70,37,beta_Q_7,0.995732500010877
age_70,37,beta_Q_8,0.993277400039784
age_70,37,beta_Q_9,0.989551500072173
age_70,37,beta_Q_10,0.984005600052047
age_70,37,beta_Q_11,0.973361400165297
age_70,37,beta_Q_12,0.9551919002818
age_70,37,beta_Q_13,0.91412480082817
age_70,37,beta_Q_14,0.779930496193008
age_70,37,beta_Q_15,0.547483280799446
age_70,37,beta_Q_16,0.354373080785361
age_70,37,beta_Q_17,0.248270248045955
age_70,37,h_Q_2,2123.59312
age_70,37,h_Q_3,1604.36386936
age_70,37,h_Q_4,1051.6352931532
age_70,37,h_Q_5,662.55880182532
age_70,37,h_Q_6,378.472485593625
age_70,37,h_Q_7,234.32923241588
age_70,37,h_Q_8,148.751971339211
age_70,37,h_Q_9,95.7075181301644
age_70,37,h_Q_10,62.5218826301502
age_70,37,h_Q_11,37.539510438832
age_70,37,h_Q_12,22.3173935436821
age_70,37,h_Q_13,11.6448055652699
age_70,37,h_Q_14,4.54401896976164
age_70,37,h_Q_15,2.20986217529294
age_70,37,h_Q_16,1.54888190923541
age_70,37,h_Q_17,1.33026519880418
age_70,37,P_Q_1,0.2607247251
age_70,37,P_Q_2,0.0641955953984785
age_70,37,P_Q_3,0.0690302944463367
age_70,37,P_Q_4,0.0731178831324581
age_70,37,P_Q_5,0.0743106957593436
age_70,37,P_Q_6,0.0734553669818235
age_70,37,P_Q_7,0.0717773745680722
age_70,37,P_Q_8,0.0706319297230733
age_70,37,P_Q_9,0.0733678509381978
age_70,37,P_Q_10,0.0776918697735551
age_70,37,P_Q_11,0.0769930656554453
age_70,37,P_Q_12,0.0709007379480897
age_70,37,P_Q_13,0.0633811785789449
age_70,37,P_Q_14,0.052400454656852
age_70,37,P_Q_15,0.0366987868753942
age_70,37,P_Q_16,0.0162473891482573
age_70,37,P_Q_17,0.00526444182431283
age_70,37,L_Q,1.2068629331535
age_70,37,beta_NQ_2,0.997225200018129
age_70,37,beta_NQ_3,0.996365600021497
age_70,37,beta_NQ_4,0.995681300022457
age_70,37,beta_NQ_5,0.994247700028777
age_70,37,beta_NQ_6,0.991422800037442
age_70,37,beta_NQ_7,0.988053900061853
age_70,37,beta_NQ_8,0.98364380007684
age_70,37,beta_NQ_9,0.977804100110823
age_70,37,beta_NQ_10,0.970177700138194
age_70,37,beta_NQ_11,0.956470600161471
age_70,37,beta_NQ_12,0.927696900263621
age_70,37,beta_NQ_13,0.86492770024111
age_70,37,beta_NQ_14,0.68333417364961
age_70,37,beta_NQ_15,0.43061488215329
age_70,37,beta_NQ_16,0.25730062920761
age_70,37,beta_NQ_17,0.173067711307281
age_70,37,h_NQ_2,360.3863342
age_70,37,h_NQ_3,275.148580258
age_70,37,h_NQ_4,231.55116125716
age_70,37,h_NQ_5,173.843506095716
age_70,37,h_NQ_6,116.588163922509
age_70,37,h_NQ_7,83.7093277593015
age_70,37,h_NQ_8,61.1388953343631
age_70,37,h_NQ_9,45.0533657178145
age_70,37,h_NQ_10,33.5319542788965
age_70,37,h_NQ_11,22.972979177063
age_70,37,h_NQ_12,13.8306656192094
age_70,37,h_NQ_13,7.40344245316118
age_70,37,h_NQ_14,3.15789339829003
age_70,37,h_NQ_15,1.75628028341234
age_70,37,h_NQ_16,1.34643976052113
age_70,37,h_NQ_17,1.20928883499991
age_70,37,P_NQ_1,0.6083576919
age_70,37,P_NQ_2,0.149789721513782
age_70,37,P_NQ_3,0.161070686185868
age_70,37,P_NQ_4,0.170608392463616
age_70,37,P_NQ_5,0.17339162337928
age_70,37,P_NQ_6,0.171395862554186
age_70,37,P_NQ_7,0.167480542342446
age_70,37,P_NQ_8,0.164807837155293
age_70,37,P_NQ_9,0.171191656793983
age_70,37,P_NQ_10,0.181281031289654
age_70,37,P_NQ_11,0.179650487944154
age_70,37,P_NQ_12,0.165435052985807
age_70,37,P_NQ_13,0.147889416662077
age_70,37,P_NQ_14,0.122267865156069
age_70,37,P_NQ_15,0.0856305498421704
age_70,37,P_NQ_16,0.0379105774682054
age_70,37,P_NQ_17,0.0122836965654821
age_70,37,L_NQ,2.12802948706527
age_70,37,pi_Q,0.3
age_70,37,pi_NQ,0.7
age_70,37,y,8.05753127954064
age_70,37,nbar,8.44644751756982
age_70,37,Ptot,4.10063233271071
age_70,37,Pret,0.816310147711662
age_70,37,H,759.953693329197
age_70,37,cCheck,4.44089209850063e-16
age_70,37,shareq,0.3
age_70,37,A,1.809381471
age_70,37,A_Q,2
age_70,37,xpop,0.869082417
age_70,37,h_Q_1,100
age_70,37,mig_Q_2,-0.196819844
age_70,37,med_Q_2,2025.59312
age_70,37,mig_Q_3,0.002326976
age_70,37,med_Q_3,-302.6219252
age_70,37,mig_Q_4,0.002300641
age_70,37,med_Q_4,-390.813927
age_70,37,mig_Q_5,0.001045509
age_70,37,med_Q_5,-285.1251743
age_70,37,mig_Q_6,0.000226735
age_70,37,med_Q_6,-219.0520561
age_70,37,mig_Q_7,-7.56255e-05
age_70,37,med_Q_7,-107.1222848
age_70,37,mig_Q_8,8.89106e-05
age_70,37,med_Q_8,-62.55511429
age_70,37,mig_Q_9,0.000264954
age_70,37,med_Q_9,-38.35724366
age_70,37,mig_Q_10,0.000244975
age_70,37,med_Q_10,-23.65469138
age_70,37,mig_Q_11,0.000354073
age_70,37,med_Q_11,-18.75773914
age_70,37,mig_Q_12,0.000656899
age_70,37,med_Q_12,-11.51198904
age_70,37,mig_Q_13,0.001716376
age_70,37,med_Q_13,-8.404581474
age_70,37,mig_Q_14,0.005613495
age_70,37,med_Q_14,-5.97235645
age_70,37,mig_Q_15,0.007979699
age_70,37,med_Q_15,-2.033978476
age_70,37,mig_Q_16,0.004121764
age_70,37,med_Q_16,-0.563064133
age_70,37,mig_Q_17,0.001735433
age_70,37,med_Q_17,-0.158599827
age_70,37,h_NQ_1,100
age_70,37,mig_NQ_2,-0.457708733
age_70,37,med_NQ_2,262.3863342
age_70,37,mig_NQ_3,0.00594275
age_70,37,med_NQ_3,-47.51703283
age_70,37,mig_NQ_4,0.005977107
age_70,37,med_NQ_4,-15.04555249
age_70,37,mig_NQ_5,0.003233734
age_70,37,med_NQ_5,-33.98175105
age_70,37,mig_NQ_6,0.001640998
age_70,37,med_NQ_6,-39.50504598
age_70,37,mig_NQ_7,0.001238269
age_70,37,med_NQ_7,-21.00159533
age_70,37,mig_NQ_8,0.001955073
age_70,37,med_NQ_8,-14.03234936
age_70,37,mig_NQ_9,0.002835636
age_70,37,med_NQ_9,-9.849825396
age_70,37,mig_NQ_10,0.003351753
age_70,37,med_NQ_10,-6.923959099
age_70,37,mig_NQ_11,0.004220684
age_70,37,med_NQ_11,-7.158245376
age_70,37,mig_NQ_12,0.006690948
age_70,37,med_NQ_12,-6.843829218
age_70,37,mig_NQ_13,0.012370458
age_70,37,med_NQ_13,-5.031196391
age_70,37,mig_NQ_14,0.02715225
age_70,37,med_NQ_14,-3.558534221
age_70,37,mig_NQ_15,0.03317836
age_70,37,med_NQ_15,-1.214036853
age_70,37,mig_NQ_16,0.01746382
age_70,37,med_NQ_16,-0.341835105
age_70,37,mig_NQ_17,0.006568419
age_70,37,med_NQ_17,-0.092165763
age_70,38,beta_Q_2,0.999568200000053
age_70,38,beta_Q_3,0.999427900002499
age_70,38,beta_Q_4,0.999125300002665
age_70,38,beta_Q_5,0.998610600004699
age_70,38,beta_Q_6,0.99756670000557
age_70,38,beta_Q_7,0.996071600020035
age_70,38,beta_Q_8,0.993815100014264
age_70,38,beta_Q_9,0.990396300068338
age_70,38,beta_Q_10,0.985298600117092
age_70,38,beta_Q_11,0.97549610006666
age_70,38,beta_Q_12,0.958917500358997
age_70,38,beta_Q_13,0.920870500447117
age_70,38,beta_Q_14,0.790297703474856
age_70,38,beta_Q_15,0.558789475281718
age_70,38,beta_Q_16,0.366920881115519
age_70,38,beta_Q_17,0.260687442821327
age_70,38,h_Q_2,2315.886985
age_70,38,h_Q_3,1747.9461637
age_70,38,h_Q_4,1143.2491136728
age_70,38,h_Q_5,719.735137690136
age_70,38,h_Q_6,410.964533488813
age_70,38,h_Q_7,254.556562981753
age_70,38,h_Q_8,161.684101447562
age_70,38,h_Q_9,104.126534932427
age_70,38,h_Q_10,68.0207330175611
age_70,38,h_Q_11,40.8098302475472
age_70,38,h_Q_12,24.3412646300554
age_70,38,h_Q_13,12.6375119628085
age_70,38,h_Q_14,4.76866499096452
age_70,38,h_Q_15,2.26649074036641
age_70,38,h_Q_16,1.57958115478708
age_70,38,h_Q_17,1.35260778505071
age_70,38,P_Q_1,0.2590967487
age_70,38,P_Q_2,0.0625289608269759
age_70,38,P_Q_3,0.0664847282840298
age_70,38,P_Q_4,0.0712673405395902
age_70,38,P_Q_5,0.0740544743117527
age_70,38,P_Q_6,0.0743415140398916
age_70,38,P_Q_7,0.0730670440040275
age_70,38,P_Q_8,0.0713847605926565
age_70,38,P_Q_9,0.0701604270104594
age_70,38,P_Q_10,0.0724293991869704
age_70,38,P_Q_11,0.0759404541442475
age_70,38,P_Q_12,0.0741563986919462
age_70,38,P_Q_13,0.0664655249553677
age_70,38,P_Q_14,0.0552148140583742
age_70,38,P_Q_15,0.036484166830916
age_70,38,P_Q_16,0.0171709811661188
age_70,38,P_Q_17,0.005974531333937
age_70,38,L_Q,1.18978378331765
age_70,38,beta_NQ_2,0.997464300015995
age_70,38,beta_NQ_3,0.996675100019245
age_70,38,beta_NQ_4,0.996043500019936
age_70,38,beta_NQ_5,0.994728000025726
age_70,38,beta_NQ_6,0.992136900037798
age_70,38,beta_NQ_7,0.989050400046141
age_70,38,beta_NQ_8,0.985008700077773
age_70,38,beta_NQ_9,0.979658700095401
age_70,38,beta_NQ_10,0.972651100127127
age_70,38,beta_NQ_11,0.960022400159869
age_70,38,beta_NQ_12,0.933681600270537
age_70,38,beta_NQ_13,0.875026600078505
age_70,38,beta_NQ_14,0.696164700086067
age_70,38,beta_NQ_15,0.441618881633693
age_70,38,beta_NQ_16,0.267671329732066
age_70,38,beta_NQ_17,0.182527816656613
age_70,38,h_NQ_2,394.368419
age_70,38,h_NQ_3,300.760925186
age_70,38,h_NQ_4,252.74864150284
age_70,38,h_NQ_5,189.681335382017
age_70,38,h_NQ_6,127.176304533802
age_70,38,h_NQ_7,91.3275370340585
age_70,38,h_NQ_8,66.7053558041155
age_70,38,h_NQ_9,49.1610663976759
age_70,38,h_NQ_10,36.5645419074582
age_70,38,h_NQ_11,25.0140078473186
age_70,38,h_NQ_12,15.0787714975217
age_70,38,h_NQ_13,8.00170275282522
age_70,38,h_NQ_14,3.29125681009796
age_70,38,h_NQ_15,1.79089123232423
age_70,38,h_NQ_16,1.3655070467441
age_70,38,h_NQ_17,1.22328319231071
age_70,38,P_NQ_1,0.6045590803
age_70,38,P_NQ_2,0.145900909987545
age_70,38,P_NQ_3,0.155131032753132
age_70,38,P_NQ_4,0.166290460217054
age_70,38,P_NQ_5,0.172793771812557
age_70,38,P_NQ_6,0.173463531753724
age_70,38,P_NQ_7,0.170489774451129
age_70,38,P_NQ_8,0.166564443108653
age_70,38,P_NQ_9,0.163707661900842
age_70,38,P_NQ_10,0.169001932871234
age_70,38,P_NQ_11,0.177194392795506
age_70,38,P_NQ_12,0.173031599796639
age_70,38,P_NQ_13,0.15508622291828
age_70,38,P_NQ_14,0.128834711326304
age_70,38,P_NQ_15,0.0851297693453152
age_70,38,P_NQ_16,0.040065629353784
age_70,38,P_NQ_17,0.0139405718767597
age_70,38,L_NQ,2.09753341267723
age_70,38,pi_Q,0.3
age_70,38,pi_NQ,0.7
age_70,38,y,8.24591735784898
age_70,38,nbar,8.4273847077613
age_70,38,Ptot,4.08740776524572
age_70,38,Pret,0.851554921653741
age_70,38,H,804.590799937708
age_70,38,cCheck,-8.88178419700125e-16
age_70,38,shareq,0.3
age_70,38,A,1.854616008
age_70,38,A_Q,2
age_70,38,xpop,0.863655829
age_70,38,h_Q_1,100
age_70,38,mig_Q_2,-0.198072989
age_70,38,med_Q_2,2217.886985
age_70,38,mig_Q_3,0.002329146
age_70,38,med_Q_3,-333.1750939
age_70,38,mig_Q_4,0.002302687
age_70,38,med_Q_4,-429.0274783
age_70,38,mig_Q_5,0.001046948
age_70,38,med_Q_5,-310.8674496
age_70,38,mig_Q_6,0.000227162
age_70,38,med_Q_6,-238.3430923
age_70,38,mig_Q_7,-7.48522e-05
age_70,38,med_Q_7,-116.3464729
age_70,38,mig_Q_8,8.99166e-05
age_70,38,med_Q_8,-67.95854632
age_70,38,mig_Q_9,0.000266495
age_70,38,med_Q_9,-41.65039698
age_70,38,mig_Q_10,0.000235023
age_70,38,med_Q_10,-25.77263475
age_70,38,mig_Q_11,0.000318187
age_70,38,med_Q_11,-20.46161473
age_70,38,mig_Q_12,0.000613246
age_70,38,med_Q_12,-12.4474556
age_70,38,mig_Q_13,0.001653402
age_70,38,med_Q_13,-9.23353371
age_70,38,mig_Q_14,0.0057819
age_70,38,med_Q_14,-6.643244463
age_70,38,mig_Q_15,0.007795794
age_70,38,med_Q_15,-2.18664785
age_70,38,mig_Q_16,0.004165919
age_70,38,med_Q_16,-0.586083777
age_70,38,mig_Q_17,0.001940788
age_70,38,med_Q_17,-0.165296486
age_70,38,h_NQ_1,100
age_70,38,mig_NQ_2,-0.460768711
age_70,38,med_NQ_2,296.368419
age_70,38,mig_NQ_3,0.005885707
age_70,38,med_NQ_3,-52.41768233
age_70,38,mig_NQ_4,0.00591539
age_70,38,med_NQ_4,-16.89696715
age_70,38,mig_NQ_5,0.00316677
age_70,38,med_NQ_5,-37.23880265
age_70,38,mig_NQ_6,0.001559123
age_70,38,med_NQ_6,-43.19033144
age_70,38,mig_NQ_7,0.001141424
age_70,38,med_NQ_7,-22.92886361
age_70,38,mig_NQ_8,0.001823246
age_70,38,med_NQ_8,-15.3297854
age_70,38,mig_NQ_9,0.002557883
age_70,38,med_NQ_9,-10.75505103
age_70,38,mig_NQ_10,0.002915605
age_70,38,med_NQ_10,-7.587756496
age_70,38,mig_NQ_11,0.003804416
age_70,38,med_NQ_11,-7.847307346
age_70,38,mig_NQ_12,0.006370399
age_70,38,med_NQ_12,-7.434748096
age_70,38,mig_NQ_13,0.011996863
age_70,38,med_NQ_13,-5.552349554
age_70,38,mig_NQ_14,0.027776819
age_70,38,med_NQ_14,-3.964116794
age_70,38,mig_NQ_15,0.032479407
age_70,38,med_NQ_15,-1.303844298
age_70,38,mig_NQ_16,0.018032835
age_70,38,med_NQ_16,-0.355647631
age_70,38,mig_NQ_17,0.007379475
age_70,38,med_NQ_17,-0.096227773
age_70,39,beta_Q_2,0.999603899999967
age_70,39,beta_Q_3,0.999474600002111
age_70,39,beta_Q_4,0.999195000002855
age_70,39,beta_Q_5,0.998720500003238
age_70,39,beta_Q_6,0.997758200007427
age_70,39,beta_Q_7,0.996382400006829
age_70,39,beta_Q_8,0.994307500034205
age_70,39,beta_Q_9,0.991169500019056
age_70,39,beta_Q_10,0.986482100112318
age_70,39,beta_Q_11,0.977451700220128
age_70,39,beta_Q_12,0.962326900128625
age_70,39,beta_Q_13,0.927091300713865
age_70,39,beta_Q_14,0.800196801424613
age_70,39,beta_Q_15,0.569889304973353
age_70,39,beta_Q_16,0.379410572850551
age_70,39,beta_Q_17,0.273184741856162
age_70,39,h_Q_2,2524.614996
age_70,39,h_Q_3,1903.3117627
age_70,39,h_Q_4,1242.236025326
age_70,39,h_Q_5,781.555294699344
age_70,39,h_Q_6,446.070122436333
age_70,39,h_Q_7,276.426359719037
age_70,39,h_Q_8,175.669741392118
age_70,39,h_Q_9,113.243870528611
age_70,39,h_Q_10,73.9759877537787
age_70,39,h_Q_11,44.3492416972099
age_70,39,h_Q_12,26.5441388925962
age_70,39,h_Q_13,13.7157843574543
age_70,39,h_Q_14,5.00492488155233
age_70,39,h_Q_15,2.32498184314523
age_70,39,h_Q_16,1.61137104855908
age_70,39,h_Q_17,1.37586532669134
age_70,39,P_Q_1,0.2555920764
age_70,39,P_Q_2,0.0623397977239251
age_70,39,P_Q_3,0.0648241100086431
age_70,39,P_Q_4,0.068731258092377
age_70,39,P_Q_5,0.0722168906969794
age_70,39,P_Q_6,0.0741017545598225
age_70,39,P_Q_7,0.0739753860376267
age_70,39,P_Q_8,0.0727052830446092
age_70,39,P_Q_9,0.0709660057722311
age_70,39,P_Q_10,0.0693600715170231
age_70,39,P_Q_11,0.070930743437061
age_70,39,P_Q_12,0.0733555624641289
age_70,39,P_Q_13,0.0698905029748084
age_70,39,P_Q_14,0.0584558887324778
age_70,39,P_Q_15,0.0390966439754565
age_70,39,P_Q_16,0.0174637696403653
age_70,39,P_Q_17,0.00663140917092868
age_70,39,L_Q,1.17194301368507
age_70,39,beta_NQ_2,0.997681800013747
age_70,39,beta_NQ_3,0.996957400016921
age_70,39,beta_NQ_4,0.996374000017807
age_70,39,beta_NQ_5,0.995166600022802
age_70,39,beta_NQ_6,0.992789300033518
age_70,39,beta_NQ_7,0.989960900047722
age_70,39,beta_NQ_8,0.986256200054668
age_70,39,beta_NQ_9,0.981354200099155
age_70,39,beta_NQ_10,0.974914800107839
age_70,39,beta_NQ_11,0.963279400148988
age_70,39,beta_NQ_12,0.939180200282435
age_70,39,beta_NQ_13,0.884425600157337
age_70,39,beta_NQ_14,0.708567599236426
age_70,39,beta_NQ_15,0.452531586785371
age_70,39,beta_NQ_16,0.278098627390911
age_70,39,beta_NQ_17,0.192138416242411
age_70,39,h_NQ_2,431.3691657
age_70,39,h_NQ_3,328.66627229
age_70,39,h_NQ_4,275.78599011228
age_70,39,h_NQ_5,206.893698042783
age_70,39,h_NQ_6,138.682790874376
age_70,39,h_NQ_7,99.6105228731256
age_70,39,h_NQ_8,72.7600808633773
age_70,39,h_NQ_9,53.6313808280332
age_70,39,h_NQ_10,39.8641429967224
age_70,39,h_NQ_11,27.2326704963091
age_70,39,h_NQ_12,16.4420139523722
age_70,39,h_NQ_13,8.65243513657131
age_70,39,h_NQ_14,3.43132746176872
age_70,39,h_NQ_15,1.826589110896
age_70,39,h_NQ_16,1.38523071767775
age_70,39,h_NQ_17,1.23783578780921
age_70,39,P_NQ_1,0.5963815116
age_70,39,P_NQ_2,0.145459527849753
age_70,39,P_NQ_3,0.151256257054735
age_70,39,P_NQ_4,0.160372934825137
age_70,39,P_NQ_5,0.168506076915068
age_70,39,P_NQ_6,0.172904092111949
age_70,39,P_NQ_7,0.172609231474437
age_70,39,P_NQ_8,0.169645664108659
age_70,39,P_NQ_9,0.165587347817938
age_70,39,P_NQ_10,0.161840165447094
age_70,39,P_NQ_11,0.165505071226699
age_70,39,P_NQ_12,0.171162979224274
age_70,39,P_NQ_13,0.163077841476197
age_70,39,P_NQ_14,0.136397072865385
age_70,39,P_NQ_15,0.0912255561315218
age_70,39,P_NQ_16,0.0407488005604446
age_70,39,P_NQ_17,0.0154732878489193
age_70,39,L_NQ,2.06601206945223
age_70,39,pi_Q,0.3
age_70,39,pi_NQ,0.7
age_70,39,y,8.43014722311476
age_70,39,nbar,8.39618197132062
age_70,39,Ptot,4.06879057278667
age_70,39,Pret,0.882979315064908
age_70,39,H,855.278821670185
age_70,39,cCheck,4.44089209850063e-16
age_70,39,shareq,0.3
age_70,39,A,1.900981408
age_70,39,A_Q,2
age_70,39,xpop,0.851973588
age_70,39,h_Q_1,100
age_70,39,mig_Q_2,-0.196645073
age_70,39,med_Q_2,2426.614996
age_70,39,mig_Q_3,0.002330922
age_70,39,med_Q_3,-366.2574826
age_70,39,mig_Q_4,0.002304684
age_70,39,med_Q_4,-470.7512151
age_70,39,mig_Q_5,0.001048569
age_70,39,med_Q_5,-338.8288367
age_70,39,mig_Q_6,0.000227477
age_70,39,med_Q_6,-259.2703125
age_70,39,mig_Q_7,-7.40848e-05
age_70,39,med_Q_7,-126.3188831
age_70,39,mig_Q_8,9.01514e-05
age_70,39,med_Q_8,-73.79569033
age_70,39,mig_Q_9,0.000266803
age_70,39,med_Q_9,-45.20654889
age_70,39,mig_Q_10,0.000231101
age_70,39,med_Q_10,-28.06801648
age_70,39,mig_Q_11,0.000276147
age_70,39,med_Q_11,-22.31107666
age_70,39,mig_Q_12,0.000534932
age_70,39,med_Q_12,-13.44949475
age_70,39,mig_Q_13,0.001602063
age_70,39,med_Q_13,-10.13865498
age_70,39,mig_Q_14,0.005928337
age_70,39,med_Q_14,-7.379836842
age_70,39,mig_Q_15,0.008243187
age_70,39,med_Q_15,-2.348309848
age_70,39,mig_Q_16,0.004076967
age_70,39,med_Q_16,-0.609789877
age_70,39,mig_Q_17,0.00215515
age_70,39,med_Q_17,-0.172124205
age_70,39,h_NQ_1,100
age_70,39,mig_NQ_2,-0.457566572
age_70,39,med_NQ_2,333.3691657
age_70,39,mig_NQ_3,0.005840453
age_70,39,med_NQ_3,-57.81477833
age_70,39,mig_NQ_4,0.005855678
age_70,39,med_NQ_4,-18.95971657
age_70,39,mig_NQ_5,0.0030923
age_70,39,med_NQ_5,-40.79997063
age_70,39,mig_NQ_6,0.001469015
age_70,39,med_NQ_6,-47.2049178
age_70,39,mig_NQ_7,0.001045056
age_70,39,med_NQ_7,-25.02225557
age_70,39,mig_NQ_8,0.001711753
age_70,39,med_NQ_8,-16.74090543
age_70,39,mig_NQ_9,0.002411042
age_70,39,med_NQ_9,-11.73986786
age_70,39,mig_NQ_10,0.002609728
age_70,39,med_NQ_10,-8.313702073
age_70,39,mig_NQ_11,0.00325943
age_70,39,med_NQ_11,-8.600580573
age_70,39,mig_NQ_12,0.005719835
age_70,39,med_NQ_12,-8.071713738
age_70,39,mig_NQ_13,0.011670589
age_70,39,med_NQ_13,-6.124760931
age_70,39,mig_NQ_14,0.028431519
age_70,39,med_NQ_14,-4.410341236
age_70,39,mig_NQ_15,0.034329715
age_70,39,med_NQ_15,-1.398842563
age_70,39,mig_NQ_16,0.017962002
age_70,39,med_NQ_16,-0.36984269
age_70,39,mig_NQ_17,0.008160196
age_70,39,med_NQ_17,-0.100361118
age_70,40,beta_Q_2,0.999636500000018
age_70,40,beta_Q_3,0.999517400001801
age_70,40,beta_Q_4,0.999258900002399
age_70,40,beta_Q_5,0.998821100004006
age_70,40,beta_Q_6,0.997933700004122
age_70,40,beta_Q_7,0.996667100011858
age_70,40,beta_Q_8,0.994758700007863
age_70,40,beta_Q_9,0.991877200059801
age_70,40,beta_Q_10,0.987565600018708
age_70,40,beta_Q_11,0.979243900216687
age_70,40,beta_Q_12,0.965447200497108
age_70,40,beta_Q_13,0.932826800056707
age_70,40,beta_Q_14,0.809645203400457
age_70,40,beta_Q_15,0.580780797150348
age_70,40,beta_Q_16,0.391829833419432
age_70,40,beta_Q_17,0.285743130665332
age_70,40,h_Q_2,2751.031637
age_70,40,h_Q_3,2072.10940718
age_70,40,h_Q_4,1349.345567646
age_70,40,h_Q_5,848.24836761948
age_70,40,h_Q_6,483.956830705357
age_70,40,h_Q_7,300.039005287607
age_70,40,h_Q_8,190.792360384656
age_70,40,h_Q_9,123.110258044275
age_70,40,h_Q_10,80.4220547980389
age_70,40,h_Q_11,48.1786080887031
age_70,40,h_Q_12,28.9412148932657
age_70,40,h_Q_13,14.8868893847443
age_70,40,h_Q_14,5.25334805230518
age_70,40,h_Q_15,2.38538582592129
age_70,40,h_Q_16,1.64427635728233
age_70,40,h_Q_17,1.4000564045879
age_70,40,P_Q_1,0.2510840766
age_70,40,P_Q_2,0.0627617153785294
age_70,40,P_Q_3,0.0646392403943325
age_70,40,P_Q_4,0.0670783256002712
age_70,40,P_Q_5,0.0696934894478703
age_70,40,P_Q_6,0.0722827908719513
age_70,40,P_Q_7,0.0737602985530329
age_70,40,P_Q_8,0.0736447480551378
age_70,40,P_Q_9,0.0723295520440693
age_70,40,P_Q_10,0.0702353654107734
age_70,40,P_Q_11,0.0680472688317039
age_70,40,P_Q_12,0.0687043054556057
age_70,40,P_Q_13,0.0694630228194664
age_70,40,P_Q_14,0.0620235119303991
age_70,40,P_Q_15,0.0419675088013514
age_70,40,P_Q_16,0.019143419087262
age_70,40,P_Q_17,0.00711671040103867
age_70,40,L_Q,1.15934388686286
age_70,40,beta_NQ_2,0.997880000012339
age_70,40,beta_NQ_3,0.997214700014544
age_70,40,beta_NQ_4,0.996675700015601
age_70,40,beta_NQ_5,0.995567100020468
age_70,40,beta_NQ_6,0.993385300029785
age_70,40,beta_NQ_7,0.990792900042963
age_70,40,beta_NQ_8,0.987396500058781
age_70,40,beta_NQ_9,0.982904400064859
age_70,40,beta_NQ_10,0.976986300116934
age_70,40,beta_NQ_11,0.966265800122897
age_70,40,beta_NQ_12,0.94422940026924
age_70,40,beta_NQ_13,0.893164200252032
age_70,40,beta_NQ_14,0.720547299631331
age_70,40,beta_NQ_15,0.463347285867549
age_70,40,beta_NQ_16,0.288572434125484
age_70,40,beta_NQ_17,0.201887813207291
age_70,40,h_NQ_2,471.6981132
age_70,40,h_NQ_3,359.027752816
age_70,40,h_NQ_4,300.8152092442
age_70,40,h_NQ_5,225.585959570034
age_70,40,h_NQ_6,151.178435931928
age_70,40,h_NQ_7,108.611832196889
age_70,40,h_NQ_8,79.3430396456631
age_70,40,h_NQ_9,58.4945833561098
age_70,40,h_NQ_10,43.4523783994725
age_70,40,h_NQ_11,29.6435071787879
age_70,40,h_NQ_12,17.9305942613829
age_70,40,h_NQ_13,9.36015830232477
age_70,40,h_NQ_14,3.57842310583989
age_70,40,h_NQ_15,1.86340217553335
age_70,40,h_NQ_16,1.40562441067808
age_70,40,h_NQ_17,1.25295665732419
age_70,40,P_NQ_1,0.5858628454
age_70,40,P_NQ_2,0.146444001988007
age_70,40,P_NQ_3,0.150824894692779
age_70,40,P_NQ_4,0.156516093869348
age_70,40,P_NQ_5,0.16261814128561
age_70,40,P_NQ_6,0.168659843151905
age_70,40,P_NQ_7,0.172107361649079
age_70,40,P_NQ_8,0.171837743728334
age_70,40,P_NQ_9,0.168768959001643
age_70,40,P_NQ_10,0.163882522098312
age_70,40,P_NQ_11,0.158776957491889
age_70,40,P_NQ_12,0.16031004894245
age_70,40,P_NQ_13,0.162080384625146
age_70,40,P_NQ_14,0.144721528623448
age_70,40,P_NQ_15,0.0979241698166527
age_70,40,P_NQ_16,0.0446679869431487
age_70,40,P_NQ_17,0.0166056560034617
age_70,40,L_NQ,2.04401550037392
age_70,40,pi_Q,0.3
age_70,40,pi_NQ,0.7
age_70,40,y,8.64974059834115
age_70,40,nbar,8.40845514957571
age_70,40,Ptot,4.04658448899401
age_70,40,Pret,0.89472825344943
age_70,40,H,915.437032788895
age_70,40,cCheck,-4.44089209850063e-16
age_70,40,shareq,0.3
age_70,40,A,1.948505944
age_70,40,A_Q,2
age_70,40,xpop,0.836946922
age_70,40,h_Q_1,100
age_70,40,mig_Q_2,-0.192729121
age_70,40,med_Q_2,2653.031637
age_70,40,mig_Q_3,0.002332196
age_70,40,med_Q_3,-402.0132889
age_70,40,mig_Q_4,0.002306399
age_70,40,med_Q_4,-515.8999598
age_70,40,mig_Q_5,0.001050173
age_70,40,med_Q_5,-369.1429372
age_70,40,mig_Q_6,0.000227796
age_70,40,med_Q_6,-281.9673581
age_70,40,mig_Q_7,-7.33855e-05
age_70,40,med_Q_7,-137.1097147
age_70,40,mig_Q_8,9.04669e-05
age_70,40,med_Q_8,-80.10547214
age_70,40,mig_Q_9,0.000266293
age_70,40,med_Q_9,-49.04608852
age_70,40,mig_Q_10,0.000228671
age_70,40,med_Q_10,-30.55693832
age_70,40,mig_Q_11,0.000251149
age_70,40,med_Q_11,-24.31785991
age_70,40,mig_Q_12,0.000445743
age_70,40,med_Q_12,-14.52104197
age_70,40,mig_Q_13,0.001455719
age_70,40,med_Q_13,-11.12636673
age_70,40,mig_Q_14,0.006097355
age_70,40,med_Q_14,-8.188120618
age_70,40,mig_Q_15,0.008654123
age_70,40,med_Q_15,-2.519440558
age_70,40,mig_Q_16,0.004309739
age_70,40,med_Q_16,-0.634205849
age_70,40,mig_Q_17,0.002345875
age_70,40,med_Q_17,-0.179087223
age_70,40,h_NQ_1,100
age_70,40,mig_NQ_2,-0.448554978
age_70,40,med_NQ_2,373.6981132
age_70,40,mig_NQ_3,0.005807942
age_70,40,med_NQ_3,-63.71402957
age_70,40,mig_NQ_4,0.005808292
age_70,40,med_NQ_4,-21.2777376
age_70,40,mig_NQ_5,0.003020353
age_70,40,med_NQ_5,-44.68431074
age_70,40,mig_NQ_6,0.001368813
age_70,40,med_NQ_6,-51.57738815
age_70,40,mig_NQ_7,0.000939071
age_70,40,med_NQ_7,-27.29730286
age_70,40,mig_NQ_8,0.001600819
age_70,40,med_NQ_8,-18.27527277
age_70,40,mig_NQ_9,0.002286474
age_70,40,med_NQ_9,-12.81029589
age_70,40,mig_NQ_10,0.002448966
age_70,40,med_NQ_10,-9.106374812
age_70,40,mig_NQ_11,0.00287966
age_70,40,med_NQ_11,-9.423352958
age_70,40,mig_NQ_12,0.004870963
age_70,40,med_NQ_12,-8.757422825
age_70,40,mig_NQ_13,0.010699464
age_70,40,med_NQ_13,-6.753015371
age_70,40,mig_NQ_14,0.029169854
age_70,40,med_NQ_14,-4.900963328
age_70,40,mig_NQ_15,0.036200186
age_70,40,med_NQ_15,-1.499298737
age_70,40,mig_NQ_16,0.019298285
age_70,40,med_NQ_16,-0.384432918
age_70,40,mig_NQ_17,0.008776246
age_70,40,med_NQ_17,-0.104569446
