mod,period,variable,value
base,1,beta_Q_2,0.973436404874763
base,1,beta_Q_3,0.970539000001623
base,1,beta_Q_4,0.965744200006298
base,1,beta_Q_5,0.961176300029427
base,1,beta_Q_6,0.955116300619925
base,1,beta_Q_7,0.940183999984989
base,1,beta_Q_8,0.909499218945487
base,1,beta_Q_9,0.85988771100122
base,1,beta_Q_10,0.781753818094209
base,1,beta_Q_11,0.658329466557867
base,1,beta_Q_12,0.512809028093422
base,1,beta_Q_13,0.344799901709008
base,1,beta_Q_14,0.210284003873888
base,1,beta_Q_15,0.118657324974081
base,1,beta_Q_16,0.0591105026749442
base,1,beta_Q_17,0.031131000636637
base,1,h_Q_2,37.64549986
base,1,h_Q_3,33.94317912
base,1,h_Q_4,29.19213681
base,1,h_Q_5,25.75746258
base,1,h_Q_6,22.27980314
base,1,h_Q_7,16.7179349964
base,1,h_Q_8,11.049626084672
base,1,h_Q_9,7.13713214817855
base,1,h_Q_10,4.58198126301498
base,1,h_Q_11,2.92679557875468
base,1,h_Q_12,2.05258307497959
base,1,h_Q_13,1.52625129347999
base,1,h_Q_14,1.26627752601038
base,1,h_Q_15,1.13462803749019
base,1,h_Q_16,1.06282406454038
base,1,h_Q_17,1.03213127924955
base,1,P_Q_1,0.2522852124
base,1,P_Q_2,0.0592788505108232
base,1,P_Q_3,0.0529788315263615
base,1,P_Q_4,0.0516187991809102
base,1,P_Q_5,0.0480152225133509
base,1,P_Q_6,0.042674493190698
base,1,P_Q_7,0.0407094252183056
base,1,P_Q_8,0.0361254806344777
base,1,P_Q_9,0.0316353121871109
base,1,P_Q_10,0.0252264559898656
base,1,P_Q_11,0.0186772111554823
base,1,P_Q_12,0.0112496894086261
base,1,P_Q_13,0.00531388564243535
base,1,P_Q_14,0.00164097968469545
base,1,P_Q_15,0.000304585058292062
base,1,P_Q_16,3.26525318881665e-05
base,1,P_Q_17,2.01287823792251e-06
base,1,L_Q,0.594479919114931
base,1,beta_NQ_2,0.939491000019456
base,1,beta_NQ_3,0.931619200148016
base,1,beta_NQ_4,0.925826700715022
base,1,beta_NQ_5,0.916842509905461
base,1,beta_NQ_6,0.905218099976406
base,1,beta_NQ_7,0.883457900039542
base,1,beta_NQ_8,0.843435236949881
base,1,beta_NQ_9,0.785066520379141
base,1,beta_NQ_10,0.701200501908016
base,1,beta_NQ_11,0.582111699569906
base,1,beta_NQ_12,0.433853272111351
base,1,beta_NQ_13,0.278824341886696
base,1,beta_NQ_14,0.164751615202972
base,1,beta_NQ_15,0.0914522727890728
base,1,beta_NQ_16,0.0448453010253704
base,1,beta_NQ_17,0.0234374042852502
base,1,h_NQ_2,16.52646714
base,1,h_NQ_3,14.62398802
base,1,h_NQ_4,13.48194027
base,1,h_NQ_5,12.02537354
base,1,h_NQ_6,10.5505376
base,1,h_NQ_7,8.58059018639999
base,1,h_NQ_8,6.387123554672
base,1,h_NQ_9,4.65260184817856
base,1,h_NQ_10,3.34672581301498
base,1,h_NQ_11,2.39298395875468
base,1,h_NQ_12,1.76632258497959
base,1,h_NQ_13,1.38662464347999
base,1,h_NQ_14,1.19724704601039
base,1,h_NQ_15,1.10064773749018
base,1,h_NQ_16,1.04695082454037
base,1,h_NQ_17,1.02399989924956
base,1,P_NQ_1,0.5886654956
base,1,P_NQ_2,0.138317317858587
base,1,P_NQ_3,0.123617274894843
base,1,P_NQ_4,0.120443865422124
base,1,P_NQ_5,0.112035520531152
base,1,P_NQ_6,0.0995738157782948
base,1,P_NQ_7,0.0949886588427129
base,1,P_NQ_8,0.0842927891471142
base,1,P_NQ_9,0.0738157284365917
base,1,P_NQ_10,0.0588617313096862
base,1,P_NQ_11,0.0435801576961252
base,1,P_NQ_12,0.026249274286794
base,1,P_NQ_13,0.0123990668323489
base,1,P_NQ_14,0.00382895393095584
base,1,P_NQ_15,0.000710697469347821
base,1,P_NQ_16,7.6189241072e-05
base,1,P_NQ_17,4.69538255498669e-06
base,1,L_NQ,1.13299432302422
base,1,pi_Q,0.3
base,1,pi_NQ,0.7
base,1,y,0.250608831999511
base,1,nbar,4.41705099765903
base,1,Ptot,2.25923033237187
base,1,Pret,0.208158238498408
base,1,H,102.937051194269
base,1,cCheck,0
base,1,shareq,0.3
base,1,A,0.088593872
base,1,A_Q,2
base,1,xpop,0.840950708
base,1,h_Q_1,100
base,1,mig_Q_2,-0.237659925
base,1,med_Q_2,-60.35450014
base,1,mig_Q_3,-0.24086812
base,1,med_Q_3,-62.09682088
base,1,mig_Q_4,-0.23910608
base,1,med_Q_4,-64.92706319
base,1,mig_Q_5,-0.239557717
base,1,med_Q_5,-66.47935342
base,1,mig_Q_6,-0.241717051
base,1,med_Q_6,-68.11227654
base,1,mig_Q_7,-0.240471711
base,1,med_Q_7,-71.86630309
base,1,mig_Q_8,-0.24181671
base,1,med_Q_8,-75.76292724
base,1,mig_Q_9,-0.243039903
base,1,med_Q_9,-77.93917011
base,1,mig_Q_10,-0.246154295
base,1,med_Q_10,-78.79279495
base,1,mig_Q_11,-0.249382162
base,1,med_Q_11,-78.78048511
base,1,mig_Q_12,-0.253462002
base,1,med_Q_12,-78.020552
base,1,mig_Q_13,-0.256024465
base,1,med_Q_13,-76.94542108
base,1,mig_Q_14,-0.256299052
base,1,med_Q_14,-75.6359614
base,1,mig_Q_15,-0.254212866
base,1,med_Q_15,-74.22956611
base,1,mig_Q_16,-0.25103871
base,1,med_Q_16,-72.7940862
base,1,mig_Q_17,-0.247600544
base,1,med_Q_17,-71.34764078
base,1,h_NQ_1,100
base,1,mig_NQ_2,-0.554539825
base,1,med_NQ_2,-81.47353286
base,1,mig_NQ_3,-0.562025612
base,1,med_NQ_3,-81.41601198
base,1,mig_NQ_4,-0.557914186
base,1,med_NQ_4,-80.63725973
base,1,mig_NQ_5,-0.558968005
base,1,med_NQ_5,-80.21144246
base,1,mig_NQ_6,-0.564006454
base,1,med_NQ_6,-79.84154208
base,1,mig_NQ_7,-0.561100659
base,1,med_NQ_7,-80.0036479
base,1,mig_NQ_8,-0.564238989
base,1,med_NQ_8,-80.42542977
base,1,mig_NQ_9,-0.567093107
base,1,med_NQ_9,-80.42370041
base,1,mig_NQ_10,-0.574360021
base,1,med_NQ_10,-80.0280504
base,1,mig_NQ_11,-0.581891713
base,1,med_NQ_11,-79.31429673
base,1,mig_NQ_12,-0.591411339
base,1,med_NQ_12,-78.30681249
base,1,mig_NQ_13,-0.597390418
base,1,med_NQ_13,-77.08504773
base,1,mig_NQ_14,-0.59803112
base,1,med_NQ_14,-75.70499188
base,1,mig_NQ_15,-0.593163355
base,1,med_NQ_15,-74.26354641
base,1,mig_NQ_16,-0.58575699
base,1,med_NQ_16,-72.80995944
base,1,mig_NQ_17,-0.577734604
base,1,med_NQ_17,-71.35577216
base,2,beta_Q_2,0.974250899998791
base,2,beta_Q_3,0.971050702827941
base,2,beta_Q_4,0.966497808579101
base,2,beta_Q_5,0.96060350176663
base,2,beta_Q_6,0.953428799997687
base,2,beta_Q_7,0.938990908940442
base,2,beta_Q_8,0.907364226102163
base,2,beta_Q_9,0.855505422354817
base,2,beta_Q_10,0.777190539425623
base,2,beta_Q_11,0.653229715740918
base,2,beta_Q_12,0.507151509662807
base,2,beta_Q_13,0.340206902132967
base,2,beta_Q_14,0.202952405585477
base,2,beta_Q_15,0.104123564627982
base,2,beta_Q_16,0.0518962985273525
base,2,beta_Q_17,0.0269183031357435
base,2,h_Q_2,38.83630884
base,2,h_Q_3,34.5431495778
base,2,h_Q_4,29.8487860516
base,2,h_Q_5,25.3829654958
base,2,h_Q_6,21.4724980234
base,2,h_Q_7,16.3909974132
base,2,h_Q_8,10.794962634472
base,2,h_Q_9,6.92066906697856
base,2,h_Q_10,4.48813897521498
base,2,h_Q_11,2.88375330475468
base,2,h_Q_12,2.02902109317958
base,2,h_Q_13,1.51562664248
base,2,h_Q_14,1.25463021261039
base,2,h_Q_15,1.11622528649018
base,2,h_Q_16,1.05473693974038
base,2,h_Q_17,1.02766294224957
base,2,P_Q_1,0.2512048092
base,2,P_Q_2,0.058626292161722
base,2,P_Q_3,0.05666953529602
base,2,P_Q_4,0.0510325992696945
base,2,P_Q_5,0.0491409534086693
base,2,P_Q_6,0.0449400987003943
base,2,P_Q_7,0.0398043877053626
base,2,P_Q_8,0.0367541314397686
base,2,P_Q_9,0.0316798898515999
base,2,P_Q_10,0.0259442070888762
base,2,P_Q_11,0.0185558133149537
base,2,P_Q_12,0.0115651525001385
base,2,P_Q_13,0.00532686380235115
base,2,P_Q_14,0.00163190114901927
base,2,P_Q_15,0.000307461259722774
base,2,P_Q_16,3.2879075902921e-05
base,2,P_Q_17,2.36708599099832e-06
base,2,L_Q,0.600165606753088
base,2,beta_NQ_2,0.940730611341604
base,2,beta_NQ_3,0.932728204979504
base,2,beta_NQ_4,0.926524000597335
base,2,beta_NQ_5,0.915284209720587
base,2,beta_NQ_6,0.901399100016695
base,2,beta_NQ_7,0.880705633764917
base,2,beta_NQ_8,0.839248473866308
base,2,beta_NQ_9,0.778419779240567
base,2,beta_NQ_10,0.695314942098422
base,2,beta_NQ_11,0.576616011674913
base,2,beta_NQ_12,0.428372303652876
base,2,beta_NQ_13,0.275077599402946
base,2,beta_NQ_14,0.159037699960351
base,2,beta_NQ_15,0.0800507185687133
base,2,beta_NQ_16,0.0395277962597335
base,2,beta_NQ_17,0.0203578006828232
base,2,h_NQ_2,16.87211276
base,2,h_NQ_3,14.8650697642
base,2,h_NQ_4,13.6098862216
base,2,h_NQ_5,11.8041734866
base,2,h_NQ_6,10.1418952582
base,2,h_NQ_7,8.382623155
base,2,h_NQ_8,6.22077789167199
base,2,h_NQ_9,4.51303454257856
base,2,h_NQ_10,3.28207713121499
base,2,h_NQ_11,2.36192203575468
base,2,h_NQ_12,1.74939037757959
base,2,h_NQ_13,1.37945799228
base,2,h_NQ_14,1.18911394461039
base,2,h_NQ_15,1.08701642209018
base,2,h_NQ_16,1.04115454374037
base,2,h_NQ_17,1.02078085304957
base,2,P_NQ_1,0.5861445548
base,2,P_NQ_2,0.136794680138193
base,2,P_NQ_3,0.132228917030036
base,2,P_NQ_4,0.119076066767275
base,2,P_NQ_5,0.114662224876335
base,2,P_NQ_6,0.104860232025077
base,2,P_NQ_7,0.0928769051864166
base,2,P_NQ_8,0.085759657978555
base,2,P_NQ_9,0.0739197446687776
base,2,P_NQ_10,0.0605364808284439
base,2,P_NQ_11,0.0432968944523086
base,2,P_NQ_12,0.0269854100155926
base,2,P_NQ_13,0.0124293506280187
base,2,P_NQ_14,0.00380778028763909
base,2,P_NQ_15,0.000717429539390566
base,2,P_NQ_16,7.6717841950872e-05
base,2,P_NQ_17,5.52318804519086e-06
base,2,L_NQ,1.14233291572873
base,2,pi_Q,0.3
base,2,pi_NQ,0.7
base,2,y,0.186537854811097
base,2,nbar,2.95888314119421
base,2,Ptot,2.27739791256224
base,2,Pret,0.211222232058345
base,2,H,102.930168581879
base,2,cCheck,0
base,2,shareq,0.3
base,2,A,0.087292616
base,2,A_Q,2
base,2,xpop,0.837349364
base,2,h_Q_1,100
base,2,mig_Q_2,-0.186957318
base,2,med_Q_2,-59.16369116
base,2,mig_Q_3,-0.000862901
base,2,med_Q_3,-2.349440285
base,2,mig_Q_4,-0.0001314
base,2,med_Q_4,-3.415529486
base,2,mig_Q_5,-0.000473813
base,2,med_Q_5,-3.225328578
base,2,mig_Q_6,-0.000920023
base,2,med_Q_6,-3.769815305
base,2,mig_Q_7,-0.000317488
base,2,med_Q_7,-5.443209664
base,2,mig_Q_8,-0.000271059
base,2,med_Q_8,-5.588613662
base,2,mig_Q_9,0.000616033
base,2,med_Q_9,-3.907964496
base,2,mig_Q_10,0.001213181
base,2,med_Q_10,-2.50625053
base,2,mig_Q_11,0.001948494
base,2,med_Q_11,-1.606588333
base,2,mig_Q_12,0.00198731
base,2,med_Q_12,-0.839238574
base,2,mig_Q_13,0.001447972
base,2,med_Q_13,-0.495904771
base,2,mig_Q_14,0.000514476
base,2,med_Q_14,-0.241096055
base,2,mig_Q_15,0.000112747
base,2,med_Q_15,-0.124726689
base,2,mig_Q_16,1.48749e-05
base,2,med_Q_16,-0.057198537
base,2,mig_Q_17,1.35058e-06
base,2,med_Q_17,-0.013904641
base,2,h_NQ_1,100
base,2,mig_NQ_2,-0.416251255
base,2,med_NQ_2,-81.12788724
base,2,mig_NQ_3,0.003369848
base,2,med_NQ_3,-1.330868033
base,2,mig_NQ_4,0.004627893
base,2,med_NQ_4,-0.721622038
base,2,mig_NQ_5,0.004234169
base,2,med_NQ_5,-1.408127978
base,2,mig_NQ_6,0.003443651
base,2,med_NQ_6,-1.642970811
base,2,mig_NQ_7,0.004907631
base,2,med_NQ_7,-1.956903693
base,2,mig_NQ_8,0.005642876
base,2,med_NQ_8,-2.188200491
base,2,mig_NQ_9,0.007744298
base,2,med_NQ_9,-1.746346541
base,2,mig_NQ_10,0.008776855
base,2,med_NQ_10,-1.27747268
base,2,mig_NQ_11,0.009032792
base,2,med_NQ_11,-0.917869261
base,2,mig_NQ_12,0.008078016
base,2,med_NQ_12,-0.595733902
base,2,mig_NQ_13,0.005110414
base,2,med_NQ_13,-0.351538141
base,2,mig_NQ_14,0.001765014
base,2,med_NQ_14,-0.169778206
base,2,mig_NQ_15,0.000367263
base,2,med_NQ_15,-0.086285683
base,2,mig_NQ_16,4.48464e-05
base,2,med_NQ_16,-0.037480239
base,2,mig_NQ_17,3.73751e-06
base,2,med_NQ_17,-0.005230955
base,3,beta_Q_2,0.960919101309252
base,3,beta_Q_3,0.963560499994147
base,3,beta_Q_4,0.964076600018983
base,3,beta_Q_5,0.962424900003693
base,3,beta_Q_6,0.956305900022175
base,3,beta_Q_7,0.942098600001715
base,3,beta_Q_8,0.912940600055841
base,3,beta_Q_9,0.865348500041953
base,3,beta_Q_10,0.785928400220511
base,3,beta_Q_11,0.667295763074705
base,3,beta_Q_12,0.521659103888569
base,3,beta_Q_13,0.359734955973682
base,3,beta_Q_14,0.216027861519063
base,3,beta_Q_15,0.117518946854786
base,3,beta_Q_16,0.057058104084404
base,3,beta_Q_17,0.0293664387910884
base,3,h_Q_2,25.58794705
base,3,h_Q_3,27.4427475632
base,3,h_Q_4,27.837008749244
base,3,h_Q_5,26.613368961568
base,3,h_Q_6,22.886385121884
base,3,h_Q_7,17.270739566932
base,3,h_Q_8,11.486410431936
base,3,h_Q_9,7.42657897978255
base,3,h_Q_10,4.67133426863899
base,3,h_Q_11,3.00566297371068
base,3,h_Q_12,2.09055751265959
base,3,h_Q_13,1.56185183631599
base,3,h_Q_14,1.2755554356304
base,3,h_Q_15,1.13316874435818
base,3,h_Q_16,1.06051073076037
base,3,h_Q_17,1.03024839694558
base,3,P_Q_1,0.251144745
base,3,P_Q_2,0.0586093814471245
base,3,P_Q_3,0.0568679813078364
base,3,P_Q_4,0.0546954727767994
base,3,P_Q_5,0.0489759793627217
base,3,P_Q_6,0.0465539002391698
base,3,P_Q_7,0.0419258031265564
base,3,P_Q_8,0.0362022537457468
base,3,P_Q_9,0.0321353347406637
base,3,P_Q_10,0.0260723886827093
base,3,P_Q_11,0.0191639110217901
base,3,P_Q_12,0.0114416167357
base,3,P_Q_13,0.00554994570476745
base,3,P_Q_14,0.00169309582291336
base,3,P_Q_15,0.000315013364756386
base,3,P_Q_16,3.32503013201689e-05
base,3,P_Q_17,1.62521993197794e-06
base,3,L_Q,0.608630915157013
base,3,beta_NQ_2,0.907806406419834
base,3,beta_NQ_3,0.911270900013759
base,3,beta_NQ_4,0.918945800489104
base,3,beta_NQ_5,0.917890800003294
base,3,beta_NQ_6,0.906938600037125
base,3,beta_NQ_7,0.886138300025991
base,3,beta_NQ_8,0.847883199957314
base,3,beta_NQ_9,0.791712099862338
base,3,beta_NQ_10,0.705827079298838
base,3,beta_NQ_11,0.591640347499391
base,3,beta_NQ_12,0.442583034971192
base,3,beta_NQ_13,0.292314147433582
base,3,beta_NQ_14,0.170047424360433
base,3,beta_NQ_15,0.090590314338219
base,3,beta_NQ_16,0.0434898973154973
base,3,beta_NQ_17,0.0222164146022872
base,3,h_NQ_2,10.8467399
base,3,h_NQ_3,11.2702597008
base,3,h_NQ_4,12.337423602916
base,3,h_NQ_5,12.178903217168
base,3,h_NQ_6,10.745593771868
base,3,h_NQ_7,8.78258448803599
base,3,h_NQ_8,6.5738958459
base,3,h_NQ_9,4.80104700783855
base,3,h_NQ_10,3.39935561472699
base,3,h_NQ_11,2.44881726659069
base,3,h_NQ_12,1.79398841503959
base,3,h_NQ_13,1.413055870028
base,3,h_NQ_14,1.2048880844344
base,3,h_NQ_15,1.09961439571818
base,3,h_NQ_16,1.04546726364838
base,3,h_NQ_17,1.02271751686557
base,3,P_NQ_1,0.586004405
base,3,P_NQ_2,0.136755229371556
base,3,P_NQ_3,0.132691954456042
base,3,P_NQ_4,0.127622769201322
base,3,P_NQ_5,0.114277286667721
base,3,P_NQ_6,0.108625768309441
base,3,P_NQ_7,0.0978268761023816
base,3,P_NQ_8,0.0844719299351259
base,3,P_NQ_9,0.0749824650314133
base,3,P_NQ_10,0.0608355749843013
base,3,P_NQ_11,0.0447157911361322
base,3,P_NQ_12,0.0266971054175509
base,3,P_NQ_13,0.0129498898059934
base,3,P_NQ_14,0.00395055733588084
base,3,P_NQ_15,0.000735031548177291
base,3,P_NQ_16,7.75845086637447e-05
base,3,P_NQ_17,3.79216653525219e-06
base,3,L_NQ,1.15696255402288
base,3,pi_Q,0.3
base,3,pi_NQ,0.7
base,3,y,0.210745153133463
base,3,nbar,2.99868088941935
base,3,Ptot,2.30460570957874
base,3,Pret,0.214236173757124
base,3,H,100.932080792939
base,3,cCheck,4.44089209850063e-16
base,3,shareq,0.3
base,3,A,0.097702667
base,3,A_Q,2
base,3,xpop,0.83714915
base,3,h_Q_1,100
base,3,mig_Q_2,-0.18612713
base,3,med_Q_2,-72.41205295
base,3,mig_Q_3,-6.11209e-05
base,3,med_Q_3,-10.6168351
base,3,mig_Q_4,-7.55089e-05
base,3,med_Q_4,-6.015277837
base,3,mig_Q_5,-4.61142e-05
base,3,med_Q_5,-2.638441369
base,3,mig_Q_6,-0.0002985
base,3,med_Q_6,-1.988921064
base,3,mig_Q_7,-0.000272541
base,3,med_Q_7,-3.772308496
base,3,mig_Q_8,8.51763e-05
base,3,med_Q_8,-4.576767033
base,3,mig_Q_9,0.000691976
base,3,med_Q_9,-3.152484402
base,3,mig_Q_10,0.001451078
base,3,med_Q_10,-2.110921417
base,3,mig_Q_11,0.002216384
base,3,med_Q_11,-1.392713222
base,3,mig_Q_12,0.002031008
base,3,med_Q_12,-0.735520726
base,3,mig_Q_13,0.001615401
base,3,med_Q_13,-0.426588835
base,3,mig_Q_14,0.000611996
base,3,med_Q_14,-0.209758674
base,3,mig_Q_15,0.000145094
base,3,med_Q_15,-0.096368864
base,3,mig_Q_16,1.72942e-05
base,3,med_Q_16,-0.03339005
base,3,mig_Q_17,7.40171e-07
base,3,med_Q_17,-0.003393804
base,3,h_NQ_1,100
base,3,mig_NQ_2,-0.414648896
base,3,med_NQ_2,-87.1532601
base,3,mig_NQ_3,0.005099698
base,3,med_NQ_3,-5.264410804
base,3,mig_NQ_4,0.005109504
base,3,med_NQ_4,-2.230344766
base,3,mig_NQ_5,0.005288843
base,3,med_NQ_5,-1.15878528
base,3,mig_NQ_6,0.005269342
base,3,med_NQ_6,-0.822496245
base,3,mig_NQ_7,0.005475879
base,3,med_NQ_7,-1.156472865
base,3,mig_NQ_8,0.006525129
base,3,med_NQ_8,-1.641074846
base,3,mig_NQ_9,0.008225451
base,3,med_NQ_9,-1.295315326
base,3,mig_NQ_10,0.009438072
base,3,med_NQ_10,-1.023418237
base,3,mig_NQ_11,0.009809487
base,3,med_NQ_11,-0.767618322
base,3,mig_NQ_12,0.008149915
base,3,med_NQ_12,-0.52069518
base,3,mig_NQ_13,0.005526808
base,3,med_NQ_13,-0.3013467
base,3,mig_NQ_14,0.001973822
base,3,med_NQ_14,-0.146980748
base,3,mig_NQ_15,0.000430216
base,3,med_NQ_15,-0.06571727
base,3,mig_NQ_16,4.92261e-05
base,3,med_NQ_16,-0.01980883
base,3,mig_NQ_17,2.23036e-06
base,3,med_NQ_17,0.002386064
base,4,beta_Q_2,0.915780800174138
base,4,beta_Q_3,0.926950699992236
base,4,beta_Q_4,0.946298101104891
base,4,beta_Q_5,0.954726500006618
base,4,beta_Q_6,0.952895600038412
base,4,beta_Q_7,0.940326500011025
base,4,beta_Q_8,0.911711903309846
base,4,beta_Q_9,0.863582103908553
base,4,beta_Q_10,0.782460213878918
base,4,beta_Q_11,0.661729525310679
base,4,beta_Q_12,0.513075047975742
base,4,beta_Q_13,0.34311506784986
base,4,beta_Q_14,0.199175459830733
base,4,beta_Q_15,0.105912526264473
base,4,beta_Q_16,0.0500897023507679
base,4,beta_Q_17,0.0257230038342171
base,4,h_Q_2,11.873777
base,4,h_Q_3,13.689385109
base,4,h_Q_4,18.621315069936
base,4,h_Q_5,22.0879764132591
base,4,h_Q_6,21.2294392893366
base,4,h_Q_7,16.7578573434463
base,4,h_Q_8,11.3265547675934
base,4,h_Q_9,7.33041632029728
base,4,h_Q_10,4.5968599731869
base,4,h_Q_11,2.95621404026621
base,4,h_Q_12,2.05370437323647
base,4,h_Q_13,1.5223360154064
base,4,h_Q_14,1.24871273758967
base,4,h_Q_15,1.11845876491779
base,4,h_Q_16,1.05273097847102
base,4,h_Q_17,1.02640214614517
base,4,P_Q_1,0.2400099309
base,4,P_Q_2,0.0554021626639412
base,4,P_Q_3,0.055098505891539
base,4,P_Q_4,0.054131809069202
base,4,P_Q_5,0.0517083339178659
base,4,P_Q_6,0.047760847023935
base,4,P_Q_7,0.0440058162399414
base,4,P_Q_8,0.0383320361641815
base,4,P_Q_9,0.0332963169770202
base,4,P_Q_10,0.0266317512232805
base,4,P_Q_11,0.0197418465012088
base,4,P_Q_12,0.0120694326506273
base,4,P_Q_13,0.00566622449268478
base,4,P_Q_14,0.00175881790214782
base,4,P_Q_15,0.000324755838033016
base,4,P_Q_16,3.36133653542482e-05
base,4,P_Q_17,1.70191293850399e-06
base,4,L_Q,0.605870154767537
base,4,beta_NQ_2,0.799613500674926
base,4,beta_NQ_3,0.821086499924607
base,4,beta_NQ_4,0.875935005405642
base,4,beta_NQ_5,0.900361491462903
base,4,beta_NQ_6,0.900028300059175
base,4,beta_NQ_7,0.883267142757604
base,4,beta_NQ_8,0.846057803078419
base,4,beta_NQ_9,0.789139704543031
base,4,beta_NQ_10,0.701501812798948
base,4,beta_NQ_11,0.585631017831217
base,4,beta_NQ_12,0.434138626882012
base,4,beta_NQ_13,0.277026944002796
base,4,beta_NQ_14,0.155300276397469
base,4,beta_NQ_15,0.0806001114636423
base,4,beta_NQ_16,0.0376488988536307
base,4,beta_NQ_17,0.0191859183317102
base,4,h_NQ_2,4.99035614
base,4,h_NQ_3,5.589293146
base,4,h_NQ_4,8.06029097678399
base,4,h_NQ_5,10.0362710858577
base,4,h_NQ_6,10.0028308018246
base,4,h_NQ_7,8.56656521243064
base,4,h_NQ_8,6.49594458327527
base,4,h_NQ_9,4.742476413982
base,4,h_NQ_10,3.35010394968178
base,4,h_NQ_11,2.41330794243245
base,4,h_NQ_12,1.76721719825888
base,4,h_NQ_13,1.3831771347388
base,4,h_NQ_14,1.18385253262744
base,4,h_NQ_15,1.08766598574571
base,4,h_NQ_16,1.03912178980382
base,4,h_NQ_17,1.01955142437541
base,4,P_NQ_1,0.5600231721
base,4,P_NQ_2,0.129271716049243
base,4,P_NQ_3,0.128563183951006
base,4,P_NQ_4,0.126307551306071
base,4,P_NQ_5,0.120652779720837
base,4,P_NQ_6,0.111441979386464
base,4,P_NQ_7,0.102680238668745
base,4,P_NQ_8,0.089441420751515
base,4,P_NQ_9,0.0776914080283628
base,4,P_NQ_10,0.0621408002917497
base,4,P_NQ_11,0.0460642887240372
base,4,P_NQ_12,0.0281619995521673
base,4,P_NQ_13,0.0132211826090758
base,4,P_NQ_14,0.00410391040726062
base,4,P_NQ_15,0.000757765230868603
base,4,P_NQ_16,7.84310465538814e-05
base,4,P_NQ_17,3.9709196111885e-06
base,4,L_NQ,1.14788195904595
base,4,pi_Q,0.3
base,4,pi_NQ,0.7
base,4,y,0.215761771027838
base,4,nbar,2.96851189988507
base,4,Ptot,2.28657970147747
base,4,Pret,0.220760492667599
base,4,H,92.5316480411073
base,4,cCheck,0
base,4,shareq,0.3
base,4,A,0.100738932
base,4,A_Q,2
base,4,xpop,0.800033103
base,4,h_Q_1,100
base,4,mig_Q_2,-0.18592762
base,4,med_Q_2,-86.126223
base,4,mig_Q_3,-0.001375179
base,4,med_Q_3,-11.386803
base,4,mig_Q_4,-0.000693281
base,4,med_Q_4,-8.272577542
base,4,mig_Q_5,-0.000931951
base,4,med_Q_5,-5.192292161
base,4,mig_Q_6,0.000924829
base,4,med_Q_6,-4.851662293
base,4,mig_Q_7,0.000147452
base,4,med_Q_7,-5.670800076
base,4,mig_Q_8,5.62683e-05
base,4,med_Q_8,-5.598770008
base,4,mig_Q_9,0.001968751
base,4,med_Q_9,-3.926265903
base,4,mig_Q_10,0.001375679
base,4,med_Q_10,-2.681187427
base,4,mig_Q_11,0.002343852
base,4,med_Q_11,-1.621693543
base,4,mig_Q_12,0.002072404
base,4,med_Q_12,-0.891845341
base,4,mig_Q_13,0.001550275
base,4,med_Q_13,-0.526410347
base,4,mig_Q_14,0.000559875
base,4,med_Q_14,-0.281902062
base,4,mig_Q_15,0.000125785
base,4,med_Q_15,-0.131585562
base,4,mig_Q_16,1.56393e-05
base,4,med_Q_16,-0.057774391
base,4,mig_Q_17,7.2547e-07
base,4,med_Q_17,-0.01289837
base,4,h_NQ_1,100
base,4,mig_NQ_2,-0.402706837
base,4,med_NQ_2,-93.00964386
base,4,mig_NQ_3,0.003942123
base,4,med_NQ_3,-5.040511956
base,4,mig_NQ_4,0.004370837
base,4,med_NQ_4,-2.98456353
base,4,mig_NQ_5,0.003509014
base,4,med_NQ_5,-2.054404045
base,4,mig_NQ_6,0.007799497
base,4,med_NQ_6,-1.932494351
base,4,mig_NQ_7,0.006422785
base,4,med_NQ_7,-1.964116684
base,4,mig_NQ_8,0.006495656
base,4,med_NQ_8,-2.110988215
base,4,mig_NQ_9,0.010813959
base,4,med_NQ_9,-1.699941515
base,4,mig_NQ_10,0.009216146
base,4,med_NQ_10,-1.354922118
base,4,mig_NQ_11,0.010071508
base,4,med_NQ_11,-0.91806056
base,4,mig_NQ_12,0.008371549
base,4,med_NQ_12,-0.632623723
base,4,mig_NQ_13,0.005417241
base,4,med_NQ_13,-0.374931512
base,4,mig_NQ_14,0.001901815
base,4,med_NQ_14,-0.20094222
base,4,mig_NQ_15,0.000399883
base,4,med_NQ_15,-0.093124337
base,4,mig_NQ_16,4.64646e-05
base,4,med_NQ_16,-0.038500318
base,4,mig_NQ_17,2.24727e-06
base,4,med_NQ_17,-0.005006494
base,5,beta_Q_2,0.97831590005436
base,5,beta_Q_3,0.976824400001711
base,5,beta_Q_4,0.972756101044606
base,5,beta_Q_5,0.968474199995295
base,5,beta_Q_6,0.961299800006389
base,5,beta_Q_7,0.947256704690488
base,5,beta_Q_8,0.918899700325678
base,5,beta_Q_9,0.87503910061217
base,5,beta_Q_10,0.80298450290316
base,5,beta_Q_11,0.688932000729511
base,5,beta_Q_12,0.545905601157889
base,5,beta_Q_13,0.382226001756237
base,5,beta_Q_14,0.233474069512069
base,5,beta_Q_15,0.122301810119353
base,5,beta_Q_16,0.0608830171079231
base,5,beta_Q_17,0.0308175007459649
base,5,h_Q_2,46.11673992
base,5,h_Q_3,43.14882894
base,5,h_Q_4,36.70546433682
base,5,h_Q_5,31.7200515085373
base,5,h_Q_6,25.8396597469939
base,5,h_Q_7,18.9597541315499
base,5,h_Q_8,12.3304106175774
base,5,h_Q_9,8.00250318224148
base,5,h_Q_10,5.07574277589133
base,5,h_Q_11,3.21473118072316
base,5,h_Q_12,2.20218527646088
base,5,h_Q_13,1.61871493877174
base,5,h_Q_14,1.30458208009827
base,5,h_Q_15,1.13934367183788
base,5,h_Q_16,1.06483004861944
base,5,h_Q_17,1.0317974169016
base,5,P_Q_1,0.2322511179
base,5,P_Q_2,0.0547375935693415
base,5,P_Q_3,0.052932439462424
base,5,P_Q_4,0.05294098949888
base,5,P_Q_5,0.0523430946116657
base,5,P_Q_6,0.0508873098756514
base,5,P_Q_7,0.0446876891195788
base,5,P_Q_8,0.0408866024808203
base,5,P_Q_9,0.0351519314377626
base,5,P_Q_10,0.0273420413032195
base,5,P_Q_11,0.0205344860951735
base,5,P_Q_12,0.0126792128407374
base,5,P_Q_13,0.0059869172028293
base,5,P_Q_14,0.00185312986883465
base,5,P_Q_15,0.000347917847255657
base,5,P_Q_16,3.53494232637479e-05
base,5,P_Q_17,1.53344172588827e-06
base,5,L_Q,0.606555655363513
base,5,beta_NQ_2,0.949461622802603
base,5,beta_NQ_3,0.945148500061631
base,5,beta_NQ_4,0.939751299968669
base,5,beta_NQ_5,0.931510500004377
base,5,beta_NQ_6,0.91745130001448
base,5,beta_NQ_7,0.895631604059103
base,5,beta_NQ_8,0.857395600286007
base,5,beta_NQ_9,0.804925800395733
base,5,beta_NQ_10,0.726425001123515
base,5,beta_NQ_11,0.61504049989533
base,5,beta_NQ_12,0.466364099355962
base,5,beta_NQ_13,0.31223812072514
base,5,beta_NQ_14,0.183897629855855
base,5,beta_NQ_15,0.0940209412956333
base,5,beta_NQ_16,0.0461569048697826
base,5,beta_NQ_17,0.0231602981609627
base,5,h_NQ_2,19.78693429
base,5,h_NQ_3,18.2310419972
base,5,h_NQ_4,16.59786849308
base,5,h_NQ_5,14.6007782222483
base,5,h_NQ_6,12.1140611561405
base,5,h_NQ_7,9.58144419278814
base,5,h_NQ_8,7.01240635218202
base,5,h_NQ_9,5.12625452360976
base,5,h_NQ_10,3.65530475870236
base,5,h_NQ_11,2.59767585568814
base,5,h_NQ_12,1.8739368895838
base,5,h_NQ_13,1.4539816232937
base,5,h_NQ_14,1.22533462604402
base,5,h_NQ_15,1.10377821897489
base,5,h_NQ_16,1.0483904520308
base,5,h_NQ_17,1.02370941500774
base,5,P_NQ_1,0.5419192751
base,5,P_NQ_2,0.127721053101957
base,5,P_NQ_3,0.123509026870121
base,5,P_NQ_4,0.123528981229091
base,5,P_NQ_5,0.122133897276961
base,5,P_NQ_6,0.118737056229559
base,5,P_NQ_7,0.104271281715934
base,5,P_NQ_8,0.0954020711476459
base,5,P_NQ_9,0.0820211753457595
base,5,P_NQ_10,0.0637980985707992
base,5,P_NQ_11,0.0479138291237038
base,5,P_NQ_12,0.0295848150549501
base,5,P_NQ_13,0.013969466672945
base,5,P_NQ_14,0.00432396731349088
base,5,P_NQ_15,0.000811810636262007
base,5,P_NQ_16,8.24819265317701e-05
base,5,P_NQ_17,3.57876165385333e-06
base,5,L_NQ,1.14609919658716
base,5,pi_Q,0.3
base,5,pi_NQ,0.7
base,5,y,0.172747430193528
base,5,nbar,2.9168032309198
base,5,Ptot,2.28533122205653
base,5,Pret,0.229268636083376
base,5,H,100.915902125387
base,5,cCheck,-4.44089209850063e-16
base,5,shareq,0.3
base,5,A,0.081653838
base,5,A_Q,2
base,5,xpop,0.774170393
base,5,h_Q_1,100
base,5,mig_Q_2,-0.165058893
base,5,med_Q_2,-51.88326008
base,5,mig_Q_3,0.001577366
base,5,med_Q_3,31.51252748
base,5,mig_Q_4,0.000801378
base,5,med_Q_4,23.28986693
base,5,mig_Q_5,0.000662022
base,5,med_Q_5,13.47116274
base,5,mig_Q_6,0.001614666
base,5,med_Q_6,4.193442862
base,5,mig_Q_7,-0.000223101
base,5,med_Q_7,-1.845096372
base,5,mig_Q_8,0.000765976
base,5,med_Q_8,-4.092289579
base,5,mig_Q_9,0.002049071
base,5,med_Q_9,-3.09752049
base,5,mig_Q_10,0.001288998
base,5,med_Q_10,-2.108065218
base,5,mig_Q_11,0.00291147
base,5,med_Q_11,-1.290191593
base,5,mig_Q_12,0.002550164
base,5,med_Q_12,-0.694904483
base,5,mig_Q_13,0.001845713
base,5,med_Q_13,-0.393915347
base,5,mig_Q_14,0.000724557
base,5,med_Q_14,-0.187307215
base,5,mig_Q_15,0.000161637
base,5,med_Q_15,-0.084394811
base,5,mig_Q_16,1.90825e-05
base,5,med_Q_16,-0.031259541
base,5,mig_Q_17,6.68805e-07
base,5,med_Q_17,0.000121058
base,5,h_NQ_1,100
base,5,mig_NQ_2,-0.320081036
base,5,med_NQ_2,-78.21306571
base,5,mig_NQ_3,0.017365766
base,5,med_NQ_3,13.34049298
base,5,mig_NQ_4,0.010915988
base,5,med_NQ_4,11.12036121
base,5,mig_NQ_5,0.008411442
base,5,med_NQ_5,6.701693065
base,5,mig_NQ_6,0.01014614
base,5,med_NQ_6,2.278515492
base,5,mig_NQ_7,0.005838243
base,5,med_NQ_7,-0.221329993
base,5,mig_NQ_8,0.008528654
base,5,med_NQ_8,-1.382827556
base,5,mig_NQ_9,0.011439399
base,5,med_NQ_9,-1.239771168
base,5,mig_NQ_10,0.009297435
base,5,med_NQ_10,-0.992322127
base,5,mig_NQ_11,0.011522249
base,5,med_NQ_11,-0.685426015
base,5,mig_NQ_12,0.009586528
base,5,med_NQ_12,-0.491104894
base,5,mig_NQ_13,0.006167834
base,5,med_NQ_13,-0.277891231
base,5,mig_NQ_14,0.002270714
base,5,med_NQ_14,-0.130178966
base,5,mig_NQ_15,0.000481035
base,5,med_NQ_15,-0.056397263
base,5,mig_NQ_16,5.39529e-05
base,5,med_NQ_16,-0.017522214
base,5,mig_NQ_17,2.07399e-06
base,5,med_NQ_17,0.005370061
base,6,beta_Q_2,0.980093000081986
base,6,beta_Q_3,0.978183700006992
base,6,beta_Q_4,0.973443299999527
base,6,beta_Q_5,0.968100100598134
base,6,beta_Q_6,0.960728801748327
base,6,beta_Q_7,0.947101200015067
base,6,beta_Q_8,0.918668900015711
base,6,beta_Q_9,0.873653601874638
base,6,beta_Q_10,0.800306106442391
base,6,beta_Q_11,0.685122807218345
base,6,beta_Q_12,0.533326745557311
base,6,beta_Q_13,0.364243208418866
base,6,beta_Q_14,0.210392979249286
base,6,beta_Q_15,0.10710457224437
base,6,beta_Q_16,0.0513792132987517
base,6,beta_Q_17,0.0258055017436974
base,6,h_Q_2,50.23358618
base,6,h_Q_3,45.8372868036
base,6,h_Q_4,37.6552809642
base,6,h_Q_5,31.3480606470836
base,6,h_Q_6,25.4639532233665
base,6,h_Q_7,18.9040205110541
base,6,h_Q_8,12.2954195889189
base,6,h_Q_9,7.91474866222584
base,6,h_Q_10,5.00766422959665
base,6,h_Q_11,3.1758412533735
base,6,h_Q_12,2.1428257621087
base,6,h_Q_13,1.57292752993167
base,6,h_Q_14,1.2664518469963
base,6,h_Q_15,1.1199518834963
base,6,h_Q_16,1.05416200440112
base,6,h_Q_17,1.02648906464705
base,6,P_Q_1,0.2354582187
base,6,P_Q_2,0.0635929234469698
base,6,P_Q_3,0.0556168589959095
base,6,P_Q_4,0.0529758844302472
base,6,P_Q_5,0.0517508194518871
base,6,P_Q_6,0.0502920915819097
base,6,P_Q_7,0.0478914644633733
base,6,P_Q_8,0.041124593240228
base,6,P_Q_9,0.0364065528619043
base,6,P_Q_10,0.0293843861916378
base,6,P_Q_11,0.0208241592190559
base,6,P_Q_12,0.013313518976254
base,6,P_Q_13,0.00629877882953141
base,6,P_Q_14,0.00203395992317637
base,6,P_Q_15,0.000382637137344718
base,6,P_Q_16,4.0045288246618e-05
base,6,P_Q_17,1.73611087779998e-06
base,6,L_Q,0.625544331501579
base,6,beta_NQ_2,0.953018000050538
base,6,beta_NQ_3,0.947439199997024
base,6,beta_NQ_4,0.940336200557962
base,6,beta_NQ_5,0.929724029308708
base,6,beta_NQ_6,0.91563551810666
base,6,beta_NQ_7,0.895088600099634
base,6,beta_NQ_8,0.856512600216809
base,6,beta_NQ_9,0.802585803990379
base,6,beta_NQ_10,0.722879507523622
base,6,beta_NQ_11,0.610812705042895
base,6,beta_NQ_12,0.454135636348191
base,6,beta_NQ_13,0.296270685092385
base,6,beta_NQ_14,0.16523660568129
base,6,beta_NQ_15,0.0820849260258682
base,6,beta_NQ_16,0.0388798004271116
base,6,beta_NQ_17,0.0193578988289396
base,6,h_NQ_2,21.28474735
base,6,h_NQ_3,19.0255856062
base,6,h_NQ_4,16.760581795256
base,6,h_NQ_5,14.2296089622184
base,6,h_NQ_6,11.8533269328033
base,6,h_NQ_7,9.53185259401771
base,6,h_NQ_8,6.96925304993238
base,6,h_NQ_9,5.06549174513838
base,6,h_NQ_10,3.60853852513757
base,6,h_NQ_11,2.56945691452831
base,6,h_NQ_12,1.83195646157438
base,6,h_NQ_13,1.42100053779213
base,6,h_NQ_14,1.19794394082783
base,6,h_NQ_15,1.08942537252314
base,6,h_NQ_16,1.04045258559539
base,6,h_NQ_17,1.01974002399018
base,6,P_NQ_1,0.5494025103
base,6,P_NQ_2,0.148383499364456
base,6,P_NQ_3,0.129772670765607
base,6,P_NQ_4,0.123610397559061
base,6,P_NQ_5,0.120751917069742
base,6,P_NQ_6,0.117348222832583
base,6,P_NQ_7,0.111746750132136
base,6,P_NQ_8,0.0959573911794244
base,6,P_NQ_9,0.0849486214779296
base,6,P_NQ_10,0.0685635673926954
base,6,P_NQ_11,0.0485897034373559
base,6,P_NQ_12,0.0310648887659716
base,6,P_NQ_13,0.0146972830547585
base,6,P_NQ_14,0.00474587881150494
base,6,P_NQ_15,0.000892819476945964
base,6,P_NQ_16,9.34391663102231e-05
base,6,P_NQ_17,4.05092601136641e-06
base,6,L_NQ,1.17984763393074
base,6,pi_Q,0.3
base,6,pi_NQ,0.7
base,6,y,0.276496561573202
base,6,nbar,3.05803341297649
base,6,Ptot,2.35796224056105
base,6,Pret,0.240930852707678
base,6,H,103.799297970111
base,6,cCheck,0
base,6,shareq,0.3
base,6,A,0.126438745
base,6,A_Q,2
base,6,xpop,0.784860729
base,6,h_Q_1,100
base,6,mig_Q_2,-0.163622038
base,6,med_Q_2,-47.76641382
base,6,mig_Q_3,0.002147842
base,6,med_Q_3,0.642881682
base,6,mig_Q_4,0.001485531
base,6,med_Q_4,-4.630571397
base,6,mig_Q_5,0.000478837
base,6,med_Q_5,-4.623294403
base,6,mig_Q_6,-2.53148e-05
base,6,med_Q_6,-5.621697255
base,6,mig_Q_7,-0.000311881
base,6,med_Q_7,-6.418846041
base,6,mig_Q_8,6.10891e-05
base,6,med_Q_8,-6.28513946
base,6,mig_Q_9,0.000629177
base,6,med_Q_9,-4.169053743
base,6,mig_Q_10,0.00115793
base,6,med_Q_10,-2.834788889
base,6,mig_Q_11,0.001987352
base,6,med_Q_11,-1.798386667
base,6,mig_Q_12,0.002103628
base,6,med_Q_12,-1.007610795
base,6,mig_Q_13,0.001452454
base,6,med_Q_13,-0.585214041
base,6,mig_Q_14,0.00063617
base,6,med_Q_14,-0.319888793
base,6,mig_Q_15,0.000155996
base,6,med_Q_15,-0.158538555
base,6,mig_Q_16,1.8863e-05
base,6,med_Q_16,-0.062394794
base,6,mig_Q_17,6.4673e-07
base,6,med_Q_17,-0.017044383
base,6,h_NQ_1,100
base,6,mig_NQ_2,-0.366148055
base,6,med_NQ_2,-76.71525265
base,6,mig_NQ_3,0.009057309
base,6,med_NQ_3,-0.365609998
base,6,mig_NQ_4,0.007542629
base,6,med_NQ_4,-1.105839362
base,6,mig_NQ_5,0.005683374
base,6,med_NQ_5,-2.036302161
base,6,mig_NQ_6,0.00529632
base,6,med_NQ_6,-2.455435725
base,6,mig_NQ_7,0.00540209
base,6,med_NQ_7,-2.339927339
base,6,mig_NQ_8,0.006555653
base,6,med_NQ_8,-2.420562259
base,6,mig_NQ_9,0.008157033
base,6,med_NQ_9,-1.80666648
base,6,mig_NQ_10,0.008981335
base,6,med_NQ_10,-1.415190908
base,6,mig_NQ_11,0.009351289
base,6,med_NQ_11,-1.012741749
base,6,mig_NQ_12,0.008719599
base,6,med_NQ_12,-0.713765877
base,6,mig_NQ_13,0.005459776
base,6,med_NQ_13,-0.415457614
base,6,mig_NQ_14,0.002176927
base,6,med_NQ_14,-0.22695805
base,6,mig_NQ_15,0.000486276
base,6,med_NQ_15,-0.111402561
base,6,mig_NQ_16,5.59685e-05
base,6,med_NQ_16,-0.041250069
base,6,mig_NQ_17,2.14062e-06
base,6,med_NQ_17,-0.007682619
base,7,beta_Q_2,0.982471202013489
base,7,beta_Q_3,0.98019100022191
base,7,beta_Q_4,0.975467800055399
base,7,beta_Q_5,0.969921200004865
base,7,beta_Q_6,0.962053899993213
base,7,beta_Q_7,0.948704999989433
base,7,beta_Q_8,0.921555200026118
base,7,beta_Q_9,0.879524100023635
base,7,beta_Q_10,0.809581700101734
base,7,beta_Q_11,0.701822499941256
base,7,beta_Q_12,0.564004501242922
base,7,beta_Q_13,0.398768598629999
base,7,beta_Q_14,0.24479335183729
base,7,beta_Q_15,0.13129522576739
base,7,beta_Q_16,0.063957127400127
base,7,beta_Q_17,0.0320524055387999
base,7,h_Q_2,57.04897084
base,7,h_Q_3,50.4821040984
base,7,h_Q_4,40.762752631528
base,7,h_Q_5,33.246007153916
base,7,h_Q_6,26.3531693591419
base,7,h_Q_7,19.4950774888992
base,7,h_Q_8,12.747817577833
base,7,h_Q_9,8.30041527114052
base,7,h_Q_10,5.25159609398132
base,7,h_Q_11,3.35370710300472
base,7,h_Q_12,2.29360165930603
base,7,h_Q_13,1.66325311286653
base,7,h_Q_14,1.32413518733303
base,7,h_Q_15,1.15113837105638
base,7,h_Q_16,1.06832709982638
base,7,h_Q_17,1.0331137801131
base,7,P_Q_1,0.2358901014
base,7,P_Q_2,0.0657660659596434
base,7,P_Q_3,0.0631562221516183
base,7,P_Q_4,0.0546893617565865
base,7,P_Q_5,0.0511453440461974
base,7,P_Q_6,0.0493387557615056
base,7,P_Q_7,0.0472443532884943
base,7,P_Q_8,0.0440902573787086
base,7,P_Q_9,0.0366807650099546
base,7,P_Q_10,0.0306768565698997
base,7,P_Q_11,0.0224795411560028
base,7,P_Q_12,0.0135552590652664
base,7,P_Q_13,0.00670016886725621
base,7,P_Q_14,0.00213355284357745
base,7,P_Q_15,0.000419747407533996
base,7,P_Q_16,5.2825195095658e-05
base,7,P_Q_17,1.19309975567497e-06
base,7,L_Q,0.639805797841124
base,7,beta_NQ_2,0.957769101087303
base,7,beta_NQ_3,0.951067400044386
base,7,beta_NQ_4,0.944235100027504
base,7,beta_NQ_5,0.933317200014092
base,7,beta_NQ_6,0.917863944448588
base,7,beta_NQ_7,0.897531433097593
base,7,beta_NQ_8,0.860720316055193
base,7,beta_NQ_9,0.810532600003745
base,7,beta_NQ_10,0.734017600170867
base,7,beta_NQ_11,0.628927800124643
base,7,beta_NQ_12,0.484616699454873
base,7,beta_NQ_13,0.327474613926273
base,7,beta_NQ_14,0.193547122720499
base,7,beta_NQ_15,0.101101276818328
base,7,beta_NQ_16,0.0484809100193364
base,7,beta_NQ_17,0.0240461982203856
base,7,h_NQ_2,23.6793438
base,7,h_NQ_3,20.436273568
base,7,h_NQ_4,17.932427027076
base,7,h_NQ_5,14.9963708803509
base,7,h_NQ_6,12.174914554974
base,7,h_NQ_7,9.75908717414728
base,7,h_NQ_8,7.17979204713736
base,7,h_NQ_9,5.27795282993373
base,7,h_NQ_10,3.75964725723561
base,7,h_NQ_11,2.69489333963482
base,7,h_NQ_12,1.94030345723774
base,7,h_NQ_13,1.48692582934289
base,7,h_NQ_14,1.23999617303628
base,7,h_NQ_15,1.11247215501127
base,7,h_NQ_16,1.05095105307268
base,7,h_NQ_17,1.02463866388348
base,7,P_NQ_1,0.5504102366
base,7,P_NQ_2,0.153454152588851
base,7,P_NQ_3,0.147364529930619
base,7,P_NQ_4,0.12760851116399
base,7,P_NQ_5,0.119339141883062
base,7,P_NQ_6,0.115123769148526
base,7,P_NQ_7,0.110236832499397
base,7,P_NQ_8,0.102877266521454
base,7,P_NQ_9,0.0855884569485576
base,7,P_NQ_10,0.0715793326587763
base,7,P_NQ_11,0.0524522630665231
base,7,P_NQ_12,0.0316289318904935
base,7,P_NQ_13,0.0156337248770131
base,7,P_NQ_14,0.00497830716470543
base,7,P_NQ_15,0.000979408111170118
base,7,P_NQ_16,0.000123259043081097
base,7,P_NQ_17,2.78390092809376e-06
base,7,L_NQ,1.20440243740487
base,7,pi_Q,0.3
base,7,pi_NQ,0.7
base,7,y,0.324836822082527
base,7,nbar,3.14241375786493
base,7,Ptot,2.41340127895424
base,7,Pret,0.253397154917079
base,7,H,106.978693574747
base,7,cCheck,-4.44089209850063e-16
base,7,shareq,0.3
base,7,A,0.145740715
base,7,A_Q,2
base,7,xpop,0.786300338
base,7,h_Q_1,100
base,7,mig_Q_2,-0.165004886
base,7,med_Q_2,-40.95102916
base,7,mig_Q_3,0.000950661
base,7,med_Q_3,1.253189642
base,7,mig_Q_4,0.000549503
base,7,med_Q_4,-4.157788436
base,7,mig_Q_5,-0.000140615
base,7,med_Q_5,-3.656168191
base,7,mig_Q_6,-0.000379747
base,7,med_Q_6,-4.367930075
base,7,mig_Q_7,-0.000387347
base,7,med_Q_7,-5.45959667
base,7,mig_Q_8,9.38584e-05
base,7,med_Q_8,-5.778122523
base,7,mig_Q_9,0.000752116
base,7,med_Q_9,-3.749095926
base,7,mig_Q_10,0.00154047
base,7,med_Q_10,-2.504857595
base,7,mig_Q_11,0.002347628
base,7,med_Q_11,-1.553803842
base,7,mig_Q_12,0.002449178
base,7,med_Q_12,-0.818722769
base,7,mig_Q_13,0.00185081
base,7,med_Q_13,-0.436716134
base,7,mig_Q_14,0.000808334
base,7,med_Q_14,-0.217333792
base,7,mig_Q_15,0.000201901
base,7,med_Q_15,-0.089984439
base,7,mig_Q_16,3.31656e-05
base,7,med_Q_16,-0.029225746
base,7,mig_Q_17,1.59711e-07
base,7,med_Q_17,3.50158e-05
base,7,h_NQ_1,100
base,7,mig_NQ_2,-0.370136329
base,7,med_NQ_2,-74.3206562
base,7,mig_NQ_3,0.006780186
base,7,med_NQ_3,-0.422778835
base,7,mig_NQ_4,0.005578571
base,7,med_NQ_4,-0.712646867
base,7,mig_NQ_5,0.004415585
base,7,med_NQ_5,-1.428999279
base,7,mig_NQ_6,0.004559025
base,7,med_NQ_6,-1.770102228
base,7,mig_NQ_7,0.005199776
base,7,med_NQ_7,-1.85717322
base,7,mig_NQ_8,0.007164767
base,7,med_NQ_8,-2.161423495
base,7,mig_NQ_9,0.008574417
base,7,med_NQ_9,-1.551915159
base,7,mig_NQ_10,0.010171715
base,7,med_NQ_10,-1.204534653
base,7,mig_NQ_11,0.010572765
base,7,med_NQ_11,-0.841474415
base,7,mig_NQ_12,0.009562616
base,7,med_NQ_12,-0.577764319
base,7,mig_NQ_13,0.006430109
base,7,med_NQ_13,-0.308391503
base,7,mig_NQ_14,0.002549778
base,7,med_NQ_14,-0.152584354
base,7,mig_NQ_15,0.000589843
base,7,med_NQ_15,-0.061512907
base,7,mig_NQ_16,8.85464e-05
base,7,med_NQ_16,-0.016685812
base,7,mig_NQ_17,9.75115e-07
base,7,med_NQ_17,0.00499513
base,8,beta_Q_2,0.984076900170265
base,8,beta_Q_3,0.981349700005238
base,8,beta_Q_4,0.976195800002336
base,8,beta_Q_5,0.970504804524301
base,8,beta_Q_6,0.962159300001863
base,8,beta_Q_7,0.948815299989353
base,8,beta_Q_8,0.921650599973983
base,8,beta_Q_9,0.880413700421122
base,8,beta_Q_10,0.811607402573308
base,8,beta_Q_11,0.705571507928962
base,8,beta_Q_12,0.56743200160931
base,8,beta_Q_13,0.406678020558233
base,8,beta_Q_14,0.250219899970082
base,8,beta_Q_15,0.131435124972837
base,8,beta_Q_16,0.0647460680280114
base,8,beta_Q_17,0.0321388047175256
base,8,h_Q_2,62.80184135
base,8,h_Q_3,53.6184404572
base,8,h_Q_4,42.009393304432
base,8,h_Q_5,33.9038216428974
base,8,h_Q_6,26.4265724468377
base,8,h_Q_7,19.5370882269591
base,8,h_Q_8,12.7633396001212
base,8,h_Q_9,8.36216189027632
base,8,h_Q_10,5.30806411871771
base,8,h_Q_11,3.3964103361017
base,8,h_Q_12,2.31177525794463
base,8,h_Q_13,1.68542545711991
base,8,h_Q_14,1.33372437760919
base,8,h_Q_15,1.15132444658637
base,8,h_Q_16,1.06922757063525
base,8,h_Q_17,1.03320599782985
base,8,P_Q_1,0.2371570851
base,8,P_Q_2,0.0619843694655418
base,8,P_Q_3,0.0635017429736429
base,8,P_Q_4,0.0605532080820492
base,8,P_Q_5,0.0517454613824486
base,8,P_Q_6,0.0480742257061389
base,8,P_Q_7,0.0458182892841978
base,8,P_Q_8,0.043174637444883
base,8,P_Q_9,0.0390164759408191
base,8,P_Q_10,0.0307427090977912
base,8,P_Q_11,0.0235298201682264
base,8,P_Q_12,0.0148994633978611
base,8,P_Q_13,0.00705889466152286
base,8,P_Q_14,0.00246174979489151
base,8,P_Q_15,0.000482071302284158
base,8,P_Q_16,5.83014384195248e-05
base,8,P_Q_17,1.05926057587226e-06
base,8,L_Q,0.642954028064422
base,8,beta_NQ_2,0.960777500039771
base,8,beta_NQ_3,0.95269410000342
base,8,beta_NQ_4,0.944511400034005
base,8,beta_NQ_5,0.933747900113122
base,8,beta_NQ_6,0.917632100015902
base,8,beta_NQ_7,0.89721959992845
base,8,beta_NQ_8,0.86024950002811
base,8,beta_NQ_9,0.81121900012386
base,8,beta_NQ_10,0.736195901222575
base,8,beta_NQ_11,0.632981405821706
base,8,beta_NQ_12,0.488113801320407
base,8,beta_NQ_13,0.334880909025814
base,8,beta_NQ_14,0.19806959828046
base,8,beta_NQ_15,0.101101897984911
base,8,beta_NQ_16,0.0489212004345328
base,8,beta_NQ_17,0.0239971028930627
base,8,h_NQ_2,25.49557014
base,8,h_NQ_3,21.13901226
base,8,h_NQ_4,18.02171977664
base,8,h_NQ_5,15.0938611745345
base,8,h_NQ_6,12.1406518817439
base,8,h_NQ_7,9.72948148887455
base,8,h_NQ_8,7.15560946166433
base,8,h_NQ_9,5.29714325319461
base,8,h_NQ_10,3.79069165333506
base,8,h_NQ_11,2.7246575540909
base,8,h_NQ_12,1.95355920984212
base,8,h_NQ_13,1.50349012409299
base,8,h_NQ_14,1.24699100675603
base,8,h_NQ_15,1.11247314657556
base,8,h_NQ_16,1.05143736391104
base,8,h_NQ_17,1.02458712001123
base,8,P_NQ_1,0.5533665319
base,8,P_NQ_2,0.144630194537632
base,8,P_NQ_3,0.148170732928693
base,8,P_NQ_4,0.141290830659544
base,8,P_NQ_5,0.120739411337542
base,8,P_NQ_6,0.112173204495897
base,8,P_NQ_7,0.106909353507473
base,8,P_NQ_8,0.100740841309804
base,8,P_NQ_9,0.0910384433149123
base,8,P_NQ_10,0.0717329927717079
base,8,P_NQ_11,0.0549029142234742
base,8,P_NQ_12,0.0347654146062372
base,8,P_NQ_13,0.0164708492597397
base,8,P_NQ_14,0.00574405146734978
base,8,P_NQ_15,0.00112483221074555
base,8,P_NQ_16,0.000136036096509847
base,8,P_NQ_17,2.47160038238312e-06
base,8,L_NQ,1.2105182268343
base,8,pi_Q,0.3
base,8,pi_NQ,0.7
base,8,y,0.296419394332956
base,8,nbar,3.17723367667811
base,8,Ptot,2.43419867072894
base,8,Pret,0.264113631357719
base,8,H,108.484512780798
base,8,cCheck,4.44089209850063e-16
base,8,shareq,0.3
base,8,A,0.131969085
base,8,A_Q,2
base,8,xpop,0.790523617
base,8,h_Q_1,100
base,8,mig_Q_2,-0.169770862
base,8,med_Q_2,-35.19815865
base,8,mig_Q_3,-0.000961563
base,8,med_Q_3,-2.289550966
base,8,mig_Q_4,-0.001053653
base,8,med_Q_4,-7.463068712
base,8,mig_Q_5,-0.00129891
base,8,med_Q_5,-6.043675936
base,8,mig_Q_6,-0.001130352
base,8,med_Q_6,-6.154514564
base,8,mig_Q_7,-0.000989635
base,8,med_Q_7,-6.289017745
base,8,mig_Q_8,-0.000363642
base,8,med_Q_8,-6.341836339
base,8,mig_Q_9,0.000238032
base,8,med_Q_9,-4.130699336
base,8,mig_Q_10,0.001046633
base,8,med_Q_10,-2.826342847
base,8,mig_Q_11,0.002000112
base,8,med_Q_11,-1.750153836
base,8,mig_Q_12,0.002220901
base,8,med_Q_12,-0.974857703
base,8,mig_Q_13,0.001653483
base,8,med_Q_13,-0.562304169
base,8,mig_Q_14,0.000821593
base,8,med_Q_14,-0.296263673
base,8,mig_Q_15,0.000201946
base,8,med_Q_15,-0.146328037
base,8,mig_Q_16,3.14556e-05
base,8,med_Q_16,-0.058888033
base,8,mig_Q_17,-6.33914e-07
base,8,med_Q_17,-0.01375456
base,8,h_NQ_1,100
base,8,mig_NQ_2,-0.382535723
base,8,med_NQ_2,-72.50442986
base,8,mig_NQ_3,0.002225491
base,8,med_NQ_3,-2.066744664
base,8,mig_NQ_4,0.002144069
base,8,med_NQ_4,-2.00582832
base,8,mig_NQ_5,0.001640193
base,8,med_NQ_5,-2.479917312
base,8,mig_NQ_6,0.002636109
base,8,med_NQ_6,-2.555791581
base,8,mig_NQ_7,0.003582152
base,8,med_NQ_7,-2.201934775
base,8,mig_NQ_8,0.00585776
base,8,med_NQ_8,-2.408295969
base,8,mig_NQ_9,0.007653065
base,8,med_NQ_9,-1.739052953
base,8,mig_NQ_10,0.008909559
base,8,med_NQ_10,-1.38170212
base,8,mig_NQ_11,0.009884682
base,8,med_NQ_11,-0.959796758
base,8,mig_NQ_12,0.009346172
base,8,med_NQ_12,-0.687436263
base,8,mig_NQ_13,0.006113177
base,8,med_NQ_13,-0.398007264
base,8,mig_NQ_14,0.002718189
base,8,med_NQ_14,-0.210196306
base,8,mig_NQ_15,0.000621519
base,8,med_NQ_15,-0.102723103
base,8,mig_NQ_16,8.85535e-05
base,8,med_NQ_16,-0.038785348
base,8,mig_NQ_17,-4.92311e-07
base,8,med_NQ_17,-0.005344912
base,9,beta_Q_2,0.96266830069613
base,9,beta_Q_3,0.969614707442619
base,9,beta_Q_4,0.968790300004278
base,9,beta_Q_5,0.964848000001087
base,9,beta_Q_6,0.959020300055827
base,9,beta_Q_7,0.946032000001399
base,9,beta_Q_8,0.917943999970297
base,9,beta_Q_9,0.873158899942629
base,9,beta_Q_10,0.799224600206456
base,9,beta_Q_11,0.684108700263053
base,9,beta_Q_12,0.524296802675033
base,9,beta_Q_13,0.349467602064531
base,9,beta_Q_14,0.192348504105645
base,9,beta_Q_15,0.0924704818850259
base,9,beta_Q_16,0.0424817826895312
base,9,beta_Q_17,0.0212006195287917
base,9,h_Q_2,26.78688621
base,9,h_Q_3,32.910650873
base,9,h_Q_4,32.041320488056
base,9,h_Q_5,28.4478834783434
base,9,h_Q_6,24.4023260340395
base,9,h_Q_7,18.5294989619009
base,9,h_Q_8,12.1867992544199
base,9,h_Q_9,7.88387990511878
base,9,h_Q_10,4.98068986947079
base,9,h_Q_11,3.16564590534336
base,9,h_Q_12,2.10215109137966
base,9,h_Q_13,1.53720245078573
base,9,h_Q_14,1.23815779997752
base,9,h_Q_15,1.10188878805701
base,9,h_Q_16,1.04436624765465
base,9,h_Q_17,1.02165980522254
base,9,P_Q_1,0.2266226103
base,9,P_Q_2,0.0414496791586237
base,9,P_Q_3,0.0516282473800233
base,9,P_Q_4,0.0542348667836981
base,9,P_Q_5,0.0536468613729884
base,9,P_Q_6,0.0465962209020102
base,9,P_Q_7,0.0430398818851261
base,9,P_Q_8,0.0405670228085624
base,9,P_Q_9,0.0371925523171898
base,9,P_Q_10,0.0321428766958922
base,9,P_Q_11,0.0230125536159499
base,9,P_Q_12,0.0151273569555638
base,9,P_Q_13,0.007414317282022
base,9,P_Q_14,0.00240623391610559
base,9,P_Q_15,0.000495740391943421
base,9,P_Q_16,5.76669213320421e-05
base,9,P_Q_17,8.54411595041675e-12
base,9,L_Q,0.585020664151676
base,9,beta_NQ_2,0.905323203444421
base,9,beta_NQ_3,0.921064334809679
base,9,beta_NQ_4,0.926780500018136
base,9,beta_NQ_5,0.920391449983453
base,9,beta_NQ_6,0.910466100140916
base,9,beta_NQ_7,0.891719300024289
base,9,beta_NQ_8,0.853882599839066
base,9,beta_NQ_9,0.800513300016735
base,9,beta_NQ_10,0.720826100181882
base,9,beta_NQ_11,0.609624400096542
base,9,beta_NQ_12,0.445819901310995
base,9,beta_NQ_13,0.283781100700842
base,9,beta_NQ_14,0.150601997808238
base,9,beta_NQ_15,0.0702885184474611
base,9,beta_NQ_16,0.0318585909122844
base,9,beta_NQ_17,0.0157289018500441
base,9,h_NQ_2,10.56224967
base,9,h_NQ_3,12.6685390672
base,9,h_NQ_4,13.6575639018
base,9,h_NQ_5,12.5614569281072
base,9,h_NQ_6,11.1689538810438
base,9,h_NQ_7,9.23525614610899
base,9,h_NQ_8,6.84381188609706
base,9,h_NQ_9,5.01286551943104
base,9,h_NQ_10,3.58199674313072
base,9,h_NQ_11,2.56163551226836
base,9,h_NQ_12,1.80446753900908
base,9,h_NQ_13,1.39622118364528
base,9,h_NQ_14,1.17730439361113
base,9,h_NQ_15,1.07560120862091
base,9,h_NQ_16,1.03290686064405
base,9,h_NQ_17,1.01598024863282
base,9,P_NQ_1,0.5287860907
base,9,P_NQ_2,0.0967159191245605
base,9,P_NQ_3,0.120465910018348
base,9,P_NQ_4,0.126548024402544
base,9,P_NQ_5,0.125176018433588
base,9,P_NQ_6,0.108724515580353
base,9,P_NQ_7,0.100426401660501
base,9,P_NQ_8,0.0946563969031318
base,9,P_NQ_9,0.0867826385589756
base,9,P_NQ_10,0.0750000478221221
base,9,P_NQ_11,0.0536959626084339
base,9,P_NQ_12,0.0352971661651882
base,9,P_NQ_13,0.017300073645996
base,9,P_NQ_14,0.00561456349621466
base,9,P_NQ_15,0.00115672150547207
base,9,P_NQ_16,0.000134555342037102
base,9,P_NQ_17,2.20511739353022e-12
base,9,L_NQ,1.10719952706635
base,9,pi_Q,0.3
base,9,pi_NQ,0.7
base,9,y,0.31809386776128
base,9,nbar,2.90649657453114
base,9,Ptot,2.25211569466525
base,9,Pret,0.268855836375022
base,9,H,93.4093995538607
base,9,cCheck,0
base,9,shareq,0.3
base,9,A,0.150728864
base,9,A_Q,2
base,9,xpop,0.755408701
base,9,h_Q_1,100
base,9,mig_Q_2,-0.19193113
base,9,med_Q_2,-71.21311379
base,9,mig_Q_3,-0.009200095
base,9,med_Q_3,-28.63515365
base,9,mig_Q_4,-0.007755268
base,9,med_Q_4,-20.50475116
base,9,mig_Q_5,-0.005120318
base,9,med_Q_5,-12.72132196
base,9,mig_Q_6,-0.003191156
base,9,med_Q_6,-8.823419176
base,9,mig_Q_7,-0.002573679
base,9,med_Q_7,-7.368542036
base,9,mig_Q_8,-0.001661431
base,9,med_Q_8,-6.959547208
base,9,mig_Q_9,-0.00081899
base,9,med_Q_9,-4.624192903
base,9,mig_Q_10,0.000476816
base,9,med_Q_10,-3.214228783
base,9,mig_Q_11,0.001321374
base,9,med_Q_11,-2.036256931
base,9,mig_Q_12,0.001775784
base,9,med_Q_12,-1.226331038
base,9,mig_Q_13,0.001355033
base,9,med_Q_13,-0.728337302
base,9,mig_Q_14,0.000639958
base,9,med_Q_14,-0.413559148
base,9,mig_Q_15,0.00017218
base,9,med_Q_15,-0.205161102
base,9,mig_Q_16,2.64547e-05
base,9,med_Q_16,-0.08393171
base,9,mig_Q_17,-1.87373e-06
base,9,med_Q_17,-0.026183214
base,9,h_NQ_1,100
base,9,mig_NQ_2,-0.434946194
base,9,med_NQ_2,-87.43775033
base,9,mig_NQ_3,-0.017322423
base,9,med_NQ_3,-12.31711967
base,9,mig_NQ_4,-0.013400922
base,9,med_NQ_4,-7.058668113
base,9,mig_NQ_5,-0.006753998
base,9,med_NQ_5,-5.099828453
base,9,mig_NQ_6,-0.002069844
base,9,med_NQ_6,-3.62303007
base,9,mig_NQ_7,-0.000217596
base,9,med_NQ_7,-2.662582698
base,9,mig_NQ_8,0.002687679
base,9,med_NQ_8,-2.691079973
base,9,mig_NQ_9,0.005059754
base,9,med_NQ_9,-1.999631753
base,9,mig_NQ_10,0.007977919
base,9,med_NQ_10,-1.609203645
base,9,mig_NQ_11,0.008290312
base,9,med_NQ_11,-1.153242308
base,9,mig_NQ_12,0.008498296
base,9,med_NQ_12,-0.865696864
base,9,mig_NQ_13,0.0056578
base,9,med_NQ_13,-0.518266842
base,9,mig_NQ_14,0.002352189
base,9,med_NQ_14,-0.296115928
base,9,mig_NQ_15,0.000575987
base,9,med_NQ_15,-0.146449978
base,9,mig_NQ_16,7.95272e-05
base,9,med_NQ_16,-0.057316823
base,9,mig_NQ_17,-3.26447e-06
base,9,med_NQ_17,-0.014428368
base,10,beta_Q_2,0.986426700069285
base,10,beta_Q_3,0.987473200142563
base,10,beta_Q_4,0.984694600000777
base,10,beta_Q_5,0.980313000051596
base,10,beta_Q_6,0.97328560153488
base,10,beta_Q_7,0.962059500005814
base,10,beta_Q_8,0.939212103062337
base,10,beta_Q_9,0.902843200521366
base,10,beta_Q_10,0.840300099934678
base,10,beta_Q_11,0.742515600294894
base,10,beta_Q_12,0.605056707370968
base,10,beta_Q_13,0.440940987893285
base,10,beta_Q_14,0.277381426484267
base,10,beta_Q_15,0.155285704313517
base,10,beta_Q_16,0.0771783404487145
base,10,beta_Q_17,0.0382366976780276
base,10,h_Q_2,73.67405126
base,10,h_Q_3,79.8288469458
base,10,h_Q_4,65.33641721554
base,10,h_Q_5,50.7949408282949
base,10,h_Q_6,37.4329949397765
base,10,h_Q_7,26.3570590833587
base,10,h_Q_8,16.4506423146629
base,10,h_Q_9,10.2926403463315
base,10,h_Q_10,6.26174468001641
base,10,h_Q_11,3.88373043608137
base,10,h_Q_12,2.53200133323649
base,10,h_Q_13,1.78871901655207
base,10,h_Q_14,1.38385588177002
base,10,h_Q_15,1.18383221897797
base,10,h_Q_16,1.08363083129587
base,10,h_Q_17,1.03975676670155
base,10,P_Q_1,0.228139101
base,10,P_Q_2,0.0460741171568224
base,10,P_Q_3,0.0462082265309793
base,10,P_Q_4,0.0573718052679878
base,10,P_Q_5,0.0582240677465765
base,10,P_Q_6,0.0546503800909767
base,10,P_Q_7,0.0460425580524357
base,10,P_Q_8,0.0416365793358818
base,10,P_Q_9,0.0380139590094719
base,10,P_Q_10,0.0329401667563637
base,10,P_Q_11,0.0259605915991424
base,10,P_Q_12,0.0158181112822303
base,10,P_Q_13,0.00797567816083508
base,10,P_Q_14,0.00270104683816156
base,10,P_Q_15,0.000519900609750377
base,10,P_Q_16,6.34524356009634e-05
base,10,P_Q_17,1.06309045855739e-06
base,10,L_Q,0.609275499576717
base,10,beta_NQ_2,0.965960400004401
base,10,beta_NQ_3,0.968815599997748
base,10,beta_NQ_4,0.964758999992157
base,10,beta_NQ_5,0.955200000144948
base,10,beta_NQ_6,0.94075630351581
base,10,beta_NQ_7,0.922422428101573
base,10,beta_NQ_8,0.889363701409856
base,10,beta_NQ_9,0.84350539996961
base,10,beta_NQ_10,0.772416900029399
base,10,beta_NQ_11,0.674246481443401
base,10,beta_NQ_12,0.526415033258905
base,10,beta_NQ_13,0.366288453122011
base,10,beta_NQ_14,0.221180203623582
base,10,beta_NQ_15,0.120159597731927
base,10,beta_NQ_16,0.0586116104771719
base,10,beta_NQ_17,0.0286947287857468
base,10,h_NQ_2,29.3775485
base,10,h_NQ_3,32.0673157066
base,10,h_NQ_4,28.376039265856
base,10,h_NQ_5,22.321428572764
base,10,h_NQ_6,16.8794319055451
base,10,h_NQ_7,12.8903188534229
base,10,h_NQ_8,9.03862475718681
base,10,h_NQ_9,6.38999683537512
base,10,h_NQ_10,4.39399937904242
base,10,h_NQ_11,3.0697983132681
base,10,h_NQ_12,2.11155202702299
base,10,h_NQ_13,1.5780048862289
base,10,h_NQ_14,1.28399406397237
base,10,h_NQ_15,1.13656976573891
base,10,h_NQ_16,1.06226012444849
base,10,h_NQ_17,1.02954240843116
base,10,P_NQ_1,0.532324569
base,10,P_NQ_2,0.107506275569376
base,10,P_NQ_3,0.10781919871397
base,10,P_NQ_4,0.133867544321945
base,10,P_NQ_5,0.135856164672399
base,10,P_NQ_6,0.127517561334397
base,10,P_NQ_7,0.107432634928792
base,10,P_NQ_8,0.0971520259423504
base,10,P_NQ_9,0.0886992446526199
base,10,P_NQ_10,0.0768603999159602
base,10,P_NQ_11,0.0605747141607732
base,10,P_NQ_12,0.0369089277508909
base,10,P_NQ_13,0.0186099156659776
base,10,P_NQ_14,0.00630244265331665
base,10,P_NQ_15,0.00121309134987813
base,10,P_NQ_16,0.000148055517242276
base,10,P_NQ_17,2.48052576830068e-06
base,10,L_NQ,1.14988767579142
base,10,pi_Q,0.3
base,10,pi_NQ,0.7
base,10,y,0.150183600302503
base,10,nbar,2.93372216662271
base,10,Ptot,2.34113605163933
base,10,Pret,0.28660003831235
base,10,H,112.600076891662
base,10,cCheck,-4.44089209850063e-16
base,10,shareq,0.3
base,10,A,0.070701597
base,10,A_Q,2
base,10,xpop,0.76046367
base,10,h_Q_1,100
base,10,mig_Q_2,-0.172088286
base,10,med_Q_2,-24.32594874
base,10,mig_Q_3,0.006018008
base,10,med_Q_3,53.57769846
base,10,mig_Q_4,0.00735486
base,10,med_Q_4,33.08397936
base,10,mig_Q_5,0.005895665
base,10,med_Q_5,19.39444675
base,10,mig_Q_6,0.003201951
base,10,med_Q_6,9.554069131
base,10,mig_Q_7,0.001961042
base,10,med_Q_7,2.44277957
base,10,mig_Q_8,0.002128378
base,10,med_Q_8,-1.708266668
base,10,mig_Q_9,0.002592502
base,10,med_Q_9,-1.650422923
base,10,mig_Q_10,0.003214964
base,10,med_Q_10,-1.464457627
base,10,mig_Q_11,0.00397137
base,10,med_Q_11,-0.997345636
base,10,mig_Q_12,0.003752703
base,10,med_Q_12,-0.570331654
base,10,mig_Q_13,0.002689157
base,10,med_Q_13,-0.271389053
base,10,mig_Q_14,0.001274914
base,10,med_Q_14,-0.12260252
base,10,mig_Q_15,0.000297395
base,10,med_Q_15,-0.029562425
base,10,mig_Q_16,4.23925e-05
base,10,med_Q_16,0.003779819
base,10,mig_Q_17,-1.59484e-07
base,10,med_Q_17,0.016277844
base,10,h_NQ_1,100
base,10,mig_NQ_2,-0.371216042
base,10,med_NQ_2,-68.6224515
base,10,mig_NQ_3,0.018737615
base,10,med_NQ_3,21.71631103
base,10,mig_NQ_4,0.022222088
base,10,med_NQ_4,15.96087098
base,10,mig_NQ_5,0.019382445
base,10,med_NQ_5,8.937015949
base,10,mig_NQ_6,0.01354904
base,10,med_NQ_6,4.569204116
base,10,mig_NQ_7,0.010480886
base,10,med_NQ_7,1.94474405
base,10,mig_NQ_8,0.011399669
base,10,med_NQ_8,-0.011926266
base,10,mig_NQ_9,0.01292554
base,10,med_NQ_9,-0.316938813
base,10,mig_NQ_10,0.014305209
base,10,med_NQ_10,-0.51860883
base,10,mig_NQ_11,0.014852855
base,10,med_NQ_11,-0.440558495
base,10,mig_NQ_12,0.012970199
base,10,med_NQ_12,-0.398850775
base,10,mig_NQ_13,0.008593247
base,10,med_NQ_13,-0.190373302
base,10,mig_NQ_14,0.003697017
base,10,med_NQ_14,-0.084302696
base,10,mig_NQ_15,0.000818452
base,10,med_NQ_15,-0.01718854
base,10,mig_NQ_16,0.000111204
base,10,med_NQ_16,0.00817094
base,10,mig_NQ_17,3.64118e-07
base,10,med_NQ_17,0.017293685
base,11,beta_Q_2,0.993591100002428
base,11,beta_Q_3,0.991658700496937
base,11,beta_Q_4,0.988412000144944
base,11,beta_Q_5,0.983095300000944
base,11,beta_Q_6,0.975058800018706
base,11,beta_Q_7,0.962736404057653
base,11,beta_Q_8,0.941151100012965
base,11,beta_Q_9,0.907147799994951
base,11,beta_Q_10,0.848107599906427
base,11,beta_Q_11,0.750221225887767
base,11,beta_Q_12,0.616204873850281
base,11,beta_Q_13,0.447024208628429
base,11,beta_Q_14,0.279029953486581
base,11,beta_Q_15,0.149287502194982
base,11,beta_Q_16,0.0709255058263431
base,11,beta_Q_17,0.0340335968057298
base,11,h_Q_2,156.03301659
base,11,h_Q_3,119.8853895648
base,11,h_Q_4,86.296168443884
base,11,h_Q_5,59.1551462052292
base,11,h_Q_6,40.094301801729
base,11,h_Q_7,26.835839800981
base,11,h_Q_8,16.9926710646915
base,11,h_Q_9,10.7698040533697
base,11,h_Q_10,6.58360786540487
base,11,h_Q_11,4.00353912341608
base,11,h_Q_12,2.60555494335975
base,11,h_Q_13,1.80839740357176
base,11,h_Q_14,1.38701295622103
base,11,h_Q_15,1.17548525513462
base,11,h_Q_16,1.07633995359841
base,11,h_Q_17,1.03523269166995
base,11,P_Q_1,0.2458306653
base,11,P_Q_2,0.0619474285562033
base,11,P_Q_3,0.0470410209125907
base,11,P_Q_4,0.047841618140668
base,11,P_Q_5,0.0581952385406371
base,11,P_Q_6,0.0579836048005343
base,11,P_Q_7,0.0531009223454527
base,11,P_Q_8,0.0440684367787978
base,11,P_Q_9,0.0387561435463693
base,11,P_Q_10,0.033816558554572
base,11,P_Q_11,0.0269581076929153
base,11,P_Q_12,0.0185859610743795
base,11,P_Q_13,0.00903058161539256
base,11,P_Q_14,0.00325755898543185
base,11,P_Q_15,0.000714998960647717
base,11,P_Q_16,9.42372662588089e-05
base,11,P_Q_17,1.15970085571844e-11
base,11,L_Q,0.64487774970061
base,11,beta_NQ_2,0.983665399999646
base,11,beta_NQ_3,0.978835400001824
base,11,beta_NQ_4,0.972980100144218
base,11,beta_NQ_5,0.961216512998593
base,11,beta_NQ_6,0.944081100012597
base,11,beta_NQ_7,0.923078700404588
base,11,beta_NQ_8,0.891839629677109
base,11,beta_NQ_9,0.849085600046479
base,11,beta_NQ_10,0.781791099620542
base,11,beta_NQ_11,0.682715361040902
base,11,beta_NQ_12,0.537869174743662
base,11,beta_NQ_13,0.372200304897387
base,11,beta_NQ_14,0.223064448964196
base,11,beta_NQ_15,0.115793400331142
base,11,beta_NQ_16,0.0540179978328478
base,11,beta_NQ_17,0.025615596515411
base,11,h_NQ_2,61.21974214
base,11,h_NQ_3,47.24870775
base,11,h_NQ_4,37.009759471468
base,11,h_NQ_5,25.7841607835389
base,11,h_NQ_6,17.8830413343087
base,11,h_NQ_7,13.0003003064342
base,11,h_NQ_8,9.24552793635446
base,11,h_NQ_9,6.62627290904307
base,11,h_NQ_10,4.58276448966762
base,11,h_NQ_11,3.15174253546158
base,11,h_NQ_12,2.16388859600274
base,11,h_NQ_13,1.59286473048253
base,11,h_NQ_14,1.28710051350432
base,11,h_NQ_15,1.13095740269293
base,11,h_NQ_16,1.05710256342413
base,11,h_NQ_17,1.02628900495952
base,11,P_NQ_1,0.5736048857
base,11,P_NQ_2,0.14454400060341
base,11,P_NQ_3,0.109762384869268
base,11,P_NQ_4,0.111630444331245
base,11,P_NQ_5,0.135788889355725
base,11,P_NQ_6,0.135295084287042
base,11,P_NQ_7,0.123902163551665
base,11,P_NQ_8,0.102826353852484
base,11,P_NQ_9,0.0904310065003603
base,11,P_NQ_10,0.0789053085895259
base,11,P_NQ_11,0.0629023192056688
base,11,P_NQ_12,0.0433671901695921
base,11,P_NQ_13,0.0210713480522659
base,11,P_NQ_14,0.00760097093641862
base,11,P_NQ_15,0.00166833197395107
base,11,P_NQ_16,0.000219884237672283
base,11,P_NQ_17,2.29125005838702e-11
base,11,L_NQ,1.21846068525891
base,11,pi_Q,0.3
base,11,pi_NQ,0.7
base,11,y,0.349509062668887
base,11,nbar,3.22518743143824
base,11,Ptot,2.49074364932166
base,11,Pret,0.308193357349202
base,11,H,136.983936180097
base,11,cCheck,0
base,11,shareq,0.3
base,11,A,0.153982005
base,11,A_Q,2
base,11,xpop,0.819435551
base,11,h_Q_1,100
base,11,mig_Q_2,-0.163095072
base,11,med_Q_2,58.03301659
base,11,mig_Q_3,0.001544065
base,11,med_Q_3,47.68481933
base,11,mig_Q_4,0.002340627
base,11,med_Q_4,8.063898437
base,11,mig_Q_5,0.001952912
base,11,med_Q_5,-4.874542666
base,11,mig_Q_6,0.001314958
base,11,med_Q_6,-9.68474021
base,11,mig_Q_7,0.000524005
base,11,med_Q_7,-9.84849524
base,11,mig_Q_8,0.000824709
base,11,med_Q_8,-8.837246837
base,11,mig_Q_9,0.001164841
base,11,med_Q_9,-5.351825415
base,11,mig_Q_10,0.001873425
base,11,med_Q_10,-3.503179674
base,11,mig_Q_11,0.00249952
base,11,med_Q_11,-2.132970663
base,11,mig_Q_12,0.002878331
base,11,med_Q_12,-1.200500884
base,11,mig_Q_13,0.002055728
base,11,med_Q_13,-0.672963903
base,11,mig_Q_14,0.001045254
base,11,med_Q_14,-0.36593168
base,11,mig_Q_15,0.000295565
base,11,med_Q_15,-0.180693509
base,11,mig_Q_16,5.41122e-05
base,11,med_Q_16,-0.083815621
base,11,mig_Q_17,-2.4262e-06
base,11,med_Q_17,-0.026725523
base,11,h_NQ_1,100
base,11,mig_NQ_2,-0.369660453
base,11,med_NQ_2,-36.78025786
base,11,mig_NQ_3,0.005608628
base,11,med_NQ_3,18.45871022
base,11,mig_NQ_4,0.007610902
base,11,med_NQ_4,5.583790079
base,11,mig_NQ_5,0.007918611
base,11,med_NQ_5,-2.024357697
base,11,mig_NQ_6,0.007487541
base,11,med_NQ_6,-3.991958667
base,11,mig_NQ_7,0.006277105
base,11,med_NQ_7,-3.541542961
base,11,mig_NQ_8,0.007279668
base,11,med_NQ_8,-3.38698454
base,11,mig_NQ_9,0.008482748
base,11,med_NQ_9,-2.231579353
base,11,mig_NQ_10,0.010392513
base,11,med_NQ_10,-1.679432409
base,11,mig_NQ_11,0.011079465
base,11,med_NQ_11,-1.154376856
base,11,mig_NQ_12,0.01147975
base,11,med_NQ_12,-0.844513751
base,11,mig_NQ_13,0.007552034
base,11,med_NQ_13,-0.476456256
base,11,mig_NQ_14,0.003484826
base,11,med_NQ_14,-0.259344275
base,11,mig_NQ_15,0.000911033
base,11,med_NQ_15,-0.12735678
base,11,mig_NQ_16,0.000148783
base,11,med_NQ_16,-0.056735807
base,11,mig_NQ_17,-4.24839e-06
base,11,med_NQ_17,-0.014725917
base,12,beta_Q_2,0.994794700000283
base,12,beta_Q_3,0.993151300000353
base,12,beta_Q_4,0.990040699999411
base,12,beta_Q_5,0.985406799999085
base,12,beta_Q_6,0.977888601593333
base,12,beta_Q_7,0.965888600186084
base,12,beta_Q_8,0.944514900010858
base,12,beta_Q_9,0.912696100054757
base,12,beta_Q_10,0.85859640011135
base,12,beta_Q_11,0.767505400001658
base,12,beta_Q_12,0.638155199373967
base,12,beta_Q_13,0.470897593289184
base,12,beta_Q_14,0.297350425750987
base,12,beta_Q_15,0.160490828553725
base,12,beta_Q_16,0.0768615017820746
base,12,beta_Q_17,0.0364280247042793
base,12,h_Q_2,192.11188596
base,12,h_Q_3,146.0131119812
base,12,h_Q_4,100.408663253504
base,12,h_Q_5,68.5250664650063
base,12,h_Q_6,45.2255397711246
base,12,h_Q_7,29.3157126396944
base,12,h_Q_8,18.0228565869614
base,12,h_Q_9,11.4542420253977
base,12,h_Q_10,7.07195573430226
base,12,h_Q_11,4.30117516309678
base,12,h_Q_12,2.76361577694776
base,12,h_Q_13,1.88998546249255
base,12,h_Q_14,1.42318386650033
base,12,h_Q_15,1.19117217809661
base,12,h_Q_16,1.08326107103193
base,12,h_Q_17,1.03779881652644
base,12,P_Q_1,0.264807645
base,12,P_Q_2,0.0617253131497558
base,12,P_Q_3,0.0621279115011714
base,12,P_Q_4,0.0470734635690739
base,12,P_Q_5,0.0475125439385306
base,12,P_Q_6,0.0571084784582359
base,12,P_Q_7,0.0559398941799664
base,12,P_Q_8,0.0503188094771259
base,12,P_Q_9,0.040765321473103
base,12,P_Q_10,0.0343554498847402
base,12,P_Q_11,0.0278630880141164
base,12,P_Q_12,0.0195343213501552
base,12,P_Q_13,0.0108637735408733
base,12,P_Q_14,0.00375782376809976
base,12,P_Q_15,0.000857172844187942
base,12,P_Q_16,0.000128705962949249
base,12,P_Q_17,5.31239265016876e-11
base,12,L_Q,0.673752050679904
base,12,beta_NQ_2,0.9858635999994
base,12,beta_NQ_3,0.9818701999993
base,12,beta_NQ_4,0.976348704006461
base,12,beta_NQ_5,0.966116906483536
base,12,beta_NQ_6,0.949930801722291
base,12,beta_NQ_7,0.928669100105706
base,12,beta_NQ_8,0.896660599994639
base,12,beta_NQ_9,0.856564299964593
base,12,beta_NQ_10,0.79491340015851
base,12,beta_NQ_11,0.702279799376932
base,12,beta_NQ_12,0.560721899993885
base,12,beta_NQ_13,0.394610637288873
base,12,beta_NQ_14,0.238564330831283
base,12,beta_NQ_15,0.124762311463605
base,12,beta_NQ_16,0.0583731004118958
base,12,beta_NQ_17,0.0272748173711475
base,12,h_NQ_2,70.73936787
base,12,h_NQ_3,55.1578064822
base,12,h_NQ_4,42.280973987
base,12,h_NQ_5,29.5132381610386
base,12,h_NQ_6,19.9723582498681
base,12,h_NQ_7,14.0191698136225
base,12,h_NQ_8,9.67685122930548
base,12,h_NQ_9,6.97176504662737
base,12,h_NQ_10,4.87598897486221
base,12,h_NQ_11,3.35885840987426
base,12,h_NQ_12,2.27646222275234
base,12,h_NQ_13,1.65182638508269
base,12,h_NQ_14,1.31330835787288
base,12,h_NQ_15,1.14254676423424
base,12,h_NQ_16,1.06199175063907
base,12,h_NQ_17,1.02803661115565
base,12,P_NQ_1,0.617884505
base,12,P_NQ_2,0.144025731333841
base,12,P_NQ_3,0.144965127648503
base,12,P_NQ_4,0.109838085222169
base,12,P_NQ_5,0.110862607444563
base,12,P_NQ_6,0.133253115032442
base,12,P_NQ_7,0.130526425574811
base,12,P_NQ_8,0.11741056965811
base,12,P_NQ_9,0.0951190853614283
base,12,P_NQ_10,0.080162720011709
base,12,P_NQ_11,0.0650138712417419
base,12,P_NQ_12,0.0455801145206155
base,12,P_NQ_13,0.0253487774036651
base,12,P_NQ_14,0.00876827064221149
base,12,P_NQ_15,0.00200007027054609
base,12,P_NQ_16,0.000300312952953359
base,12,P_NQ_17,3.59123119400391e-11
base,12,L_NQ,1.27628793028872
base,12,pi_Q,0.3
base,12,pi_NQ,0.7
base,12,y,0.479589473186861
base,12,nbar,3.50875732004263
base,12,Ptot,2.61579910552043
base,12,Pret,0.324534472497601
base,12,H,155.168545991084
base,12,cCheck,4.44089209850063e-16
base,12,shareq,0.3
base,12,A,0.199187605
base,12,A_Q,2
base,12,xpop,0.88269215
base,12,h_Q_1,100
base,12,mig_Q_2,-0.182529848
base,12,med_Q_2,94.11188596
base,12,mig_Q_3,0.000697205
base,12,med_Q_3,-6.899244277
base,12,mig_Q_4,0.000577554
base,12,med_Q_4,-17.07901852
base,12,mig_Q_5,0.000479674
base,12,med_Q_5,-16.04517861
base,12,mig_Q_6,0.000364699
base,12,med_Q_6,-12.74650351
base,12,mig_Q_7,0.000116967
base,12,med_Q_7,-9.976703126
base,12,mig_Q_8,0.000342818
base,12,med_Q_8,-8.276266418
base,12,mig_Q_9,0.000788736
base,12,med_Q_9,-5.198575618
base,12,mig_Q_10,0.00148607
base,12,med_Q_10,-3.482452238
base,12,mig_Q_11,0.002493188
base,12,med_Q_11,-2.150760545
base,12,mig_Q_12,0.002922604
base,12,med_Q_12,-1.159852564
base,12,mig_Q_13,0.002555399
base,12,med_Q_13,-0.663458382
base,12,mig_Q_14,0.001238021
base,12,med_Q_14,-0.349045589
base,12,mig_Q_15,0.00037086
base,12,med_Q_15,-0.168100519
base,12,mig_Q_16,7.79943e-05
base,12,med_Q_16,-0.068714479
base,12,mig_Q_17,-3.20718e-06
base,12,med_Q_17,-0.017014338
base,12,h_NQ_1,100
base,12,mig_NQ_2,-0.420209548
base,12,med_NQ_2,-27.26063213
base,12,mig_NQ_3,0.003480343
base,12,med_NQ_3,-4.837540815
base,12,mig_NQ_4,0.003041469
base,12,med_NQ_4,-4.022759608
base,12,mig_NQ_5,0.003561581
base,12,med_NQ_5,-6.756326121
base,12,mig_NQ_6,0.005057391
base,12,med_NQ_6,-5.296119318
base,12,mig_NQ_7,0.005638415
base,12,med_NQ_7,-3.506210694
base,12,mig_NQ_8,0.00690971
base,12,med_NQ_8,-3.063443071
base,12,mig_NQ_9,0.007810709
base,12,med_NQ_9,-2.088852331
base,12,mig_NQ_10,0.009464564
base,12,med_NQ_10,-1.617758476
base,12,mig_NQ_11,0.011144005
base,12,med_NQ_11,-1.13225079
base,12,mig_NQ_12,0.011746896
base,12,med_NQ_12,-0.812245462
base,12,mig_NQ_13,0.009207496
base,12,med_NQ_13,-0.468784439
base,12,mig_NQ_14,0.004068002
base,12,med_NQ_14,-0.247699078
base,12,mig_NQ_15,0.001119928
base,12,med_NQ_15,-0.118811739
base,12,mig_NQ_16,0.000210193
base,12,med_NQ_16,-0.046346504
base,12,mig_NQ_17,-5.63243e-06
base,12,med_NQ_17,-0.007923901
base,13,beta_Q_2,0.99543669999992
base,13,beta_Q_3,0.993858200189183
base,13,beta_Q_4,0.990898000056964
base,13,beta_Q_5,0.986666900084058
base,13,beta_Q_6,0.980067900403587
base,13,beta_Q_7,0.968515800076275
base,13,beta_Q_8,0.94732200001555
base,13,beta_Q_9,0.916073500002183
base,13,beta_Q_10,0.865978800079766
base,13,beta_Q_11,0.781981500048058
base,13,beta_Q_12,0.656456599521037
base,13,beta_Q_13,0.489528404327301
base,13,beta_Q_14,0.316434817275691
base,13,beta_Q_15,0.176402616092727
base,13,beta_Q_16,0.0835971053138845
base,13,beta_Q_17,0.0394349000538824
base,13,h_Q_2,219.1396577
base,13,h_Q_3,162.8187176408
base,13,h_Q_4,109.865963531576
base,13,h_Q_5,75.0013125184339
base,13,h_Q_6,50.1703282557062
base,13,h_Q_7,31.7619631457021
base,13,h_Q_8,18.9832567719005
base,13,h_Q_9,11.9151876942221
base,13,h_Q_10,7.46150609388974
base,13,h_Q_11,4.58676671861621
base,13,h_Q_12,2.91084037283484
base,13,h_Q_13,1.9589693814088
base,13,h_Q_14,1.4629173892427
base,13,h_Q_15,1.21418532917032
base,13,h_Q_16,1.09122308853468
base,13,h_Q_17,1.04105385461129
base,13,P_Q_1,0.2950376742
base,13,P_Q_2,0.0600938417655564
base,13,P_Q_3,0.0632528059976088
base,13,P_Q_4,0.0631999499921212
base,13,P_Q_5,0.0475806151004746
base,13,P_Q_6,0.0475054961501915
base,13,P_Q_7,0.0560209943167826
base,13,P_Q_8,0.053701097558009
base,13,P_Q_9,0.0471131771691711
base,13,P_Q_10,0.0367819982661882
base,13,P_Q_11,0.0289928733060244
base,13,P_Q_12,0.0209122024868229
base,13,P_Q_13,0.0120588959103256
base,13,P_Q_14,0.00491457868764098
base,13,P_Q_15,0.00107203225010121
base,13,P_Q_16,0.000154475992091097
base,13,P_Q_17,1.41993639979033e-05
base,13,L_Q,0.713459623484356
base,13,beta_NQ_2,0.987370000517705
base,13,beta_NQ_3,0.983264100037819
base,13,beta_NQ_4,0.97793440001489
base,13,beta_NQ_5,0.968845500110594
base,13,beta_NQ_6,0.954518500483554
base,13,beta_NQ_7,0.933515000027073
base,13,beta_NQ_8,0.900877300011999
base,13,beta_NQ_9,0.8608113206286
base,13,beta_NQ_10,0.804067599919317
base,13,beta_NQ_11,0.718815200189958
base,13,beta_NQ_12,0.580001798526363
base,13,beta_NQ_13,0.412395592996297
base,13,beta_NQ_14,0.255122082688129
base,13,beta_NQ_15,0.1373123384164
base,13,beta_NQ_16,0.0635136030540818
base,13,beta_NQ_17,0.0294936500570758
base,13,h_NQ_2,79.17656374
base,13,h_NQ_3,59.7517910566
base,13,h_NQ_4,45.319411208556
base,13,h_NQ_5,32.09809177126
base,13,h_NQ_6,21.9869617298179
base,13,h_NQ_7,15.0409866828707
base,13,h_NQ_8,10.0885064683501
base,13,h_NQ_9,7.18448610771937
base,13,h_NQ_10,5.10380110469482
base,13,h_NQ_11,3.55638000536496
base,13,h_NQ_12,2.38096257667678
base,13,h_NQ_13,1.7018237932973
base,13,h_NQ_14,1.34250154638103
base,13,h_NQ_15,1.15916802771542
base,13,h_NQ_16,1.06782116894955
base,13,h_NQ_17,1.03038459962629
base,13,P_NQ_1,0.6884212398
base,13,P_NQ_2,0.140218964483147
base,13,P_NQ_3,0.147589880629804
base,13,P_NQ_4,0.147466550505747
base,13,P_NQ_5,0.111021439108917
base,13,P_NQ_6,0.110846162570838
base,13,P_NQ_7,0.13071565442346
base,13,P_NQ_8,0.125302564071066
base,13,P_NQ_9,0.109930758407643
base,13,P_NQ_10,0.0858246655646206
base,13,P_NQ_11,0.0676500409273322
base,13,P_NQ_12,0.0487951394086273
base,13,P_NQ_13,0.0281373890386799
base,13,P_NQ_14,0.0114673381186965
base,13,P_NQ_15,0.00250140671286077
base,13,P_NQ_16,0.000360443302733435
base,13,P_NQ_17,3.31310809459929e-05
base,13,L_NQ,1.35781155962384
base,13,pi_Q,0.3
base,13,pi_NQ,0.7
base,13,y,0.62588539738724
base,13,nbar,3.81809807180104
base,13,Ptot,2.79468967666823
base,13,Pret,0.349670810417689
base,13,H,174.693858781376
base,13,cCheck,-1.33226762955019e-15
base,13,shareq,0.3
base,13,A,0.245020185
base,13,A_Q,2
base,13,xpop,0.983458914
base,13,h_Q_1,100
base,13,mig_Q_2,-0.2033354
base,13,med_Q_2,121.1396577
base,13,mig_Q_3,0.001950231
base,13,med_Q_3,-25.4509306
base,13,mig_Q_4,0.001690789
base,13,med_Q_4,-33.22688621
base,13,mig_Q_5,0.001194104
base,13,med_Q_5,-23.39917747
base,13,mig_Q_6,0.001043521
base,13,med_Q_6,-16.98423688
base,13,mig_Q_7,0.000860566
base,13,med_Q_7,-12.55906583
base,13,mig_Q_8,0.000865034
base,13,med_Q_8,-9.746141615
base,13,mig_Q_9,0.001187396
base,13,med_Q_9,-5.747211761
base,13,mig_Q_10,0.00178104
base,13,med_Q_10,-3.763651091
base,13,mig_Q_11,0.00262488
base,13,med_Q_11,-2.343749901
base,13,mig_Q_12,0.003131228
base,13,med_Q_12,-1.304311287
base,13,mig_Q_13,0.002860231
base,13,med_Q_13,-0.74937408
base,13,mig_Q_14,0.001684231
base,13,med_Q_14,-0.389268364
base,13,mig_Q_15,0.000468936
base,13,med_Q_15,-0.18053486
base,13,mig_Q_16,8.85924e-05
base,13,med_Q_16,-0.076125646
base,13,mig_Q_17,9.51086e-06
base,13,med_Q_17,-0.020541995
base,13,h_NQ_1,100
base,13,mig_NQ_2,-0.468930878
base,13,med_NQ_2,-18.82343626
base,13,mig_NQ_3,0.006175307
base,13,med_NQ_3,-9.572789456
base,13,mig_NQ_4,0.005930036
base,13,med_NQ_4,-8.735239144
base,13,mig_NQ_5,0.004905008
base,13,med_NQ_5,-9.337262736
base,13,mig_NQ_6,0.005534357
base,13,med_NQ_6,-6.936011668
base,13,mig_NQ_7,0.006967604
base,13,med_NQ_7,-4.531924402
base,13,mig_NQ_8,0.008264661
base,13,med_NQ_8,-3.650279949
base,13,mig_NQ_9,0.009361056
base,13,med_NQ_9,-2.298828097
base,13,mig_NQ_10,0.01021323
base,13,med_NQ_10,-1.728528641
base,13,mig_NQ_11,0.011353382
base,13,med_NQ_11,-1.22208919
base,13,mig_NQ_12,0.012340438
base,13,med_NQ_12,-0.910718665
base,13,mig_NQ_13,0.010150991
base,13,med_NQ_13,-0.529109185
base,13,mig_NQ_14,0.005420024
base,13,med_NQ_14,-0.276288311
base,13,mig_NQ_15,0.001407457
base,13,med_NQ_15,-0.127874163
base,13,mig_NQ_16,0.000243693
base,13,med_NQ_16,-0.05187466
base,13,mig_NQ_17,2.49401e-05
base,13,med_NQ_17,-0.010367316
base,14,beta_Q_2,0.995754800004843
base,14,beta_Q_3,0.994171300000187
base,14,beta_Q_4,0.990976500051843
base,14,beta_Q_5,0.986639900000631
base,14,beta_Q_6,0.980200900038177
base,14,beta_Q_7,0.970047399997429
base,14,beta_Q_8,0.949007699996581
base,14,beta_Q_9,0.91748150702083
base,14,beta_Q_10,0.86633560001034
base,14,beta_Q_11,0.788424382100547
base,14,beta_Q_12,0.672029899979871
base,14,beta_Q_13,0.511739889190151
base,14,beta_Q_14,0.336314032157484
base,14,beta_Q_15,0.191642504856973
base,14,beta_Q_16,0.0944234196908989
base,14,beta_Q_17,0.0447936033192221
base,14,h_Q_2,235.5601621
base,14,h_Q_3,171.564842926
base,14,h_Q_4,110.821743227984
base,14,h_Q_5,74.8497391509444
base,14,h_Q_6,50.5073462880652
base,14,h_Q_7,33.3860833405921
base,14,h_Q_8,19.6108039827881
base,14,h_Q_9,12.1184946444625
base,14,h_Q_10,7.48142362533768
base,14,h_Q_11,4.72643847201194
base,14,h_Q_12,3.04905843524389
base,14,h_Q_13,2.04807990037814
base,14,h_Q_14,1.50673547978063
base,14,h_Q_15,1.23707626845785
base,14,h_Q_16,1.10426881758691
base,14,h_Q_17,1.04689416076398
base,14,P_Q_1,0.3198031971
base,14,P_Q_2,0.0561084727812994
base,14,P_Q_3,0.0615593454195694
base,14,P_Q_4,0.0644478859610217
base,14,P_Q_5,0.0636490937441937
base,14,P_Q_6,0.0473664005414334
base,14,P_Q_7,0.0467254316119231
base,14,P_Q_8,0.0539476863790343
base,14,P_Q_9,0.050298217393924
base,14,P_Q_10,0.0425283796329042
base,14,P_Q_11,0.0313991051789589
base,14,P_Q_12,0.0222572730208171
base,14,P_Q_13,0.0132743451143438
base,14,P_Q_14,0.00564669852393046
base,14,P_Q_15,0.00150230853749343
base,14,P_Q_16,0.000191967792911592
base,14,P_Q_17,2.04586453088367e-05
base,14,L_Q,0.737644223443022
base,14,beta_NQ_2,0.988142700004068
base,14,beta_NQ_3,0.983934500001772
base,14,beta_NQ_4,0.977790400038823
base,14,beta_NQ_5,0.968400001242472
base,14,beta_NQ_6,0.954638500008699
base,14,beta_NQ_7,0.936549199995969
base,14,beta_NQ_8,0.903564358072179
base,14,beta_NQ_9,0.862200001433298
base,14,beta_NQ_10,0.803860918221978
base,14,beta_NQ_11,0.726096436615858
base,14,beta_NQ_12,0.596541539489888
base,14,beta_NQ_13,0.433744041227652
base,14,beta_NQ_14,0.272212721431368
base,14,beta_NQ_15,0.149810141058438
base,14,beta_NQ_16,0.0716882050066691
base,14,beta_NQ_17,0.033394703023271
base,14,h_NQ_2,84.33623169
base,14,h_NQ_3,62.2451837852
base,14,h_NQ_4,45.025574525468
base,14,h_NQ_5,31.6455696143849
base,14,h_NQ_6,22.0451263768348
base,14,h_NQ_7,15.7602425802215
base,14,h_NQ_8,10.3696037822133
base,14,h_NQ_9,7.25689404998309
base,14,h_NQ_10,5.09841729756498
base,14,h_NQ_11,3.65091818560092
base,14,h_NQ_12,2.47856291125766
base,14,h_NQ_13,1.76598226414324
base,14,h_NQ_14,1.37402744643135
base,14,h_NQ_15,1.17620781145341
base,14,h_NQ_16,1.07722426816111
base,14,h_NQ_17,1.03454843757056
base,14,P_NQ_1,0.7462074599
base,14,P_NQ_2,0.130919770897725
base,14,P_NQ_3,0.143638475920757
base,14,P_NQ_4,0.150378401361977
base,14,P_NQ_5,0.148514554874325
base,14,P_NQ_6,0.110521604579769
base,14,P_NQ_7,0.109026010455316
base,14,P_NQ_8,0.125877934826308
base,14,P_NQ_9,0.117362525656164
base,14,P_NQ_10,0.0992328940701438
base,14,P_NQ_11,0.0732645811590689
base,14,P_NQ_12,0.0519336384082348
base,14,P_NQ_13,0.0309734504517578
base,14,P_NQ_14,0.0131756082929542
base,14,P_NQ_15,0.00350538401248975
base,14,P_NQ_16,0.000447922353037455
base,14,P_NQ_17,4.77384886362366e-05
base,14,L_NQ,1.41029811036659
base,14,pi_Q,0.3
base,14,pi_NQ,0.7
base,14,y,0.895371677124216
base,14,nbar,4.05139467253644
base,14,Ptot,2.93575422308773
base,14,Pret,0.389401753682991
base,14,H,185.670093636066
base,14,cCheck,0
base,14,shareq,0.3
base,14,A,0.336263838
base,14,A_Q,2
base,14,xpop,1.066010657
base,14,h_Q_1,100
base,14,mig_Q_2,-0.237582856
base,14,med_Q_2,137.5601621
base,14,mig_Q_3,0.001834588
base,14,med_Q_3,-43.19202162
base,14,mig_Q_4,0.001770807
base,14,med_Q_4,-48.74060006
base,14,mig_Q_5,0.001291795
base,14,med_Q_5,-32.81890511
base,14,mig_Q_6,0.000734167
base,14,med_Q_6,-22.99393998
base,14,mig_Q_7,0.000715608
base,14,med_Q_7,-15.78083835
base,14,mig_Q_8,0.000877766
base,14,med_Q_8,-11.5159199
base,14,mig_Q_9,0.001104065
base,14,med_Q_9,-6.485096992
base,14,mig_Q_10,0.001729367
base,14,med_Q_10,-4.195460315
base,14,mig_Q_11,0.002636263
base,14,med_Q_11,-2.5858375
base,14,mig_Q_12,0.00322471
base,14,med_Q_12,-1.445972949
base,14,mig_Q_13,0.003037228
base,14,med_Q_13,-0.804543665
base,14,mig_Q_14,0.001830844
base,14,med_Q_14,-0.413054514
base,14,mig_Q_15,0.000635364
base,14,med_Q_15,-0.196582773
base,14,mig_Q_16,0.000102349
base,14,med_Q_16,-0.085632805
base,14,mig_Q_17,1.43669e-05
base,14,med_Q_17,-0.022504466
base,14,h_NQ_1,100
base,14,mig_NQ_2,-0.548806709
base,14,med_NQ_2,-13.66376831
base,14,mig_NQ_3,0.005766202
base,14,med_NQ_3,-15.34784868
base,14,mig_NQ_4,0.00604518
base,14,med_NQ_4,-13.53118071
base,14,mig_NQ_5,0.005642251
base,14,med_NQ_5,-12.76745337
base,14,mig_NQ_6,0.004549587
base,14,med_NQ_6,-9.411003559
base,14,mig_NQ_7,0.005549455
base,14,med_NQ_7,-5.786979915
base,14,mig_NQ_8,0.008119169
base,14,med_NQ_8,-4.370563167
base,14,mig_NQ_9,0.00950066
base,14,med_NQ_9,-2.629842289
base,14,mig_NQ_10,0.010841133
base,14,med_NQ_10,-1.942379088
base,14,mig_NQ_11,0.011572507
base,14,med_NQ_11,-1.350806897
base,14,mig_NQ_12,0.012696493
base,14,med_NQ_12,-1.006689494
base,14,mig_NQ_13,0.01085055
base,14,med_NQ_13,-0.567361061
base,14,mig_NQ_14,0.005997139
base,14,med_NQ_14,-0.293759871
base,14,mig_NQ_15,0.001930777
base,14,med_NQ_15,-0.139443704
base,14,mig_NQ_16,0.000289049
base,14,med_NQ_16,-0.058760399
base,14,mig_NQ_17,3.71077e-05
base,14,med_NQ_17,-0.011916308
base,15,beta_Q_2,0.995943800000819
base,15,beta_Q_3,0.994638400018662
base,15,beta_Q_4,0.991469000000774
base,15,beta_Q_5,0.986982900000344
base,15,beta_Q_6,0.981193400001437
base,15,beta_Q_7,0.971546499995241
base,15,beta_Q_8,0.954140501122299
base,15,beta_Q_9,0.924845900633453
base,15,beta_Q_10,0.876465100316861
base,15,beta_Q_11,0.799466700027591
base,15,beta_Q_12,0.688078000406597
base,15,beta_Q_13,0.531831587428912
base,15,beta_Q_14,0.357684185180722
base,15,beta_Q_15,0.203602537720793
base,15,beta_Q_16,0.100828305865785
base,15,beta_Q_17,0.0474932096030305
base,15,h_Q_2,246.5361669
base,15,h_Q_3,186.511489138
base,15,h_Q_4,117.21955221748
base,15,h_Q_5,76.8220264134243
base,15,h_Q_6,53.1728223079256
base,15,h_Q_7,35.1450612323039
base,15,h_Q_8,21.8057327237802
base,15,h_Q_9,13.3059939501323
base,15,h_Q_10,8.09487845557326
base,15,h_Q_11,4.98670295683093
base,15,h_Q_12,3.2059296915717
base,15,h_Q_13,2.13597624753901
base,15,h_Q_14,1.55686463237058
base,15,h_Q_15,1.25565436418501
base,15,h_Q_16,1.11213465008869
base,15,h_Q_17,1.04985289623517
base,15,P_Q_1,0.3220408704
base,15,P_Q_2,0.0643385065692199
base,15,P_Q_3,0.0571512833260096
base,15,P_Q_4,0.0621299456693674
base,15,P_Q_5,0.0643568587598345
base,15,P_Q_6,0.062751466974673
base,15,P_Q_7,0.0461707546924543
base,15,P_Q_8,0.0447023903853787
base,15,P_Q_9,0.0503728815993235
base,15,P_Q_10,0.0452248723454157
base,15,P_Q_11,0.03596110543381
base,15,P_Q_12,0.0240711345128732
base,15,P_Q_13,0.0143779764293479
base,15,P_Q_14,0.00649612752965496
base,15,P_Q_15,0.0018348424492982
base,15,P_Q_16,0.000296447109540962
base,15,P_Q_17,2.06077291657484e-05
base,15,L_Q,0.747703510728542
base,15,beta_NQ_2,0.988587100000126
base,15,beta_NQ_3,0.985280700071966
base,15,beta_NQ_4,0.978758600003395
base,15,beta_NQ_5,0.968898802060581
base,15,beta_NQ_6,0.956626799989653
base,15,beta_NQ_7,0.939580000015417
base,15,beta_NQ_8,0.912634501171517
base,15,beta_NQ_9,0.873406100396887
base,15,beta_NQ_10,0.817039600162777
base,15,beta_NQ_11,0.73878769996807
base,15,beta_NQ_12,0.613765999741137
base,15,beta_NQ_13,0.453317998936572
base,15,beta_NQ_14,0.290875336209447
base,15,beta_NQ_15,0.159068812728285
base,15,beta_NQ_16,0.0763640019877916
base,15,beta_NQ_17,0.0352194375296104
base,15,h_NQ_2,87.62014913
base,15,h_NQ_3,67.9380133562
base,15,h_NQ_4,47.077876229496
base,15,h_NQ_5,32.1531002049586
base,15,h_NQ_6,23.0557118160972
base,15,h_NQ_7,16.5508109932981
base,15,h_NQ_8,11.4461658196171
base,15,h_NQ_9,7.89927476256906
base,15,h_NQ_10,5.46566360898343
base,15,h_NQ_11,3.82830364361368
base,15,h_NQ_12,2.58910401288891
base,15,h_NQ_13,1.82921397603251
base,15,h_NQ_14,1.41018860486038
base,15,h_NQ_15,1.18915792450272
base,15,h_NQ_16,1.08267759322434
base,15,h_NQ_17,1.03650143379789
base,15,P_NQ_1,0.7514286976
base,15,P_NQ_2,0.150123183188763
base,15,P_NQ_3,0.1333529963186
base,15,P_NQ_4,0.144969875831524
base,15,P_NQ_5,0.150166003065779
base,15,P_NQ_6,0.146420089894685
base,15,P_NQ_7,0.107731763351454
base,15,P_NQ_8,0.104305586150229
base,15,P_NQ_9,0.117536723587663
base,15,P_NQ_10,0.105524741638815
base,15,P_NQ_11,0.0839092477794103
base,15,P_NQ_12,0.0561660670347128
base,15,P_NQ_13,0.0335485631988433
base,15,P_NQ_14,0.0151576102395926
base,15,P_NQ_15,0.00428129173689819
base,15,P_NQ_16,0.000691709687714465
base,15,P_NQ_17,4.80847339571705e-05
base,15,L_NQ,1.42825967753731
base,15,pi_Q,0.3
base,15,pi_NQ,0.7
base,15,y,1.18116143790509
base,15,nbar,4.15517171047554
base,15,Ptot,3.00766030695401
base,15,Pret,0.42761042958905
base,15,H,193.847292624012
base,15,cCheck,-4.44089209850063e-16
base,15,shareq,0.3
base,15,A,0.435809785
base,15,A_Q,2
base,15,xpop,1.073469568
base,15,h_Q_1,100
base,15,mig_Q_2,-0.254107062
base,15,med_Q_2,148.5361669
base,15,mig_Q_3,0.00136985
base,15,med_Q_3,-44.33746972
base,15,mig_Q_4,0.001126081
base,15,med_Q_4,-50.91399385
base,15,mig_Q_5,0.000770003
base,15,med_Q_5,-31.78328195
base,15,mig_Q_6,0.000362568
base,15,med_Q_6,-20.17992206
base,15,mig_Q_7,0.000223101
base,15,med_Q_7,-14.35213813
base,15,mig_Q_8,0.000359596
base,15,med_Q_8,-10.91262895
base,15,mig_Q_9,0.000876877
base,15,med_Q_9,-5.912593953
base,15,mig_Q_10,0.001649736
base,15,med_Q_10,-3.781246296
base,15,mig_Q_11,0.002430694
base,15,med_Q_11,-2.345092196
base,15,mig_Q_12,0.002969997
base,15,med_Q_12,-1.425980011
base,15,mig_Q_13,0.002988042
base,15,med_Q_13,-0.852101019
base,15,mig_Q_14,0.002031779
base,15,med_Q_14,-0.45025367
base,15,mig_Q_15,0.000752695
base,15,med_Q_15,-0.220946406
base,15,mig_Q_16,0.000154594
base,15,med_Q_16,-0.100200093
base,15,mig_Q_17,1.20088e-05
base,15,med_Q_17,-0.032330545
base,15,h_NQ_1,100
base,15,mig_NQ_2,-0.587236271
base,15,med_NQ_2,-10.37985087
base,15,mig_NQ_3,0.004536517
base,15,med_NQ_3,-14.7114937
base,15,mig_NQ_4,0.004521553
base,15,med_NQ_4,-13.92240388
base,15,mig_NQ_5,0.004539559
base,15,med_NQ_5,-11.97196283
base,15,mig_NQ_6,0.004642378
base,15,med_NQ_6,-7.956946406
base,15,mig_NQ_7,0.004222843
base,15,med_NQ_7,-5.053412856
base,15,mig_NQ_8,0.005793569
base,15,med_NQ_8,-3.998871909
base,15,mig_NQ_9,0.009004768
base,15,med_NQ_9,-2.262936944
base,15,mig_NQ_10,0.011181594
base,15,med_NQ_10,-1.64609256
base,15,mig_NQ_11,0.011856597
base,15,med_NQ_11,-1.168145308
base,15,mig_NQ_12,0.012460701
base,15,med_NQ_12,-0.988795809
base,15,mig_NQ_13,0.011022657
base,15,med_NQ_13,-0.599777677
base,15,mig_NQ_14,0.006726243
base,15,med_NQ_14,-0.320474014
base,15,mig_NQ_15,0.002307452
base,15,med_NQ_15,-0.157388973
base,15,mig_NQ_16,0.000440415
base,15,med_NQ_16,-0.070006062
base,15,mig_NQ_17,3.31265e-05
base,15,med_NQ_17,-0.019178349
base,16,beta_Q_2,0.996367900125476
base,16,beta_Q_3,0.99519130014795
base,16,beta_Q_4,0.992379100316725
base,16,beta_Q_5,0.987635500000372
base,16,beta_Q_6,0.981419000404811
base,16,beta_Q_7,0.97284790000392
base,16,beta_Q_8,0.956876000003725
base,16,beta_Q_9,0.932060901082042
base,16,beta_Q_10,0.888214701649101
base,16,beta_Q_11,0.81449630047874
base,16,beta_Q_12,0.705271800083121
base,16,beta_Q_13,0.553437200726719
base,16,beta_Q_14,0.374711643560468
base,16,beta_Q_15,0.218074889403826
base,16,beta_Q_16,0.107752400046906
base,16,beta_Q_17,0.0502324586580444
base,16,h_Q_2,275.322816
base,16,h_Q_3,207.956412382
base,16,h_Q_4,131.21809762524
base,16,h_Q_5,80.8767034631304
base,16,h_Q_6,53.8184166651558
base,16,h_Q_7,36.829563831767
base,16,h_Q_8,23.1889435076578
base,16,h_Q_9,14.7190645703046
base,16,h_Q_10,8.94572005312967
base,16,h_Q_11,5.39072805946179
base,16,h_Q_12,3.39295662969431
base,16,h_Q_13,2.23932670074027
base,16,h_Q_14,1.59926126858823
base,16,h_Q_15,1.27889470372317
base,16,h_Q_16,1.12076512890131
base,16,h_Q_17,1.05288050608692
base,16,P_Q_1,0.3194008092
base,16,P_Q_2,0.0826164572217474
base,16,P_Q_3,0.064891756233599
base,16,P_Q_4,0.0568665687279996
base,16,P_Q_5,0.061326389673616
base,16,P_Q_6,0.0628653580599743
base,16,P_Q_7,0.0607462951088105
base,16,P_Q_8,0.0441633460194531
base,16,P_Q_9,0.0419227554964337
base,16,P_Q_10,0.0457472167242004
base,16,P_Q_11,0.0388704704531585
base,16,P_Q_12,0.0280014015193068
base,16,P_Q_13,0.0160127846791962
base,16,P_Q_14,0.00728584978367892
base,16,P_Q_15,0.00220021205039566
base,16,P_Q_16,0.000364675055693365
base,16,P_Q_17,2.87895247096415e-05
base,16,L_Q,0.771068123299518
base,16,beta_NQ_2,0.989680600164088
base,16,beta_NQ_3,0.986715900245842
base,16,beta_NQ_4,0.980932800543132
base,16,beta_NQ_5,0.970029900004466
base,16,beta_NQ_6,0.956614903270331
base,16,beta_NQ_7,0.941724899980929
base,16,beta_NQ_8,0.917262300033683
base,16,beta_NQ_9,0.884329000717108
base,16,beta_NQ_10,0.832550800768387
base,16,beta_NQ_11,0.756334200212729
base,16,beta_NQ_12,0.632437799918642
base,16,beta_NQ_13,0.474787465734491
base,16,beta_NQ_14,0.30667268796001
base,16,beta_NQ_15,0.171361734678332
base,16,beta_NQ_16,0.0819939018545653
base,16,beta_NQ_17,0.0373887680236216
base,16,h_NQ_2,96.90485881
base,16,h_NQ_3,75.2779638774
base,16,h_NQ_4,52.446085419076
base,16,h_NQ_5,33.3665887049061
base,16,h_NQ_6,23.0493879268595
base,16,h_NQ_7,17.1599877077752
base,16,h_NQ_8,12.0863886754321
base,16,h_NQ_9,8.64520925622474
base,16,h_NQ_10,5.97196044631768
base,16,h_NQ_11,4.10398176580376
base,16,h_NQ_12,2.72062796374141
base,16,h_NQ_13,1.90398580263113
base,16,h_NQ_14,1.44231982951186
base,16,h_NQ_15,1.20679914676317
base,16,h_NQ_16,1.08931738101267
base,16,h_NQ_17,1.03883573235986
base,16,P_NQ_1,0.7452685548
base,16,P_NQ_2,0.192771732017256
base,16,P_NQ_3,0.151414100029257
base,16,P_NQ_4,0.132688661983051
base,16,P_NQ_5,0.143094911028034
base,16,P_NQ_6,0.146685835980053
base,16,P_NQ_7,0.141741356065505
base,16,P_NQ_8,0.103047809106582
base,16,P_NQ_9,0.0978197702490827
base,16,P_NQ_10,0.106743503644507
base,16,P_NQ_11,0.0906977951650646
base,16,P_NQ_12,0.0653366033508566
base,16,P_NQ_13,0.0373631651163134
base,16,P_NQ_14,0.0170002795998074
base,16,P_NQ_15,0.0051338230646101
base,16,P_NQ_16,0.000850909570706809
base,16,P_NQ_17,6.71728261350859e-05
base,16,L_NQ,1.46637971884011
base,16,pi_Q,0.3
base,16,pi_NQ,0.7
base,16,y,1.57048496811764
base,16,nbar,4.31266191362563
base,16,Ptot,3.11103711912879
base,16,Pret,0.461704652128341
base,16,H,212.108026226629
base,16,cCheck,0
base,16,shareq,0.3
base,16,A,0.564562457
base,16,A_Q,2
base,16,xpop,1.064669364
base,16,h_Q_1,100
base,16,mig_Q_2,-0.238118151
base,16,med_Q_2,177.322816
base,16,mig_Q_3,0.000898207
base,16,med_Q_3,-33.64903118
base,16,mig_Q_4,0.000202843
base,16,med_Q_4,-51.56316173
base,16,mig_Q_5,5.19572e-06
base,16,med_Q_5,-33.99845771
base,16,mig_Q_6,-0.000281167
base,16,med_Q_6,-21.46716922
base,16,mig_Q_7,-0.000219673
base,16,med_Q_7,-15.27980203
base,16,mig_Q_8,0.000109959
base,16,med_Q_8,-11.2532165
base,16,mig_Q_9,0.000579933
base,16,med_Q_9,-6.650553499
base,16,mig_Q_10,0.001597144
base,16,med_Q_10,-4.094154018
base,16,mig_Q_11,0.002714691
base,16,med_Q_11,-2.542252827
base,16,mig_Q_12,0.003257356
base,16,med_Q_12,-1.494012268
base,16,mig_Q_13,0.003210995
base,16,med_Q_13,-0.902484397
base,16,mig_Q_14,0.002143075
base,16,med_Q_14,-0.493995454
base,16,mig_Q_15,0.000877584
base,16,med_Q_15,-0.246832636
base,16,mig_Q_16,0.000179671
base,16,med_Q_16,-0.109776148
base,16,mig_Q_17,1.47103e-05
base,16,med_Q_17,-0.037011451
base,16,h_NQ_1,100
base,16,mig_NQ_2,-0.550080985
base,16,med_NQ_2,-1.09514119
base,16,mig_NQ_3,0.003500625
base,16,med_NQ_3,-10.58978227
base,16,mig_NQ_4,0.00216827
base,16,med_NQ_4,-14.13316767
base,16,mig_NQ_5,0.002633772
base,16,med_NQ_5,-12.76973
base,16,mig_NQ_6,0.003033013
base,16,med_NQ_6,-8.460650274
base,16,mig_NQ_7,0.004167968
base,16,med_NQ_7,-5.434609872
base,16,mig_NQ_8,0.004728085
base,16,med_NQ_8,-4.133406098
base,16,mig_NQ_9,0.006718635
base,16,med_NQ_9,-2.572033247
base,16,mig_NQ_10,0.010711346
base,16,med_NQ_10,-1.769328821
base,16,mig_NQ_11,0.012737414
base,16,med_NQ_11,-1.252368571
base,16,mig_NQ_12,0.01383596
base,16,med_NQ_12,-1.031109607
base,16,mig_NQ_13,0.011902076
base,16,med_NQ_13,-0.63333613
base,16,mig_NQ_14,0.00724183
base,16,med_NQ_14,-0.350309867
base,16,mig_NQ_15,0.00272272
base,16,med_NQ_15,-0.175185686
base,16,mig_NQ_16,0.000523973
base,16,med_NQ_16,-0.076057385
base,16,mig_NQ_17,4.28112e-05
base,16,med_NQ_17,-0.022188309
base,17,beta_Q_2,0.99632580006316
base,17,beta_Q_3,0.995348600000026
base,17,beta_Q_4,0.992990100025498
base,17,beta_Q_5,0.989174500003026
base,17,beta_Q_6,0.983061600130601
base,17,beta_Q_7,0.974372400006731
base,17,beta_Q_8,0.960187200091938
base,17,beta_Q_9,0.938341600700665
base,17,beta_Q_10,0.901011507681763
base,17,beta_Q_11,0.832555803034897
base,17,beta_Q_12,0.725557000569642
base,17,beta_Q_13,0.571257379199914
base,17,beta_Q_14,0.391596962159212
base,17,beta_Q_15,0.226707911609078
base,17,beta_Q_16,0.111483997187932
base,17,beta_Q_17,0.0511400632691038
base,17,h_Q_2,272.168091
base,17,h_Q_3,214.98903556
base,17,h_Q_4,142.65538742436
base,17,h_Q_5,92.3744861927352
base,17,h_Q_6,59.0374533538678
base,17,h_Q_7,39.0204311018527
base,17,h_Q_8,25.1175501351317
base,17,h_Q_9,16.2183903535047
base,17,h_Q_10,10.1021835828985
base,17,h_Q_11,5.97213877706707
base,17,h_Q_12,3.64374387827255
base,17,h_Q_13,2.33239470010042
base,17,h_Q_14,1.64364630772546
base,17,h_Q_15,1.29317239821646
base,17,h_Q_16,1.12547213164871
base,17,h_Q_17,1.05389536232329
base,17,P_Q_1,0.3121457745
base,17,P_Q_2,0.0809503505609818
base,17,P_Q_3,0.0829762534761282
base,17,P_Q_4,0.0644857392690712
base,17,P_Q_5,0.0562764400389834
base,17,P_Q_6,0.0600175450519161
base,17,P_Q_7,0.0608772335716405
base,17,P_Q_8,0.0583047278787644
base,17,P_Q_9,0.0417330100856894
base,17,P_Q_10,0.0382890027655731
base,17,P_Q_11,0.0399278397790604
base,17,P_Q_12,0.0309830396665769
base,17,P_Q_13,0.0191669302732701
base,17,P_Q_14,0.00854696686512149
base,17,P_Q_15,0.00258360288578867
base,17,P_Q_16,0.000466441129042256
base,17,P_Q_17,4.1562424658737e-05
base,17,L_Q,0.800740901271587
base,17,beta_NQ_2,0.989421200000056
base,17,beta_NQ_3,0.987054500000795
base,17,beta_NQ_4,0.982480300063609
base,17,beta_NQ_5,0.973749104257002
base,17,beta_NQ_6,0.960130800152651
base,17,beta_NQ_7,0.944543500013259
base,17,beta_NQ_8,0.922948100035183
base,17,beta_NQ_9,0.894130500612635
base,17,beta_NQ_10,0.850068405174139
base,17,beta_NQ_11,0.777865101497359
base,17,beta_NQ_12,0.654689100148069
base,17,beta_NQ_13,0.492618373666824
base,17,beta_NQ_14,0.321813368040825
base,17,beta_NQ_15,0.178567506113897
base,17,beta_NQ_16,0.0848333937639328
base,17,beta_NQ_17,0.037991978255039
base,17,h_NQ_2,94.528680002
base,17,h_NQ_3,77.2469197838
base,17,h_NQ_4,57.078602939852
base,17,h_NQ_5,38.0939320106945
base,17,h_NQ_6,25.082018203808
base,17,h_NQ_7,18.0321513293223
base,17,h_NQ_8,12.9782652936197
base,17,h_NQ_9,9.4455910379235
base,17,h_NQ_10,6.66970805210024
base,17,h_NQ_11,4.50176896539132
base,17,h_NQ_12,2.89594102048769
base,17,h_NQ_13,1.97090005446658
base,17,h_NQ_14,1.4745199985785
base,17,h_NQ_15,1.21738548392162
base,17,h_NQ_16,1.09269721282791
base,17,h_NQ_17,1.03949196339242
base,17,P_NQ_1,0.7283401405
base,17,P_NQ_2,0.188884152597886
base,17,P_NQ_3,0.193611256099357
base,17,P_NQ_4,0.150466727183417
base,17,P_NQ_5,0.131311693515145
base,17,P_NQ_6,0.14004093947156
base,17,P_NQ_7,0.142046879216934
base,17,P_NQ_8,0.136044367274539
base,17,P_NQ_9,0.0973770250533109
base,17,P_NQ_10,0.0893410140518534
base,17,P_NQ_11,0.093164958456873
base,17,P_NQ_12,0.0722937780316652
base,17,P_NQ_13,0.0447229313246529
base,17,P_NQ_14,0.0199429112769135
base,17,P_NQ_15,0.00602839540223967
base,17,P_NQ_16,0.00108836218449834
base,17,P_NQ_17,9.69766605482363e-05
base,17,L_NQ,1.51446053275305
base,17,pi_Q,0.3
base,17,pi_NQ,0.7
base,17,y,1.87662897713507
base,17,nbar,4.54764053568269
base,17,Ptot,3.19257496852366
base,17,Pret,0.466684713178336
base,17,H,221.538252777183
base,17,cCheck,8.88178419700125e-16
base,17,shareq,0.3
base,17,A,0.650022108
base,17,A_Q,2
base,17,xpop,1.040485915
base,17,h_Q_1,100
base,17,mig_Q_2,-0.237290363
base,17,med_Q_2,174.168091
base,17,mig_Q_3,0.000757074
base,17,med_Q_3,-54.82732412
base,17,mig_Q_4,8.85166e-05
base,17,med_Q_4,-61.14189671
base,17,mig_Q_5,0.000112998
base,17,med_Q_5,-36.21924948
base,17,mig_Q_6,-0.000169339
base,17,med_Q_6,-20.22171604
base,17,mig_Q_7,-0.000281198
base,17,med_Q_7,-13.72161723
base,17,mig_Q_8,0.000178056
base,17,med_Q_8,-10.97542242
base,17,mig_Q_9,0.000570082
base,17,med_Q_9,-6.506774284
base,17,mig_Q_10,0.001052595
base,17,med_Q_10,-4.322499696
base,17,mig_Q_11,0.002666901
base,17,med_Q_11,-2.794666875
base,17,mig_Q_12,0.003568793
base,17,med_Q_12,-1.63916962
base,17,mig_Q_13,0.003669913
base,17,med_Q_13,-0.992702797
base,17,mig_Q_14,0.00254679
base,17,med_Q_14,-0.550893859
base,17,mig_Q_15,0.000994742
base,17,med_Q_15,-0.274103645
base,17,mig_Q_16,0.000229363
base,17,med_Q_16,-0.127844678
base,17,mig_Q_17,2.32439e-05
base,17,med_Q_17,-0.044454464
base,17,h_NQ_1,100
base,17,mig_NQ_2,-0.548693678
base,17,med_NQ_2,-3.471319998
base,17,mig_NQ_3,0.003400323
base,17,med_NQ_3,-17.71984185
base,17,mig_NQ_4,0.00193967
base,17,med_NQ_4,-16.69380166
base,17,mig_NQ_5,0.002599724
base,17,med_NQ_5,-13.3032317
base,17,mig_NQ_6,0.003154215
base,17,med_NQ_6,-7.617238727
base,17,mig_NQ_7,0.003909175
base,17,med_NQ_7,-4.556248839
base,17,mig_NQ_8,0.006030365
base,17,med_NQ_8,-3.83852266
base,17,mig_NQ_9,0.006248859
base,17,med_NQ_9,-2.399069864
base,17,mig_NQ_10,0.007901086
base,17,med_NQ_10,-1.802597019
base,17,mig_NQ_11,0.012431196
base,17,med_NQ_11,-1.350752272
base,17,mig_NQ_12,0.014933064
base,17,med_NQ_12,-1.12596111
base,17,mig_NQ_13,0.013701931
base,17,med_NQ_13,-0.69531535
base,17,mig_NQ_14,0.008484649
base,17,med_NQ_14,-0.391386088
base,17,mig_NQ_15,0.003115198
base,17,med_NQ_15,-0.196087949
base,17,mig_NQ_16,0.00066742
base,17,med_NQ_16,-0.089965951
base,17,mig_NQ_17,6.51622e-05
base,17,med_NQ_17,-0.02803907
base,18,beta_Q_2,0.996382900000455
base,18,beta_Q_3,0.995405400107134
base,18,beta_Q_4,0.993380500001188
base,18,beta_Q_5,0.990084700054153
base,18,beta_Q_6,0.985190900005658
base,18,beta_Q_7,0.976841400385225
base,18,beta_Q_8,0.963054200048628
base,18,beta_Q_9,0.944144400758802
base,18,beta_Q_10,0.911067102345237
base,18,beta_Q_11,0.85315692195343
base,18,beta_Q_12,0.753888407546073
base,18,beta_Q_13,0.603952401548845
base,18,beta_Q_14,0.420119299941581
base,18,beta_Q_15,0.245264077382464
base,18,beta_Q_16,0.119772406030654
base,18,beta_Q_17,0.0534203631472869
base,18,h_Q_2,276.4645711
base,18,h_Q_3,217.64680276
base,18,h_Q_4,151.0688118488
base,18,h_Q_5,100.854235415873
base,18,h_Q_6,67.5260481988805
base,18,h_Q_7,43.1805031367904
base,18,h_Q_8,27.0666760498156
base,18,h_Q_9,17.9033078154291
base,18,h_Q_10,11.2444325964346
base,18,h_Q_11,6.80998970624055
base,18,h_Q_12,4.06319734552573
base,18,h_Q_13,2.5249490257071
base,18,h_Q_14,1.72449264109842
base,18,h_Q_15,1.32496626257095
base,18,h_Q_16,1.13606980625214
base,18,h_Q_17,1.05642904801573
base,18,P_Q_1,0.3046097499
base,18,P_Q_2,0.0812825075150471
base,18,P_Q_3,0.0816832111003845
base,18,P_Q_4,0.0827084132390017
base,18,P_Q_5,0.063777378298809
base,18,P_Q_6,0.0551499521943769
base,18,P_Q_7,0.0582282214147476
base,18,P_Q_8,0.0586305814524964
base,18,P_Q_9,0.0551596756861765
base,18,P_Q_10,0.0386761103374053
base,18,P_Q_11,0.0337383344448971
base,18,P_Q_12,0.0326288056693203
base,18,P_Q_13,0.0218069940395757
base,18,P_Q_14,0.01056599366893
base,18,P_Q_15,0.00325267300858368
base,18,P_Q_16,0.000583724376853996
base,18,P_Q_17,5.91850288505332e-05
base,18,L_Q,0.831708991406108
base,18,beta_NQ_2,0.9894431000002
base,18,beta_NQ_3,0.98689610028047
base,18,beta_NQ_4,0.983239700000899
base,18,beta_NQ_5,0.975920500101326
base,18,beta_NQ_6,0.965115406054087
base,18,beta_NQ_7,0.949608100535751
base,18,beta_NQ_8,0.927954400058273
base,18,beta_NQ_9,0.903296400579331
base,18,beta_NQ_10,0.864080601801062
base,18,beta_NQ_11,0.8029854137084
base,18,beta_NQ_12,0.686370602963632
base,18,beta_NQ_13,0.525801600415975
base,18,beta_NQ_14,0.348146835606179
base,18,beta_NQ_15,0.194711129513996
base,18,beta_NQ_16,0.0917671042914821
base,18,beta_NQ_17,0.039948965874027
base,18,h_NQ_2,94.72477716
base,18,h_NQ_3,76.31315868196
base,18,h_NQ_4,59.664803138124
base,18,h_NQ_5,41.529101511055
base,18,h_NQ_6,28.6659442784806
base,18,h_NQ_7,19.8444591337318
base,18,h_NQ_8,13.8800981637358
base,18,h_NQ_9,10.3408766527473
base,18,h_NQ_10,7.35730146316503
base,18,h_NQ_11,5.07576595705824
base,18,h_NQ_12,3.1884765860835
base,18,h_NQ_13,2.10882196207793
base,18,h_NQ_14,1.53408373537725
base,18,h_NQ_15,1.24179021360693
base,18,h_NQ_16,1.10103917324319
base,18,h_NQ_17,1.04160698357135
base,18,P_NQ_1,0.7107560831
base,18,P_NQ_2,0.189659181821719
base,18,P_NQ_3,0.19059416280058
base,18,P_NQ_4,0.192986297988188
base,18,P_NQ_5,0.148813885815335
base,18,P_NQ_6,0.128683219364096
base,18,P_NQ_7,0.135865849113612
base,18,P_NQ_8,0.136804691289197
base,18,P_NQ_9,0.128705912216712
base,18,P_NQ_10,0.0902442583876702
base,18,P_NQ_11,0.0787227849633219
base,18,P_NQ_12,0.0761338788174624
base,18,P_NQ_13,0.0508829583601892
base,18,P_NQ_14,0.024654005158245
base,18,P_NQ_15,0.00758956493136915
base,18,P_NQ_16,0.00136202224092288
base,18,P_NQ_17,0.000138097432447068
base,18,L_NQ,1.56502035907775
base,18,pi_Q,0.3
base,18,pi_NQ,0.7
base,18,y,2.09335193855063
base,18,nbar,4.75281985144696
base,18,Ptot,3.27513836517652
base,18,Pret,0.471039390866044
base,18,H,229.345812456912
base,18,cCheck,-4.44089209850063e-16
base,18,shareq,0.3
base,18,A,0.703033956
base,18,A_Q,2
base,18,xpop,1.015365833
base,18,h_Q_1,100
base,18,mig_Q_2,-0.229716381
base,18,med_Q_2,178.4645711
base,18,mig_Q_3,0.001109393
base,18,med_Q_3,-49.07792642
base,18,mig_Q_4,0.000313815
base,18,med_Q_4,-59.620443
base,18,mig_Q_5,-1.02706e-05
base,18,med_Q_5,-38.94804426
base,18,mig_Q_6,-0.000173255
base,18,med_Q_6,-23.00094827
base,18,mig_Q_7,-0.000251218
base,18,med_Q_7,-14.67620115
base,18,mig_Q_8,0.000177041
base,18,med_Q_8,-11.17334643
base,18,mig_Q_9,0.000449924
base,18,med_Q_9,-6.711891317
base,18,mig_Q_10,0.001074188
base,18,med_Q_10,-4.64958995
base,18,mig_Q_11,0.001860603
base,18,med_Q_11,-3.090150205
base,18,mig_Q_12,0.003658882
base,18,med_Q_12,-1.789498656
base,18,mig_Q_13,0.004107704
base,18,med_Q_13,-1.045919975
base,18,mig_Q_14,0.003060282
base,18,med_Q_14,-0.561254165
base,18,mig_Q_15,0.001315008
base,18,med_Q_15,-0.285807119
base,18,mig_Q_16,0.000295694
base,18,med_Q_16,-0.131239144
base,18,mig_Q_17,3.53312e-05
base,18,med_Q_17,-0.046533641
base,18,h_NQ_1,100
base,18,mig_NQ_2,-0.530975994
base,18,med_NQ_2,-3.27522284
base,18,mig_NQ_3,0.00415521
base,18,med_NQ_3,-16.32494772
base,18,mig_NQ_4,0.002767053
base,18,med_NQ_4,-16.03717825
base,18,mig_NQ_5,0.002297045
base,18,med_NQ_5,-14.40792937
base,18,mig_NQ_6,0.002606818
base,18,med_NQ_6,-8.666109092
base,18,mig_NQ_7,0.00359109
base,18,med_NQ_7,-4.735918706
base,18,mig_NQ_8,0.005702794
base,18,med_NQ_8,-3.791410139
base,18,mig_NQ_9,0.007064494
base,18,med_NQ_9,-2.377823335
base,18,mig_NQ_10,0.007467126
base,18,med_NQ_10,-1.899377754
base,18,mig_NQ_11,0.009227528
base,18,med_NQ_11,-1.460547934
base,18,mig_NQ_12,0.015139796
base,18,med_NQ_12,-1.223257
base,18,mig_NQ_13,0.015269715
base,18,med_NQ_13,-0.729200238
base,18,mig_NQ_14,0.010261568
base,18,med_NQ_14,-0.397398318
base,18,mig_NQ_15,0.004028409
base,18,med_NQ_15,-0.203239385
base,18,mig_NQ_16,0.000850613
base,18,med_NQ_16,-0.091998601
base,18,mig_NQ_17,9.67484e-05
base,18,med_NQ_17,-0.029236285
base,19,beta_Q_2,0.996112200002019
base,19,beta_Q_3,0.995198400000949
base,19,beta_Q_4,0.993417000005918
base,19,beta_Q_5,0.990831500017762
base,19,beta_Q_6,0.987090300006913
base,19,beta_Q_7,0.98076870000953
base,19,beta_Q_8,0.968726300002532
base,19,beta_Q_9,0.951335011057293
base,19,beta_Q_10,0.924336600000898
base,19,beta_Q_11,0.877013799938162
base,19,beta_Q_12,0.797342699853427
base,19,beta_Q_13,0.661059819996658
base,19,beta_Q_14,0.481390420888964
base,19,beta_Q_15,0.289655300232739
base,19,beta_Q_16,0.147666779862596
base,19,beta_Q_17,0.0825551319466387
base,19,h_Q_2,257.2148773
base,19,h_Q_3,208.263912068
base,19,h_Q_4,151.9064256348
base,19,h_Q_5,109.069095271824
base,19,h_Q_6,77.4611339175553
base,19,h_Q_7,51.9985648649029
base,19,h_Q_8,31.9757495940546
base,19,h_Q_9,20.5486489268193
base,19,h_Q_10,13.2164296081205
base,19,h_Q_11,8.1309935545059
base,19,h_Q_12,4.93443857811574
base,19,h_Q_13,2.95037121461522
base,19,h_Q_14,1.92823272519296
base,19,h_Q_15,1.40776724327645
base,19,h_Q_16,1.17324871231954
base,19,h_Q_17,1.08998264412709
base,19,P_Q_1,0.304206375
base,19,P_Q_2,0.0843752879737753
base,19,P_Q_3,0.0840883869147266
base,19,P_Q_4,0.0833506750846026
base,19,P_Q_5,0.0834729345136919
base,19,P_Q_6,0.0638592827262049
base,19,P_Q_7,0.0548095665327333
base,19,P_Q_8,0.0571965031948342
base,19,P_Q_9,0.0565060341916074
base,19,P_Q_10,0.0519861808937078
base,19,P_Q_11,0.0352513382485919
base,19,P_Q_12,0.0285759962279203
base,19,P_Q_13,0.0242772055436565
base,19,P_Q_14,0.0129899930697368
base,19,P_Q_15,0.00445065168883907
base,19,P_Q_16,0.000837368472269033
base,19,P_Q_17,8.22046681894642e-05
base,19,L_Q,0.867095763900222
base,19,beta_NQ_2,0.988462400031308
base,19,beta_NQ_3,0.986035700002781
base,19,beta_NQ_4,0.983041900315316
base,19,beta_NQ_5,0.977549700016488
base,19,beta_NQ_6,0.969548006130814
base,19,beta_NQ_7,0.95810829998989
base,19,beta_NQ_8,0.938648500014802
base,19,beta_NQ_9,0.914904910233032
base,19,beta_NQ_10,0.882886651706954
base,19,beta_NQ_11,0.832672764376174
base,19,beta_NQ_12,0.736273933328963
base,19,beta_NQ_13,0.584975870162531
base,19,beta_NQ_14,0.405078304537439
base,19,beta_NQ_15,0.232303211906323
base,19,beta_NQ_16,0.113939246759178
base,19,beta_NQ_17,0.0621229938868753
base,19,h_NQ_2,86.67313826
base,19,h_NQ_3,71.6111799368
base,19,h_NQ_4,58.9688703383208
base,19,h_NQ_5,44.5428346153615
base,19,h_NQ_6,32.8385656048339
base,19,h_NQ_7,23.871077080911
base,19,h_NQ_8,16.2995199830572
base,19,h_NQ_9,11.7515579664611
base,19,h_NQ_10,8.53873253969239
base,19,h_NQ_11,5.97630752990173
base,19,h_NQ_12,3.79180704091707
base,19,h_NQ_13,2.40949804436183
base,19,h_NQ_14,1.68089346983638
base,19,h_NQ_15,1.3025901226697
base,19,h_NQ_16,1.1285903413348
base,19,h_NQ_17,1.06623755677833
base,19,P_NQ_1,0.709814875
base,19,P_NQ_2,0.196875672206464
base,19,P_NQ_3,0.19620623292224
base,19,P_NQ_4,0.194484910453965
base,19,P_NQ_5,0.194770179445336
base,19,P_NQ_6,0.149004994835153
base,19,P_NQ_7,0.127888987511165
base,19,P_NQ_8,0.13345850950263
base,19,P_NQ_9,0.131847416223898
base,19,P_NQ_10,0.121301090083572
base,19,P_NQ_11,0.0822531231562311
base,19,P_NQ_12,0.0666773273822516
base,19,P_NQ_13,0.0566468123280977
base,19,P_NQ_14,0.0303100559393809
base,19,P_NQ_15,0.0103848541914058
base,19,P_NQ_16,0.00195386039658393
base,19,P_NQ_17,0.000191808380022294
base,19,L_NQ,1.62586238294589
base,19,pi_Q,0.3
base,19,pi_NQ,0.7
base,19,y,2.52168534374572
base,19,nbar,4.98082764043348
base,19,Ptot,3.43438669490348
base,19,Pret,0.528169870670456
base,19,H,236.099000249591
base,19,cCheck,8.88178419700125e-16
base,19,shareq,0.3
base,19,A,0.819558266
base,19,A_Q,2
base,19,xpop,1.01402125
base,19,h_Q_1,100
base,19,mig_Q_2,-0.219132658
base,19,med_Q_2,159.2148773
base,19,mig_Q_3,0.00317934
base,19,med_Q_3,-62.67136761
base,19,mig_Q_4,0.002208166
base,19,med_Q_4,-61.38744107
base,19,mig_Q_5,0.0015846
base,19,med_Q_5,-38.97834034
base,19,mig_Q_6,0.00102639
base,19,med_Q_6,-21.37601679
base,19,mig_Q_7,0.00093681
base,19,med_Q_7,-14.17696237
base,19,mig_Q_8,0.00111957
base,19,med_Q_8,-10.34114348
base,19,mig_Q_9,0.001150299
base,19,med_Q_9,-5.976693602
base,19,mig_Q_10,0.001732015
base,19,med_Q_10,-4.328812051
base,19,mig_Q_11,0.002254547
base,19,med_Q_11,-2.88855039
base,19,mig_Q_12,0.003141057
base,19,med_Q_12,-1.739351334
base,19,mig_Q_13,0.00457096
base,19,med_Q_13,-1.031562184
base,19,mig_Q_14,0.003828454
base,19,med_Q_14,-0.54621732
base,19,mig_Q_15,0.001859193
base,19,med_Q_15,-0.282235545
base,19,mig_Q_16,0.000447788
base,19,med_Q_16,-0.125218225
base,19,mig_Q_17,5.10219e-05
base,19,med_Q_17,-0.023365766
base,19,h_NQ_1,100
base,19,mig_NQ_2,-0.50637703
base,19,med_NQ_2,-11.32686174
base,19,mig_NQ_3,0.009032326
base,19,med_NQ_3,-21.21910168
base,19,mig_NQ_4,0.007085163
base,19,med_NQ_4,-15.81802517
base,19,mig_NQ_5,0.006430895
base,19,med_NQ_5,-13.92867246
base,19,mig_NQ_6,0.005382421
base,19,med_NQ_6,-7.859953876
base,19,mig_NQ_7,0.00569036
base,19,med_NQ_7,-4.221548312
base,19,mig_NQ_8,0.007381197
base,19,med_NQ_8,-3.148049968
base,19,mig_NQ_9,0.008272231
base,19,med_NQ_9,-1.850938234
base,19,mig_NQ_10,0.010088808
base,19,med_NQ_10,-1.59532658
base,19,mig_NQ_11,0.0097883
base,19,med_NQ_11,-1.233847904
base,19,mig_NQ_12,0.012644322
base,19,med_NQ_12,-1.182443597
base,19,mig_NQ_13,0.016615497
base,19,med_NQ_13,-0.71520901
base,19,mig_NQ_14,0.012595315
base,19,med_NQ_14,-0.385752053
base,19,mig_NQ_15,0.005584445
base,19,med_NQ_15,-0.200811938
base,19,mig_NQ_16,0.001257388
base,19,med_NQ_16,-0.088364068
base,19,mig_NQ_17,0.000137397
base,19,med_NQ_17,-0.012780833
base,20,beta_Q_2,0.99686690000089
base,20,beta_Q_3,0.995923099999867
base,20,beta_Q_4,0.994020400065491
base,20,beta_Q_5,0.991077199999568
base,20,beta_Q_6,0.987600799999601
base,20,beta_Q_7,0.982250200053892
base,20,beta_Q_8,0.971854300674659
base,20,beta_Q_9,0.95534820019508
base,20,beta_Q_10,0.928243700006788
base,20,beta_Q_11,0.884935700056105
base,20,beta_Q_12,0.811040599997013
base,20,beta_Q_13,0.682805199770887
base,20,beta_Q_14,0.498147923475038
base,20,beta_Q_15,0.311240966334781
base,20,beta_Q_16,0.15924903071576
base,20,beta_Q_17,0.10149318000479
base,20,h_Q_2,319.1727044
base,20,h_Q_3,245.284407262
base,20,h_Q_4,167.23526660664
base,20,h_Q_5,112.072443622104
base,20,h_Q_6,80.6503645363875
base,20,h_Q_7,56.3386630092042
base,20,h_Q_8,35.5294059376048
base,20,h_Q_9,22.3955137331735
base,20,h_Q_10,13.9360585762829
base,20,h_Q_11,8.69079288695808
base,20,h_Q_12,5.29214211741578
base,20,h_Q_13,3.15263679855343
base,20,h_Q_14,1.99261655732291
base,20,h_Q_15,1.4518851826891
base,20,h_Q_16,1.18941279941092
base,20,h_Q_17,1.11295738707314
base,20,P_Q_1,0.2986466736
base,20,P_Q_2,0.0830792994558893
base,20,P_Q_3,0.0855906775911205
base,20,P_Q_4,0.0844860560641646
base,20,P_Q_5,0.0831130224215699
base,20,P_Q_6,0.0824548264715775
base,20,P_Q_7,0.0628632507029211
base,20,P_Q_8,0.0534285085919974
base,20,P_Q_9,0.0548544919992961
base,20,P_Q_10,0.0528876515242048
base,20,P_Q_11,0.0471929850498633
base,20,P_Q_12,0.0303438642125786
base,20,P_Q_13,0.0217427779226542
base,20,P_Q_14,0.0151596551946687
base,20,P_Q_15,0.00582143134263581
base,20,P_Q_16,0.00123747840318089
base,20,P_Q_17,0.000130289864716125
base,20,L_Q,0.889342754491419
base,20,beta_NQ_2,0.990822700003447
base,20,beta_NQ_3,0.988329599999868
base,20,beta_NQ_4,0.984818300533219
base,20,beta_NQ_5,0.978250100003701
base,20,beta_NQ_6,0.970782499999416
base,20,beta_NQ_7,0.96136910009016
base,20,beta_NQ_8,0.944761001225175
base,20,beta_NQ_9,0.921664700262691
base,20,beta_NQ_10,0.888475800048907
base,20,beta_NQ_11,0.842666999930868
base,20,beta_NQ_12,0.752367100266578
base,20,beta_NQ_13,0.608120299855312
base,20,beta_NQ_14,0.421178745216301
base,20,beta_NQ_15,0.250690372101995
base,20,beta_NQ_16,0.122887109925889
base,20,beta_NQ_17,0.0762592502847983
base,20,h_NQ_2,108.96451026
base,20,h_NQ_3,85.6868659158
base,20,h_NQ_4,65.868776223064
base,20,h_NQ_5,45.9772228915544
base,20,h_NQ_6,34.2260631460543
base,20,h_NQ_7,25.8860135217372
base,20,h_NQ_8,18.1031517532928
base,20,h_NQ_9,12.765636951396
base,20,h_NQ_10,8.96666374113188
base,20,h_NQ_11,6.35594566489854
base,20,h_NQ_12,4.03823563330369
base,20,h_NQ_13,2.55180352409873
base,20,h_NQ_14,1.72764803147459
base,20,h_NQ_15,1.33456130843965
base,20,h_NQ_16,1.14010408521631
base,20,h_NQ_17,1.0825547595081
base,20,P_NQ_1,0.6968422384
base,20,P_NQ_2,0.193851697920423
base,20,P_NQ_3,0.199711581257618
base,20,P_NQ_4,0.197134128065588
base,20,P_NQ_5,0.193930387872007
base,20,P_NQ_6,0.192394595134967
base,20,P_NQ_7,0.146680920291511
base,20,P_NQ_8,0.124666518295766
base,20,P_NQ_9,0.127993815656338
base,20,P_NQ_10,0.12340452784613
base,20,P_NQ_11,0.110116985001731
base,20,P_NQ_12,0.0708023845148298
base,20,P_NQ_13,0.0507331406055446
base,20,P_NQ_14,0.0353725276953163
base,20,P_NQ_15,0.0135834873477785
base,20,P_NQ_16,0.00288744246427267
base,20,P_NQ_17,0.000304007657472791
base,20,L_NQ,1.6622240007852
base,20,pi_Q,0.3
base,20,pi_NQ,0.7
base,20,y,2.76691983551042
base,20,nbar,5.1302396667806
base,20,Ptot,3.54344332644033
base,20,Pret,0.581720636647578
base,20,H,258.231395724349
base,20,cCheck,4.44089209850063e-16
base,20,shareq,0.3
base,20,A,0.880846471
base,20,A_Q,2
base,20,xpop,0.995488912
base,20,h_Q_1,100
base,20,mig_Q_2,-0.219944382
base,20,med_Q_2,221.1727044
base,20,mig_Q_3,0.001620526
base,20,med_Q_3,-6.786172492
base,20,mig_Q_4,0.000951223
base,20,med_Q_4,-36.86336722
base,20,mig_Q_5,0.000526548
base,20,med_Q_5,-36.7958535
base,20,mig_Q_6,5.95025e-05
base,20,med_Q_6,-26.23734883
base,20,mig_Q_7,0.000232065
base,20,med_Q_7,-19.57324823
base,20,mig_Q_8,0.00033304
base,20,med_Q_8,-15.42918763
base,20,mig_Q_9,0.000441456
base,20,med_Q_9,-8.940720869
base,20,mig_Q_10,0.000657056
base,20,med_Q_10,-6.201617372
base,20,mig_Q_11,0.001600387
base,20,med_Q_11,-4.261308129
base,20,mig_Q_12,0.002236467
base,20,med_Q_12,-2.676231566
base,20,mig_Q_13,0.002852335
base,20,med_Q_13,-1.683113008
base,20,mig_Q_14,0.003472841
base,20,med_Q_14,-0.898747233
base,20,mig_Q_15,0.002058811
base,20,med_Q_15,-0.437782888
base,20,mig_Q_16,0.000580265
base,20,med_Q_16,-0.190199099
base,20,mig_Q_17,6.11608e-05
base,20,med_Q_17,-0.036826351
base,20,h_NQ_1,100
base,20,mig_NQ_2,-0.507773617
base,20,med_NQ_2,10.96451026
base,20,mig_NQ_3,0.00558514
base,20,med_NQ_3,0.747190421
base,20,mig_NQ_4,0.00425518
base,20,med_NQ_4,-4.310180115
base,20,mig_NQ_5,0.003811722
base,20,med_NQ_5,-11.81227004
base,20,mig_NQ_6,0.003555556
base,20,med_NQ_6,-9.425914777
base,20,mig_NQ_7,0.003917998
base,20,med_NQ_7,-6.295780771
base,20,mig_NQ_8,0.004623712
base,20,med_NQ_8,-5.290503786
base,20,mig_NQ_9,0.00589197
base,20,med_NQ_9,-3.207892632
base,20,mig_NQ_10,0.006998204
base,20,med_NQ_10,-2.549863066
base,20,mig_NQ_11,0.009112871
base,20,med_NQ_11,-2.012012224
base,20,mig_NQ_12,0.010241554
base,20,med_NQ_12,-1.818545746
base,20,mig_NQ_13,0.011728513
base,20,med_NQ_13,-1.164167376
base,20,mig_NQ_14,0.012426133
base,20,med_NQ_14,-0.633660052
base,20,mig_NQ_15,0.006542364
base,20,med_NQ_15,-0.312714292
base,20,mig_NQ_16,0.0017042
base,20,med_NQ_16,-0.136434235
base,20,mig_NQ_17,0.000182628
base,20,med_NQ_17,-0.023463775
base,21,beta_Q_2,0.997947299999981
base,21,beta_Q_3,0.997289700000371
base,21,beta_Q_4,0.995694699999859
base,21,beta_Q_5,0.992675200002161
base,21,beta_Q_6,0.988263100000314
base,21,beta_Q_7,0.983035299999275
base,21,beta_Q_8,0.975710000020468
base,21,beta_Q_9,0.963067400033811
base,21,beta_Q_10,0.942124400015136
base,21,beta_Q_11,0.902773200004358
base,21,beta_Q_12,0.83872012138729
base,21,beta_Q_13,0.721246836124307
base,21,beta_Q_14,0.542904303027185
base,21,beta_Q_15,0.338483501623465
base,21,beta_Q_16,0.208098202732715
base,21,beta_Q_17,0.124041184802996
base,21,h_Q_2,487.1632484
base,21,h_Q_3,368.962845492
base,21,h_Q_4,232.27185096676
base,21,h_Q_5,136.522498944507
base,21,h_Q_6,85.2013734396619
base,21,h_Q_7,58.9459288956597
base,21,h_Q_8,41.1692054690201
base,21,h_Q_9,27.0763499158527
base,21,h_Q_10,17.27843858451
base,21,h_Q_11,10.2852299987573
base,21,h_Q_12,6.20039682521891
base,21,h_Q_13,3.58740275906747
base,21,h_Q_14,2.18772567358236
base,21,h_Q_15,1.51167374817645
base,21,h_Q_16,1.26278283903532
base,21,h_Q_17,1.1416056824227
base,21,P_Q_1,0.3
base,21,P_Q_2,0.0779479507072097
base,21,P_Q_3,0.0843684854599265
base,21,P_Q_4,0.086304972581002
base,21,P_Q_5,0.0844090928830788
base,21,P_Q_6,0.0824385544339272
base,21,P_Q_7,0.081464236797116
base,21,P_Q_8,0.0617844325500232
base,21,P_Q_9,0.051761339522472
base,21,P_Q_10,0.0520161616154193
base,21,P_Q_11,0.0485687309258955
base,21,P_Q_12,0.0410272339104912
base,21,P_Q_13,0.0238991852654904
base,21,P_Q_14,0.0137862526727491
base,21,P_Q_15,0.00693893173209077
base,21,P_Q_16,0.0016386242986931
base,21,P_Q_17,0.000202575818326078
base,21,L_Q,0.915544414631239
base,21,beta_NQ_2,0.987508100006902
base,21,beta_NQ_3,0.983809800022365
base,21,beta_NQ_4,0.979681400004373
base,21,beta_NQ_5,0.970792700009611
base,21,beta_NQ_6,0.959805900050643
base,21,beta_NQ_7,0.950309499996999
base,21,beta_NQ_8,0.9389679003774
base,21,beta_NQ_9,0.920657802025191
base,21,beta_NQ_10,0.892753200037244
base,21,beta_NQ_11,0.845000008029515
base,21,beta_NQ_12,0.757092334522423
base,21,beta_NQ_13,0.613769218079616
base,21,beta_NQ_14,0.427249906787381
base,21,beta_NQ_15,0.245702599148123
base,21,beta_NQ_16,0.142008612502477
base,21,beta_NQ_17,0.0792838006000935
base,21,h_NQ_2,80.05187361
base,21,h_NQ_3,61.7657595348
base,21,h_NQ_4,49.215989287484
base,21,h_NQ_5,34.2380158386027
base,21,h_NQ_6,24.8792733337233
base,21,h_NQ_7,20.1245710931332
base,21,h_NQ_8,16.3848204403024
base,21,h_NQ_9,12.6036333702269
base,21,h_NQ_10,9.32428753436811
base,21,h_NQ_11,6.45161290630924
base,21,h_NQ_12,4.11679003560057
base,21,h_NQ_13,2.58912546863762
base,21,h_NQ_14,1.74596215561676
base,21,h_NQ_15,1.3257370328451
base,21,h_NQ_16,1.16551257727086
base,21,h_NQ_17,1.08611100851198
base,21,P_NQ_1,0.7
base,21,P_NQ_2,0.181878552127933
base,21,P_NQ_3,0.196859798064987
base,21,P_NQ_4,0.20137827105093
base,21,P_NQ_5,0.196954549494304
base,21,P_NQ_6,0.192356628764244
base,21,P_NQ_7,0.190083218787113
base,21,P_NQ_8,0.144163678115238
base,21,P_NQ_9,0.120776457217861
base,21,P_NQ_10,0.121371045766577
base,21,P_NQ_11,0.113327046257984
base,21,P_NQ_12,0.0957302286958505
base,21,P_NQ_13,0.0557647853016294
base,21,P_NQ_14,0.0321679055011255
base,21,P_NQ_15,0.016190825130127
base,21,P_NQ_16,0.00382347250288337
base,21,P_NQ_17,0.000472674197565924
base,21,L_NQ,1.70893495717584
base,21,pi_Q,0.3
base,21,pi_NQ,0.7
base,21,y,3.2446963460344
base,21,nbar,5.37339363734719
base,21,Ptot,3.66185589815026
base,21,Pret,0.626925679592898
base,21,H,272.311788865894
base,21,cCheck,-4.44089209850063e-16
base,21,shareq,0.3
base,21,A,1
base,21,A_Q,2
base,21,xpop,1
base,21,h_Q_1,100
base,21,mig_Q_2,-0.219763033
base,21,med_Q_2,389.1632484
base,21,mig_Q_3,0.001627892
base,21,med_Q_3,56.17359518
base,21,mig_Q_4,0.001226093
base,21,med_Q_4,-8.10686815
base,21,mig_Q_5,0.000676889
base,21,med_Q_5,-27.36806233
base,21,mig_Q_6,0.000356067
base,21,med_Q_6,-24.62962131
base,21,mig_Q_7,0.000472967
base,21,med_Q_7,-20.09142835
base,21,mig_Q_8,0.000690512
base,21,med_Q_8,-14.04268428
base,21,mig_Q_9,0.00071851
base,21,med_Q_9,-7.742467903
base,21,mig_Q_10,0.001097825
base,21,med_Q_10,-4.669164874
base,21,mig_Q_11,0.00176656
base,21,med_Q_11,-3.372107406
base,21,mig_Q_12,0.002751807
base,21,med_Q_12,-2.316580204
base,21,mig_Q_13,0.003180237
base,21,med_Q_13,-1.598896516
base,21,mig_Q_14,0.002955133
base,21,med_Q_14,-0.901858389
base,21,mig_Q_15,0.002220626
base,21,med_Q_15,-0.441090478
base,21,mig_Q_16,0.000711567
base,21,med_Q_16,-0.16006464
base,21,mig_Q_17,7.69802e-05
base,21,med_Q_17,-0.024018861
base,21,h_NQ_1,100
base,21,mig_NQ_2,-0.508568556
base,21,med_NQ_2,-17.94812639
base,21,mig_NQ_3,0.005270427
base,21,med_NQ_3,-45.01946052
base,21,mig_NQ_4,0.004698651
base,21,med_NQ_4,-34.75713931
base,21,mig_NQ_5,0.004108069
base,21,med_NQ_5,-30.31338486
base,21,mig_NQ_6,0.004092402
base,21,med_NQ_6,-20.1784051
base,21,mig_NQ_7,0.005121
base,21,med_NQ_7,-13.41697079
base,21,mig_NQ_8,0.005585265
base,21,med_NQ_8,-8.983472811
base,21,mig_NQ_9,0.005875728
base,21,med_NQ_9,-5.137455348
base,21,mig_NQ_10,0.007651638
base,21,med_NQ_10,-3.186036678
base,21,mig_NQ_11,0.009338123
base,21,med_NQ_11,-2.33571756
base,21,mig_NQ_12,0.012881832
base,21,med_NQ_12,-2.112036716
base,21,mig_NQ_13,0.012708418
base,21,med_NQ_13,-1.368345452
base,21,mig_NQ_14,0.010800185
base,21,med_NQ_14,-0.754805298
base,21,mig_NQ_15,0.007323273
base,21,med_NQ_15,-0.367358038
base,21,mig_NQ_16,0.002154237
base,21,med_NQ_16,-0.142357505
base,21,mig_NQ_17,0.00025248
base,21,med_NQ_17,-0.031190995
base,22,beta_Q_2,0.998280799999971
base,22,beta_Q_3,0.997731699999976
base,22,beta_Q_4,0.996375300000702
base,22,beta_Q_5,0.993893399999639
base,22,beta_Q_6,0.989472500323064
base,22,beta_Q_7,0.983741699997244
base,22,beta_Q_8,0.977087400001782
base,22,beta_Q_9,0.966488200428574
base,22,beta_Q_10,0.950223624515064
base,22,beta_Q_11,0.916742552309607
base,22,beta_Q_12,0.858567121265618
base,22,beta_Q_13,0.752188914642618
base,22,beta_Q_14,0.577905800097401
base,22,beta_Q_15,0.365396350457373
base,22,beta_Q_16,0.191576039975639
base,22,beta_Q_17,0.185962103794283
base,22,h_Q_2,581.6658911
base,22,h_Q_3,440.858792922
base,22,h_Q_4,275.88490087216
base,22,h_Q_5,163.757246247425
base,22,h_Q_6,94.989313735617
base,22,h_Q_7,61.5070456208687
base,22,h_Q_8,43.6441084777465
base,22,h_Q_9,29.8402354096397
base,22,h_Q_10,20.0898417965357
base,22,h_Q_11,12.0109299488199
base,22,h_Q_12,7.07049067078214
base,22,h_Q_13,4.03533175071454
base,22,h_Q_14,2.36913939588612
base,22,h_Q_15,1.57578161911071
base,22,h_Q_16,1.23697450221292
base,22,h_Q_17,1.22844403625461
base,22,P_Q_1,0.3043458798
base,22,P_Q_2,0.0753739649999943
base,22,P_Q_3,0.0801695203764368
base,22,P_Q_4,0.086004067819464
base,22,P_Q_5,0.0869474759180272
base,22,P_Q_6,0.0841801138008459
base,22,P_Q_7,0.0816496550894621
base,22,P_Q_8,0.0803410254869814
base,22,P_Q_9,0.0601671518185152
base,22,P_Q_10,0.0494825009415887
base,22,P_Q_11,0.0483919356734959
base,22,P_Q_12,0.0430212338977937
base,22,P_Q_13,0.0330275316528737
base,22,P_Q_14,0.0161896095194786
base,22,P_Q_15,0.00656592607893797
base,22,P_Q_16,0.00204585822233309
base,22,P_Q_17,0.000275074799456871
base,22,L_Q,0.94872135208228
base,22,beta_NQ_2,0.989546300000006
base,22,beta_NQ_3,0.986403899999229
base,22,beta_NQ_4,0.982873300000434
base,22,beta_NQ_5,0.975717099998542
base,22,beta_NQ_6,0.964047001348653
base,22,beta_NQ_7,0.952375900018
base,22,beta_NQ_8,0.942323100000106
base,22,beta_NQ_9,0.927806100634132
base,22,beta_NQ_10,0.907065229359897
base,22,beta_NQ_11,0.865680642477568
base,22,beta_NQ_12,0.783567210970732
base,22,beta_NQ_13,0.649617903700812
base,22,beta_NQ_14,0.461536900963361
base,22,beta_NQ_15,0.268777224537005
base,22,beta_NQ_16,0.131445915791123
base,22,beta_NQ_17,0.121206750107924
base,22,h_NQ_2,95.659909888
base,22,h_NQ_3,73.5505034488
base,22,h_NQ_4,58.388364368104
base,22,h_NQ_5,41.1812427647343
base,22,h_NQ_6,27.8140906188307
base,22,h_NQ_7,20.9977721440488
base,22,h_NQ_8,17.3379637232705
base,22,h_NQ_9,13.8515857924964
base,22,h_NQ_10,10.7602318998224
base,22,h_NQ_11,7.44494094268074
base,22,h_NQ_12,4.62037177618305
base,22,h_NQ_13,2.85402707088856
base,22,h_NQ_14,1.85713747426486
base,22,h_NQ_15,1.36757092650442
base,22,h_NQ_16,1.1513387551882
base,22,h_NQ_17,1.13791818872544
base,22,P_NQ_1,0.7101403862
base,22,P_NQ_2,0.175872585004831
base,22,P_NQ_3,0.187062214997339
base,22,P_NQ_4,0.200676156572885
base,22,P_NQ_5,0.202877445476799
base,22,P_NQ_6,0.196420263646449
base,22,P_NQ_7,0.190515864702057
base,22,P_NQ_8,0.187462392841514
base,22,P_NQ_9,0.140390023025442
base,22,P_NQ_10,0.115459166670406
base,22,P_NQ_11,0.112914517647308
base,22,P_NQ_12,0.100382875015988
base,22,P_NQ_13,0.077064247613235
base,22,P_NQ_14,0.0377757643221395
base,22,P_NQ_15,0.0153204229907777
base,22,P_NQ_16,0.00477366761199957
base,22,P_NQ_17,0.000641841431518546
base,22,L_NQ,1.76930007566412
base,22,pi_Q,0.3
base,22,pi_NQ,0.7
base,22,y,3.7232324296547
base,22,nbar,5.62511072432766
base,22,Ptot,3.79392836166637
base,22,Pret,0.663332174089331
base,22,H,302.232960706092
base,22,cCheck,0
base,22,shareq,0.3
base,22,A,1.111292532
base,22,A_Q,2
base,22,xpop,1.014486266
base,22,h_Q_1,100
base,22,mig_Q_2,-0.224010225
base,22,med_Q_2,483.6658911
base,22,mig_Q_3,0.002432832
base,22,med_Q_3,-36.56119051
base,22,mig_Q_4,0.001998814
base,22,med_Q_4,-85.69868771
base,22,mig_Q_5,0.00127467
base,22,med_Q_5,-63.8691677
base,22,mig_Q_6,0.000761722
base,22,med_Q_6,-38.80273523
base,22,mig_Q_7,0.000609646
base,22,med_Q_7,-21.99030035
base,22,mig_Q_8,0.000855555
base,22,med_Q_8,-14.12290184
base,22,mig_Q_9,0.000664579
base,22,med_Q_9,-10.50558595
base,22,mig_Q_10,0.00071688
base,22,med_Q_10,-6.444981121
base,22,mig_Q_11,0.001433139
base,22,med_Q_11,-4.921939864
base,22,mig_Q_12,0.002285662
base,22,med_Q_12,-3.009034728
base,22,mig_Q_13,0.003436769
base,22,med_Q_13,-2.041057138
base,22,mig_Q_14,0.003214639
base,22,med_Q_14,-1.146515308
base,22,mig_Q_15,0.001899507
base,22,med_Q_15,-0.568189541
base,22,mig_Q_16,0.000601879
base,22,med_Q_16,-0.244465771
base,22,mig_Q_17,7.18179e-05
base,22,med_Q_17,-0.009083146
base,22,h_NQ_1,100
base,22,mig_NQ_2,-0.515383085
base,22,med_NQ_2,-2.340090112
base,22,mig_NQ_3,0.008128313
base,22,med_NQ_3,-4.900332689
base,22,mig_NQ_4,0.007816274
base,22,med_NQ_4,-2.142079976
base,22,mig_NQ_5,0.00738089
base,22,med_NQ_5,-7.050426737
base,22,mig_NQ_6,0.007382125
base,22,med_NQ_6,-5.739164903
base,22,mig_NQ_7,0.007717533
base,22,med_NQ_7,-3.383915723
base,22,mig_NQ_8,0.008980352
base,22,med_NQ_8,-2.384115948
base,22,mig_NQ_9,0.007664608
base,22,med_NQ_9,-2.205538239
base,22,mig_NQ_10,0.007635598
base,22,med_NQ_10,-1.591328803
base,22,mig_NQ_11,0.010355983
base,22,med_NQ_11,-1.692860841
base,22,mig_NQ_12,0.014583837
base,22,med_NQ_12,-1.702208872
base,22,mig_NQ_13,0.01830798
base,22,med_NQ_13,-1.180427164
base,22,mig_NQ_14,0.013950265
base,22,med_NQ_14,-0.680205485
base,22,mig_NQ_15,0.007416685
base,22,med_NQ_15,-0.343471986
base,22,mig_NQ_16,0.002474431
base,22,med_NQ_16,-0.147883537
base,22,mig_NQ_17,0.000338702
base,22,med_NQ_17,-0.004284137
base,23,beta_Q_2,0.998437700016199
base,23,beta_Q_3,0.998043699999944
base,23,beta_Q_4,0.996854699999507
base,23,beta_Q_5,0.994779900001327
base,23,beta_Q_6,0.991028999998848
base,23,beta_Q_7,0.985176100121917
base,23,beta_Q_8,0.97780249999603
base,23,beta_Q_9,0.968116499992645
base,23,beta_Q_10,0.954185100205531
base,23,beta_Q_11,0.926734308891795
base,23,beta_Q_12,0.875713916351136
base,23,beta_Q_13,0.773751701546988
base,23,beta_Q_14,0.603063500074324
base,23,beta_Q_15,0.383542360896424
base,23,beta_Q_16,0.199860006922652
base,23,beta_Q_17,0.126764098806548
base,23,h_Q_2,640.0819305
base,23,h_Q_3,511.169043588
base,23,h_Q_4,317.93469616356
base,23,h_Q_5,191.567211404717
base,23,h_Q_6,111.470293152476
base,23,h_Q_7,67.4586310309047
base,23,h_Q_8,45.0501182484513
base,23,h_Q_9,31.3641852281916
base,23,h_Q_10,21.8269602544469
base,23,h_Q_11,13.648951715605
base,23,h_Q_12,8.04595204384345
base,23,h_Q_13,4.4199227133665
base,23,h_Q_14,2.51929464770024
base,23,h_Q_15,1.6221702609684
base,23,h_Q_16,1.2497812847285
base,23,h_Q_17,1.14516592616867
base,23,P_Q_1,0.3077841666
base,23,P_Q_2,0.075935203363439
base,23,P_Q_3,0.077418532235183
base,23,P_Q_4,0.0820643909159847
base,23,P_Q_5,0.0867295713788866
base,23,P_Q_6,0.0866535193933899
base,23,P_Q_7,0.0832293902564056
base,23,P_Q_8,0.0800970432024048
base,23,P_Q_9,0.0776902875434989
base,23,P_Q_10,0.0572552912777376
base,23,P_Q_11,0.0460322822078545
base,23,P_Q_12,0.0431010799036644
base,23,P_Q_13,0.0350225232321677
base,23,P_Q_14,0.0226562281050962
base,23,P_Q_15,0.00835774423374745
base,23,P_Q_16,0.00203479611697571
base,23,P_Q_17,0.000373700419089895
base,23,L_Q,0.969818634210103
base,23,beta_NQ_2,0.990472600076074
base,23,beta_NQ_3,0.988217199999898
base,23,beta_NQ_4,0.985088499999103
base,23,beta_NQ_5,0.979207900000741
base,23,beta_NQ_6,0.969464399997845
base,23,beta_NQ_7,0.956664600400181
base,23,beta_NQ_8,0.944183200024705
base,23,beta_NQ_9,0.931204399992527
base,23,beta_NQ_10,0.914147900140892
base,23,beta_NQ_11,0.88096120871536
base,23,beta_NQ_12,0.807341310491864
base,23,beta_NQ_13,0.675434200748707
base,23,beta_NQ_14,0.486570798834349
base,23,beta_NQ_15,0.283754838344068
base,23,beta_NQ_16,0.137884601826712
base,23,beta_NQ_17,0.0815321951115927
base,23,h_NQ_2,104.960429918
base,23,h_NQ_3,84.86947075324
base,23,h_NQ_4,67.062334435824
base,23,h_NQ_5,48.0951900017419
base,23,h_NQ_6,32.7486605774396
base,23,h_NQ_7,23.0758225384541
base,23,h_NQ_8,17.9157529711678
base,23,h_NQ_9,14.5358133348051
base,23,h_NQ_10,11.6479387166465
base,23,h_NQ_11,8.40062231382592
base,23,h_NQ_12,5.19052604782713
base,23,h_NQ_13,3.08103934765939
base,23,h_NQ_14,1.94768820647079
base,23,h_NQ_15,1.39616972277957
base,23,h_NQ_16,1.15993751997433
base,23,h_NQ_17,1.08876599908443
base,23,P_NQ_1,0.7181630554
base,23,P_NQ_2,0.177182140644785
base,23,P_NQ_3,0.180643240751711
base,23,P_NQ_4,0.191483580559826
base,23,P_NQ_5,0.202368999530148
base,23,P_NQ_6,0.202191544953183
base,23,P_NQ_7,0.19420190737206
base,23,P_NQ_8,0.186893102225243
base,23,P_NQ_9,0.181277337717829
base,23,P_NQ_10,0.133595682435414
base,23,P_NQ_11,0.107408654583162
base,23,P_NQ_12,0.100569185671007
base,23,P_NQ_13,0.0817192148353464
base,23,P_NQ_14,0.0528645340184855
base,23,P_NQ_15,0.0195013550892687
base,23,P_NQ_16,0.00474784203033016
base,23,P_NQ_17,0.000871989737345923
base,23,L_NQ,1.80803758777512
base,23,pi_Q,0.3
base,23,pi_NQ,0.7
base,23,y,3.98489491657363
base,23,nbar,5.8703816136699
base,23,Ptot,3.90811911794067
base,23,Pret,0.716112103896693
base,23,H,328.38673445958
base,23,cCheck,4.44089209850063e-16
base,23,shareq,0.3
base,23,A,1.154384374
base,23,A_Q,2
base,23,xpop,1.025947222
base,23,h_Q_1,100
base,23,mig_Q_2,-0.227887445
base,23,med_Q_2,542.0819305
base,23,mig_Q_3,0.002215538
base,23,med_Q_3,-58.86352969
base,23,mig_Q_4,0.002185461
base,23,med_Q_4,-114.1069209
base,23,mig_Q_5,0.001250696
base,23,med_Q_5,-78.79999145
base,23,mig_Q_6,0.000621383
base,23,med_Q_6,-49.01180817
base,23,mig_Q_7,0.000417902
base,23,med_Q_7,-25.63089643
base,23,mig_Q_8,0.000318194
base,23,med_Q_8,-15.22678646
base,23,mig_Q_9,4.16344e-05
base,23,med_Q_9,-11.40704108
base,23,mig_Q_10,8.30422e-05
base,23,med_Q_10,-7.416470447
base,23,mig_Q_11,0.000669568
base,23,med_Q_11,-6.039093245
base,23,mig_Q_12,0.001553355
base,23,med_Q_12,-3.724759306
base,23,mig_Q_13,0.002662428
base,23,med_Q_13,-2.509158144
base,23,mig_Q_14,0.003569426
base,23,med_Q_14,-1.435330468
base,23,mig_Q_15,0.00244212
base,23,med_Q_15,-0.699586347
base,23,mig_Q_16,0.000776922
base,23,med_Q_16,-0.294484702
base,23,mig_Q_17,-6.75168e-06
base,23,med_Q_17,-0.067069086
base,23,h_NQ_1,100
base,23,mig_NQ_2,-0.525534651
base,23,med_NQ_2,6.960429918
base,23,mig_NQ_3,0.007161837
base,23,med_NQ_3,-8.877240937
base,23,mig_NQ_4,0.007625124
base,23,med_NQ_4,-5.017158944
base,23,mig_NQ_5,0.006565842
base,23,med_NQ_5,-9.125407079
base,23,mig_NQ_6,0.006608152
base,23,med_NQ_6,-7.608957332
base,23,mig_NQ_7,0.007135982
base,23,med_NQ_7,-4.181986268
base,23,mig_NQ_8,0.007365602
base,23,med_NQ_8,-2.66206373
base,23,mig_NQ_9,0.007348586
base,23,med_NQ_9,-2.455391114
base,23,mig_NQ_10,0.006252774
base,23,med_NQ_10,-1.92661536
base,23,mig_NQ_11,0.007457889
base,23,med_NQ_11,-2.144404948
base,23,mig_NQ_12,0.012093072
base,23,med_NQ_12,-2.105516076
base,23,mig_NQ_13,0.016508702
base,23,med_NQ_13,-1.446924993
base,23,mig_NQ_14,0.01729654
base,23,med_NQ_14,-0.849258323
base,23,mig_NQ_15,0.00934809
base,23,med_NQ_15,-0.423825002
base,23,mig_NQ_16,0.002734035
base,23,med_NQ_16,-0.180281988
base,23,mig_NQ_17,0.000293389
base,23,med_NQ_17,-0.039545981
base,24,beta_Q_2,0.998567900006669
base,24,beta_Q_3,0.998121900000046
base,24,beta_Q_4,0.99717630000021
base,24,beta_Q_5,0.995330300172894
base,24,beta_Q_6,0.992001400384707
base,24,beta_Q_7,0.986972899997076
base,24,beta_Q_8,0.979117000019634
base,24,beta_Q_9,0.968275900014148
base,24,beta_Q_10,0.955263415083006
base,24,beta_Q_11,0.930171300143746
base,24,beta_Q_12,0.885025600511386
base,24,beta_Q_13,0.790376500426461
base,24,beta_Q_14,0.617163904442869
base,24,beta_Q_15,0.391218915190549
base,24,beta_Q_16,0.198171666851347
base,24,beta_Q_17,0.161492363992731
base,24,h_Q_2,698.2752601
base,24,h_Q_3,532.45301103
base,24,h_Q_4,354.14527041624
base,24,h_Q_5,214.146519000289
base,24,h_Q_6,125.021878876622
base,24,h_Q_7,76.7630554594268
base,24,h_Q_8,47.8858401902866
base,24,h_Q_9,31.5217768134823
base,24,h_Q_10,22.3530621376278
base,24,h_Q_11,14.320759258358
base,24,h_Q_12,8.69758835529285
base,24,h_Q_13,4.77045751296658
base,24,h_Q_14,2.61207909009917
base,24,h_Q_15,1.64262655274624
base,24,h_Q_16,1.24714419074903
base,24,h_Q_17,1.19259147503393
base,24,P_Q_1,0.3120516879
base,24,P_Q_2,0.0746465224015065
base,24,P_Q_3,0.0782214153250949
base,24,P_Q_4,0.0796326387257055
base,24,P_Q_5,0.082838589589073
base,24,P_Q_6,0.0864514913939466
base,24,P_Q_7,0.0856854032978187
base,24,P_Q_8,0.0817680948658586
base,24,P_Q_9,0.0778115231248719
base,24,P_Q_10,0.07441611680469
base,24,P_Q_11,0.0537302147926726
base,24,P_Q_12,0.041595451130821
base,24,P_Q_13,0.035971618913973
base,24,P_Q_14,0.0248794754418253
base,24,P_Q_15,0.0119913822164365
base,24,P_Q_16,0.00284669982041452
base,24,P_Q_17,0.000390309096023489
base,24,L_Q,0.969895022041203
base,24,beta_NQ_2,0.991275700044955
base,24,beta_NQ_3,0.988687700000473
base,24,beta_NQ_4,0.986582100316149
base,24,beta_NQ_5,0.9813840006486
base,24,beta_NQ_6,0.972817001453876
base,24,beta_NQ_7,0.962049706233961
base,24,beta_NQ_8,0.947720700025409
base,24,beta_NQ_9,0.931685400202676
base,24,beta_NQ_10,0.916191929635411
base,24,beta_NQ_11,0.886391599929464
base,24,beta_NQ_12,0.82058520000954
base,24,beta_NQ_13,0.695844900463616
base,24,beta_NQ_14,0.500897139322672
base,24,beta_NQ_15,0.290317903067518
base,24,beta_NQ_16,0.136720974510348
base,24,beta_NQ_17,0.103768538782001
base,24,h_NQ_2,114.62237658
base,24,h_NQ_3,88.39935291964
base,24,h_NQ_4,74.5273105321752
base,24,h_NQ_5,53.7172324871075
base,24,h_NQ_6,36.7876981917071
base,24,h_NQ_7,26.3502528278908
base,24,h_NQ_8,19.128029641685
base,24,h_NQ_9,14.6381593467445
base,24,h_NQ_10,11.932020888109
base,24,h_NQ_11,8.80216603131353
base,24,h_NQ_12,5.5736761915494
base,24,h_NQ_13,3.28779626287059
base,24,h_NQ_14,2.0035936477062
base,24,h_NQ_15,1.40908161134137
base,24,h_NQ_16,1.15837191532398
base,24,h_NQ_17,1.11578276857485
base,24,P_NQ_1,0.7281206051
base,24,P_NQ_2,0.174175218760615
base,24,P_NQ_3,0.182516634917978
base,24,P_NQ_4,0.18580948806708
base,24,P_NQ_5,0.193290045804609
base,24,P_NQ_6,0.201720145707659
base,24,P_NQ_7,0.199932606556932
base,24,P_NQ_8,0.190792220353453
base,24,P_NQ_9,0.181560223120399
base,24,P_NQ_10,0.173637605617885
base,24,P_NQ_11,0.125370502877456
base,24,P_NQ_12,0.097056049949338
base,24,P_NQ_13,0.0839337765436449
base,24,P_NQ_14,0.0580521036425503
base,24,P_NQ_15,0.0279798753045498
base,24,P_NQ_16,0.00664228858156514
base,24,P_NQ_17,0.000910733982775899
base,24,L_NQ,1.81014940946708
base,24,pi_Q,0.3
base,24,pi_NQ,0.7
base,24,y,4.27997064626958
base,24,nbar,5.97229921082561
base,24,Ptot,4.01642875972922
base,24,Pret,0.819404204716621
base,24,H,346.811386855874
base,24,cCheck,4.44089209850063e-16
base,24,shareq,0.3
base,24,A,1.225015828
base,24,A_Q,2
base,24,xpop,1.040172293
base,24,h_Q_1,100
base,24,mig_Q_2,-0.232656793
base,24,med_Q_2,600.2752601
base,24,mig_Q_3,0.002434764
base,24,med_Q_3,-94.82728086
base,24,mig_Q_4,0.002457611
base,24,med_Q_4,-146.8003923
base,24,mig_Q_5,0.001202583
base,24,med_Q_5,-97.42948324
base,24,mig_Q_6,0.000499971
base,24,med_Q_6,-62.7139883
base,24,mig_Q_7,0.000316427
base,24,med_Q_7,-32.47783183
base,24,mig_Q_8,0.000386189
base,24,med_Q_8,-18.22361822
base,24,mig_Q_9,0.000268254
base,24,med_Q_9,-12.62733907
base,24,mig_Q_10,0.000285202
base,24,med_Q_10,-8.383839386
base,24,mig_Q_11,0.000669772
base,24,med_Q_11,-7.069661791
base,24,mig_Q_12,0.001284341
base,24,med_Q_12,-4.678384326
base,24,mig_Q_13,0.002622085
base,24,med_Q_13,-3.11457549
base,24,mig_Q_14,0.00375867
base,24,med_Q_14,-1.719445169
base,24,mig_Q_15,0.003301759
base,24,med_Q_15,-0.826282202
base,24,mig_Q_16,0.001176321
base,24,med_Q_16,-0.342582665
base,24,mig_Q_17,0.00013237
base,24,med_Q_17,-0.032194184
base,24,h_NQ_1,100
base,24,mig_NQ_2,-0.53714561
base,24,med_NQ_2,16.62237658
base,24,mig_NQ_3,0.007422196
base,24,med_NQ_3,-14.4618684
base,24,mig_NQ_4,0.007859909
base,24,med_NQ_4,-8.644770806
base,24,mig_NQ_5,0.005787811
base,24,med_NQ_5,-12.00385526
base,24,mig_NQ_6,0.005530605
base,24,med_NQ_6,-10.34558801
base,24,mig_NQ_7,0.006503113
base,24,med_NQ_7,-5.743434538
base,24,mig_NQ_8,0.007430042
base,24,med_NQ_8,-3.486276446
base,24,mig_NQ_9,0.007524544
base,24,med_NQ_9,-2.919278565
base,24,mig_NQ_10,0.007923308
base,24,med_NQ_10,-2.31307618
base,24,mig_NQ_11,0.007677889
base,24,med_NQ_11,-2.612813911
base,24,mig_NQ_12,0.010340606
base,24,med_NQ_12,-2.658933676
base,24,mig_NQ_13,0.016005909
base,24,med_NQ_13,-1.798919264
base,24,mig_NQ_14,0.01828992
base,24,med_NQ_14,-1.015824913
base,24,mig_NQ_15,0.012979308
base,24,med_NQ_15,-0.499652831
base,24,mig_NQ_16,0.003953352
base,24,med_NQ_16,-0.209874413
base,24,mig_NQ_17,0.000523632
base,24,med_NQ_17,-0.020956001
base,25,beta_Q_2,0.998632799999955
base,25,beta_Q_3,0.998197499999996
base,25,beta_Q_4,0.997334600000127
base,25,beta_Q_5,0.995742200032309
base,25,beta_Q_6,0.992592800009731
base,25,beta_Q_7,0.987996600040646
base,25,beta_Q_8,0.980881900094676
base,25,beta_Q_9,0.969825600035104
base,25,beta_Q_10,0.955121599992046
base,25,beta_Q_11,0.930302299960104
base,25,beta_Q_12,0.88686100819419
base,25,beta_Q_13,0.801346400895735
base,25,beta_Q_14,0.630152162749872
base,25,beta_Q_15,0.401319548696717
base,25,beta_Q_16,0.209842137382246
base,25,beta_Q_17,0.141344056412864
base,25,h_Q_2,731.4218841
base,25,h_Q_3,554.785020798
base,25,h_Q_4,375.1782096094
base,25,h_Q_5,234.863074807915
base,25,h_Q_6,135.003780060283
base,25,h_Q_7,83.30972895909
base,25,h_Q_8,52.3064530302383
base,25,h_Q_9,33.1406755764809
base,25,h_Q_10,22.2824343052127
base,25,h_Q_11,14.3476757398752
base,25,h_Q_12,8.83868518519084
base,25,h_Q_13,5.033888157187
base,25,h_Q_14,2.70381053670725
base,25,h_Q_15,1.67034002329719
base,25,h_Q_16,1.26556983069131
base,25,h_Q_17,1.16461046393405
base,25,P_Q_1,0.306880497
base,25,P_Q_2,0.0703933366798395
base,25,P_Q_3,0.0768607277677877
base,25,P_Q_4,0.0803230335146578
base,25,P_Q_5,0.0802344772064161
base,25,P_Q_6,0.0823301268782545
base,25,P_Q_7,0.0851402141701557
base,25,P_Q_8,0.0839215743224328
base,25,P_Q_9,0.0793560346486815
base,25,P_Q_10,0.0744058763130754
base,25,P_Q_11,0.0696131771198673
base,25,P_Q_12,0.0486338866124909
base,25,P_Q_13,0.0350861410984382
base,25,P_Q_14,0.0261296827780785
base,25,P_Q_15,0.0135357483928608
base,25,P_Q_16,0.00411624920168282
base,25,P_Q_17,0.000597353283576423
base,25,L_Q,0.956953962056609
base,25,beta_NQ_2,0.991690600000529
base,25,beta_NQ_3,0.989144200000644
base,25,beta_NQ_4,0.987363000003173
base,25,beta_NQ_5,0.983010700120059
base,25,beta_NQ_6,0.974850500042407
base,25,beta_NQ_7,0.965107800119121
base,25,beta_NQ_8,0.952190900273821
base,25,beta_NQ_9,0.935068400007744
base,25,beta_NQ_10,0.916035200054267
base,25,beta_NQ_11,0.886647899968915
base,25,beta_NQ_12,0.823275109295727
base,25,beta_NQ_13,0.709672299606467
base,25,beta_NQ_14,0.514614910536279
base,25,beta_NQ_15,0.299465121496327
base,25,beta_NQ_16,0.146564112237895
base,25,beta_NQ_17,0.0942485130586051
base,25,h_NQ_2,120.34563266
base,25,h_NQ_3,92.1166565384
base,25,h_NQ_4,79.1327055502472
base,25,h_NQ_5,58.8605769515317
base,25,h_NQ_6,39.7622219073654
base,25,h_NQ_7,28.6597004468729
base,25,h_NQ_8,20.916520074333
base,25,h_NQ_9,15.4008217888513
base,25,h_NQ_10,11.9097526658096
base,25,h_NQ_11,8.82206857834684
base,25,h_NQ_12,5.65851217868726
base,25,h_NQ_13,3.44438370371842
base,25,h_NQ_14,2.06021854361317
base,25,h_NQ_15,1.42748063175208
base,25,h_NQ_16,1.17173415911455
base,25,h_NQ_17,1.1040555850175
base,25,P_NQ_1,0.716054493
base,25,P_NQ_2,0.164251119537659
base,25,P_NQ_3,0.179341696433512
base,25,P_NQ_4,0.187420410020014
base,25,P_NQ_5,0.187213776757739
base,25,P_NQ_6,0.192103631770522
base,25,P_NQ_7,0.198660499919526
base,25,P_NQ_8,0.19581700584404
base,25,P_NQ_9,0.185164078175564
base,25,P_NQ_10,0.173613715165714
base,25,P_NQ_11,0.162430745051558
base,25,P_NQ_12,0.113479071178993
base,25,P_NQ_13,0.0818676604163889
base,25,P_NQ_14,0.0609692275632601
base,25,P_NQ_15,0.0315834099981634
base,25,P_NQ_16,0.00960452181831608
base,25,P_NQ_17,0.00139380758027739
base,25,L_NQ,1.78590090440416
base,25,pi_Q,0.3
base,25,pi_NQ,0.7
base,25,y,4.61593315796385
base,25,nbar,5.95714173163588
base,25,Ptot,4.05852700721954
base,25,Pret,0.907060273572742
base,25,H,353.046277654685
base,25,cCheck,-1.33226762955019e-15
base,25,shareq,0.3
base,25,A,1.323527466
base,25,A_Q,2
base,25,xpop,1.02293499
base,25,h_Q_1,100
base,25,mig_Q_2,-0.241211462
base,25,med_Q_2,633.4218841
base,25,mig_Q_3,0.002354399
base,25,med_Q_3,-129.5247341
base,25,mig_Q_4,0.002322492
base,25,med_Q_4,-146.6257412
base,25,mig_Q_5,0.000973699
base,25,med_Q_5,-112.1992902
base,25,mig_Q_6,0.00015413
base,25,med_Q_6,-74.85980856
base,25,mig_Q_7,-0.000185065
base,25,med_Q_7,-39.21171234
base,25,mig_Q_8,2.55393e-05
base,25,med_Q_8,-22.92134132
base,25,mig_Q_9,0.000181959
base,25,med_Q_9,-13.78744781
base,25,mig_Q_10,7.5375e-05
base,25,med_Q_10,-8.608906972
base,25,mig_Q_11,0.000393441
base,25,med_Q_11,-7.558325155
base,25,mig_Q_12,0.001081271
base,25,med_Q_12,-5.195658888
base,25,mig_Q_13,0.002210074
base,25,med_Q_13,-3.489748431
base,25,mig_Q_14,0.003929298
base,25,med_Q_14,-1.971237826
base,25,mig_Q_15,0.003802427
base,25,med_Q_15,-0.889497485
base,25,mig_Q_16,0.001739897
base,25,med_Q_16,-0.344204191
base,25,mig_Q_17,0.000137633
base,25,med_Q_17,-0.057590843
base,25,h_NQ_1,100
base,25,mig_NQ_2,-0.557517143
base,25,med_NQ_2,22.34563266
base,25,mig_NQ_3,0.0071368
base,25,med_NQ_3,-20.21327251
base,25,mig_NQ_4,0.007352765
base,25,med_NQ_4,-7.498660311
base,25,mig_NQ_5,0.004863318
base,25,med_NQ_5,-14.17618737
base,25,mig_NQ_6,0.004067789
base,25,med_NQ_6,-12.88066593
base,25,mig_NQ_7,0.004595693
base,25,med_NQ_7,-7.392243781
base,25,mig_NQ_8,0.006336736
base,25,med_NQ_8,-4.906727697
base,25,mig_NQ_9,0.007405752
base,25,med_NQ_9,-3.34464726
base,25,mig_NQ_10,0.007269704
base,25,med_NQ_10,-2.435643494
base,25,mig_NQ_11,0.00851983
base,25,med_NQ_11,-2.871311892
base,25,mig_NQ_12,0.010601892
base,25,med_NQ_12,-2.967610532
base,25,mig_NQ_13,0.014331703
base,25,med_NQ_13,-2.017818964
base,25,mig_NQ_14,0.018927039
base,25,med_NQ_14,-1.161821794
base,25,mig_NQ_15,0.014729845
base,25,med_NQ_15,-0.536041143
base,25,mig_NQ_16,0.005779086
base,25,med_NQ_16,-0.20916582
base,25,mig_NQ_17,0.000704547
base,25,med_NQ_17,-0.031148892
base,26,beta_Q_2,0.998746800005888
base,26,beta_Q_3,0.998359100014445
base,26,beta_Q_4,0.997555300010877
base,26,beta_Q_5,0.996150600061289
base,26,beta_Q_6,0.993290900091443
base,26,beta_Q_7,0.989111500126182
base,26,beta_Q_8,0.982749500339779
base,26,beta_Q_9,0.972941300825321
base,26,beta_Q_10,0.958661900182128
base,26,beta_Q_11,0.933837099979108
base,26,beta_Q_12,0.893199999924377
base,26,beta_Q_13,0.817945501768439
base,26,beta_Q_14,0.655981402941068
base,26,beta_Q_15,0.425457089935023
base,26,beta_Q_16,0.229895454642405
base,26,beta_Q_17,0.13414440357822
base,26,h_Q_2,797.9572295
base,26,h_Q_3,609.421658818
base,26,h_Q_4,409.04814498204
base,26,h_Q_5,259.780745017212
base,26,h_Q_6,149.051288531757
base,26,h_Q_7,91.8400146490773
base,26,h_Q_8,57.9693342699082
base,26,h_Q_9,36.9566904396335
base,26,h_Q_10,24.1907586829512
base,26,h_Q_11,15.1142105261084
base,26,h_Q_12,9.36329587207771
base,26,h_Q_13,5.49286068148702
base,26,h_Q_14,2.90681959504325
base,26,h_Q_15,1.74050861697311
base,26,h_Q_16,1.29852439683124
base,26,h_Q_17,1.15492698707749
base,26,P_Q_1,0.2996055927
base,26,P_Q_2,0.0720767969844878
base,26,P_Q_3,0.0725911786904739
base,26,P_Q_4,0.0789499371840052
base,26,P_Q_5,0.0809808051051543
base,26,P_Q_6,0.0798368423876335
base,26,P_Q_7,0.0812278714366304
base,26,P_Q_8,0.08359848114969
base,26,P_Q_9,0.0817341181731439
base,26,P_Q_10,0.0761853687826729
base,26,P_Q_11,0.069820434864601
base,26,P_Q_12,0.0632045634441262
base,26,P_Q_13,0.0415488109984908
base,26,P_Q_14,0.026156368695728
base,26,P_Q_15,0.0147364645000868
base,26,P_Q_16,0.00488484737382621
base,26,P_Q_17,0.000902009359372062
base,26,L_Q,0.943122720576561
base,26,beta_NQ_2,0.992391500039615
base,26,beta_NQ_3,0.990140600107284
base,26,beta_NQ_4,0.98845960007728
base,26,beta_NQ_5,0.984706600350459
base,26,beta_NQ_6,0.977306500425687
base,26,beta_NQ_7,0.968419300456607
base,26,beta_NQ_8,0.956882800844418
base,26,beta_NQ_9,0.941672201565522
base,26,beta_NQ_10,0.922522700192275
base,26,beta_NQ_11,0.89228950009065
base,26,beta_NQ_12,0.832520399951811
base,26,beta_NQ_13,0.730823999974737
base,26,beta_NQ_14,0.541515399137528
base,26,beta_NQ_15,0.319759640465486
base,26,beta_NQ_16,0.161053376295915
base,26,beta_NQ_17,0.0911675967833154
base,26,h_NQ_2,131.43195111
base,26,h_NQ_3,101.4260502668
base,26,h_NQ_4,86.652109116632
base,26,h_NQ_5,65.3876835792422
base,26,h_NQ_6,44.0654813025011
base,26,h_NQ_7,31.6649092592181
base,26,h_NQ_8,23.1926006309355
base,26,h_NQ_9,17.1444834168463
base,26,h_NQ_10,12.9070063110742
base,26,h_NQ_11,9.28414593549341
base,26,h_NQ_12,5.9708764507799
base,26,h_NQ_13,3.71504145411351
base,26,h_NQ_14,2.18109833564405
base,26,h_NQ_15,1.47006744574091
base,26,h_NQ_16,1.19197083911704
base,26,h_NQ_17,1.10031288093226
base,26,P_NQ_1,0.6990797163
base,26,P_NQ_2,0.168179191796244
base,26,P_NQ_3,0.169379417234288
base,26,P_NQ_4,0.184216517416251
base,26,P_NQ_5,0.188955213470563
base,26,P_NQ_6,0.18628596288711
base,26,P_NQ_7,0.189531702452943
base,26,P_NQ_8,0.19506312326722
base,26,P_NQ_9,0.190712941348894
base,26,P_NQ_10,0.177765859394416
base,26,P_NQ_11,0.162914353957482
base,26,P_NQ_12,0.147477312385308
base,26,P_NQ_13,0.0969472264008023
base,26,P_NQ_14,0.0610315057409944
base,26,P_NQ_15,0.0343850651397689
base,26,P_NQ_16,0.0113979774478263
base,26,P_NQ_17,0.00210467590001522
base,26,L_NQ,1.75892245737666
base,26,pi_Q,0.3
base,26,pi_NQ,0.7
base,26,y,4.7714739708535
base,26,nbar,5.89008202112342
base,26,Ptot,4.09346825437025
base,26,Pret,0.991462844385517
base,26,H,371.785150662977
base,26,cCheck,-4.44089209850063e-16
base,26,shareq,0.3
base,26,A,1.379010647
base,26,A_Q,2
base,26,xpop,0.998685309
base,26,h_Q_1,100
base,26,mig_Q_2,-0.234384133
base,26,med_Q_2,699.9572295
base,26,mig_Q_3,0.002324726
base,26,med_Q_3,-107.3717876
base,26,mig_Q_4,0.002294074
base,26,med_Q_4,-134.6411754
base,26,mig_Q_5,0.000999771
base,26,med_Q_5,-107.8939004
base,26,mig_Q_6,0.000196678
base,26,med_Q_6,-81.11452478
base,26,mig_Q_7,-0.000114014
base,26,med_Q_7,-40.46368981
base,26,mig_Q_8,8.59861e-05
base,26,med_Q_8,-23.67420011
base,26,mig_Q_9,0.000344827
base,26,med_Q_9,-14.30363353
base,26,mig_Q_10,0.000390706
base,26,med_Q_10,-8.287103382
base,26,mig_Q_11,0.000600477
base,26,med_Q_11,-6.722575093
base,26,mig_Q_12,0.001467351
base,26,med_Q_12,-4.697426353
base,26,mig_Q_13,0.002576221
base,26,med_Q_13,-3.1690508
base,26,mig_Q_14,0.004046761
base,26,med_Q_14,-2.026390799
base,26,mig_Q_15,0.004250112
base,26,med_Q_15,-0.909225709
base,26,mig_Q_16,0.002044477
base,26,med_Q_16,-0.338408826
base,26,mig_Q_17,0.000320202
base,26,med_Q_17,-0.085331447
base,26,h_NQ_1,100
base,26,mig_NQ_2,-0.541925318
base,26,med_NQ_2,33.43195111
base,26,mig_NQ_3,0.006911375
base,26,med_NQ_3,-16.51266974
base,26,mig_NQ_4,0.007141162
base,26,med_NQ_4,-3.622214291
base,26,mig_NQ_5,0.004718945
base,26,med_NQ_5,-12.16236786
base,26,mig_NQ_6,0.003780519
base,26,med_NQ_6,-13.61788411
base,26,mig_NQ_7,0.004130989
base,26,med_NQ_7,-7.30206821
base,26,mig_NQ_8,0.005900403
base,26,med_NQ_8,-4.893905807
base,26,mig_NQ_9,0.007610647
base,26,med_NQ_9,-3.353706256
base,26,mig_NQ_10,0.008149046
base,26,med_NQ_10,-2.185799042
base,26,mig_NQ_11,0.008980118
base,26,med_NQ_11,-2.387411677
base,26,mig_NQ_12,0.013752123
base,26,med_NQ_12,-2.674750756
base,26,mig_NQ_13,0.016414273
base,26,med_NQ_13,-1.830300481
base,26,mig_NQ_14,0.018901187
base,26,med_NQ_14,-1.194397694
base,26,mig_NQ_15,0.016126908
base,26,med_NQ_15,-0.548946727
base,26,mig_NQ_16,0.006768983
base,26,med_NQ_16,-0.20696018
base,26,mig_NQ_17,0.001199464
base,26,med_NQ_17,-0.047986595
base,27,beta_Q_2,0.998855500007564
base,27,beta_Q_3,0.998500000009189
base,27,beta_Q_4,0.997760700011092
base,27,beta_Q_5,0.996471500016403
base,27,beta_Q_6,0.993847900026437
base,27,beta_Q_7,0.99001940004476
base,27,beta_Q_8,0.984195300066976
base,27,beta_Q_9,0.975226300158592
base,27,beta_Q_10,0.962119300161714
base,27,beta_Q_11,0.93756790014858
base,27,beta_Q_12,0.895856444026453
base,27,beta_Q_13,0.822341166340975
base,27,beta_Q_14,0.667730822348659
base,27,beta_Q_15,0.438449067544388
base,27,beta_Q_16,0.242116452619548
base,27,beta_Q_17,0.1445777199943
base,27,h_Q_2,873.743993
base,27,h_Q_3,666.66666671
base,27,h_Q_4,446.56812394164
base,27,h_Q_5,283.406546682399
base,27,h_Q_6,162.546122426868
base,27,h_Q_7,100.194377071122
base,27,h_Q_8,63.2723176860957
base,27,h_Q_9,40.36538753451
base,27,h_Q_10,26.3986673808408
base,27,h_Q_11,16.0174013402922
base,27,h_Q_12,9.60212628958624
base,27,h_Q_13,5.62876387663616
base,27,h_Q_14,3.00960336985728
base,27,h_Q_15,1.78078185914239
base,27,h_Q_16,1.31946383563364
base,27,h_Q_17,1.16901324789462
base,27,P_Q_1,0.289519968
base,27,P_Q_2,0.0745005049729924
base,27,P_Q_3,0.0742668261693571
base,27,P_Q_4,0.0746922350367189
base,27,P_Q_5,0.0796663673006478
base,27,P_Q_6,0.0806514297930284
base,27,P_Q_7,0.0788774303393698
base,27,P_Q_8,0.0799005174680123
base,27,P_Q_9,0.0816407079968005
base,27,P_Q_10,0.0787471050375768
base,27,P_Q_11,0.0718390878448502
base,27,P_Q_12,0.0635935884157816
base,27,P_Q_13,0.054137092360361
base,27,P_Q_14,0.0316116043293233
base,27,P_Q_15,0.015128792508552
base,27,P_Q_16,0.00544961920606913
base,27,P_Q_17,0.00114787593753255
base,27,L_Q,0.927712150635566
base,27,beta_NQ_2,0.993066100055541
base,27,beta_NQ_3,0.991006400066706
base,27,beta_NQ_4,0.989459300068996
base,27,beta_NQ_5,0.986023900088483
base,27,beta_NQ_6,0.979247300123177
base,27,beta_NQ_7,0.971109400161155
base,27,beta_NQ_8,0.960532100202879
base,27,beta_NQ_9,0.946569300260194
base,27,beta_NQ_10,0.928888700277789
base,27,beta_NQ_11,0.898215800026637
base,27,beta_NQ_12,0.836512758328164
base,27,beta_NQ_13,0.736642562623966
base,27,beta_NQ_14,0.554065978743354
base,27,beta_NQ_15,0.33112415392031
base,27,beta_NQ_16,0.170241314755186
base,27,beta_NQ_17,0.0985201055612787
base,27,h_NQ_2,144.2189821
base,27,h_NQ_3,111.1901796878
base,27,h_NQ_4,94.870359653464
base,27,h_NQ_5,71.5507187342994
base,27,h_NQ_6,48.1865010376574
base,27,h_NQ_7,34.613334438451
base,27,h_NQ_8,25.3370460500337
base,27,h_NQ_9,18.7158319073168
base,27,h_NQ_10,14.0624626435094
base,27,h_NQ_11,9.82470756885276
base,27,h_NQ_12,6.11668307678354
base,27,h_NQ_13,3.7971198827643
base,27,h_NQ_14,2.24248280003124
base,27,h_NQ_15,1.49504563893117
base,27,h_NQ_16,1.20516965082609
base,27,h_NQ_17,1.1092870753347
base,27,P_NQ_1,0.675546592
base,27,P_NQ_2,0.173834512306226
base,27,P_NQ_3,0.173289260890691
base,27,P_NQ_4,0.174281880020727
base,27,P_NQ_5,0.185888185593357
base,27,P_NQ_6,0.188186669414104
base,27,P_NQ_7,0.18404733286402
base,27,P_NQ_8,0.186434543291983
base,27,P_NQ_9,0.19049498673129
base,27,P_NQ_10,0.183743246614793
base,27,P_NQ_11,0.167624536812229
base,27,P_NQ_12,0.148385044114574
base,27,P_NQ_13,0.126319879342955
base,27,P_NQ_14,0.0737604109997068
base,27,P_NQ_15,0.0353004283328076
base,27,P_NQ_16,0.0127157638349148
base,27,P_NQ_17,0.00267837821210875
base,27,L_NQ,1.72772446569329
base,27,pi_Q,0.3
base,27,pi_NQ,0.7
base,27,y,5.11569982432256
base,27,nbar,5.84999214379323
base,27,Ptot,4.11790240409346
base,27,Pret,1.07218245390413
base,27,H,394.309425564707
base,27,cCheck,4.44089209850063e-16
base,27,shareq,0.3
base,27,A,1.485581065
base,27,A_Q,2
base,27,xpop,0.96506656
base,27,h_Q_1,100
base,27,mig_Q_2,-0.224729622
base,27,med_Q_2,775.743993
base,27,mig_Q_3,0.0023083
base,27,med_Q_3,-115.3314182
base,27,mig_Q_4,0.00227852
base,27,med_Q_4,-150.6651017
base,27,mig_Q_5,0.00102034
base,27,med_Q_5,-117.4606354
base,27,mig_Q_6,0.000213933
base,27,med_Q_6,-92.03900769
base,27,mig_Q_7,-9.01086e-05
base,27,med_Q_7,-45.87588569
base,27,mig_Q_8,7.38674e-05
base,27,med_Q_8,-26.73089667
base,27,mig_Q_9,0.000304293
base,27,med_Q_9,-16.44456005
base,27,mig_Q_10,0.00039172
base,27,med_Q_10,-9.81888925
base,27,mig_Q_11,0.000694364
base,27,med_Q_11,-7.689542169
base,27,mig_Q_12,0.001229976
base,27,med_Q_12,-5.209800026
base,27,mig_Q_13,0.002439204
base,27,med_Q_13,-3.547266078
base,27,mig_Q_14,0.004356357
base,27,med_Q_14,-2.373400098
base,27,mig_Q_15,0.00400038
base,27,med_Q_15,-1.067901344
base,27,mig_Q_16,0.002061773
base,27,med_Q_16,-0.386234609
base,27,mig_Q_17,0.000492601
base,27,med_Q_17,-0.103540661
base,27,h_NQ_1,100
base,27,mig_NQ_2,-0.519926256
base,27,med_NQ_2,46.2189821
base,27,mig_NQ_3,0.006768215
base,27,med_NQ_3,-17.6131324
base,27,mig_NQ_4,0.006857169
base,27,med_NQ_4,-4.527169608
base,27,mig_NQ_5,0.004488965
base,27,med_NQ_5,-13.3683482
base,27,mig_NQ_6,0.003519511
base,27,med_NQ_6,-15.89342887
base,27,mig_NQ_7,0.003644411
base,27,med_NQ_7,-8.570837238
base,27,mig_NQ_8,0.005074917
base,27,med_NQ_8,-5.694565024
base,27,mig_NQ_9,0.006809466
base,27,med_NQ_9,-4.012916711
base,27,mig_NQ_10,0.007806229
base,27,med_NQ_10,-2.739131105
base,27,mig_NQ_11,0.009005927
base,27,med_NQ_11,-2.824158616
base,27,mig_NQ_12,0.012755521
base,27,med_NQ_12,-2.98177994
base,27,mig_NQ_13,0.01853992
base,27,med_NQ_13,-2.054339039
base,27,mig_NQ_14,0.021261995
base,27,med_NQ_14,-1.398257825
base,27,mig_NQ_15,0.015785016
base,27,med_NQ_15,-0.64243073
base,27,mig_NQ_16,0.007177933
base,27,med_NQ_16,-0.235496446
base,27,mig_NQ_17,0.001639252
base,27,med_NQ_17,-0.058844347
base,28,beta_Q_2,0.998954400006745
base,28,beta_Q_3,0.998628400008118
base,28,beta_Q_4,0.997948100010028
base,28,beta_Q_5,0.996764500014024
base,28,beta_Q_6,0.994356500022895
base,28,beta_Q_7,0.990848200038915
base,28,beta_Q_8,0.985514700064329
base,28,beta_Q_9,0.977311000091688
base,28,beta_Q_10,0.96529880023085
base,28,beta_Q_11,0.942701900190087
base,28,beta_Q_12,0.901680100356031
base,28,beta_Q_13,0.826531958927594
base,28,beta_Q_14,0.674672166675233
base,28,beta_Q_15,0.449242389033339
base,28,beta_Q_16,0.254418166790466
base,28,beta_Q_17,0.155303123380905
base,28,h_Q_2,956.3886764
base,28,h_Q_3,729.07553224
base,28,h_Q_4,487.3531848758
base,28,h_Q_5,309.071240862807
base,28,h_Q_6,177.195003048751
base,28,h_Q_7,109.26812208833
base,28,h_Q_8,69.0355049396993
base,28,h_Q_9,44.0742209423738
base,28,h_Q_10,28.8174472838198
base,28,h_Q_11,17.452585673224
base,28,h_Q_12,10.1708810064864
base,28,h_Q_13,5.76474867179452
base,28,h_Q_14,3.07382182010343
base,28,h_Q_15,1.81568049646014
base,28,h_Q_16,1.34123429695954
base,28,h_Q_17,1.18385660192097
base,28,P_Q_1,0.281860557
base,28,P_Q_2,0.077317134398814
base,28,P_Q_3,0.0766877592162175
base,28,P_Q_4,0.0763752394663398
base,28,P_Q_5,0.075452958486617
base,28,P_Q_6,0.0793964318444837
base,28,P_Q_7,0.0797579128364461
base,28,P_Q_8,0.077723687321368
base,28,P_Q_9,0.0782046680310866
base,28,P_Q_10,0.0789124908425885
base,28,P_Q_11,0.0746124309128606
base,28,P_Q_12,0.0658339387787914
base,28,P_Q_13,0.0546869566696418
base,28,P_Q_14,0.0412453562013491
base,28,P_Q_15,0.0187525644417739
base,28,P_Q_16,0.0057310365745878
base,28,P_Q_17,0.00134795551965062
base,28,L_Q,0.917825562267674
base,28,beta_NQ_2,0.993680000050041
base,28,beta_NQ_3,0.991794400059189
base,28,beta_NQ_4,0.990370500062277
base,28,beta_NQ_5,0.987225200077893
base,28,beta_NQ_6,0.981019700111639
base,28,beta_NQ_7,0.973568900151684
base,28,beta_NQ_8,0.963873900189963
base,28,beta_NQ_9,0.951062700236185
base,28,beta_NQ_10,0.934786300283455
base,28,beta_NQ_11,0.906378300288754
base,28,beta_NQ_12,0.845147400050261
base,28,beta_NQ_13,0.742250658217589
base,28,beta_NQ_14,0.561476335445756
base,28,beta_NQ_15,0.340462424467105
base,28,beta_NQ_16,0.179566010817859
base,28,beta_NQ_17,0.106128807109109
base,28,h_NQ_2,158.2278481
base,28,h_NQ_3,121.867992588
base,28,h_NQ_4,103.847551798044
base,28,h_NQ_5,78.2791120003947
base,28,h_NQ_6,52.6862062296134
base,28,h_NQ_7,37.8342180279043
base,28,h_NQ_8,27.680818020682
base,28,h_NQ_9,20.434310838033
base,28,h_NQ_10,15.3342012471704
base,28,h_NQ_11,10.6812843576392
base,28,h_NQ_12,6.4577540204757
base,28,h_NQ_13,3.87973745724787
base,28,h_NQ_14,2.28037845910902
base,28,h_NQ_15,1.51621377903062
base,28,h_NQ_16,1.21886708315254
base,28,h_NQ_17,1.11872941280957
base,28,P_NQ_1,0.657674633
base,28,P_NQ_2,0.180406645523252
base,28,P_NQ_3,0.178938103247944
base,28,P_NQ_4,0.178208890790377
base,28,P_NQ_5,0.17605690105279
base,28,P_NQ_6,0.185258337867091
base,28,P_NQ_7,0.186101797653057
base,28,P_NQ_8,0.181355268172616
base,28,P_NQ_9,0.182477562188221
base,28,P_NQ_10,0.184129147634263
base,28,P_NQ_11,0.174095672257598
base,28,P_NQ_12,0.153612524652278
base,28,P_NQ_13,0.12760290115163
base,28,P_NQ_14,0.0962391315828965
base,28,P_NQ_15,0.0437559746850923
base,28,P_NQ_16,0.0133723923307984
base,28,P_NQ_17,0.00314522539530809
base,28,L_NQ,1.70695191858398
base,28,pi_Q,0.3
base,28,pi_NQ,0.7
base,28,y,5.52883301930304
base,28,nbar,5.85216498646481
base,28,Ptot,4.14633018772783
base,28,Pret,1.13707569963111
base,28,H,424.138885583085
base,28,cCheck,-1.33226762955019e-15
base,28,shareq,0.3
base,28,A,1.605136168
base,28,A_Q,2
base,28,xpop,0.93953519
base,28,h_Q_1,100
base,28,mig_Q_2,-0.211871478
base,28,med_Q_2,858.3886764
base,28,mig_Q_3,0.002299005
base,28,med_Q_3,-127.1935809
base,28,mig_Q_4,0.002274719
base,28,med_Q_4,-165.9801485
base,28,mig_Q_5,0.001024275
base,28,med_Q_5,-128.5655206
base,28,mig_Q_6,0.00022018
base,28,med_Q_6,-100.5434127
base,28,mig_Q_7,-8.85673e-05
base,28,med_Q_7,-50.02707789
base,28,mig_Q_8,9.28911e-05
base,28,med_Q_8,-29.15498459
base,28,mig_Q_9,0.000283582
base,28,med_Q_9,-17.93265039
base,28,mig_Q_10,0.00036439
base,28,med_Q_10,-10.7406325
base,28,mig_Q_11,0.000781673
base,28,med_Q_11,-8.41810836
base,28,mig_Q_12,0.001476429
base,28,med_Q_12,-5.526172307
base,28,mig_Q_13,0.002391331
base,28,med_Q_13,-3.645335092
base,28,mig_Q_14,0.005096351
base,28,med_Q_14,-2.442366779
base,28,mig_Q_15,0.004892486
base,28,med_Q_15,-1.133730806
base,28,mig_Q_16,0.002068107
base,28,med_Q_16,-0.403931925
base,28,mig_Q_17,0.000560062
base,28,med_Q_17,-0.109217957
base,28,h_NQ_1,100
base,28,mig_NQ_2,-0.490455774
base,28,med_NQ_2,60.2278481
base,28,mig_NQ_3,0.006666989
base,28,med_NQ_3,-19.46660987
base,28,mig_NQ_4,0.00674622
base,28,med_NQ_4,-5.118824296
base,28,mig_NQ_5,0.004210802
base,28,med_NQ_5,-14.69384046
base,28,mig_NQ_6,0.003227834
base,28,med_NQ_6,-17.43349813
base,28,mig_NQ_7,0.003351954
base,28,med_NQ_7,-9.388552989
base,28,mig_NQ_8,0.004571897
base,28,med_NQ_8,-6.240249729
base,28,mig_NQ_9,0.006004347
base,28,med_NQ_9,-4.395994291
base,28,mig_NQ_10,0.007180507
base,28,med_NQ_10,-3.007314022
base,28,mig_NQ_11,0.009054585
base,28,med_NQ_11,-3.099929033
base,28,mig_NQ_12,0.013392461
base,28,med_NQ_12,-3.170459397
base,28,mig_NQ_13,0.018296162
base,28,med_NQ_13,-2.114611958
base,28,mig_NQ_14,0.026249584
base,28,med_NQ_14,-1.440799026
base,28,mig_NQ_15,0.019332121
base,28,med_NQ_15,-0.681419365
base,28,mig_NQ_16,0.007362801
base,28,med_NQ_16,-0.246277643
base,28,mig_NQ_17,0.001892467
base,28,med_NQ_17,-0.062336845
base,29,beta_Q_2,0.999044400005905
base,29,beta_Q_3,0.998745300007217
base,29,beta_Q_4,0.99811910000893
base,29,beta_Q_5,0.997032000013439
base,29,beta_Q_6,0.9948210000196
base,29,beta_Q_7,0.991605100033018
base,29,beta_Q_8,0.986719100056478
base,29,beta_Q_9,0.979213400095598
base,29,beta_Q_10,0.968202200108787
base,29,beta_Q_11,0.947434800357186
base,29,beta_Q_12,0.909868200300914
base,29,beta_Q_13,0.835661400953156
base,29,beta_Q_14,0.681522067623461
base,29,beta_Q_15,0.457188922774912
base,29,beta_Q_16,0.265002645124233
base,29,beta_Q_17,0.166266739332475
base,29,h_Q_2,1046.4629552
base,29,h_Q_3,797.003267772
base,29,h_Q_4,531.6603753952
base,29,h_Q_5,336.927223778284
base,29,h_Q_6,193.087468545551
base,29,h_Q_7,119.119941817776
base,29,h_Q_8,75.2961018965637
base,29,h_Q_9,48.1079156609053
base,29,h_Q_10,31.4487165335264
base,29,h_Q_11,19.0239931071434
base,29,h_Q_12,11.0948632857595
base,29,h_Q_13,6.08499771635664
base,29,h_Q_14,3.13993430735863
base,29,h_Q_15,1.84226150870136
base,29,h_Q_16,1.36054905553093
base,29,h_Q_17,1.19942434502035
base,29,P_Q_1,0.2809735983
base,29,P_Q_2,0.0756185956035018
base,29,P_Q_3,0.0795123332179003
base,29,P_Q_4,0.0788072046038508
base,29,P_Q_5,0.0771549603801176
base,29,P_Q_6,0.0752484837171253
base,29,P_Q_7,0.0785825158826191
base,29,P_Q_8,0.078693732846767
base,29,P_Q_9,0.0762567875868598
base,29,P_Q_10,0.0758147102228599
base,29,P_Q_11,0.0751033000660411
base,29,P_Q_12,0.0688508241933155
base,29,P_Q_13,0.0571809353827538
base,29,P_Q_14,0.0419295415451818
base,29,P_Q_15,0.0244423203564251
base,29,P_Q_16,0.00731904806789621
base,29,P_Q_17,0.00149605388024369
base,29,L_Q,0.915768947439328
base,29,beta_NQ_2,0.994238100044601
base,29,beta_NQ_3,0.992511800052943
base,29,beta_NQ_4,0.991200900055157
base,29,beta_NQ_5,0.988321000070661
base,29,beta_NQ_6,0.982638100097602
base,29,beta_NQ_7,0.975817300135451
base,29,beta_NQ_8,0.966932700181637
base,29,beta_NQ_9,0.955183000222458
base,29,beta_NQ_10,0.940206400257566
base,29,beta_NQ_11,0.913966000301985
base,29,beta_NQ_12,0.857334000343112
base,29,beta_NQ_13,0.754398600126073
base,29,beta_NQ_14,0.568885938882203
base,29,beta_NQ_15,0.347110006176202
base,29,beta_NQ_16,0.187461704283178
base,29,beta_NQ_17,0.113957001962139
base,29,h_NQ_2,173.55386244
base,29,h_NQ_3,133.543441678
base,29,h_NQ_4,113.64798672324
base,29,h_NQ_5,85.6237691620831
base,29,h_NQ_6,57.5973827703868
base,29,h_NQ_7,41.3518755150211
base,29,h_NQ_8,30.2413562683462
base,29,h_NQ_9,22.3129615962684
base,29,h_NQ_10,16.7241979032724
base,29,h_NQ_11,11.623311712227
base,29,h_NQ_12,7.00937854548645
base,29,h_NQ_13,4.07163803006619
base,29,h_NQ_14,2.31957155410291
base,29,h_NQ_15,1.53165157792683
base,29,h_NQ_16,1.23071121245001
base,29,h_NQ_17,1.12861339248949
base,29,P_NQ_1,0.6556050627
base,29,P_NQ_2,0.17644339135235
base,29,P_NQ_3,0.185528778763424
base,29,P_NQ_4,0.183883475793862
base,29,P_NQ_5,0.180028240866189
base,29,P_NQ_6,0.175579793273393
base,29,P_NQ_7,0.183359202241193
base,29,P_NQ_8,0.183618711536215
base,29,P_NQ_9,0.177932500050306
base,29,P_NQ_10,0.176900993242671
base,29,P_NQ_11,0.17524103486636
base,29,P_NQ_12,0.160651922768511
base,29,P_NQ_13,0.133422181533619
base,29,P_NQ_14,0.0978355923308642
base,29,P_NQ_15,0.0570320570673217
base,29,P_NQ_16,0.0170777728236493
base,29,P_NQ_17,0.00349078704626264
base,29,L_NQ,1.7028819761871
base,29,pi_Q,0.3
base,29,pi_NQ,0.7
base,29,y,6.00756374094108
base,29,nbar,5.92441985427371
base,29,Ptot,4.17661644410965
base,29,Pret,1.17378907539398
base,29,H,456.469489947597
base,29,cCheck,4.44089209850063e-16
base,29,shareq,0.3
base,29,A,1.729204302
base,29,A_Q,2
base,29,xpop,0.936578661
base,29,h_Q_1,100
base,29,mig_Q_2,-0.205947248
base,29,med_Q_2,948.4629552
base,29,mig_Q_3,0.002301247
base,29,med_Q_3,-140.2576351
base,29,mig_Q_4,0.002276801
base,29,med_Q_4,-182.8336462
base,29,mig_Q_5,0.001026833
base,29,med_Q_5,-140.6788974
base,29,mig_Q_6,0.000221344
base,29,med_Q_6,-109.8023475
base,29,mig_Q_7,-8.72957e-05
base,29,med_Q_7,-54.53116117
base,29,mig_Q_8,9.11373e-05
base,29,med_Q_8,-31.78665775
base,29,mig_Q_9,0.000296573
base,29,med_Q_9,-19.54687918
base,29,mig_Q_10,0.000323838
base,29,med_Q_10,-11.74401999
base,29,mig_Q_11,0.000712345
base,29,med_Q_11,-9.217105231
base,29,mig_Q_12,0.00157428
base,29,med_Q_12,-6.008670674
base,29,mig_Q_13,0.002767081
base,29,med_Q_13,-3.88246567
base,29,mig_Q_14,0.005033774
base,29,med_Q_14,-2.509519391
base,29,mig_Q_15,0.005913158
base,29,med_Q_15,-1.170083875
base,29,mig_Q_16,0.002548055
base,29,med_Q_16,-0.418817831
base,29,mig_Q_17,0.000606006
base,29,med_Q_17,-0.114985266
base,29,h_NQ_1,100
base,29,mig_NQ_2,-0.477074738
base,29,med_NQ_2,75.55386244
base,29,mig_NQ_3,0.006602478
base,29,med_NQ_3,-21.51984946
base,29,mig_NQ_4,0.006668457
base,29,med_NQ_4,-5.782646013
base,29,mig_NQ_5,0.004095933
base,29,med_NQ_5,-16.1468316
base,29,mig_NQ_6,0.002864505
base,29,med_NQ_6,-19.11614699
base,29,mig_NQ_7,0.002997446
base,29,med_NQ_7,-10.28060659
base,29,mig_NQ_8,0.004240046
base,29,med_NQ_8,-6.836177399
base,29,mig_NQ_9,0.005452269
base,29,med_NQ_9,-4.814240064
base,29,mig_NQ_10,0.006323468
base,29,med_NQ_10,-3.301426718
base,29,mig_NQ_11,0.008350371
base,29,med_NQ_11,-3.40420551
base,29,mig_NQ_12,0.013515418
base,29,med_NQ_12,-3.458280125
base,29,mig_NQ_13,0.019403184
base,29,med_NQ_13,-2.25696091
base,29,mig_NQ_14,0.026189583
base,29,med_NQ_14,-1.482571154
base,29,mig_NQ_15,0.024266249
base,29,med_NQ_15,-0.703119312
base,29,mig_NQ_16,0.009220687
base,29,med_NQ_16,-0.255178291
base,29,mig_NQ_17,0.002071591
base,29,med_NQ_17,-0.065876349
base,30,beta_Q_2,0.999126400005502
base,30,beta_Q_3,0.998851900006309
base,30,beta_Q_4,0.998275200007838
base,30,beta_Q_5,0.997276400011391
base,30,beta_Q_6,0.995245400020986
base,30,beta_Q_7,0.99229630002757
base,30,beta_Q_8,0.987818900046274
base,30,beta_Q_9,0.980949800081634
base,30,beta_Q_10,0.970853600122191
base,30,beta_Q_11,0.951765100113205
base,30,beta_Q_12,0.917429600723758
base,30,beta_Q_13,0.848286200025582
base,30,beta_Q_14,0.692823465951414
base,30,beta_Q_15,0.465064923564201
base,30,beta_Q_16,0.272945306709456
base,30,beta_Q_17,0.175687730710235
base,30,h_Q_2,1144.688645
base,30,h_Q_3,871.004267896
base,30,h_Q_4,579.77736551656
base,30,h_Q_5,367.161110287296
base,30,h_Q_6,210.322635002718
base,30,h_Q_7,129.80775463464
base,30,h_Q_8,82.0943920814207
base,30,h_Q_9,52.4928871886324
base,30,h_Q_10,34.3095545076872
base,30,h_Q_11,20.7318766728558
base,30,h_Q_12,12.1108775520006
base,30,h_Q_13,6.59135818804434
base,30,h_Q_14,3.25545104302951
base,30,h_Q_15,1.86938564521145
base,30,h_Q_16,1.37541232452734
base,30,h_Q_17,1.21313247442032
base,30,P_Q_1,0.2833521261
base,30,P_Q_2,0.0697199469311237
base,30,P_Q_3,0.0778295359521438
base,30,P_Q_4,0.0816417604710608
base,30,P_Q_5,0.0796015638216456
base,30,P_Q_6,0.0769779348418212
base,30,P_Q_7,0.0745318017236529
base,30,P_Q_8,0.0776285378518718
base,30,P_Q_9,0.0773485247070974
base,30,P_Q_10,0.0741589205148262
base,30,P_Q_11,0.0724341848441332
base,30,P_Q_12,0.0697571904677483
base,30,P_Q_13,0.0604866552021655
base,30,P_Q_14,0.0445467643106978
base,30,P_Q_15,0.0251025009314876
base,30,P_Q_16,0.00950757754742656
base,30,P_Q_17,0.00194407625726675
base,30,L_Q,0.912571912085523
base,30,beta_NQ_2,0.994745900040001
base,30,beta_NQ_3,0.993165000047692
base,30,beta_NQ_4,0.991957700049225
base,30,beta_NQ_5,0.989320400062073
base,30,beta_NQ_6,0.984115800090073
base,30,beta_NQ_7,0.977871800117743
base,30,beta_NQ_8,0.96973140016252
base,30,beta_NQ_9,0.958958900217457
base,30,beta_NQ_10,0.945184000244609
base,30,beta_NQ_11,0.920960100271997
base,30,beta_NQ_12,0.868733300402307
base,30,beta_NQ_13,0.771350100066914
base,30,beta_NQ_14,0.581376032066868
base,30,beta_NQ_15,0.353774709963348
base,30,beta_NQ_16,0.193102700841009
base,30,beta_NQ_17,0.120538499654745
base,30,h_NQ_2,190.32755372
base,30,h_NQ_3,146.3057790812
base,30,h_NQ_4,124.34253882244
base,30,h_NQ_5,93.6364657787752
base,30,h_NQ_6,62.9556414588415
base,30,h_NQ_7,45.1912039749791
base,30,h_NQ_8,33.0375372507207
base,30,h_NQ_9,24.3658186589793
base,30,h_NQ_10,18.242848800343
base,30,h_NQ_11,12.6518378652069
base,30,h_NQ_12,7.61807830798248
base,30,h_NQ_13,4.37349852057672
base,30,h_NQ_14,2.38877676446486
base,30,h_NQ_15,1.54744793202086
base,30,h_NQ_16,1.2393150883683
base,30,h_NQ_17,1.13705943520101
base,30,P_NQ_1,0.6611549609
base,30,P_NQ_2,0.16267987691847
base,30,P_NQ_3,0.181602249958567
base,30,P_NQ_4,0.19049743949644
base,30,P_NQ_5,0.185736980693059
base,30,P_NQ_6,0.179615179568666
base,30,P_NQ_7,0.173907534830383
base,30,P_NQ_8,0.181133252526228
base,30,P_NQ_9,0.180479892782144
base,30,P_NQ_10,0.173037479361127
base,30,P_NQ_11,0.169013103243453
base,30,P_NQ_12,0.162766777446243
base,30,P_NQ_13,0.141135526644127
base,30,P_NQ_14,0.103942444009465
base,30,P_NQ_15,0.0585724980582187
base,30,P_NQ_16,0.0221843366166156
base,30,P_NQ_17,0.00453617479117356
base,30,L_NQ,1.69863873016934
base,30,pi_Q,0.3
base,30,pi_NQ,0.7
base,30,y,6.47380149346744
base,30,nbar,5.99406509609712
base,30,Ptot,4.18856531032055
base,30,Pret,1.19312621024617
base,30,H,483.066192569273
base,30,cCheck,0
base,30,shareq,0.3
base,30,A,1.848222955
base,30,A_Q,2
base,30,xpop,0.944507087
base,30,h_Q_1,100
base,30,mig_Q_2,-0.210985153
base,30,med_Q_2,1046.688645
base,30,mig_Q_3,0.002305819
base,30,med_Q_3,-154.5294282
base,30,mig_Q_4,0.002278982
base,30,med_Q_4,-201.2858369
base,30,mig_Q_5,0.001028259
base,30,med_Q_5,-153.8660576
base,30,mig_Q_6,0.00022256
base,30,med_Q_6,-119.8660443
base,30,mig_Q_7,-8.49785e-05
base,30,med_Q_7,-59.41796454
base,30,mig_Q_8,8.96685e-05
base,30,med_Q_8,-34.6431509
base,30,mig_Q_9,0.000290567
base,30,med_Q_9,-21.29729267
base,30,mig_Q_10,0.000326931
base,30,med_Q_10,-12.83620284
base,30,mig_Q_11,0.00060469
base,30,med_Q_11,-10.08786553
base,30,mig_Q_12,0.001423086
base,30,med_Q_12,-6.532635693
base,30,mig_Q_13,0.002950679
base,30,med_Q_13,-4.281607832
base,30,mig_Q_14,0.005576695
base,30,med_Q_14,-2.707846719
base,30,mig_Q_15,0.005932779
base,30,med_Q_15,-1.207749976
base,30,mig_Q_16,0.003030298
base,30,med_Q_16,-0.430003954
base,30,mig_Q_17,0.000727162
base,30,med_Q_17,-0.1202056
base,30,h_NQ_1,100
base,30,mig_NQ_2,-0.489147655
base,30,med_NQ_2,92.32755372
base,30,mig_NQ_3,0.006480102
base,30,med_NQ_3,-23.77700611
base,30,mig_NQ_4,0.006601147
base,30,med_NQ_4,-6.530034022
base,30,mig_NQ_5,0.00400108
base,30,med_NQ_5,-17.73856121
base,30,mig_NQ_6,0.002712571
base,30,med_NQ_6,-20.95565232
base,30,mig_NQ_7,0.002573735
base,30,med_NQ_7,-11.25423114
base,30,mig_NQ_8,0.003837244
base,30,med_NQ_8,-7.487300754
base,30,mig_NQ_9,0.005090421
base,30,med_NQ_9,-5.270710484
base,30,mig_NQ_10,0.005744204
base,30,med_NQ_10,-3.623853564
base,30,mig_NQ_11,0.00733161
base,30,med_NQ_11,-3.73787608
base,30,mig_NQ_12,0.01252668
base,30,med_NQ_12,-3.77276717
base,30,mig_NQ_13,0.019939941
base,30,med_NQ_13,-2.495692454
base,30,mig_NQ_14,0.028040441
base,30,med_NQ_14,-1.601428505
base,30,mig_NQ_15,0.024612785
base,30,med_NQ_15,-0.725732191
base,30,mig_NQ_16,0.01149301
base,30,med_NQ_16,-0.261703458
base,30,mig_NQ_17,0.002590043
base,30,med_NQ_17,-0.069037553
base,31,beta_Q_2,0.999201100004965
base,31,beta_Q_3,0.99894900000589
base,31,beta_Q_4,0.9984177000069
base,31,beta_Q_5,0.997499600010505
base,31,beta_Q_6,0.995633400017744
base,31,beta_Q_7,0.992928000032689
base,31,beta_Q_8,0.988823400037651
base,31,beta_Q_9,0.9825352000666
base,31,beta_Q_10,0.973275500101007
base,31,beta_Q_11,0.955727200158588
base,31,beta_Q_12,0.924354500154249
base,31,beta_Q_13,0.860054901228694
base,31,beta_Q_14,0.706900998811492
base,31,beta_Q_15,0.475543192940749
base,31,beta_Q_16,0.280885408102888
base,31,beta_Q_17,0.182826800014415
base,31,h_Q_2,1251.721117
base,31,h_Q_3,951.4747862
base,31,h_Q_4,631.99140493808
base,31,h_Q_5,399.936010306229
base,31,h_Q_6,229.01112998155
base,31,h_Q_7,141.402715012664
base,31,h_Q_8,89.4726481319471
base,31,h_Q_9,57.2580275297922
base,31,h_Q_10,37.4188478448598
base,31,h_Q_11,22.5872318775334
base,31,h_Q_12,13.2195569743987
base,31,h_Q_13,7.14565930696054
base,31,h_Q_14,3.41181647128346
base,31,h_Q_15,1.90673441016892
base,31,h_Q_16,1.39059893430723
base,31,h_Q_17,1.22373077603679
base,31,P_Q_1,0.2832225447
base,31,P_Q_2,0.0661848316841979
base,31,P_Q_3,0.071951826460492
base,31,P_Q_4,0.0799783415691436
base,31,P_Q_5,0.0824493079731718
base,31,P_Q_6,0.0794453302279697
base,31,P_Q_7,0.0763018258273025
base,31,P_Q_8,0.0737128536971259
base,31,P_Q_9,0.0764340116864232
base,31,P_Q_10,0.0754065566760257
base,31,P_Q_11,0.0711528644080807
base,31,P_Q_12,0.067651708280304
base,31,P_Q_13,0.0619447060263469
base,31,P_Q_14,0.0479448471009724
base,31,P_Q_15,0.0272311485391872
base,31,P_Q_16,0.00990621281591927
base,31,P_Q_17,0.00253638572385895
base,31,L_Q,0.902768233955872
base,31,beta_NQ_2,0.995207700035668
base,31,beta_NQ_3,0.993759700042608
base,31,beta_NQ_4,0.992647600044338
base,31,beta_NQ_5,0.990231900055803
base,31,beta_NQ_6,0.985464900078365
base,31,beta_NQ_7,0.979749100110498
base,31,beta_NQ_8,0.97229120013987
base,31,beta_NQ_9,0.962417200193784
base,31,beta_NQ_10,0.949751900245191
base,31,beta_NQ_11,0.927400800261182
base,31,beta_NQ_12,0.879296200358413
base,31,beta_NQ_13,0.787429700165937
base,31,beta_NQ_14,0.59719125653519
base,31,beta_NQ_15,0.363096030026061
base,31,beta_NQ_16,0.198786506105067
base,31,beta_NQ_17,0.125249499392663
base,31,h_NQ_2,208.6680717
base,31,h_NQ_3,160.2487059956
base,31,h_NQ_4,136.010010339576
base,31,h_NQ_5,102.374054315991
base,31,h_NQ_6,68.7989762631997
base,31,h_NQ_7,49.3805213596646
base,31,h_NQ_8,36.0896177294795
base,31,h_NQ_9,26.6079163877063
base,31,h_NQ_10,19.9012500017997
base,31,h_NQ_11,13.7742564623362
base,31,h_NQ_12,8.28474330990278
base,31,h_NQ_13,4.70432604982283
base,31,h_NQ_14,2.48256186216518
base,31,h_NQ_15,1.57009533817557
base,31,h_NQ_16,1.24810678438044
base,31,h_NQ_17,1.14318311160093
base,31,P_NQ_1,0.6608526043
base,31,P_NQ_2,0.154431274646382
base,31,P_NQ_3,0.16788759696749
base,31,P_NQ_4,0.186616131192665
base,31,P_NQ_5,0.192381719053419
base,31,P_NQ_6,0.185372432361064
base,31,P_NQ_7,0.178037591973283
base,31,P_NQ_8,0.171996657249879
base,31,P_NQ_9,0.178346025635362
base,31,P_NQ_10,0.175948635023545
base,31,P_NQ_11,0.166023348343237
base,31,P_NQ_12,0.15785398799192
base,31,P_NQ_13,0.144537649070729
base,31,P_NQ_14,0.11187127646403
base,31,P_NQ_15,0.06353933998233
base,31,P_NQ_16,0.0231144955700468
base,31,P_NQ_17,0.00591822965160267
base,31,L_NQ,1.68193837691446
base,31,pi_Q,0.3
base,31,pi_NQ,0.7
base,31,y,6.91047667392249
base,31,nbar,5.99992719455681
base,31,Ptot,4.17818429887351
base,31,Pret,1.21258139166814
base,31,H,505.890719307676
base,31,cCheck,4.44089209850063e-16
base,31,shareq,0.3
base,31,A,1.971541027
base,31,A_Q,2
base,31,xpop,0.944075149
base,31,h_Q_1,100
base,31,mig_Q_2,-0.216919758
base,31,med_Q_2,1153.721117
base,31,mig_Q_3,0.002311925
base,31,med_Q_3,-170.3200859
base,31,mig_Q_4,0.002283046
base,31,med_Q_4,-221.5927776
base,31,mig_Q_5,0.001029907
base,31,med_Q_5,-168.2458079
base,31,mig_Q_6,0.00022224
base,31,med_Q_6,-130.8067581
base,31,mig_Q_7,-8.30941e-05
base,31,med_Q_7,-64.71346729
base,31,mig_Q_8,8.89313e-05
base,31,med_Q_8,-37.73895141
base,31,mig_Q_9,0.000284313
base,31,med_Q_9,-23.19447671
base,31,mig_Q_10,0.000312463
base,31,med_Q_10,-14.0241816
base,31,mig_Q_11,0.000570992
base,31,med_Q_11,-11.03613154
base,31,mig_Q_12,0.001198443
base,31,med_Q_12,-7.097682165
base,31,mig_Q_13,0.002770644
base,31,med_Q_13,-4.723000694
base,31,mig_Q_14,0.006038273
base,31,med_Q_14,-3.047714553
base,31,mig_Q_15,0.006514011
base,31,med_Q_15,-1.283607612
base,31,mig_Q_16,0.003054603
base,31,med_Q_16,-0.441398998
base,31,mig_Q_17,0.000866021
base,31,med_Q_17,-0.124173302
base,31,h_NQ_1,100
base,31,mig_NQ_2,-0.503249912
base,31,med_NQ_2,110.6680717
base,31,mig_NQ_3,0.006319637
base,31,med_NQ_3,-26.27229665
base,31,mig_NQ_4,0.006474381
base,31,med_NQ_4,-7.36965316
base,31,mig_NQ_5,0.003918716
base,31,med_NQ_5,-19.48163373
base,31,mig_NQ_6,0.002585735
base,31,med_NQ_6,-22.9647602
base,31,mig_NQ_7,0.002396973
base,31,med_NQ_7,-12.31600727
base,31,mig_NQ_8,0.00335306
base,31,med_NQ_8,-8.197762166
base,31,mig_NQ_9,0.004646681
base,31,med_NQ_9,-5.768870118
base,31,mig_NQ_10,0.005361928
base,31,med_NQ_10,-3.977252284
base,31,mig_NQ_11,0.006662734
base,31,med_NQ_11,-4.103735362
base,31,mig_NQ_12,0.011026677
base,31,med_NQ_12,-4.114057798
base,31,mig_NQ_13,0.018987479
base,31,med_NQ_13,-2.761390692
base,31,mig_NQ_14,0.029818464
base,31,med_NQ_14,-1.803466688
base,31,mig_NQ_15,0.026767132
base,31,med_NQ_15,-0.770905891
base,31,mig_NQ_16,0.011803988
base,31,med_NQ_16,-0.268392189
base,31,mig_NQ_17,0.003244163
base,31,med_NQ_17,-0.071345675
base,32,beta_Q_2,0.999269100004051
base,32,beta_Q_3,0.999037600005409
base,32,beta_Q_4,0.998547900006572
base,32,beta_Q_5,0.99770360000889
base,32,beta_Q_6,0.995988100016699
base,32,beta_Q_7,0.993505400026843
base,32,beta_Q_8,0.989741200050571
base,32,beta_Q_9,0.983982900051167
base,32,beta_Q_10,0.975488100082098
base,32,beta_Q_11,0.959352600108905
base,32,beta_Q_12,0.930694600282621
base,32,beta_Q_13,0.87094089970365
base,32,beta_Q_14,0.720448003460304
base,32,beta_Q_15,0.487967973946839
base,32,beta_Q_16,0.291303050042397
base,32,beta_Q_17,0.190079902031803
base,32,h_Q_2,1368.176221
base,32,h_Q_3,1039.06899466
base,32,h_Q_4,688.657806176
base,32,h_Q_5,435.464204839318
base,32,h_Q_6,249.258456200104
base,32,h_Q_7,153.974070801919
base,32,h_Q_8,97.4772878724105
base,32,h_Q_9,62.4332743593082
base,32,h_Q_10,40.7965110391964
base,32,h_Q_11,24.6018195179626
base,32,h_Q_12,14.4288900889828
base,32,h_Q_13,7.74838810391073
base,32,h_Q_14,3.57715205882133
base,32,h_Q_15,1.95300216085779
base,32,h_Q_16,1.41104029496554
base,32,h_Q_17,1.23468968862108
base,32,P_Q_1,0.2793091446
base,32,P_Q_2,0.0668246582104452
base,32,P_Q_3,0.0684317514264877
base,32,P_Q_4,0.07412651408598
base,32,P_Q_5,0.0808111477247242
base,32,P_Q_6,0.0823117918264391
base,32,P_Q_7,0.0787999932551945
base,32,P_Q_8,0.0755384868436339
base,32,P_Q_9,0.0727043294547856
base,32,P_Q_10,0.0746869129488298
base,32,P_Q_11,0.072595159285578
base,32,P_Q_12,0.0668715004144745
base,32,P_Q_13,0.0606186892829693
base,32,P_Q_14,0.0499259085611089
base,32,P_Q_15,0.0299110906754525
base,32,P_Q_16,0.01102520827054
base,32,P_Q_17,0.0027762241893963
base,32,L_Q,0.892261796649194
base,32,beta_NQ_2,0.995627800032365
base,32,beta_NQ_3,0.994301400037895
base,32,beta_NQ_4,0.993276500039549
base,32,beta_NQ_5,0.991063400050626
base,32,beta_NQ_6,0.98669650007128
base,32,beta_NQ_7,0.981464100096166
base,32,beta_NQ_8,0.974632000133309
base,32,beta_NQ_9,0.965583600165624
base,32,beta_NQ_10,0.953941300216055
base,32,beta_NQ_11,0.933326700278642
base,32,beta_NQ_12,0.889069100360612
base,32,beta_NQ_13,0.802548500099496
base,32,beta_NQ_14,0.612639979588461
base,32,beta_NQ_15,0.374459167163718
base,32,beta_NQ_16,0.206698508885527
base,32,beta_NQ_17,0.13006720557363
base,32,h_NQ_2,228.717808
base,32,h_NQ_3,175.481697256
base,32,h_NQ_4,148.732059198688
base,32,h_NQ_5,111.899380082784
base,32,h_NQ_6,75.1681888196714
base,32,h_NQ_7,53.9493631179357
base,32,h_NQ_8,39.4197414064713
base,32,h_NQ_9,29.0559151938899
base,32,h_NQ_10,21.7114247689522
base,32,h_NQ_11,14.9985076527637
base,32,h_NQ_12,9.01462081008943
base,32,h_NQ_13,5.06453483170472
base,32,h_NQ_14,2.58157119482637
base,32,h_NQ_15,1.59861649092188
base,32,h_NQ_16,1.26055478441206
base,32,h_NQ_17,1.14951408369283
base,32,P_NQ_1,0.6517213374
base,32,P_NQ_2,0.155924203387985
base,32,P_NQ_3,0.159674087169786
base,32,P_NQ_4,0.17296186720699
base,32,P_NQ_5,0.188559346171975
base,32,P_NQ_6,0.192060848543882
base,32,P_NQ_7,0.183866647791046
base,32,P_NQ_8,0.176256467969716
base,32,P_NQ_9,0.169643432313118
base,32,P_NQ_10,0.174269461748363
base,32,P_NQ_11,0.169388707925698
base,32,P_NQ_12,0.15603349836899
base,32,P_NQ_13,0.141443611434475
base,32,P_NQ_14,0.116493926265191
base,32,P_NQ_15,0.0697925173580372
base,32,P_NQ_16,0.0257254813953094
base,32,P_NQ_17,0.00647785499886228
base,32,L_NQ,1.66226011840622
base,32,pi_Q,0.3
base,32,pi_NQ,0.7
base,32,y,7.35865376511896
base,32,nbar,5.98492485580779
base,32,Ptot,4.15756180850546
base,32,Pret,1.22803575312327
base,32,H,533.167609229056
base,32,cCheck,0
base,32,shareq,0.3
base,32,A,2.103087189
base,32,A_Q,2
base,32,xpop,0.931030482
base,32,h_Q_1,100
base,32,mig_Q_2,-0.21617162
base,32,med_Q_2,1270.176221
base,32,mig_Q_3,0.00231648
base,32,med_Q_3,-187.6177
base,32,mig_Q_4,0.002288537
base,32,med_Q_4,-243.7874843
base,32,mig_Q_5,0.001032784
base,32,med_Q_5,-183.887372
base,32,mig_Q_6,0.000222507
base,32,med_Q_6,-142.6788339
base,32,mig_Q_7,-8.34996e-05
base,32,med_Q_7,-70.45683658
base,32,mig_Q_8,8.9456e-05
base,32,med_Q_8,-41.09737284
base,32,mig_Q_9,0.000278856
base,32,med_Q_9,-25.24992081
base,32,mig_Q_10,0.000295562
base,32,med_Q_10,-15.31635594
base,32,mig_Q_11,0.000527062
base,32,med_Q_11,-12.06865137
base,32,mig_Q_12,0.00110103
base,32,med_Q_12,-7.706597151
base,32,mig_Q_13,0.002434506
base,32,med_Q_13,-5.206777731
base,32,mig_Q_14,0.006137134
base,32,med_Q_14,-3.425594062
base,32,mig_Q_15,0.007111245
base,32,med_Q_15,-1.390577981
base,32,mig_Q_16,0.003376376
base,32,med_Q_16,-0.457559427
base,32,mig_Q_17,0.000965103
base,32,med_Q_17,-0.128097267
base,32,h_NQ_1,100
base,32,mig_NQ_2,-0.501761397
base,32,med_NQ_2,130.717808
base,32,mig_NQ_3,0.00620651
base,32,med_NQ_3,-29.01301301
base,32,mig_NQ_4,0.006308647
base,32,med_NQ_4,-8.311672677
base,32,mig_NQ_5,0.0037661
base,32,med_NQ_5,-21.39043005
base,32,mig_NQ_6,0.002475417
base,32,med_NQ_6,-25.15838441
base,32,mig_NQ_7,0.002248174
base,32,med_NQ_7,-13.47363362
base,32,mig_NQ_8,0.003152084
base,32,med_NQ_8,-8.973169526
base,32,mig_NQ_9,0.004110891
base,32,med_NQ_9,-6.311910181
base,32,mig_NQ_10,0.004884985
base,32,med_NQ_10,-4.364333291
base,32,mig_NQ_11,0.006213803
base,32,med_NQ_11,-4.504717349
base,32,mig_NQ_12,0.010049799
base,32,med_NQ_12,-4.484150523
base,32,mig_NQ_13,0.017144693
base,32,med_NQ_13,-3.054513612
base,32,mig_NQ_14,0.030177306
base,32,med_NQ_14,-2.028668334
base,32,mig_NQ_15,0.029172501
base,32,med_NQ_15,-0.834294134
base,32,mig_NQ_16,0.013094718
base,32,med_NQ_16,-0.278138647
base,32,mig_NQ_17,0.003582776
base,32,med_NQ_17,-0.073630565
base,33,beta_Q_2,0.999331100003848
base,33,beta_Q_3,0.99911830000427
base,33,beta_Q_4,0.998666800006164
base,33,beta_Q_5,0.997890200009164
base,33,beta_Q_6,0.996312500012747
base,33,beta_Q_7,0.994033200025952
base,33,beta_Q_8,0.990580000040723
base,33,beta_Q_9,0.985305400080463
base,33,beta_Q_10,0.977510000054601
base,33,beta_Q_11,0.962670300082601
base,33,beta_Q_12,0.936498500182189
base,33,beta_Q_13,0.88100390014641
base,33,beta_Q_14,0.733422297417913
base,33,beta_Q_15,0.500254993343758
base,33,beta_Q_16,0.303879367492908
base,33,beta_Q_17,0.199849538965479
base,33,h_Q_2,1494.991778
base,33,h_Q_3,1134.17262098
base,33,h_Q_4,750.0750079668
base,33,h_Q_5,473.97857645248
base,33,h_Q_6,271.186440642532
base,33,h_Q_7,167.594020346102
base,33,h_Q_8,106.157112565881
base,33,h_Q_9,68.0522097349623
base,33,h_Q_10,44.464206232122
base,33,h_Q_11,26.7883213184125
base,33,h_Q_12,15.7476594726033
base,33,h_Q_13,8.40363674620311
base,33,h_Q_14,3.75125147483252
base,33,h_Q_15,2.00101976264491
base,33,h_Q_16,1.43653247264063
base,33,h_Q_17,1.24976492106623
base,33,P_Q_1,0.2728829697
base,33,P_Q_2,0.0680530875473432
base,33,P_Q_3,0.0690791191597449
base,33,P_Q_4,0.070625268680691
base,33,P_Q_5,0.074993456959692
base,33,P_Q_6,0.0807093744825169
base,33,P_Q_7,0.0816939958654526
base,33,P_Q_8,0.0780791852883731
base,33,P_Q_9,0.0746060143498758
base,33,P_Q_10,0.0711997692075917
base,33,P_Q_11,0.0721264721315673
base,33,P_Q_12,0.0685634817537442
base,33,P_Q_13,0.0605398167355155
base,33,P_Q_14,0.0495108806662957
base,33,P_Q_15,0.0318012424480195
base,33,P_Q_16,0.012408367943854
base,33,P_Q_17,0.00319390850794446
base,33,L_Q,0.886011074216984
base,33,beta_NQ_2,0.996010100027693
base,33,beta_NQ_3,0.994794500034543
base,33,beta_NQ_4,0.993849800034964
base,33,beta_NQ_5,0.991821900044768
base,33,beta_NQ_6,0.987820900065339
base,33,beta_NQ_7,0.983030700088044
base,33,beta_NQ_8,0.976772100115308
base,33,beta_NQ_9,0.968481400160999
base,33,beta_NQ_10,0.957781700181515
base,33,beta_NQ_11,0.938775200242247
base,33,beta_NQ_12,0.898099100429958
base,33,beta_NQ_13,0.816738200140866
base,33,beta_NQ_14,0.627654083587172
base,33,beta_NQ_15,0.385817471492571
base,33,beta_NQ_16,0.216589118704366
base,33,beta_NQ_17,0.136997204856169
base,33,h_NQ_2,250.6328479
base,33,h_NQ_3,192.10450488
base,33,h_NQ_4,162.59633832788
base,33,h_NQ_5,122.277790684714
base,33,h_NQ_6,82.1078733311287
base,33,h_NQ_7,58.929949963278
base,33,h_NQ_8,43.051674915577
base,33,h_NQ_9,31.7272975323419
base,33,h_NQ_10,23.6864108600121
base,33,h_NQ_11,16.3332505785731
base,33,h_NQ_12,9.8134560187084
base,33,h_NQ_13,5.45667454688764
base,33,h_NQ_14,2.68566758207063
base,33,h_NQ_15,1.62818028292984
base,33,h_NQ_16,1.27646934510344
base,33,h_NQ_17,1.15874479372381
base,33,P_NQ_1,0.6367269293
base,33,P_NQ_2,0.158790539389713
base,33,P_NQ_3,0.161184611728467
base,33,P_NQ_4,0.164792293451015
base,33,P_NQ_5,0.174984735193265
base,33,P_NQ_6,0.188321875923617
base,33,P_NQ_7,0.190619324879827
base,33,P_NQ_8,0.182184762694394
base,33,P_NQ_9,0.174080699894675
base,33,P_NQ_10,0.166132794393891
base,33,P_NQ_11,0.168295099692934
base,33,P_NQ_12,0.159981460166747
base,33,P_NQ_13,0.14125957108131
base,33,P_NQ_14,0.115525530222135
base,33,P_NQ_15,0.074202938608895
base,33,P_NQ_16,0.0289528442692735
base,33,P_NQ_17,0.00745245247712429
base,33,L_NQ,1.64887152505308
base,33,pi_Q,0.3
base,33,pi_NQ,0.7
base,33,y,7.86588921763762
base,33,nbar,6.00262973703011
base,33,Ptot,4.1335548747955
base,33,Pret,1.23114663030684
base,33,H,567.527611829157
base,33,cCheck,0
base,33,shareq,0.3
base,33,A,2.243410441
base,33,A_Q,2
base,33,xpop,0.909609899
base,33,h_Q_1,100
base,33,mig_Q_2,-0.21105191
base,33,med_Q_2,1396.991778
base,33,mig_Q_3,0.002318773
base,33,med_Q_3,-206.6400756
base,33,mig_Q_4,0.002292887
base,33,med_Q_4,-268.2126068
base,33,mig_Q_5,0.001037167
base,33,med_Q_5,-200.9060736
base,33,mig_Q_6,0.000222433
base,33,med_Q_6,-155.5684801
base,33,mig_Q_7,-8.32138e-05
base,33,med_Q_7,-76.67926673
base,33,mig_Q_8,8.75854e-05
base,33,med_Q_8,-44.73747682
base,33,mig_Q_9,0.000277435
base,33,med_Q_9,-27.47553238
base,33,mig_Q_10,0.000277561
base,33,med_Q_10,-16.72040264
base,33,mig_Q_11,0.000475388
base,33,med_Q_11,-13.1922595
base,33,mig_Q_12,0.000999559
base,33,med_Q_12,-8.362123655
base,33,mig_Q_13,0.002298692
base,33,med_Q_13,-5.736675541
base,33,mig_Q_14,0.005838267
base,33,med_Q_14,-3.842168867
base,33,mig_Q_15,0.007438998
base,33,med_Q_15,-1.504589255
base,33,mig_Q_16,0.003695176
base,33,med_Q_16,-0.477409645
base,33,mig_Q_17,0.001098238
base,33,med_Q_17,-0.133054568
base,33,h_NQ_1,100
base,33,mig_NQ_2,-0.490081342
base,33,med_NQ_2,152.6328479
base,33,mig_NQ_3,0.006148958
base,33,med_NQ_3,-32.03894696
base,33,mig_NQ_4,0.006191775
base,33,med_NQ_4,-9.375724983
base,33,mig_NQ_5,0.003568559
base,33,med_NQ_5,-23.47962733
base,33,mig_NQ_6,0.002271029
base,33,med_NQ_6,-27.55351915
base,33,mig_NQ_7,0.002118497
base,33,med_NQ_7,-14.73487508
base,33,mig_NQ_8,0.002982444
base,33,med_NQ_8,-9.81870094
base,33,mig_NQ_9,0.003890345
base,33,med_NQ_9,-6.904049046
base,33,mig_NQ_10,0.004302918
base,33,med_NQ_10,-4.78838603
base,33,mig_NQ_11,0.005644758
base,33,med_NQ_11,-4.943945695
base,33,mig_NQ_12,0.009383194
base,33,med_NQ_12,-4.885081481
base,33,mig_NQ_13,0.016035121
base,33,med_NQ_13,-3.377653847
base,33,mig_NQ_14,0.028871519
base,33,med_NQ_14,-2.277576553
base,33,mig_NQ_15,0.03058072
base,33,med_NQ_15,-0.901759488
base,33,mig_NQ_16,0.014526835
base,33,med_NQ_16,-0.290174816
base,33,mig_NQ_17,0.004106411
base,33,med_NQ_17,-0.076598895
base,34,beta_Q_2,0.999387600003082
base,34,beta_Q_3,0.999192000004174
base,34,beta_Q_4,0.998775500004561
base,34,beta_Q_5,0.998060900008674
base,34,beta_Q_6,0.996609400015466
base,34,beta_Q_7,0.994516100018804
base,34,beta_Q_8,0.991347000040712
base,34,beta_Q_9,0.986513900063244
base,34,beta_Q_10,0.979358000120197
base,34,beta_Q_11,0.96570680003116
base,34,beta_Q_12,0.941810400130737
base,34,beta_Q_13,0.890301199915984
base,34,beta_Q_14,0.745840599275976
base,34,beta_Q_15,0.512354776424236
base,34,beta_Q_16,0.316518299435644
base,34,beta_Q_17,0.211702231823928
base,34,h_Q_2,1632.91966
base,34,h_Q_3,1237.62376284
base,34,h_Q_4,816.6598610604
base,34,h_Q_5,515.703161707464
base,34,h_Q_6,294.93305052343
base,34,h_Q_7,182.351975749681
base,34,h_Q_8,115.56685552918
base,34,h_Q_9,74.1504215845631
base,34,h_Q_10,48.4449182102631
base,34,h_Q_11,29.1602999174796
base,34,h_Q_12,17.1852014350442
base,34,h_Q_13,9.11586996915126
base,34,h_Q_14,3.93453870727905
base,34,h_Q_15,2.05067039033587
base,34,h_Q_16,1.46309679139201
base,34,h_Q_17,1.26855610818782
base,34,P_Q_1,0.2665561473
base,34,P_Q_2,0.0688999292826177
base,34,P_Q_3,0.0703138001403434
base,34,P_Q_4,0.071282195878507
base,34,P_Q_5,0.0715170524894757
base,34,P_Q_6,0.0749405245881091
base,34,P_Q_7,0.0801450424889491
base,34,P_Q_8,0.0810113898277268
base,34,P_Q_9,0.0772048378985171
base,34,P_Q_10,0.0731990330912207
base,34,P_Q_11,0.0689577981888842
base,34,P_Q_12,0.0684328579746452
base,34,P_Q_13,0.0625715878326659
base,34,P_Q_14,0.0503068294754212
base,34,P_Q_15,0.0320200662781614
base,34,P_Q_16,0.0135383444405928
base,34,P_Q_17,0.00375145061289325
base,34,L_Q,0.878629177833159
base,34,beta_NQ_2,0.996358100025542
base,34,beta_NQ_3,0.995243800029205
base,34,beta_NQ_4,0.994372700032295
base,34,beta_NQ_5,0.992514000039826
base,34,beta_NQ_6,0.988847600057919
base,34,beta_NQ_7,0.984461900081442
base,34,beta_NQ_8,0.978728200106791
base,34,beta_NQ_9,0.971132900138259
base,34,beta_NQ_10,0.961300700181115
base,34,beta_NQ_11,0.943781400192425
base,34,beta_NQ_12,0.906432000373016
base,34,beta_NQ_13,0.83003340034535
base,34,beta_NQ_14,0.642230985309805
base,34,beta_NQ_15,0.397119873183648
base,34,beta_NQ_16,0.226629921509611
base,34,beta_NQ_17,0.145706808057655
base,34,h_NQ_2,274.581949
base,34,h_NQ_3,210.251881712
base,34,h_NQ_4,177.7051161624
base,34,h_NQ_5,133.582687681322
base,34,h_NQ_6,89.6667981810199
base,34,h_NQ_7,64.3579330845062
base,34,h_NQ_8,47.0105961840124
base,34,h_NQ_9,34.6415123002654
base,34,h_NQ_10,25.8402606766951
base,34,h_NQ_11,17.7877072618119
base,34,h_NQ_12,10.6874145010016
base,34,h_NQ_13,5.88350888133423
base,34,h_NQ_14,2.79509181594989
base,34,h_NQ_15,1.65870432942921
base,34,h_NQ_16,1.29304197227125
base,34,h_NQ_17,1.17055830320137
base,34,P_NQ_1,0.6219643437
base,34,P_NQ_2,0.160766499542419
base,34,P_NQ_3,0.164065536242405
base,34,P_NQ_4,0.16632512613505
base,34,P_NQ_5,0.166873123603321
base,34,P_NQ_6,0.174861227616306
base,34,P_NQ_7,0.187005100531087
base,34,P_NQ_8,0.189026578285431
base,34,P_NQ_9,0.180144620062266
base,34,P_NQ_10,0.17079774271391
base,34,P_NQ_11,0.160901527323929
base,34,P_NQ_12,0.159676666640994
base,34,P_NQ_13,0.146000372832496
base,34,P_NQ_14,0.117382738634957
base,34,P_NQ_15,0.0747135279631427
base,34,P_NQ_16,0.0315894730785747
base,34,P_NQ_17,0.00875338073752642
base,34,L_NQ,1.63341441558191
base,34,pi_Q,0.3
base,34,pi_NQ,0.7
base,34,y,8.41193777486132
base,34,nbar,6.0243246125736
base,34,Ptot,4.11549647343254
base,34,Pret,1.24259339782001
base,34,H,608.609148681408
base,34,cCheck,-4.44089209850063e-16
base,34,shareq,0.3
base,34,A,2.393096413
base,34,A_Q,2
base,34,xpop,0.888520491
base,34,h_Q_1,100
base,34,mig_Q_2,-0.203800509
base,34,med_Q_2,1534.91966
base,34,mig_Q_3,0.002320715
base,34,med_Q_3,-227.4681796
base,34,mig_Q_4,0.002295173
base,34,med_Q_4,-294.8293075
base,34,mig_Q_5,0.001040789
base,34,med_Q_5,-219.3703461
base,34,mig_Q_6,0.000223606
base,34,med_Q_6,-169.5659544
base,34,mig_Q_7,-8.27553e-05
base,34,med_Q_7,-83.41073608
base,34,mig_Q_8,8.69514e-05
base,34,med_Q_8,-48.67528441
base,34,mig_Q_9,0.000272995
base,34,med_Q_9,-29.88354873
base,34,mig_Q_10,0.000270908
base,34,med_Q_10,-18.24624733
base,34,mig_Q_11,0.000415895
base,34,med_Q_11,-14.41462219
base,34,mig_Q_12,0.000886525
base,34,med_Q_12,-9.067353457
base,34,mig_Q_13,0.002166893
base,34,med_Q_13,-6.316836314
base,34,mig_Q_14,0.005905578
base,34,med_Q_14,-4.301025304
base,34,mig_Q_15,0.007252001
base,34,med_Q_15,-1.625556055
base,34,mig_Q_16,0.003874603
base,34,med_Q_16,-0.497902576
base,34,mig_Q_17,0.001271644
base,34,med_Q_17,-0.139245715
base,34,h_NQ_1,100
base,34,mig_NQ_2,-0.473419953
base,34,med_NQ_2,176.581949
base,34,mig_NQ_3,0.006101581
base,34,med_NQ_3,-35.36830923
base,34,mig_NQ_4,0.006131832
base,34,med_NQ_4,-10.55729862
base,34,mig_NQ_5,0.003428518
base,34,med_NQ_5,-25.76172388
base,34,mig_NQ_6,0.002007649
base,34,med_NQ_6,-30.16543669
base,34,mig_NQ_7,0.001878915
base,34,med_NQ_7,-16.10778278
base,34,mig_NQ_8,0.00283494
base,34,med_NQ_8,-10.74075478
base,34,mig_NQ_9,0.003702066
base,34,med_NQ_9,-7.549129117
base,34,mig_NQ_10,0.004066434
base,34,med_NQ_10,-5.252490905
base,34,mig_NQ_11,0.00494018
base,34,med_NQ_11,-5.424975381
base,34,mig_NQ_12,0.008530989
base,34,med_NQ_12,-5.319171066
base,34,mig_NQ_13,0.015337403
base,34,med_NQ_13,-3.733678017
base,34,mig_NQ_14,0.028720592
base,34,med_NQ_14,-2.55244924
base,34,mig_NQ_15,0.03014176
base,34,med_NQ_15,-0.973249901
base,34,mig_NQ_16,0.015517924
base,34,med_NQ_16,-0.302574705
base,34,mig_NQ_17,0.004786922
base,34,med_NQ_17,-0.080381655
base,35,beta_Q_2,0.99943910000293
base,35,beta_Q_3,0.99925920000321
base,35,beta_Q_4,0.998875000004838
base,35,beta_Q_5,0.998217000005663
base,35,beta_Q_6,0.996881100014151
base,35,beta_Q_7,0.994957800025594
base,35,beta_Q_8,0.992048400026808
base,35,beta_Q_9,0.987618300065522
base,35,beta_Q_10,0.981047400091141
base,35,beta_Q_11,0.968486200199883
base,35,beta_Q_12,0.946671900020683
base,35,beta_Q_13,0.898886899824713
base,35,beta_Q_14,0.757719698206412
base,35,beta_Q_15,0.524262384130702
base,35,beta_Q_16,0.329157368970759
base,35,beta_Q_17,0.22375696978696
base,35,h_Q_2,1782.848993
base,35,h_Q_3,1349.8920083
base,35,h_Q_4,888.8888893832
base,35,h_Q_5,560.852495639192
base,35,h_Q_6,320.625862073315
base,35,h_Q_7,198.326127802962
base,35,h_Q_8,125.760853124688
base,35,h_Q_9,80.7643539485964
base,35,h_Q_10,52.7632093128719
base,35,h_Q_11,31.7321301360578
base,35,h_Q_12,18.75183994213
base,35,h_Q_13,9.88991530834334
base,35,h_Q_14,4.12745069476824
base,35,h_Q_15,2.10199819013347
base,35,h_Q_16,1.49066238152915
base,35,h_Q_17,1.28825625856417
base,35,P_Q_1,0.2625270279
base,35,P_Q_2,0.0686167203162151
base,35,P_Q_3,0.0711668861400449
base,35,P_Q_4,0.0725246548923922
base,35,P_Q_5,0.0721866565730973
base,35,P_Q_6,0.071500047772411
base,35,P_Q_7,0.0744493036467295
base,35,P_Q_8,0.0795372315395551
base,35,P_Q_9,0.0801893791284946
base,35,P_Q_10,0.0758730366438957
base,35,P_Q_11,0.0710834880118977
base,35,P_Q_12,0.0657041245044077
base,35,P_Q_13,0.0629227495685068
base,35,P_Q_14,0.0526468205667649
base,35,P_Q_15,0.0333607233684916
base,35,P_Q_16,0.0138983629261803
base,35,P_Q_17,0.00431255073327455
base,35,L_Q,0.869643440049441
base,35,beta_NQ_2,0.996674600022679
base,35,beta_NQ_3,0.995652800027067
base,35,beta_NQ_4,0.994849500026568
base,35,beta_NQ_5,0.993145400037061
base,35,beta_NQ_6,0.98978510005142
base,35,beta_NQ_7,0.985769000073407
base,35,beta_NQ_8,0.980516300099409
base,35,beta_NQ_9,0.973558100129307
base,35,beta_NQ_10,0.964524000153219
base,35,beta_NQ_11,0.94837860020566
base,35,beta_NQ_12,0.914113700281407
base,35,beta_NQ_13,0.842470900251059
base,35,beta_NQ_14,0.656369384900565
base,35,beta_NQ_15,0.408358575984497
base,35,beta_NQ_16,0.236769321574473
base,35,beta_NQ_17,0.154645610028818
base,35,h_NQ_2,300.7157034
base,35,h_NQ_3,230.03312479
base,35,h_NQ_4,194.15590714776
base,35,h_NQ_5,145.887433289152
base,35,h_NQ_6,97.8962104376959
base,35,h_NQ_7,70.2691307773995
base,35,h_NQ_8,51.324953682816
base,35,h_NQ_9,37.8187649103322
base,35,h_NQ_10,28.1880707992601
base,35,h_NQ_11,19.3718109161612
base,35,h_NQ_12,11.6433004935756
base,35,h_NQ_13,6.34803347498161
base,35,h_NQ_14,2.91009325470755
base,35,h_NQ_15,1.69021273563089
base,35,h_NQ_16,1.31021982884063
base,35,h_NQ_17,1.18293581882582
base,35,P_NQ_1,0.6125630651
base,35,P_NQ_2,0.160105680772565
base,35,P_NQ_3,0.16605606792199
base,35,P_NQ_4,0.169224198255606
base,35,P_NQ_5,0.168435535247427
base,35,P_NQ_6,0.166833444789312
base,35,P_NQ_7,0.173715046389722
base,35,P_NQ_8,0.18558687345358
base,35,P_NQ_9,0.187108552173542
base,35,P_NQ_10,0.177037084399717
base,35,P_NQ_11,0.165861471768239
base,35,P_NQ_12,0.153309622275302
base,35,P_NQ_13,0.146819748567835
base,35,P_NQ_14,0.122842727299813
base,35,P_NQ_15,0.0778417302806632
base,35,P_NQ_16,0.0324295159779932
base,35,P_NQ_17,0.0100626172905023
base,35,L_NQ,1.61604842148214
base,35,pi_Q,0.3
base,35,pi_NQ,0.7
base,35,y,8.99519562544978
base,35,nbar,6.04542841279498
base,35,Ptot,4.10833274619617
base,35,Pret,1.26600637418349
base,35,H,653.94523096878
base,35,cCheck,4.44089209850063e-16
base,35,shareq,0.3
base,35,A,2.552769808
base,35,A_Q,2
base,35,xpop,0.875090093
base,35,h_Q_1,100
base,35,mig_Q_2,-0.197776188
base,35,med_Q_2,1684.848993
base,35,mig_Q_3,0.002322628
base,35,med_Q_3,-250.3692585
base,35,mig_Q_4,0.002296954
base,35,med_Q_4,-323.9823982
base,35,mig_Q_5,0.001042684
base,35,med_Q_5,-239.4741682
base,35,mig_Q_6,0.000225481
base,35,med_Q_6,-184.7632364
base,35,mig_Q_7,-8.02546e-05
base,35,med_Q_7,-90.70826171
base,35,mig_Q_8,8.56841e-05
base,35,med_Q_8,-52.94408311
base,35,mig_Q_9,0.000270517
base,35,med_Q_9,-32.49116447
base,35,mig_Q_10,0.000261861
base,35,med_Q_10,-19.90420384
base,35,mig_Q_11,0.000394684
base,35,med_Q_11,-15.74388971
base,35,mig_Q_12,0.000758953
base,35,med_Q_12,-9.825253977
base,35,mig_Q_13,0.001996894
base,35,med_Q_13,-6.951582098
base,35,mig_Q_14,0.00597839
base,35,med_Q_14,-4.806101875
base,35,mig_Q_15,0.007585779
base,35,med_Q_15,-1.753849743
base,35,mig_Q_16,0.003763426
base,35,med_Q_16,-0.518994601
base,35,mig_Q_17,0.001446453
base,35,med_Q_17,-0.145578597
base,35,h_NQ_1,100
base,35,mig_NQ_2,-0.459593531
base,35,med_NQ_2,202.7157034
base,35,mig_NQ_3,0.006054206
base,35,med_NQ_3,-39.05718523
base,35,mig_NQ_4,0.006081908
base,35,med_NQ_4,-11.89093693
base,35,mig_NQ_5,0.003355519
base,35,med_NQ_5,-28.26358055
base,35,mig_NQ_6,0.001821357
base,35,med_NQ_6,-33.01482349
base,35,mig_NQ_7,0.00157083
base,35,med_NQ_7,-17.60433144
base,35,mig_NQ_8,0.002559708
base,35,med_NQ_8,-11.74582074
base,35,mig_NQ_9,0.003538623
base,35,med_NQ_9,-8.25161935
base,35,mig_NQ_10,0.003863935
base,35,med_NQ_10,-5.760611255
base,35,mig_NQ_11,0.004665739
base,35,med_NQ_11,-5.951644547
base,35,mig_NQ_12,0.007463329
base,35,med_NQ_12,-5.788652623
base,35,mig_NQ_13,0.014282782
base,35,med_NQ_13,-4.125632736
base,35,mig_NQ_14,0.029076764
base,35,med_NQ_14,-2.855745449
base,35,mig_NQ_15,0.031226712
base,35,med_NQ_15,-1.048977244
base,35,mig_NQ_16,0.015497195
base,35,med_NQ_16,-0.315310414
base,35,mig_NQ_17,0.005459816
base,35,med_NQ_17,-0.084245314
base,36,beta_Q_2,0.999486100002423
base,36,beta_Q_3,0.999320600003142
base,36,beta_Q_4,0.998965900003381
base,36,beta_Q_5,0.998359900006839
base,36,beta_Q_6,0.997129900007867
base,36,beta_Q_7,0.995362200023692
base,36,beta_Q_8,0.992690100042264
base,36,beta_Q_9,0.988628000039784
base,36,beta_Q_10,0.982592400098441
base,36,beta_Q_11,0.971031100136121
base,36,beta_Q_12,0.951120700425128
base,36,beta_Q_13,0.906811999552915
base,36,beta_Q_14,0.769077097730359
base,36,beta_Q_15,0.535973181667229
base,36,beta_Q_16,0.341780584233152
base,36,beta_Q_17,0.235953329672189
base,36,h_Q_2,1945.903872
base,36,h_Q_3,1471.88695934
base,36,h_Q_4,967.024465434
base,36,h_Q_5,609.718920095536
base,36,h_Q_6,348.419915526408
base,36,h_Q_7,215.619475131848
base,36,h_Q_8,136.800777336902
base,36,h_Q_9,87.9352796021941
base,36,h_Q_10,57.4461730396245
base,36,h_Q_11,34.5197781466144
base,36,h_Q_12,20.4585582033367
base,36,h_Q_13,10.7309953262874
base,36,h_Q_14,4.33044964417647
base,36,h_Q_15,2.15504698187287
base,36,h_Q_16,1.5192500263308
base,36,h_Q_17,1.30882048689857
base,36,P_Q_1,0.2611496442
base,36,P_Q_2,0.0667486674908202
base,36,P_Q_3,0.0708905500500251
base,36,P_Q_4,0.0733855463934816
base,36,P_Q_5,0.0734394104331298
base,36,P_Q_6,0.0721877926109329
base,36,P_Q_7,0.0710624787333629
base,36,P_Q_8,0.073943785665848
base,36,P_Q_9,0.0788189434050132
base,36,P_Q_10,0.0789253739089324
base,36,P_Q_11,0.073853758956873
base,36,P_Q_12,0.0680017496563207
base,36,P_Q_13,0.060835200781464
base,36,P_Q_14,0.0535830688133666
base,36,P_Q_15,0.0354778056672334
base,36,P_Q_16,0.014956384930934
base,36,P_Q_17,0.00467479957336152
base,36,L_Q,0.85714663367392
base,36,beta_NQ_2,0.996962800020183
base,36,beta_NQ_3,0.996025900024401
base,36,beta_NQ_4,0.99528450002507
base,36,beta_NQ_5,0.99372170002992
base,36,beta_NQ_6,0.990640900048467
base,36,beta_NQ_7,0.986963100063995
base,36,beta_NQ_8,0.982150400089985
base,36,beta_NQ_9,0.975776100121519
base,36,beta_NQ_10,0.967475600144764
base,36,beta_NQ_11,0.952598600166567
base,36,beta_NQ_12,0.921187900336114
base,36,beta_NQ_13,0.854089100044522
base,36,beta_NQ_14,0.670069880789206
base,36,beta_NQ_15,0.419525880663102
base,36,beta_NQ_16,0.246996423724605
base,36,beta_NQ_17,0.16376980933831
base,36,h_NQ_2,329.2506256
base,36,h_NQ_3,251.629299742
base,36,h_NQ_4,212.0665889242
base,36,h_NQ_5,159.278785614805
base,36,h_NQ_6,106.847880703369
base,36,h_NQ_7,76.705351728942
base,36,h_NQ_8,56.0236644018515
base,36,h_NQ_9,41.2815442631597
base,36,h_NQ_10,30.7461475031255
base,36,h_NQ_11,21.0964233032749
base,36,h_NQ_12,12.6884069838379
base,36,h_NQ_13,6.85349757070412
base,36,h_NQ_14,3.03093585348198
base,36,h_NQ_15,1.7227294546134
base,36,h_NQ_16,1.32801489591828
base,36,h_NQ_17,1.19584295926382
base,36,P_NQ_1,0.6093491698
base,36,P_NQ_2,0.155746889897208
base,36,P_NQ_3,0.165411282361445
base,36,P_NQ_4,0.17123294114857
base,36,P_NQ_5,0.171358627072515
base,36,P_NQ_6,0.168438185107089
base,36,P_NQ_7,0.165812450048762
base,36,P_NQ_8,0.172535503557647
base,36,P_NQ_9,0.183910868928406
base,36,P_NQ_10,0.184159208205302
base,36,P_NQ_11,0.172325434287495
base,36,P_NQ_12,0.158670750692186
base,36,P_NQ_13,0.141948799495424
base,36,P_NQ_14,0.125027304058726
base,36,P_NQ_15,0.0827815931902036
base,36,P_NQ_16,0.0348982366687357
base,36,P_NQ_17,0.0109078622813561
base,36,L_NQ,1.59367479596328
base,36,pi_Q,0.3
base,36,pi_NQ,0.7
base,36,y,9.59643059924136
base,36,nbar,6.04637615062536
base,36,Ptot,4.10645006807217
base,36,Pret,1.30102733116791
base,36,H,699.025744112581
base,36,cCheck,0
base,36,shareq,0.3
base,36,A,2.723097013
base,36,A_Q,2
base,36,xpop,0.870498814
base,36,h_Q_1,100
base,36,mig_Q_2,-0.195631109
base,36,med_Q_2,1847.903872
base,36,mig_Q_3,0.002324661
base,36,med_Q_3,-275.3050538
base,36,mig_Q_4,0.002298723
base,36,med_Q_4,-355.8697027
base,36,mig_Q_5,0.001044067
base,36,med_Q_5,-261.3921915
base,36,mig_Q_6,0.000226279
base,36,med_Q_6,-201.2155302
base,36,mig_Q_7,-7.70515e-05
base,36,med_Q_7,-98.5938697
base,36,mig_Q_8,8.64731e-05
base,36,med_Q_8,-57.55882791
base,36,mig_Q_9,0.000266518
base,36,med_Q_9,-35.31035646
base,36,mig_Q_10,0.000255792
base,36,med_Q_10,-21.70289383
base,36,mig_Q_11,0.00037177
base,36,med_Q_11,-17.18816698
base,36,mig_Q_12,0.000709009
base,36,med_Q_12,-10.63892933
base,36,mig_Q_13,0.001774624
base,36,med_Q_13,-7.645807817
base,36,mig_Q_14,0.005905262
base,36,med_Q_14,-5.361667358
base,36,mig_Q_15,0.007877058
base,36,med_Q_15,-1.889854699
base,36,mig_Q_16,0.003975457
base,36,med_Q_16,-0.5407082
base,36,mig_Q_17,0.001564944
base,36,med_Q_17,-0.152028647
base,36,h_NQ_1,100
base,36,mig_NQ_2,-0.454779158
base,36,med_NQ_2,231.2506256
base,36,mig_NQ_3,0.006001613
base,36,med_NQ_3,-43.07208959
base,36,mig_NQ_4,0.006032145
base,36,med_NQ_4,-13.36587337
base,36,mig_NQ_5,0.003294393
base,36,med_NQ_5,-30.99400339
base,36,mig_NQ_6,0.001723202
base,36,med_NQ_6,-36.12180392
base,36,mig_NQ_7,0.001353212
base,36,med_NQ_7,-19.2329345
base,36,mig_NQ_8,0.002205069
base,36,med_NQ_8,-12.84008376
base,36,mig_NQ_9,0.003231265
base,36,med_NQ_9,-9.016910346
base,36,mig_NQ_10,0.003688519
base,36,med_NQ_10,-6.316242109
base,36,mig_NQ_11,0.004427252
base,36,med_NQ_11,-6.52788608
base,36,mig_NQ_12,0.007054507
base,36,med_NQ_12,-6.295967714
base,36,mig_NQ_13,0.012789904
base,36,med_NQ_13,-4.556936913
base,36,mig_NQ_14,0.028659316
base,36,med_NQ_14,-3.190136952
base,36,mig_NQ_15,0.032617712
base,36,med_NQ_15,-1.129161935
base,36,mig_NQ_16,0.016467703
base,36,med_NQ_16,-0.328393585
base,36,mig_NQ_17,0.00589278
base,36,med_NQ_17,-0.088172473
base,37,beta_Q_2,0.999529100000098
base,37,beta_Q_3,0.999376700002542
base,37,beta_Q_4,0.999049100003513
base,37,beta_Q_5,0.998490700004191
base,37,beta_Q_6,0.997357800011887
base,37,beta_Q_7,0.995732500010877
base,37,beta_Q_8,0.993277400039784
base,37,beta_Q_9,0.989551500072173
base,37,beta_Q_10,0.984005600052047
base,37,beta_Q_11,0.973361400165297
base,37,beta_Q_12,0.9551919002818
base,37,beta_Q_13,0.91412480082817
base,37,beta_Q_14,0.779930496193008
base,37,beta_Q_15,0.547483280799446
base,37,beta_Q_16,0.354373080785361
base,37,beta_Q_17,0.248270248045955
base,37,h_Q_2,2123.59312
base,37,h_Q_3,1604.36386936
base,37,h_Q_4,1051.6352931532
base,37,h_Q_5,662.55880182532
base,37,h_Q_6,378.472485593625
base,37,h_Q_7,234.32923241588
base,37,h_Q_8,148.751971339211
base,37,h_Q_9,95.7075181301644
base,37,h_Q_10,62.5218826301502
base,37,h_Q_11,37.539510438832
base,37,h_Q_12,22.3173935436821
base,37,h_Q_13,11.6448055652699
base,37,h_Q_14,4.54401896976164
base,37,h_Q_15,2.20986217529294
base,37,h_Q_16,1.54888190923541
base,37,h_Q_17,1.33026519880418
base,37,P_Q_1,0.2607247251
base,37,P_Q_2,0.0641955953984785
base,37,P_Q_3,0.0690302944463367
base,37,P_Q_4,0.0731178831324581
base,37,P_Q_5,0.0743106957593436
base,37,P_Q_6,0.0734553669818235
base,37,P_Q_7,0.0717773745680722
base,37,P_Q_8,0.0706319297230733
base,37,P_Q_9,0.0733678509381978
base,37,P_Q_10,0.0776918697735551
base,37,P_Q_11,0.0769930656554453
base,37,P_Q_12,0.0709007379480897
base,37,P_Q_13,0.0633811785789449
base,37,P_Q_14,0.052400454656852
base,37,P_Q_15,0.0366987868753942
base,37,P_Q_16,0.0162473891482573
base,37,P_Q_17,0.00526444182431283
base,37,L_Q,0.844460615614255
base,37,beta_NQ_2,0.997225200018129
base,37,beta_NQ_3,0.996365600021497
base,37,beta_NQ_4,0.995681300022457
base,37,beta_NQ_5,0.994247700028777
base,37,beta_NQ_6,0.991422800037442
base,37,beta_NQ_7,0.988053900061853
base,37,beta_NQ_8,0.98364380007684
base,37,beta_NQ_9,0.977804100110823
base,37,beta_NQ_10,0.970177700138194
base,37,beta_NQ_11,0.956470600161471
base,37,beta_NQ_12,0.927696900263621
base,37,beta_NQ_13,0.86492770024111
base,37,beta_NQ_14,0.68333417364961
base,37,beta_NQ_15,0.43061488215329
base,37,beta_NQ_16,0.25730062920761
base,37,beta_NQ_17,0.173067711307281
base,37,h_NQ_2,360.3863342
base,37,h_NQ_3,275.148580258
base,37,h_NQ_4,231.55116125716
base,37,h_NQ_5,173.843506095716
base,37,h_NQ_6,116.588163922509
base,37,h_NQ_7,83.7093277593015
base,37,h_NQ_8,61.1388953343631
base,37,h_NQ_9,45.0533657178145
base,37,h_NQ_10,33.5319542788965
base,37,h_NQ_11,22.972979177063
base,37,h_NQ_12,13.8306656192094
base,37,h_NQ_13,7.40344245316118
base,37,h_NQ_14,3.15789339829003
base,37,h_NQ_15,1.75628028341234
base,37,h_NQ_16,1.34643976052113
base,37,h_NQ_17,1.20928883499991
base,37,P_NQ_1,0.6083576919
base,37,P_NQ_2,0.149789721513782
base,37,P_NQ_3,0.161070686185868
base,37,P_NQ_4,0.170608392463616
base,37,P_NQ_5,0.17339162337928
base,37,P_NQ_6,0.171395862554186
base,37,P_NQ_7,0.167480542342446
base,37,P_NQ_8,0.164807837155293
base,37,P_NQ_9,0.171191656793983
base,37,P_NQ_10,0.181281031289654
base,37,P_NQ_11,0.179650487944154
base,37,P_NQ_12,0.165435052985807
base,37,P_NQ_13,0.147889416662077
base,37,P_NQ_14,0.122267865156069
base,37,P_NQ_15,0.0856305498421704
base,37,P_NQ_16,0.0379105774682054
base,37,P_NQ_17,0.0122836965654821
base,37,L_NQ,1.57148721886977
base,37,pi_Q,0.3
base,37,pi_NQ,0.7
base,37,y,10.2285572700468
base,37,nbar,6.03948248690484
base,37,Ptot,4.10063233271071
base,37,Pret,1.33192660237447
base,37,H,742.000155202481
base,37,cCheck,0
base,37,shareq,0.3
base,37,A,2.904788876
base,37,A_Q,2
base,37,xpop,0.869082417
base,37,h_Q_1,100
base,37,mig_Q_2,-0.196819844
base,37,med_Q_2,2025.59312
base,37,mig_Q_3,0.002326976
base,37,med_Q_3,-302.6219252
base,37,mig_Q_4,0.002300641
base,37,med_Q_4,-390.813927
base,37,mig_Q_5,0.001045509
base,37,med_Q_5,-285.1251743
base,37,mig_Q_6,0.000226735
base,37,med_Q_6,-219.0520561
base,37,mig_Q_7,-7.56255e-05
base,37,med_Q_7,-107.1222848
base,37,mig_Q_8,8.89106e-05
base,37,med_Q_8,-62.55511429
base,37,mig_Q_9,0.000264954
base,37,med_Q_9,-38.35724366
base,37,mig_Q_10,0.000244975
base,37,med_Q_10,-23.65469138
base,37,mig_Q_11,0.000354073
base,37,med_Q_11,-18.75773914
base,37,mig_Q_12,0.000656899
base,37,med_Q_12,-11.51198904
base,37,mig_Q_13,0.001716376
base,37,med_Q_13,-8.404581474
base,37,mig_Q_14,0.005613495
base,37,med_Q_14,-5.97235645
base,37,mig_Q_15,0.007979699
base,37,med_Q_15,-2.033978476
base,37,mig_Q_16,0.004121764
base,37,med_Q_16,-0.563064133
base,37,mig_Q_17,0.001735433
base,37,med_Q_17,-0.158599827
base,37,h_NQ_1,100
base,37,mig_NQ_2,-0.457708733
base,37,med_NQ_2,262.3863342
base,37,mig_NQ_3,0.00594275
base,37,med_NQ_3,-47.51703283
base,37,mig_NQ_4,0.005977107
base,37,med_NQ_4,-15.04555249
base,37,mig_NQ_5,0.003233734
base,37,med_NQ_5,-33.98175105
base,37,mig_NQ_6,0.001640998
base,37,med_NQ_6,-39.50504598
base,37,mig_NQ_7,0.001238269
base,37,med_NQ_7,-21.00159533
base,37,mig_NQ_8,0.001955073
base,37,med_NQ_8,-14.03234936
base,37,mig_NQ_9,0.002835636
base,37,med_NQ_9,-9.849825396
base,37,mig_NQ_10,0.003351753
base,37,med_NQ_10,-6.923959099
base,37,mig_NQ_11,0.004220684
base,37,med_NQ_11,-7.158245376
base,37,mig_NQ_12,0.006690948
base,37,med_NQ_12,-6.843829218
base,37,mig_NQ_13,0.012370458
base,37,med_NQ_13,-5.031196391
base,37,mig_NQ_14,0.02715225
base,37,med_NQ_14,-3.558534221
base,37,mig_NQ_15,0.03317836
base,37,med_NQ_15,-1.214036853
base,37,mig_NQ_16,0.01746382
base,37,med_NQ_16,-0.341835105
base,37,mig_NQ_17,0.006568419
base,37,med_NQ_17,-0.092165763
base,38,beta_Q_2,0.999568200000053
base,38,beta_Q_3,0.999427900002499
base,38,beta_Q_4,0.999125300002665
base,38,beta_Q_5,0.998610600004699
base,38,beta_Q_6,0.99756670000557
base,38,beta_Q_7,0.996071600020035
base,38,beta_Q_8,0.993815100014264
base,38,beta_Q_9,0.990396300068338
base,38,beta_Q_10,0.985298600117092
base,38,beta_Q_11,0.97549610006666
base,38,beta_Q_12,0.958917500358997
base,38,beta_Q_13,0.920870500447117
base,38,beta_Q_14,0.790297703474856
base,38,beta_Q_15,0.558789475281718
base,38,beta_Q_16,0.366920881115519
base,38,beta_Q_17,0.260687442821327
base,38,h_Q_2,2315.886985
base,38,h_Q_3,1747.9461637
base,38,h_Q_4,1143.2491136728
base,38,h_Q_5,719.735137690136
base,38,h_Q_6,410.964533488813
base,38,h_Q_7,254.556562981753
base,38,h_Q_8,161.684101447562
base,38,h_Q_9,104.126534932427
base,38,h_Q_10,68.0207330175611
base,38,h_Q_11,40.8098302475472
base,38,h_Q_12,24.3412646300554
base,38,h_Q_13,12.6375119628085
base,38,h_Q_14,4.76866499096452
base,38,h_Q_15,2.26649074036641
base,38,h_Q_16,1.57958115478708
base,38,h_Q_17,1.35260778505071
base,38,P_Q_1,0.2590967487
base,38,P_Q_2,0.0625289608269759
base,38,P_Q_3,0.0664847282840298
base,38,P_Q_4,0.0712673405395902
base,38,P_Q_5,0.0740544743117527
base,38,P_Q_6,0.0743415140398916
base,38,P_Q_7,0.0730670440040275
base,38,P_Q_8,0.0713847605926565
base,38,P_Q_9,0.0701604270104594
base,38,P_Q_10,0.0724293991869704
base,38,P_Q_11,0.0759404541442475
base,38,P_Q_12,0.0741563986919462
base,38,P_Q_13,0.0664655249553677
base,38,P_Q_14,0.0552148140583742
base,38,P_Q_15,0.036484166830916
base,38,P_Q_16,0.0171709811661188
base,38,P_Q_17,0.005974531333937
base,38,L_Q,0.835891870569041
base,38,beta_NQ_2,0.997464300015995
base,38,beta_NQ_3,0.996675100019245
base,38,beta_NQ_4,0.996043500019936
base,38,beta_NQ_5,0.994728000025726
base,38,beta_NQ_6,0.992136900037798
base,38,beta_NQ_7,0.989050400046141
base,38,beta_NQ_8,0.985008700077773
base,38,beta_NQ_9,0.979658700095401
base,38,beta_NQ_10,0.972651100127127
base,38,beta_NQ_11,0.960022400159869
base,38,beta_NQ_12,0.933681600270537
base,38,beta_NQ_13,0.875026600078505
base,38,beta_NQ_14,0.696164700086067
base,38,beta_NQ_15,0.441618881633693
base,38,beta_NQ_16,0.267671329732066
base,38,beta_NQ_17,0.182527816656613
base,38,h_NQ_2,394.368419
base,38,h_NQ_3,300.760925186
base,38,h_NQ_4,252.74864150284
base,38,h_NQ_5,189.681335382017
base,38,h_NQ_6,127.176304533802
base,38,h_NQ_7,91.3275370340585
base,38,h_NQ_8,66.7053558041155
base,38,h_NQ_9,49.1610663976759
base,38,h_NQ_10,36.5645419074582
base,38,h_NQ_11,25.0140078473186
base,38,h_NQ_12,15.0787714975217
base,38,h_NQ_13,8.00170275282522
base,38,h_NQ_14,3.29125681009796
base,38,h_NQ_15,1.79089123232423
base,38,h_NQ_16,1.3655070467441
base,38,h_NQ_17,1.22328319231071
base,38,P_NQ_1,0.6045590803
base,38,P_NQ_2,0.145900909987545
base,38,P_NQ_3,0.155131032753132
base,38,P_NQ_4,0.166290460217054
base,38,P_NQ_5,0.172793771812557
base,38,P_NQ_6,0.173463531753724
base,38,P_NQ_7,0.170489774451129
base,38,P_NQ_8,0.166564443108653
base,38,P_NQ_9,0.163707661900842
base,38,P_NQ_10,0.169001932871234
base,38,P_NQ_11,0.177194392795506
base,38,P_NQ_12,0.173031599796639
base,38,P_NQ_13,0.15508622291828
base,38,P_NQ_14,0.128834711326304
base,38,P_NQ_15,0.0851297693453152
base,38,P_NQ_16,0.040065629353784
base,38,P_NQ_17,0.0139405718767597
base,38,L_NQ,1.55611189306161
base,38,pi_Q,0.3
base,38,pi_NQ,0.7
base,38,y,10.9256576713303
base,38,nbar,6.05105075642315
base,38,Ptot,4.08740776524572
base,38,Pret,1.3461211006517
base,38,H,785.95316188164
base,38,cCheck,-1.33226762955019e-15
base,38,shareq,0.3
base,38,A,3.098603676
base,38,A_Q,2
base,38,xpop,0.863655829
base,38,h_Q_1,100
base,38,mig_Q_2,-0.198072989
base,38,med_Q_2,2217.886985
base,38,mig_Q_3,0.002329146
base,38,med_Q_3,-333.1750939
base,38,mig_Q_4,0.002302687
base,38,med_Q_4,-429.0274783
base,38,mig_Q_5,0.001046948
base,38,med_Q_5,-310.8674496
base,38,mig_Q_6,0.000227162
base,38,med_Q_6,-238.3430923
base,38,mig_Q_7,-7.48522e-05
base,38,med_Q_7,-116.3464729
base,38,mig_Q_8,8.99166e-05
base,38,med_Q_8,-67.95854632
base,38,mig_Q_9,0.000266495
base,38,med_Q_9,-41.65039698
base,38,mig_Q_10,0.000235023
base,38,med_Q_10,-25.77263475
base,38,mig_Q_11,0.000318187
base,38,med_Q_11,-20.46161473
base,38,mig_Q_12,0.000613246
base,38,med_Q_12,-12.4474556
base,38,mig_Q_13,0.001653402
base,38,med_Q_13,-9.23353371
base,38,mig_Q_14,0.0057819
base,38,med_Q_14,-6.643244463
base,38,mig_Q_15,0.007795794
base,38,med_Q_15,-2.18664785
base,38,mig_Q_16,0.004165919
base,38,med_Q_16,-0.586083777
base,38,mig_Q_17,0.001940788
base,38,med_Q_17,-0.165296486
base,38,h_NQ_1,100
base,38,mig_NQ_2,-0.460768711
base,38,med_NQ_2,296.368419
base,38,mig_NQ_3,0.005885707
base,38,med_NQ_3,-52.41768233
base,38,mig_NQ_4,0.00591539
base,38,med_NQ_4,-16.89696715
base,38,mig_NQ_5,0.00316677
base,38,med_NQ_5,-37.23880265
base,38,mig_NQ_6,0.001559123
base,38,med_NQ_6,-43.19033144
base,38,mig_NQ_7,0.001141424
base,38,med_NQ_7,-22.92886361
base,38,mig_NQ_8,0.001823246
base,38,med_NQ_8,-15.3297854
base,38,mig_NQ_9,0.002557883
base,38,med_NQ_9,-10.75505103
base,38,mig_NQ_10,0.002915605
base,38,med_NQ_10,-7.587756496
base,38,mig_NQ_11,0.003804416
base,38,med_NQ_11,-7.847307346
base,38,mig_NQ_12,0.006370399
base,38,med_NQ_12,-7.434748096
base,38,mig_NQ_13,0.011996863
base,38,med_NQ_13,-5.552349554
base,38,mig_NQ_14,0.027776819
base,38,med_NQ_14,-3.964116794
base,38,mig_NQ_15,0.032479407
base,38,med_NQ_15,-1.303844298
base,38,mig_NQ_16,0.018032835
base,38,med_NQ_16,-0.355647631
base,38,mig_NQ_17,0.007379475
base,38,med_NQ_17,-0.096227773
base,39,beta_Q_2,0.999603899999967
base,39,beta_Q_3,0.999474600002111
base,39,beta_Q_4,0.999195000002855
base,39,beta_Q_5,0.998720500003238
base,39,beta_Q_6,0.997758200007427
base,39,beta_Q_7,0.996382400006829
base,39,beta_Q_8,0.994307500034205
base,39,beta_Q_9,0.991169500019056
base,39,beta_Q_10,0.986482100112318
base,39,beta_Q_11,0.977451700220128
base,39,beta_Q_12,0.962326900128625
base,39,beta_Q_13,0.927091300713865
base,39,beta_Q_14,0.800196801424613
base,39,beta_Q_15,0.569889304973353
base,39,beta_Q_16,0.379410572850551
base,39,beta_Q_17,0.273184741856162
base,39,h_Q_2,2524.614996
base,39,h_Q_3,1903.3117627
base,39,h_Q_4,1242.236025326
base,39,h_Q_5,781.555294699344
base,39,h_Q_6,446.070122436333
base,39,h_Q_7,276.426359719037
base,39,h_Q_8,175.669741392118
base,39,h_Q_9,113.243870528611
base,39,h_Q_10,73.9759877537787
base,39,h_Q_11,44.3492416972099
base,39,h_Q_12,26.5441388925962
base,39,h_Q_13,13.7157843574543
base,39,h_Q_14,5.00492488155233
base,39,h_Q_15,2.32498184314523
base,39,h_Q_16,1.61137104855908
base,39,h_Q_17,1.37586532669134
base,39,P_Q_1,0.2555920764
base,39,P_Q_2,0.0623397977239251
base,39,P_Q_3,0.0648241100086431
base,39,P_Q_4,0.068731258092377
base,39,P_Q_5,0.0722168906969794
base,39,P_Q_6,0.0741017545598225
base,39,P_Q_7,0.0739753860376267
base,39,P_Q_8,0.0727052830446092
base,39,P_Q_9,0.0709660057722311
base,39,P_Q_10,0.0693600715170231
base,39,P_Q_11,0.070930743437061
base,39,P_Q_12,0.0733555624641289
base,39,P_Q_13,0.0698905029748084
base,39,P_Q_14,0.0584558887324778
base,39,P_Q_15,0.0390966439754565
base,39,P_Q_16,0.0174637696403653
base,39,P_Q_17,0.00663140917092868
base,39,L_Q,0.829752358317115
base,39,beta_NQ_2,0.997681800013747
base,39,beta_NQ_3,0.996957400016921
base,39,beta_NQ_4,0.996374000017807
base,39,beta_NQ_5,0.995166600022802
base,39,beta_NQ_6,0.992789300033518
base,39,beta_NQ_7,0.989960900047722
base,39,beta_NQ_8,0.986256200054668
base,39,beta_NQ_9,0.981354200099155
base,39,beta_NQ_10,0.974914800107839
base,39,beta_NQ_11,0.963279400148988
base,39,beta_NQ_12,0.939180200282435
base,39,beta_NQ_13,0.884425600157337
base,39,beta_NQ_14,0.708567599236426
base,39,beta_NQ_15,0.452531586785371
base,39,beta_NQ_16,0.278098627390911
base,39,beta_NQ_17,0.192138416242411
base,39,h_NQ_2,431.3691657
base,39,h_NQ_3,328.66627229
base,39,h_NQ_4,275.78599011228
base,39,h_NQ_5,206.893698042783
base,39,h_NQ_6,138.682790874376
base,39,h_NQ_7,99.6105228731256
base,39,h_NQ_8,72.7600808633773
base,39,h_NQ_9,53.6313808280332
base,39,h_NQ_10,39.8641429967224
base,39,h_NQ_11,27.2326704963091
base,39,h_NQ_12,16.4420139523722
base,39,h_NQ_13,8.65243513657131
base,39,h_NQ_14,3.43132746176872
base,39,h_NQ_15,1.826589110896
base,39,h_NQ_16,1.38523071767775
base,39,h_NQ_17,1.23783578780921
base,39,P_NQ_1,0.5963815116
base,39,P_NQ_2,0.145459527849753
base,39,P_NQ_3,0.151256257054735
base,39,P_NQ_4,0.160372934825137
base,39,P_NQ_5,0.168506076915068
base,39,P_NQ_6,0.172904092111949
base,39,P_NQ_7,0.172609231474437
base,39,P_NQ_8,0.169645664108659
base,39,P_NQ_9,0.165587347817938
base,39,P_NQ_10,0.161840165447094
base,39,P_NQ_11,0.165505071226699
base,39,P_NQ_12,0.171162979224274
base,39,P_NQ_13,0.163077841476197
base,39,P_NQ_14,0.136397072865385
base,39,P_NQ_15,0.0912255561315218
base,39,P_NQ_16,0.0407488005604446
base,39,P_NQ_17,0.0154732878489193
base,39,L_NQ,1.54418649458351
base,39,pi_Q,0.3
base,39,pi_NQ,0.7
base,39,y,11.6871592264147
base,39,nbar,6.07518130293234
base,39,Ptot,4.06879057278667
base,39,Pret,1.35061536669278
base,39,H,836.043352616406
base,39,cCheck,4.44089209850063e-16
base,39,shareq,0.3
base,39,A,3.305350285
base,39,A_Q,2
base,39,xpop,0.851973588
base,39,h_Q_1,100
base,39,mig_Q_2,-0.196645073
base,39,med_Q_2,2426.614996
base,39,mig_Q_3,0.002330922
base,39,med_Q_3,-366.2574826
base,39,mig_Q_4,0.002304684
base,39,med_Q_4,-470.7512151
base,39,mig_Q_5,0.001048569
base,39,med_Q_5,-338.8288367
base,39,mig_Q_6,0.000227477
base,39,med_Q_6,-259.2703125
base,39,mig_Q_7,-7.40848e-05
base,39,med_Q_7,-126.3188831
base,39,mig_Q_8,9.01514e-05
base,39,med_Q_8,-73.79569033
base,39,mig_Q_9,0.000266803
base,39,med_Q_9,-45.20654889
base,39,mig_Q_10,0.000231101
base,39,med_Q_10,-28.06801648
base,39,mig_Q_11,0.000276147
base,39,med_Q_11,-22.31107666
base,39,mig_Q_12,0.000534932
base,39,med_Q_12,-13.44949475
base,39,mig_Q_13,0.001602063
base,39,med_Q_13,-10.13865498
base,39,mig_Q_14,0.005928337
base,39,med_Q_14,-7.379836842
base,39,mig_Q_15,0.008243187
base,39,med_Q_15,-2.348309848
base,39,mig_Q_16,0.004076967
base,39,med_Q_16,-0.609789877
base,39,mig_Q_17,0.00215515
base,39,med_Q_17,-0.172124205
base,39,h_NQ_1,100
base,39,mig_NQ_2,-0.457566572
base,39,med_NQ_2,333.3691657
base,39,mig_NQ_3,0.005840453
base,39,med_NQ_3,-57.81477833
base,39,mig_NQ_4,0.005855678
base,39,med_NQ_4,-18.95971657
base,39,mig_NQ_5,0.0030923
base,39,med_NQ_5,-40.79997063
base,39,mig_NQ_6,0.001469015
base,39,med_NQ_6,-47.2049178
base,39,mig_NQ_7,0.001045056
base,39,med_NQ_7,-25.02225557
base,39,mig_NQ_8,0.001711753
base,39,med_NQ_8,-16.74090543
base,39,mig_NQ_9,0.002411042
base,39,med_NQ_9,-11.73986786
base,39,mig_NQ_10,0.002609728
base,39,med_NQ_10,-8.313702073
base,39,mig_NQ_11,0.00325943
base,39,med_NQ_11,-8.600580573
base,39,mig_NQ_12,0.005719835
base,39,med_NQ_12,-8.071713738
base,39,mig_NQ_13,0.011670589
base,39,med_NQ_13,-6.124760931
base,39,mig_NQ_14,0.028431519
base,39,med_NQ_14,-4.410341236
base,39,mig_NQ_15,0.034329715
base,39,med_NQ_15,-1.398842563
base,39,mig_NQ_16,0.017962002
base,39,med_NQ_16,-0.36984269
base,39,mig_NQ_17,0.008160196
base,39,med_NQ_17,-0.100361118
base,40,beta_Q_2,0.999636500000018
base,40,beta_Q_3,0.999517400001801
base,40,beta_Q_4,0.999258900002399
base,40,beta_Q_5,0.998821100004006
base,40,beta_Q_6,0.997933700004122
base,40,beta_Q_7,0.996667100011858
base,40,beta_Q_8,0.994758700007863
base,40,beta_Q_9,0.991877200059801
base,40,beta_Q_10,0.987565600018708
base,40,beta_Q_11,0.979243900216687
base,40,beta_Q_12,0.965447200497108
base,40,beta_Q_13,0.932826800056707
base,40,beta_Q_14,0.809645203400457
base,40,beta_Q_15,0.580780797150348
base,40,beta_Q_16,0.391829833419432
base,40,beta_Q_17,0.285743130665332
base,40,h_Q_2,2751.031637
base,40,h_Q_3,2072.10940718
base,40,h_Q_4,1349.345567646
base,40,h_Q_5,848.24836761948
base,40,h_Q_6,483.956830705357
base,40,h_Q_7,300.039005287607
base,40,h_Q_8,190.792360384656
base,40,h_Q_9,123.110258044275
base,40,h_Q_10,80.4220547980389
base,40,h_Q_11,48.1786080887031
base,40,h_Q_12,28.9412148932657
base,40,h_Q_13,14.8868893847443
base,40,h_Q_14,5.25334805230518
base,40,h_Q_15,2.38538582592129
base,40,h_Q_16,1.64427635728233
base,40,h_Q_17,1.4000564045879
base,40,P_Q_1,0.2510840766
base,40,P_Q_2,0.0627617153785294
base,40,P_Q_3,0.0646392403943325
base,40,P_Q_4,0.0670783256002712
base,40,P_Q_5,0.0696934894478703
base,40,P_Q_6,0.0722827908719513
base,40,P_Q_7,0.0737602985530329
base,40,P_Q_8,0.0736447480551378
base,40,P_Q_9,0.0723295520440693
base,40,P_Q_10,0.0702353654107734
base,40,P_Q_11,0.0680472688317039
base,40,P_Q_12,0.0687043054556057
base,40,P_Q_13,0.0694630228194664
base,40,P_Q_14,0.0620235119303991
base,40,P_Q_15,0.0419675088013514
base,40,P_Q_16,0.019143419087262
base,40,P_Q_17,0.00711671040103867
base,40,L_Q,0.822427286465141
base,40,beta_NQ_2,0.997880000012339
base,40,beta_NQ_3,0.997214700014544
base,40,beta_NQ_4,0.996675700015601
base,40,beta_NQ_5,0.995567100020468
base,40,beta_NQ_6,0.993385300029785
base,40,beta_NQ_7,0.990792900042963
base,40,beta_NQ_8,0.987396500058781
base,40,beta_NQ_9,0.982904400064859
base,40,beta_NQ_10,0.976986300116934
base,40,beta_NQ_11,0.966265800122897
base,40,beta_NQ_12,0.94422940026924
base,40,beta_NQ_13,0.893164200252032
base,40,beta_NQ_14,0.720547299631331
base,40,beta_NQ_15,0.463347285867549
base,40,beta_NQ_16,0.288572434125484
base,40,beta_NQ_17,0.201887813207291
base,40,h_NQ_2,471.6981132
base,40,h_NQ_3,359.027752816
base,40,h_NQ_4,300.8152092442
base,40,h_NQ_5,225.585959570034
base,40,h_NQ_6,151.178435931928
base,40,h_NQ_7,108.611832196889
base,40,h_NQ_8,79.3430396456631
base,40,h_NQ_9,58.4945833561098
base,40,h_NQ_10,43.4523783994725
base,40,h_NQ_11,29.6435071787879
base,40,h_NQ_12,17.9305942613829
base,40,h_NQ_13,9.36015830232477
base,40,h_NQ_14,3.57842310583989
base,40,h_NQ_15,1.86340217553335
base,40,h_NQ_16,1.40562441067808
base,40,h_NQ_17,1.25295665732419
base,40,P_NQ_1,0.5858628454
base,40,P_NQ_2,0.146444001988007
base,40,P_NQ_3,0.150824894692779
base,40,P_NQ_4,0.156516093869348
base,40,P_NQ_5,0.16261814128561
base,40,P_NQ_6,0.168659843151905
base,40,P_NQ_7,0.172107361649079
base,40,P_NQ_8,0.171837743728334
base,40,P_NQ_9,0.168768959001643
base,40,P_NQ_10,0.163882522098312
base,40,P_NQ_11,0.158776957491889
base,40,P_NQ_12,0.16031004894245
base,40,P_NQ_13,0.162080384625146
base,40,P_NQ_14,0.144721528623448
base,40,P_NQ_15,0.0979241698166527
base,40,P_NQ_16,0.0446679869431487
base,40,P_NQ_17,0.0166056560034617
base,40,L_NQ,1.52966388835447
base,40,pi_Q,0.3
base,40,pi_NQ,0.7
base,40,y,12.4949454815277
base,40,nbar,6.0946755942587
base,40,Ptot,4.04658448899401
base,40,Pret,1.35567036728211
base,40,H,894.682346444007
base,40,cCheck,-4.44089209850063e-16
base,40,shareq,0.3
base,40,A,3.525891547
base,40,A_Q,2
base,40,xpop,0.836946922
base,40,h_Q_1,100
base,40,mig_Q_2,-0.192729121
base,40,med_Q_2,2653.031637
base,40,mig_Q_3,0.002332196
base,40,med_Q_3,-402.0132889
base,40,mig_Q_4,0.002306399
base,40,med_Q_4,-515.8999598
base,40,mig_Q_5,0.001050173
base,40,med_Q_5,-369.1429372
base,40,mig_Q_6,0.000227796
base,40,med_Q_6,-281.9673581
base,40,mig_Q_7,-7.33855e-05
base,40,med_Q_7,-137.1097147
base,40,mig_Q_8,9.04669e-05
base,40,med_Q_8,-80.10547214
base,40,mig_Q_9,0.000266293
base,40,med_Q_9,-49.04608852
base,40,mig_Q_10,0.000228671
base,40,med_Q_10,-30.55693832
base,40,mig_Q_11,0.000251149
base,40,med_Q_11,-24.31785991
base,40,mig_Q_12,0.000445743
base,40,med_Q_12,-14.52104197
base,40,mig_Q_13,0.001455719
base,40,med_Q_13,-11.12636673
base,40,mig_Q_14,0.006097355
base,40,med_Q_14,-8.188120618
base,40,mig_Q_15,0.008654123
base,40,med_Q_15,-2.519440558
base,40,mig_Q_16,0.004309739
base,40,med_Q_16,-0.634205849
base,40,mig_Q_17,0.002345875
base,40,med_Q_17,-0.179087223
base,40,h_NQ_1,100
base,40,mig_NQ_2,-0.448554978
base,40,med_NQ_2,373.6981132
base,40,mig_NQ_3,0.005807942
base,40,med_NQ_3,-63.71402957
base,40,mig_NQ_4,0.005808292
base,40,med_NQ_4,-21.2777376
base,40,mig_NQ_5,0.003020353
base,40,med_NQ_5,-44.68431074
base,40,mig_NQ_6,0.001368813
base,40,med_NQ_6,-51.57738815
base,40,mig_NQ_7,0.000939071
base,40,med_NQ_7,-27.29730286
base,40,mig_NQ_8,0.001600819
base,40,med_NQ_8,-18.27527277
base,40,mig_NQ_9,0.002286474
base,40,med_NQ_9,-12.81029589
base,40,mig_NQ_10,0.002448966
base,40,med_NQ_10,-9.106374812
base,40,mig_NQ_11,0.00287966
base,40,med_NQ_11,-9.423352958
base,40,mig_NQ_12,0.004870963
base,40,med_NQ_12,-8.757422825
base,40,mig_NQ_13,0.010699464
base,40,med_NQ_13,-6.753015371
base,40,mig_NQ_14,0.029169854
base,40,med_NQ_14,-4.900963328
base,40,mig_NQ_15,0.036200186
base,40,med_NQ_15,-1.499298737
base,40,mig_NQ_16,0.019298285
base,40,med_NQ_16,-0.384432918
base,40,mig_NQ_17,0.008776246
base,40,med_NQ_17,-0.104569446
fc,1,beta_Q_2,0.973436404874763
fc,1,beta_Q_3,0.970539000001623
fc,1,beta_Q_4,0.965744200006298
fc,1,beta_Q_5,0.961176300029427
fc,1,beta_Q_6,0.955116300619925
fc,1,beta_Q_7,0.940183999984989
fc,1,beta_Q_8,0.909499218945487
fc,1,beta_Q_9,0.85988771100122
fc,1,beta_Q_10,0.781753818094209
fc,1,beta_Q_11,0.658329466557867
fc,1,beta_Q_12,0.512809028093422
fc,1,beta_Q_13,0.344799901709008
fc,1,beta_Q_14,0.210284003873888
fc,1,beta_Q_15,0.118657324974081
fc,1,beta_Q_16,0.0591105026749442
fc,1,beta_Q_17,0.031131000636637
fc,1,h_Q_2,37.64549986
fc,1,h_Q_3,33.94317912
fc,1,h_Q_4,29.19213681
fc,1,h_Q_5,25.75746258
fc,1,h_Q_6,22.27980314
fc,1,h_Q_7,16.7179349964
fc,1,h_Q_8,11.049626084672
fc,1,h_Q_9,7.13713214817855
fc,1,h_Q_10,4.58198126301498
fc,1,h_Q_11,2.92679557875468
fc,1,h_Q_12,2.05258307497959
fc,1,h_Q_13,1.52625129347999
fc,1,h_Q_14,1.26627752601038
fc,1,h_Q_15,1.13462803749019
fc,1,h_Q_16,1.06282406454038
fc,1,h_Q_17,1.03213127924955
fc,1,P_Q_1,0.2522852124
fc,1,P_Q_2,0.0592788505108232
fc,1,P_Q_3,0.0529788315263616
fc,1,P_Q_4,0.0516187991809102
fc,1,P_Q_5,0.0480152225133509
fc,1,P_Q_6,0.0426744931906979
fc,1,P_Q_7,0.0407094252183056
fc,1,P_Q_8,0.0361254806344776
fc,1,P_Q_9,0.0316353121871109
fc,1,P_Q_10,0.0252264559898656
fc,1,P_Q_11,0.0186772111554823
fc,1,P_Q_12,0.011249689408626
fc,1,P_Q_13,0.00531388564243529
fc,1,P_Q_14,0.00164097968469545
fc,1,P_Q_15,0.000304585058292062
fc,1,P_Q_16,3.2652531888111e-05
fc,1,P_Q_17,2.01287823792251e-06
fc,1,L_Q,0.779346335781464
fc,1,beta_NQ_2,0.939491000019456
fc,1,beta_NQ_3,0.931619200148016
fc,1,beta_NQ_4,0.925826700715022
fc,1,beta_NQ_5,0.916842509905461
fc,1,beta_NQ_6,0.905218099976406
fc,1,beta_NQ_7,0.883457900039542
fc,1,beta_NQ_8,0.843435236949881
fc,1,beta_NQ_9,0.785066520379141
fc,1,beta_NQ_10,0.701200501908016
fc,1,beta_NQ_11,0.582111699569906
fc,1,beta_NQ_12,0.433853272111351
fc,1,beta_NQ_13,0.278824341886696
fc,1,beta_NQ_14,0.164751615202972
fc,1,beta_NQ_15,0.0914522727890728
fc,1,beta_NQ_16,0.0448453010253704
fc,1,beta_NQ_17,0.0234374042852502
fc,1,h_NQ_2,16.52646714
fc,1,h_NQ_3,14.62398802
fc,1,h_NQ_4,13.48194027
fc,1,h_NQ_5,12.02537354
fc,1,h_NQ_6,10.5505376
fc,1,h_NQ_7,8.58059018639999
fc,1,h_NQ_8,6.387123554672
fc,1,h_NQ_9,4.65260184817856
fc,1,h_NQ_10,3.34672581301498
fc,1,h_NQ_11,2.39298395875468
fc,1,h_NQ_12,1.76632258497959
fc,1,h_NQ_13,1.38662464347999
fc,1,h_NQ_14,1.19724704601039
fc,1,h_NQ_15,1.10064773749018
fc,1,h_NQ_16,1.04695082454037
fc,1,h_NQ_17,1.02399989924956
fc,1,P_NQ_1,0.5886654956
fc,1,P_NQ_2,0.138317317858587
fc,1,P_NQ_3,0.123617274894843
fc,1,P_NQ_4,0.120443865422124
fc,1,P_NQ_5,0.112035520531152
fc,1,P_NQ_6,0.0995738157782948
fc,1,P_NQ_7,0.0949886588427129
fc,1,P_NQ_8,0.0842927891471142
fc,1,P_NQ_9,0.0738157284365917
fc,1,P_NQ_10,0.0588617313096862
fc,1,P_NQ_11,0.0435801576961252
fc,1,P_NQ_12,0.026249274286794
fc,1,P_NQ_13,0.0123990668323489
fc,1,P_NQ_14,0.00382895393095584
fc,1,P_NQ_15,0.000710697469347821
fc,1,P_NQ_16,7.6189241072e-05
fc,1,P_NQ_17,4.69538255498669e-06
fc,1,L_NQ,1.37439903769193
fc,1,pi_Q,0.3
fc,1,pi_NQ,0.7
fc,1,y,0.294964969146383
fc,1,nbar,5.57491468767415
fc,1,Ptot,2.25923033237186
fc,1,Pret,0.208158238498408
fc,1,H,102.937051194269
fc,1,cCheck,-1.33226762955019e-15
fc,1,shareq,0.3
fc,1,A,0.088593872
fc,1,A_Q,2
fc,1,xpop,0.840950708
fc,1,h_Q_1,100
fc,1,mig_Q_2,-0.237659925
fc,1,med_Q_2,-60.35450014
fc,1,mig_Q_3,-0.24086812
fc,1,med_Q_3,-62.09682088
fc,1,mig_Q_4,-0.23910608
fc,1,med_Q_4,-64.92706319
fc,1,mig_Q_5,-0.239557717
fc,1,med_Q_5,-66.47935342
fc,1,mig_Q_6,-0.241717051
fc,1,med_Q_6,-68.11227654
fc,1,mig_Q_7,-0.240471711
fc,1,med_Q_7,-71.86630309
fc,1,mig_Q_8,-0.24181671
fc,1,med_Q_8,-75.76292724
fc,1,mig_Q_9,-0.243039903
fc,1,med_Q_9,-77.93917011
fc,1,mig_Q_10,-0.246154295
fc,1,med_Q_10,-78.79279495
fc,1,mig_Q_11,-0.249382162
fc,1,med_Q_11,-78.78048511
fc,1,mig_Q_12,-0.253462002
fc,1,med_Q_12,-78.020552
fc,1,mig_Q_13,-0.256024465
fc,1,med_Q_13,-76.94542108
fc,1,mig_Q_14,-0.256299052
fc,1,med_Q_14,-75.6359614
fc,1,mig_Q_15,-0.254212866
fc,1,med_Q_15,-74.22956611
fc,1,mig_Q_16,-0.25103871
fc,1,med_Q_16,-72.7940862
fc,1,mig_Q_17,-0.247600544
fc,1,med_Q_17,-71.34764078
fc,1,h_NQ_1,100
fc,1,mig_NQ_2,-0.554539825
fc,1,med_NQ_2,-81.47353286
fc,1,mig_NQ_3,-0.562025612
fc,1,med_NQ_3,-81.41601198
fc,1,mig_NQ_4,-0.557914186
fc,1,med_NQ_4,-80.63725973
fc,1,mig_NQ_5,-0.558968005
fc,1,med_NQ_5,-80.21144246
fc,1,mig_NQ_6,-0.564006454
fc,1,med_NQ_6,-79.84154208
fc,1,mig_NQ_7,-0.561100659
fc,1,med_NQ_7,-80.0036479
fc,1,mig_NQ_8,-0.564238989
fc,1,med_NQ_8,-80.42542977
fc,1,mig_NQ_9,-0.567093107
fc,1,med_NQ_9,-80.42370041
fc,1,mig_NQ_10,-0.574360021
fc,1,med_NQ_10,-80.0280504
fc,1,mig_NQ_11,-0.581891713
fc,1,med_NQ_11,-79.31429673
fc,1,mig_NQ_12,-0.591411339
fc,1,med_NQ_12,-78.30681249
fc,1,mig_NQ_13,-0.597390418
fc,1,med_NQ_13,-77.08504773
fc,1,mig_NQ_14,-0.59803112
fc,1,med_NQ_14,-75.70499188
fc,1,mig_NQ_15,-0.593163355
fc,1,med_NQ_15,-74.26354641
fc,1,mig_NQ_16,-0.58575699
fc,1,med_NQ_16,-72.80995944
fc,1,mig_NQ_17,-0.577734604
fc,1,med_NQ_17,-71.35577216
fc,2,beta_Q_2,0.974250899998791
fc,2,beta_Q_3,0.971050702827941
fc,2,beta_Q_4,0.966497808579101
fc,2,beta_Q_5,0.96060350176663
fc,2,beta_Q_6,0.953428799997687
fc,2,beta_Q_7,0.938990908940442
fc,2,beta_Q_8,0.907364226102163
fc,2,beta_Q_9,0.855505422354817
fc,2,beta_Q_10,0.777190539425623
fc,2,beta_Q_11,0.653229715740918
fc,2,beta_Q_12,0.507151509662807
fc,2,beta_Q_13,0.340206902132967
fc,2,beta_Q_14,0.202952405585477
fc,2,beta_Q_15,0.104123564627982
fc,2,beta_Q_16,0.0518962985273525
fc,2,beta_Q_17,0.0269183031357435
fc,2,h_Q_2,38.83630884
fc,2,h_Q_3,34.5431495778
fc,2,h_Q_4,29.8487860516
fc,2,h_Q_5,25.3829654958
fc,2,h_Q_6,21.4724980234
fc,2,h_Q_7,16.3909974132
fc,2,h_Q_8,10.794962634472
fc,2,h_Q_9,6.92066906697856
fc,2,h_Q_10,4.48813897521498
fc,2,h_Q_11,2.88375330475468
fc,2,h_Q_12,2.02902109317958
fc,2,h_Q_13,1.51562664248
fc,2,h_Q_14,1.25463021261039
fc,2,h_Q_15,1.11622528649018
fc,2,h_Q_16,1.05473693974038
fc,2,h_Q_17,1.02766294224957
fc,2,P_Q_1,0.2512048092
fc,2,P_Q_2,0.058626292161722
fc,2,P_Q_3,0.05666953529602
fc,2,P_Q_4,0.0510325992696945
fc,2,P_Q_5,0.0491409534086693
fc,2,P_Q_6,0.0449400987003943
fc,2,P_Q_7,0.0398043877053625
fc,2,P_Q_8,0.0367541314397686
fc,2,P_Q_9,0.0316798898515999
fc,2,P_Q_10,0.0259442070888762
fc,2,P_Q_11,0.0185558133149537
fc,2,P_Q_12,0.0115651525001385
fc,2,P_Q_13,0.00532686380235113
fc,2,P_Q_14,0.00163190114901926
fc,2,P_Q_15,0.000307461259722774
fc,2,P_Q_16,3.2879075902921e-05
fc,2,P_Q_17,2.3670859909966e-06
fc,2,L_Q,0.785199983821915
fc,2,beta_NQ_2,0.940730611341604
fc,2,beta_NQ_3,0.932728204979504
fc,2,beta_NQ_4,0.926524000597335
fc,2,beta_NQ_5,0.915284209720587
fc,2,beta_NQ_6,0.901399100016695
fc,2,beta_NQ_7,0.880705633764917
fc,2,beta_NQ_8,0.839248473866308
fc,2,beta_NQ_9,0.778419779240567
fc,2,beta_NQ_10,0.695314942098422
fc,2,beta_NQ_11,0.576616011674913
fc,2,beta_NQ_12,0.428372303652876
fc,2,beta_NQ_13,0.275077599402946
fc,2,beta_NQ_14,0.159037699960351
fc,2,beta_NQ_15,0.0800507185687133
fc,2,beta_NQ_16,0.0395277962597335
fc,2,beta_NQ_17,0.0203578006828232
fc,2,h_NQ_2,16.87211276
fc,2,h_NQ_3,14.8650697642
fc,2,h_NQ_4,13.6098862216
fc,2,h_NQ_5,11.8041734866
fc,2,h_NQ_6,10.1418952582
fc,2,h_NQ_7,8.382623155
fc,2,h_NQ_8,6.22077789167199
fc,2,h_NQ_9,4.51303454257856
fc,2,h_NQ_10,3.28207713121499
fc,2,h_NQ_11,2.36192203575468
fc,2,h_NQ_12,1.74939037757959
fc,2,h_NQ_13,1.37945799228
fc,2,h_NQ_14,1.18911394461039
fc,2,h_NQ_15,1.08701642209018
fc,2,h_NQ_16,1.04115454374037
fc,2,h_NQ_17,1.02078085304957
fc,2,P_NQ_1,0.5861445548
fc,2,P_NQ_2,0.136794680138193
fc,2,P_NQ_3,0.132228917030036
fc,2,P_NQ_4,0.119076066767275
fc,2,P_NQ_5,0.114662224876335
fc,2,P_NQ_6,0.104860232025077
fc,2,P_NQ_7,0.0928769051864166
fc,2,P_NQ_8,0.085759657978555
fc,2,P_NQ_9,0.0739197446687776
fc,2,P_NQ_10,0.0605364808284439
fc,2,P_NQ_11,0.0432968944523086
fc,2,P_NQ_12,0.0269854100155926
fc,2,P_NQ_13,0.0124293506280187
fc,2,P_NQ_14,0.00380778028763909
fc,2,P_NQ_15,0.000717429539390566
fc,2,P_NQ_16,7.6717841950872e-05
fc,2,P_NQ_17,5.52318804519086e-06
fc,2,L_NQ,1.38465220738385
fc,2,pi_Q,0.3
fc,2,pi_NQ,0.7
fc,2,y,0.219336760815439
fc,2,nbar,3.72923611256563
fc,2,Ptot,2.27739791256224
fc,2,Pret,0.211222232058345
fc,2,H,102.930168581879
fc,2,cCheck,-8.88178419700125e-16
fc,2,shareq,0.3
fc,2,A,0.087292616
fc,2,A_Q,2
fc,2,xpop,0.837349364
fc,2,h_Q_1,100
fc,2,mig_Q_2,-0.186957318
fc,2,med_Q_2,-59.16369116
fc,2,mig_Q_3,-0.000862901
fc,2,med_Q_3,-2.349440285
fc,2,mig_Q_4,-0.0001314
fc,2,med_Q_4,-3.415529486
fc,2,mig_Q_5,-0.000473813
fc,2,med_Q_5,-3.225328578
fc,2,mig_Q_6,-0.000920023
fc,2,med_Q_6,-3.769815305
fc,2,mig_Q_7,-0.000317488
fc,2,med_Q_7,-5.443209664
fc,2,mig_Q_8,-0.000271059
fc,2,med_Q_8,-5.588613662
fc,2,mig_Q_9,0.000616033
fc,2,med_Q_9,-3.907964496
fc,2,mig_Q_10,0.001213181
fc,2,med_Q_10,-2.50625053
fc,2,mig_Q_11,0.001948494
fc,2,med_Q_11,-1.606588333
fc,2,mig_Q_12,0.00198731
fc,2,med_Q_12,-0.839238574
fc,2,mig_Q_13,0.001447972
fc,2,med_Q_13,-0.495904771
fc,2,mig_Q_14,0.000514476
fc,2,med_Q_14,-0.241096055
fc,2,mig_Q_15,0.000112747
fc,2,med_Q_15,-0.124726689
fc,2,mig_Q_16,1.48749e-05
fc,2,med_Q_16,-0.057198537
fc,2,mig_Q_17,1.35058e-06
fc,2,med_Q_17,-0.013904641
fc,2,h_NQ_1,100
fc,2,mig_NQ_2,-0.416251255
fc,2,med_NQ_2,-81.12788724
fc,2,mig_NQ_3,0.003369848
fc,2,med_NQ_3,-1.330868033
fc,2,mig_NQ_4,0.004627893
fc,2,med_NQ_4,-0.721622038
fc,2,mig_NQ_5,0.004234169
fc,2,med_NQ_5,-1.408127978
fc,2,mig_NQ_6,0.003443651
fc,2,med_NQ_6,-1.642970811
fc,2,mig_NQ_7,0.004907631
fc,2,med_NQ_7,-1.956903693
fc,2,mig_NQ_8,0.005642876
fc,2,med_NQ_8,-2.188200491
fc,2,mig_NQ_9,0.007744298
fc,2,med_NQ_9,-1.746346541
fc,2,mig_NQ_10,0.008776855
fc,2,med_NQ_10,-1.27747268
fc,2,mig_NQ_11,0.009032792
fc,2,med_NQ_11,-0.917869261
fc,2,mig_NQ_12,0.008078016
fc,2,med_NQ_12,-0.595733902
fc,2,mig_NQ_13,0.005110414
fc,2,med_NQ_13,-0.351538141
fc,2,mig_NQ_14,0.001765014
fc,2,med_NQ_14,-0.169778206
fc,2,mig_NQ_15,0.000367263
fc,2,med_NQ_15,-0.086285683
fc,2,mig_NQ_16,4.48464e-05
fc,2,med_NQ_16,-0.037480239
fc,2,mig_NQ_17,3.73751e-06
fc,2,med_NQ_17,-0.005230955
fc,3,beta_Q_2,0.960919101309252
fc,3,beta_Q_3,0.963560499994147
fc,3,beta_Q_4,0.964076600018983
fc,3,beta_Q_5,0.962424900003693
fc,3,beta_Q_6,0.956305900022175
fc,3,beta_Q_7,0.942098600001715
fc,3,beta_Q_8,0.912940600055841
fc,3,beta_Q_9,0.865348500041953
fc,3,beta_Q_10,0.785928400220511
fc,3,beta_Q_11,0.667295763074705
fc,3,beta_Q_12,0.521659103888569
fc,3,beta_Q_13,0.359734955973682
fc,3,beta_Q_14,0.216027861519063
fc,3,beta_Q_15,0.117518946854786
fc,3,beta_Q_16,0.057058104084404
fc,3,beta_Q_17,0.0293664387910884
fc,3,h_Q_2,25.58794705
fc,3,h_Q_3,27.4427475632
fc,3,h_Q_4,27.837008749244
fc,3,h_Q_5,26.613368961568
fc,3,h_Q_6,22.886385121884
fc,3,h_Q_7,17.270739566932
fc,3,h_Q_8,11.486410431936
fc,3,h_Q_9,7.42657897978255
fc,3,h_Q_10,4.67133426863899
fc,3,h_Q_11,3.00566297371068
fc,3,h_Q_12,2.09055751265959
fc,3,h_Q_13,1.56185183631599
fc,3,h_Q_14,1.2755554356304
fc,3,h_Q_15,1.13316874435818
fc,3,h_Q_16,1.06051073076037
fc,3,h_Q_17,1.03024839694558
fc,3,P_Q_1,0.251144745
fc,3,P_Q_2,0.0586093814471245
fc,3,P_Q_3,0.0568679813078364
fc,3,P_Q_4,0.0546954727767994
fc,3,P_Q_5,0.0489759793627217
fc,3,P_Q_6,0.0465539002391698
fc,3,P_Q_7,0.0419258031265564
fc,3,P_Q_8,0.0362022537457468
fc,3,P_Q_9,0.0321353347406637
fc,3,P_Q_10,0.0260723886827092
fc,3,P_Q_11,0.0191639110217901
fc,3,P_Q_12,0.0114416167357
fc,3,P_Q_13,0.00554994570476745
fc,3,P_Q_14,0.00169309582291336
fc,3,P_Q_15,0.000315013364756384
fc,3,P_Q_16,3.32503013201689e-05
fc,3,P_Q_17,1.62521993197794e-06
fc,3,L_Q,0.794540727518157
fc,3,beta_NQ_2,0.907806406419834
fc,3,beta_NQ_3,0.911270900013759
fc,3,beta_NQ_4,0.918945800489104
fc,3,beta_NQ_5,0.917890800003294
fc,3,beta_NQ_6,0.906938600037125
fc,3,beta_NQ_7,0.886138300025991
fc,3,beta_NQ_8,0.847883199957314
fc,3,beta_NQ_9,0.791712099862338
fc,3,beta_NQ_10,0.705827079298838
fc,3,beta_NQ_11,0.591640347499391
fc,3,beta_NQ_12,0.442583034971192
fc,3,beta_NQ_13,0.292314147433582
fc,3,beta_NQ_14,0.170047424360433
fc,3,beta_NQ_15,0.090590314338219
fc,3,beta_NQ_16,0.0434898973154973
fc,3,beta_NQ_17,0.0222164146022872
fc,3,h_NQ_2,10.8467399
fc,3,h_NQ_3,11.2702597008
fc,3,h_NQ_4,12.337423602916
fc,3,h_NQ_5,12.178903217168
fc,3,h_NQ_6,10.745593771868
fc,3,h_NQ_7,8.78258448803599
fc,3,h_NQ_8,6.5738958459
fc,3,h_NQ_9,4.80104700783855
fc,3,h_NQ_10,3.39935561472699
fc,3,h_NQ_11,2.44881726659069
fc,3,h_NQ_12,1.79398841503959
fc,3,h_NQ_13,1.413055870028
fc,3,h_NQ_14,1.2048880844344
fc,3,h_NQ_15,1.09961439571818
fc,3,h_NQ_16,1.04546726364838
fc,3,h_NQ_17,1.02271751686557
fc,3,P_NQ_1,0.586004405
fc,3,P_NQ_2,0.136755229371556
fc,3,P_NQ_3,0.132691954456042
fc,3,P_NQ_4,0.127622769201322
fc,3,P_NQ_5,0.114277286667721
fc,3,P_NQ_6,0.108625768309441
fc,3,P_NQ_7,0.0978268761023816
fc,3,P_NQ_8,0.0844719299351259
fc,3,P_NQ_9,0.0749824650314133
fc,3,P_NQ_10,0.0608355749843013
fc,3,P_NQ_11,0.0447157911361322
fc,3,P_NQ_12,0.0266971054175509
fc,3,P_NQ_13,0.0129498898059934
fc,3,P_NQ_14,0.00395055733588084
fc,3,P_NQ_15,0.000735031548177291
fc,3,P_NQ_16,7.75845086637447e-05
fc,3,P_NQ_17,3.79216653525219e-06
fc,3,L_NQ,1.40103174737506
fc,3,pi_Q,0.3
fc,3,pi_NQ,0.7
fc,3,y,0.247526493634585
fc,3,nbar,3.77342829243706
fc,3,Ptot,2.30460570957874
fc,3,Pret,0.214236173757124
fc,3,H,100.932080792939
fc,3,cCheck,0
fc,3,shareq,0.3
fc,3,A,0.097702667
fc,3,A_Q,2
fc,3,xpop,0.83714915
fc,3,h_Q_1,100
fc,3,mig_Q_2,-0.18612713
fc,3,med_Q_2,-72.41205295
fc,3,mig_Q_3,-6.11209e-05
fc,3,med_Q_3,-10.6168351
fc,3,mig_Q_4,-7.55089e-05
fc,3,med_Q_4,-6.015277837
fc,3,mig_Q_5,-4.61142e-05
fc,3,med_Q_5,-2.638441369
fc,3,mig_Q_6,-0.0002985
fc,3,med_Q_6,-1.988921064
fc,3,mig_Q_7,-0.000272541
fc,3,med_Q_7,-3.772308496
fc,3,mig_Q_8,8.51763e-05
fc,3,med_Q_8,-4.576767033
fc,3,mig_Q_9,0.000691976
fc,3,med_Q_9,-3.152484402
fc,3,mig_Q_10,0.001451078
fc,3,med_Q_10,-2.110921417
fc,3,mig_Q_11,0.002216384
fc,3,med_Q_11,-1.392713222
fc,3,mig_Q_12,0.002031008
fc,3,med_Q_12,-0.735520726
fc,3,mig_Q_13,0.001615401
fc,3,med_Q_13,-0.426588835
fc,3,mig_Q_14,0.000611996
fc,3,med_Q_14,-0.209758674
fc,3,mig_Q_15,0.000145094
fc,3,med_Q_15,-0.096368864
fc,3,mig_Q_16,1.72942e-05
fc,3,med_Q_16,-0.03339005
fc,3,mig_Q_17,7.40171e-07
fc,3,med_Q_17,-0.003393804
fc,3,h_NQ_1,100
fc,3,mig_NQ_2,-0.414648896
fc,3,med_NQ_2,-87.1532601
fc,3,mig_NQ_3,0.005099698
fc,3,med_NQ_3,-5.264410804
fc,3,mig_NQ_4,0.005109504
fc,3,med_NQ_4,-2.230344766
fc,3,mig_NQ_5,0.005288843
fc,3,med_NQ_5,-1.15878528
fc,3,mig_NQ_6,0.005269342
fc,3,med_NQ_6,-0.822496245
fc,3,mig_NQ_7,0.005475879
fc,3,med_NQ_7,-1.156472865
fc,3,mig_NQ_8,0.006525129
fc,3,med_NQ_8,-1.641074846
fc,3,mig_NQ_9,0.008225451
fc,3,med_NQ_9,-1.295315326
fc,3,mig_NQ_10,0.009438072
fc,3,med_NQ_10,-1.023418237
fc,3,mig_NQ_11,0.009809487
fc,3,med_NQ_11,-0.767618322
fc,3,mig_NQ_12,0.008149915
fc,3,med_NQ_12,-0.52069518
fc,3,mig_NQ_13,0.005526808
fc,3,med_NQ_13,-0.3013467
fc,3,mig_NQ_14,0.001973822
fc,3,med_NQ_14,-0.146980748
fc,3,mig_NQ_15,0.000430216
fc,3,med_NQ_15,-0.06571727
fc,3,mig_NQ_16,4.92261e-05
fc,3,med_NQ_16,-0.01980883
fc,3,mig_NQ_17,2.23036e-06
fc,3,med_NQ_17,0.002386064
fc,4,beta_Q_2,0.915780800174138
fc,4,beta_Q_3,0.926950699992236
fc,4,beta_Q_4,0.946298101104891
fc,4,beta_Q_5,0.954726500006618
fc,4,beta_Q_6,0.952895600038412
fc,4,beta_Q_7,0.940326500011025
fc,4,beta_Q_8,0.911711903309846
fc,4,beta_Q_9,0.863582103908553
fc,4,beta_Q_10,0.782460213878918
fc,4,beta_Q_11,0.661729525310679
fc,4,beta_Q_12,0.513075047975742
fc,4,beta_Q_13,0.34311506784986
fc,4,beta_Q_14,0.199175459830733
fc,4,beta_Q_15,0.105912526264473
fc,4,beta_Q_16,0.0500897023507679
fc,4,beta_Q_17,0.0257230038342171
fc,4,h_Q_2,11.873777
fc,4,h_Q_3,13.689385109
fc,4,h_Q_4,18.621315069936
fc,4,h_Q_5,22.0879764132591
fc,4,h_Q_6,21.2294392893366
fc,4,h_Q_7,16.7578573434463
fc,4,h_Q_8,11.3265547675934
fc,4,h_Q_9,7.33041632029728
fc,4,h_Q_10,4.5968599731869
fc,4,h_Q_11,2.95621404026621
fc,4,h_Q_12,2.05370437323647
fc,4,h_Q_13,1.5223360154064
fc,4,h_Q_14,1.24871273758967
fc,4,h_Q_15,1.11845876491779
fc,4,h_Q_16,1.05273097847102
fc,4,h_Q_17,1.02640214614517
fc,4,P_Q_1,0.2400099309
fc,4,P_Q_2,0.0554021626639412
fc,4,P_Q_3,0.055098505891539
fc,4,P_Q_4,0.054131809069202
fc,4,P_Q_5,0.0517083339178659
fc,4,P_Q_6,0.0477608470239351
fc,4,P_Q_7,0.0440058162399413
fc,4,P_Q_8,0.0383320361641815
fc,4,P_Q_9,0.0332963169770201
fc,4,P_Q_10,0.0266317512232805
fc,4,P_Q_11,0.0197418465012088
fc,4,P_Q_12,0.0120694326506273
fc,4,P_Q_13,0.00566622449268478
fc,4,P_Q_14,0.00175881790214782
fc,4,P_Q_15,0.000324755838033015
fc,4,P_Q_16,3.36133653542481e-05
fc,4,P_Q_17,1.70191293850399e-06
fc,4,L_Q,0.785619362303943
fc,4,beta_NQ_2,0.799613500674926
fc,4,beta_NQ_3,0.821086499924607
fc,4,beta_NQ_4,0.875935005405642
fc,4,beta_NQ_5,0.900361491462903
fc,4,beta_NQ_6,0.900028300059175
fc,4,beta_NQ_7,0.883267142757604
fc,4,beta_NQ_8,0.846057803078419
fc,4,beta_NQ_9,0.789139704543031
fc,4,beta_NQ_10,0.701501812798948
fc,4,beta_NQ_11,0.585631017831217
fc,4,beta_NQ_12,0.434138626882012
fc,4,beta_NQ_13,0.277026944002796
fc,4,beta_NQ_14,0.155300276397469
fc,4,beta_NQ_15,0.0806001114636423
fc,4,beta_NQ_16,0.0376488988536307
fc,4,beta_NQ_17,0.0191859183317102
fc,4,h_NQ_2,4.99035614
fc,4,h_NQ_3,5.589293146
fc,4,h_NQ_4,8.06029097678399
fc,4,h_NQ_5,10.0362710858577
fc,4,h_NQ_6,10.0028308018246
fc,4,h_NQ_7,8.56656521243064
fc,4,h_NQ_8,6.49594458327527
fc,4,h_NQ_9,4.742476413982
fc,4,h_NQ_10,3.35010394968178
fc,4,h_NQ_11,2.41330794243245
fc,4,h_NQ_12,1.76721719825888
fc,4,h_NQ_13,1.3831771347388
fc,4,h_NQ_14,1.18385253262744
fc,4,h_NQ_15,1.08766598574571
fc,4,h_NQ_16,1.03912178980382
fc,4,h_NQ_17,1.01955142437541
fc,4,P_NQ_1,0.5600231721
fc,4,P_NQ_2,0.129271716049243
fc,4,P_NQ_3,0.128563183951006
fc,4,P_NQ_4,0.126307551306071
fc,4,P_NQ_5,0.120652779720837
fc,4,P_NQ_6,0.111441979386464
fc,4,P_NQ_7,0.102680238668745
fc,4,P_NQ_8,0.089441420751515
fc,4,P_NQ_9,0.0776914080283628
fc,4,P_NQ_10,0.0621408002917497
fc,4,P_NQ_11,0.0460642887240372
fc,4,P_NQ_12,0.0281619995521673
fc,4,P_NQ_13,0.0132211826090758
fc,4,P_NQ_14,0.00410391040726062
fc,4,P_NQ_15,0.000757765230868603
fc,4,P_NQ_16,7.84310465538814e-05
fc,4,P_NQ_17,3.9709196111885e-06
fc,4,L_NQ,1.38504139120594
fc,4,pi_Q,0.3
fc,4,pi_NQ,0.7
fc,4,y,0.252499429712846
fc,4,nbar,3.71612303758117
fc,4,Ptot,2.28657970147747
fc,4,Pret,0.220760492667599
fc,4,H,92.5316480411073
fc,4,cCheck,0
fc,4,shareq,0.3
fc,4,A,0.100738932
fc,4,A_Q,2
fc,4,xpop,0.800033103
fc,4,h_Q_1,100
fc,4,mig_Q_2,-0.18592762
fc,4,med_Q_2,-86.126223
fc,4,mig_Q_3,-0.001375179
fc,4,med_Q_3,-11.386803
fc,4,mig_Q_4,-0.000693281
fc,4,med_Q_4,-8.272577542
fc,4,mig_Q_5,-0.000931951
fc,4,med_Q_5,-5.192292161
fc,4,mig_Q_6,0.000924829
fc,4,med_Q_6,-4.851662293
fc,4,mig_Q_7,0.000147452
fc,4,med_Q_7,-5.670800076
fc,4,mig_Q_8,5.62683e-05
fc,4,med_Q_8,-5.598770008
fc,4,mig_Q_9,0.001968751
fc,4,med_Q_9,-3.926265903
fc,4,mig_Q_10,0.001375679
fc,4,med_Q_10,-2.681187427
fc,4,mig_Q_11,0.002343852
fc,4,med_Q_11,-1.621693543
fc,4,mig_Q_12,0.002072404
fc,4,med_Q_12,-0.891845341
fc,4,mig_Q_13,0.001550275
fc,4,med_Q_13,-0.526410347
fc,4,mig_Q_14,0.000559875
fc,4,med_Q_14,-0.281902062
fc,4,mig_Q_15,0.000125785
fc,4,med_Q_15,-0.131585562
fc,4,mig_Q_16,1.56393e-05
fc,4,med_Q_16,-0.057774391
fc,4,mig_Q_17,7.2547e-07
fc,4,med_Q_17,-0.01289837
fc,4,h_NQ_1,100
fc,4,mig_NQ_2,-0.402706837
fc,4,med_NQ_2,-93.00964386
fc,4,mig_NQ_3,0.003942123
fc,4,med_NQ_3,-5.040511956
fc,4,mig_NQ_4,0.004370837
fc,4,med_NQ_4,-2.98456353
fc,4,mig_NQ_5,0.003509014
fc,4,med_NQ_5,-2.054404045
fc,4,mig_NQ_6,0.007799497
fc,4,med_NQ_6,-1.932494351
fc,4,mig_NQ_7,0.006422785
fc,4,med_NQ_7,-1.964116684
fc,4,mig_NQ_8,0.006495656
fc,4,med_NQ_8,-2.110988215
fc,4,mig_NQ_9,0.010813959
fc,4,med_NQ_9,-1.699941515
fc,4,mig_NQ_10,0.009216146
fc,4,med_NQ_10,-1.354922118
fc,4,mig_NQ_11,0.010071508
fc,4,med_NQ_11,-0.91806056
fc,4,mig_NQ_12,0.008371549
fc,4,med_NQ_12,-0.632623723
fc,4,mig_NQ_13,0.005417241
fc,4,med_NQ_13,-0.374931512
fc,4,mig_NQ_14,0.001901815
fc,4,med_NQ_14,-0.20094222
fc,4,mig_NQ_15,0.000399883
fc,4,med_NQ_15,-0.093124337
fc,4,mig_NQ_16,4.64646e-05
fc,4,med_NQ_16,-0.038500318
fc,4,mig_NQ_17,2.24727e-06
fc,4,med_NQ_17,-0.005006494
fc,5,beta_Q_2,0.97831590005436
fc,5,beta_Q_3,0.976824400001711
fc,5,beta_Q_4,0.972756101044606
fc,5,beta_Q_5,0.968474199995295
fc,5,beta_Q_6,0.961299800006389
fc,5,beta_Q_7,0.947256704690488
fc,5,beta_Q_8,0.918899700325678
fc,5,beta_Q_9,0.87503910061217
fc,5,beta_Q_10,0.80298450290316
fc,5,beta_Q_11,0.688932000729511
fc,5,beta_Q_12,0.545905601157889
fc,5,beta_Q_13,0.382226001756237
fc,5,beta_Q_14,0.233474069512069
fc,5,beta_Q_15,0.122301810119353
fc,5,beta_Q_16,0.0608830171079231
fc,5,beta_Q_17,0.0308175007459649
fc,5,h_Q_2,46.11673992
fc,5,h_Q_3,43.14882894
fc,5,h_Q_4,36.70546433682
fc,5,h_Q_5,31.7200515085373
fc,5,h_Q_6,25.8396597469939
fc,5,h_Q_7,18.9597541315499
fc,5,h_Q_8,12.3304106175774
fc,5,h_Q_9,8.00250318224148
fc,5,h_Q_10,5.07574277589133
fc,5,h_Q_11,3.21473118072316
fc,5,h_Q_12,2.20218527646088
fc,5,h_Q_13,1.61871493877174
fc,5,h_Q_14,1.30458208009827
fc,5,h_Q_15,1.13934367183788
fc,5,h_Q_16,1.06483004861944
fc,5,h_Q_17,1.0317974169016
fc,5,P_Q_1,0.2322511179
fc,5,P_Q_2,0.0547375935693415
fc,5,P_Q_3,0.052932439462424
fc,5,P_Q_4,0.05294098949888
fc,5,P_Q_5,0.0523430946116657
fc,5,P_Q_6,0.0508873098756513
fc,5,P_Q_7,0.0446876891195788
fc,5,P_Q_8,0.0408866024808203
fc,5,P_Q_9,0.0351519314377626
fc,5,P_Q_10,0.0273420413032194
fc,5,P_Q_11,0.0205344860951735
fc,5,P_Q_12,0.0126792128407374
fc,5,P_Q_13,0.00598691720282931
fc,5,P_Q_14,0.00185312986883465
fc,5,P_Q_15,0.000347917847255657
fc,5,P_Q_16,3.53494232637479e-05
fc,5,P_Q_17,1.53344172588826e-06
fc,5,L_Q,0.782202788927613
fc,5,beta_NQ_2,0.949461622802603
fc,5,beta_NQ_3,0.945148500061631
fc,5,beta_NQ_4,0.939751299968669
fc,5,beta_NQ_5,0.931510500004377
fc,5,beta_NQ_6,0.91745130001448
fc,5,beta_NQ_7,0.895631604059103
fc,5,beta_NQ_8,0.857395600286007
fc,5,beta_NQ_9,0.804925800395733
fc,5,beta_NQ_10,0.726425001123515
fc,5,beta_NQ_11,0.61504049989533
fc,5,beta_NQ_12,0.466364099355962
fc,5,beta_NQ_13,0.31223812072514
fc,5,beta_NQ_14,0.183897629855855
fc,5,beta_NQ_15,0.0940209412956333
fc,5,beta_NQ_16,0.0461569048697826
fc,5,beta_NQ_17,0.0231602981609627
fc,5,h_NQ_2,19.78693429
fc,5,h_NQ_3,18.2310419972
fc,5,h_NQ_4,16.59786849308
fc,5,h_NQ_5,14.6007782222483
fc,5,h_NQ_6,12.1140611561405
fc,5,h_NQ_7,9.58144419278814
fc,5,h_NQ_8,7.01240635218202
fc,5,h_NQ_9,5.12625452360976
fc,5,h_NQ_10,3.65530475870236
fc,5,h_NQ_11,2.59767585568814
fc,5,h_NQ_12,1.8739368895838
fc,5,h_NQ_13,1.4539816232937
fc,5,h_NQ_14,1.22533462604402
fc,5,h_NQ_15,1.10377821897489
fc,5,h_NQ_16,1.0483904520308
fc,5,h_NQ_17,1.02370941500774
fc,5,P_NQ_1,0.5419192751
fc,5,P_NQ_2,0.127721053101957
fc,5,P_NQ_3,0.123509026870121
fc,5,P_NQ_4,0.123528981229091
fc,5,P_NQ_5,0.122133897276961
fc,5,P_NQ_6,0.118737056229559
fc,5,P_NQ_7,0.104271281715934
fc,5,P_NQ_8,0.0954020711476459
fc,5,P_NQ_9,0.0820211753457595
fc,5,P_NQ_10,0.0637980985707992
fc,5,P_NQ_11,0.0479138291237038
fc,5,P_NQ_12,0.0295848150549501
fc,5,P_NQ_13,0.013969466672945
fc,5,P_NQ_14,0.00432396731349088
fc,5,P_NQ_15,0.000811810636262007
fc,5,P_NQ_16,8.24819265317701e-05
fc,5,P_NQ_17,3.57876165385333e-06
fc,5,L_NQ,1.37883349134982
fc,5,pi_Q,0.3
fc,5,pi_NQ,0.7
fc,5,y,0.201563338058742
fc,5,nbar,3.63597879464243
fc,5,Ptot,2.28533122205653
fc,5,Pret,0.229268636083376
fc,5,H,100.915902125387
fc,5,cCheck,-4.44089209850063e-16
fc,5,shareq,0.3
fc,5,A,0.081653838
fc,5,A_Q,2
fc,5,xpop,0.774170393
fc,5,h_Q_1,100
fc,5,mig_Q_2,-0.165058893
fc,5,med_Q_2,-51.88326008
fc,5,mig_Q_3,0.001577366
fc,5,med_Q_3,31.51252748
fc,5,mig_Q_4,0.000801378
fc,5,med_Q_4,23.28986693
fc,5,mig_Q_5,0.000662022
fc,5,med_Q_5,13.47116274
fc,5,mig_Q_6,0.001614666
fc,5,med_Q_6,4.193442862
fc,5,mig_Q_7,-0.000223101
fc,5,med_Q_7,-1.845096372
fc,5,mig_Q_8,0.000765976
fc,5,med_Q_8,-4.092289579
fc,5,mig_Q_9,0.002049071
fc,5,med_Q_9,-3.09752049
fc,5,mig_Q_10,0.001288998
fc,5,med_Q_10,-2.108065218
fc,5,mig_Q_11,0.00291147
fc,5,med_Q_11,-1.290191593
fc,5,mig_Q_12,0.002550164
fc,5,med_Q_12,-0.694904483
fc,5,mig_Q_13,0.001845713
fc,5,med_Q_13,-0.393915347
fc,5,mig_Q_14,0.000724557
fc,5,med_Q_14,-0.187307215
fc,5,mig_Q_15,0.000161637
fc,5,med_Q_15,-0.084394811
fc,5,mig_Q_16,1.90825e-05
fc,5,med_Q_16,-0.031259541
fc,5,mig_Q_17,6.68805e-07
fc,5,med_Q_17,0.000121058
fc,5,h_NQ_1,100
fc,5,mig_NQ_2,-0.320081036
fc,5,med_NQ_2,-78.21306571
fc,5,mig_NQ_3,0.017365766
fc,5,med_NQ_3,13.34049298
fc,5,mig_NQ_4,0.010915988
fc,5,med_NQ_4,11.12036121
fc,5,mig_NQ_5,0.008411442
fc,5,med_NQ_5,6.701693065
fc,5,mig_NQ_6,0.01014614
fc,5,med_NQ_6,2.278515492
fc,5,mig_NQ_7,0.005838243
fc,5,med_NQ_7,-0.221329993
fc,5,mig_NQ_8,0.008528654
fc,5,med_NQ_8,-1.382827556
fc,5,mig_NQ_9,0.011439399
fc,5,med_NQ_9,-1.239771168
fc,5,mig_NQ_10,0.009297435
fc,5,med_NQ_10,-0.992322127
fc,5,mig_NQ_11,0.011522249
fc,5,med_NQ_11,-0.685426015
fc,5,mig_NQ_12,0.009586528
fc,5,med_NQ_12,-0.491104894
fc,5,mig_NQ_13,0.006167834
fc,5,med_NQ_13,-0.277891231
fc,5,mig_NQ_14,0.002270714
fc,5,med_NQ_14,-0.130178966
fc,5,mig_NQ_15,0.000481035
fc,5,med_NQ_15,-0.056397263
fc,5,mig_NQ_16,5.39529e-05
fc,5,med_NQ_16,-0.017522214
fc,5,mig_NQ_17,2.07399e-06
fc,5,med_NQ_17,0.005370061
fc,6,beta_Q_2,0.980093000081986
fc,6,beta_Q_3,0.978183700006992
fc,6,beta_Q_4,0.973443299999527
fc,6,beta_Q_5,0.968100100598134
fc,6,beta_Q_6,0.960728801748327
fc,6,beta_Q_7,0.947101200015067
fc,6,beta_Q_8,0.918668900015711
fc,6,beta_Q_9,0.873653601874638
fc,6,beta_Q_10,0.800306106442391
fc,6,beta_Q_11,0.685122807218345
fc,6,beta_Q_12,0.533326745557311
fc,6,beta_Q_13,0.364243208418866
fc,6,beta_Q_14,0.210392979249286
fc,6,beta_Q_15,0.10710457224437
fc,6,beta_Q_16,0.0513792132987517
fc,6,beta_Q_17,0.0258055017436974
fc,6,h_Q_2,50.23358618
fc,6,h_Q_3,45.8372868036
fc,6,h_Q_4,37.6552809642
fc,6,h_Q_5,31.3480606470836
fc,6,h_Q_6,25.4639532233665
fc,6,h_Q_7,18.9040205110541
fc,6,h_Q_8,12.2954195889189
fc,6,h_Q_9,7.91474866222584
fc,6,h_Q_10,5.00766422959665
fc,6,h_Q_11,3.1758412533735
fc,6,h_Q_12,2.1428257621087
fc,6,h_Q_13,1.57292752993167
fc,6,h_Q_14,1.2664518469963
fc,6,h_Q_15,1.1199518834963
fc,6,h_Q_16,1.05416200440112
fc,6,h_Q_17,1.02648906464705
fc,6,P_Q_1,0.2354582187
fc,6,P_Q_2,0.0635929234469698
fc,6,P_Q_3,0.0556168589959095
fc,6,P_Q_4,0.0529758844302472
fc,6,P_Q_5,0.0517508194518871
fc,6,P_Q_6,0.0502920915819097
fc,6,P_Q_7,0.0478914644633732
fc,6,P_Q_8,0.041124593240228
fc,6,P_Q_9,0.0364065528619043
fc,6,P_Q_10,0.0293843861916378
fc,6,P_Q_11,0.0208241592190559
fc,6,P_Q_12,0.013313518976254
fc,6,P_Q_13,0.00629877882953141
fc,6,P_Q_14,0.00203395992317637
fc,6,P_Q_15,0.000382637137344718
fc,6,P_Q_16,4.0045288246618e-05
fc,6,P_Q_17,1.73611087779998e-06
fc,6,L_Q,0.805326905206754
fc,6,beta_NQ_2,0.953018000050538
fc,6,beta_NQ_3,0.947439199997024
fc,6,beta_NQ_4,0.940336200557962
fc,6,beta_NQ_5,0.929724029308708
fc,6,beta_NQ_6,0.91563551810666
fc,6,beta_NQ_7,0.895088600099634
fc,6,beta_NQ_8,0.856512600216809
fc,6,beta_NQ_9,0.802585803990379
fc,6,beta_NQ_10,0.722879507523622
fc,6,beta_NQ_11,0.610812705042895
fc,6,beta_NQ_12,0.454135636348191
fc,6,beta_NQ_13,0.296270685092385
fc,6,beta_NQ_14,0.16523660568129
fc,6,beta_NQ_15,0.0820849260258682
fc,6,beta_NQ_16,0.0388798004271116
fc,6,beta_NQ_17,0.0193578988289396
fc,6,h_NQ_2,21.28474735
fc,6,h_NQ_3,19.0255856062
fc,6,h_NQ_4,16.760581795256
fc,6,h_NQ_5,14.2296089622184
fc,6,h_NQ_6,11.8533269328033
fc,6,h_NQ_7,9.53185259401771
fc,6,h_NQ_8,6.96925304993238
fc,6,h_NQ_9,5.06549174513838
fc,6,h_NQ_10,3.60853852513757
fc,6,h_NQ_11,2.56945691452831
fc,6,h_NQ_12,1.83195646157438
fc,6,h_NQ_13,1.42100053779213
fc,6,h_NQ_14,1.19794394082783
fc,6,h_NQ_15,1.08942537252314
fc,6,h_NQ_16,1.04045258559539
fc,6,h_NQ_17,1.01974002399018
fc,6,P_NQ_1,0.5494025103
fc,6,P_NQ_2,0.148383499364456
fc,6,P_NQ_3,0.129772670765607
fc,6,P_NQ_4,0.123610397559061
fc,6,P_NQ_5,0.120751917069742
fc,6,P_NQ_6,0.117348222832583
fc,6,P_NQ_7,0.111746750132136
fc,6,P_NQ_8,0.0959573911794244
fc,6,P_NQ_9,0.0849486214779296
fc,6,P_NQ_10,0.0685635673926954
fc,6,P_NQ_11,0.0485897034373559
fc,6,P_NQ_12,0.0310648887659716
fc,6,P_NQ_13,0.0146972830547585
fc,6,P_NQ_14,0.00474587881150494
fc,6,P_NQ_15,0.000892819476945964
fc,6,P_NQ_16,9.34391663102231e-05
fc,6,P_NQ_17,4.05092601136641e-06
fc,6,L_NQ,1.41965206966587
fc,6,pi_Q,0.3
fc,6,pi_NQ,0.7
fc,6,y,0.322442039335706
fc,6,nbar,3.80904763567587
fc,6,Ptot,2.35796224056105
fc,6,Pret,0.240930852707678
fc,6,H,103.799297970111
fc,6,cCheck,4.44089209850063e-16
fc,6,shareq,0.3
fc,6,A,0.126438745
fc,6,A_Q,2
fc,6,xpop,0.784860729
fc,6,h_Q_1,100
fc,6,mig_Q_2,-0.163622038
fc,6,med_Q_2,-47.76641382
fc,6,mig_Q_3,0.002147842
fc,6,med_Q_3,0.642881682
fc,6,mig_Q_4,0.001485531
fc,6,med_Q_4,-4.630571397
fc,6,mig_Q_5,0.000478837
fc,6,med_Q_5,-4.623294403
fc,6,mig_Q_6,-2.53148e-05
fc,6,med_Q_6,-5.621697255
fc,6,mig_Q_7,-0.000311881
fc,6,med_Q_7,-6.418846041
fc,6,mig_Q_8,6.10891e-05
fc,6,med_Q_8,-6.28513946
fc,6,mig_Q_9,0.000629177
fc,6,med_Q_9,-4.169053743
fc,6,mig_Q_10,0.00115793
fc,6,med_Q_10,-2.834788889
fc,6,mig_Q_11,0.001987352
fc,6,med_Q_11,-1.798386667
fc,6,mig_Q_12,0.002103628
fc,6,med_Q_12,-1.007610795
fc,6,mig_Q_13,0.001452454
fc,6,med_Q_13,-0.585214041
fc,6,mig_Q_14,0.00063617
fc,6,med_Q_14,-0.319888793
fc,6,mig_Q_15,0.000155996
fc,6,med_Q_15,-0.158538555
fc,6,mig_Q_16,1.8863e-05
fc,6,med_Q_16,-0.062394794
fc,6,mig_Q_17,6.4673e-07
fc,6,med_Q_17,-0.017044383
fc,6,h_NQ_1,100
fc,6,mig_NQ_2,-0.366148055
fc,6,med_NQ_2,-76.71525265
fc,6,mig_NQ_3,0.009057309
fc,6,med_NQ_3,-0.365609998
fc,6,mig_NQ_4,0.007542629
fc,6,med_NQ_4,-1.105839362
fc,6,mig_NQ_5,0.005683374
fc,6,med_NQ_5,-2.036302161
fc,6,mig_NQ_6,0.00529632
fc,6,med_NQ_6,-2.455435725
fc,6,mig_NQ_7,0.00540209
fc,6,med_NQ_7,-2.339927339
fc,6,mig_NQ_8,0.006555653
fc,6,med_NQ_8,-2.420562259
fc,6,mig_NQ_9,0.008157033
fc,6,med_NQ_9,-1.80666648
fc,6,mig_NQ_10,0.008981335
fc,6,med_NQ_10,-1.415190908
fc,6,mig_NQ_11,0.009351289
fc,6,med_NQ_11,-1.012741749
fc,6,mig_NQ_12,0.008719599
fc,6,med_NQ_12,-0.713765877
fc,6,mig_NQ_13,0.005459776
fc,6,med_NQ_13,-0.415457614
fc,6,mig_NQ_14,0.002176927
fc,6,med_NQ_14,-0.22695805
fc,6,mig_NQ_15,0.000486276
fc,6,med_NQ_15,-0.111402561
fc,6,mig_NQ_16,5.59685e-05
fc,6,med_NQ_16,-0.041250069
fc,6,mig_NQ_17,2.14062e-06
fc,6,med_NQ_17,-0.007682619
fc,7,beta_Q_2,0.982471202013489
fc,7,beta_Q_3,0.98019100022191
fc,7,beta_Q_4,0.975467800055399
fc,7,beta_Q_5,0.969921200004865
fc,7,beta_Q_6,0.962053899993213
fc,7,beta_Q_7,0.948704999989433
fc,7,beta_Q_8,0.921555200026118
fc,7,beta_Q_9,0.879524100023635
fc,7,beta_Q_10,0.809581700101734
fc,7,beta_Q_11,0.701822499941256
fc,7,beta_Q_12,0.564004501242922
fc,7,beta_Q_13,0.398768598629999
fc,7,beta_Q_14,0.24479335183729
fc,7,beta_Q_15,0.13129522576739
fc,7,beta_Q_16,0.063957127400127
fc,7,beta_Q_17,0.0320524055387999
fc,7,h_Q_2,57.04897084
fc,7,h_Q_3,50.4821040984
fc,7,h_Q_4,40.762752631528
fc,7,h_Q_5,33.246007153916
fc,7,h_Q_6,26.3531693591419
fc,7,h_Q_7,19.4950774888992
fc,7,h_Q_8,12.747817577833
fc,7,h_Q_9,8.30041527114052
fc,7,h_Q_10,5.25159609398132
fc,7,h_Q_11,3.35370710300472
fc,7,h_Q_12,2.29360165930603
fc,7,h_Q_13,1.66325311286653
fc,7,h_Q_14,1.32413518733303
fc,7,h_Q_15,1.15113837105638
fc,7,h_Q_16,1.06832709982638
fc,7,h_Q_17,1.0331137801131
fc,7,P_Q_1,0.2358901014
fc,7,P_Q_2,0.0657660659596434
fc,7,P_Q_3,0.0631562221516183
fc,7,P_Q_4,0.0546893617565865
fc,7,P_Q_5,0.0511453440461974
fc,7,P_Q_6,0.0493387557615056
fc,7,P_Q_7,0.0472443532884943
fc,7,P_Q_8,0.0440902573787086
fc,7,P_Q_9,0.0366807650099546
fc,7,P_Q_10,0.0306768565698997
fc,7,P_Q_11,0.0224795411560028
fc,7,P_Q_12,0.0135552590652664
fc,7,P_Q_13,0.00670016886725621
fc,7,P_Q_14,0.00213355284357744
fc,7,P_Q_15,0.000419747407533996
fc,7,P_Q_16,5.2825195095658e-05
fc,7,P_Q_17,1.19309975567497e-06
fc,7,L_Q,0.821706015963483
fc,7,beta_NQ_2,0.957769101087303
fc,7,beta_NQ_3,0.951067400044386
fc,7,beta_NQ_4,0.944235100027504
fc,7,beta_NQ_5,0.933317200014092
fc,7,beta_NQ_6,0.917863944448588
fc,7,beta_NQ_7,0.897531433097593
fc,7,beta_NQ_8,0.860720316055193
fc,7,beta_NQ_9,0.810532600003745
fc,7,beta_NQ_10,0.734017600170867
fc,7,beta_NQ_11,0.628927800124643
fc,7,beta_NQ_12,0.484616699454873
fc,7,beta_NQ_13,0.327474613926273
fc,7,beta_NQ_14,0.193547122720499
fc,7,beta_NQ_15,0.101101276818328
fc,7,beta_NQ_16,0.0484809100193364
fc,7,beta_NQ_17,0.0240461982203856
fc,7,h_NQ_2,23.6793438
fc,7,h_NQ_3,20.436273568
fc,7,h_NQ_4,17.932427027076
fc,7,h_NQ_5,14.9963708803509
fc,7,h_NQ_6,12.174914554974
fc,7,h_NQ_7,9.75908717414728
fc,7,h_NQ_8,7.17979204713736
fc,7,h_NQ_9,5.27795282993373
fc,7,h_NQ_10,3.75964725723561
fc,7,h_NQ_11,2.69489333963482
fc,7,h_NQ_12,1.94030345723774
fc,7,h_NQ_13,1.48692582934289
fc,7,h_NQ_14,1.23999617303628
fc,7,h_NQ_15,1.11247215501127
fc,7,h_NQ_16,1.05095105307268
fc,7,h_NQ_17,1.02463866388348
fc,7,P_NQ_1,0.5504102366
fc,7,P_NQ_2,0.153454152588851
fc,7,P_NQ_3,0.147364529930619
fc,7,P_NQ_4,0.12760851116399
fc,7,P_NQ_5,0.119339141883062
fc,7,P_NQ_6,0.115123769148526
fc,7,P_NQ_7,0.110236832499397
fc,7,P_NQ_8,0.102877266521454
fc,7,P_NQ_9,0.0855884569485576
fc,7,P_NQ_10,0.0715793326587763
fc,7,P_NQ_11,0.0524522630665231
fc,7,P_NQ_12,0.0316289318904935
fc,7,P_NQ_13,0.0156337248770131
fc,7,P_NQ_14,0.00497830716470543
fc,7,P_NQ_15,0.000979408111170118
fc,7,P_NQ_16,0.000123259043081097
fc,7,P_NQ_17,2.78390092809376e-06
fc,7,L_NQ,1.44851964107273
fc,7,pi_Q,0.3
fc,7,pi_NQ,0.7
fc,7,y,0.378430059369197
fc,7,nbar,3.90846976954506
fc,7,Ptot,2.41340127895424
fc,7,Pret,0.253397154917079
fc,7,H,106.978693574747
fc,7,cCheck,-4.44089209850063e-16
fc,7,shareq,0.3
fc,7,A,0.145740715
fc,7,A_Q,2
fc,7,xpop,0.786300338
fc,7,h_Q_1,100
fc,7,mig_Q_2,-0.165004886
fc,7,med_Q_2,-40.95102916
fc,7,mig_Q_3,0.000950661
fc,7,med_Q_3,1.253189642
fc,7,mig_Q_4,0.000549503
fc,7,med_Q_4,-4.157788436
fc,7,mig_Q_5,-0.000140615
fc,7,med_Q_5,-3.656168191
fc,7,mig_Q_6,-0.000379747
fc,7,med_Q_6,-4.367930075
fc,7,mig_Q_7,-0.000387347
fc,7,med_Q_7,-5.45959667
fc,7,mig_Q_8,9.38584e-05
fc,7,med_Q_8,-5.778122523
fc,7,mig_Q_9,0.000752116
fc,7,med_Q_9,-3.749095926
fc,7,mig_Q_10,0.00154047
fc,7,med_Q_10,-2.504857595
fc,7,mig_Q_11,0.002347628
fc,7,med_Q_11,-1.553803842
fc,7,mig_Q_12,0.002449178
fc,7,med_Q_12,-0.818722769
fc,7,mig_Q_13,0.00185081
fc,7,med_Q_13,-0.436716134
fc,7,mig_Q_14,0.000808334
fc,7,med_Q_14,-0.217333792
fc,7,mig_Q_15,0.000201901
fc,7,med_Q_15,-0.089984439
fc,7,mig_Q_16,3.31656e-05
fc,7,med_Q_16,-0.029225746
fc,7,mig_Q_17,1.59711e-07
fc,7,med_Q_17,3.50158e-05
fc,7,h_NQ_1,100
fc,7,mig_NQ_2,-0.370136329
fc,7,med_NQ_2,-74.3206562
fc,7,mig_NQ_3,0.006780186
fc,7,med_NQ_3,-0.422778835
fc,7,mig_NQ_4,0.005578571
fc,7,med_NQ_4,-0.712646867
fc,7,mig_NQ_5,0.004415585
fc,7,med_NQ_5,-1.428999279
fc,7,mig_NQ_6,0.004559025
fc,7,med_NQ_6,-1.770102228
fc,7,mig_NQ_7,0.005199776
fc,7,med_NQ_7,-1.85717322
fc,7,mig_NQ_8,0.007164767
fc,7,med_NQ_8,-2.161423495
fc,7,mig_NQ_9,0.008574417
fc,7,med_NQ_9,-1.551915159
fc,7,mig_NQ_10,0.010171715
fc,7,med_NQ_10,-1.204534653
fc,7,mig_NQ_11,0.010572765
fc,7,med_NQ_11,-0.841474415
fc,7,mig_NQ_12,0.009562616
fc,7,med_NQ_12,-0.577764319
fc,7,mig_NQ_13,0.006430109
fc,7,med_NQ_13,-0.308391503
fc,7,mig_NQ_14,0.002549778
fc,7,med_NQ_14,-0.152584354
fc,7,mig_NQ_15,0.000589843
fc,7,med_NQ_15,-0.061512907
fc,7,mig_NQ_16,8.85464e-05
fc,7,med_NQ_16,-0.016685812
fc,7,mig_NQ_17,9.75115e-07
fc,7,med_NQ_17,0.00499513
fc,8,beta_Q_2,0.984076900170265
fc,8,beta_Q_3,0.981349700005238
fc,8,beta_Q_4,0.976195800002336
fc,8,beta_Q_5,0.970504804524301
fc,8,beta_Q_6,0.962159300001863
fc,8,beta_Q_7,0.948815299989353
fc,8,beta_Q_8,0.921650599973983
fc,8,beta_Q_9,0.880413700421122
fc,8,beta_Q_10,0.811607402573308
fc,8,beta_Q_11,0.705571507928962
fc,8,beta_Q_12,0.56743200160931
fc,8,beta_Q_13,0.406678020558233
fc,8,beta_Q_14,0.250219899970082
fc,8,beta_Q_15,0.131435124972837
fc,8,beta_Q_16,0.0647460680280114
fc,8,beta_Q_17,0.0321388047175256
fc,8,h_Q_2,62.80184135
fc,8,h_Q_3,53.6184404572
fc,8,h_Q_4,42.009393304432
fc,8,h_Q_5,33.9038216428974
fc,8,h_Q_6,26.4265724468377
fc,8,h_Q_7,19.5370882269591
fc,8,h_Q_8,12.7633396001212
fc,8,h_Q_9,8.36216189027632
fc,8,h_Q_10,5.30806411871771
fc,8,h_Q_11,3.3964103361017
fc,8,h_Q_12,2.31177525794463
fc,8,h_Q_13,1.68542545711991
fc,8,h_Q_14,1.33372437760919
fc,8,h_Q_15,1.15132444658637
fc,8,h_Q_16,1.06922757063525
fc,8,h_Q_17,1.03320599782985
fc,8,P_Q_1,0.2371570851
fc,8,P_Q_2,0.0619843694655418
fc,8,P_Q_3,0.0635017429736429
fc,8,P_Q_4,0.0605532080820492
fc,8,P_Q_5,0.0517454613824486
fc,8,P_Q_6,0.0480742257061389
fc,8,P_Q_7,0.0458182892841978
fc,8,P_Q_8,0.043174637444883
fc,8,P_Q_9,0.0390164759408191
fc,8,P_Q_10,0.0307427090977912
fc,8,P_Q_11,0.0235298201682263
fc,8,P_Q_12,0.0148994633978611
fc,8,P_Q_13,0.00705889466152286
fc,8,P_Q_14,0.00246174979489151
fc,8,P_Q_15,0.000482071302284158
fc,8,P_Q_16,5.83014384195248e-05
fc,8,P_Q_17,1.05926057587226e-06
fc,8,L_Q,0.825583042130437
fc,8,beta_NQ_2,0.960777500039771
fc,8,beta_NQ_3,0.95269410000342
fc,8,beta_NQ_4,0.944511400034005
fc,8,beta_NQ_5,0.933747900113122
fc,8,beta_NQ_6,0.917632100015902
fc,8,beta_NQ_7,0.89721959992845
fc,8,beta_NQ_8,0.86024950002811
fc,8,beta_NQ_9,0.81121900012386
fc,8,beta_NQ_10,0.736195901222575
fc,8,beta_NQ_11,0.632981405821706
fc,8,beta_NQ_12,0.488113801320407
fc,8,beta_NQ_13,0.334880909025814
fc,8,beta_NQ_14,0.19806959828046
fc,8,beta_NQ_15,0.101101897984911
fc,8,beta_NQ_16,0.0489212004345328
fc,8,beta_NQ_17,0.0239971028930627
fc,8,h_NQ_2,25.49557014
fc,8,h_NQ_3,21.13901226
fc,8,h_NQ_4,18.02171977664
fc,8,h_NQ_5,15.0938611745345
fc,8,h_NQ_6,12.1406518817439
fc,8,h_NQ_7,9.72948148887455
fc,8,h_NQ_8,7.15560946166433
fc,8,h_NQ_9,5.29714325319461
fc,8,h_NQ_10,3.79069165333506
fc,8,h_NQ_11,2.7246575540909
fc,8,h_NQ_12,1.95355920984212
fc,8,h_NQ_13,1.50349012409299
fc,8,h_NQ_14,1.24699100675603
fc,8,h_NQ_15,1.11247314657556
fc,8,h_NQ_16,1.05143736391104
fc,8,h_NQ_17,1.02458712001123
fc,8,P_NQ_1,0.5533665319
fc,8,P_NQ_2,0.144630194537632
fc,8,P_NQ_3,0.148170732928693
fc,8,P_NQ_4,0.141290830659544
fc,8,P_NQ_5,0.120739411337542
fc,8,P_NQ_6,0.112173204495897
fc,8,P_NQ_7,0.106909353507473
fc,8,P_NQ_8,0.100740841309804
fc,8,P_NQ_9,0.0910384433149123
fc,8,P_NQ_10,0.0717329927717079
fc,8,P_NQ_11,0.0549029142234742
fc,8,P_NQ_12,0.0347654146062372
fc,8,P_NQ_13,0.0164708492597397
fc,8,P_NQ_14,0.00574405146734978
fc,8,P_NQ_15,0.00112483221074555
fc,8,P_NQ_16,0.000136036096509847
fc,8,P_NQ_17,2.47160038238312e-06
fc,8,L_NQ,1.45532942486319
fc,8,pi_Q,0.3
fc,8,pi_NQ,0.7
fc,8,y,0.345254896082953
fc,8,nbar,3.9506454692317
fc,8,Ptot,2.43419867072894
fc,8,Pret,0.264113631357719
fc,8,H,108.484512780798
fc,8,cCheck,4.44089209850063e-16
fc,8,shareq,0.3
fc,8,A,0.131969085
fc,8,A_Q,2
fc,8,xpop,0.790523617
fc,8,h_Q_1,100
fc,8,mig_Q_2,-0.169770862
fc,8,med_Q_2,-35.19815865
fc,8,mig_Q_3,-0.000961563
fc,8,med_Q_3,-2.289550966
fc,8,mig_Q_4,-0.001053653
fc,8,med_Q_4,-7.463068712
fc,8,mig_Q_5,-0.00129891
fc,8,med_Q_5,-6.043675936
fc,8,mig_Q_6,-0.001130352
fc,8,med_Q_6,-6.154514564
fc,8,mig_Q_7,-0.000989635
fc,8,med_Q_7,-6.289017745
fc,8,mig_Q_8,-0.000363642
fc,8,med_Q_8,-6.341836339
fc,8,mig_Q_9,0.000238032
fc,8,med_Q_9,-4.130699336
fc,8,mig_Q_10,0.001046633
fc,8,med_Q_10,-2.826342847
fc,8,mig_Q_11,0.002000112
fc,8,med_Q_11,-1.750153836
fc,8,mig_Q_12,0.002220901
fc,8,med_Q_12,-0.974857703
fc,8,mig_Q_13,0.001653483
fc,8,med_Q_13,-0.562304169
fc,8,mig_Q_14,0.000821593
fc,8,med_Q_14,-0.296263673
fc,8,mig_Q_15,0.000201946
fc,8,med_Q_15,-0.146328037
fc,8,mig_Q_16,3.14556e-05
fc,8,med_Q_16,-0.058888033
fc,8,mig_Q_17,-6.33914e-07
fc,8,med_Q_17,-0.01375456
fc,8,h_NQ_1,100
fc,8,mig_NQ_2,-0.382535723
fc,8,med_NQ_2,-72.50442986
fc,8,mig_NQ_3,0.002225491
fc,8,med_NQ_3,-2.066744664
fc,8,mig_NQ_4,0.002144069
fc,8,med_NQ_4,-2.00582832
fc,8,mig_NQ_5,0.001640193
fc,8,med_NQ_5,-2.479917312
fc,8,mig_NQ_6,0.002636109
fc,8,med_NQ_6,-2.555791581
fc,8,mig_NQ_7,0.003582152
fc,8,med_NQ_7,-2.201934775
fc,8,mig_NQ_8,0.00585776
fc,8,med_NQ_8,-2.408295969
fc,8,mig_NQ_9,0.007653065
fc,8,med_NQ_9,-1.739052953
fc,8,mig_NQ_10,0.008909559
fc,8,med_NQ_10,-1.38170212
fc,8,mig_NQ_11,0.009884682
fc,8,med_NQ_11,-0.959796758
fc,8,mig_NQ_12,0.009346172
fc,8,med_NQ_12,-0.687436263
fc,8,mig_NQ_13,0.006113177
fc,8,med_NQ_13,-0.398007264
fc,8,mig_NQ_14,0.002718189
fc,8,med_NQ_14,-0.210196306
fc,8,mig_NQ_15,0.000621519
fc,8,med_NQ_15,-0.102723103
fc,8,mig_NQ_16,8.85535e-05
fc,8,med_NQ_16,-0.038785348
fc,8,mig_NQ_17,-4.92311e-07
fc,8,med_NQ_17,-0.005344912
fc,9,beta_Q_2,0.96266830069613
fc,9,beta_Q_3,0.969614707442619
fc,9,beta_Q_4,0.968790300004278
fc,9,beta_Q_5,0.964848000001087
fc,9,beta_Q_6,0.959020300055827
fc,9,beta_Q_7,0.946032000001399
fc,9,beta_Q_8,0.917943999970297
fc,9,beta_Q_9,0.873158899942629
fc,9,beta_Q_10,0.799224600206456
fc,9,beta_Q_11,0.684108700263053
fc,9,beta_Q_12,0.524296802675033
fc,9,beta_Q_13,0.349467602064531
fc,9,beta_Q_14,0.192348504105645
fc,9,beta_Q_15,0.0924704818850259
fc,9,beta_Q_16,0.0424817826895312
fc,9,beta_Q_17,0.0212006195287917
fc,9,h_Q_2,26.78688621
fc,9,h_Q_3,32.910650873
fc,9,h_Q_4,32.041320488056
fc,9,h_Q_5,28.4478834783434
fc,9,h_Q_6,24.4023260340395
fc,9,h_Q_7,18.5294989619009
fc,9,h_Q_8,12.1867992544199
fc,9,h_Q_9,7.88387990511878
fc,9,h_Q_10,4.98068986947079
fc,9,h_Q_11,3.16564590534336
fc,9,h_Q_12,2.10215109137966
fc,9,h_Q_13,1.53720245078573
fc,9,h_Q_14,1.23815779997752
fc,9,h_Q_15,1.10188878805701
fc,9,h_Q_16,1.04436624765465
fc,9,h_Q_17,1.02165980522254
fc,9,P_Q_1,0.2266226103
fc,9,P_Q_2,0.0414496791586237
fc,9,P_Q_3,0.0516282473800233
fc,9,P_Q_4,0.0542348667836981
fc,9,P_Q_5,0.0536468613729884
fc,9,P_Q_6,0.0465962209020102
fc,9,P_Q_7,0.0430398818851261
fc,9,P_Q_8,0.0405670228085624
fc,9,P_Q_9,0.0371925523171898
fc,9,P_Q_10,0.0321428766958922
fc,9,P_Q_11,0.02301255361595
fc,9,P_Q_12,0.0151273569555638
fc,9,P_Q_13,0.007414317282022
fc,9,P_Q_14,0.00240623391610559
fc,9,P_Q_15,0.000495740391943421
fc,9,P_Q_16,5.76669213320421e-05
fc,9,P_Q_17,8.54411595105203e-12
fc,9,L_Q,0.754632721188186
fc,9,beta_NQ_2,0.905323203444421
fc,9,beta_NQ_3,0.921064334809679
fc,9,beta_NQ_4,0.926780500018136
fc,9,beta_NQ_5,0.920391449983453
fc,9,beta_NQ_6,0.910466100140916
fc,9,beta_NQ_7,0.891719300024289
fc,9,beta_NQ_8,0.853882599839066
fc,9,beta_NQ_9,0.800513300016735
fc,9,beta_NQ_10,0.720826100181882
fc,9,beta_NQ_11,0.609624400096542
fc,9,beta_NQ_12,0.445819901310995
fc,9,beta_NQ_13,0.283781100700842
fc,9,beta_NQ_14,0.150601997808238
fc,9,beta_NQ_15,0.0702885184474611
fc,9,beta_NQ_16,0.0318585909122844
fc,9,beta_NQ_17,0.0157289018500441
fc,9,h_NQ_2,10.56224967
fc,9,h_NQ_3,12.6685390672
fc,9,h_NQ_4,13.6575639018
fc,9,h_NQ_5,12.5614569281072
fc,9,h_NQ_6,11.1689538810438
fc,9,h_NQ_7,9.23525614610899
fc,9,h_NQ_8,6.84381188609706
fc,9,h_NQ_9,5.01286551943104
fc,9,h_NQ_10,3.58199674313072
fc,9,h_NQ_11,2.56163551226836
fc,9,h_NQ_12,1.80446753900908
fc,9,h_NQ_13,1.39622118364528
fc,9,h_NQ_14,1.17730439361113
fc,9,h_NQ_15,1.07560120862091
fc,9,h_NQ_16,1.03290686064405
fc,9,h_NQ_17,1.01598024863282
fc,9,P_NQ_1,0.5287860907
fc,9,P_NQ_2,0.0967159191245605
fc,9,P_NQ_3,0.120465910018348
fc,9,P_NQ_4,0.126548024402544
fc,9,P_NQ_5,0.125176018433588
fc,9,P_NQ_6,0.108724515580353
fc,9,P_NQ_7,0.100426401660501
fc,9,P_NQ_8,0.0946563969031318
fc,9,P_NQ_9,0.0867826385589756
fc,9,P_NQ_10,0.0750000478221221
fc,9,P_NQ_11,0.0536959626084339
fc,9,P_NQ_12,0.0352971661651882
fc,9,P_NQ_13,0.017300073645996
fc,9,P_NQ_14,0.00561456349621466
fc,9,P_NQ_15,0.00115672150547207
fc,9,P_NQ_16,0.000134555342037102
fc,9,P_NQ_17,2.20511739353022e-12
fc,9,L_NQ,1.33014784489637
fc,9,pi_Q,0.3
fc,9,pi_NQ,0.7
fc,9,y,0.371008659415378
fc,9,nbar,3.6210911540792
fc,9,Ptot,2.25211569466525
fc,9,Pret,0.268855836375022
fc,9,H,93.4093995538607
fc,9,cCheck,0
fc,9,shareq,0.3
fc,9,A,0.150728864
fc,9,A_Q,2
fc,9,xpop,0.755408701
fc,9,h_Q_1,100
fc,9,mig_Q_2,-0.19193113
fc,9,med_Q_2,-71.21311379
fc,9,mig_Q_3,-0.009200095
fc,9,med_Q_3,-28.63515365
fc,9,mig_Q_4,-0.007755268
fc,9,med_Q_4,-20.50475116
fc,9,mig_Q_5,-0.005120318
fc,9,med_Q_5,-12.72132196
fc,9,mig_Q_6,-0.003191156
fc,9,med_Q_6,-8.823419176
fc,9,mig_Q_7,-0.002573679
fc,9,med_Q_7,-7.368542036
fc,9,mig_Q_8,-0.001661431
fc,9,med_Q_8,-6.959547208
fc,9,mig_Q_9,-0.00081899
fc,9,med_Q_9,-4.624192903
fc,9,mig_Q_10,0.000476816
fc,9,med_Q_10,-3.214228783
fc,9,mig_Q_11,0.001321374
fc,9,med_Q_11,-2.036256931
fc,9,mig_Q_12,0.001775784
fc,9,med_Q_12,-1.226331038
fc,9,mig_Q_13,0.001355033
fc,9,med_Q_13,-0.728337302
fc,9,mig_Q_14,0.000639958
fc,9,med_Q_14,-0.413559148
fc,9,mig_Q_15,0.00017218
fc,9,med_Q_15,-0.205161102
fc,9,mig_Q_16,2.64547e-05
fc,9,med_Q_16,-0.08393171
fc,9,mig_Q_17,-1.87373e-06
fc,9,med_Q_17,-0.026183214
fc,9,h_NQ_1,100
fc,9,mig_NQ_2,-0.434946194
fc,9,med_NQ_2,-87.43775033
fc,9,mig_NQ_3,-0.017322423
fc,9,med_NQ_3,-12.31711967
fc,9,mig_NQ_4,-0.013400922
fc,9,med_NQ_4,-7.058668113
fc,9,mig_NQ_5,-0.006753998
fc,9,med_NQ_5,-5.099828453
fc,9,mig_NQ_6,-0.002069844
fc,9,med_NQ_6,-3.62303007
fc,9,mig_NQ_7,-0.000217596
fc,9,med_NQ_7,-2.662582698
fc,9,mig_NQ_8,0.002687679
fc,9,med_NQ_8,-2.691079973
fc,9,mig_NQ_9,0.005059754
fc,9,med_NQ_9,-1.999631753
fc,9,mig_NQ_10,0.007977919
fc,9,med_NQ_10,-1.609203645
fc,9,mig_NQ_11,0.008290312
fc,9,med_NQ_11,-1.153242308
fc,9,mig_NQ_12,0.008498296
fc,9,med_NQ_12,-0.865696864
fc,9,mig_NQ_13,0.0056578
fc,9,med_NQ_13,-0.518266842
fc,9,mig_NQ_14,0.002352189
fc,9,med_NQ_14,-0.296115928
fc,9,mig_NQ_15,0.000575987
fc,9,med_NQ_15,-0.146449978
fc,9,mig_NQ_16,7.95272e-05
fc,9,med_NQ_16,-0.057316823
fc,9,mig_NQ_17,-3.26447e-06
fc,9,med_NQ_17,-0.014428368
fc,10,beta_Q_2,0.986426700069285
fc,10,beta_Q_3,0.987473200142563
fc,10,beta_Q_4,0.984694600000777
fc,10,beta_Q_5,0.980313000051596
fc,10,beta_Q_6,0.97328560153488
fc,10,beta_Q_7,0.962059500005814
fc,10,beta_Q_8,0.939212103062337
fc,10,beta_Q_9,0.902843200521366
fc,10,beta_Q_10,0.840300099934678
fc,10,beta_Q_11,0.742515600294894
fc,10,beta_Q_12,0.605056707370968
fc,10,beta_Q_13,0.440940987893285
fc,10,beta_Q_14,0.277381426484267
fc,10,beta_Q_15,0.155285704313517
fc,10,beta_Q_16,0.0771783404487145
fc,10,beta_Q_17,0.0382366976780276
fc,10,h_Q_2,73.67405126
fc,10,h_Q_3,79.8288469458
fc,10,h_Q_4,65.33641721554
fc,10,h_Q_5,50.7949408282949
fc,10,h_Q_6,37.4329949397765
fc,10,h_Q_7,26.3570590833587
fc,10,h_Q_8,16.4506423146629
fc,10,h_Q_9,10.2926403463315
fc,10,h_Q_10,6.26174468001641
fc,10,h_Q_11,3.88373043608137
fc,10,h_Q_12,2.53200133323649
fc,10,h_Q_13,1.78871901655207
fc,10,h_Q_14,1.38385588177002
fc,10,h_Q_15,1.18383221897797
fc,10,h_Q_16,1.08363083129587
fc,10,h_Q_17,1.03975676670155
fc,10,P_Q_1,0.228139101
fc,10,P_Q_2,0.0460741171568224
fc,10,P_Q_3,0.0462082265309793
fc,10,P_Q_4,0.0573718052679878
fc,10,P_Q_5,0.0582240677465765
fc,10,P_Q_6,0.0546503800909767
fc,10,P_Q_7,0.0460425580524357
fc,10,P_Q_8,0.0416365793358818
fc,10,P_Q_9,0.0380139590094719
fc,10,P_Q_10,0.0329401667563637
fc,10,P_Q_11,0.0259605915991423
fc,10,P_Q_12,0.0158181112822303
fc,10,P_Q_13,0.00797567816083508
fc,10,P_Q_14,0.00270104683816156
fc,10,P_Q_15,0.000519900609750377
fc,10,P_Q_16,6.34524356009634e-05
fc,10,P_Q_17,1.06309045855739e-06
fc,10,L_Q,0.782094583283878
fc,10,beta_NQ_2,0.965960400004401
fc,10,beta_NQ_3,0.968815599997748
fc,10,beta_NQ_4,0.964758999992157
fc,10,beta_NQ_5,0.955200000144948
fc,10,beta_NQ_6,0.94075630351581
fc,10,beta_NQ_7,0.922422428101573
fc,10,beta_NQ_8,0.889363701409856
fc,10,beta_NQ_9,0.84350539996961
fc,10,beta_NQ_10,0.772416900029399
fc,10,beta_NQ_11,0.674246481443401
fc,10,beta_NQ_12,0.526415033258905
fc,10,beta_NQ_13,0.366288453122011
fc,10,beta_NQ_14,0.221180203623582
fc,10,beta_NQ_15,0.120159597731927
fc,10,beta_NQ_16,0.0586116104771719
fc,10,beta_NQ_17,0.0286947287857468
fc,10,h_NQ_2,29.3775485
fc,10,h_NQ_3,32.0673157066
fc,10,h_NQ_4,28.376039265856
fc,10,h_NQ_5,22.321428572764
fc,10,h_NQ_6,16.8794319055451
fc,10,h_NQ_7,12.8903188534229
fc,10,h_NQ_8,9.03862475718681
fc,10,h_NQ_9,6.38999683537512
fc,10,h_NQ_10,4.39399937904242
fc,10,h_NQ_11,3.0697983132681
fc,10,h_NQ_12,2.11155202702299
fc,10,h_NQ_13,1.5780048862289
fc,10,h_NQ_14,1.28399406397237
fc,10,h_NQ_15,1.13656976573891
fc,10,h_NQ_16,1.06226012444849
fc,10,h_NQ_17,1.02954240843116
fc,10,P_NQ_1,0.532324569
fc,10,P_NQ_2,0.107506275569376
fc,10,P_NQ_3,0.10781919871397
fc,10,P_NQ_4,0.133867544321945
fc,10,P_NQ_5,0.135856164672399
fc,10,P_NQ_6,0.127517561334397
fc,10,P_NQ_7,0.107432634928792
fc,10,P_NQ_8,0.0971520259423504
fc,10,P_NQ_9,0.0886992446526199
fc,10,P_NQ_10,0.0768603999159602
fc,10,P_NQ_11,0.0605747141607732
fc,10,P_NQ_12,0.0369089277508909
fc,10,P_NQ_13,0.0186099156659776
fc,10,P_NQ_14,0.00630244265331665
fc,10,P_NQ_15,0.00121309134987813
fc,10,P_NQ_16,0.000148055517242276
fc,10,P_NQ_17,2.48052576830068e-06
fc,10,L_NQ,1.37832981193295
fc,10,pi_Q,0.3
fc,10,pi_NQ,0.7
fc,10,y,0.174728089292797
fc,10,nbar,3.64194663015849
fc,10,Ptot,2.34113605163933
fc,10,Pret,0.28660003831235
fc,10,H,112.600076891662
fc,10,cCheck,-4.44089209850063e-16
fc,10,shareq,0.3
fc,10,A,0.070701597
fc,10,A_Q,2
fc,10,xpop,0.76046367
fc,10,h_Q_1,100
fc,10,mig_Q_2,-0.172088286
fc,10,med_Q_2,-24.32594874
fc,10,mig_Q_3,0.006018008
fc,10,med_Q_3,53.57769846
fc,10,mig_Q_4,0.00735486
fc,10,med_Q_4,33.08397936
fc,10,mig_Q_5,0.005895665
fc,10,med_Q_5,19.39444675
fc,10,mig_Q_6,0.003201951
fc,10,med_Q_6,9.554069131
fc,10,mig_Q_7,0.001961042
fc,10,med_Q_7,2.44277957
fc,10,mig_Q_8,0.002128378
fc,10,med_Q_8,-1.708266668
fc,10,mig_Q_9,0.002592502
fc,10,med_Q_9,-1.650422923
fc,10,mig_Q_10,0.003214964
fc,10,med_Q_10,-1.464457627
fc,10,mig_Q_11,0.00397137
fc,10,med_Q_11,-0.997345636
fc,10,mig_Q_12,0.003752703
fc,10,med_Q_12,-0.570331654
fc,10,mig_Q_13,0.002689157
fc,10,med_Q_13,-0.271389053
fc,10,mig_Q_14,0.001274914
fc,10,med_Q_14,-0.12260252
fc,10,mig_Q_15,0.000297395
fc,10,med_Q_15,-0.029562425
fc,10,mig_Q_16,4.23925e-05
fc,10,med_Q_16,0.003779819
fc,10,mig_Q_17,-1.59484e-07
fc,10,med_Q_17,0.016277844
fc,10,h_NQ_1,100
fc,10,mig_NQ_2,-0.371216042
fc,10,med_NQ_2,-68.6224515
fc,10,mig_NQ_3,0.018737615
fc,10,med_NQ_3,21.71631103
fc,10,mig_NQ_4,0.022222088
fc,10,med_NQ_4,15.96087098
fc,10,mig_NQ_5,0.019382445
fc,10,med_NQ_5,8.937015949
fc,10,mig_NQ_6,0.01354904
fc,10,med_NQ_6,4.569204116
fc,10,mig_NQ_7,0.010480886
fc,10,med_NQ_7,1.94474405
fc,10,mig_NQ_8,0.011399669
fc,10,med_NQ_8,-0.011926266
fc,10,mig_NQ_9,0.01292554
fc,10,med_NQ_9,-0.316938813
fc,10,mig_NQ_10,0.014305209
fc,10,med_NQ_10,-0.51860883
fc,10,mig_NQ_11,0.014852855
fc,10,med_NQ_11,-0.440558495
fc,10,mig_NQ_12,0.012970199
fc,10,med_NQ_12,-0.398850775
fc,10,mig_NQ_13,0.008593247
fc,10,med_NQ_13,-0.190373302
fc,10,mig_NQ_14,0.003697017
fc,10,med_NQ_14,-0.084302696
fc,10,mig_NQ_15,0.000818452
fc,10,med_NQ_15,-0.01718854
fc,10,mig_NQ_16,0.000111204
fc,10,med_NQ_16,0.00817094
fc,10,mig_NQ_17,3.64118e-07
fc,10,med_NQ_17,0.017293685
fc,11,beta_Q_2,0.993591100002428
fc,11,beta_Q_3,0.991658700496937
fc,11,beta_Q_4,0.988412000144944
fc,11,beta_Q_5,0.983095300000944
fc,11,beta_Q_6,0.975058800018706
fc,11,beta_Q_7,0.962736404057653
fc,11,beta_Q_8,0.941151100012965
fc,11,beta_Q_9,0.907147799994951
fc,11,beta_Q_10,0.848107599906427
fc,11,beta_Q_11,0.750221225887767
fc,11,beta_Q_12,0.616204873850281
fc,11,beta_Q_13,0.447024208628429
fc,11,beta_Q_14,0.279029953486581
fc,11,beta_Q_15,0.149287502194982
fc,11,beta_Q_16,0.0709255058263431
fc,11,beta_Q_17,0.0340335968057298
fc,11,h_Q_2,156.03301659
fc,11,h_Q_3,119.8853895648
fc,11,h_Q_4,86.296168443884
fc,11,h_Q_5,59.1551462052292
fc,11,h_Q_6,40.094301801729
fc,11,h_Q_7,26.835839800981
fc,11,h_Q_8,16.9926710646915
fc,11,h_Q_9,10.7698040533697
fc,11,h_Q_10,6.58360786540487
fc,11,h_Q_11,4.00353912341608
fc,11,h_Q_12,2.60555494335975
fc,11,h_Q_13,1.80839740357176
fc,11,h_Q_14,1.38701295622103
fc,11,h_Q_15,1.17548525513462
fc,11,h_Q_16,1.07633995359841
fc,11,h_Q_17,1.03523269166995
fc,11,P_Q_1,0.2458306653
fc,11,P_Q_2,0.0619474285562033
fc,11,P_Q_3,0.0470410209125907
fc,11,P_Q_4,0.047841618140668
fc,11,P_Q_5,0.0581952385406371
fc,11,P_Q_6,0.0579836048005343
fc,11,P_Q_7,0.0531009223454527
fc,11,P_Q_8,0.0440684367787978
fc,11,P_Q_9,0.0387561435463693
fc,11,P_Q_10,0.033816558554572
fc,11,P_Q_11,0.0269581076929153
fc,11,P_Q_12,0.0185859610743795
fc,11,P_Q_13,0.00903058161539256
fc,11,P_Q_14,0.00325755898543185
fc,11,P_Q_15,0.000714998960647717
fc,11,P_Q_16,9.42372662588088e-05
fc,11,P_Q_17,1.15970085571844e-11
fc,11,L_Q,0.830438667516672
fc,11,beta_NQ_2,0.983665399999646
fc,11,beta_NQ_3,0.978835400001824
fc,11,beta_NQ_4,0.972980100144218
fc,11,beta_NQ_5,0.961216512998593
fc,11,beta_NQ_6,0.944081100012597
fc,11,beta_NQ_7,0.923078700404588
fc,11,beta_NQ_8,0.891839629677109
fc,11,beta_NQ_9,0.849085600046479
fc,11,beta_NQ_10,0.781791099620542
fc,11,beta_NQ_11,0.682715361040902
fc,11,beta_NQ_12,0.537869174743662
fc,11,beta_NQ_13,0.372200304897387
fc,11,beta_NQ_14,0.223064448964196
fc,11,beta_NQ_15,0.115793400331142
fc,11,beta_NQ_16,0.0540179978328478
fc,11,beta_NQ_17,0.025615596515411
fc,11,h_NQ_2,61.21974214
fc,11,h_NQ_3,47.24870775
fc,11,h_NQ_4,37.009759471468
fc,11,h_NQ_5,25.7841607835389
fc,11,h_NQ_6,17.8830413343087
fc,11,h_NQ_7,13.0003003064342
fc,11,h_NQ_8,9.24552793635446
fc,11,h_NQ_9,6.62627290904307
fc,11,h_NQ_10,4.58276448966762
fc,11,h_NQ_11,3.15174253546158
fc,11,h_NQ_12,2.16388859600274
fc,11,h_NQ_13,1.59286473048253
fc,11,h_NQ_14,1.28710051350432
fc,11,h_NQ_15,1.13095740269293
fc,11,h_NQ_16,1.05710256342413
fc,11,h_NQ_17,1.02628900495952
fc,11,P_NQ_1,0.5736048857
fc,11,P_NQ_2,0.14454400060341
fc,11,P_NQ_3,0.109762384869268
fc,11,P_NQ_4,0.111630444331245
fc,11,P_NQ_5,0.135788889355725
fc,11,P_NQ_6,0.135295084287042
fc,11,P_NQ_7,0.123902163551665
fc,11,P_NQ_8,0.102826353852484
fc,11,P_NQ_9,0.0904310065003603
fc,11,P_NQ_10,0.0789053085895259
fc,11,P_NQ_11,0.0629023192056688
fc,11,P_NQ_12,0.0433671901695921
fc,11,P_NQ_13,0.0210713480522659
fc,11,P_NQ_14,0.00760097093641862
fc,11,P_NQ_15,0.00166833197395107
fc,11,P_NQ_16,0.000219884237672283
fc,11,P_NQ_17,2.29125005838702e-11
fc,11,L_NQ,1.46377466782003
fc,11,pi_Q,0.3
fc,11,pi_NQ,0.7
fc,11,y,0.40740155395392
fc,11,nbar,4.01464113233596
fc,11,Ptot,2.49074364932166
fc,11,Pret,0.308193357349202
fc,11,H,136.983936180097
fc,11,cCheck,0
fc,11,shareq,0.3
fc,11,A,0.153982005
fc,11,A_Q,2
fc,11,xpop,0.819435551
fc,11,h_Q_1,100
fc,11,mig_Q_2,-0.163095072
fc,11,med_Q_2,58.03301659
fc,11,mig_Q_3,0.001544065
fc,11,med_Q_3,47.68481933
fc,11,mig_Q_4,0.002340627
fc,11,med_Q_4,8.063898437
fc,11,mig_Q_5,0.001952912
fc,11,med_Q_5,-4.874542666
fc,11,mig_Q_6,0.001314958
fc,11,med_Q_6,-9.68474021
fc,11,mig_Q_7,0.000524005
fc,11,med_Q_7,-9.84849524
fc,11,mig_Q_8,0.000824709
fc,11,med_Q_8,-8.837246837
fc,11,mig_Q_9,0.001164841
fc,11,med_Q_9,-5.351825415
fc,11,mig_Q_10,0.001873425
fc,11,med_Q_10,-3.503179674
fc,11,mig_Q_11,0.00249952
fc,11,med_Q_11,-2.132970663
fc,11,mig_Q_12,0.002878331
fc,11,med_Q_12,-1.200500884
fc,11,mig_Q_13,0.002055728
fc,11,med_Q_13,-0.672963903
fc,11,mig_Q_14,0.001045254
fc,11,med_Q_14,-0.36593168
fc,11,mig_Q_15,0.000295565
fc,11,med_Q_15,-0.180693509
fc,11,mig_Q_16,5.41122e-05
fc,11,med_Q_16,-0.083815621
fc,11,mig_Q_17,-2.4262e-06
fc,11,med_Q_17,-0.026725523
fc,11,h_NQ_1,100
fc,11,mig_NQ_2,-0.369660453
fc,11,med_NQ_2,-36.78025786
fc,11,mig_NQ_3,0.005608628
fc,11,med_NQ_3,18.45871022
fc,11,mig_NQ_4,0.007610902
fc,11,med_NQ_4,5.583790079
fc,11,mig_NQ_5,0.007918611
fc,11,med_NQ_5,-2.024357697
fc,11,mig_NQ_6,0.007487541
fc,11,med_NQ_6,-3.991958667
fc,11,mig_NQ_7,0.006277105
fc,11,med_NQ_7,-3.541542961
fc,11,mig_NQ_8,0.007279668
fc,11,med_NQ_8,-3.38698454
fc,11,mig_NQ_9,0.008482748
fc,11,med_NQ_9,-2.231579353
fc,11,mig_NQ_10,0.010392513
fc,11,med_NQ_10,-1.679432409
fc,11,mig_NQ_11,0.011079465
fc,11,med_NQ_11,-1.154376856
fc,11,mig_NQ_12,0.01147975
fc,11,med_NQ_12,-0.844513751
fc,11,mig_NQ_13,0.007552034
fc,11,med_NQ_13,-0.476456256
fc,11,mig_NQ_14,0.003484826
fc,11,med_NQ_14,-0.259344275
fc,11,mig_NQ_15,0.000911033
fc,11,med_NQ_15,-0.12735678
fc,11,mig_NQ_16,0.000148783
fc,11,med_NQ_16,-0.056735807
fc,11,mig_NQ_17,-4.24839e-06
fc,11,med_NQ_17,-0.014725917
fc,12,beta_Q_2,0.994794700000283
fc,12,beta_Q_3,0.993151300000353
fc,12,beta_Q_4,0.990040699999411
fc,12,beta_Q_5,0.985406799999085
fc,12,beta_Q_6,0.977888601593333
fc,12,beta_Q_7,0.965888600186084
fc,12,beta_Q_8,0.944514900010858
fc,12,beta_Q_9,0.912696100054757
fc,12,beta_Q_10,0.85859640011135
fc,12,beta_Q_11,0.767505400001658
fc,12,beta_Q_12,0.638155199373967
fc,12,beta_Q_13,0.470897593289184
fc,12,beta_Q_14,0.297350425750987
fc,12,beta_Q_15,0.160490828553725
fc,12,beta_Q_16,0.0768615017820746
fc,12,beta_Q_17,0.0364280247042793
fc,12,h_Q_2,192.11188596
fc,12,h_Q_3,146.0131119812
fc,12,h_Q_4,100.408663253504
fc,12,h_Q_5,68.5250664650063
fc,12,h_Q_6,45.2255397711246
fc,12,h_Q_7,29.3157126396944
fc,12,h_Q_8,18.0228565869614
fc,12,h_Q_9,11.4542420253977
fc,12,h_Q_10,7.07195573430226
fc,12,h_Q_11,4.30117516309678
fc,12,h_Q_12,2.76361577694776
fc,12,h_Q_13,1.88998546249255
fc,12,h_Q_14,1.42318386650033
fc,12,h_Q_15,1.19117217809661
fc,12,h_Q_16,1.08326107103193
fc,12,h_Q_17,1.03779881652644
fc,12,P_Q_1,0.264807645
fc,12,P_Q_2,0.0617253131497558
fc,12,P_Q_3,0.0621279115011714
fc,12,P_Q_4,0.0470734635690739
fc,12,P_Q_5,0.0475125439385306
fc,12,P_Q_6,0.0571084784582359
fc,12,P_Q_7,0.0559398941799664
fc,12,P_Q_8,0.0503188094771259
fc,12,P_Q_9,0.040765321473103
fc,12,P_Q_10,0.0343554498847402
fc,12,P_Q_11,0.0278630880141164
fc,12,P_Q_12,0.0195343213501552
fc,12,P_Q_13,0.0108637735408733
fc,12,P_Q_14,0.00375782376809976
fc,12,P_Q_15,0.000857172844187942
fc,12,P_Q_16,0.000128705962949249
fc,12,P_Q_17,5.31239265008406e-11
fc,12,L_Q,0.871368175127566
fc,12,beta_NQ_2,0.9858635999994
fc,12,beta_NQ_3,0.9818701999993
fc,12,beta_NQ_4,0.976348704006461
fc,12,beta_NQ_5,0.966116906483536
fc,12,beta_NQ_6,0.949930801722291
fc,12,beta_NQ_7,0.928669100105706
fc,12,beta_NQ_8,0.896660599994639
fc,12,beta_NQ_9,0.856564299964593
fc,12,beta_NQ_10,0.79491340015851
fc,12,beta_NQ_11,0.702279799376932
fc,12,beta_NQ_12,0.560721899993885
fc,12,beta_NQ_13,0.394610637288873
fc,12,beta_NQ_14,0.238564330831283
fc,12,beta_NQ_15,0.124762311463605
fc,12,beta_NQ_16,0.0583731004118958
fc,12,beta_NQ_17,0.0272748173711475
fc,12,h_NQ_2,70.73936787
fc,12,h_NQ_3,55.1578064822
fc,12,h_NQ_4,42.280973987
fc,12,h_NQ_5,29.5132381610386
fc,12,h_NQ_6,19.9723582498681
fc,12,h_NQ_7,14.0191698136225
fc,12,h_NQ_8,9.67685122930548
fc,12,h_NQ_9,6.97176504662737
fc,12,h_NQ_10,4.87598897486221
fc,12,h_NQ_11,3.35885840987426
fc,12,h_NQ_12,2.27646222275234
fc,12,h_NQ_13,1.65182638508269
fc,12,h_NQ_14,1.31330835787288
fc,12,h_NQ_15,1.14254676423424
fc,12,h_NQ_16,1.06199175063907
fc,12,h_NQ_17,1.02803661115565
fc,12,P_NQ_1,0.617884505
fc,12,P_NQ_2,0.144025731333841
fc,12,P_NQ_3,0.144965127648503
fc,12,P_NQ_4,0.109838085222169
fc,12,P_NQ_5,0.110862607444563
fc,12,P_NQ_6,0.133253115032442
fc,12,P_NQ_7,0.130526425574811
fc,12,P_NQ_8,0.11741056965811
fc,12,P_NQ_9,0.0951190853614283
fc,12,P_NQ_10,0.080162720011709
fc,12,P_NQ_11,0.0650138712417419
fc,12,P_NQ_12,0.0455801145206155
fc,12,P_NQ_13,0.0253487774036651
fc,12,P_NQ_14,0.00876827064221149
fc,12,P_NQ_15,0.00200007027054609
fc,12,P_NQ_16,0.000300312952953359
fc,12,P_NQ_17,3.59123119400391e-11
fc,12,L_NQ,1.53621006714396
fc,12,pi_Q,0.3
fc,12,pi_NQ,0.7
fc,12,y,0.560256785299119
fc,12,nbar,4.38133921709712
fc,12,Ptot,2.61579910552043
fc,12,Pret,0.324534472497601
fc,12,H,155.168545991084
fc,12,cCheck,4.44089209850063e-16
fc,12,shareq,0.3
fc,12,A,0.199187605
fc,12,A_Q,2
fc,12,xpop,0.88269215
fc,12,h_Q_1,100
fc,12,mig_Q_2,-0.182529848
fc,12,med_Q_2,94.11188596
fc,12,mig_Q_3,0.000697205
fc,12,med_Q_3,-6.899244277
fc,12,mig_Q_4,0.000577554
fc,12,med_Q_4,-17.07901852
fc,12,mig_Q_5,0.000479674
fc,12,med_Q_5,-16.04517861
fc,12,mig_Q_6,0.000364699
fc,12,med_Q_6,-12.74650351
fc,12,mig_Q_7,0.000116967
fc,12,med_Q_7,-9.976703126
fc,12,mig_Q_8,0.000342818
fc,12,med_Q_8,-8.276266418
fc,12,mig_Q_9,0.000788736
fc,12,med_Q_9,-5.198575618
fc,12,mig_Q_10,0.00148607
fc,12,med_Q_10,-3.482452238
fc,12,mig_Q_11,0.002493188
fc,12,med_Q_11,-2.150760545
fc,12,mig_Q_12,0.002922604
fc,12,med_Q_12,-1.159852564
fc,12,mig_Q_13,0.002555399
fc,12,med_Q_13,-0.663458382
fc,12,mig_Q_14,0.001238021
fc,12,med_Q_14,-0.349045589
fc,12,mig_Q_15,0.00037086
fc,12,med_Q_15,-0.168100519
fc,12,mig_Q_16,7.79943e-05
fc,12,med_Q_16,-0.068714479
fc,12,mig_Q_17,-3.20718e-06
fc,12,med_Q_17,-0.017014338
fc,12,h_NQ_1,100
fc,12,mig_NQ_2,-0.420209548
fc,12,med_NQ_2,-27.26063213
fc,12,mig_NQ_3,0.003480343
fc,12,med_NQ_3,-4.837540815
fc,12,mig_NQ_4,0.003041469
fc,12,med_NQ_4,-4.022759608
fc,12,mig_NQ_5,0.003561581
fc,12,med_NQ_5,-6.756326121
fc,12,mig_NQ_6,0.005057391
fc,12,med_NQ_6,-5.296119318
fc,12,mig_NQ_7,0.005638415
fc,12,med_NQ_7,-3.506210694
fc,12,mig_NQ_8,0.00690971
fc,12,med_NQ_8,-3.063443071
fc,12,mig_NQ_9,0.007810709
fc,12,med_NQ_9,-2.088852331
fc,12,mig_NQ_10,0.009464564
fc,12,med_NQ_10,-1.617758476
fc,12,mig_NQ_11,0.011144005
fc,12,med_NQ_11,-1.13225079
fc,12,mig_NQ_12,0.011746896
fc,12,med_NQ_12,-0.812245462
fc,12,mig_NQ_13,0.009207496
fc,12,med_NQ_13,-0.468784439
fc,12,mig_NQ_14,0.004068002
fc,12,med_NQ_14,-0.247699078
fc,12,mig_NQ_15,0.001119928
fc,12,med_NQ_15,-0.118811739
fc,12,mig_NQ_16,0.000210193
fc,12,med_NQ_16,-0.046346504
fc,12,mig_NQ_17,-5.63243e-06
fc,12,med_NQ_17,-0.007923901
fc,13,beta_Q_2,0.99543669999992
fc,13,beta_Q_3,0.993858200189183
fc,13,beta_Q_4,0.990898000056964
fc,13,beta_Q_5,0.986666900084058
fc,13,beta_Q_6,0.980067900403587
fc,13,beta_Q_7,0.968515800076275
fc,13,beta_Q_8,0.94732200001555
fc,13,beta_Q_9,0.916073500002183
fc,13,beta_Q_10,0.865978800079766
fc,13,beta_Q_11,0.781981500048058
fc,13,beta_Q_12,0.656456599521037
fc,13,beta_Q_13,0.489528404327301
fc,13,beta_Q_14,0.316434817275691
fc,13,beta_Q_15,0.176402616092727
fc,13,beta_Q_16,0.0835971053138845
fc,13,beta_Q_17,0.0394349000538824
fc,13,h_Q_2,219.1396577
fc,13,h_Q_3,162.8187176408
fc,13,h_Q_4,109.865963531576
fc,13,h_Q_5,75.0013125184339
fc,13,h_Q_6,50.1703282557062
fc,13,h_Q_7,31.7619631457021
fc,13,h_Q_8,18.9832567719005
fc,13,h_Q_9,11.9151876942221
fc,13,h_Q_10,7.46150609388974
fc,13,h_Q_11,4.58676671861621
fc,13,h_Q_12,2.91084037283484
fc,13,h_Q_13,1.9589693814088
fc,13,h_Q_14,1.4629173892427
fc,13,h_Q_15,1.21418532917032
fc,13,h_Q_16,1.09122308853468
fc,13,h_Q_17,1.04105385461129
fc,13,P_Q_1,0.2950376742
fc,13,P_Q_2,0.0600938417655564
fc,13,P_Q_3,0.0632528059976088
fc,13,P_Q_4,0.0631999499921212
fc,13,P_Q_5,0.0475806151004746
fc,13,P_Q_6,0.0475054961501915
fc,13,P_Q_7,0.0560209943167826
fc,13,P_Q_8,0.053701097558009
fc,13,P_Q_9,0.0471131771691711
fc,13,P_Q_10,0.0367819982661882
fc,13,P_Q_11,0.0289928733060244
fc,13,P_Q_12,0.0209122024868229
fc,13,P_Q_13,0.0120588959103256
fc,13,P_Q_14,0.00491457868764097
fc,13,P_Q_15,0.00107203225010121
fc,13,P_Q_16,0.000154475992091097
fc,13,P_Q_17,1.41993639979033e-05
fc,13,L_Q,0.929339000217621
fc,13,beta_NQ_2,0.987370000517705
fc,13,beta_NQ_3,0.983264100037819
fc,13,beta_NQ_4,0.97793440001489
fc,13,beta_NQ_5,0.968845500110594
fc,13,beta_NQ_6,0.954518500483554
fc,13,beta_NQ_7,0.933515000027073
fc,13,beta_NQ_8,0.900877300011999
fc,13,beta_NQ_9,0.8608113206286
fc,13,beta_NQ_10,0.804067599919317
fc,13,beta_NQ_11,0.718815200189958
fc,13,beta_NQ_12,0.580001798526363
fc,13,beta_NQ_13,0.412395592996297
fc,13,beta_NQ_14,0.255122082688129
fc,13,beta_NQ_15,0.1373123384164
fc,13,beta_NQ_16,0.0635136030540818
fc,13,beta_NQ_17,0.0294936500570758
fc,13,h_NQ_2,79.17656374
fc,13,h_NQ_3,59.7517910566
fc,13,h_NQ_4,45.319411208556
fc,13,h_NQ_5,32.09809177126
fc,13,h_NQ_6,21.9869617298179
fc,13,h_NQ_7,15.0409866828707
fc,13,h_NQ_8,10.0885064683501
fc,13,h_NQ_9,7.18448610771937
fc,13,h_NQ_10,5.10380110469482
fc,13,h_NQ_11,3.55638000536496
fc,13,h_NQ_12,2.38096257667678
fc,13,h_NQ_13,1.7018237932973
fc,13,h_NQ_14,1.34250154638103
fc,13,h_NQ_15,1.15916802771542
fc,13,h_NQ_16,1.06782116894955
fc,13,h_NQ_17,1.03038459962629
fc,13,P_NQ_1,0.6884212398
fc,13,P_NQ_2,0.140218964483147
fc,13,P_NQ_3,0.147589880629804
fc,13,P_NQ_4,0.147466550505747
fc,13,P_NQ_5,0.111021439108917
fc,13,P_NQ_6,0.110846162570838
fc,13,P_NQ_7,0.13071565442346
fc,13,P_NQ_8,0.125302564071066
fc,13,P_NQ_9,0.109930758407643
fc,13,P_NQ_10,0.0858246655646206
fc,13,P_NQ_11,0.0676500409273322
fc,13,P_NQ_12,0.0487951394086273
fc,13,P_NQ_13,0.0281373890386799
fc,13,P_NQ_14,0.0114673381186965
fc,13,P_NQ_15,0.00250140671286077
fc,13,P_NQ_16,0.000360443302733435
fc,13,P_NQ_17,3.31310809459929e-05
fc,13,L_NQ,1.63873483447964
fc,13,pi_Q,0.3
fc,13,pi_NQ,0.7
fc,13,y,0.733694381555355
fc,13,nbar,4.79123656192511
fc,13,Ptot,2.79468967666823
fc,13,Pret,0.349670810417689
fc,13,H,174.693858781376
fc,13,cCheck,-1.33226762955019e-15
fc,13,shareq,0.3
fc,13,A,0.245020185
fc,13,A_Q,2
fc,13,xpop,0.983458914
fc,13,h_Q_1,100
fc,13,mig_Q_2,-0.2033354
fc,13,med_Q_2,121.1396577
fc,13,mig_Q_3,0.001950231
fc,13,med_Q_3,-25.4509306
fc,13,mig_Q_4,0.001690789
fc,13,med_Q_4,-33.22688621
fc,13,mig_Q_5,0.001194104
fc,13,med_Q_5,-23.39917747
fc,13,mig_Q_6,0.001043521
fc,13,med_Q_6,-16.98423688
fc,13,mig_Q_7,0.000860566
fc,13,med_Q_7,-12.55906583
fc,13,mig_Q_8,0.000865034
fc,13,med_Q_8,-9.746141615
fc,13,mig_Q_9,0.001187396
fc,13,med_Q_9,-5.747211761
fc,13,mig_Q_10,0.00178104
fc,13,med_Q_10,-3.763651091
fc,13,mig_Q_11,0.00262488
fc,13,med_Q_11,-2.343749901
fc,13,mig_Q_12,0.003131228
fc,13,med_Q_12,-1.304311287
fc,13,mig_Q_13,0.002860231
fc,13,med_Q_13,-0.74937408
fc,13,mig_Q_14,0.001684231
fc,13,med_Q_14,-0.389268364
fc,13,mig_Q_15,0.000468936
fc,13,med_Q_15,-0.18053486
fc,13,mig_Q_16,8.85924e-05
fc,13,med_Q_16,-0.076125646
fc,13,mig_Q_17,9.51086e-06
fc,13,med_Q_17,-0.020541995
fc,13,h_NQ_1,100
fc,13,mig_NQ_2,-0.468930878
fc,13,med_NQ_2,-18.82343626
fc,13,mig_NQ_3,0.006175307
fc,13,med_NQ_3,-9.572789456
fc,13,mig_NQ_4,0.005930036
fc,13,med_NQ_4,-8.735239144
fc,13,mig_NQ_5,0.004905008
fc,13,med_NQ_5,-9.337262736
fc,13,mig_NQ_6,0.005534357
fc,13,med_NQ_6,-6.936011668
fc,13,mig_NQ_7,0.006967604
fc,13,med_NQ_7,-4.531924402
fc,13,mig_NQ_8,0.008264661
fc,13,med_NQ_8,-3.650279949
fc,13,mig_NQ_9,0.009361056
fc,13,med_NQ_9,-2.298828097
fc,13,mig_NQ_10,0.01021323
fc,13,med_NQ_10,-1.728528641
fc,13,mig_NQ_11,0.011353382
fc,13,med_NQ_11,-1.22208919
fc,13,mig_NQ_12,0.012340438
fc,13,med_NQ_12,-0.910718665
fc,13,mig_NQ_13,0.010150991
fc,13,med_NQ_13,-0.529109185
fc,13,mig_NQ_14,0.005420024
fc,13,med_NQ_14,-0.276288311
fc,13,mig_NQ_15,0.001407457
fc,13,med_NQ_15,-0.127874163
fc,13,mig_NQ_16,0.000243693
fc,13,med_NQ_16,-0.05187466
fc,13,mig_NQ_17,2.49401e-05
fc,13,med_NQ_17,-0.010367316
fc,14,beta_Q_2,0.995754800004843
fc,14,beta_Q_3,0.994171300000187
fc,14,beta_Q_4,0.990976500051843
fc,14,beta_Q_5,0.986639900000631
fc,14,beta_Q_6,0.980200900038177
fc,14,beta_Q_7,0.970047399997429
fc,14,beta_Q_8,0.949007699996581
fc,14,beta_Q_9,0.91748150702083
fc,14,beta_Q_10,0.86633560001034
fc,14,beta_Q_11,0.788424382100547
fc,14,beta_Q_12,0.672029899979871
fc,14,beta_Q_13,0.511739889190151
fc,14,beta_Q_14,0.336314032157484
fc,14,beta_Q_15,0.191642504856973
fc,14,beta_Q_16,0.0944234196908989
fc,14,beta_Q_17,0.0447936033192221
fc,14,h_Q_2,235.5601621
fc,14,h_Q_3,171.564842926
fc,14,h_Q_4,110.821743227984
fc,14,h_Q_5,74.8497391509444
fc,14,h_Q_6,50.5073462880652
fc,14,h_Q_7,33.3860833405921
fc,14,h_Q_8,19.6108039827881
fc,14,h_Q_9,12.1184946444625
fc,14,h_Q_10,7.48142362533768
fc,14,h_Q_11,4.72643847201194
fc,14,h_Q_12,3.04905843524389
fc,14,h_Q_13,2.04807990037814
fc,14,h_Q_14,1.50673547978063
fc,14,h_Q_15,1.23707626845785
fc,14,h_Q_16,1.10426881758691
fc,14,h_Q_17,1.04689416076398
fc,14,P_Q_1,0.3198031971
fc,14,P_Q_2,0.0561084727812994
fc,14,P_Q_3,0.0615593454195694
fc,14,P_Q_4,0.0644478859610217
fc,14,P_Q_5,0.0636490937441937
fc,14,P_Q_6,0.0473664005414334
fc,14,P_Q_7,0.0467254316119231
fc,14,P_Q_8,0.0539476863790343
fc,14,P_Q_9,0.050298217393924
fc,14,P_Q_10,0.0425283796329042
fc,14,P_Q_11,0.0313991051789589
fc,14,P_Q_12,0.0222572730208171
fc,14,P_Q_13,0.0132743451143438
fc,14,P_Q_14,0.00564669852393046
fc,14,P_Q_15,0.00150230853749343
fc,14,P_Q_16,0.000191967792911592
fc,14,P_Q_17,2.04586453088367e-05
fc,14,L_Q,0.967580407700234
fc,14,beta_NQ_2,0.988142700004068
fc,14,beta_NQ_3,0.983934500001772
fc,14,beta_NQ_4,0.977790400038823
fc,14,beta_NQ_5,0.968400001242472
fc,14,beta_NQ_6,0.954638500008699
fc,14,beta_NQ_7,0.936549199995969
fc,14,beta_NQ_8,0.903564358072179
fc,14,beta_NQ_9,0.862200001433298
fc,14,beta_NQ_10,0.803860918221978
fc,14,beta_NQ_11,0.726096436615858
fc,14,beta_NQ_12,0.596541539489888
fc,14,beta_NQ_13,0.433744041227652
fc,14,beta_NQ_14,0.272212721431368
fc,14,beta_NQ_15,0.149810141058438
fc,14,beta_NQ_16,0.0716882050066691
fc,14,beta_NQ_17,0.033394703023271
fc,14,h_NQ_2,84.33623169
fc,14,h_NQ_3,62.2451837852
fc,14,h_NQ_4,45.025574525468
fc,14,h_NQ_5,31.6455696143849
fc,14,h_NQ_6,22.0451263768348
fc,14,h_NQ_7,15.7602425802215
fc,14,h_NQ_8,10.3696037822133
fc,14,h_NQ_9,7.25689404998309
fc,14,h_NQ_10,5.09841729756498
fc,14,h_NQ_11,3.65091818560092
fc,14,h_NQ_12,2.47856291125766
fc,14,h_NQ_13,1.76598226414324
fc,14,h_NQ_14,1.37402744643135
fc,14,h_NQ_15,1.17620781145341
fc,14,h_NQ_16,1.07722426816111
fc,14,h_NQ_17,1.03454843757056
fc,14,P_NQ_1,0.7462074599
fc,14,P_NQ_2,0.130919770897725
fc,14,P_NQ_3,0.143638475920757
fc,14,P_NQ_4,0.150378401361977
fc,14,P_NQ_5,0.148514554874325
fc,14,P_NQ_6,0.110521604579769
fc,14,P_NQ_7,0.109026010455316
fc,14,P_NQ_8,0.125877934826308
fc,14,P_NQ_9,0.117362525656164
fc,14,P_NQ_10,0.0992328940701438
fc,14,P_NQ_11,0.0732645811590689
fc,14,P_NQ_12,0.0519336384082348
fc,14,P_NQ_13,0.0309734504517578
fc,14,P_NQ_14,0.0131756082929542
fc,14,P_NQ_15,0.00350538401248975
fc,14,P_NQ_16,0.000447922353037455
fc,14,P_NQ_17,4.77384886362366e-05
fc,14,L_NQ,1.70632262634256
fc,14,pi_Q,0.3
fc,14,pi_NQ,0.7
fc,14,y,1.0531064941633
fc,14,nbar,5.10827730177707
fc,14,Ptot,2.93575422308773
fc,14,Pret,0.389401753682991
fc,14,H,185.670093636066
fc,14,cCheck,0
fc,14,shareq,0.3
fc,14,A,0.336263838
fc,14,A_Q,2
fc,14,xpop,1.066010657
fc,14,h_Q_1,100
fc,14,mig_Q_2,-0.237582856
fc,14,med_Q_2,137.5601621
fc,14,mig_Q_3,0.001834588
fc,14,med_Q_3,-43.19202162
fc,14,mig_Q_4,0.001770807
fc,14,med_Q_4,-48.74060006
fc,14,mig_Q_5,0.001291795
fc,14,med_Q_5,-32.81890511
fc,14,mig_Q_6,0.000734167
fc,14,med_Q_6,-22.99393998
fc,14,mig_Q_7,0.000715608
fc,14,med_Q_7,-15.78083835
fc,14,mig_Q_8,0.000877766
fc,14,med_Q_8,-11.5159199
fc,14,mig_Q_9,0.001104065
fc,14,med_Q_9,-6.485096992
fc,14,mig_Q_10,0.001729367
fc,14,med_Q_10,-4.195460315
fc,14,mig_Q_11,0.002636263
fc,14,med_Q_11,-2.5858375
fc,14,mig_Q_12,0.00322471
fc,14,med_Q_12,-1.445972949
fc,14,mig_Q_13,0.003037228
fc,14,med_Q_13,-0.804543665
fc,14,mig_Q_14,0.001830844
fc,14,med_Q_14,-0.413054514
fc,14,mig_Q_15,0.000635364
fc,14,med_Q_15,-0.196582773
fc,14,mig_Q_16,0.000102349
fc,14,med_Q_16,-0.085632805
fc,14,mig_Q_17,1.43669e-05
fc,14,med_Q_17,-0.022504466
fc,14,h_NQ_1,100
fc,14,mig_NQ_2,-0.548806709
fc,14,med_NQ_2,-13.66376831
fc,14,mig_NQ_3,0.005766202
fc,14,med_NQ_3,-15.34784868
fc,14,mig_NQ_4,0.00604518
fc,14,med_NQ_4,-13.53118071
fc,14,mig_NQ_5,0.005642251
fc,14,med_NQ_5,-12.76745337
fc,14,mig_NQ_6,0.004549587
fc,14,med_NQ_6,-9.411003559
fc,14,mig_NQ_7,0.005549455
fc,14,med_NQ_7,-5.786979915
fc,14,mig_NQ_8,0.008119169
fc,14,med_NQ_8,-4.370563167
fc,14,mig_NQ_9,0.00950066
fc,14,med_NQ_9,-2.629842289
fc,14,mig_NQ_10,0.010841133
fc,14,med_NQ_10,-1.942379088
fc,14,mig_NQ_11,0.011572507
fc,14,med_NQ_11,-1.350806897
fc,14,mig_NQ_12,0.012696493
fc,14,med_NQ_12,-1.006689494
fc,14,mig_NQ_13,0.01085055
fc,14,med_NQ_13,-0.567361061
fc,14,mig_NQ_14,0.005997139
fc,14,med_NQ_14,-0.293759871
fc,14,mig_NQ_15,0.001930777
fc,14,med_NQ_15,-0.139443704
fc,14,mig_NQ_16,0.000289049
fc,14,med_NQ_16,-0.058760399
fc,14,mig_NQ_17,3.71077e-05
fc,14,med_NQ_17,-0.011916308
fc,15,beta_Q_2,0.995943800000819
fc,15,beta_Q_3,0.994638400018662
fc,15,beta_Q_4,0.991469000000774
fc,15,beta_Q_5,0.986982900000344
fc,15,beta_Q_6,0.981193400001437
fc,15,beta_Q_7,0.971546499995241
fc,15,beta_Q_8,0.954140501122299
fc,15,beta_Q_9,0.924845900633453
fc,15,beta_Q_10,0.876465100316861
fc,15,beta_Q_11,0.799466700027591
fc,15,beta_Q_12,0.688078000406597
fc,15,beta_Q_13,0.531831587428912
fc,15,beta_Q_14,0.357684185180722
fc,15,beta_Q_15,0.203602537720793
fc,15,beta_Q_16,0.100828305865785
fc,15,beta_Q_17,0.0474932096030305
fc,15,h_Q_2,246.5361669
fc,15,h_Q_3,186.511489138
fc,15,h_Q_4,117.21955221748
fc,15,h_Q_5,76.8220264134243
fc,15,h_Q_6,53.1728223079256
fc,15,h_Q_7,35.1450612323039
fc,15,h_Q_8,21.8057327237802
fc,15,h_Q_9,13.3059939501323
fc,15,h_Q_10,8.09487845557326
fc,15,h_Q_11,4.98670295683093
fc,15,h_Q_12,3.2059296915717
fc,15,h_Q_13,2.13597624753901
fc,15,h_Q_14,1.55686463237058
fc,15,h_Q_15,1.25565436418501
fc,15,h_Q_16,1.11213465008869
fc,15,h_Q_17,1.04985289623517
fc,15,P_Q_1,0.3220408704
fc,15,P_Q_2,0.0643385065692199
fc,15,P_Q_3,0.0571512833260096
fc,15,P_Q_4,0.0621299456693674
fc,15,P_Q_5,0.0643568587598345
fc,15,P_Q_6,0.062751466974673
fc,15,P_Q_7,0.0461707546924543
fc,15,P_Q_8,0.0447023903853787
fc,15,P_Q_9,0.0503728815993235
fc,15,P_Q_10,0.0452248723454157
fc,15,P_Q_11,0.03596110543381
fc,15,P_Q_12,0.0240711345128732
fc,15,P_Q_13,0.0143779764293479
fc,15,P_Q_14,0.00649612752965496
fc,15,P_Q_15,0.0018348424492982
fc,15,P_Q_16,0.000296447109540962
fc,15,P_Q_17,2.06077291657484e-05
fc,15,L_Q,0.980477497189913
fc,15,beta_NQ_2,0.988587100000126
fc,15,beta_NQ_3,0.985280700071966
fc,15,beta_NQ_4,0.978758600003395
fc,15,beta_NQ_5,0.968898802060581
fc,15,beta_NQ_6,0.956626799989653
fc,15,beta_NQ_7,0.939580000015417
fc,15,beta_NQ_8,0.912634501171517
fc,15,beta_NQ_9,0.873406100396887
fc,15,beta_NQ_10,0.817039600162777
fc,15,beta_NQ_11,0.73878769996807
fc,15,beta_NQ_12,0.613765999741137
fc,15,beta_NQ_13,0.453317998936572
fc,15,beta_NQ_14,0.290875336209447
fc,15,beta_NQ_15,0.159068812728285
fc,15,beta_NQ_16,0.0763640019877916
fc,15,beta_NQ_17,0.0352194375296104
fc,15,h_NQ_2,87.62014913
fc,15,h_NQ_3,67.9380133562
fc,15,h_NQ_4,47.077876229496
fc,15,h_NQ_5,32.1531002049586
fc,15,h_NQ_6,23.0557118160972
fc,15,h_NQ_7,16.5508109932981
fc,15,h_NQ_8,11.4461658196171
fc,15,h_NQ_9,7.89927476256906
fc,15,h_NQ_10,5.46566360898343
fc,15,h_NQ_11,3.82830364361368
fc,15,h_NQ_12,2.58910401288891
fc,15,h_NQ_13,1.82921397603251
fc,15,h_NQ_14,1.41018860486038
fc,15,h_NQ_15,1.18915792450272
fc,15,h_NQ_16,1.08267759322434
fc,15,h_NQ_17,1.03650143379789
fc,15,P_NQ_1,0.7514286976
fc,15,P_NQ_2,0.150123183188763
fc,15,P_NQ_3,0.1333529963186
fc,15,P_NQ_4,0.144969875831524
fc,15,P_NQ_5,0.150166003065779
fc,15,P_NQ_6,0.146420089894685
fc,15,P_NQ_7,0.107731763351454
fc,15,P_NQ_8,0.104305586150229
fc,15,P_NQ_9,0.117536723587663
fc,15,P_NQ_10,0.105524741638815
fc,15,P_NQ_11,0.0839092477794103
fc,15,P_NQ_12,0.0561660670347128
fc,15,P_NQ_13,0.0335485631988433
fc,15,P_NQ_14,0.0151576102395926
fc,15,P_NQ_15,0.00428129173689819
fc,15,P_NQ_16,0.000691709687714465
fc,15,P_NQ_17,4.80847339571705e-05
fc,15,L_NQ,1.72899394343161
fc,15,pi_Q,0.3
fc,15,pi_NQ,0.7
fc,15,y,1.38935528774537
fc,15,nbar,5.23973181399639
fc,15,Ptot,3.00766030695401
fc,15,Pret,0.42761042958905
fc,15,H,193.847292624012
fc,15,cCheck,-4.44089209850063e-16
fc,15,shareq,0.3
fc,15,A,0.435809785
fc,15,A_Q,2
fc,15,xpop,1.073469568
fc,15,h_Q_1,100
fc,15,mig_Q_2,-0.254107062
fc,15,med_Q_2,148.5361669
fc,15,mig_Q_3,0.00136985
fc,15,med_Q_3,-44.33746972
fc,15,mig_Q_4,0.001126081
fc,15,med_Q_4,-50.91399385
fc,15,mig_Q_5,0.000770003
fc,15,med_Q_5,-31.78328195
fc,15,mig_Q_6,0.000362568
fc,15,med_Q_6,-20.17992206
fc,15,mig_Q_7,0.000223101
fc,15,med_Q_7,-14.35213813
fc,15,mig_Q_8,0.000359596
fc,15,med_Q_8,-10.91262895
fc,15,mig_Q_9,0.000876877
fc,15,med_Q_9,-5.912593953
fc,15,mig_Q_10,0.001649736
fc,15,med_Q_10,-3.781246296
fc,15,mig_Q_11,0.002430694
fc,15,med_Q_11,-2.345092196
fc,15,mig_Q_12,0.002969997
fc,15,med_Q_12,-1.425980011
fc,15,mig_Q_13,0.002988042
fc,15,med_Q_13,-0.852101019
fc,15,mig_Q_14,0.002031779
fc,15,med_Q_14,-0.45025367
fc,15,mig_Q_15,0.000752695
fc,15,med_Q_15,-0.220946406
fc,15,mig_Q_16,0.000154594
fc,15,med_Q_16,-0.100200093
fc,15,mig_Q_17,1.20088e-05
fc,15,med_Q_17,-0.032330545
fc,15,h_NQ_1,100
fc,15,mig_NQ_2,-0.587236271
fc,15,med_NQ_2,-10.37985087
fc,15,mig_NQ_3,0.004536517
fc,15,med_NQ_3,-14.7114937
fc,15,mig_NQ_4,0.004521553
fc,15,med_NQ_4,-13.92240388
fc,15,mig_NQ_5,0.004539559
fc,15,med_NQ_5,-11.97196283
fc,15,mig_NQ_6,0.004642378
fc,15,med_NQ_6,-7.956946406
fc,15,mig_NQ_7,0.004222843
fc,15,med_NQ_7,-5.053412856
fc,15,mig_NQ_8,0.005793569
fc,15,med_NQ_8,-3.998871909
fc,15,mig_NQ_9,0.009004768
fc,15,med_NQ_9,-2.262936944
fc,15,mig_NQ_10,0.011181594
fc,15,med_NQ_10,-1.64609256
fc,15,mig_NQ_11,0.011856597
fc,15,med_NQ_11,-1.168145308
fc,15,mig_NQ_12,0.012460701
fc,15,med_NQ_12,-0.988795809
fc,15,mig_NQ_13,0.011022657
fc,15,med_NQ_13,-0.599777677
fc,15,mig_NQ_14,0.006726243
fc,15,med_NQ_14,-0.320474014
fc,15,mig_NQ_15,0.002307452
fc,15,med_NQ_15,-0.157388973
fc,15,mig_NQ_16,0.000440415
fc,15,med_NQ_16,-0.070006062
fc,15,mig_NQ_17,3.31265e-05
fc,15,med_NQ_17,-0.019178349
fc,16,beta_Q_2,0.996367900125476
fc,16,beta_Q_3,0.99519130014795
fc,16,beta_Q_4,0.992379100316725
fc,16,beta_Q_5,0.987635500000372
fc,16,beta_Q_6,0.981419000404811
fc,16,beta_Q_7,0.97284790000392
fc,16,beta_Q_8,0.956876000003725
fc,16,beta_Q_9,0.932060901082042
fc,16,beta_Q_10,0.888214701649101
fc,16,beta_Q_11,0.81449630047874
fc,16,beta_Q_12,0.705271800083121
fc,16,beta_Q_13,0.553437200726719
fc,16,beta_Q_14,0.374711643560468
fc,16,beta_Q_15,0.218074889403826
fc,16,beta_Q_16,0.107752400046906
fc,16,beta_Q_17,0.0502324586580444
fc,16,h_Q_2,275.322816
fc,16,h_Q_3,207.956412382
fc,16,h_Q_4,131.21809762524
fc,16,h_Q_5,80.8767034631304
fc,16,h_Q_6,53.8184166651558
fc,16,h_Q_7,36.829563831767
fc,16,h_Q_8,23.1889435076578
fc,16,h_Q_9,14.7190645703046
fc,16,h_Q_10,8.94572005312967
fc,16,h_Q_11,5.39072805946179
fc,16,h_Q_12,3.39295662969431
fc,16,h_Q_13,2.23932670074027
fc,16,h_Q_14,1.59926126858823
fc,16,h_Q_15,1.27889470372317
fc,16,h_Q_16,1.12076512890131
fc,16,h_Q_17,1.05288050608692
fc,16,P_Q_1,0.3194008092
fc,16,P_Q_2,0.0826164572217474
fc,16,P_Q_3,0.064891756233599
fc,16,P_Q_4,0.0568665687279996
fc,16,P_Q_5,0.061326389673616
fc,16,P_Q_6,0.0628653580599743
fc,16,P_Q_7,0.0607462951088105
fc,16,P_Q_8,0.0441633460194531
fc,16,P_Q_9,0.0419227554964337
fc,16,P_Q_10,0.0457472167242004
fc,16,P_Q_11,0.0388704704531585
fc,16,P_Q_12,0.0280014015193068
fc,16,P_Q_13,0.0160127846791962
fc,16,P_Q_14,0.00728584978367892
fc,16,P_Q_15,0.00220021205039566
fc,16,P_Q_16,0.000364675055693365
fc,16,P_Q_17,2.87895247096415e-05
fc,16,L_Q,1.0069157848422
fc,16,beta_NQ_2,0.989680600164088
fc,16,beta_NQ_3,0.986715900245842
fc,16,beta_NQ_4,0.980932800543132
fc,16,beta_NQ_5,0.970029900004466
fc,16,beta_NQ_6,0.956614903270331
fc,16,beta_NQ_7,0.941724899980929
fc,16,beta_NQ_8,0.917262300033683
fc,16,beta_NQ_9,0.884329000717108
fc,16,beta_NQ_10,0.832550800768387
fc,16,beta_NQ_11,0.756334200212729
fc,16,beta_NQ_12,0.632437799918642
fc,16,beta_NQ_13,0.474787465734491
fc,16,beta_NQ_14,0.30667268796001
fc,16,beta_NQ_15,0.171361734678332
fc,16,beta_NQ_16,0.0819939018545653
fc,16,beta_NQ_17,0.0373887680236216
fc,16,h_NQ_2,96.90485881
fc,16,h_NQ_3,75.2779638774
fc,16,h_NQ_4,52.446085419076
fc,16,h_NQ_5,33.3665887049061
fc,16,h_NQ_6,23.0493879268595
fc,16,h_NQ_7,17.1599877077752
fc,16,h_NQ_8,12.0863886754321
fc,16,h_NQ_9,8.64520925622474
fc,16,h_NQ_10,5.97196044631768
fc,16,h_NQ_11,4.10398176580376
fc,16,h_NQ_12,2.72062796374141
fc,16,h_NQ_13,1.90398580263113
fc,16,h_NQ_14,1.44231982951186
fc,16,h_NQ_15,1.20679914676317
fc,16,h_NQ_16,1.08931738101267
fc,16,h_NQ_17,1.03883573235986
fc,16,P_NQ_1,0.7452685548
fc,16,P_NQ_2,0.192771732017256
fc,16,P_NQ_3,0.151414100029257
fc,16,P_NQ_4,0.132688661983051
fc,16,P_NQ_5,0.143094911028034
fc,16,P_NQ_6,0.146685835980053
fc,16,P_NQ_7,0.141741356065505
fc,16,P_NQ_8,0.103047809106582
fc,16,P_NQ_9,0.0978197702490827
fc,16,P_NQ_10,0.106743503644507
fc,16,P_NQ_11,0.0906977951650646
fc,16,P_NQ_12,0.0653366033508566
fc,16,P_NQ_13,0.0373631651163134
fc,16,P_NQ_14,0.0170002795998074
fc,16,P_NQ_15,0.0051338230646101
fc,16,P_NQ_16,0.000850909570706809
fc,16,P_NQ_17,6.71728261350859e-05
fc,16,L_NQ,1.77556009492053
fc,16,pi_Q,0.3
fc,16,pi_NQ,0.7
fc,16,y,1.84473111565504
fc,16,nbar,5.4275213564602
fc,16,Ptot,3.11103711912879
fc,16,Pret,0.461704652128341
fc,16,H,212.108026226629
fc,16,cCheck,0
fc,16,shareq,0.3
fc,16,A,0.564562457
fc,16,A_Q,2
fc,16,xpop,1.064669364
fc,16,h_Q_1,100
fc,16,mig_Q_2,-0.238118151
fc,16,med_Q_2,177.322816
fc,16,mig_Q_3,0.000898207
fc,16,med_Q_3,-33.64903118
fc,16,mig_Q_4,0.000202843
fc,16,med_Q_4,-51.56316173
fc,16,mig_Q_5,5.19572e-06
fc,16,med_Q_5,-33.99845771
fc,16,mig_Q_6,-0.000281167
fc,16,med_Q_6,-21.46716922
fc,16,mig_Q_7,-0.000219673
fc,16,med_Q_7,-15.27980203
fc,16,mig_Q_8,0.000109959
fc,16,med_Q_8,-11.2532165
fc,16,mig_Q_9,0.000579933
fc,16,med_Q_9,-6.650553499
fc,16,mig_Q_10,0.001597144
fc,16,med_Q_10,-4.094154018
fc,16,mig_Q_11,0.002714691
fc,16,med_Q_11,-2.542252827
fc,16,mig_Q_12,0.003257356
fc,16,med_Q_12,-1.494012268
fc,16,mig_Q_13,0.003210995
fc,16,med_Q_13,-0.902484397
fc,16,mig_Q_14,0.002143075
fc,16,med_Q_14,-0.493995454
fc,16,mig_Q_15,0.000877584
fc,16,med_Q_15,-0.246832636
fc,16,mig_Q_16,0.000179671
fc,16,med_Q_16,-0.109776148
fc,16,mig_Q_17,1.47103e-05
fc,16,med_Q_17,-0.037011451
fc,16,h_NQ_1,100
fc,16,mig_NQ_2,-0.550080985
fc,16,med_NQ_2,-1.09514119
fc,16,mig_NQ_3,0.003500625
fc,16,med_NQ_3,-10.58978227
fc,16,mig_NQ_4,0.00216827
fc,16,med_NQ_4,-14.13316767
fc,16,mig_NQ_5,0.002633772
fc,16,med_NQ_5,-12.76973
fc,16,mig_NQ_6,0.003033013
fc,16,med_NQ_6,-8.460650274
fc,16,mig_NQ_7,0.004167968
fc,16,med_NQ_7,-5.434609872
fc,16,mig_NQ_8,0.004728085
fc,16,med_NQ_8,-4.133406098
fc,16,mig_NQ_9,0.006718635
fc,16,med_NQ_9,-2.572033247
fc,16,mig_NQ_10,0.010711346
fc,16,med_NQ_10,-1.769328821
fc,16,mig_NQ_11,0.012737414
fc,16,med_NQ_11,-1.252368571
fc,16,mig_NQ_12,0.01383596
fc,16,med_NQ_12,-1.031109607
fc,16,mig_NQ_13,0.011902076
fc,16,med_NQ_13,-0.63333613
fc,16,mig_NQ_14,0.00724183
fc,16,med_NQ_14,-0.350309867
fc,16,mig_NQ_15,0.00272272
fc,16,med_NQ_15,-0.175185686
fc,16,mig_NQ_16,0.000523973
fc,16,med_NQ_16,-0.076057385
fc,16,mig_NQ_17,4.28112e-05
fc,16,med_NQ_17,-0.022188309
fc,17,beta_Q_2,0.99632580006316
fc,17,beta_Q_3,0.995348600000026
fc,17,beta_Q_4,0.992990100025498
fc,17,beta_Q_5,0.989174500003026
fc,17,beta_Q_6,0.983061600130601
fc,17,beta_Q_7,0.974372400006731
fc,17,beta_Q_8,0.960187200091938
fc,17,beta_Q_9,0.938341600700665
fc,17,beta_Q_10,0.901011507681763
fc,17,beta_Q_11,0.832555803034897
fc,17,beta_Q_12,0.725557000569642
fc,17,beta_Q_13,0.571257379199914
fc,17,beta_Q_14,0.391596962159212
fc,17,beta_Q_15,0.226707911609078
fc,17,beta_Q_16,0.111483997187932
fc,17,beta_Q_17,0.0511400632691038
fc,17,h_Q_2,272.168091
fc,17,h_Q_3,214.98903556
fc,17,h_Q_4,142.65538742436
fc,17,h_Q_5,92.3744861927352
fc,17,h_Q_6,59.0374533538678
fc,17,h_Q_7,39.0204311018527
fc,17,h_Q_8,25.1175501351317
fc,17,h_Q_9,16.2183903535047
fc,17,h_Q_10,10.1021835828985
fc,17,h_Q_11,5.97213877706707
fc,17,h_Q_12,3.64374387827255
fc,17,h_Q_13,2.33239470010042
fc,17,h_Q_14,1.64364630772546
fc,17,h_Q_15,1.29317239821646
fc,17,h_Q_16,1.12547213164871
fc,17,h_Q_17,1.05389536232329
fc,17,P_Q_1,0.3121457745
fc,17,P_Q_2,0.0809503505609818
fc,17,P_Q_3,0.0829762534761282
fc,17,P_Q_4,0.0644857392690712
fc,17,P_Q_5,0.0562764400389834
fc,17,P_Q_6,0.0600175450519161
fc,17,P_Q_7,0.0608772335716405
fc,17,P_Q_8,0.0583047278787644
fc,17,P_Q_9,0.0417330100856894
fc,17,P_Q_10,0.0382890027655731
fc,17,P_Q_11,0.0399278397790604
fc,17,P_Q_12,0.0309830396665769
fc,17,P_Q_13,0.0191669302732701
fc,17,P_Q_14,0.00854696686512149
fc,17,P_Q_15,0.00258360288578867
fc,17,P_Q_16,0.000466441129042256
fc,17,P_Q_17,4.1562424658737e-05
fc,17,L_Q,1.03644404973999
fc,17,beta_NQ_2,0.989421200000056
fc,17,beta_NQ_3,0.987054500000795
fc,17,beta_NQ_4,0.982480300063609
fc,17,beta_NQ_5,0.973749104257002
fc,17,beta_NQ_6,0.960130800152651
fc,17,beta_NQ_7,0.944543500013259
fc,17,beta_NQ_8,0.922948100035183
fc,17,beta_NQ_9,0.894130500612635
fc,17,beta_NQ_10,0.850068405174139
fc,17,beta_NQ_11,0.777865101497359
fc,17,beta_NQ_12,0.654689100148069
fc,17,beta_NQ_13,0.492618373666824
fc,17,beta_NQ_14,0.321813368040825
fc,17,beta_NQ_15,0.178567506113897
fc,17,beta_NQ_16,0.0848333937639328
fc,17,beta_NQ_17,0.037991978255039
fc,17,h_NQ_2,94.528680002
fc,17,h_NQ_3,77.2469197838
fc,17,h_NQ_4,57.078602939852
fc,17,h_NQ_5,38.0939320106945
fc,17,h_NQ_6,25.082018203808
fc,17,h_NQ_7,18.0321513293223
fc,17,h_NQ_8,12.9782652936197
fc,17,h_NQ_9,9.4455910379235
fc,17,h_NQ_10,6.66970805210024
fc,17,h_NQ_11,4.50176896539132
fc,17,h_NQ_12,2.89594102048769
fc,17,h_NQ_13,1.97090005446658
fc,17,h_NQ_14,1.4745199985785
fc,17,h_NQ_15,1.21738548392162
fc,17,h_NQ_16,1.09269721282791
fc,17,h_NQ_17,1.03949196339242
fc,17,P_NQ_1,0.7283401405
fc,17,P_NQ_2,0.188884152597886
fc,17,P_NQ_3,0.193611256099357
fc,17,P_NQ_4,0.150466727183417
fc,17,P_NQ_5,0.131311693515145
fc,17,P_NQ_6,0.14004093947156
fc,17,P_NQ_7,0.142046879216934
fc,17,P_NQ_8,0.136044367274539
fc,17,P_NQ_9,0.0973770250533109
fc,17,P_NQ_10,0.0893410140518534
fc,17,P_NQ_11,0.093164958456873
fc,17,P_NQ_12,0.0722937780316652
fc,17,P_NQ_13,0.0447229313246529
fc,17,P_NQ_14,0.0199429112769135
fc,17,P_NQ_15,0.00602839540223967
fc,17,P_NQ_16,0.00108836218449834
fc,17,P_NQ_17,9.69766605482363e-05
fc,17,L_NQ,1.82739407816719
fc,17,pi_Q,0.3
fc,17,pi_NQ,0.7
fc,17,y,2.19477899838226
fc,17,nbar,5.68783080046212
fc,17,Ptot,3.19257496852366
fc,17,Pret,0.466684713178336
fc,17,H,221.538252777183
fc,17,cCheck,8.88178419700125e-16
fc,17,shareq,0.3
fc,17,A,0.650022108
fc,17,A_Q,2
fc,17,xpop,1.040485915
fc,17,h_Q_1,100
fc,17,mig_Q_2,-0.237290363
fc,17,med_Q_2,174.168091
fc,17,mig_Q_3,0.000757074
fc,17,med_Q_3,-54.82732412
fc,17,mig_Q_4,8.85166e-05
fc,17,med_Q_4,-61.14189671
fc,17,mig_Q_5,0.000112998
fc,17,med_Q_5,-36.21924948
fc,17,mig_Q_6,-0.000169339
fc,17,med_Q_6,-20.22171604
fc,17,mig_Q_7,-0.000281198
fc,17,med_Q_7,-13.72161723
fc,17,mig_Q_8,0.000178056
fc,17,med_Q_8,-10.97542242
fc,17,mig_Q_9,0.000570082
fc,17,med_Q_9,-6.506774284
fc,17,mig_Q_10,0.001052595
fc,17,med_Q_10,-4.322499696
fc,17,mig_Q_11,0.002666901
fc,17,med_Q_11,-2.794666875
fc,17,mig_Q_12,0.003568793
fc,17,med_Q_12,-1.63916962
fc,17,mig_Q_13,0.003669913
fc,17,med_Q_13,-0.992702797
fc,17,mig_Q_14,0.00254679
fc,17,med_Q_14,-0.550893859
fc,17,mig_Q_15,0.000994742
fc,17,med_Q_15,-0.274103645
fc,17,mig_Q_16,0.000229363
fc,17,med_Q_16,-0.127844678
fc,17,mig_Q_17,2.32439e-05
fc,17,med_Q_17,-0.044454464
fc,17,h_NQ_1,100
fc,17,mig_NQ_2,-0.548693678
fc,17,med_NQ_2,-3.471319998
fc,17,mig_NQ_3,0.003400323
fc,17,med_NQ_3,-17.71984185
fc,17,mig_NQ_4,0.00193967
fc,17,med_NQ_4,-16.69380166
fc,17,mig_NQ_5,0.002599724
fc,17,med_NQ_5,-13.3032317
fc,17,mig_NQ_6,0.003154215
fc,17,med_NQ_6,-7.617238727
fc,17,mig_NQ_7,0.003909175
fc,17,med_NQ_7,-4.556248839
fc,17,mig_NQ_8,0.006030365
fc,17,med_NQ_8,-3.83852266
fc,17,mig_NQ_9,0.006248859
fc,17,med_NQ_9,-2.399069864
fc,17,mig_NQ_10,0.007901086
fc,17,med_NQ_10,-1.802597019
fc,17,mig_NQ_11,0.012431196
fc,17,med_NQ_11,-1.350752272
fc,17,mig_NQ_12,0.014933064
fc,17,med_NQ_12,-1.12596111
fc,17,mig_NQ_13,0.013701931
fc,17,med_NQ_13,-0.69531535
fc,17,mig_NQ_14,0.008484649
fc,17,med_NQ_14,-0.391386088
fc,17,mig_NQ_15,0.003115198
fc,17,med_NQ_15,-0.196087949
fc,17,mig_NQ_16,0.00066742
fc,17,med_NQ_16,-0.089965951
fc,17,mig_NQ_17,6.51622e-05
fc,17,med_NQ_17,-0.02803907
fc,18,beta_Q_2,0.996382900000455
fc,18,beta_Q_3,0.995405400107134
fc,18,beta_Q_4,0.993380500001188
fc,18,beta_Q_5,0.990084700054153
fc,18,beta_Q_6,0.985190900005658
fc,18,beta_Q_7,0.976841400385225
fc,18,beta_Q_8,0.963054200048628
fc,18,beta_Q_9,0.944144400758802
fc,18,beta_Q_10,0.911067102345237
fc,18,beta_Q_11,0.85315692195343
fc,18,beta_Q_12,0.753888407546073
fc,18,beta_Q_13,0.603952401548845
fc,18,beta_Q_14,0.420119299941581
fc,18,beta_Q_15,0.245264077382464
fc,18,beta_Q_16,0.119772406030654
fc,18,beta_Q_17,0.0534203631472869
fc,18,h_Q_2,276.4645711
fc,18,h_Q_3,217.64680276
fc,18,h_Q_4,151.0688118488
fc,18,h_Q_5,100.854235415873
fc,18,h_Q_6,67.5260481988805
fc,18,h_Q_7,43.1805031367904
fc,18,h_Q_8,27.0666760498156
fc,18,h_Q_9,17.9033078154291
fc,18,h_Q_10,11.2444325964346
fc,18,h_Q_11,6.80998970624055
fc,18,h_Q_12,4.06319734552573
fc,18,h_Q_13,2.5249490257071
fc,18,h_Q_14,1.72449264109842
fc,18,h_Q_15,1.32496626257095
fc,18,h_Q_16,1.13606980625214
fc,18,h_Q_17,1.05642904801573
fc,18,P_Q_1,0.3046097499
fc,18,P_Q_2,0.0812825075150471
fc,18,P_Q_3,0.0816832111003845
fc,18,P_Q_4,0.0827084132390017
fc,18,P_Q_5,0.063777378298809
fc,18,P_Q_6,0.0551499521943769
fc,18,P_Q_7,0.0582282214147476
fc,18,P_Q_8,0.0586305814524964
fc,18,P_Q_9,0.0551596756861765
fc,18,P_Q_10,0.0386761103374053
fc,18,P_Q_11,0.0337383344448971
fc,18,P_Q_12,0.0326288056693203
fc,18,P_Q_13,0.0218069940395757
fc,18,P_Q_14,0.01056599366893
fc,18,P_Q_15,0.00325267300858368
fc,18,P_Q_16,0.000583724376853996
fc,18,P_Q_17,5.91850288505332e-05
fc,18,L_Q,1.06668293791924
fc,18,beta_NQ_2,0.9894431000002
fc,18,beta_NQ_3,0.98689610028047
fc,18,beta_NQ_4,0.983239700000899
fc,18,beta_NQ_5,0.975920500101326
fc,18,beta_NQ_6,0.965115406054087
fc,18,beta_NQ_7,0.949608100535751
fc,18,beta_NQ_8,0.927954400058273
fc,18,beta_NQ_9,0.903296400579331
fc,18,beta_NQ_10,0.864080601801062
fc,18,beta_NQ_11,0.8029854137084
fc,18,beta_NQ_12,0.686370602963632
fc,18,beta_NQ_13,0.525801600415975
fc,18,beta_NQ_14,0.348146835606179
fc,18,beta_NQ_15,0.194711129513996
fc,18,beta_NQ_16,0.0917671042914821
fc,18,beta_NQ_17,0.039948965874027
fc,18,h_NQ_2,94.72477716
fc,18,h_NQ_3,76.31315868196
fc,18,h_NQ_4,59.664803138124
fc,18,h_NQ_5,41.529101511055
fc,18,h_NQ_6,28.6659442784806
fc,18,h_NQ_7,19.8444591337318
fc,18,h_NQ_8,13.8800981637358
fc,18,h_NQ_9,10.3408766527473
fc,18,h_NQ_10,7.35730146316503
fc,18,h_NQ_11,5.07576595705824
fc,18,h_NQ_12,3.1884765860835
fc,18,h_NQ_13,2.10882196207793
fc,18,h_NQ_14,1.53408373537725
fc,18,h_NQ_15,1.24179021360693
fc,18,h_NQ_16,1.10103917324319
fc,18,h_NQ_17,1.04160698357135
fc,18,P_NQ_1,0.7107560831
fc,18,P_NQ_2,0.189659181821719
fc,18,P_NQ_3,0.19059416280058
fc,18,P_NQ_4,0.192986297988188
fc,18,P_NQ_5,0.148813885815335
fc,18,P_NQ_6,0.128683219364096
fc,18,P_NQ_7,0.135865849113612
fc,18,P_NQ_8,0.136804691289197
fc,18,P_NQ_9,0.128705912216712
fc,18,P_NQ_10,0.0902442583876702
fc,18,P_NQ_11,0.0787227849633219
fc,18,P_NQ_12,0.0761338788174624
fc,18,P_NQ_13,0.0508829583601892
fc,18,P_NQ_14,0.024654005158245
fc,18,P_NQ_15,0.00758956493136915
fc,18,P_NQ_16,0.00136202224092288
fc,18,P_NQ_17,0.000138097432447068
fc,18,L_NQ,1.88042037527231
fc,18,pi_Q,0.3
fc,18,pi_NQ,0.7
fc,18,y,2.43670980449009
fc,18,nbar,5.90448679830995
fc,18,Ptot,3.27513836517652
fc,18,Pret,0.471039390866044
fc,18,H,229.345812456912
fc,18,cCheck,-4.44089209850063e-16
fc,18,shareq,0.3
fc,18,A,0.703033956
fc,18,A_Q,2
fc,18,xpop,1.015365833
fc,18,h_Q_1,100
fc,18,mig_Q_2,-0.229716381
fc,18,med_Q_2,178.4645711
fc,18,mig_Q_3,0.001109393
fc,18,med_Q_3,-49.07792642
fc,18,mig_Q_4,0.000313815
fc,18,med_Q_4,-59.620443
fc,18,mig_Q_5,-1.02706e-05
fc,18,med_Q_5,-38.94804426
fc,18,mig_Q_6,-0.000173255
fc,18,med_Q_6,-23.00094827
fc,18,mig_Q_7,-0.000251218
fc,18,med_Q_7,-14.67620115
fc,18,mig_Q_8,0.000177041
fc,18,med_Q_8,-11.17334643
fc,18,mig_Q_9,0.000449924
fc,18,med_Q_9,-6.711891317
fc,18,mig_Q_10,0.001074188
fc,18,med_Q_10,-4.64958995
fc,18,mig_Q_11,0.001860603
fc,18,med_Q_11,-3.090150205
fc,18,mig_Q_12,0.003658882
fc,18,med_Q_12,-1.789498656
fc,18,mig_Q_13,0.004107704
fc,18,med_Q_13,-1.045919975
fc,18,mig_Q_14,0.003060282
fc,18,med_Q_14,-0.561254165
fc,18,mig_Q_15,0.001315008
fc,18,med_Q_15,-0.285807119
fc,18,mig_Q_16,0.000295694
fc,18,med_Q_16,-0.131239144
fc,18,mig_Q_17,3.53312e-05
fc,18,med_Q_17,-0.046533641
fc,18,h_NQ_1,100
fc,18,mig_NQ_2,-0.530975994
fc,18,med_NQ_2,-3.27522284
fc,18,mig_NQ_3,0.00415521
fc,18,med_NQ_3,-16.32494772
fc,18,mig_NQ_4,0.002767053
fc,18,med_NQ_4,-16.03717825
fc,18,mig_NQ_5,0.002297045
fc,18,med_NQ_5,-14.40792937
fc,18,mig_NQ_6,0.002606818
fc,18,med_NQ_6,-8.666109092
fc,18,mig_NQ_7,0.00359109
fc,18,med_NQ_7,-4.735918706
fc,18,mig_NQ_8,0.005702794
fc,18,med_NQ_8,-3.791410139
fc,18,mig_NQ_9,0.007064494
fc,18,med_NQ_9,-2.377823335
fc,18,mig_NQ_10,0.007467126
fc,18,med_NQ_10,-1.899377754
fc,18,mig_NQ_11,0.009227528
fc,18,med_NQ_11,-1.460547934
fc,18,mig_NQ_12,0.015139796
fc,18,med_NQ_12,-1.223257
fc,18,mig_NQ_13,0.015269715
fc,18,med_NQ_13,-0.729200238
fc,18,mig_NQ_14,0.010261568
fc,18,med_NQ_14,-0.397398318
fc,18,mig_NQ_15,0.004028409
fc,18,med_NQ_15,-0.203239385
fc,18,mig_NQ_16,0.000850613
fc,18,med_NQ_16,-0.091998601
fc,18,mig_NQ_17,9.67484e-05
fc,18,med_NQ_17,-0.029236285
fc,19,beta_Q_2,0.996112200002019
fc,19,beta_Q_3,0.995198400000949
fc,19,beta_Q_4,0.993417000005918
fc,19,beta_Q_5,0.990831500017762
fc,19,beta_Q_6,0.987090300006913
fc,19,beta_Q_7,0.98076870000953
fc,19,beta_Q_8,0.968726300002532
fc,19,beta_Q_9,0.951335011057293
fc,19,beta_Q_10,0.924336600000898
fc,19,beta_Q_11,0.877013799938162
fc,19,beta_Q_12,0.797342699853427
fc,19,beta_Q_13,0.661059819996658
fc,19,beta_Q_14,0.481390420888964
fc,19,beta_Q_15,0.289655300232739
fc,19,beta_Q_16,0.147666779862596
fc,19,beta_Q_17,0.0825551319466387
fc,19,h_Q_2,257.2148773
fc,19,h_Q_3,208.263912068
fc,19,h_Q_4,151.9064256348
fc,19,h_Q_5,109.069095271824
fc,19,h_Q_6,77.4611339175553
fc,19,h_Q_7,51.9985648649029
fc,19,h_Q_8,31.9757495940546
fc,19,h_Q_9,20.5486489268193
fc,19,h_Q_10,13.2164296081205
fc,19,h_Q_11,8.1309935545059
fc,19,h_Q_12,4.93443857811574
fc,19,h_Q_13,2.95037121461522
fc,19,h_Q_14,1.92823272519296
fc,19,h_Q_15,1.40776724327645
fc,19,h_Q_16,1.17324871231954
fc,19,h_Q_17,1.08998264412709
fc,19,P_Q_1,0.304206375
fc,19,P_Q_2,0.0843752879737753
fc,19,P_Q_3,0.0840883869147266
fc,19,P_Q_4,0.0833506750846026
fc,19,P_Q_5,0.0834729345136919
fc,19,P_Q_6,0.0638592827262049
fc,19,P_Q_7,0.0548095665327333
fc,19,P_Q_8,0.0571965031948342
fc,19,P_Q_9,0.0565060341916074
fc,19,P_Q_10,0.0519861808937078
fc,19,P_Q_11,0.0352513382485919
fc,19,P_Q_12,0.0285759962279203
fc,19,P_Q_13,0.0242772055436565
fc,19,P_Q_14,0.0129899930697368
fc,19,P_Q_15,0.00445065168883907
fc,19,P_Q_16,0.000837368472269033
fc,19,P_Q_17,8.22046681894642e-05
fc,19,L_Q,1.10610501650168
fc,19,beta_NQ_2,0.988462400031308
fc,19,beta_NQ_3,0.986035700002781
fc,19,beta_NQ_4,0.983041900315316
fc,19,beta_NQ_5,0.977549700016488
fc,19,beta_NQ_6,0.969548006130814
fc,19,beta_NQ_7,0.95810829998989
fc,19,beta_NQ_8,0.938648500014802
fc,19,beta_NQ_9,0.914904910233032
fc,19,beta_NQ_10,0.882886651706954
fc,19,beta_NQ_11,0.832672764376174
fc,19,beta_NQ_12,0.736273933328963
fc,19,beta_NQ_13,0.584975870162531
fc,19,beta_NQ_14,0.405078304537439
fc,19,beta_NQ_15,0.232303211906323
fc,19,beta_NQ_16,0.113939246759178
fc,19,beta_NQ_17,0.0621229938868753
fc,19,h_NQ_2,86.67313826
fc,19,h_NQ_3,71.6111799368
fc,19,h_NQ_4,58.9688703383208
fc,19,h_NQ_5,44.5428346153615
fc,19,h_NQ_6,32.8385656048339
fc,19,h_NQ_7,23.871077080911
fc,19,h_NQ_8,16.2995199830572
fc,19,h_NQ_9,11.7515579664611
fc,19,h_NQ_10,8.53873253969239
fc,19,h_NQ_11,5.97630752990173
fc,19,h_NQ_12,3.79180704091707
fc,19,h_NQ_13,2.40949804436183
fc,19,h_NQ_14,1.68089346983638
fc,19,h_NQ_15,1.3025901226697
fc,19,h_NQ_16,1.1285903413348
fc,19,h_NQ_17,1.06623755677833
fc,19,P_NQ_1,0.709814875
fc,19,P_NQ_2,0.196875672206464
fc,19,P_NQ_3,0.19620623292224
fc,19,P_NQ_4,0.194484910453965
fc,19,P_NQ_5,0.194770179445336
fc,19,P_NQ_6,0.149004994835153
fc,19,P_NQ_7,0.127888987511165
fc,19,P_NQ_8,0.13345850950263
fc,19,P_NQ_9,0.131847416223898
fc,19,P_NQ_10,0.121301090083572
fc,19,P_NQ_11,0.0822531231562311
fc,19,P_NQ_12,0.0666773273822516
fc,19,P_NQ_13,0.0566468123280977
fc,19,P_NQ_14,0.0303100559393809
fc,19,P_NQ_15,0.0103848541914058
fc,19,P_NQ_16,0.00195386039658393
fc,19,P_NQ_17,0.000191808380022294
fc,19,L_NQ,1.94954528137035
fc,19,pi_Q,0.3
fc,19,pi_NQ,0.7
fc,19,y,2.92764178218637
fc,19,nbar,6.16469470538581
fc,19,Ptot,3.43438669490348
fc,19,Pret,0.528169870670456
fc,19,H,236.099000249591
fc,19,cCheck,8.88178419700125e-16
fc,19,shareq,0.3
fc,19,A,0.819558266
fc,19,A_Q,2
fc,19,xpop,1.01402125
fc,19,h_Q_1,100
fc,19,mig_Q_2,-0.219132658
fc,19,med_Q_2,159.2148773
fc,19,mig_Q_3,0.00317934
fc,19,med_Q_3,-62.67136761
fc,19,mig_Q_4,0.002208166
fc,19,med_Q_4,-61.38744107
fc,19,mig_Q_5,0.0015846
fc,19,med_Q_5,-38.97834034
fc,19,mig_Q_6,0.00102639
fc,19,med_Q_6,-21.37601679
fc,19,mig_Q_7,0.00093681
fc,19,med_Q_7,-14.17696237
fc,19,mig_Q_8,0.00111957
fc,19,med_Q_8,-10.34114348
fc,19,mig_Q_9,0.001150299
fc,19,med_Q_9,-5.976693602
fc,19,mig_Q_10,0.001732015
fc,19,med_Q_10,-4.328812051
fc,19,mig_Q_11,0.002254547
fc,19,med_Q_11,-2.88855039
fc,19,mig_Q_12,0.003141057
fc,19,med_Q_12,-1.739351334
fc,19,mig_Q_13,0.00457096
fc,19,med_Q_13,-1.031562184
fc,19,mig_Q_14,0.003828454
fc,19,med_Q_14,-0.54621732
fc,19,mig_Q_15,0.001859193
fc,19,med_Q_15,-0.282235545
fc,19,mig_Q_16,0.000447788
fc,19,med_Q_16,-0.125218225
fc,19,mig_Q_17,5.10219e-05
fc,19,med_Q_17,-0.023365766
fc,19,h_NQ_1,100
fc,19,mig_NQ_2,-0.50637703
fc,19,med_NQ_2,-11.32686174
fc,19,mig_NQ_3,0.009032326
fc,19,med_NQ_3,-21.21910168
fc,19,mig_NQ_4,0.007085163
fc,19,med_NQ_4,-15.81802517
fc,19,mig_NQ_5,0.006430895
fc,19,med_NQ_5,-13.92867246
fc,19,mig_NQ_6,0.005382421
fc,19,med_NQ_6,-7.859953876
fc,19,mig_NQ_7,0.00569036
fc,19,med_NQ_7,-4.221548312
fc,19,mig_NQ_8,0.007381197
fc,19,med_NQ_8,-3.148049968
fc,19,mig_NQ_9,0.008272231
fc,19,med_NQ_9,-1.850938234
fc,19,mig_NQ_10,0.010088808
fc,19,med_NQ_10,-1.59532658
fc,19,mig_NQ_11,0.0097883
fc,19,med_NQ_11,-1.233847904
fc,19,mig_NQ_12,0.012644322
fc,19,med_NQ_12,-1.182443597
fc,19,mig_NQ_13,0.016615497
fc,19,med_NQ_13,-0.71520901
fc,19,mig_NQ_14,0.012595315
fc,19,med_NQ_14,-0.385752053
fc,19,mig_NQ_15,0.005584445
fc,19,med_NQ_15,-0.200811938
fc,19,mig_NQ_16,0.001257388
fc,19,med_NQ_16,-0.088364068
fc,19,mig_NQ_17,0.000137397
fc,19,med_NQ_17,-0.012780833
fc,20,beta_Q_2,0.99686690000089
fc,20,beta_Q_3,0.995923099999867
fc,20,beta_Q_4,0.994020400065491
fc,20,beta_Q_5,0.991077199999568
fc,20,beta_Q_6,0.987600799999601
fc,20,beta_Q_7,0.982250200053892
fc,20,beta_Q_8,0.971854300674659
fc,20,beta_Q_9,0.95534820019508
fc,20,beta_Q_10,0.928243700006788
fc,20,beta_Q_11,0.884935700056105
fc,20,beta_Q_12,0.811040599997013
fc,20,beta_Q_13,0.682805199770887
fc,20,beta_Q_14,0.498147923475038
fc,20,beta_Q_15,0.311240966334781
fc,20,beta_Q_16,0.15924903071576
fc,20,beta_Q_17,0.10149318000479
fc,20,h_Q_2,319.1727044
fc,20,h_Q_3,245.284407262
fc,20,h_Q_4,167.23526660664
fc,20,h_Q_5,112.072443622104
fc,20,h_Q_6,80.6503645363875
fc,20,h_Q_7,56.3386630092042
fc,20,h_Q_8,35.5294059376048
fc,20,h_Q_9,22.3955137331735
fc,20,h_Q_10,13.9360585762829
fc,20,h_Q_11,8.69079288695808
fc,20,h_Q_12,5.29214211741578
fc,20,h_Q_13,3.15263679855343
fc,20,h_Q_14,1.99261655732291
fc,20,h_Q_15,1.4518851826891
fc,20,h_Q_16,1.18941279941092
fc,20,h_Q_17,1.11295738707314
fc,20,P_Q_1,0.2986466736
fc,20,P_Q_2,0.0830792994558893
fc,20,P_Q_3,0.0855906775911205
fc,20,P_Q_4,0.0844860560641646
fc,20,P_Q_5,0.0831130224215699
fc,20,P_Q_6,0.0824548264715775
fc,20,P_Q_7,0.0628632507029211
fc,20,P_Q_8,0.0534285085919974
fc,20,P_Q_9,0.0548544919992961
fc,20,P_Q_10,0.0528876515242048
fc,20,P_Q_11,0.0471929850498633
fc,20,P_Q_12,0.0303438642125786
fc,20,P_Q_13,0.0217427779226542
fc,20,P_Q_14,0.0151596551946687
fc,20,P_Q_15,0.00582143134263581
fc,20,P_Q_16,0.00123747840318089
fc,20,P_Q_17,0.000130289864716125
fc,20,L_Q,1.12794433753797
fc,20,beta_NQ_2,0.990822700003447
fc,20,beta_NQ_3,0.988329599999868
fc,20,beta_NQ_4,0.984818300533219
fc,20,beta_NQ_5,0.978250100003701
fc,20,beta_NQ_6,0.970782499999416
fc,20,beta_NQ_7,0.96136910009016
fc,20,beta_NQ_8,0.944761001225175
fc,20,beta_NQ_9,0.921664700262691
fc,20,beta_NQ_10,0.888475800048907
fc,20,beta_NQ_11,0.842666999930868
fc,20,beta_NQ_12,0.752367100266578
fc,20,beta_NQ_13,0.608120299855312
fc,20,beta_NQ_14,0.421178745216301
fc,20,beta_NQ_15,0.250690372101995
fc,20,beta_NQ_16,0.122887109925889
fc,20,beta_NQ_17,0.0762592502847983
fc,20,h_NQ_2,108.96451026
fc,20,h_NQ_3,85.6868659158
fc,20,h_NQ_4,65.868776223064
fc,20,h_NQ_5,45.9772228915544
fc,20,h_NQ_6,34.2260631460543
fc,20,h_NQ_7,25.8860135217372
fc,20,h_NQ_8,18.1031517532928
fc,20,h_NQ_9,12.765636951396
fc,20,h_NQ_10,8.96666374113188
fc,20,h_NQ_11,6.35594566489854
fc,20,h_NQ_12,4.03823563330369
fc,20,h_NQ_13,2.55180352409873
fc,20,h_NQ_14,1.72764803147459
fc,20,h_NQ_15,1.33456130843965
fc,20,h_NQ_16,1.14010408521631
fc,20,h_NQ_17,1.0825547595081
fc,20,P_NQ_1,0.6968422384
fc,20,P_NQ_2,0.193851697920423
fc,20,P_NQ_3,0.199711581257618
fc,20,P_NQ_4,0.197134128065588
fc,20,P_NQ_5,0.193930387872007
fc,20,P_NQ_6,0.192394595134967
fc,20,P_NQ_7,0.146680920291511
fc,20,P_NQ_8,0.124666518295766
fc,20,P_NQ_9,0.127993815656338
fc,20,P_NQ_10,0.12340452784613
fc,20,P_NQ_11,0.110116985001731
fc,20,P_NQ_12,0.0708023845148298
fc,20,P_NQ_13,0.0507331406055446
fc,20,P_NQ_14,0.0353725276953163
fc,20,P_NQ_15,0.0135834873477785
fc,20,P_NQ_16,0.00288744246427267
fc,20,P_NQ_17,0.000304007657472791
fc,20,L_NQ,1.98757007100977
fc,20,pi_Q,0.3
fc,20,pi_NQ,0.7
fc,20,y,3.20266908559187
fc,20,nbar,6.32228500862469
fc,20,Ptot,3.54344332644033
fc,20,Pret,0.581720636647578
fc,20,H,258.231395724349
fc,20,cCheck,4.44089209850063e-16
fc,20,shareq,0.3
fc,20,A,0.880846471
fc,20,A_Q,2
fc,20,xpop,0.995488912
fc,20,h_Q_1,100
fc,20,mig_Q_2,-0.219944382
fc,20,med_Q_2,221.1727044
fc,20,mig_Q_3,0.001620526
fc,20,med_Q_3,-6.786172492
fc,20,mig_Q_4,0.000951223
fc,20,med_Q_4,-36.86336722
fc,20,mig_Q_5,0.000526548
fc,20,med_Q_5,-36.7958535
fc,20,mig_Q_6,5.95025e-05
fc,20,med_Q_6,-26.23734883
fc,20,mig_Q_7,0.000232065
fc,20,med_Q_7,-19.57324823
fc,20,mig_Q_8,0.00033304
fc,20,med_Q_8,-15.42918763
fc,20,mig_Q_9,0.000441456
fc,20,med_Q_9,-8.940720869
fc,20,mig_Q_10,0.000657056
fc,20,med_Q_10,-6.201617372
fc,20,mig_Q_11,0.001600387
fc,20,med_Q_11,-4.261308129
fc,20,mig_Q_12,0.002236467
fc,20,med_Q_12,-2.676231566
fc,20,mig_Q_13,0.002852335
fc,20,med_Q_13,-1.683113008
fc,20,mig_Q_14,0.003472841
fc,20,med_Q_14,-0.898747233
fc,20,mig_Q_15,0.002058811
fc,20,med_Q_15,-0.437782888
fc,20,mig_Q_16,0.000580265
fc,20,med_Q_16,-0.190199099
fc,20,mig_Q_17,6.11608e-05
fc,20,med_Q_17,-0.036826351
fc,20,h_NQ_1,100
fc,20,mig_NQ_2,-0.507773617
fc,20,med_NQ_2,10.96451026
fc,20,mig_NQ_3,0.00558514
fc,20,med_NQ_3,0.747190421
fc,20,mig_NQ_4,0.00425518
fc,20,med_NQ_4,-4.310180115
fc,20,mig_NQ_5,0.003811722
fc,20,med_NQ_5,-11.81227004
fc,20,mig_NQ_6,0.003555556
fc,20,med_NQ_6,-9.425914777
fc,20,mig_NQ_7,0.003917998
fc,20,med_NQ_7,-6.295780771
fc,20,mig_NQ_8,0.004623712
fc,20,med_NQ_8,-5.290503786
fc,20,mig_NQ_9,0.00589197
fc,20,med_NQ_9,-3.207892632
fc,20,mig_NQ_10,0.006998204
fc,20,med_NQ_10,-2.549863066
fc,20,mig_NQ_11,0.009112871
fc,20,med_NQ_11,-2.012012224
fc,20,mig_NQ_12,0.010241554
fc,20,med_NQ_12,-1.818545746
fc,20,mig_NQ_13,0.011728513
fc,20,med_NQ_13,-1.164167376
fc,20,mig_NQ_14,0.012426133
fc,20,med_NQ_14,-0.633660052
fc,20,mig_NQ_15,0.006542364
fc,20,med_NQ_15,-0.312714292
fc,20,mig_NQ_16,0.0017042
fc,20,med_NQ_16,-0.136434235
fc,20,mig_NQ_17,0.000182628
fc,20,med_NQ_17,-0.023463775
fc,21,beta_Q_2,0.997947299999981
fc,21,beta_Q_3,0.997289700000371
fc,21,beta_Q_4,0.995694699999859
fc,21,beta_Q_5,0.992675200002161
fc,21,beta_Q_6,0.988263100000314
fc,21,beta_Q_7,0.983035299999275
fc,21,beta_Q_8,0.975710000020468
fc,21,beta_Q_9,0.963067400033811
fc,21,beta_Q_10,0.942124400015136
fc,21,beta_Q_11,0.902773200004358
fc,21,beta_Q_12,0.83872012138729
fc,21,beta_Q_13,0.721246836124307
fc,21,beta_Q_14,0.542904303027185
fc,21,beta_Q_15,0.338483501623465
fc,21,beta_Q_16,0.208098202732715
fc,21,beta_Q_17,0.124041184802996
fc,21,h_Q_2,487.1632484
fc,21,h_Q_3,368.962845492
fc,21,h_Q_4,232.27185096676
fc,21,h_Q_5,136.522498944507
fc,21,h_Q_6,85.2013734396619
fc,21,h_Q_7,58.9459288956597
fc,21,h_Q_8,41.1692054690201
fc,21,h_Q_9,27.0763499158527
fc,21,h_Q_10,17.27843858451
fc,21,h_Q_11,10.2852299987573
fc,21,h_Q_12,6.20039682521891
fc,21,h_Q_13,3.58740275906747
fc,21,h_Q_14,2.18772567358236
fc,21,h_Q_15,1.51167374817645
fc,21,h_Q_16,1.26278283903532
fc,21,h_Q_17,1.1416056824227
fc,21,P_Q_1,0.3
fc,21,P_Q_2,0.0779479507072097
fc,21,P_Q_3,0.0843684854599265
fc,21,P_Q_4,0.086304972581002
fc,21,P_Q_5,0.0844090928830788
fc,21,P_Q_6,0.0824385544339272
fc,21,P_Q_7,0.081464236797116
fc,21,P_Q_8,0.0617844325500232
fc,21,P_Q_9,0.051761339522472
fc,21,P_Q_10,0.0520161616154193
fc,21,P_Q_11,0.0485687309258955
fc,21,P_Q_12,0.0410272339104912
fc,21,P_Q_13,0.0238991852654904
fc,21,P_Q_14,0.0137862526727491
fc,21,P_Q_15,0.00693893173209077
fc,21,P_Q_16,0.0016386242986931
fc,21,P_Q_17,0.000202575818326078
fc,21,L_Q,1.15638973835456
fc,21,beta_NQ_2,0.987508100006902
fc,21,beta_NQ_3,0.983809800022365
fc,21,beta_NQ_4,0.979681400004373
fc,21,beta_NQ_5,0.970792700009611
fc,21,beta_NQ_6,0.959805900050643
fc,21,beta_NQ_7,0.950309499996999
fc,21,beta_NQ_8,0.9389679003774
fc,21,beta_NQ_9,0.920657802025191
fc,21,beta_NQ_10,0.892753200037244
fc,21,beta_NQ_11,0.845000008029515
fc,21,beta_NQ_12,0.757092334522423
fc,21,beta_NQ_13,0.613769218079616
fc,21,beta_NQ_14,0.427249906787381
fc,21,beta_NQ_15,0.245702599148123
fc,21,beta_NQ_16,0.142008612502477
fc,21,beta_NQ_17,0.0792838006000935
fc,21,h_NQ_2,80.05187361
fc,21,h_NQ_3,61.7657595348
fc,21,h_NQ_4,49.215989287484
fc,21,h_NQ_5,34.2380158386027
fc,21,h_NQ_6,24.8792733337233
fc,21,h_NQ_7,20.1245710931332
fc,21,h_NQ_8,16.3848204403024
fc,21,h_NQ_9,12.6036333702269
fc,21,h_NQ_10,9.32428753436811
fc,21,h_NQ_11,6.45161290630924
fc,21,h_NQ_12,4.11679003560057
fc,21,h_NQ_13,2.58912546863762
fc,21,h_NQ_14,1.74596215561676
fc,21,h_NQ_15,1.3257370328451
fc,21,h_NQ_16,1.16551257727086
fc,21,h_NQ_17,1.08611100851198
fc,21,P_NQ_1,0.7
fc,21,P_NQ_2,0.181878552127933
fc,21,P_NQ_3,0.196859798064987
fc,21,P_NQ_4,0.20137827105093
fc,21,P_NQ_5,0.196954549494304
fc,21,P_NQ_6,0.192356628764244
fc,21,P_NQ_7,0.190083218787113
fc,21,P_NQ_8,0.144163678115238
fc,21,P_NQ_9,0.120776457217861
fc,21,P_NQ_10,0.121371045766577
fc,21,P_NQ_11,0.113327046257984
fc,21,P_NQ_12,0.0957302286958505
fc,21,P_NQ_13,0.0557647853016294
fc,21,P_NQ_14,0.0321679055011255
fc,21,P_NQ_15,0.016190825130127
fc,21,P_NQ_16,0.00382347250288337
fc,21,P_NQ_17,0.000472674197565924
fc,21,L_NQ,2.03732278815762
fc,21,pi_Q,0.3
fc,21,pi_NQ,0.7
fc,21,y,3.74631849233942
fc,21,nbar,6.59834896259182
fc,21,Ptot,3.66185589815026
fc,21,Pret,0.626925679592898
fc,21,H,272.311788865894
fc,21,cCheck,-4.44089209850063e-16
fc,21,shareq,0.3
fc,21,A,1
fc,21,A_Q,2
fc,21,xpop,1
fc,21,h_Q_1,100
fc,21,mig_Q_2,-0.219763033
fc,21,med_Q_2,389.1632484
fc,21,mig_Q_3,0.001627892
fc,21,med_Q_3,56.17359518
fc,21,mig_Q_4,0.001226093
fc,21,med_Q_4,-8.10686815
fc,21,mig_Q_5,0.000676889
fc,21,med_Q_5,-27.36806233
fc,21,mig_Q_6,0.000356067
fc,21,med_Q_6,-24.62962131
fc,21,mig_Q_7,0.000472967
fc,21,med_Q_7,-20.09142835
fc,21,mig_Q_8,0.000690512
fc,21,med_Q_8,-14.04268428
fc,21,mig_Q_9,0.00071851
fc,21,med_Q_9,-7.742467903
fc,21,mig_Q_10,0.001097825
fc,21,med_Q_10,-4.669164874
fc,21,mig_Q_11,0.00176656
fc,21,med_Q_11,-3.372107406
fc,21,mig_Q_12,0.002751807
fc,21,med_Q_12,-2.316580204
fc,21,mig_Q_13,0.003180237
fc,21,med_Q_13,-1.598896516
fc,21,mig_Q_14,0.002955133
fc,21,med_Q_14,-0.901858389
fc,21,mig_Q_15,0.002220626
fc,21,med_Q_15,-0.441090478
fc,21,mig_Q_16,0.000711567
fc,21,med_Q_16,-0.16006464
fc,21,mig_Q_17,7.69802e-05
fc,21,med_Q_17,-0.024018861
fc,21,h_NQ_1,100
fc,21,mig_NQ_2,-0.508568556
fc,21,med_NQ_2,-17.94812639
fc,21,mig_NQ_3,0.005270427
fc,21,med_NQ_3,-45.01946052
fc,21,mig_NQ_4,0.004698651
fc,21,med_NQ_4,-34.75713931
fc,21,mig_NQ_5,0.004108069
fc,21,med_NQ_5,-30.31338486
fc,21,mig_NQ_6,0.004092402
fc,21,med_NQ_6,-20.1784051
fc,21,mig_NQ_7,0.005121
fc,21,med_NQ_7,-13.41697079
fc,21,mig_NQ_8,0.005585265
fc,21,med_NQ_8,-8.983472811
fc,21,mig_NQ_9,0.005875728
fc,21,med_NQ_9,-5.137455348
fc,21,mig_NQ_10,0.007651638
fc,21,med_NQ_10,-3.186036678
fc,21,mig_NQ_11,0.009338123
fc,21,med_NQ_11,-2.33571756
fc,21,mig_NQ_12,0.012881832
fc,21,med_NQ_12,-2.112036716
fc,21,mig_NQ_13,0.012708418
fc,21,med_NQ_13,-1.368345452
fc,21,mig_NQ_14,0.010800185
fc,21,med_NQ_14,-0.754805298
fc,21,mig_NQ_15,0.007323273
fc,21,med_NQ_15,-0.367358038
fc,21,mig_NQ_16,0.002154237
fc,21,med_NQ_16,-0.142357505
fc,21,mig_NQ_17,0.00025248
fc,21,med_NQ_17,-0.031190995
fc,22,beta_Q_2,0.998280799999971
fc,22,beta_Q_3,0.997731699999976
fc,22,beta_Q_4,0.996375300000702
fc,22,beta_Q_5,0.993893399999639
fc,22,beta_Q_6,0.989472500323064
fc,22,beta_Q_7,0.983741699997244
fc,22,beta_Q_8,0.977087400001782
fc,22,beta_Q_9,0.966488200428574
fc,22,beta_Q_10,0.950223624515064
fc,22,beta_Q_11,0.916742552309607
fc,22,beta_Q_12,0.858567121265618
fc,22,beta_Q_13,0.752188914642618
fc,22,beta_Q_14,0.577905800097401
fc,22,beta_Q_15,0.365396350457373
fc,22,beta_Q_16,0.191576039975639
fc,22,beta_Q_17,0.185962103794283
fc,22,h_Q_2,581.6658911
fc,22,h_Q_3,440.858792922
fc,22,h_Q_4,275.88490087216
fc,22,h_Q_5,163.757246247425
fc,22,h_Q_6,94.989313735617
fc,22,h_Q_7,61.5070456208687
fc,22,h_Q_8,43.6441084777465
fc,22,h_Q_9,29.8402354096397
fc,22,h_Q_10,20.0898417965357
fc,22,h_Q_11,12.0109299488199
fc,22,h_Q_12,7.07049067078214
fc,22,h_Q_13,4.03533175071454
fc,22,h_Q_14,2.36913939588612
fc,22,h_Q_15,1.57578161911071
fc,22,h_Q_16,1.23697450221292
fc,22,h_Q_17,1.22844403625461
fc,22,P_Q_1,0.3043458798
fc,22,P_Q_2,0.0753739649999943
fc,22,P_Q_3,0.0801695203764368
fc,22,P_Q_4,0.086004067819464
fc,22,P_Q_5,0.0869474759180272
fc,22,P_Q_6,0.0841801138008459
fc,22,P_Q_7,0.0816496550894621
fc,22,P_Q_8,0.0803410254869814
fc,22,P_Q_9,0.0601671518185152
fc,22,P_Q_10,0.0494825009415887
fc,22,P_Q_11,0.0483919356734959
fc,22,P_Q_12,0.0430212338977937
fc,22,P_Q_13,0.0330275316528737
fc,22,P_Q_14,0.0161896095194786
fc,22,P_Q_15,0.00656592607893797
fc,22,P_Q_16,0.00204585822233309
fc,22,P_Q_17,0.000275074799456871
fc,22,L_Q,1.19311871992406
fc,22,beta_NQ_2,0.989546300000006
fc,22,beta_NQ_3,0.986403899999229
fc,22,beta_NQ_4,0.982873300000434
fc,22,beta_NQ_5,0.975717099998542
fc,22,beta_NQ_6,0.964047001348653
fc,22,beta_NQ_7,0.952375900018
fc,22,beta_NQ_8,0.942323100000106
fc,22,beta_NQ_9,0.927806100634132
fc,22,beta_NQ_10,0.907065229359897
fc,22,beta_NQ_11,0.865680642477568
fc,22,beta_NQ_12,0.783567210970732
fc,22,beta_NQ_13,0.649617903700812
fc,22,beta_NQ_14,0.461536900963361
fc,22,beta_NQ_15,0.268777224537005
fc,22,beta_NQ_16,0.131445915791123
fc,22,beta_NQ_17,0.121206750107924
fc,22,h_NQ_2,95.659909888
fc,22,h_NQ_3,73.5505034488
fc,22,h_NQ_4,58.388364368104
fc,22,h_NQ_5,41.1812427647343
fc,22,h_NQ_6,27.8140906188307
fc,22,h_NQ_7,20.9977721440488
fc,22,h_NQ_8,17.3379637232705
fc,22,h_NQ_9,13.8515857924964
fc,22,h_NQ_10,10.7602318998224
fc,22,h_NQ_11,7.44494094268074
fc,22,h_NQ_12,4.62037177618305
fc,22,h_NQ_13,2.85402707088856
fc,22,h_NQ_14,1.85713747426486
fc,22,h_NQ_15,1.36757092650442
fc,22,h_NQ_16,1.1513387551882
fc,22,h_NQ_17,1.13791818872544
fc,22,P_NQ_1,0.7101403862
fc,22,P_NQ_2,0.175872585004831
fc,22,P_NQ_3,0.187062214997339
fc,22,P_NQ_4,0.200676156572885
fc,22,P_NQ_5,0.202877445476799
fc,22,P_NQ_6,0.196420263646449
fc,22,P_NQ_7,0.190515864702057
fc,22,P_NQ_8,0.187462392841514
fc,22,P_NQ_9,0.140390023025442
fc,22,P_NQ_10,0.115459166670406
fc,22,P_NQ_11,0.112914517647308
fc,22,P_NQ_12,0.100382875015988
fc,22,P_NQ_13,0.077064247613235
fc,22,P_NQ_14,0.0377757643221395
fc,22,P_NQ_15,0.0153204229907777
fc,22,P_NQ_16,0.00477366761199957
fc,22,P_NQ_17,0.000641841431518546
fc,22,L_NQ,2.10186187861256
fc,22,pi_Q,0.3
fc,22,pi_NQ,0.7
fc,22,y,4.28701332959998
fc,22,nbar,6.88032886623029
fc,22,Ptot,3.79392836166637
fc,22,Pret,0.663332174089331
fc,22,H,302.232960706092
fc,22,cCheck,0
fc,22,shareq,0.3
fc,22,A,1.111292532
fc,22,A_Q,2
fc,22,xpop,1.014486266
fc,22,h_Q_1,100
fc,22,mig_Q_2,-0.224010225
fc,22,med_Q_2,483.6658911
fc,22,mig_Q_3,0.002432832
fc,22,med_Q_3,-36.56119051
fc,22,mig_Q_4,0.001998814
fc,22,med_Q_4,-85.69868771
fc,22,mig_Q_5,0.00127467
fc,22,med_Q_5,-63.8691677
fc,22,mig_Q_6,0.000761722
fc,22,med_Q_6,-38.80273523
fc,22,mig_Q_7,0.000609646
fc,22,med_Q_7,-21.99030035
fc,22,mig_Q_8,0.000855555
fc,22,med_Q_8,-14.12290184
fc,22,mig_Q_9,0.000664579
fc,22,med_Q_9,-10.50558595
fc,22,mig_Q_10,0.00071688
fc,22,med_Q_10,-6.444981121
fc,22,mig_Q_11,0.001433139
fc,22,med_Q_11,-4.921939864
fc,22,mig_Q_12,0.002285662
fc,22,med_Q_12,-3.009034728
fc,22,mig_Q_13,0.003436769
fc,22,med_Q_13,-2.041057138
fc,22,mig_Q_14,0.003214639
fc,22,med_Q_14,-1.146515308
fc,22,mig_Q_15,0.001899507
fc,22,med_Q_15,-0.568189541
fc,22,mig_Q_16,0.000601879
fc,22,med_Q_16,-0.244465771
fc,22,mig_Q_17,7.18179e-05
fc,22,med_Q_17,-0.009083146
fc,22,h_NQ_1,100
fc,22,mig_NQ_2,-0.515383085
fc,22,med_NQ_2,-2.340090112
fc,22,mig_NQ_3,0.008128313
fc,22,med_NQ_3,-4.900332689
fc,22,mig_NQ_4,0.007816274
fc,22,med_NQ_4,-2.142079976
fc,22,mig_NQ_5,0.00738089
fc,22,med_NQ_5,-7.050426737
fc,22,mig_NQ_6,0.007382125
fc,22,med_NQ_6,-5.739164903
fc,22,mig_NQ_7,0.007717533
fc,22,med_NQ_7,-3.383915723
fc,22,mig_NQ_8,0.008980352
fc,22,med_NQ_8,-2.384115948
fc,22,mig_NQ_9,0.007664608
fc,22,med_NQ_9,-2.205538239
fc,22,mig_NQ_10,0.007635598
fc,22,med_NQ_10,-1.591328803
fc,22,mig_NQ_11,0.010355983
fc,22,med_NQ_11,-1.692860841
fc,22,mig_NQ_12,0.014583837
fc,22,med_NQ_12,-1.702208872
fc,22,mig_NQ_13,0.01830798
fc,22,med_NQ_13,-1.180427164
fc,22,mig_NQ_14,0.013950265
fc,22,med_NQ_14,-0.680205485
fc,22,mig_NQ_15,0.007416685
fc,22,med_NQ_15,-0.343471986
fc,22,mig_NQ_16,0.002474431
fc,22,med_NQ_16,-0.147883537
fc,22,mig_NQ_17,0.000338702
fc,22,med_NQ_17,-0.004284137
fc,23,beta_Q_2,0.998437700016199
fc,23,beta_Q_3,0.998043699999944
fc,23,beta_Q_4,0.996854699999507
fc,23,beta_Q_5,0.994779900001327
fc,23,beta_Q_6,0.991028999998848
fc,23,beta_Q_7,0.985176100121917
fc,23,beta_Q_8,0.97780249999603
fc,23,beta_Q_9,0.968116499992645
fc,23,beta_Q_10,0.954185100205531
fc,23,beta_Q_11,0.926734308891795
fc,23,beta_Q_12,0.875713916351136
fc,23,beta_Q_13,0.773751701546988
fc,23,beta_Q_14,0.603063500074324
fc,23,beta_Q_15,0.383542360896424
fc,23,beta_Q_16,0.199860006922652
fc,23,beta_Q_17,0.126764098806548
fc,23,h_Q_2,640.0819305
fc,23,h_Q_3,511.169043588
fc,23,h_Q_4,317.93469616356
fc,23,h_Q_5,191.567211404717
fc,23,h_Q_6,111.470293152476
fc,23,h_Q_7,67.4586310309047
fc,23,h_Q_8,45.0501182484513
fc,23,h_Q_9,31.3641852281916
fc,23,h_Q_10,21.8269602544469
fc,23,h_Q_11,13.648951715605
fc,23,h_Q_12,8.04595204384345
fc,23,h_Q_13,4.4199227133665
fc,23,h_Q_14,2.51929464770024
fc,23,h_Q_15,1.6221702609684
fc,23,h_Q_16,1.2497812847285
fc,23,h_Q_17,1.14516592616867
fc,23,P_Q_1,0.3077841666
fc,23,P_Q_2,0.075935203363439
fc,23,P_Q_3,0.077418532235183
fc,23,P_Q_4,0.0820643909159847
fc,23,P_Q_5,0.0867295713788866
fc,23,P_Q_6,0.0866535193933899
fc,23,P_Q_7,0.0832293902564056
fc,23,P_Q_8,0.0800970432024048
fc,23,P_Q_9,0.0776902875434989
fc,23,P_Q_10,0.0572552912777376
fc,23,P_Q_11,0.0460322822078545
fc,23,P_Q_12,0.0431010799036644
fc,23,P_Q_13,0.0350225232321677
fc,23,P_Q_14,0.0226562281050962
fc,23,P_Q_15,0.00835774423374745
fc,23,P_Q_16,0.00203479611697571
fc,23,P_Q_17,0.000373700419089895
fc,23,L_Q,1.21650310176822
fc,23,beta_NQ_2,0.990472600076074
fc,23,beta_NQ_3,0.988217199999898
fc,23,beta_NQ_4,0.985088499999103
fc,23,beta_NQ_5,0.979207900000741
fc,23,beta_NQ_6,0.969464399997845
fc,23,beta_NQ_7,0.956664600400181
fc,23,beta_NQ_8,0.944183200024705
fc,23,beta_NQ_9,0.931204399992527
fc,23,beta_NQ_10,0.914147900140892
fc,23,beta_NQ_11,0.88096120871536
fc,23,beta_NQ_12,0.807341310491864
fc,23,beta_NQ_13,0.675434200748707
fc,23,beta_NQ_14,0.486570798834349
fc,23,beta_NQ_15,0.283754838344068
fc,23,beta_NQ_16,0.137884601826712
fc,23,beta_NQ_17,0.0815321951115927
fc,23,h_NQ_2,104.960429918
fc,23,h_NQ_3,84.86947075324
fc,23,h_NQ_4,67.062334435824
fc,23,h_NQ_5,48.0951900017419
fc,23,h_NQ_6,32.7486605774396
fc,23,h_NQ_7,23.0758225384541
fc,23,h_NQ_8,17.9157529711678
fc,23,h_NQ_9,14.5358133348051
fc,23,h_NQ_10,11.6479387166465
fc,23,h_NQ_11,8.40062231382592
fc,23,h_NQ_12,5.19052604782713
fc,23,h_NQ_13,3.08103934765939
fc,23,h_NQ_14,1.94768820647079
fc,23,h_NQ_15,1.39616972277957
fc,23,h_NQ_16,1.15993751997433
fc,23,h_NQ_17,1.08876599908443
fc,23,P_NQ_1,0.7181630554
fc,23,P_NQ_2,0.177182140644785
fc,23,P_NQ_3,0.180643240751711
fc,23,P_NQ_4,0.191483580559826
fc,23,P_NQ_5,0.202368999530148
fc,23,P_NQ_6,0.202191544953183
fc,23,P_NQ_7,0.19420190737206
fc,23,P_NQ_8,0.186893102225243
fc,23,P_NQ_9,0.181277337717829
fc,23,P_NQ_10,0.133595682435414
fc,23,P_NQ_11,0.107408654583162
fc,23,P_NQ_12,0.100569185671007
fc,23,P_NQ_13,0.0817192148353464
fc,23,P_NQ_14,0.0528645340184855
fc,23,P_NQ_15,0.0195013550892687
fc,23,P_NQ_16,0.00474784203033016
fc,23,P_NQ_17,0.000871989737345923
fc,23,L_NQ,2.14308118285751
fc,23,pi_Q,0.3
fc,23,pi_NQ,0.7
fc,23,y,4.58055160519457
fc,23,nbar,7.16302061920566
fc,23,Ptot,3.90811911794067
fc,23,Pret,0.716112103896693
fc,23,H,328.38673445958
fc,23,cCheck,4.44089209850063e-16
fc,23,shareq,0.3
fc,23,A,1.154384374
fc,23,A_Q,2
fc,23,xpop,1.025947222
fc,23,h_Q_1,100
fc,23,mig_Q_2,-0.227887445
fc,23,med_Q_2,542.0819305
fc,23,mig_Q_3,0.002215538
fc,23,med_Q_3,-58.86352969
fc,23,mig_Q_4,0.002185461
fc,23,med_Q_4,-114.1069209
fc,23,mig_Q_5,0.001250696
fc,23,med_Q_5,-78.79999145
fc,23,mig_Q_6,0.000621383
fc,23,med_Q_6,-49.01180817
fc,23,mig_Q_7,0.000417902
fc,23,med_Q_7,-25.63089643
fc,23,mig_Q_8,0.000318194
fc,23,med_Q_8,-15.22678646
fc,23,mig_Q_9,4.16344e-05
fc,23,med_Q_9,-11.40704108
fc,23,mig_Q_10,8.30422e-05
fc,23,med_Q_10,-7.416470447
fc,23,mig_Q_11,0.000669568
fc,23,med_Q_11,-6.039093245
fc,23,mig_Q_12,0.001553355
fc,23,med_Q_12,-3.724759306
fc,23,mig_Q_13,0.002662428
fc,23,med_Q_13,-2.509158144
fc,23,mig_Q_14,0.003569426
fc,23,med_Q_14,-1.435330468
fc,23,mig_Q_15,0.00244212
fc,23,med_Q_15,-0.699586347
fc,23,mig_Q_16,0.000776922
fc,23,med_Q_16,-0.294484702
fc,23,mig_Q_17,-6.75168e-06
fc,23,med_Q_17,-0.067069086
fc,23,h_NQ_1,100
fc,23,mig_NQ_2,-0.525534651
fc,23,med_NQ_2,6.960429918
fc,23,mig_NQ_3,0.007161837
fc,23,med_NQ_3,-8.877240937
fc,23,mig_NQ_4,0.007625124
fc,23,med_NQ_4,-5.017158944
fc,23,mig_NQ_5,0.006565842
fc,23,med_NQ_5,-9.125407079
fc,23,mig_NQ_6,0.006608152
fc,23,med_NQ_6,-7.608957332
fc,23,mig_NQ_7,0.007135982
fc,23,med_NQ_7,-4.181986268
fc,23,mig_NQ_8,0.007365602
fc,23,med_NQ_8,-2.66206373
fc,23,mig_NQ_9,0.007348586
fc,23,med_NQ_9,-2.455391114
fc,23,mig_NQ_10,0.006252774
fc,23,med_NQ_10,-1.92661536
fc,23,mig_NQ_11,0.007457889
fc,23,med_NQ_11,-2.144404948
fc,23,mig_NQ_12,0.012093072
fc,23,med_NQ_12,-2.105516076
fc,23,mig_NQ_13,0.016508702
fc,23,med_NQ_13,-1.446924993
fc,23,mig_NQ_14,0.01729654
fc,23,med_NQ_14,-0.849258323
fc,23,mig_NQ_15,0.00934809
fc,23,med_NQ_15,-0.423825002
fc,23,mig_NQ_16,0.002734035
fc,23,med_NQ_16,-0.180281988
fc,23,mig_NQ_17,0.000293389
fc,23,med_NQ_17,-0.039545981
fc,24,beta_Q_2,0.998567900006669
fc,24,beta_Q_3,0.998121900000046
fc,24,beta_Q_4,0.99717630000021
fc,24,beta_Q_5,0.995330300172894
fc,24,beta_Q_6,0.992001400384707
fc,24,beta_Q_7,0.986972899997076
fc,24,beta_Q_8,0.979117000019634
fc,24,beta_Q_9,0.968275900014148
fc,24,beta_Q_10,0.955263415083006
fc,24,beta_Q_11,0.930171300143746
fc,24,beta_Q_12,0.885025600511386
fc,24,beta_Q_13,0.790376500426461
fc,24,beta_Q_14,0.617163904442869
fc,24,beta_Q_15,0.391218915190549
fc,24,beta_Q_16,0.198171666851347
fc,24,beta_Q_17,0.161492363992731
fc,24,h_Q_2,698.2752601
fc,24,h_Q_3,532.45301103
fc,24,h_Q_4,354.14527041624
fc,24,h_Q_5,214.146519000289
fc,24,h_Q_6,125.021878876622
fc,24,h_Q_7,76.7630554594268
fc,24,h_Q_8,47.8858401902866
fc,24,h_Q_9,31.5217768134823
fc,24,h_Q_10,22.3530621376278
fc,24,h_Q_11,14.320759258358
fc,24,h_Q_12,8.69758835529285
fc,24,h_Q_13,4.77045751296658
fc,24,h_Q_14,2.61207909009917
fc,24,h_Q_15,1.64262655274624
fc,24,h_Q_16,1.24714419074903
fc,24,h_Q_17,1.19259147503393
fc,24,P_Q_1,0.3120516879
fc,24,P_Q_2,0.0746465224015065
fc,24,P_Q_3,0.0782214153250949
fc,24,P_Q_4,0.0796326387257055
fc,24,P_Q_5,0.082838589589073
fc,24,P_Q_6,0.0864514913939466
fc,24,P_Q_7,0.0856854032978187
fc,24,P_Q_8,0.0817680948658586
fc,24,P_Q_9,0.0778115231248719
fc,24,P_Q_10,0.07441611680469
fc,24,P_Q_11,0.0537302147926726
fc,24,P_Q_12,0.041595451130821
fc,24,P_Q_13,0.035971618913973
fc,24,P_Q_14,0.0248794754418253
fc,24,P_Q_15,0.0119913822164365
fc,24,P_Q_16,0.00284669982041452
fc,24,P_Q_17,0.000390309096023489
fc,24,L_Q,1.21828798507886
fc,24,beta_NQ_2,0.991275700044955
fc,24,beta_NQ_3,0.988687700000473
fc,24,beta_NQ_4,0.986582100316149
fc,24,beta_NQ_5,0.9813840006486
fc,24,beta_NQ_6,0.972817001453876
fc,24,beta_NQ_7,0.962049706233961
fc,24,beta_NQ_8,0.947720700025409
fc,24,beta_NQ_9,0.931685400202676
fc,24,beta_NQ_10,0.916191929635411
fc,24,beta_NQ_11,0.886391599929464
fc,24,beta_NQ_12,0.82058520000954
fc,24,beta_NQ_13,0.695844900463616
fc,24,beta_NQ_14,0.500897139322672
fc,24,beta_NQ_15,0.290317903067518
fc,24,beta_NQ_16,0.136720974510348
fc,24,beta_NQ_17,0.103768538782001
fc,24,h_NQ_2,114.62237658
fc,24,h_NQ_3,88.39935291964
fc,24,h_NQ_4,74.5273105321752
fc,24,h_NQ_5,53.7172324871075
fc,24,h_NQ_6,36.7876981917071
fc,24,h_NQ_7,26.3502528278908
fc,24,h_NQ_8,19.128029641685
fc,24,h_NQ_9,14.6381593467445
fc,24,h_NQ_10,11.932020888109
fc,24,h_NQ_11,8.80216603131353
fc,24,h_NQ_12,5.5736761915494
fc,24,h_NQ_13,3.28779626287059
fc,24,h_NQ_14,2.0035936477062
fc,24,h_NQ_15,1.40908161134137
fc,24,h_NQ_16,1.15837191532398
fc,24,h_NQ_17,1.11578276857485
fc,24,P_NQ_1,0.7281206051
fc,24,P_NQ_2,0.174175218760615
fc,24,P_NQ_3,0.182516634917978
fc,24,P_NQ_4,0.18580948806708
fc,24,P_NQ_5,0.193290045804609
fc,24,P_NQ_6,0.201720145707659
fc,24,P_NQ_7,0.199932606556932
fc,24,P_NQ_8,0.190792220353453
fc,24,P_NQ_9,0.181560223120399
fc,24,P_NQ_10,0.173637605617885
fc,24,P_NQ_11,0.125370502877456
fc,24,P_NQ_12,0.097056049949338
fc,24,P_NQ_13,0.0839337765436449
fc,24,P_NQ_14,0.0580521036425503
fc,24,P_NQ_15,0.0279798753045498
fc,24,P_NQ_16,0.00664228858156514
fc,24,P_NQ_17,0.000910733982775899
fc,24,L_NQ,2.14630348404752
fc,24,pi_Q,0.3
fc,24,pi_NQ,0.7
fc,24,y,4.92273244372657
fc,24,nbar,7.29372410114278
fc,24,Ptot,4.01642875972922
fc,24,Pret,0.819404204716621
fc,24,H,346.811386855874
fc,24,cCheck,4.44089209850063e-16
fc,24,shareq,0.3
fc,24,A,1.225015828
fc,24,A_Q,2
fc,24,xpop,1.040172293
fc,24,h_Q_1,100
fc,24,mig_Q_2,-0.232656793
fc,24,med_Q_2,600.2752601
fc,24,mig_Q_3,0.002434764
fc,24,med_Q_3,-94.82728086
fc,24,mig_Q_4,0.002457611
fc,24,med_Q_4,-146.8003923
fc,24,mig_Q_5,0.001202583
fc,24,med_Q_5,-97.42948324
fc,24,mig_Q_6,0.000499971
fc,24,med_Q_6,-62.7139883
fc,24,mig_Q_7,0.000316427
fc,24,med_Q_7,-32.47783183
fc,24,mig_Q_8,0.000386189
fc,24,med_Q_8,-18.22361822
fc,24,mig_Q_9,0.000268254
fc,24,med_Q_9,-12.62733907
fc,24,mig_Q_10,0.000285202
fc,24,med_Q_10,-8.383839386
fc,24,mig_Q_11,0.000669772
fc,24,med_Q_11,-7.069661791
fc,24,mig_Q_12,0.001284341
fc,24,med_Q_12,-4.678384326
fc,24,mig_Q_13,0.002622085
fc,24,med_Q_13,-3.11457549
fc,24,mig_Q_14,0.00375867
fc,24,med_Q_14,-1.719445169
fc,24,mig_Q_15,0.003301759
fc,24,med_Q_15,-0.826282202
fc,24,mig_Q_16,0.001176321
fc,24,med_Q_16,-0.342582665
fc,24,mig_Q_17,0.00013237
fc,24,med_Q_17,-0.032194184
fc,24,h_NQ_1,100
fc,24,mig_NQ_2,-0.53714561
fc,24,med_NQ_2,16.62237658
fc,24,mig_NQ_3,0.007422196
fc,24,med_NQ_3,-14.4618684
fc,24,mig_NQ_4,0.007859909
fc,24,med_NQ_4,-8.644770806
fc,24,mig_NQ_5,0.005787811
fc,24,med_NQ_5,-12.00385526
fc,24,mig_NQ_6,0.005530605
fc,24,med_NQ_6,-10.34558801
fc,24,mig_NQ_7,0.006503113
fc,24,med_NQ_7,-5.743434538
fc,24,mig_NQ_8,0.007430042
fc,24,med_NQ_8,-3.486276446
fc,24,mig_NQ_9,0.007524544
fc,24,med_NQ_9,-2.919278565
fc,24,mig_NQ_10,0.007923308
fc,24,med_NQ_10,-2.31307618
fc,24,mig_NQ_11,0.007677889
fc,24,med_NQ_11,-2.612813911
fc,24,mig_NQ_12,0.010340606
fc,24,med_NQ_12,-2.658933676
fc,24,mig_NQ_13,0.016005909
fc,24,med_NQ_13,-1.798919264
fc,24,mig_NQ_14,0.01828992
fc,24,med_NQ_14,-1.015824913
fc,24,mig_NQ_15,0.012979308
fc,24,med_NQ_15,-0.499652831
fc,24,mig_NQ_16,0.003953352
fc,24,med_NQ_16,-0.209874413
fc,24,mig_NQ_17,0.000523632
fc,24,med_NQ_17,-0.020956001
fc,25,beta_Q_2,0.998632799999955
fc,25,beta_Q_3,0.998197499999996
fc,25,beta_Q_4,0.997334600000127
fc,25,beta_Q_5,0.995742200032309
fc,25,beta_Q_6,0.992592800009731
fc,25,beta_Q_7,0.987996600040646
fc,25,beta_Q_8,0.980881900094676
fc,25,beta_Q_9,0.969825600035104
fc,25,beta_Q_10,0.955121599992046
fc,25,beta_Q_11,0.930302299960104
fc,25,beta_Q_12,0.88686100819419
fc,25,beta_Q_13,0.801346400895735
fc,25,beta_Q_14,0.630152162749872
fc,25,beta_Q_15,0.401319548696717
fc,25,beta_Q_16,0.209842137382246
fc,25,beta_Q_17,0.141344056412864
fc,25,h_Q_2,731.4218841
fc,25,h_Q_3,554.785020798
fc,25,h_Q_4,375.1782096094
fc,25,h_Q_5,234.863074807915
fc,25,h_Q_6,135.003780060283
fc,25,h_Q_7,83.30972895909
fc,25,h_Q_8,52.3064530302383
fc,25,h_Q_9,33.1406755764809
fc,25,h_Q_10,22.2824343052127
fc,25,h_Q_11,14.3476757398752
fc,25,h_Q_12,8.83868518519084
fc,25,h_Q_13,5.033888157187
fc,25,h_Q_14,2.70381053670725
fc,25,h_Q_15,1.67034002329719
fc,25,h_Q_16,1.26556983069131
fc,25,h_Q_17,1.16461046393405
fc,25,P_Q_1,0.306880497
fc,25,P_Q_2,0.0703933366798395
fc,25,P_Q_3,0.0768607277677877
fc,25,P_Q_4,0.0803230335146578
fc,25,P_Q_5,0.0802344772064161
fc,25,P_Q_6,0.0823301268782545
fc,25,P_Q_7,0.0851402141701557
fc,25,P_Q_8,0.0839215743224328
fc,25,P_Q_9,0.0793560346486815
fc,25,P_Q_10,0.0744058763130754
fc,25,P_Q_11,0.0696131771198673
fc,25,P_Q_12,0.0486338866124909
fc,25,P_Q_13,0.0350861410984382
fc,25,P_Q_14,0.0261296827780785
fc,25,P_Q_15,0.0135357483928608
fc,25,P_Q_16,0.00411624920168282
fc,25,P_Q_17,0.000597353283576423
fc,25,L_Q,1.20096919839446
fc,25,beta_NQ_2,0.991690600000529
fc,25,beta_NQ_3,0.989144200000644
fc,25,beta_NQ_4,0.987363000003173
fc,25,beta_NQ_5,0.983010700120059
fc,25,beta_NQ_6,0.974850500042407
fc,25,beta_NQ_7,0.965107800119121
fc,25,beta_NQ_8,0.952190900273821
fc,25,beta_NQ_9,0.935068400007744
fc,25,beta_NQ_10,0.916035200054267
fc,25,beta_NQ_11,0.886647899968915
fc,25,beta_NQ_12,0.823275109295727
fc,25,beta_NQ_13,0.709672299606467
fc,25,beta_NQ_14,0.514614910536279
fc,25,beta_NQ_15,0.299465121496327
fc,25,beta_NQ_16,0.146564112237895
fc,25,beta_NQ_17,0.0942485130586051
fc,25,h_NQ_2,120.34563266
fc,25,h_NQ_3,92.1166565384
fc,25,h_NQ_4,79.1327055502472
fc,25,h_NQ_5,58.8605769515317
fc,25,h_NQ_6,39.7622219073654
fc,25,h_NQ_7,28.6597004468729
fc,25,h_NQ_8,20.916520074333
fc,25,h_NQ_9,15.4008217888513
fc,25,h_NQ_10,11.9097526658096
fc,25,h_NQ_11,8.82206857834684
fc,25,h_NQ_12,5.65851217868726
fc,25,h_NQ_13,3.44438370371842
fc,25,h_NQ_14,2.06021854361317
fc,25,h_NQ_15,1.42748063175208
fc,25,h_NQ_16,1.17173415911455
fc,25,h_NQ_17,1.1040555850175
fc,25,P_NQ_1,0.716054493
fc,25,P_NQ_2,0.164251119537659
fc,25,P_NQ_3,0.179341696433512
fc,25,P_NQ_4,0.187420410020014
fc,25,P_NQ_5,0.187213776757739
fc,25,P_NQ_6,0.192103631770522
fc,25,P_NQ_7,0.198660499919526
fc,25,P_NQ_8,0.19581700584404
fc,25,P_NQ_9,0.185164078175564
fc,25,P_NQ_10,0.173613715165714
fc,25,P_NQ_11,0.162430745051558
fc,25,P_NQ_12,0.113479071178993
fc,25,P_NQ_13,0.0818676604163889
fc,25,P_NQ_14,0.0609692275632601
fc,25,P_NQ_15,0.0315834099981634
fc,25,P_NQ_16,0.00960452181831608
fc,25,P_NQ_17,0.00139380758027739
fc,25,L_NQ,2.11577052587194
fc,25,pi_Q,0.3
fc,25,pi_NQ,0.7
fc,25,y,5.30594071222656
fc,25,nbar,7.26893224865398
fc,25,Ptot,4.05852700721954
fc,25,Pret,0.907060273572742
fc,25,H,353.046277654685
fc,25,cCheck,-1.33226762955019e-15
fc,25,shareq,0.3
fc,25,A,1.323527466
fc,25,A_Q,2
fc,25,xpop,1.02293499
fc,25,h_Q_1,100
fc,25,mig_Q_2,-0.241211462
fc,25,med_Q_2,633.4218841
fc,25,mig_Q_3,0.002354399
fc,25,med_Q_3,-129.5247341
fc,25,mig_Q_4,0.002322492
fc,25,med_Q_4,-146.6257412
fc,25,mig_Q_5,0.000973699
fc,25,med_Q_5,-112.1992902
fc,25,mig_Q_6,0.00015413
fc,25,med_Q_6,-74.85980856
fc,25,mig_Q_7,-0.000185065
fc,25,med_Q_7,-39.21171234
fc,25,mig_Q_8,2.55393e-05
fc,25,med_Q_8,-22.92134132
fc,25,mig_Q_9,0.000181959
fc,25,med_Q_9,-13.78744781
fc,25,mig_Q_10,7.5375e-05
fc,25,med_Q_10,-8.608906972
fc,25,mig_Q_11,0.000393441
fc,25,med_Q_11,-7.558325155
fc,25,mig_Q_12,0.001081271
fc,25,med_Q_12,-5.195658888
fc,25,mig_Q_13,0.002210074
fc,25,med_Q_13,-3.489748431
fc,25,mig_Q_14,0.003929298
fc,25,med_Q_14,-1.971237826
fc,25,mig_Q_15,0.003802427
fc,25,med_Q_15,-0.889497485
fc,25,mig_Q_16,0.001739897
fc,25,med_Q_16,-0.344204191
fc,25,mig_Q_17,0.000137633
fc,25,med_Q_17,-0.057590843
fc,25,h_NQ_1,100
fc,25,mig_NQ_2,-0.557517143
fc,25,med_NQ_2,22.34563266
fc,25,mig_NQ_3,0.0071368
fc,25,med_NQ_3,-20.21327251
fc,25,mig_NQ_4,0.007352765
fc,25,med_NQ_4,-7.498660311
fc,25,mig_NQ_5,0.004863318
fc,25,med_NQ_5,-14.17618737
fc,25,mig_NQ_6,0.004067789
fc,25,med_NQ_6,-12.88066593
fc,25,mig_NQ_7,0.004595693
fc,25,med_NQ_7,-7.392243781
fc,25,mig_NQ_8,0.006336736
fc,25,med_NQ_8,-4.906727697
fc,25,mig_NQ_9,0.007405752
fc,25,med_NQ_9,-3.34464726
fc,25,mig_NQ_10,0.007269704
fc,25,med_NQ_10,-2.435643494
fc,25,mig_NQ_11,0.00851983
fc,25,med_NQ_11,-2.871311892
fc,25,mig_NQ_12,0.010601892
fc,25,med_NQ_12,-2.967610532
fc,25,mig_NQ_13,0.014331703
fc,25,med_NQ_13,-2.017818964
fc,25,mig_NQ_14,0.018927039
fc,25,med_NQ_14,-1.161821794
fc,25,mig_NQ_15,0.014729845
fc,25,med_NQ_15,-0.536041143
fc,25,mig_NQ_16,0.005779086
fc,25,med_NQ_16,-0.20916582
fc,25,mig_NQ_17,0.000704547
fc,25,med_NQ_17,-0.031148892
fc,26,beta_Q_2,0.998746800005888
fc,26,beta_Q_3,0.998359100014445
fc,26,beta_Q_4,0.997555300010877
fc,26,beta_Q_5,0.996150600061289
fc,26,beta_Q_6,0.993290900091443
fc,26,beta_Q_7,0.989111500126182
fc,26,beta_Q_8,0.982749500339779
fc,26,beta_Q_9,0.972941300825321
fc,26,beta_Q_10,0.958661900182128
fc,26,beta_Q_11,0.933837099979108
fc,26,beta_Q_12,0.893199999924377
fc,26,beta_Q_13,0.817945501768439
fc,26,beta_Q_14,0.655981402941068
fc,26,beta_Q_15,0.425457089935023
fc,26,beta_Q_16,0.229895454642405
fc,26,beta_Q_17,0.13414440357822
fc,26,h_Q_2,797.9572295
fc,26,h_Q_3,609.421658818
fc,26,h_Q_4,409.04814498204
fc,26,h_Q_5,259.780745017212
fc,26,h_Q_6,149.051288531757
fc,26,h_Q_7,91.8400146490773
fc,26,h_Q_8,57.9693342699082
fc,26,h_Q_9,36.9566904396335
fc,26,h_Q_10,24.1907586829512
fc,26,h_Q_11,15.1142105261084
fc,26,h_Q_12,9.36329587207771
fc,26,h_Q_13,5.49286068148702
fc,26,h_Q_14,2.90681959504325
fc,26,h_Q_15,1.74050861697311
fc,26,h_Q_16,1.29852439683124
fc,26,h_Q_17,1.15492698707749
fc,26,P_Q_1,0.2996055927
fc,26,P_Q_2,0.0720767969844878
fc,26,P_Q_3,0.0725911786904739
fc,26,P_Q_4,0.0789499371840052
fc,26,P_Q_5,0.0809808051051543
fc,26,P_Q_6,0.0798368423876335
fc,26,P_Q_7,0.0812278714366304
fc,26,P_Q_8,0.08359848114969
fc,26,P_Q_9,0.0817341181731439
fc,26,P_Q_10,0.0761853687826729
fc,26,P_Q_11,0.069820434864601
fc,26,P_Q_12,0.0632045634441262
fc,26,P_Q_13,0.0415488109984908
fc,26,P_Q_14,0.026156368695728
fc,26,P_Q_15,0.0147364645000868
fc,26,P_Q_16,0.00488484737382621
fc,26,P_Q_17,0.000902009359372062
fc,26,L_Q,1.18212330354127
fc,26,beta_NQ_2,0.992391500039615
fc,26,beta_NQ_3,0.990140600107284
fc,26,beta_NQ_4,0.98845960007728
fc,26,beta_NQ_5,0.984706600350459
fc,26,beta_NQ_6,0.977306500425687
fc,26,beta_NQ_7,0.968419300456607
fc,26,beta_NQ_8,0.956882800844418
fc,26,beta_NQ_9,0.941672201565522
fc,26,beta_NQ_10,0.922522700192275
fc,26,beta_NQ_11,0.89228950009065
fc,26,beta_NQ_12,0.832520399951811
fc,26,beta_NQ_13,0.730823999974737
fc,26,beta_NQ_14,0.541515399137528
fc,26,beta_NQ_15,0.319759640465486
fc,26,beta_NQ_16,0.161053376295915
fc,26,beta_NQ_17,0.0911675967833154
fc,26,h_NQ_2,131.43195111
fc,26,h_NQ_3,101.4260502668
fc,26,h_NQ_4,86.652109116632
fc,26,h_NQ_5,65.3876835792422
fc,26,h_NQ_6,44.0654813025011
fc,26,h_NQ_7,31.6649092592181
fc,26,h_NQ_8,23.1926006309355
fc,26,h_NQ_9,17.1444834168463
fc,26,h_NQ_10,12.9070063110742
fc,26,h_NQ_11,9.28414593549341
fc,26,h_NQ_12,5.9708764507799
fc,26,h_NQ_13,3.71504145411351
fc,26,h_NQ_14,2.18109833564405
fc,26,h_NQ_15,1.47006744574091
fc,26,h_NQ_16,1.19197083911704
fc,26,h_NQ_17,1.10031288093226
fc,26,P_NQ_1,0.6990797163
fc,26,P_NQ_2,0.168179191796244
fc,26,P_NQ_3,0.169379417234288
fc,26,P_NQ_4,0.184216517416251
fc,26,P_NQ_5,0.188955213470563
fc,26,P_NQ_6,0.18628596288711
fc,26,P_NQ_7,0.189531702452943
fc,26,P_NQ_8,0.19506312326722
fc,26,P_NQ_9,0.190712941348894
fc,26,P_NQ_10,0.177765859394416
fc,26,P_NQ_11,0.162914353957482
fc,26,P_NQ_12,0.147477312385308
fc,26,P_NQ_13,0.0969472264008023
fc,26,P_NQ_14,0.0610315057409944
fc,26,P_NQ_15,0.0343850651397689
fc,26,P_NQ_16,0.0113979774478263
fc,26,P_NQ_17,0.00210467590001522
fc,26,L_NQ,2.08257395645585
fc,26,pi_Q,0.3
fc,26,pi_NQ,0.7
fc,26,y,5.48115869963619
fc,26,nbar,7.18041678456236
fc,26,Ptot,4.09346825437025
fc,26,Pret,0.991462844385517
fc,26,H,371.785150662977
fc,26,cCheck,-4.44089209850063e-16
fc,26,shareq,0.3
fc,26,A,1.379010647
fc,26,A_Q,2
fc,26,xpop,0.998685309
fc,26,h_Q_1,100
fc,26,mig_Q_2,-0.234384133
fc,26,med_Q_2,699.9572295
fc,26,mig_Q_3,0.002324726
fc,26,med_Q_3,-107.3717876
fc,26,mig_Q_4,0.002294074
fc,26,med_Q_4,-134.6411754
fc,26,mig_Q_5,0.000999771
fc,26,med_Q_5,-107.8939004
fc,26,mig_Q_6,0.000196678
fc,26,med_Q_6,-81.11452478
fc,26,mig_Q_7,-0.000114014
fc,26,med_Q_7,-40.46368981
fc,26,mig_Q_8,8.59861e-05
fc,26,med_Q_8,-23.67420011
fc,26,mig_Q_9,0.000344827
fc,26,med_Q_9,-14.30363353
fc,26,mig_Q_10,0.000390706
fc,26,med_Q_10,-8.287103382
fc,26,mig_Q_11,0.000600477
fc,26,med_Q_11,-6.722575093
fc,26,mig_Q_12,0.001467351
fc,26,med_Q_12,-4.697426353
fc,26,mig_Q_13,0.002576221
fc,26,med_Q_13,-3.1690508
fc,26,mig_Q_14,0.004046761
fc,26,med_Q_14,-2.026390799
fc,26,mig_Q_15,0.004250112
fc,26,med_Q_15,-0.909225709
fc,26,mig_Q_16,0.002044477
fc,26,med_Q_16,-0.338408826
fc,26,mig_Q_17,0.000320202
fc,26,med_Q_17,-0.085331447
fc,26,h_NQ_1,100
fc,26,mig_NQ_2,-0.541925318
fc,26,med_NQ_2,33.43195111
fc,26,mig_NQ_3,0.006911375
fc,26,med_NQ_3,-16.51266974
fc,26,mig_NQ_4,0.007141162
fc,26,med_NQ_4,-3.622214291
fc,26,mig_NQ_5,0.004718945
fc,26,med_NQ_5,-12.16236786
fc,26,mig_NQ_6,0.003780519
fc,26,med_NQ_6,-13.61788411
fc,26,mig_NQ_7,0.004130989
fc,26,med_NQ_7,-7.30206821
fc,26,mig_NQ_8,0.005900403
fc,26,med_NQ_8,-4.893905807
fc,26,mig_NQ_9,0.007610647
fc,26,med_NQ_9,-3.353706256
fc,26,mig_NQ_10,0.008149046
fc,26,med_NQ_10,-2.185799042
fc,26,mig_NQ_11,0.008980118
fc,26,med_NQ_11,-2.387411677
fc,26,mig_NQ_12,0.013752123
fc,26,med_NQ_12,-2.674750756
fc,26,mig_NQ_13,0.016414273
fc,26,med_NQ_13,-1.830300481
fc,26,mig_NQ_14,0.018901187
fc,26,med_NQ_14,-1.194397694
fc,26,mig_NQ_15,0.016126908
fc,26,med_NQ_15,-0.548946727
fc,26,mig_NQ_16,0.006768983
fc,26,med_NQ_16,-0.20696018
fc,26,mig_NQ_17,0.001199464
fc,26,med_NQ_17,-0.047986595
fc,27,beta_Q_2,0.998855500007564
fc,27,beta_Q_3,0.998500000009189
fc,27,beta_Q_4,0.997760700011092
fc,27,beta_Q_5,0.996471500016403
fc,27,beta_Q_6,0.993847900026437
fc,27,beta_Q_7,0.99001940004476
fc,27,beta_Q_8,0.984195300066976
fc,27,beta_Q_9,0.975226300158592
fc,27,beta_Q_10,0.962119300161714
fc,27,beta_Q_11,0.93756790014858
fc,27,beta_Q_12,0.895856444026453
fc,27,beta_Q_13,0.822341166340975
fc,27,beta_Q_14,0.667730822348659
fc,27,beta_Q_15,0.438449067544388
fc,27,beta_Q_16,0.242116452619548
fc,27,beta_Q_17,0.1445777199943
fc,27,h_Q_2,873.743993
fc,27,h_Q_3,666.66666671
fc,27,h_Q_4,446.56812394164
fc,27,h_Q_5,283.406546682399
fc,27,h_Q_6,162.546122426868
fc,27,h_Q_7,100.194377071122
fc,27,h_Q_8,63.2723176860957
fc,27,h_Q_9,40.36538753451
fc,27,h_Q_10,26.3986673808408
fc,27,h_Q_11,16.0174013402922
fc,27,h_Q_12,9.60212628958624
fc,27,h_Q_13,5.62876387663616
fc,27,h_Q_14,3.00960336985728
fc,27,h_Q_15,1.78078185914239
fc,27,h_Q_16,1.31946383563364
fc,27,h_Q_17,1.16901324789462
fc,27,P_Q_1,0.289519968
fc,27,P_Q_2,0.0745005049729924
fc,27,P_Q_3,0.0742668261693571
fc,27,P_Q_4,0.0746922350367189
fc,27,P_Q_5,0.0796663673006478
fc,27,P_Q_6,0.0806514297930284
fc,27,P_Q_7,0.0788774303393698
fc,27,P_Q_8,0.0799005174680123
fc,27,P_Q_9,0.0816407079968005
fc,27,P_Q_10,0.0787471050375768
fc,27,P_Q_11,0.0718390878448502
fc,27,P_Q_12,0.0635935884157816
fc,27,P_Q_13,0.054137092360361
fc,27,P_Q_14,0.0316116043293233
fc,27,P_Q_15,0.015128792508552
fc,27,P_Q_16,0.00544961920606913
fc,27,P_Q_17,0.00114787593753255
fc,27,L_Q,1.16072608190938
fc,27,beta_NQ_2,0.993066100055541
fc,27,beta_NQ_3,0.991006400066706
fc,27,beta_NQ_4,0.989459300068996
fc,27,beta_NQ_5,0.986023900088483
fc,27,beta_NQ_6,0.979247300123177
fc,27,beta_NQ_7,0.971109400161155
fc,27,beta_NQ_8,0.960532100202879
fc,27,beta_NQ_9,0.946569300260194
fc,27,beta_NQ_10,0.928888700277789
fc,27,beta_NQ_11,0.898215800026637
fc,27,beta_NQ_12,0.836512758328164
fc,27,beta_NQ_13,0.736642562623966
fc,27,beta_NQ_14,0.554065978743354
fc,27,beta_NQ_15,0.33112415392031
fc,27,beta_NQ_16,0.170241314755186
fc,27,beta_NQ_17,0.0985201055612787
fc,27,h_NQ_2,144.2189821
fc,27,h_NQ_3,111.1901796878
fc,27,h_NQ_4,94.870359653464
fc,27,h_NQ_5,71.5507187342994
fc,27,h_NQ_6,48.1865010376574
fc,27,h_NQ_7,34.613334438451
fc,27,h_NQ_8,25.3370460500337
fc,27,h_NQ_9,18.7158319073168
fc,27,h_NQ_10,14.0624626435094
fc,27,h_NQ_11,9.82470756885276
fc,27,h_NQ_12,6.11668307678354
fc,27,h_NQ_13,3.7971198827643
fc,27,h_NQ_14,2.24248280003124
fc,27,h_NQ_15,1.49504563893117
fc,27,h_NQ_16,1.20516965082609
fc,27,h_NQ_17,1.1092870753347
fc,27,P_NQ_1,0.675546592
fc,27,P_NQ_2,0.173834512306226
fc,27,P_NQ_3,0.173289260890691
fc,27,P_NQ_4,0.174281880020727
fc,27,P_NQ_5,0.185888185593357
fc,27,P_NQ_6,0.188186669414104
fc,27,P_NQ_7,0.18404733286402
fc,27,P_NQ_8,0.186434543291983
fc,27,P_NQ_9,0.19049498673129
fc,27,P_NQ_10,0.183743246614793
fc,27,P_NQ_11,0.167624536812229
fc,27,P_NQ_12,0.148385044114574
fc,27,P_NQ_13,0.126319879342955
fc,27,P_NQ_14,0.0737604109997068
fc,27,P_NQ_15,0.0353004283328076
fc,27,P_NQ_16,0.0127157638349148
fc,27,P_NQ_17,0.00267837821210875
fc,27,L_NQ,2.04485307401179
fc,27,pi_Q,0.3
fc,27,pi_NQ,0.7
fc,27,y,5.87206226303069
fc,27,nbar,7.1237084669596
fc,27,Ptot,4.11790240409346
fc,27,Pret,1.07218245390413
fc,27,H,394.309425564707
fc,27,cCheck,4.44089209850063e-16
fc,27,shareq,0.3
fc,27,A,1.485581065
fc,27,A_Q,2
fc,27,xpop,0.96506656
fc,27,h_Q_1,100
fc,27,mig_Q_2,-0.224729622
fc,27,med_Q_2,775.743993
fc,27,mig_Q_3,0.0023083
fc,27,med_Q_3,-115.3314182
fc,27,mig_Q_4,0.00227852
fc,27,med_Q_4,-150.6651017
fc,27,mig_Q_5,0.00102034
fc,27,med_Q_5,-117.4606354
fc,27,mig_Q_6,0.000213933
fc,27,med_Q_6,-92.03900769
fc,27,mig_Q_7,-9.01086e-05
fc,27,med_Q_7,-45.87588569
fc,27,mig_Q_8,7.38674e-05
fc,27,med_Q_8,-26.73089667
fc,27,mig_Q_9,0.000304293
fc,27,med_Q_9,-16.44456005
fc,27,mig_Q_10,0.00039172
fc,27,med_Q_10,-9.81888925
fc,27,mig_Q_11,0.000694364
fc,27,med_Q_11,-7.689542169
fc,27,mig_Q_12,0.001229976
fc,27,med_Q_12,-5.209800026
fc,27,mig_Q_13,0.002439204
fc,27,med_Q_13,-3.547266078
fc,27,mig_Q_14,0.004356357
fc,27,med_Q_14,-2.373400098
fc,27,mig_Q_15,0.00400038
fc,27,med_Q_15,-1.067901344
fc,27,mig_Q_16,0.002061773
fc,27,med_Q_16,-0.386234609
fc,27,mig_Q_17,0.000492601
fc,27,med_Q_17,-0.103540661
fc,27,h_NQ_1,100
fc,27,mig_NQ_2,-0.519926256
fc,27,med_NQ_2,46.2189821
fc,27,mig_NQ_3,0.006768215
fc,27,med_NQ_3,-17.6131324
fc,27,mig_NQ_4,0.006857169
fc,27,med_NQ_4,-4.527169608
fc,27,mig_NQ_5,0.004488965
fc,27,med_NQ_5,-13.3683482
fc,27,mig_NQ_6,0.003519511
fc,27,med_NQ_6,-15.89342887
fc,27,mig_NQ_7,0.003644411
fc,27,med_NQ_7,-8.570837238
fc,27,mig_NQ_8,0.005074917
fc,27,med_NQ_8,-5.694565024
fc,27,mig_NQ_9,0.006809466
fc,27,med_NQ_9,-4.012916711
fc,27,mig_NQ_10,0.007806229
fc,27,med_NQ_10,-2.739131105
fc,27,mig_NQ_11,0.009005927
fc,27,med_NQ_11,-2.824158616
fc,27,mig_NQ_12,0.012755521
fc,27,med_NQ_12,-2.98177994
fc,27,mig_NQ_13,0.01853992
fc,27,med_NQ_13,-2.054339039
fc,27,mig_NQ_14,0.021261995
fc,27,med_NQ_14,-1.398257825
fc,27,mig_NQ_15,0.015785016
fc,27,med_NQ_15,-0.64243073
fc,27,mig_NQ_16,0.007177933
fc,27,med_NQ_16,-0.235496446
fc,27,mig_NQ_17,0.001639252
fc,27,med_NQ_17,-0.058844347
fc,28,beta_Q_2,0.998954400006745
fc,28,beta_Q_3,0.998628400008118
fc,28,beta_Q_4,0.997948100010028
fc,28,beta_Q_5,0.996764500014024
fc,28,beta_Q_6,0.994356500022895
fc,28,beta_Q_7,0.990848200038915
fc,28,beta_Q_8,0.985514700064329
fc,28,beta_Q_9,0.977311000091688
fc,28,beta_Q_10,0.96529880023085
fc,28,beta_Q_11,0.942701900190087
fc,28,beta_Q_12,0.901680100356031
fc,28,beta_Q_13,0.826531958927594
fc,28,beta_Q_14,0.674672166675233
fc,28,beta_Q_15,0.449242389033339
fc,28,beta_Q_16,0.254418166790466
fc,28,beta_Q_17,0.155303123380905
fc,28,h_Q_2,956.3886764
fc,28,h_Q_3,729.07553224
fc,28,h_Q_4,487.3531848758
fc,28,h_Q_5,309.071240862807
fc,28,h_Q_6,177.195003048751
fc,28,h_Q_7,109.26812208833
fc,28,h_Q_8,69.0355049396993
fc,28,h_Q_9,44.0742209423738
fc,28,h_Q_10,28.8174472838198
fc,28,h_Q_11,17.452585673224
fc,28,h_Q_12,10.1708810064864
fc,28,h_Q_13,5.76474867179452
fc,28,h_Q_14,3.07382182010343
fc,28,h_Q_15,1.81568049646014
fc,28,h_Q_16,1.34123429695954
fc,28,h_Q_17,1.18385660192097
fc,28,P_Q_1,0.281860557
fc,28,P_Q_2,0.077317134398814
fc,28,P_Q_3,0.0766877592162175
fc,28,P_Q_4,0.0763752394663398
fc,28,P_Q_5,0.075452958486617
fc,28,P_Q_6,0.0793964318444837
fc,28,P_Q_7,0.0797579128364461
fc,28,P_Q_8,0.077723687321368
fc,28,P_Q_9,0.0782046680310866
fc,28,P_Q_10,0.0789124908425885
fc,28,P_Q_11,0.0746124309128606
fc,28,P_Q_12,0.0658339387787914
fc,28,P_Q_13,0.0546869566696418
fc,28,P_Q_14,0.0412453562013491
fc,28,P_Q_15,0.0187525644417739
fc,28,P_Q_16,0.0057310365745878
fc,28,P_Q_17,0.00134795551965062
fc,28,L_Q,1.14687318870287
fc,28,beta_NQ_2,0.993680000050041
fc,28,beta_NQ_3,0.991794400059189
fc,28,beta_NQ_4,0.990370500062277
fc,28,beta_NQ_5,0.987225200077893
fc,28,beta_NQ_6,0.981019700111639
fc,28,beta_NQ_7,0.973568900151684
fc,28,beta_NQ_8,0.963873900189963
fc,28,beta_NQ_9,0.951062700236185
fc,28,beta_NQ_10,0.934786300283455
fc,28,beta_NQ_11,0.906378300288754
fc,28,beta_NQ_12,0.845147400050261
fc,28,beta_NQ_13,0.742250658217589
fc,28,beta_NQ_14,0.561476335445756
fc,28,beta_NQ_15,0.340462424467105
fc,28,beta_NQ_16,0.179566010817859
fc,28,beta_NQ_17,0.106128807109109
fc,28,h_NQ_2,158.2278481
fc,28,h_NQ_3,121.867992588
fc,28,h_NQ_4,103.847551798044
fc,28,h_NQ_5,78.2791120003947
fc,28,h_NQ_6,52.6862062296134
fc,28,h_NQ_7,37.8342180279043
fc,28,h_NQ_8,27.680818020682
fc,28,h_NQ_9,20.434310838033
fc,28,h_NQ_10,15.3342012471704
fc,28,h_NQ_11,10.6812843576392
fc,28,h_NQ_12,6.4577540204757
fc,28,h_NQ_13,3.87973745724787
fc,28,h_NQ_14,2.28037845910902
fc,28,h_NQ_15,1.51621377903062
fc,28,h_NQ_16,1.21886708315254
fc,28,h_NQ_17,1.11872941280957
fc,28,P_NQ_1,0.657674633
fc,28,P_NQ_2,0.180406645523252
fc,28,P_NQ_3,0.178938103247944
fc,28,P_NQ_4,0.178208890790377
fc,28,P_NQ_5,0.17605690105279
fc,28,P_NQ_6,0.185258337867091
fc,28,P_NQ_7,0.186101797653057
fc,28,P_NQ_8,0.181355268172616
fc,28,P_NQ_9,0.182477562188221
fc,28,P_NQ_10,0.184129147634263
fc,28,P_NQ_11,0.174095672257598
fc,28,P_NQ_12,0.153612524652278
fc,28,P_NQ_13,0.12760290115163
fc,28,P_NQ_14,0.0962391315828965
fc,28,P_NQ_15,0.0437559746850923
fc,28,P_NQ_16,0.0133723923307984
fc,28,P_NQ_17,0.00314522539530809
fc,28,L_NQ,2.020429217644
fc,28,pi_Q,0.3
fc,28,pi_NQ,0.7
fc,28,y,6.34353083922471
fc,28,nbar,7.1219483746031
fc,28,Ptot,4.14633018772783
fc,28,Pret,1.13707569963111
fc,28,H,424.138885583085
fc,28,cCheck,-1.33226762955019e-15
fc,28,shareq,0.3
fc,28,A,1.605136168
fc,28,A_Q,2
fc,28,xpop,0.93953519
fc,28,h_Q_1,100
fc,28,mig_Q_2,-0.211871478
fc,28,med_Q_2,858.3886764
fc,28,mig_Q_3,0.002299005
fc,28,med_Q_3,-127.1935809
fc,28,mig_Q_4,0.002274719
fc,28,med_Q_4,-165.9801485
fc,28,mig_Q_5,0.001024275
fc,28,med_Q_5,-128.5655206
fc,28,mig_Q_6,0.00022018
fc,28,med_Q_6,-100.5434127
fc,28,mig_Q_7,-8.85673e-05
fc,28,med_Q_7,-50.02707789
fc,28,mig_Q_8,9.28911e-05
fc,28,med_Q_8,-29.15498459
fc,28,mig_Q_9,0.000283582
fc,28,med_Q_9,-17.93265039
fc,28,mig_Q_10,0.00036439
fc,28,med_Q_10,-10.7406325
fc,28,mig_Q_11,0.000781673
fc,28,med_Q_11,-8.41810836
fc,28,mig_Q_12,0.001476429
fc,28,med_Q_12,-5.526172307
fc,28,mig_Q_13,0.002391331
fc,28,med_Q_13,-3.645335092
fc,28,mig_Q_14,0.005096351
fc,28,med_Q_14,-2.442366779
fc,28,mig_Q_15,0.004892486
fc,28,med_Q_15,-1.133730806
fc,28,mig_Q_16,0.002068107
fc,28,med_Q_16,-0.403931925
fc,28,mig_Q_17,0.000560062
fc,28,med_Q_17,-0.109217957
fc,28,h_NQ_1,100
fc,28,mig_NQ_2,-0.490455774
fc,28,med_NQ_2,60.2278481
fc,28,mig_NQ_3,0.006666989
fc,28,med_NQ_3,-19.46660987
fc,28,mig_NQ_4,0.00674622
fc,28,med_NQ_4,-5.118824296
fc,28,mig_NQ_5,0.004210802
fc,28,med_NQ_5,-14.69384046
fc,28,mig_NQ_6,0.003227834
fc,28,med_NQ_6,-17.43349813
fc,28,mig_NQ_7,0.003351954
fc,28,med_NQ_7,-9.388552989
fc,28,mig_NQ_8,0.004571897
fc,28,med_NQ_8,-6.240249729
fc,28,mig_NQ_9,0.006004347
fc,28,med_NQ_9,-4.395994291
fc,28,mig_NQ_10,0.007180507
fc,28,med_NQ_10,-3.007314022
fc,28,mig_NQ_11,0.009054585
fc,28,med_NQ_11,-3.099929033
fc,28,mig_NQ_12,0.013392461
fc,28,med_NQ_12,-3.170459397
fc,28,mig_NQ_13,0.018296162
fc,28,med_NQ_13,-2.114611958
fc,28,mig_NQ_14,0.026249584
fc,28,med_NQ_14,-1.440799026
fc,28,mig_NQ_15,0.019332121
fc,28,med_NQ_15,-0.681419365
fc,28,mig_NQ_16,0.007362801
fc,28,med_NQ_16,-0.246277643
fc,28,mig_NQ_17,0.001892467
fc,28,med_NQ_17,-0.062336845
fc,29,beta_Q_2,0.999044400005905
fc,29,beta_Q_3,0.998745300007217
fc,29,beta_Q_4,0.99811910000893
fc,29,beta_Q_5,0.997032000013439
fc,29,beta_Q_6,0.9948210000196
fc,29,beta_Q_7,0.991605100033018
fc,29,beta_Q_8,0.986719100056478
fc,29,beta_Q_9,0.979213400095598
fc,29,beta_Q_10,0.968202200108787
fc,29,beta_Q_11,0.947434800357186
fc,29,beta_Q_12,0.909868200300914
fc,29,beta_Q_13,0.835661400953156
fc,29,beta_Q_14,0.681522067623461
fc,29,beta_Q_15,0.457188922774912
fc,29,beta_Q_16,0.265002645124233
fc,29,beta_Q_17,0.166266739332475
fc,29,h_Q_2,1046.4629552
fc,29,h_Q_3,797.003267772
fc,29,h_Q_4,531.6603753952
fc,29,h_Q_5,336.927223778284
fc,29,h_Q_6,193.087468545551
fc,29,h_Q_7,119.119941817776
fc,29,h_Q_8,75.2961018965637
fc,29,h_Q_9,48.1079156609053
fc,29,h_Q_10,31.4487165335264
fc,29,h_Q_11,19.0239931071434
fc,29,h_Q_12,11.0948632857595
fc,29,h_Q_13,6.08499771635664
fc,29,h_Q_14,3.13993430735863
fc,29,h_Q_15,1.84226150870136
fc,29,h_Q_16,1.36054905553093
fc,29,h_Q_17,1.19942434502035
fc,29,P_Q_1,0.2809735983
fc,29,P_Q_2,0.0756185956035018
fc,29,P_Q_3,0.0795123332179003
fc,29,P_Q_4,0.0788072046038508
fc,29,P_Q_5,0.0771549603801176
fc,29,P_Q_6,0.0752484837171253
fc,29,P_Q_7,0.0785825158826191
fc,29,P_Q_8,0.078693732846767
fc,29,P_Q_9,0.0762567875868598
fc,29,P_Q_10,0.0758147102228599
fc,29,P_Q_11,0.0751033000660411
fc,29,P_Q_12,0.0688508241933155
fc,29,P_Q_13,0.0571809353827538
fc,29,P_Q_14,0.0419295415451818
fc,29,P_Q_15,0.0244423203564251
fc,29,P_Q_16,0.00731904806789621
fc,29,P_Q_17,0.00149605388024369
fc,29,L_Q,1.14442480692396
fc,29,beta_NQ_2,0.994238100044601
fc,29,beta_NQ_3,0.992511800052943
fc,29,beta_NQ_4,0.991200900055157
fc,29,beta_NQ_5,0.988321000070661
fc,29,beta_NQ_6,0.982638100097602
fc,29,beta_NQ_7,0.975817300135451
fc,29,beta_NQ_8,0.966932700181637
fc,29,beta_NQ_9,0.955183000222458
fc,29,beta_NQ_10,0.940206400257566
fc,29,beta_NQ_11,0.913966000301985
fc,29,beta_NQ_12,0.857334000343112
fc,29,beta_NQ_13,0.754398600126073
fc,29,beta_NQ_14,0.568885938882203
fc,29,beta_NQ_15,0.347110006176202
fc,29,beta_NQ_16,0.187461704283178
fc,29,beta_NQ_17,0.113957001962139
fc,29,h_NQ_2,173.55386244
fc,29,h_NQ_3,133.543441678
fc,29,h_NQ_4,113.64798672324
fc,29,h_NQ_5,85.6237691620831
fc,29,h_NQ_6,57.5973827703868
fc,29,h_NQ_7,41.3518755150211
fc,29,h_NQ_8,30.2413562683462
fc,29,h_NQ_9,22.3129615962684
fc,29,h_NQ_10,16.7241979032724
fc,29,h_NQ_11,11.623311712227
fc,29,h_NQ_12,7.00937854548645
fc,29,h_NQ_13,4.07163803006619
fc,29,h_NQ_14,2.31957155410291
fc,29,h_NQ_15,1.53165157792683
fc,29,h_NQ_16,1.23071121245001
fc,29,h_NQ_17,1.12861339248949
fc,29,P_NQ_1,0.6556050627
fc,29,P_NQ_2,0.17644339135235
fc,29,P_NQ_3,0.185528778763424
fc,29,P_NQ_4,0.183883475793862
fc,29,P_NQ_5,0.180028240866189
fc,29,P_NQ_6,0.175579793273393
fc,29,P_NQ_7,0.183359202241193
fc,29,P_NQ_8,0.183618711536215
fc,29,P_NQ_9,0.177932500050306
fc,29,P_NQ_10,0.176900993242671
fc,29,P_NQ_11,0.17524103486636
fc,29,P_NQ_12,0.160651922768511
fc,29,P_NQ_13,0.133422181533619
fc,29,P_NQ_14,0.0978355923308642
fc,29,P_NQ_15,0.0570320570673217
fc,29,P_NQ_16,0.0170777728236493
fc,29,P_NQ_17,0.00349078704626264
fc,29,L_NQ,2.01611950189599
fc,29,pi_Q,0.3
fc,29,pi_NQ,0.7
fc,29,y,6.89366185728739
fc,29,nbar,7.21116183553031
fc,29,Ptot,4.17661644410965
fc,29,Pret,1.17378907539398
fc,29,H,456.469489947597
fc,29,cCheck,4.44089209850063e-16
fc,29,shareq,0.3
fc,29,A,1.729204302
fc,29,A_Q,2
fc,29,xpop,0.936578661
fc,29,h_Q_1,100
fc,29,mig_Q_2,-0.205947248
fc,29,med_Q_2,948.4629552
fc,29,mig_Q_3,0.002301247
fc,29,med_Q_3,-140.2576351
fc,29,mig_Q_4,0.002276801
fc,29,med_Q_4,-182.8336462
fc,29,mig_Q_5,0.001026833
fc,29,med_Q_5,-140.6788974
fc,29,mig_Q_6,0.000221344
fc,29,med_Q_6,-109.8023475
fc,29,mig_Q_7,-8.72957e-05
fc,29,med_Q_7,-54.53116117
fc,29,mig_Q_8,9.11373e-05
fc,29,med_Q_8,-31.78665775
fc,29,mig_Q_9,0.000296573
fc,29,med_Q_9,-19.54687918
fc,29,mig_Q_10,0.000323838
fc,29,med_Q_10,-11.74401999
fc,29,mig_Q_11,0.000712345
fc,29,med_Q_11,-9.217105231
fc,29,mig_Q_12,0.00157428
fc,29,med_Q_12,-6.008670674
fc,29,mig_Q_13,0.002767081
fc,29,med_Q_13,-3.88246567
fc,29,mig_Q_14,0.005033774
fc,29,med_Q_14,-2.509519391
fc,29,mig_Q_15,0.005913158
fc,29,med_Q_15,-1.170083875
fc,29,mig_Q_16,0.002548055
fc,29,med_Q_16,-0.418817831
fc,29,mig_Q_17,0.000606006
fc,29,med_Q_17,-0.114985266
fc,29,h_NQ_1,100
fc,29,mig_NQ_2,-0.477074738
fc,29,med_NQ_2,75.55386244
fc,29,mig_NQ_3,0.006602478
fc,29,med_NQ_3,-21.51984946
fc,29,mig_NQ_4,0.006668457
fc,29,med_NQ_4,-5.782646013
fc,29,mig_NQ_5,0.004095933
fc,29,med_NQ_5,-16.1468316
fc,29,mig_NQ_6,0.002864505
fc,29,med_NQ_6,-19.11614699
fc,29,mig_NQ_7,0.002997446
fc,29,med_NQ_7,-10.28060659
fc,29,mig_NQ_8,0.004240046
fc,29,med_NQ_8,-6.836177399
fc,29,mig_NQ_9,0.005452269
fc,29,med_NQ_9,-4.814240064
fc,29,mig_NQ_10,0.006323468
fc,29,med_NQ_10,-3.301426718
fc,29,mig_NQ_11,0.008350371
fc,29,med_NQ_11,-3.40420551
fc,29,mig_NQ_12,0.013515418
fc,29,med_NQ_12,-3.458280125
fc,29,mig_NQ_13,0.019403184
fc,29,med_NQ_13,-2.25696091
fc,29,mig_NQ_14,0.026189583
fc,29,med_NQ_14,-1.482571154
fc,29,mig_NQ_15,0.024266249
fc,29,med_NQ_15,-0.703119312
fc,29,mig_NQ_16,0.009220687
fc,29,med_NQ_16,-0.255178291
fc,29,mig_NQ_17,0.002071591
fc,29,med_NQ_17,-0.065876349
fc,30,beta_Q_2,0.999126400005502
fc,30,beta_Q_3,0.998851900006309
fc,30,beta_Q_4,0.998275200007838
fc,30,beta_Q_5,0.997276400011391
fc,30,beta_Q_6,0.995245400020986
fc,30,beta_Q_7,0.99229630002757
fc,30,beta_Q_8,0.987818900046274
fc,30,beta_Q_9,0.980949800081634
fc,30,beta_Q_10,0.970853600122191
fc,30,beta_Q_11,0.951765100113205
fc,30,beta_Q_12,0.917429600723758
fc,30,beta_Q_13,0.848286200025582
fc,30,beta_Q_14,0.692823465951414
fc,30,beta_Q_15,0.465064923564201
fc,30,beta_Q_16,0.272945306709456
fc,30,beta_Q_17,0.175687730710235
fc,30,h_Q_2,1144.688645
fc,30,h_Q_3,871.004267896
fc,30,h_Q_4,579.77736551656
fc,30,h_Q_5,367.161110287296
fc,30,h_Q_6,210.322635002718
fc,30,h_Q_7,129.80775463464
fc,30,h_Q_8,82.0943920814207
fc,30,h_Q_9,52.4928871886324
fc,30,h_Q_10,34.3095545076872
fc,30,h_Q_11,20.7318766728558
fc,30,h_Q_12,12.1108775520006
fc,30,h_Q_13,6.59135818804434
fc,30,h_Q_14,3.25545104302951
fc,30,h_Q_15,1.86938564521145
fc,30,h_Q_16,1.37541232452734
fc,30,h_Q_17,1.21313247442032
fc,30,P_Q_1,0.2833521261
fc,30,P_Q_2,0.0697199469311237
fc,30,P_Q_3,0.0778295359521438
fc,30,P_Q_4,0.0816417604710608
fc,30,P_Q_5,0.0796015638216456
fc,30,P_Q_6,0.0769779348418212
fc,30,P_Q_7,0.0745318017236529
fc,30,P_Q_8,0.0776285378518718
fc,30,P_Q_9,0.0773485247070974
fc,30,P_Q_10,0.0741589205148262
fc,30,P_Q_11,0.0724341848441332
fc,30,P_Q_12,0.0697571904677483
fc,30,P_Q_13,0.0604866552021655
fc,30,P_Q_14,0.0445467643106978
fc,30,P_Q_15,0.0251025009314876
fc,30,P_Q_16,0.00950757754742656
fc,30,P_Q_17,0.00194407625726675
fc,30,L_Q,1.14164225721435
fc,30,beta_NQ_2,0.994745900040001
fc,30,beta_NQ_3,0.993165000047692
fc,30,beta_NQ_4,0.991957700049225
fc,30,beta_NQ_5,0.989320400062073
fc,30,beta_NQ_6,0.984115800090073
fc,30,beta_NQ_7,0.977871800117743
fc,30,beta_NQ_8,0.96973140016252
fc,30,beta_NQ_9,0.958958900217457
fc,30,beta_NQ_10,0.945184000244609
fc,30,beta_NQ_11,0.920960100271997
fc,30,beta_NQ_12,0.868733300402307
fc,30,beta_NQ_13,0.771350100066914
fc,30,beta_NQ_14,0.581376032066868
fc,30,beta_NQ_15,0.353774709963348
fc,30,beta_NQ_16,0.193102700841009
fc,30,beta_NQ_17,0.120538499654745
fc,30,h_NQ_2,190.32755372
fc,30,h_NQ_3,146.3057790812
fc,30,h_NQ_4,124.34253882244
fc,30,h_NQ_5,93.6364657787752
fc,30,h_NQ_6,62.9556414588415
fc,30,h_NQ_7,45.1912039749791
fc,30,h_NQ_8,33.0375372507207
fc,30,h_NQ_9,24.3658186589793
fc,30,h_NQ_10,18.242848800343
fc,30,h_NQ_11,12.6518378652069
fc,30,h_NQ_12,7.61807830798248
fc,30,h_NQ_13,4.37349852057672
fc,30,h_NQ_14,2.38877676446486
fc,30,h_NQ_15,1.54744793202086
fc,30,h_NQ_16,1.2393150883683
fc,30,h_NQ_17,1.13705943520101
fc,30,P_NQ_1,0.6611549609
fc,30,P_NQ_2,0.16267987691847
fc,30,P_NQ_3,0.181602249958567
fc,30,P_NQ_4,0.19049743949644
fc,30,P_NQ_5,0.185736980693059
fc,30,P_NQ_6,0.179615179568666
fc,30,P_NQ_7,0.173907534830383
fc,30,P_NQ_8,0.181133252526228
fc,30,P_NQ_9,0.180479892782144
fc,30,P_NQ_10,0.173037479361127
fc,30,P_NQ_11,0.169013103243453
fc,30,P_NQ_12,0.162766777446243
fc,30,P_NQ_13,0.141135526644127
fc,30,P_NQ_14,0.103942444009465
fc,30,P_NQ_15,0.0585724980582187
fc,30,P_NQ_16,0.0221843366166156
fc,30,P_NQ_17,0.00453617479117356
fc,30,L_NQ,2.01118862773574
fc,30,pi_Q,0.3
fc,30,pi_NQ,0.7
fc,30,y,7.43160073389024
fc,30,nbar,7.3000481927484
fc,30,Ptot,4.18856531032055
fc,30,Pret,1.19312621024617
fc,30,H,483.066192569273
fc,30,cCheck,0
fc,30,shareq,0.3
fc,30,A,1.848222955
fc,30,A_Q,2
fc,30,xpop,0.944507087
fc,30,h_Q_1,100
fc,30,mig_Q_2,-0.210985153
fc,30,med_Q_2,1046.688645
fc,30,mig_Q_3,0.002305819
fc,30,med_Q_3,-154.5294282
fc,30,mig_Q_4,0.002278982
fc,30,med_Q_4,-201.2858369
fc,30,mig_Q_5,0.001028259
fc,30,med_Q_5,-153.8660576
fc,30,mig_Q_6,0.00022256
fc,30,med_Q_6,-119.8660443
fc,30,mig_Q_7,-8.49785e-05
fc,30,med_Q_7,-59.41796454
fc,30,mig_Q_8,8.96685e-05
fc,30,med_Q_8,-34.6431509
fc,30,mig_Q_9,0.000290567
fc,30,med_Q_9,-21.29729267
fc,30,mig_Q_10,0.000326931
fc,30,med_Q_10,-12.83620284
fc,30,mig_Q_11,0.00060469
fc,30,med_Q_11,-10.08786553
fc,30,mig_Q_12,0.001423086
fc,30,med_Q_12,-6.532635693
fc,30,mig_Q_13,0.002950679
fc,30,med_Q_13,-4.281607832
fc,30,mig_Q_14,0.005576695
fc,30,med_Q_14,-2.707846719
fc,30,mig_Q_15,0.005932779
fc,30,med_Q_15,-1.207749976
fc,30,mig_Q_16,0.003030298
fc,30,med_Q_16,-0.430003954
fc,30,mig_Q_17,0.000727162
fc,30,med_Q_17,-0.1202056
fc,30,h_NQ_1,100
fc,30,mig_NQ_2,-0.489147655
fc,30,med_NQ_2,92.32755372
fc,30,mig_NQ_3,0.006480102
fc,30,med_NQ_3,-23.77700611
fc,30,mig_NQ_4,0.006601147
fc,30,med_NQ_4,-6.530034022
fc,30,mig_NQ_5,0.00400108
fc,30,med_NQ_5,-17.73856121
fc,30,mig_NQ_6,0.002712571
fc,30,med_NQ_6,-20.95565232
fc,30,mig_NQ_7,0.002573735
fc,30,med_NQ_7,-11.25423114
fc,30,mig_NQ_8,0.003837244
fc,30,med_NQ_8,-7.487300754
fc,30,mig_NQ_9,0.005090421
fc,30,med_NQ_9,-5.270710484
fc,30,mig_NQ_10,0.005744204
fc,30,med_NQ_10,-3.623853564
fc,30,mig_NQ_11,0.00733161
fc,30,med_NQ_11,-3.73787608
fc,30,mig_NQ_12,0.01252668
fc,30,med_NQ_12,-3.77276717
fc,30,mig_NQ_13,0.019939941
fc,30,med_NQ_13,-2.495692454
fc,30,mig_NQ_14,0.028040441
fc,30,med_NQ_14,-1.601428505
fc,30,mig_NQ_15,0.024612785
fc,30,med_NQ_15,-0.725732191
fc,30,mig_NQ_16,0.01149301
fc,30,med_NQ_16,-0.261703458
fc,30,mig_NQ_17,0.002590043
fc,30,med_NQ_17,-0.069037553
fc,31,beta_Q_2,0.999201100004965
fc,31,beta_Q_3,0.99894900000589
fc,31,beta_Q_4,0.9984177000069
fc,31,beta_Q_5,0.997499600010505
fc,31,beta_Q_6,0.995633400017744
fc,31,beta_Q_7,0.992928000032689
fc,31,beta_Q_8,0.988823400037651
fc,31,beta_Q_9,0.9825352000666
fc,31,beta_Q_10,0.973275500101007
fc,31,beta_Q_11,0.955727200158588
fc,31,beta_Q_12,0.924354500154249
fc,31,beta_Q_13,0.860054901228694
fc,31,beta_Q_14,0.706900998811492
fc,31,beta_Q_15,0.475543192940749
fc,31,beta_Q_16,0.280885408102888
fc,31,beta_Q_17,0.182826800014415
fc,31,h_Q_2,1251.721117
fc,31,h_Q_3,951.4747862
fc,31,h_Q_4,631.99140493808
fc,31,h_Q_5,399.936010306229
fc,31,h_Q_6,229.01112998155
fc,31,h_Q_7,141.402715012664
fc,31,h_Q_8,89.4726481319471
fc,31,h_Q_9,57.2580275297922
fc,31,h_Q_10,37.4188478448598
fc,31,h_Q_11,22.5872318775334
fc,31,h_Q_12,13.2195569743987
fc,31,h_Q_13,7.14565930696054
fc,31,h_Q_14,3.41181647128346
fc,31,h_Q_15,1.90673441016892
fc,31,h_Q_16,1.39059893430723
fc,31,h_Q_17,1.22373077603679
fc,31,P_Q_1,0.2832225447
fc,31,P_Q_2,0.0661848316841979
fc,31,P_Q_3,0.071951826460492
fc,31,P_Q_4,0.0799783415691436
fc,31,P_Q_5,0.0824493079731718
fc,31,P_Q_6,0.0794453302279697
fc,31,P_Q_7,0.0763018258273025
fc,31,P_Q_8,0.0737128536971259
fc,31,P_Q_9,0.0764340116864232
fc,31,P_Q_10,0.0754065566760257
fc,31,P_Q_11,0.0711528644080807
fc,31,P_Q_12,0.067651708280304
fc,31,P_Q_13,0.0619447060263469
fc,31,P_Q_14,0.0479448471009724
fc,31,P_Q_15,0.0272311485391872
fc,31,P_Q_16,0.00990621281591927
fc,31,P_Q_17,0.00253638572385895
fc,31,L_Q,1.13036959545725
fc,31,beta_NQ_2,0.995207700035668
fc,31,beta_NQ_3,0.993759700042608
fc,31,beta_NQ_4,0.992647600044338
fc,31,beta_NQ_5,0.990231900055803
fc,31,beta_NQ_6,0.985464900078365
fc,31,beta_NQ_7,0.979749100110498
fc,31,beta_NQ_8,0.97229120013987
fc,31,beta_NQ_9,0.962417200193784
fc,31,beta_NQ_10,0.949751900245191
fc,31,beta_NQ_11,0.927400800261182
fc,31,beta_NQ_12,0.879296200358413
fc,31,beta_NQ_13,0.787429700165937
fc,31,beta_NQ_14,0.59719125653519
fc,31,beta_NQ_15,0.363096030026061
fc,31,beta_NQ_16,0.198786506105067
fc,31,beta_NQ_17,0.125249499392663
fc,31,h_NQ_2,208.6680717
fc,31,h_NQ_3,160.2487059956
fc,31,h_NQ_4,136.010010339576
fc,31,h_NQ_5,102.374054315991
fc,31,h_NQ_6,68.7989762631997
fc,31,h_NQ_7,49.3805213596646
fc,31,h_NQ_8,36.0896177294795
fc,31,h_NQ_9,26.6079163877063
fc,31,h_NQ_10,19.9012500017997
fc,31,h_NQ_11,13.7742564623362
fc,31,h_NQ_12,8.28474330990278
fc,31,h_NQ_13,4.70432604982283
fc,31,h_NQ_14,2.48256186216518
fc,31,h_NQ_15,1.57009533817557
fc,31,h_NQ_16,1.24810678438044
fc,31,h_NQ_17,1.14318311160093
fc,31,P_NQ_1,0.6608526043
fc,31,P_NQ_2,0.154431274646382
fc,31,P_NQ_3,0.16788759696749
fc,31,P_NQ_4,0.186616131192665
fc,31,P_NQ_5,0.192381719053419
fc,31,P_NQ_6,0.185372432361064
fc,31,P_NQ_7,0.178037591973283
fc,31,P_NQ_8,0.171996657249879
fc,31,P_NQ_9,0.178346025635362
fc,31,P_NQ_10,0.175948635023545
fc,31,P_NQ_11,0.166023348343237
fc,31,P_NQ_12,0.15785398799192
fc,31,P_NQ_13,0.144537649070729
fc,31,P_NQ_14,0.11187127646403
fc,31,P_NQ_15,0.06353933998233
fc,31,P_NQ_16,0.0231144955700468
fc,31,P_NQ_17,0.00591822965160267
fc,31,L_NQ,1.99125057735037
fc,31,pi_Q,0.3
fc,31,pi_NQ,0.7
fc,31,y,7.93513910664974
fc,31,nbar,7.31015778072302
fc,31,Ptot,4.17818429887351
fc,31,Pret,1.21258139166814
fc,31,H,505.890719307676
fc,31,cCheck,4.44089209850063e-16
fc,31,shareq,0.3
fc,31,A,1.971541027
fc,31,A_Q,2
fc,31,xpop,0.944075149
fc,31,h_Q_1,100
fc,31,mig_Q_2,-0.216919758
fc,31,med_Q_2,1153.721117
fc,31,mig_Q_3,0.002311925
fc,31,med_Q_3,-170.3200859
fc,31,mig_Q_4,0.002283046
fc,31,med_Q_4,-221.5927776
fc,31,mig_Q_5,0.001029907
fc,31,med_Q_5,-168.2458079
fc,31,mig_Q_6,0.00022224
fc,31,med_Q_6,-130.8067581
fc,31,mig_Q_7,-8.30941e-05
fc,31,med_Q_7,-64.71346729
fc,31,mig_Q_8,8.89313e-05
fc,31,med_Q_8,-37.73895141
fc,31,mig_Q_9,0.000284313
fc,31,med_Q_9,-23.19447671
fc,31,mig_Q_10,0.000312463
fc,31,med_Q_10,-14.0241816
fc,31,mig_Q_11,0.000570992
fc,31,med_Q_11,-11.03613154
fc,31,mig_Q_12,0.001198443
fc,31,med_Q_12,-7.097682165
fc,31,mig_Q_13,0.002770644
fc,31,med_Q_13,-4.723000694
fc,31,mig_Q_14,0.006038273
fc,31,med_Q_14,-3.047714553
fc,31,mig_Q_15,0.006514011
fc,31,med_Q_15,-1.283607612
fc,31,mig_Q_16,0.003054603
fc,31,med_Q_16,-0.441398998
fc,31,mig_Q_17,0.000866021
fc,31,med_Q_17,-0.124173302
fc,31,h_NQ_1,100
fc,31,mig_NQ_2,-0.503249912
fc,31,med_NQ_2,110.6680717
fc,31,mig_NQ_3,0.006319637
fc,31,med_NQ_3,-26.27229665
fc,31,mig_NQ_4,0.006474381
fc,31,med_NQ_4,-7.36965316
fc,31,mig_NQ_5,0.003918716
fc,31,med_NQ_5,-19.48163373
fc,31,mig_NQ_6,0.002585735
fc,31,med_NQ_6,-22.9647602
fc,31,mig_NQ_7,0.002396973
fc,31,med_NQ_7,-12.31600727
fc,31,mig_NQ_8,0.00335306
fc,31,med_NQ_8,-8.197762166
fc,31,mig_NQ_9,0.004646681
fc,31,med_NQ_9,-5.768870118
fc,31,mig_NQ_10,0.005361928
fc,31,med_NQ_10,-3.977252284
fc,31,mig_NQ_11,0.006662734
fc,31,med_NQ_11,-4.103735362
fc,31,mig_NQ_12,0.011026677
fc,31,med_NQ_12,-4.114057798
fc,31,mig_NQ_13,0.018987479
fc,31,med_NQ_13,-2.761390692
fc,31,mig_NQ_14,0.029818464
fc,31,med_NQ_14,-1.803466688
fc,31,mig_NQ_15,0.026767132
fc,31,med_NQ_15,-0.770905891
fc,31,mig_NQ_16,0.011803988
fc,31,med_NQ_16,-0.268392189
fc,31,mig_NQ_17,0.003244163
fc,31,med_NQ_17,-0.071345675
fc,32,beta_Q_2,0.999269100004051
fc,32,beta_Q_3,0.999037600005409
fc,32,beta_Q_4,0.998547900006572
fc,32,beta_Q_5,0.99770360000889
fc,32,beta_Q_6,0.995988100016699
fc,32,beta_Q_7,0.993505400026843
fc,32,beta_Q_8,0.989741200050571
fc,32,beta_Q_9,0.983982900051167
fc,32,beta_Q_10,0.975488100082098
fc,32,beta_Q_11,0.959352600108905
fc,32,beta_Q_12,0.930694600282621
fc,32,beta_Q_13,0.87094089970365
fc,32,beta_Q_14,0.720448003460304
fc,32,beta_Q_15,0.487967973946839
fc,32,beta_Q_16,0.291303050042397
fc,32,beta_Q_17,0.190079902031803
fc,32,h_Q_2,1368.176221
fc,32,h_Q_3,1039.06899466
fc,32,h_Q_4,688.657806176
fc,32,h_Q_5,435.464204839318
fc,32,h_Q_6,249.258456200104
fc,32,h_Q_7,153.974070801919
fc,32,h_Q_8,97.4772878724105
fc,32,h_Q_9,62.4332743593082
fc,32,h_Q_10,40.7965110391964
fc,32,h_Q_11,24.6018195179626
fc,32,h_Q_12,14.4288900889828
fc,32,h_Q_13,7.74838810391073
fc,32,h_Q_14,3.57715205882133
fc,32,h_Q_15,1.95300216085779
fc,32,h_Q_16,1.41104029496554
fc,32,h_Q_17,1.23468968862108
fc,32,P_Q_1,0.2793091446
fc,32,P_Q_2,0.0668246582104452
fc,32,P_Q_3,0.0684317514264877
fc,32,P_Q_4,0.07412651408598
fc,32,P_Q_5,0.0808111477247242
fc,32,P_Q_6,0.0823117918264391
fc,32,P_Q_7,0.0787999932551945
fc,32,P_Q_8,0.0755384868436339
fc,32,P_Q_9,0.0727043294547856
fc,32,P_Q_10,0.0746869129488298
fc,32,P_Q_11,0.072595159285578
fc,32,P_Q_12,0.0668715004144745
fc,32,P_Q_13,0.0606186892829693
fc,32,P_Q_14,0.0499259085611089
fc,32,P_Q_15,0.0299110906754525
fc,32,P_Q_16,0.01102520827054
fc,32,P_Q_17,0.0027762241893963
fc,32,L_Q,1.116716410875
fc,32,beta_NQ_2,0.995627800032365
fc,32,beta_NQ_3,0.994301400037895
fc,32,beta_NQ_4,0.993276500039549
fc,32,beta_NQ_5,0.991063400050626
fc,32,beta_NQ_6,0.98669650007128
fc,32,beta_NQ_7,0.981464100096166
fc,32,beta_NQ_8,0.974632000133309
fc,32,beta_NQ_9,0.965583600165624
fc,32,beta_NQ_10,0.953941300216055
fc,32,beta_NQ_11,0.933326700278642
fc,32,beta_NQ_12,0.889069100360612
fc,32,beta_NQ_13,0.802548500099496
fc,32,beta_NQ_14,0.612639979588461
fc,32,beta_NQ_15,0.374459167163718
fc,32,beta_NQ_16,0.206698508885527
fc,32,beta_NQ_17,0.13006720557363
fc,32,h_NQ_2,228.717808
fc,32,h_NQ_3,175.481697256
fc,32,h_NQ_4,148.732059198688
fc,32,h_NQ_5,111.899380082784
fc,32,h_NQ_6,75.1681888196714
fc,32,h_NQ_7,53.9493631179357
fc,32,h_NQ_8,39.4197414064713
fc,32,h_NQ_9,29.0559151938899
fc,32,h_NQ_10,21.7114247689522
fc,32,h_NQ_11,14.9985076527637
fc,32,h_NQ_12,9.01462081008943
fc,32,h_NQ_13,5.06453483170472
fc,32,h_NQ_14,2.58157119482637
fc,32,h_NQ_15,1.59861649092188
fc,32,h_NQ_16,1.26055478441206
fc,32,h_NQ_17,1.14951408369283
fc,32,P_NQ_1,0.6517213374
fc,32,P_NQ_2,0.155924203387985
fc,32,P_NQ_3,0.159674087169786
fc,32,P_NQ_4,0.17296186720699
fc,32,P_NQ_5,0.188559346171975
fc,32,P_NQ_6,0.192060848543882
fc,32,P_NQ_7,0.183866647791046
fc,32,P_NQ_8,0.176256467969716
fc,32,P_NQ_9,0.169643432313118
fc,32,P_NQ_10,0.174269461748363
fc,32,P_NQ_11,0.169388707925698
fc,32,P_NQ_12,0.15603349836899
fc,32,P_NQ_13,0.141443611434475
fc,32,P_NQ_14,0.116493926265191
fc,32,P_NQ_15,0.0697925173580372
fc,32,P_NQ_16,0.0257254813953094
fc,32,P_NQ_17,0.00647785499886228
fc,32,L_NQ,1.96712806097005
fc,32,pi_Q,0.3
fc,32,pi_NQ,0.7
fc,32,y,8.4472119227146
fc,32,nbar,7.28872539797073
fc,32,Ptot,4.15756180850546
fc,32,Pret,1.22803575312327
fc,32,H,533.167609229056
fc,32,cCheck,0
fc,32,shareq,0.3
fc,32,A,2.103087189
fc,32,A_Q,2
fc,32,xpop,0.931030482
fc,32,h_Q_1,100
fc,32,mig_Q_2,-0.21617162
fc,32,med_Q_2,1270.176221
fc,32,mig_Q_3,0.00231648
fc,32,med_Q_3,-187.6177
fc,32,mig_Q_4,0.002288537
fc,32,med_Q_4,-243.7874843
fc,32,mig_Q_5,0.001032784
fc,32,med_Q_5,-183.887372
fc,32,mig_Q_6,0.000222507
fc,32,med_Q_6,-142.6788339
fc,32,mig_Q_7,-8.34996e-05
fc,32,med_Q_7,-70.45683658
fc,32,mig_Q_8,8.9456e-05
fc,32,med_Q_8,-41.09737284
fc,32,mig_Q_9,0.000278856
fc,32,med_Q_9,-25.24992081
fc,32,mig_Q_10,0.000295562
fc,32,med_Q_10,-15.31635594
fc,32,mig_Q_11,0.000527062
fc,32,med_Q_11,-12.06865137
fc,32,mig_Q_12,0.00110103
fc,32,med_Q_12,-7.706597151
fc,32,mig_Q_13,0.002434506
fc,32,med_Q_13,-5.206777731
fc,32,mig_Q_14,0.006137134
fc,32,med_Q_14,-3.425594062
fc,32,mig_Q_15,0.007111245
fc,32,med_Q_15,-1.390577981
fc,32,mig_Q_16,0.003376376
fc,32,med_Q_16,-0.457559427
fc,32,mig_Q_17,0.000965103
fc,32,med_Q_17,-0.128097267
fc,32,h_NQ_1,100
fc,32,mig_NQ_2,-0.501761397
fc,32,med_NQ_2,130.717808
fc,32,mig_NQ_3,0.00620651
fc,32,med_NQ_3,-29.01301301
fc,32,mig_NQ_4,0.006308647
fc,32,med_NQ_4,-8.311672677
fc,32,mig_NQ_5,0.0037661
fc,32,med_NQ_5,-21.39043005
fc,32,mig_NQ_6,0.002475417
fc,32,med_NQ_6,-25.15838441
fc,32,mig_NQ_7,0.002248174
fc,32,med_NQ_7,-13.47363362
fc,32,mig_NQ_8,0.003152084
fc,32,med_NQ_8,-8.973169526
fc,32,mig_NQ_9,0.004110891
fc,32,med_NQ_9,-6.311910181
fc,32,mig_NQ_10,0.004884985
fc,32,med_NQ_10,-4.364333291
fc,32,mig_NQ_11,0.006213803
fc,32,med_NQ_11,-4.504717349
fc,32,mig_NQ_12,0.010049799
fc,32,med_NQ_12,-4.484150523
fc,32,mig_NQ_13,0.017144693
fc,32,med_NQ_13,-3.054513612
fc,32,mig_NQ_14,0.030177306
fc,32,med_NQ_14,-2.028668334
fc,32,mig_NQ_15,0.029172501
fc,32,med_NQ_15,-0.834294134
fc,32,mig_NQ_16,0.013094718
fc,32,med_NQ_16,-0.278138647
fc,32,mig_NQ_17,0.003582776
fc,32,med_NQ_17,-0.073630565
fc,33,beta_Q_2,0.999331100003848
fc,33,beta_Q_3,0.99911830000427
fc,33,beta_Q_4,0.998666800006164
fc,33,beta_Q_5,0.997890200009164
fc,33,beta_Q_6,0.996312500012747
fc,33,beta_Q_7,0.994033200025952
fc,33,beta_Q_8,0.990580000040723
fc,33,beta_Q_9,0.985305400080463
fc,33,beta_Q_10,0.977510000054601
fc,33,beta_Q_11,0.962670300082601
fc,33,beta_Q_12,0.936498500182189
fc,33,beta_Q_13,0.88100390014641
fc,33,beta_Q_14,0.733422297417913
fc,33,beta_Q_15,0.500254993343758
fc,33,beta_Q_16,0.303879367492908
fc,33,beta_Q_17,0.199849538965479
fc,33,h_Q_2,1494.991778
fc,33,h_Q_3,1134.17262098
fc,33,h_Q_4,750.0750079668
fc,33,h_Q_5,473.97857645248
fc,33,h_Q_6,271.186440642532
fc,33,h_Q_7,167.594020346102
fc,33,h_Q_8,106.157112565881
fc,33,h_Q_9,68.0522097349623
fc,33,h_Q_10,44.464206232122
fc,33,h_Q_11,26.7883213184125
fc,33,h_Q_12,15.7476594726033
fc,33,h_Q_13,8.40363674620311
fc,33,h_Q_14,3.75125147483252
fc,33,h_Q_15,2.00101976264491
fc,33,h_Q_16,1.43653247264063
fc,33,h_Q_17,1.24976492106623
fc,33,P_Q_1,0.2728829697
fc,33,P_Q_2,0.0680530875473432
fc,33,P_Q_3,0.0690791191597449
fc,33,P_Q_4,0.070625268680691
fc,33,P_Q_5,0.074993456959692
fc,33,P_Q_6,0.0807093744825169
fc,33,P_Q_7,0.0816939958654526
fc,33,P_Q_8,0.0780791852883731
fc,33,P_Q_9,0.0746060143498758
fc,33,P_Q_10,0.0711997692075917
fc,33,P_Q_11,0.0721264721315673
fc,33,P_Q_12,0.0685634817537442
fc,33,P_Q_13,0.0605398167355155
fc,33,P_Q_14,0.0495108806662957
fc,33,P_Q_15,0.0318012424480195
fc,33,P_Q_16,0.012408367943854
fc,33,P_Q_17,0.00319390850794446
fc,33,L_Q,1.10641660729318
fc,33,beta_NQ_2,0.996010100027693
fc,33,beta_NQ_3,0.994794500034543
fc,33,beta_NQ_4,0.993849800034964
fc,33,beta_NQ_5,0.991821900044768
fc,33,beta_NQ_6,0.987820900065339
fc,33,beta_NQ_7,0.983030700088044
fc,33,beta_NQ_8,0.976772100115308
fc,33,beta_NQ_9,0.968481400160999
fc,33,beta_NQ_10,0.957781700181515
fc,33,beta_NQ_11,0.938775200242247
fc,33,beta_NQ_12,0.898099100429958
fc,33,beta_NQ_13,0.816738200140866
fc,33,beta_NQ_14,0.627654083587172
fc,33,beta_NQ_15,0.385817471492571
fc,33,beta_NQ_16,0.216589118704366
fc,33,beta_NQ_17,0.136997204856169
fc,33,h_NQ_2,250.6328479
fc,33,h_NQ_3,192.10450488
fc,33,h_NQ_4,162.59633832788
fc,33,h_NQ_5,122.277790684714
fc,33,h_NQ_6,82.1078733311287
fc,33,h_NQ_7,58.929949963278
fc,33,h_NQ_8,43.051674915577
fc,33,h_NQ_9,31.7272975323419
fc,33,h_NQ_10,23.6864108600121
fc,33,h_NQ_11,16.3332505785731
fc,33,h_NQ_12,9.8134560187084
fc,33,h_NQ_13,5.45667454688764
fc,33,h_NQ_14,2.68566758207063
fc,33,h_NQ_15,1.62818028292984
fc,33,h_NQ_16,1.27646934510344
fc,33,h_NQ_17,1.15874479372381
fc,33,P_NQ_1,0.6367269293
fc,33,P_NQ_2,0.158790539389713
fc,33,P_NQ_3,0.161184611728467
fc,33,P_NQ_4,0.164792293451015
fc,33,P_NQ_5,0.174984735193265
fc,33,P_NQ_6,0.188321875923617
fc,33,P_NQ_7,0.190619324879827
fc,33,P_NQ_8,0.182184762694394
fc,33,P_NQ_9,0.174080699894675
fc,33,P_NQ_10,0.166132794393891
fc,33,P_NQ_11,0.168295099692934
fc,33,P_NQ_12,0.159981460166747
fc,33,P_NQ_13,0.14125957108131
fc,33,P_NQ_14,0.115525530222135
fc,33,P_NQ_15,0.074202938608895
fc,33,P_NQ_16,0.0289528442692735
fc,33,P_NQ_17,0.00745245247712429
fc,33,L_NQ,1.94897113051893
fc,33,pi_Q,0.3
fc,33,pi_NQ,0.7
fc,33,y,9.01861535392873
fc,33,nbar,7.29772216972678
fc,33,Ptot,4.1335548747955
fc,33,Pret,1.23114663030684
fc,33,H,567.527611829157
fc,33,cCheck,0
fc,33,shareq,0.3
fc,33,A,2.243410441
fc,33,A_Q,2
fc,33,xpop,0.909609899
fc,33,h_Q_1,100
fc,33,mig_Q_2,-0.21105191
fc,33,med_Q_2,1396.991778
fc,33,mig_Q_3,0.002318773
fc,33,med_Q_3,-206.6400756
fc,33,mig_Q_4,0.002292887
fc,33,med_Q_4,-268.2126068
fc,33,mig_Q_5,0.001037167
fc,33,med_Q_5,-200.9060736
fc,33,mig_Q_6,0.000222433
fc,33,med_Q_6,-155.5684801
fc,33,mig_Q_7,-8.32138e-05
fc,33,med_Q_7,-76.67926673
fc,33,mig_Q_8,8.75854e-05
fc,33,med_Q_8,-44.73747682
fc,33,mig_Q_9,0.000277435
fc,33,med_Q_9,-27.47553238
fc,33,mig_Q_10,0.000277561
fc,33,med_Q_10,-16.72040264
fc,33,mig_Q_11,0.000475388
fc,33,med_Q_11,-13.1922595
fc,33,mig_Q_12,0.000999559
fc,33,med_Q_12,-8.362123655
fc,33,mig_Q_13,0.002298692
fc,33,med_Q_13,-5.736675541
fc,33,mig_Q_14,0.005838267
fc,33,med_Q_14,-3.842168867
fc,33,mig_Q_15,0.007438998
fc,33,med_Q_15,-1.504589255
fc,33,mig_Q_16,0.003695176
fc,33,med_Q_16,-0.477409645
fc,33,mig_Q_17,0.001098238
fc,33,med_Q_17,-0.133054568
fc,33,h_NQ_1,100
fc,33,mig_NQ_2,-0.490081342
fc,33,med_NQ_2,152.6328479
fc,33,mig_NQ_3,0.006148958
fc,33,med_NQ_3,-32.03894696
fc,33,mig_NQ_4,0.006191775
fc,33,med_NQ_4,-9.375724983
fc,33,mig_NQ_5,0.003568559
fc,33,med_NQ_5,-23.47962733
fc,33,mig_NQ_6,0.002271029
fc,33,med_NQ_6,-27.55351915
fc,33,mig_NQ_7,0.002118497
fc,33,med_NQ_7,-14.73487508
fc,33,mig_NQ_8,0.002982444
fc,33,med_NQ_8,-9.81870094
fc,33,mig_NQ_9,0.003890345
fc,33,med_NQ_9,-6.904049046
fc,33,mig_NQ_10,0.004302918
fc,33,med_NQ_10,-4.78838603
fc,33,mig_NQ_11,0.005644758
fc,33,med_NQ_11,-4.943945695
fc,33,mig_NQ_12,0.009383194
fc,33,med_NQ_12,-4.885081481
fc,33,mig_NQ_13,0.016035121
fc,33,med_NQ_13,-3.377653847
fc,33,mig_NQ_14,0.028871519
fc,33,med_NQ_14,-2.277576553
fc,33,mig_NQ_15,0.03058072
fc,33,med_NQ_15,-0.901759488
fc,33,mig_NQ_16,0.014526835
fc,33,med_NQ_16,-0.290174816
fc,33,mig_NQ_17,0.004106411
fc,33,med_NQ_17,-0.076598895
fc,34,beta_Q_2,0.999387600003082
fc,34,beta_Q_3,0.999192000004174
fc,34,beta_Q_4,0.998775500004561
fc,34,beta_Q_5,0.998060900008674
fc,34,beta_Q_6,0.996609400015466
fc,34,beta_Q_7,0.994516100018804
fc,34,beta_Q_8,0.991347000040712
fc,34,beta_Q_9,0.986513900063244
fc,34,beta_Q_10,0.979358000120197
fc,34,beta_Q_11,0.96570680003116
fc,34,beta_Q_12,0.941810400130737
fc,34,beta_Q_13,0.890301199915984
fc,34,beta_Q_14,0.745840599275976
fc,34,beta_Q_15,0.512354776424236
fc,34,beta_Q_16,0.316518299435644
fc,34,beta_Q_17,0.211702231823928
fc,34,h_Q_2,1632.91966
fc,34,h_Q_3,1237.62376284
fc,34,h_Q_4,816.6598610604
fc,34,h_Q_5,515.703161707464
fc,34,h_Q_6,294.93305052343
fc,34,h_Q_7,182.351975749681
fc,34,h_Q_8,115.56685552918
fc,34,h_Q_9,74.1504215845631
fc,34,h_Q_10,48.4449182102631
fc,34,h_Q_11,29.1602999174796
fc,34,h_Q_12,17.1852014350442
fc,34,h_Q_13,9.11586996915126
fc,34,h_Q_14,3.93453870727905
fc,34,h_Q_15,2.05067039033587
fc,34,h_Q_16,1.46309679139201
fc,34,h_Q_17,1.26855610818782
fc,34,P_Q_1,0.2665561473
fc,34,P_Q_2,0.0688999292826177
fc,34,P_Q_3,0.0703138001403434
fc,34,P_Q_4,0.071282195878507
fc,34,P_Q_5,0.0715170524894757
fc,34,P_Q_6,0.0749405245881091
fc,34,P_Q_7,0.0801450424889491
fc,34,P_Q_8,0.0810113898277268
fc,34,P_Q_9,0.0772048378985171
fc,34,P_Q_10,0.0731990330912207
fc,34,P_Q_11,0.0689577981888842
fc,34,P_Q_12,0.0684328579746452
fc,34,P_Q_13,0.0625715878326659
fc,34,P_Q_14,0.0503068294754212
fc,34,P_Q_15,0.0320200662781614
fc,34,P_Q_16,0.0135383444405928
fc,34,P_Q_17,0.00375145061289325
fc,34,L_Q,1.095134241961
fc,34,beta_NQ_2,0.996358100025542
fc,34,beta_NQ_3,0.995243800029205
fc,34,beta_NQ_4,0.994372700032295
fc,34,beta_NQ_5,0.992514000039826
fc,34,beta_NQ_6,0.988847600057919
fc,34,beta_NQ_7,0.984461900081442
fc,34,beta_NQ_8,0.978728200106791
fc,34,beta_NQ_9,0.971132900138259
fc,34,beta_NQ_10,0.961300700181115
fc,34,beta_NQ_11,0.943781400192425
fc,34,beta_NQ_12,0.906432000373016
fc,34,beta_NQ_13,0.83003340034535
fc,34,beta_NQ_14,0.642230985309805
fc,34,beta_NQ_15,0.397119873183648
fc,34,beta_NQ_16,0.226629921509611
fc,34,beta_NQ_17,0.145706808057655
fc,34,h_NQ_2,274.581949
fc,34,h_NQ_3,210.251881712
fc,34,h_NQ_4,177.7051161624
fc,34,h_NQ_5,133.582687681322
fc,34,h_NQ_6,89.6667981810199
fc,34,h_NQ_7,64.3579330845062
fc,34,h_NQ_8,47.0105961840124
fc,34,h_NQ_9,34.6415123002654
fc,34,h_NQ_10,25.8402606766951
fc,34,h_NQ_11,17.7877072618119
fc,34,h_NQ_12,10.6874145010016
fc,34,h_NQ_13,5.88350888133423
fc,34,h_NQ_14,2.79509181594989
fc,34,h_NQ_15,1.65870432942921
fc,34,h_NQ_16,1.29304197227125
fc,34,h_NQ_17,1.17055830320137
fc,34,P_NQ_1,0.6219643437
fc,34,P_NQ_2,0.160766499542419
fc,34,P_NQ_3,0.164065536242405
fc,34,P_NQ_4,0.16632512613505
fc,34,P_NQ_5,0.166873123603321
fc,34,P_NQ_6,0.174861227616306
fc,34,P_NQ_7,0.187005100531087
fc,34,P_NQ_8,0.189026578285431
fc,34,P_NQ_9,0.180144620062266
fc,34,P_NQ_10,0.17079774271391
fc,34,P_NQ_11,0.160901527323929
fc,34,P_NQ_12,0.159676666640994
fc,34,P_NQ_13,0.146000372832496
fc,34,P_NQ_14,0.117382738634957
fc,34,P_NQ_15,0.0747135279631427
fc,34,P_NQ_16,0.0315894730785747
fc,34,P_NQ_17,0.00875338073752642
fc,34,L_NQ,1.92913608482335
fc,34,pi_Q,0.3
fc,34,pi_NQ,0.7
fc,34,y,9.63553038555121
fc,34,nbar,7.31416745733406
fc,34,Ptot,4.11549647343254
fc,34,Pret,1.24259339782001
fc,34,H,608.609148681408
fc,34,cCheck,-4.44089209850063e-16
fc,34,shareq,0.3
fc,34,A,2.393096413
fc,34,A_Q,2
fc,34,xpop,0.888520491
fc,34,h_Q_1,100
fc,34,mig_Q_2,-0.203800509
fc,34,med_Q_2,1534.91966
fc,34,mig_Q_3,0.002320715
fc,34,med_Q_3,-227.4681796
fc,34,mig_Q_4,0.002295173
fc,34,med_Q_4,-294.8293075
fc,34,mig_Q_5,0.001040789
fc,34,med_Q_5,-219.3703461
fc,34,mig_Q_6,0.000223606
fc,34,med_Q_6,-169.5659544
fc,34,mig_Q_7,-8.27553e-05
fc,34,med_Q_7,-83.41073608
fc,34,mig_Q_8,8.69514e-05
fc,34,med_Q_8,-48.67528441
fc,34,mig_Q_9,0.000272995
fc,34,med_Q_9,-29.88354873
fc,34,mig_Q_10,0.000270908
fc,34,med_Q_10,-18.24624733
fc,34,mig_Q_11,0.000415895
fc,34,med_Q_11,-14.41462219
fc,34,mig_Q_12,0.000886525
fc,34,med_Q_12,-9.067353457
fc,34,mig_Q_13,0.002166893
fc,34,med_Q_13,-6.316836314
fc,34,mig_Q_14,0.005905578
fc,34,med_Q_14,-4.301025304
fc,34,mig_Q_15,0.007252001
fc,34,med_Q_15,-1.625556055
fc,34,mig_Q_16,0.003874603
fc,34,med_Q_16,-0.497902576
fc,34,mig_Q_17,0.001271644
fc,34,med_Q_17,-0.139245715
fc,34,h_NQ_1,100
fc,34,mig_NQ_2,-0.473419953
fc,34,med_NQ_2,176.581949
fc,34,mig_NQ_3,0.006101581
fc,34,med_NQ_3,-35.36830923
fc,34,mig_NQ_4,0.006131832
fc,34,med_NQ_4,-10.55729862
fc,34,mig_NQ_5,0.003428518
fc,34,med_NQ_5,-25.76172388
fc,34,mig_NQ_6,0.002007649
fc,34,med_NQ_6,-30.16543669
fc,34,mig_NQ_7,0.001878915
fc,34,med_NQ_7,-16.10778278
fc,34,mig_NQ_8,0.00283494
fc,34,med_NQ_8,-10.74075478
fc,34,mig_NQ_9,0.003702066
fc,34,med_NQ_9,-7.549129117
fc,34,mig_NQ_10,0.004066434
fc,34,med_NQ_10,-5.252490905
fc,34,mig_NQ_11,0.00494018
fc,34,med_NQ_11,-5.424975381
fc,34,mig_NQ_12,0.008530989
fc,34,med_NQ_12,-5.319171066
fc,34,mig_NQ_13,0.015337403
fc,34,med_NQ_13,-3.733678017
fc,34,mig_NQ_14,0.028720592
fc,34,med_NQ_14,-2.55244924
fc,34,mig_NQ_15,0.03014176
fc,34,med_NQ_15,-0.973249901
fc,34,mig_NQ_16,0.015517924
fc,34,med_NQ_16,-0.302574705
fc,34,mig_NQ_17,0.004786922
fc,34,med_NQ_17,-0.080381655
fc,35,beta_Q_2,0.99943910000293
fc,35,beta_Q_3,0.99925920000321
fc,35,beta_Q_4,0.998875000004838
fc,35,beta_Q_5,0.998217000005663
fc,35,beta_Q_6,0.996881100014151
fc,35,beta_Q_7,0.994957800025594
fc,35,beta_Q_8,0.992048400026808
fc,35,beta_Q_9,0.987618300065522
fc,35,beta_Q_10,0.981047400091141
fc,35,beta_Q_11,0.968486200199883
fc,35,beta_Q_12,0.946671900020683
fc,35,beta_Q_13,0.898886899824713
fc,35,beta_Q_14,0.757719698206412
fc,35,beta_Q_15,0.524262384130702
fc,35,beta_Q_16,0.329157368970759
fc,35,beta_Q_17,0.22375696978696
fc,35,h_Q_2,1782.848993
fc,35,h_Q_3,1349.8920083
fc,35,h_Q_4,888.8888893832
fc,35,h_Q_5,560.852495639192
fc,35,h_Q_6,320.625862073315
fc,35,h_Q_7,198.326127802962
fc,35,h_Q_8,125.760853124688
fc,35,h_Q_9,80.7643539485964
fc,35,h_Q_10,52.7632093128719
fc,35,h_Q_11,31.7321301360578
fc,35,h_Q_12,18.75183994213
fc,35,h_Q_13,9.88991530834334
fc,35,h_Q_14,4.12745069476824
fc,35,h_Q_15,2.10199819013347
fc,35,h_Q_16,1.49066238152915
fc,35,h_Q_17,1.28825625856417
fc,35,P_Q_1,0.2625270279
fc,35,P_Q_2,0.0686167203162151
fc,35,P_Q_3,0.0711668861400449
fc,35,P_Q_4,0.0725246548923922
fc,35,P_Q_5,0.0721866565730973
fc,35,P_Q_6,0.071500047772411
fc,35,P_Q_7,0.0744493036467295
fc,35,P_Q_8,0.0795372315395551
fc,35,P_Q_9,0.0801893791284946
fc,35,P_Q_10,0.0758730366438957
fc,35,P_Q_11,0.0710834880118977
fc,35,P_Q_12,0.0657041245044077
fc,35,P_Q_13,0.0629227495685068
fc,35,P_Q_14,0.0526468205667649
fc,35,P_Q_15,0.0333607233684916
fc,35,P_Q_16,0.0138983629261803
fc,35,P_Q_17,0.00431255073327455
fc,35,L_Q,1.08340436943984
fc,35,beta_NQ_2,0.996674600022679
fc,35,beta_NQ_3,0.995652800027067
fc,35,beta_NQ_4,0.994849500026568
fc,35,beta_NQ_5,0.993145400037061
fc,35,beta_NQ_6,0.98978510005142
fc,35,beta_NQ_7,0.985769000073407
fc,35,beta_NQ_8,0.980516300099409
fc,35,beta_NQ_9,0.973558100129307
fc,35,beta_NQ_10,0.964524000153219
fc,35,beta_NQ_11,0.94837860020566
fc,35,beta_NQ_12,0.914113700281407
fc,35,beta_NQ_13,0.842470900251059
fc,35,beta_NQ_14,0.656369384900565
fc,35,beta_NQ_15,0.408358575984497
fc,35,beta_NQ_16,0.236769321574473
fc,35,beta_NQ_17,0.154645610028818
fc,35,h_NQ_2,300.7157034
fc,35,h_NQ_3,230.03312479
fc,35,h_NQ_4,194.15590714776
fc,35,h_NQ_5,145.887433289152
fc,35,h_NQ_6,97.8962104376959
fc,35,h_NQ_7,70.2691307773995
fc,35,h_NQ_8,51.324953682816
fc,35,h_NQ_9,37.8187649103322
fc,35,h_NQ_10,28.1880707992601
fc,35,h_NQ_11,19.3718109161612
fc,35,h_NQ_12,11.6433004935756
fc,35,h_NQ_13,6.34803347498161
fc,35,h_NQ_14,2.91009325470755
fc,35,h_NQ_15,1.69021273563089
fc,35,h_NQ_16,1.31021982884063
fc,35,h_NQ_17,1.18293581882582
fc,35,P_NQ_1,0.6125630651
fc,35,P_NQ_2,0.160105680772565
fc,35,P_NQ_3,0.16605606792199
fc,35,P_NQ_4,0.169224198255606
fc,35,P_NQ_5,0.168435535247427
fc,35,P_NQ_6,0.166833444789312
fc,35,P_NQ_7,0.173715046389722
fc,35,P_NQ_8,0.18558687345358
fc,35,P_NQ_9,0.187108552173542
fc,35,P_NQ_10,0.177037084399717
fc,35,P_NQ_11,0.165861471768239
fc,35,P_NQ_12,0.153309622275302
fc,35,P_NQ_13,0.146819748567835
fc,35,P_NQ_14,0.122842727299813
fc,35,P_NQ_15,0.0778417302806632
fc,35,P_NQ_16,0.0324295159779932
fc,35,P_NQ_17,0.0100626172905023
fc,35,L_NQ,1.90853145180022
fc,35,pi_Q,0.3
fc,35,pi_NQ,0.7
fc,35,y,10.3016557486599
fc,35,nbar,7.33778235355373
fc,35,Ptot,4.10833274619617
fc,35,Pret,1.26600637418349
fc,35,H,653.94523096878
fc,35,cCheck,4.44089209850063e-16
fc,35,shareq,0.3
fc,35,A,2.552769808
fc,35,A_Q,2
fc,35,xpop,0.875090093
fc,35,h_Q_1,100
fc,35,mig_Q_2,-0.197776188
fc,35,med_Q_2,1684.848993
fc,35,mig_Q_3,0.002322628
fc,35,med_Q_3,-250.3692585
fc,35,mig_Q_4,0.002296954
fc,35,med_Q_4,-323.9823982
fc,35,mig_Q_5,0.001042684
fc,35,med_Q_5,-239.4741682
fc,35,mig_Q_6,0.000225481
fc,35,med_Q_6,-184.7632364
fc,35,mig_Q_7,-8.02546e-05
fc,35,med_Q_7,-90.70826171
fc,35,mig_Q_8,8.56841e-05
fc,35,med_Q_8,-52.94408311
fc,35,mig_Q_9,0.000270517
fc,35,med_Q_9,-32.49116447
fc,35,mig_Q_10,0.000261861
fc,35,med_Q_10,-19.90420384
fc,35,mig_Q_11,0.000394684
fc,35,med_Q_11,-15.74388971
fc,35,mig_Q_12,0.000758953
fc,35,med_Q_12,-9.825253977
fc,35,mig_Q_13,0.001996894
fc,35,med_Q_13,-6.951582098
fc,35,mig_Q_14,0.00597839
fc,35,med_Q_14,-4.806101875
fc,35,mig_Q_15,0.007585779
fc,35,med_Q_15,-1.753849743
fc,35,mig_Q_16,0.003763426
fc,35,med_Q_16,-0.518994601
fc,35,mig_Q_17,0.001446453
fc,35,med_Q_17,-0.145578597
fc,35,h_NQ_1,100
fc,35,mig_NQ_2,-0.459593531
fc,35,med_NQ_2,202.7157034
fc,35,mig_NQ_3,0.006054206
fc,35,med_NQ_3,-39.05718523
fc,35,mig_NQ_4,0.006081908
fc,35,med_NQ_4,-11.89093693
fc,35,mig_NQ_5,0.003355519
fc,35,med_NQ_5,-28.26358055
fc,35,mig_NQ_6,0.001821357
fc,35,med_NQ_6,-33.01482349
fc,35,mig_NQ_7,0.00157083
fc,35,med_NQ_7,-17.60433144
fc,35,mig_NQ_8,0.002559708
fc,35,med_NQ_8,-11.74582074
fc,35,mig_NQ_9,0.003538623
fc,35,med_NQ_9,-8.25161935
fc,35,mig_NQ_10,0.003863935
fc,35,med_NQ_10,-5.760611255
fc,35,mig_NQ_11,0.004665739
fc,35,med_NQ_11,-5.951644547
fc,35,mig_NQ_12,0.007463329
fc,35,med_NQ_12,-5.788652623
fc,35,mig_NQ_13,0.014282782
fc,35,med_NQ_13,-4.125632736
fc,35,mig_NQ_14,0.029076764
fc,35,med_NQ_14,-2.855745449
fc,35,mig_NQ_15,0.031226712
fc,35,med_NQ_15,-1.048977244
fc,35,mig_NQ_16,0.015497195
fc,35,med_NQ_16,-0.315310414
fc,35,mig_NQ_17,0.005459816
fc,35,med_NQ_17,-0.084245314
fc,36,beta_Q_2,0.999486100002423
fc,36,beta_Q_3,0.999320600003142
fc,36,beta_Q_4,0.998965900003381
fc,36,beta_Q_5,0.998359900006839
fc,36,beta_Q_6,0.997129900007867
fc,36,beta_Q_7,0.995362200023692
fc,36,beta_Q_8,0.992690100042264
fc,36,beta_Q_9,0.988628000039784
fc,36,beta_Q_10,0.982592400098441
fc,36,beta_Q_11,0.971031100136121
fc,36,beta_Q_12,0.951120700425128
fc,36,beta_Q_13,0.906811999552915
fc,36,beta_Q_14,0.769077097730359
fc,36,beta_Q_15,0.535973181667229
fc,36,beta_Q_16,0.341780584233152
fc,36,beta_Q_17,0.235953329672189
fc,36,h_Q_2,1945.903872
fc,36,h_Q_3,1471.88695934
fc,36,h_Q_4,967.024465434
fc,36,h_Q_5,609.718920095536
fc,36,h_Q_6,348.419915526408
fc,36,h_Q_7,215.619475131848
fc,36,h_Q_8,136.800777336902
fc,36,h_Q_9,87.9352796021941
fc,36,h_Q_10,57.4461730396245
fc,36,h_Q_11,34.5197781466144
fc,36,h_Q_12,20.4585582033367
fc,36,h_Q_13,10.7309953262874
fc,36,h_Q_14,4.33044964417647
fc,36,h_Q_15,2.15504698187287
fc,36,h_Q_16,1.5192500263308
fc,36,h_Q_17,1.30882048689857
fc,36,P_Q_1,0.2611496442
fc,36,P_Q_2,0.0667486674908202
fc,36,P_Q_3,0.0708905500500251
fc,36,P_Q_4,0.0733855463934816
fc,36,P_Q_5,0.0734394104331298
fc,36,P_Q_6,0.0721877926109329
fc,36,P_Q_7,0.0710624787333629
fc,36,P_Q_8,0.073943785665848
fc,36,P_Q_9,0.0788189434050132
fc,36,P_Q_10,0.0789253739089324
fc,36,P_Q_11,0.073853758956873
fc,36,P_Q_12,0.0680017496563207
fc,36,P_Q_13,0.060835200781464
fc,36,P_Q_14,0.0535830688133666
fc,36,P_Q_15,0.0354778056672334
fc,36,P_Q_16,0.014956384930934
fc,36,P_Q_17,0.00467479957336152
fc,36,L_Q,1.06929728366033
fc,36,beta_NQ_2,0.996962800020183
fc,36,beta_NQ_3,0.996025900024401
fc,36,beta_NQ_4,0.99528450002507
fc,36,beta_NQ_5,0.99372170002992
fc,36,beta_NQ_6,0.990640900048467
fc,36,beta_NQ_7,0.986963100063995
fc,36,beta_NQ_8,0.982150400089985
fc,36,beta_NQ_9,0.975776100121519
fc,36,beta_NQ_10,0.967475600144764
fc,36,beta_NQ_11,0.952598600166567
fc,36,beta_NQ_12,0.921187900336114
fc,36,beta_NQ_13,0.854089100044522
fc,36,beta_NQ_14,0.670069880789206
fc,36,beta_NQ_15,0.419525880663102
fc,36,beta_NQ_16,0.246996423724605
fc,36,beta_NQ_17,0.16376980933831
fc,36,h_NQ_2,329.2506256
fc,36,h_NQ_3,251.629299742
fc,36,h_NQ_4,212.0665889242
fc,36,h_NQ_5,159.278785614805
fc,36,h_NQ_6,106.847880703369
fc,36,h_NQ_7,76.705351728942
fc,36,h_NQ_8,56.0236644018515
fc,36,h_NQ_9,41.2815442631597
fc,36,h_NQ_10,30.7461475031255
fc,36,h_NQ_11,21.0964233032749
fc,36,h_NQ_12,12.6884069838379
fc,36,h_NQ_13,6.85349757070412
fc,36,h_NQ_14,3.03093585348198
fc,36,h_NQ_15,1.7227294546134
fc,36,h_NQ_16,1.32801489591828
fc,36,h_NQ_17,1.19584295926382
fc,36,P_NQ_1,0.6093491698
fc,36,P_NQ_2,0.155746889897208
fc,36,P_NQ_3,0.165411282361445
fc,36,P_NQ_4,0.17123294114857
fc,36,P_NQ_5,0.171358627072515
fc,36,P_NQ_6,0.168438185107089
fc,36,P_NQ_7,0.165812450048762
fc,36,P_NQ_8,0.172535503557647
fc,36,P_NQ_9,0.183910868928406
fc,36,P_NQ_10,0.184159208205302
fc,36,P_NQ_11,0.172325434287495
fc,36,P_NQ_12,0.158670750692186
fc,36,P_NQ_13,0.141948799495424
fc,36,P_NQ_14,0.125027304058726
fc,36,P_NQ_15,0.0827815931902036
fc,36,P_NQ_16,0.0348982366687357
fc,36,P_NQ_17,0.0109078622813561
fc,36,L_NQ,1.88370177514797
fc,36,pi_Q,0.3
fc,36,pi_NQ,0.7
fc,36,y,10.998769240015
fc,36,nbar,7.34709543095092
fc,36,Ptot,4.10645006807217
fc,36,Pret,1.30102733116791
fc,36,H,699.025744112581
fc,36,cCheck,0
fc,36,shareq,0.3
fc,36,A,2.723097013
fc,36,A_Q,2
fc,36,xpop,0.870498814
fc,36,h_Q_1,100
fc,36,mig_Q_2,-0.195631109
fc,36,med_Q_2,1847.903872
fc,36,mig_Q_3,0.002324661
fc,36,med_Q_3,-275.3050538
fc,36,mig_Q_4,0.002298723
fc,36,med_Q_4,-355.8697027
fc,36,mig_Q_5,0.001044067
fc,36,med_Q_5,-261.3921915
fc,36,mig_Q_6,0.000226279
fc,36,med_Q_6,-201.2155302
fc,36,mig_Q_7,-7.70515e-05
fc,36,med_Q_7,-98.5938697
fc,36,mig_Q_8,8.64731e-05
fc,36,med_Q_8,-57.55882791
fc,36,mig_Q_9,0.000266518
fc,36,med_Q_9,-35.31035646
fc,36,mig_Q_10,0.000255792
fc,36,med_Q_10,-21.70289383
fc,36,mig_Q_11,0.00037177
fc,36,med_Q_11,-17.18816698
fc,36,mig_Q_12,0.000709009
fc,36,med_Q_12,-10.63892933
fc,36,mig_Q_13,0.001774624
fc,36,med_Q_13,-7.645807817
fc,36,mig_Q_14,0.005905262
fc,36,med_Q_14,-5.361667358
fc,36,mig_Q_15,0.007877058
fc,36,med_Q_15,-1.889854699
fc,36,mig_Q_16,0.003975457
fc,36,med_Q_16,-0.5407082
fc,36,mig_Q_17,0.001564944
fc,36,med_Q_17,-0.152028647
fc,36,h_NQ_1,100
fc,36,mig_NQ_2,-0.454779158
fc,36,med_NQ_2,231.2506256
fc,36,mig_NQ_3,0.006001613
fc,36,med_NQ_3,-43.07208959
fc,36,mig_NQ_4,0.006032145
fc,36,med_NQ_4,-13.36587337
fc,36,mig_NQ_5,0.003294393
fc,36,med_NQ_5,-30.99400339
fc,36,mig_NQ_6,0.001723202
fc,36,med_NQ_6,-36.12180392
fc,36,mig_NQ_7,0.001353212
fc,36,med_NQ_7,-19.2329345
fc,36,mig_NQ_8,0.002205069
fc,36,med_NQ_8,-12.84008376
fc,36,mig_NQ_9,0.003231265
fc,36,med_NQ_9,-9.016910346
fc,36,mig_NQ_10,0.003688519
fc,36,med_NQ_10,-6.316242109
fc,36,mig_NQ_11,0.004427252
fc,36,med_NQ_11,-6.52788608
fc,36,mig_NQ_12,0.007054507
fc,36,med_NQ_12,-6.295967714
fc,36,mig_NQ_13,0.012789904
fc,36,med_NQ_13,-4.556936913
fc,36,mig_NQ_14,0.028659316
fc,36,med_NQ_14,-3.190136952
fc,36,mig_NQ_15,0.032617712
fc,36,med_NQ_15,-1.129161935
fc,36,mig_NQ_16,0.016467703
fc,36,med_NQ_16,-0.328393585
fc,36,mig_NQ_17,0.00589278
fc,36,med_NQ_17,-0.088172473
fc,37,beta_Q_2,0.999529100000098
fc,37,beta_Q_3,0.999376700002542
fc,37,beta_Q_4,0.999049100003513
fc,37,beta_Q_5,0.998490700004191
fc,37,beta_Q_6,0.997357800011887
fc,37,beta_Q_7,0.995732500010877
fc,37,beta_Q_8,0.993277400039784
fc,37,beta_Q_9,0.989551500072173
fc,37,beta_Q_10,0.984005600052047
fc,37,beta_Q_11,0.973361400165297
fc,37,beta_Q_12,0.9551919002818
fc,37,beta_Q_13,0.91412480082817
fc,37,beta_Q_14,0.779930496193008
fc,37,beta_Q_15,0.547483280799446
fc,37,beta_Q_16,0.354373080785361
fc,37,beta_Q_17,0.248270248045955
fc,37,h_Q_2,2123.59312
fc,37,h_Q_3,1604.36386936
fc,37,h_Q_4,1051.6352931532
fc,37,h_Q_5,662.55880182532
fc,37,h_Q_6,378.472485593625
fc,37,h_Q_7,234.32923241588
fc,37,h_Q_8,148.751971339211
fc,37,h_Q_9,95.7075181301644
fc,37,h_Q_10,62.5218826301502
fc,37,h_Q_11,37.539510438832
fc,37,h_Q_12,22.3173935436821
fc,37,h_Q_13,11.6448055652699
fc,37,h_Q_14,4.54401896976164
fc,37,h_Q_15,2.20986217529294
fc,37,h_Q_16,1.54888190923541
fc,37,h_Q_17,1.33026519880418
fc,37,P_Q_1,0.2607247251
fc,37,P_Q_2,0.0641955953984785
fc,37,P_Q_3,0.0690302944463367
fc,37,P_Q_4,0.0731178831324581
fc,37,P_Q_5,0.0743106957593436
fc,37,P_Q_6,0.0734553669818235
fc,37,P_Q_7,0.0717773745680722
fc,37,P_Q_8,0.0706319297230733
fc,37,P_Q_9,0.0733678509381978
fc,37,P_Q_10,0.0776918697735551
fc,37,P_Q_11,0.0769930656554453
fc,37,P_Q_12,0.0709007379480897
fc,37,P_Q_13,0.0633811785789449
fc,37,P_Q_14,0.052400454656852
fc,37,P_Q_15,0.0366987868753942
fc,37,P_Q_16,0.0162473891482573
fc,37,P_Q_17,0.00526444182431283
fc,37,L_Q,1.05533554448495
fc,37,beta_NQ_2,0.997225200018129
fc,37,beta_NQ_3,0.996365600021497
fc,37,beta_NQ_4,0.995681300022457
fc,37,beta_NQ_5,0.994247700028777
fc,37,beta_NQ_6,0.991422800037442
fc,37,beta_NQ_7,0.988053900061853
fc,37,beta_NQ_8,0.98364380007684
fc,37,beta_NQ_9,0.977804100110823
fc,37,beta_NQ_10,0.970177700138194
fc,37,beta_NQ_11,0.956470600161471
fc,37,beta_NQ_12,0.927696900263621
fc,37,beta_NQ_13,0.86492770024111
fc,37,beta_NQ_14,0.68333417364961
fc,37,beta_NQ_15,0.43061488215329
fc,37,beta_NQ_16,0.25730062920761
fc,37,beta_NQ_17,0.173067711307281
fc,37,h_NQ_2,360.3863342
fc,37,h_NQ_3,275.148580258
fc,37,h_NQ_4,231.55116125716
fc,37,h_NQ_5,173.843506095716
fc,37,h_NQ_6,116.588163922509
fc,37,h_NQ_7,83.7093277593015
fc,37,h_NQ_8,61.1388953343631
fc,37,h_NQ_9,45.0533657178145
fc,37,h_NQ_10,33.5319542788965
fc,37,h_NQ_11,22.972979177063
fc,37,h_NQ_12,13.8306656192094
fc,37,h_NQ_13,7.40344245316118
fc,37,h_NQ_14,3.15789339829003
fc,37,h_NQ_15,1.75628028341234
fc,37,h_NQ_16,1.34643976052113
fc,37,h_NQ_17,1.20928883499991
fc,37,P_NQ_1,0.6083576919
fc,37,P_NQ_2,0.149789721513782
fc,37,P_NQ_3,0.161070686185868
fc,37,P_NQ_4,0.170608392463616
fc,37,P_NQ_5,0.17339162337928
fc,37,P_NQ_6,0.171395862554186
fc,37,P_NQ_7,0.167480542342446
fc,37,P_NQ_8,0.164807837155293
fc,37,P_NQ_9,0.171191656793983
fc,37,P_NQ_10,0.181281031289654
fc,37,P_NQ_11,0.179650487944154
fc,37,P_NQ_12,0.165435052985807
fc,37,P_NQ_13,0.147889416662077
fc,37,P_NQ_14,0.122267865156069
fc,37,P_NQ_15,0.0856305498421704
fc,37,P_NQ_16,0.0379105774682054
fc,37,P_NQ_17,0.0122836965654821
fc,37,L_NQ,1.85907212288036
fc,37,pi_Q,0.3
fc,37,pi_NQ,0.7
fc,37,y,11.734120863684
fc,37,nbar,7.34842495776574
fc,37,Ptot,4.10063233271071
fc,37,Pret,1.33192660237447
fc,37,H,742.000155202481
fc,37,cCheck,0
fc,37,shareq,0.3
fc,37,A,2.904788876
fc,37,A_Q,2
fc,37,xpop,0.869082417
fc,37,h_Q_1,100
fc,37,mig_Q_2,-0.196819844
fc,37,med_Q_2,2025.59312
fc,37,mig_Q_3,0.002326976
fc,37,med_Q_3,-302.6219252
fc,37,mig_Q_4,0.002300641
fc,37,med_Q_4,-390.813927
fc,37,mig_Q_5,0.001045509
fc,37,med_Q_5,-285.1251743
fc,37,mig_Q_6,0.000226735
fc,37,med_Q_6,-219.0520561
fc,37,mig_Q_7,-7.56255e-05
fc,37,med_Q_7,-107.1222848
fc,37,mig_Q_8,8.89106e-05
fc,37,med_Q_8,-62.55511429
fc,37,mig_Q_9,0.000264954
fc,37,med_Q_9,-38.35724366
fc,37,mig_Q_10,0.000244975
fc,37,med_Q_10,-23.65469138
fc,37,mig_Q_11,0.000354073
fc,37,med_Q_11,-18.75773914
fc,37,mig_Q_12,0.000656899
fc,37,med_Q_12,-11.51198904
fc,37,mig_Q_13,0.001716376
fc,37,med_Q_13,-8.404581474
fc,37,mig_Q_14,0.005613495
fc,37,med_Q_14,-5.97235645
fc,37,mig_Q_15,0.007979699
fc,37,med_Q_15,-2.033978476
fc,37,mig_Q_16,0.004121764
fc,37,med_Q_16,-0.563064133
fc,37,mig_Q_17,0.001735433
fc,37,med_Q_17,-0.158599827
fc,37,h_NQ_1,100
fc,37,mig_NQ_2,-0.457708733
fc,37,med_NQ_2,262.3863342
fc,37,mig_NQ_3,0.00594275
fc,37,med_NQ_3,-47.51703283
fc,37,mig_NQ_4,0.005977107
fc,37,med_NQ_4,-15.04555249
fc,37,mig_NQ_5,0.003233734
fc,37,med_NQ_5,-33.98175105
fc,37,mig_NQ_6,0.001640998
fc,37,med_NQ_6,-39.50504598
fc,37,mig_NQ_7,0.001238269
fc,37,med_NQ_7,-21.00159533
fc,37,mig_NQ_8,0.001955073
fc,37,med_NQ_8,-14.03234936
fc,37,mig_NQ_9,0.002835636
fc,37,med_NQ_9,-9.849825396
fc,37,mig_NQ_10,0.003351753
fc,37,med_NQ_10,-6.923959099
fc,37,mig_NQ_11,0.004220684
fc,37,med_NQ_11,-7.158245376
fc,37,mig_NQ_12,0.006690948
fc,37,med_NQ_12,-6.843829218
fc,37,mig_NQ_13,0.012370458
fc,37,med_NQ_13,-5.031196391
fc,37,mig_NQ_14,0.02715225
fc,37,med_NQ_14,-3.558534221
fc,37,mig_NQ_15,0.03317836
fc,37,med_NQ_15,-1.214036853
fc,37,mig_NQ_16,0.01746382
fc,37,med_NQ_16,-0.341835105
fc,37,mig_NQ_17,0.006568419
fc,37,med_NQ_17,-0.092165763
fc,38,beta_Q_2,0.999568200000053
fc,38,beta_Q_3,0.999427900002499
fc,38,beta_Q_4,0.999125300002665
fc,38,beta_Q_5,0.998610600004699
fc,38,beta_Q_6,0.99756670000557
fc,38,beta_Q_7,0.996071600020035
fc,38,beta_Q_8,0.993815100014264
fc,38,beta_Q_9,0.990396300068338
fc,38,beta_Q_10,0.985298600117092
fc,38,beta_Q_11,0.97549610006666
fc,38,beta_Q_12,0.958917500358997
fc,38,beta_Q_13,0.920870500447117
fc,38,beta_Q_14,0.790297703474856
fc,38,beta_Q_15,0.558789475281718
fc,38,beta_Q_16,0.366920881115519
fc,38,beta_Q_17,0.260687442821327
fc,38,h_Q_2,2315.886985
fc,38,h_Q_3,1747.9461637
fc,38,h_Q_4,1143.2491136728
fc,38,h_Q_5,719.735137690136
fc,38,h_Q_6,410.964533488813
fc,38,h_Q_7,254.556562981753
fc,38,h_Q_8,161.684101447562
fc,38,h_Q_9,104.126534932427
fc,38,h_Q_10,68.0207330175611
fc,38,h_Q_11,40.8098302475472
fc,38,h_Q_12,24.3412646300554
fc,38,h_Q_13,12.6375119628085
fc,38,h_Q_14,4.76866499096452
fc,38,h_Q_15,2.26649074036641
fc,38,h_Q_16,1.57958115478708
fc,38,h_Q_17,1.35260778505071
fc,38,P_Q_1,0.2590967487
fc,38,P_Q_2,0.0625289608269759
fc,38,P_Q_3,0.0664847282840298
fc,38,P_Q_4,0.0712673405395902
fc,38,P_Q_5,0.0740544743117527
fc,38,P_Q_6,0.0743415140398916
fc,38,P_Q_7,0.0730670440040275
fc,38,P_Q_8,0.0713847605926565
fc,38,P_Q_9,0.0701604270104594
fc,38,P_Q_10,0.0724293991869704
fc,38,P_Q_11,0.0759404541442475
fc,38,P_Q_12,0.0741563986919462
fc,38,P_Q_13,0.0664655249553677
fc,38,P_Q_14,0.0552148140583742
fc,38,P_Q_15,0.036484166830916
fc,38,P_Q_16,0.0171709811661188
fc,38,P_Q_17,0.005974531333937
fc,38,L_Q,1.04495289646849
fc,38,beta_NQ_2,0.997464300015995
fc,38,beta_NQ_3,0.996675100019245
fc,38,beta_NQ_4,0.996043500019936
fc,38,beta_NQ_5,0.994728000025726
fc,38,beta_NQ_6,0.992136900037798
fc,38,beta_NQ_7,0.989050400046141
fc,38,beta_NQ_8,0.985008700077773
fc,38,beta_NQ_9,0.979658700095401
fc,38,beta_NQ_10,0.972651100127127
fc,38,beta_NQ_11,0.960022400159869
fc,38,beta_NQ_12,0.933681600270537
fc,38,beta_NQ_13,0.875026600078505
fc,38,beta_NQ_14,0.696164700086067
fc,38,beta_NQ_15,0.441618881633693
fc,38,beta_NQ_16,0.267671329732066
fc,38,beta_NQ_17,0.182527816656613
fc,38,h_NQ_2,394.368419
fc,38,h_NQ_3,300.760925186
fc,38,h_NQ_4,252.74864150284
fc,38,h_NQ_5,189.681335382017
fc,38,h_NQ_6,127.176304533802
fc,38,h_NQ_7,91.3275370340585
fc,38,h_NQ_8,66.7053558041155
fc,38,h_NQ_9,49.1610663976759
fc,38,h_NQ_10,36.5645419074582
fc,38,h_NQ_11,25.0140078473186
fc,38,h_NQ_12,15.0787714975217
fc,38,h_NQ_13,8.00170275282522
fc,38,h_NQ_14,3.29125681009796
fc,38,h_NQ_15,1.79089123232423
fc,38,h_NQ_16,1.3655070467441
fc,38,h_NQ_17,1.22328319231071
fc,38,P_NQ_1,0.6045590803
fc,38,P_NQ_2,0.145900909987545
fc,38,P_NQ_3,0.155131032753132
fc,38,P_NQ_4,0.166290460217054
fc,38,P_NQ_5,0.172793771812557
fc,38,P_NQ_6,0.173463531753724
fc,38,P_NQ_7,0.170489774451129
fc,38,P_NQ_8,0.166564443108653
fc,38,P_NQ_9,0.163707661900842
fc,38,P_NQ_10,0.169001932871234
fc,38,P_NQ_11,0.177194392795506
fc,38,P_NQ_12,0.173031599796639
fc,38,P_NQ_13,0.15508622291828
fc,38,P_NQ_14,0.128834711326304
fc,38,P_NQ_15,0.0851297693453152
fc,38,P_NQ_16,0.040065629353784
fc,38,P_NQ_17,0.0139405718767597
fc,38,L_NQ,1.84073018747842
fc,38,pi_Q,0.3
fc,38,pi_NQ,0.7
fc,38,y,12.5348656474982
fc,38,nbar,7.36337036370645
fc,38,Ptot,4.08740776524572
fc,38,Pret,1.3461211006517
fc,38,H,785.95316188164
fc,38,cCheck,-1.33226762955019e-15
fc,38,shareq,0.3
fc,38,A,3.098603676
fc,38,A_Q,2
fc,38,xpop,0.863655829
fc,38,h_Q_1,100
fc,38,mig_Q_2,-0.198072989
fc,38,med_Q_2,2217.886985
fc,38,mig_Q_3,0.002329146
fc,38,med_Q_3,-333.1750939
fc,38,mig_Q_4,0.002302687
fc,38,med_Q_4,-429.0274783
fc,38,mig_Q_5,0.001046948
fc,38,med_Q_5,-310.8674496
fc,38,mig_Q_6,0.000227162
fc,38,med_Q_6,-238.3430923
fc,38,mig_Q_7,-7.48522e-05
fc,38,med_Q_7,-116.3464729
fc,38,mig_Q_8,8.99166e-05
fc,38,med_Q_8,-67.95854632
fc,38,mig_Q_9,0.000266495
fc,38,med_Q_9,-41.65039698
fc,38,mig_Q_10,0.000235023
fc,38,med_Q_10,-25.77263475
fc,38,mig_Q_11,0.000318187
fc,38,med_Q_11,-20.46161473
fc,38,mig_Q_12,0.000613246
fc,38,med_Q_12,-12.4474556
fc,38,mig_Q_13,0.001653402
fc,38,med_Q_13,-9.23353371
fc,38,mig_Q_14,0.0057819
fc,38,med_Q_14,-6.643244463
fc,38,mig_Q_15,0.007795794
fc,38,med_Q_15,-2.18664785
fc,38,mig_Q_16,0.004165919
fc,38,med_Q_16,-0.586083777
fc,38,mig_Q_17,0.001940788
fc,38,med_Q_17,-0.165296486
fc,38,h_NQ_1,100
fc,38,mig_NQ_2,-0.460768711
fc,38,med_NQ_2,296.368419
fc,38,mig_NQ_3,0.005885707
fc,38,med_NQ_3,-52.41768233
fc,38,mig_NQ_4,0.00591539
fc,38,med_NQ_4,-16.89696715
fc,38,mig_NQ_5,0.00316677
fc,38,med_NQ_5,-37.23880265
fc,38,mig_NQ_6,0.001559123
fc,38,med_NQ_6,-43.19033144
fc,38,mig_NQ_7,0.001141424
fc,38,med_NQ_7,-22.92886361
fc,38,mig_NQ_8,0.001823246
fc,38,med_NQ_8,-15.3297854
fc,38,mig_NQ_9,0.002557883
fc,38,med_NQ_9,-10.75505103
fc,38,mig_NQ_10,0.002915605
fc,38,med_NQ_10,-7.587756496
fc,38,mig_NQ_11,0.003804416
fc,38,med_NQ_11,-7.847307346
fc,38,mig_NQ_12,0.006370399
fc,38,med_NQ_12,-7.434748096
fc,38,mig_NQ_13,0.011996863
fc,38,med_NQ_13,-5.552349554
fc,38,mig_NQ_14,0.027776819
fc,38,med_NQ_14,-3.964116794
fc,38,mig_NQ_15,0.032479407
fc,38,med_NQ_15,-1.303844298
fc,38,mig_NQ_16,0.018032835
fc,38,med_NQ_16,-0.355647631
fc,38,mig_NQ_17,0.007379475
fc,38,med_NQ_17,-0.096227773
fc,39,beta_Q_2,0.999603899999967
fc,39,beta_Q_3,0.999474600002111
fc,39,beta_Q_4,0.999195000002855
fc,39,beta_Q_5,0.998720500003238
fc,39,beta_Q_6,0.997758200007427
fc,39,beta_Q_7,0.996382400006829
fc,39,beta_Q_8,0.994307500034205
fc,39,beta_Q_9,0.991169500019056
fc,39,beta_Q_10,0.986482100112318
fc,39,beta_Q_11,0.977451700220128
fc,39,beta_Q_12,0.962326900128625
fc,39,beta_Q_13,0.927091300713865
fc,39,beta_Q_14,0.800196801424613
fc,39,beta_Q_15,0.569889304973353
fc,39,beta_Q_16,0.379410572850551
fc,39,beta_Q_17,0.273184741856162
fc,39,h_Q_2,2524.614996
fc,39,h_Q_3,1903.3117627
fc,39,h_Q_4,1242.236025326
fc,39,h_Q_5,781.555294699344
fc,39,h_Q_6,446.070122436333
fc,39,h_Q_7,276.426359719037
fc,39,h_Q_8,175.669741392118
fc,39,h_Q_9,113.243870528611
fc,39,h_Q_10,73.9759877537787
fc,39,h_Q_11,44.3492416972099
fc,39,h_Q_12,26.5441388925962
fc,39,h_Q_13,13.7157843574543
fc,39,h_Q_14,5.00492488155233
fc,39,h_Q_15,2.32498184314523
fc,39,h_Q_16,1.61137104855908
fc,39,h_Q_17,1.37586532669134
fc,39,P_Q_1,0.2555920764
fc,39,P_Q_2,0.0623397977239251
fc,39,P_Q_3,0.0648241100086431
fc,39,P_Q_4,0.068731258092377
fc,39,P_Q_5,0.0722168906969794
fc,39,P_Q_6,0.0741017545598225
fc,39,P_Q_7,0.0739753860376267
fc,39,P_Q_8,0.0727052830446092
fc,39,P_Q_9,0.0709660057722311
fc,39,P_Q_10,0.0693600715170231
fc,39,P_Q_11,0.070930743437061
fc,39,P_Q_12,0.0733555624641289
fc,39,P_Q_13,0.0698905029748084
fc,39,P_Q_14,0.0584558887324778
fc,39,P_Q_15,0.0390966439754565
fc,39,P_Q_16,0.0174637696403653
fc,39,P_Q_17,0.00663140917092868
fc,39,L_Q,1.03618592524574
fc,39,beta_NQ_2,0.997681800013747
fc,39,beta_NQ_3,0.996957400016921
fc,39,beta_NQ_4,0.996374000017807
fc,39,beta_NQ_5,0.995166600022802
fc,39,beta_NQ_6,0.992789300033518
fc,39,beta_NQ_7,0.989960900047722
fc,39,beta_NQ_8,0.986256200054668
fc,39,beta_NQ_9,0.981354200099155
fc,39,beta_NQ_10,0.974914800107839
fc,39,beta_NQ_11,0.963279400148988
fc,39,beta_NQ_12,0.939180200282435
fc,39,beta_NQ_13,0.884425600157337
fc,39,beta_NQ_14,0.708567599236426
fc,39,beta_NQ_15,0.452531586785371
fc,39,beta_NQ_16,0.278098627390911
fc,39,beta_NQ_17,0.192138416242411
fc,39,h_NQ_2,431.3691657
fc,39,h_NQ_3,328.66627229
fc,39,h_NQ_4,275.78599011228
fc,39,h_NQ_5,206.893698042783
fc,39,h_NQ_6,138.682790874376
fc,39,h_NQ_7,99.6105228731256
fc,39,h_NQ_8,72.7600808633773
fc,39,h_NQ_9,53.6313808280332
fc,39,h_NQ_10,39.8641429967224
fc,39,h_NQ_11,27.2326704963091
fc,39,h_NQ_12,16.4420139523722
fc,39,h_NQ_13,8.65243513657131
fc,39,h_NQ_14,3.43132746176872
fc,39,h_NQ_15,1.826589110896
fc,39,h_NQ_16,1.38523071767775
fc,39,h_NQ_17,1.23783578780921
fc,39,P_NQ_1,0.5963815116
fc,39,P_NQ_2,0.145459527849753
fc,39,P_NQ_3,0.151256257054735
fc,39,P_NQ_4,0.160372934825137
fc,39,P_NQ_5,0.168506076915068
fc,39,P_NQ_6,0.172904092111949
fc,39,P_NQ_7,0.172609231474437
fc,39,P_NQ_8,0.169645664108659
fc,39,P_NQ_9,0.165587347817938
fc,39,P_NQ_10,0.161840165447094
fc,39,P_NQ_11,0.165505071226699
fc,39,P_NQ_12,0.171162979224274
fc,39,P_NQ_13,0.163077841476197
fc,39,P_NQ_14,0.136397072865385
fc,39,P_NQ_15,0.0912255561315218
fc,39,P_NQ_16,0.0407488005604446
fc,39,P_NQ_17,0.0154732878489193
fc,39,L_NQ,1.82526077765476
fc,39,pi_Q,0.3
fc,39,pi_NQ,0.7
fc,39,y,13.4000587150652
fc,39,nbar,7.38606555732468
fc,39,Ptot,4.06879057278667
fc,39,Pret,1.35061536669278
fc,39,H,836.043352616406
fc,39,cCheck,4.44089209850063e-16
fc,39,shareq,0.3
fc,39,A,3.305350285
fc,39,A_Q,2
fc,39,xpop,0.851973588
fc,39,h_Q_1,100
fc,39,mig_Q_2,-0.196645073
fc,39,med_Q_2,2426.614996
fc,39,mig_Q_3,0.002330922
fc,39,med_Q_3,-366.2574826
fc,39,mig_Q_4,0.002304684
fc,39,med_Q_4,-470.7512151
fc,39,mig_Q_5,0.001048569
fc,39,med_Q_5,-338.8288367
fc,39,mig_Q_6,0.000227477
fc,39,med_Q_6,-259.2703125
fc,39,mig_Q_7,-7.40848e-05
fc,39,med_Q_7,-126.3188831
fc,39,mig_Q_8,9.01514e-05
fc,39,med_Q_8,-73.79569033
fc,39,mig_Q_9,0.000266803
fc,39,med_Q_9,-45.20654889
fc,39,mig_Q_10,0.000231101
fc,39,med_Q_10,-28.06801648
fc,39,mig_Q_11,0.000276147
fc,39,med_Q_11,-22.31107666
fc,39,mig_Q_12,0.000534932
fc,39,med_Q_12,-13.44949475
fc,39,mig_Q_13,0.001602063
fc,39,med_Q_13,-10.13865498
fc,39,mig_Q_14,0.005928337
fc,39,med_Q_14,-7.379836842
fc,39,mig_Q_15,0.008243187
fc,39,med_Q_15,-2.348309848
fc,39,mig_Q_16,0.004076967
fc,39,med_Q_16,-0.609789877
fc,39,mig_Q_17,0.00215515
fc,39,med_Q_17,-0.172124205
fc,39,h_NQ_1,100
fc,39,mig_NQ_2,-0.457566572
fc,39,med_NQ_2,333.3691657
fc,39,mig_NQ_3,0.005840453
fc,39,med_NQ_3,-57.81477833
fc,39,mig_NQ_4,0.005855678
fc,39,med_NQ_4,-18.95971657
fc,39,mig_NQ_5,0.0030923
fc,39,med_NQ_5,-40.79997063
fc,39,mig_NQ_6,0.001469015
fc,39,med_NQ_6,-47.2049178
fc,39,mig_NQ_7,0.001045056
fc,39,med_NQ_7,-25.02225557
fc,39,mig_NQ_8,0.001711753
fc,39,med_NQ_8,-16.74090543
fc,39,mig_NQ_9,0.002411042
fc,39,med_NQ_9,-11.73986786
fc,39,mig_NQ_10,0.002609728
fc,39,med_NQ_10,-8.313702073
fc,39,mig_NQ_11,0.00325943
fc,39,med_NQ_11,-8.600580573
fc,39,mig_NQ_12,0.005719835
fc,39,med_NQ_12,-8.071713738
fc,39,mig_NQ_13,0.011670589
fc,39,med_NQ_13,-6.124760931
fc,39,mig_NQ_14,0.028431519
fc,39,med_NQ_14,-4.410341236
fc,39,mig_NQ_15,0.034329715
fc,39,med_NQ_15,-1.398842563
fc,39,mig_NQ_16,0.017962002
fc,39,med_NQ_16,-0.36984269
fc,39,mig_NQ_17,0.008160196
fc,39,med_NQ_17,-0.100361118
fc,40,beta_Q_2,0.999636500000018
fc,40,beta_Q_3,0.999517400001801
fc,40,beta_Q_4,0.999258900002399
fc,40,beta_Q_5,0.998821100004006
fc,40,beta_Q_6,0.997933700004122
fc,40,beta_Q_7,0.996667100011858
fc,40,beta_Q_8,0.994758700007863
fc,40,beta_Q_9,0.991877200059801
fc,40,beta_Q_10,0.987565600018708
fc,40,beta_Q_11,0.979243900216687
fc,40,beta_Q_12,0.965447200497108
fc,40,beta_Q_13,0.932826800056707
fc,40,beta_Q_14,0.809645203400457
fc,40,beta_Q_15,0.580780797150348
fc,40,beta_Q_16,0.391829833419432
fc,40,beta_Q_17,0.285743130665332
fc,40,h_Q_2,2751.031637
fc,40,h_Q_3,2072.10940718
fc,40,h_Q_4,1349.345567646
fc,40,h_Q_5,848.24836761948
fc,40,h_Q_6,483.956830705357
fc,40,h_Q_7,300.039005287607
fc,40,h_Q_8,190.792360384656
fc,40,h_Q_9,123.110258044275
fc,40,h_Q_10,80.4220547980389
fc,40,h_Q_11,48.1786080887031
fc,40,h_Q_12,28.9412148932657
fc,40,h_Q_13,14.8868893847443
fc,40,h_Q_14,5.25334805230518
fc,40,h_Q_15,2.38538582592129
fc,40,h_Q_16,1.64427635728233
fc,40,h_Q_17,1.4000564045879
fc,40,P_Q_1,0.2510840766
fc,40,P_Q_2,0.0627617153785294
fc,40,P_Q_3,0.0646392403943325
fc,40,P_Q_4,0.0670783256002712
fc,40,P_Q_5,0.0696934894478703
fc,40,P_Q_6,0.0722827908719513
fc,40,P_Q_7,0.0737602985530329
fc,40,P_Q_8,0.0736447480551378
fc,40,P_Q_9,0.0723295520440693
fc,40,P_Q_10,0.0702353654107734
fc,40,P_Q_11,0.0680472688317039
fc,40,P_Q_12,0.0687043054556057
fc,40,P_Q_13,0.0694630228194664
fc,40,P_Q_14,0.0620235119303991
fc,40,P_Q_15,0.0419675088013514
fc,40,P_Q_16,0.019143419087262
fc,40,P_Q_17,0.00711671040103867
fc,40,L_Q,1.02579378979063
fc,40,beta_NQ_2,0.997880000012339
fc,40,beta_NQ_3,0.997214700014544
fc,40,beta_NQ_4,0.996675700015601
fc,40,beta_NQ_5,0.995567100020468
fc,40,beta_NQ_6,0.993385300029785
fc,40,beta_NQ_7,0.990792900042963
fc,40,beta_NQ_8,0.987396500058781
fc,40,beta_NQ_9,0.982904400064859
fc,40,beta_NQ_10,0.976986300116934
fc,40,beta_NQ_11,0.966265800122897
fc,40,beta_NQ_12,0.94422940026924
fc,40,beta_NQ_13,0.893164200252032
fc,40,beta_NQ_14,0.720547299631331
fc,40,beta_NQ_15,0.463347285867549
fc,40,beta_NQ_16,0.288572434125484
fc,40,beta_NQ_17,0.201887813207291
fc,40,h_NQ_2,471.6981132
fc,40,h_NQ_3,359.027752816
fc,40,h_NQ_4,300.8152092442
fc,40,h_NQ_5,225.585959570034
fc,40,h_NQ_6,151.178435931928
fc,40,h_NQ_7,108.611832196889
fc,40,h_NQ_8,79.3430396456631
fc,40,h_NQ_9,58.4945833561098
fc,40,h_NQ_10,43.4523783994725
fc,40,h_NQ_11,29.6435071787879
fc,40,h_NQ_12,17.9305942613829
fc,40,h_NQ_13,9.36015830232477
fc,40,h_NQ_14,3.57842310583989
fc,40,h_NQ_15,1.86340217553335
fc,40,h_NQ_16,1.40562441067808
fc,40,h_NQ_17,1.25295665732419
fc,40,P_NQ_1,0.5858628454
fc,40,P_NQ_2,0.146444001988007
fc,40,P_NQ_3,0.150824894692779
fc,40,P_NQ_4,0.156516093869348
fc,40,P_NQ_5,0.16261814128561
fc,40,P_NQ_6,0.168659843151905
fc,40,P_NQ_7,0.172107361649079
fc,40,P_NQ_8,0.171837743728334
fc,40,P_NQ_9,0.168768959001643
fc,40,P_NQ_10,0.163882522098312
fc,40,P_NQ_11,0.158776957491889
fc,40,P_NQ_12,0.16031004894245
fc,40,P_NQ_13,0.162080384625146
fc,40,P_NQ_14,0.144721528623448
fc,40,P_NQ_15,0.0979241698166527
fc,40,P_NQ_16,0.0446679869431487
fc,40,P_NQ_17,0.0166056560034617
fc,40,L_NQ,1.80696163393867
fc,40,pi_Q,0.3
fc,40,pi_NQ,0.7
fc,40,y,14.3169621266685
fc,40,nbar,7.40291481514505
fc,40,Ptot,4.04658448899401
fc,40,Pret,1.35567036728211
fc,40,H,894.682346444007
fc,40,cCheck,-4.44089209850063e-16
fc,40,shareq,0.3
fc,40,A,3.525891547
fc,40,A_Q,2
fc,40,xpop,0.836946922
fc,40,h_Q_1,100
fc,40,mig_Q_2,-0.192729121
fc,40,med_Q_2,2653.031637
fc,40,mig_Q_3,0.002332196
fc,40,med_Q_3,-402.0132889
fc,40,mig_Q_4,0.002306399
fc,40,med_Q_4,-515.8999598
fc,40,mig_Q_5,0.001050173
fc,40,med_Q_5,-369.1429372
fc,40,mig_Q_6,0.000227796
fc,40,med_Q_6,-281.9673581
fc,40,mig_Q_7,-7.33855e-05
fc,40,med_Q_7,-137.1097147
fc,40,mig_Q_8,9.04669e-05
fc,40,med_Q_8,-80.10547214
fc,40,mig_Q_9,0.000266293
fc,40,med_Q_9,-49.04608852
fc,40,mig_Q_10,0.000228671
fc,40,med_Q_10,-30.55693832
fc,40,mig_Q_11,0.000251149
fc,40,med_Q_11,-24.31785991
fc,40,mig_Q_12,0.000445743
fc,40,med_Q_12,-14.52104197
fc,40,mig_Q_13,0.001455719
fc,40,med_Q_13,-11.12636673
fc,40,mig_Q_14,0.006097355
fc,40,med_Q_14,-8.188120618
fc,40,mig_Q_15,0.008654123
fc,40,med_Q_15,-2.519440558
fc,40,mig_Q_16,0.004309739
fc,40,med_Q_16,-0.634205849
fc,40,mig_Q_17,0.002345875
fc,40,med_Q_17,-0.179087223
fc,40,h_NQ_1,100
fc,40,mig_NQ_2,-0.448554978
fc,40,med_NQ_2,373.6981132
fc,40,mig_NQ_3,0.005807942
fc,40,med_NQ_3,-63.71402957
fc,40,mig_NQ_4,0.005808292
fc,40,med_NQ_4,-21.2777376
fc,40,mig_NQ_5,0.003020353
fc,40,med_NQ_5,-44.68431074
fc,40,mig_NQ_6,0.001368813
fc,40,med_NQ_6,-51.57738815
fc,40,mig_NQ_7,0.000939071
fc,40,med_NQ_7,-27.29730286
fc,40,mig_NQ_8,0.001600819
fc,40,med_NQ_8,-18.27527277
fc,40,mig_NQ_9,0.002286474
fc,40,med_NQ_9,-12.81029589
fc,40,mig_NQ_10,0.002448966
fc,40,med_NQ_10,-9.106374812
fc,40,mig_NQ_11,0.00287966
fc,40,med_NQ_11,-9.423352958
fc,40,mig_NQ_12,0.004870963
fc,40,med_NQ_12,-8.757422825
fc,40,mig_NQ_13,0.010699464
fc,40,med_NQ_13,-6.753015371
fc,40,mig_NQ_14,0.029169854
fc,40,med_NQ_14,-4.900963328
fc,40,mig_NQ_15,0.036200186
fc,40,med_NQ_15,-1.499298737
fc,40,mig_NQ_16,0.019298285
fc,40,med_NQ_16,-0.384432918
fc,40,mig_NQ_17,0.008776246
fc,40,med_NQ_17,-0.104569446
as,1,beta_Q_2,0.973436404874763
as,1,beta_Q_3,0.970539000001623
as,1,beta_Q_4,0.965744200006298
as,1,beta_Q_5,0.961176300029427
as,1,beta_Q_6,0.955116300619925
as,1,beta_Q_7,0.940183999984989
as,1,beta_Q_8,0.909499218945487
as,1,beta_Q_9,0.85988771100122
as,1,beta_Q_10,0.781753818094209
as,1,beta_Q_11,0.658329466557867
as,1,beta_Q_12,0.512809028093422
as,1,beta_Q_13,0.344799901709008
as,1,beta_Q_14,0.210284003873888
as,1,beta_Q_15,0.118657324974081
as,1,beta_Q_16,0.0591105026749442
as,1,beta_Q_17,0.031131000636637
as,1,h_Q_2,37.64549986
as,1,h_Q_3,33.94317912
as,1,h_Q_4,29.19213681
as,1,h_Q_5,25.75746258
as,1,h_Q_6,22.27980314
as,1,h_Q_7,16.7179349964
as,1,h_Q_8,11.049626084672
as,1,h_Q_9,7.13713214817855
as,1,h_Q_10,4.58198126301498
as,1,h_Q_11,2.92679557875468
as,1,h_Q_12,2.05258307497959
as,1,h_Q_13,1.52625129347999
as,1,h_Q_14,1.26627752601038
as,1,h_Q_15,1.13462803749019
as,1,h_Q_16,1.06282406454038
as,1,h_Q_17,1.03213127924955
as,1,P_Q_1,0.2522852124
as,1,P_Q_2,0.0592788505108232
as,1,P_Q_3,0.0529788315263616
as,1,P_Q_4,0.0516187991809102
as,1,P_Q_5,0.0480152225133509
as,1,P_Q_6,0.0426744931906979
as,1,P_Q_7,0.0407094252183056
as,1,P_Q_8,0.0361254806344776
as,1,P_Q_9,0.0316353121871109
as,1,P_Q_10,0.0252264559898656
as,1,P_Q_11,0.0186772111554823
as,1,P_Q_12,0.011249689408626
as,1,P_Q_13,0.00531388564243529
as,1,P_Q_14,0.00164097968469545
as,1,P_Q_15,0.000304585058292062
as,1,P_Q_16,3.2652531888111e-05
as,1,P_Q_17,2.01287823792251e-06
as,1,L_Q,0.768558064510146
as,1,beta_NQ_2,0.939491000019456
as,1,beta_NQ_3,0.931619200148016
as,1,beta_NQ_4,0.925826700715022
as,1,beta_NQ_5,0.916842509905461
as,1,beta_NQ_6,0.905218099976406
as,1,beta_NQ_7,0.883457900039542
as,1,beta_NQ_8,0.843435236949881
as,1,beta_NQ_9,0.785066520379141
as,1,beta_NQ_10,0.701200501908016
as,1,beta_NQ_11,0.582111699569906
as,1,beta_NQ_12,0.433853272111351
as,1,beta_NQ_13,0.278824341886696
as,1,beta_NQ_14,0.164751615202972
as,1,beta_NQ_15,0.0914522727890728
as,1,beta_NQ_16,0.0448453010253704
as,1,beta_NQ_17,0.0234374042852502
as,1,h_NQ_2,16.52646714
as,1,h_NQ_3,14.62398802
as,1,h_NQ_4,13.48194027
as,1,h_NQ_5,12.02537354
as,1,h_NQ_6,10.5505376
as,1,h_NQ_7,8.58059018639999
as,1,h_NQ_8,6.387123554672
as,1,h_NQ_9,4.65260184817856
as,1,h_NQ_10,3.34672581301498
as,1,h_NQ_11,2.39298395875468
as,1,h_NQ_12,1.76632258497959
as,1,h_NQ_13,1.38662464347999
as,1,h_NQ_14,1.19724704601039
as,1,h_NQ_15,1.10064773749018
as,1,h_NQ_16,1.04695082454037
as,1,h_NQ_17,1.02399989924956
as,1,P_NQ_1,0.5886654956
as,1,P_NQ_2,0.138317317858587
as,1,P_NQ_3,0.123617274894843
as,1,P_NQ_4,0.120443865422124
as,1,P_NQ_5,0.112035520531152
as,1,P_NQ_6,0.0995738157782948
as,1,P_NQ_7,0.0949886588427129
as,1,P_NQ_8,0.0842927891471142
as,1,P_NQ_9,0.0738157284365917
as,1,P_NQ_10,0.0588617313096862
as,1,P_NQ_11,0.0435801576961252
as,1,P_NQ_12,0.026249274286794
as,1,P_NQ_13,0.0123990668323489
as,1,P_NQ_14,0.00382895393095584
as,1,P_NQ_15,0.000710697469347821
as,1,P_NQ_16,7.6189241072e-05
as,1,P_NQ_17,4.69538255498669e-06
as,1,L_NQ,1.36420524178155
as,1,pi_Q,0.3
as,1,pi_NQ,0.7
as,1,y,0.292745188529933
as,1,nbar,5.51507657703547
as,1,Ptot,2.25923033237186
as,1,Pret,0.208158238498408
as,1,H,102.937051194269
as,1,cCheck,-1.33226762955019e-15
as,1,shareq,0.3
as,1,A,0.088593872
as,1,A_Q,2
as,1,xpop,0.840950708
as,1,h_Q_1,100
as,1,mig_Q_2,-0.237659925
as,1,med_Q_2,-60.35450014
as,1,mig_Q_3,-0.24086812
as,1,med_Q_3,-62.09682088
as,1,mig_Q_4,-0.23910608
as,1,med_Q_4,-64.92706319
as,1,mig_Q_5,-0.239557717
as,1,med_Q_5,-66.47935342
as,1,mig_Q_6,-0.241717051
as,1,med_Q_6,-68.11227654
as,1,mig_Q_7,-0.240471711
as,1,med_Q_7,-71.86630309
as,1,mig_Q_8,-0.24181671
as,1,med_Q_8,-75.76292724
as,1,mig_Q_9,-0.243039903
as,1,med_Q_9,-77.93917011
as,1,mig_Q_10,-0.246154295
as,1,med_Q_10,-78.79279495
as,1,mig_Q_11,-0.249382162
as,1,med_Q_11,-78.78048511
as,1,mig_Q_12,-0.253462002
as,1,med_Q_12,-78.020552
as,1,mig_Q_13,-0.256024465
as,1,med_Q_13,-76.94542108
as,1,mig_Q_14,-0.256299052
as,1,med_Q_14,-75.6359614
as,1,mig_Q_15,-0.254212866
as,1,med_Q_15,-74.22956611
as,1,mig_Q_16,-0.25103871
as,1,med_Q_16,-72.7940862
as,1,mig_Q_17,-0.247600544
as,1,med_Q_17,-71.34764078
as,1,h_NQ_1,100
as,1,mig_NQ_2,-0.554539825
as,1,med_NQ_2,-81.47353286
as,1,mig_NQ_3,-0.562025612
as,1,med_NQ_3,-81.41601198
as,1,mig_NQ_4,-0.557914186
as,1,med_NQ_4,-80.63725973
as,1,mig_NQ_5,-0.558968005
as,1,med_NQ_5,-80.21144246
as,1,mig_NQ_6,-0.564006454
as,1,med_NQ_6,-79.84154208
as,1,mig_NQ_7,-0.561100659
as,1,med_NQ_7,-80.0036479
as,1,mig_NQ_8,-0.564238989
as,1,med_NQ_8,-80.42542977
as,1,mig_NQ_9,-0.567093107
as,1,med_NQ_9,-80.42370041
as,1,mig_NQ_10,-0.574360021
as,1,med_NQ_10,-80.0280504
as,1,mig_NQ_11,-0.581891713
as,1,med_NQ_11,-79.31429673
as,1,mig_NQ_12,-0.591411339
as,1,med_NQ_12,-78.30681249
as,1,mig_NQ_13,-0.597390418
as,1,med_NQ_13,-77.08504773
as,1,mig_NQ_14,-0.59803112
as,1,med_NQ_14,-75.70499188
as,1,mig_NQ_15,-0.593163355
as,1,med_NQ_15,-74.26354641
as,1,mig_NQ_16,-0.58575699
as,1,med_NQ_16,-72.80995944
as,1,mig_NQ_17,-0.577734604
as,1,med_NQ_17,-71.35577216
as,2,beta_Q_2,0.974250899998791
as,2,beta_Q_3,0.971050702827941
as,2,beta_Q_4,0.966497808579101
as,2,beta_Q_5,0.96060350176663
as,2,beta_Q_6,0.953428799997687
as,2,beta_Q_7,0.938990908940442
as,2,beta_Q_8,0.907364226102163
as,2,beta_Q_9,0.855505422354817
as,2,beta_Q_10,0.777190539425623
as,2,beta_Q_11,0.653229715740918
as,2,beta_Q_12,0.507151509662807
as,2,beta_Q_13,0.340206902132967
as,2,beta_Q_14,0.202952405585477
as,2,beta_Q_15,0.104123564627982
as,2,beta_Q_16,0.0518962985273525
as,2,beta_Q_17,0.0269183031357435
as,2,h_Q_2,38.83630884
as,2,h_Q_3,34.5431495778
as,2,h_Q_4,29.8487860516
as,2,h_Q_5,25.3829654958
as,2,h_Q_6,21.4724980234
as,2,h_Q_7,16.3909974132
as,2,h_Q_8,10.794962634472
as,2,h_Q_9,6.92066906697856
as,2,h_Q_10,4.48813897521498
as,2,h_Q_11,2.88375330475468
as,2,h_Q_12,2.02902109317958
as,2,h_Q_13,1.51562664248
as,2,h_Q_14,1.25463021261039
as,2,h_Q_15,1.11622528649018
as,2,h_Q_16,1.05473693974038
as,2,h_Q_17,1.02766294224957
as,2,P_Q_1,0.2512048092
as,2,P_Q_2,0.058626292161722
as,2,P_Q_3,0.05666953529602
as,2,P_Q_4,0.0510325992696945
as,2,P_Q_5,0.0491409534086693
as,2,P_Q_6,0.0449400987003943
as,2,P_Q_7,0.0398043877053625
as,2,P_Q_8,0.0367541314397686
as,2,P_Q_9,0.0316798898515999
as,2,P_Q_10,0.0259442070888762
as,2,P_Q_11,0.0185558133149537
as,2,P_Q_12,0.0115651525001385
as,2,P_Q_13,0.00532686380235113
as,2,P_Q_14,0.00163190114901926
as,2,P_Q_15,0.000307461259722774
as,2,P_Q_16,3.2879075902921e-05
as,2,P_Q_17,2.3670859909966e-06
as,2,L_Q,0.774371896396817
as,2,beta_NQ_2,0.940730611341604
as,2,beta_NQ_3,0.932728204979504
as,2,beta_NQ_4,0.926524000597335
as,2,beta_NQ_5,0.915284209720587
as,2,beta_NQ_6,0.901399100016695
as,2,beta_NQ_7,0.880705633764917
as,2,beta_NQ_8,0.839248473866308
as,2,beta_NQ_9,0.778419779240567
as,2,beta_NQ_10,0.695314942098422
as,2,beta_NQ_11,0.576616011674913
as,2,beta_NQ_12,0.428372303652876
as,2,beta_NQ_13,0.275077599402946
as,2,beta_NQ_14,0.159037699960351
as,2,beta_NQ_15,0.0800507185687133
as,2,beta_NQ_16,0.0395277962597335
as,2,beta_NQ_17,0.0203578006828232
as,2,h_NQ_2,16.87211276
as,2,h_NQ_3,14.8650697642
as,2,h_NQ_4,13.6098862216
as,2,h_NQ_5,11.8041734866
as,2,h_NQ_6,10.1418952582
as,2,h_NQ_7,8.382623155
as,2,h_NQ_8,6.22077789167199
as,2,h_NQ_9,4.51303454257856
as,2,h_NQ_10,3.28207713121499
as,2,h_NQ_11,2.36192203575468
as,2,h_NQ_12,1.74939037757959
as,2,h_NQ_13,1.37945799228
as,2,h_NQ_14,1.18911394461039
as,2,h_NQ_15,1.08701642209018
as,2,h_NQ_16,1.04115454374037
as,2,h_NQ_17,1.02078085304957
as,2,P_NQ_1,0.5861445548
as,2,P_NQ_2,0.136794680138193
as,2,P_NQ_3,0.132228917030036
as,2,P_NQ_4,0.119076066767275
as,2,P_NQ_5,0.114662224876335
as,2,P_NQ_6,0.104860232025077
as,2,P_NQ_7,0.0928769051864166
as,2,P_NQ_8,0.085759657978555
as,2,P_NQ_9,0.0739197446687776
as,2,P_NQ_10,0.0605364808284439
as,2,P_NQ_11,0.0432968944523086
as,2,P_NQ_12,0.0269854100155926
as,2,P_NQ_13,0.0124293506280187
as,2,P_NQ_14,0.00380778028763909
as,2,P_NQ_15,0.000717429539390566
as,2,P_NQ_16,7.6717841950872e-05
as,2,P_NQ_17,5.52318804519086e-06
as,2,L_NQ,1.37454257298265
as,2,pi_Q,0.3
as,2,pi_NQ,0.7
as,2,y,0.217698911984251
as,2,nbar,3.68951807766765
as,2,Ptot,2.27739791256224
as,2,Pret,0.211222232058345
as,2,H,102.930168581879
as,2,cCheck,-8.88178419700125e-16
as,2,shareq,0.3
as,2,A,0.087292616
as,2,A_Q,2
as,2,xpop,0.837349364
as,2,h_Q_1,100
as,2,mig_Q_2,-0.186957318
as,2,med_Q_2,-59.16369116
as,2,mig_Q_3,-0.000862901
as,2,med_Q_3,-2.349440285
as,2,mig_Q_4,-0.0001314
as,2,med_Q_4,-3.415529486
as,2,mig_Q_5,-0.000473813
as,2,med_Q_5,-3.225328578
as,2,mig_Q_6,-0.000920023
as,2,med_Q_6,-3.769815305
as,2,mig_Q_7,-0.000317488
as,2,med_Q_7,-5.443209664
as,2,mig_Q_8,-0.000271059
as,2,med_Q_8,-5.588613662
as,2,mig_Q_9,0.000616033
as,2,med_Q_9,-3.907964496
as,2,mig_Q_10,0.001213181
as,2,med_Q_10,-2.50625053
as,2,mig_Q_11,0.001948494
as,2,med_Q_11,-1.606588333
as,2,mig_Q_12,0.00198731
as,2,med_Q_12,-0.839238574
as,2,mig_Q_13,0.001447972
as,2,med_Q_13,-0.495904771
as,2,mig_Q_14,0.000514476
as,2,med_Q_14,-0.241096055
as,2,mig_Q_15,0.000112747
as,2,med_Q_15,-0.124726689
as,2,mig_Q_16,1.48749e-05
as,2,med_Q_16,-0.057198537
as,2,mig_Q_17,1.35058e-06
as,2,med_Q_17,-0.013904641
as,2,h_NQ_1,100
as,2,mig_NQ_2,-0.416251255
as,2,med_NQ_2,-81.12788724
as,2,mig_NQ_3,0.003369848
as,2,med_NQ_3,-1.330868033
as,2,mig_NQ_4,0.004627893
as,2,med_NQ_4,-0.721622038
as,2,mig_NQ_5,0.004234169
as,2,med_NQ_5,-1.408127978
as,2,mig_NQ_6,0.003443651
as,2,med_NQ_6,-1.642970811
as,2,mig_NQ_7,0.004907631
as,2,med_NQ_7,-1.956903693
as,2,mig_NQ_8,0.005642876
as,2,med_NQ_8,-2.188200491
as,2,mig_NQ_9,0.007744298
as,2,med_NQ_9,-1.746346541
as,2,mig_NQ_10,0.008776855
as,2,med_NQ_10,-1.27747268
as,2,mig_NQ_11,0.009032792
as,2,med_NQ_11,-0.917869261
as,2,mig_NQ_12,0.008078016
as,2,med_NQ_12,-0.595733902
as,2,mig_NQ_13,0.005110414
as,2,med_NQ_13,-0.351538141
as,2,mig_NQ_14,0.001765014
as,2,med_NQ_14,-0.169778206
as,2,mig_NQ_15,0.000367263
as,2,med_NQ_15,-0.086285683
as,2,mig_NQ_16,4.48464e-05
as,2,med_NQ_16,-0.037480239
as,2,mig_NQ_17,3.73751e-06
as,2,med_NQ_17,-0.005230955
as,3,beta_Q_2,0.960919101309252
as,3,beta_Q_3,0.963560499994147
as,3,beta_Q_4,0.964076600018983
as,3,beta_Q_5,0.962424900003693
as,3,beta_Q_6,0.956305900022175
as,3,beta_Q_7,0.942098600001715
as,3,beta_Q_8,0.912940600055841
as,3,beta_Q_9,0.865348500041953
as,3,beta_Q_10,0.785928400220511
as,3,beta_Q_11,0.667295763074705
as,3,beta_Q_12,0.521659103888569
as,3,beta_Q_13,0.359734955973682
as,3,beta_Q_14,0.216027861519063
as,3,beta_Q_15,0.117518946854786
as,3,beta_Q_16,0.057058104084404
as,3,beta_Q_17,0.0293664387910884
as,3,h_Q_2,25.58794705
as,3,h_Q_3,27.4427475632
as,3,h_Q_4,27.837008749244
as,3,h_Q_5,26.613368961568
as,3,h_Q_6,22.886385121884
as,3,h_Q_7,17.270739566932
as,3,h_Q_8,11.486410431936
as,3,h_Q_9,7.42657897978255
as,3,h_Q_10,4.67133426863899
as,3,h_Q_11,3.00566297371068
as,3,h_Q_12,2.09055751265959
as,3,h_Q_13,1.56185183631599
as,3,h_Q_14,1.2755554356304
as,3,h_Q_15,1.13316874435818
as,3,h_Q_16,1.06051073076037
as,3,h_Q_17,1.03024839694558
as,3,P_Q_1,0.251144745
as,3,P_Q_2,0.0586093814471245
as,3,P_Q_3,0.0568679813078364
as,3,P_Q_4,0.0546954727767994
as,3,P_Q_5,0.0489759793627217
as,3,P_Q_6,0.0465539002391698
as,3,P_Q_7,0.0419258031265564
as,3,P_Q_8,0.0362022537457468
as,3,P_Q_9,0.0321353347406637
as,3,P_Q_10,0.0260723886827092
as,3,P_Q_11,0.0191639110217901
as,3,P_Q_12,0.0114416167357
as,3,P_Q_13,0.00554994570476745
as,3,P_Q_14,0.00169309582291336
as,3,P_Q_15,0.000315013364756384
as,3,P_Q_16,3.32503013201689e-05
as,3,P_Q_17,1.62521993197794e-06
as,3,L_Q,0.78369698348127
as,3,beta_NQ_2,0.907806406419834
as,3,beta_NQ_3,0.911270900013759
as,3,beta_NQ_4,0.918945800489104
as,3,beta_NQ_5,0.917890800003294
as,3,beta_NQ_6,0.906938600037125
as,3,beta_NQ_7,0.886138300025991
as,3,beta_NQ_8,0.847883199957314
as,3,beta_NQ_9,0.791712099862338
as,3,beta_NQ_10,0.705827079298838
as,3,beta_NQ_11,0.591640347499391
as,3,beta_NQ_12,0.442583034971192
as,3,beta_NQ_13,0.292314147433582
as,3,beta_NQ_14,0.170047424360433
as,3,beta_NQ_15,0.090590314338219
as,3,beta_NQ_16,0.0434898973154973
as,3,beta_NQ_17,0.0222164146022872
as,3,h_NQ_2,10.8467399
as,3,h_NQ_3,11.2702597008
as,3,h_NQ_4,12.337423602916
as,3,h_NQ_5,12.178903217168
as,3,h_NQ_6,10.745593771868
as,3,h_NQ_7,8.78258448803599
as,3,h_NQ_8,6.5738958459
as,3,h_NQ_9,4.80104700783855
as,3,h_NQ_10,3.39935561472699
as,3,h_NQ_11,2.44881726659069
as,3,h_NQ_12,1.79398841503959
as,3,h_NQ_13,1.413055870028
as,3,h_NQ_14,1.2048880844344
as,3,h_NQ_15,1.09961439571818
as,3,h_NQ_16,1.04546726364838
as,3,h_NQ_17,1.02271751686557
as,3,P_NQ_1,0.586004405
as,3,P_NQ_2,0.136755229371556
as,3,P_NQ_3,0.132691954456042
as,3,P_NQ_4,0.127622769201322
as,3,P_NQ_5,0.114277286667721
as,3,P_NQ_6,0.108625768309441
as,3,P_NQ_7,0.0978268761023816
as,3,P_NQ_8,0.0844719299351259
as,3,P_NQ_9,0.0749824650314133
as,3,P_NQ_10,0.0608355749843013
as,3,P_NQ_11,0.0447157911361322
as,3,P_NQ_12,0.0266971054175509
as,3,P_NQ_13,0.0129498898059934
as,3,P_NQ_14,0.00395055733588084
as,3,P_NQ_15,0.000735031548177291
as,3,P_NQ_16,7.75845086637447e-05
as,3,P_NQ_17,3.79216653525219e-06
as,3,L_NQ,1.39107380506038
as,3,pi_Q,0.3
as,3,pi_NQ,0.7
as,3,y,0.245707193547453
as,3,nbar,3.73387021244606
as,3,Ptot,2.30460570957874
as,3,Pret,0.214236173757124
as,3,H,100.932080792939
as,3,cCheck,0
as,3,shareq,0.3
as,3,A,0.097702667
as,3,A_Q,2
as,3,xpop,0.83714915
as,3,h_Q_1,100
as,3,mig_Q_2,-0.18612713
as,3,med_Q_2,-72.41205295
as,3,mig_Q_3,-6.11209e-05
as,3,med_Q_3,-10.6168351
as,3,mig_Q_4,-7.55089e-05
as,3,med_Q_4,-6.015277837
as,3,mig_Q_5,-4.61142e-05
as,3,med_Q_5,-2.638441369
as,3,mig_Q_6,-0.0002985
as,3,med_Q_6,-1.988921064
as,3,mig_Q_7,-0.000272541
as,3,med_Q_7,-3.772308496
as,3,mig_Q_8,8.51763e-05
as,3,med_Q_8,-4.576767033
as,3,mig_Q_9,0.000691976
as,3,med_Q_9,-3.152484402
as,3,mig_Q_10,0.001451078
as,3,med_Q_10,-2.110921417
as,3,mig_Q_11,0.002216384
as,3,med_Q_11,-1.392713222
as,3,mig_Q_12,0.002031008
as,3,med_Q_12,-0.735520726
as,3,mig_Q_13,0.001615401
as,3,med_Q_13,-0.426588835
as,3,mig_Q_14,0.000611996
as,3,med_Q_14,-0.209758674
as,3,mig_Q_15,0.000145094
as,3,med_Q_15,-0.096368864
as,3,mig_Q_16,1.72942e-05
as,3,med_Q_16,-0.03339005
as,3,mig_Q_17,7.40171e-07
as,3,med_Q_17,-0.003393804
as,3,h_NQ_1,100
as,3,mig_NQ_2,-0.414648896
as,3,med_NQ_2,-87.1532601
as,3,mig_NQ_3,0.005099698
as,3,med_NQ_3,-5.264410804
as,3,mig_NQ_4,0.005109504
as,3,med_NQ_4,-2.230344766
as,3,mig_NQ_5,0.005288843
as,3,med_NQ_5,-1.15878528
as,3,mig_NQ_6,0.005269342
as,3,med_NQ_6,-0.822496245
as,3,mig_NQ_7,0.005475879
as,3,med_NQ_7,-1.156472865
as,3,mig_NQ_8,0.006525129
as,3,med_NQ_8,-1.641074846
as,3,mig_NQ_9,0.008225451
as,3,med_NQ_9,-1.295315326
as,3,mig_NQ_10,0.009438072
as,3,med_NQ_10,-1.023418237
as,3,mig_NQ_11,0.009809487
as,3,med_NQ_11,-0.767618322
as,3,mig_NQ_12,0.008149915
as,3,med_NQ_12,-0.52069518
as,3,mig_NQ_13,0.005526808
as,3,med_NQ_13,-0.3013467
as,3,mig_NQ_14,0.001973822
as,3,med_NQ_14,-0.146980748
as,3,mig_NQ_15,0.000430216
as,3,med_NQ_15,-0.06571727
as,3,mig_NQ_16,4.92261e-05
as,3,med_NQ_16,-0.01980883
as,3,mig_NQ_17,2.23036e-06
as,3,med_NQ_17,0.002386064
as,4,beta_Q_2,0.915780800174138
as,4,beta_Q_3,0.926950699992236
as,4,beta_Q_4,0.946298101104891
as,4,beta_Q_5,0.954726500006618
as,4,beta_Q_6,0.952895600038412
as,4,beta_Q_7,0.940326500011025
as,4,beta_Q_8,0.911711903309846
as,4,beta_Q_9,0.863582103908553
as,4,beta_Q_10,0.782460213878918
as,4,beta_Q_11,0.661729525310679
as,4,beta_Q_12,0.513075047975742
as,4,beta_Q_13,0.34311506784986
as,4,beta_Q_14,0.199175459830733
as,4,beta_Q_15,0.105912526264473
as,4,beta_Q_16,0.0500897023507679
as,4,beta_Q_17,0.0257230038342171
as,4,h_Q_2,11.873777
as,4,h_Q_3,13.689385109
as,4,h_Q_4,18.621315069936
as,4,h_Q_5,22.0879764132591
as,4,h_Q_6,21.2294392893366
as,4,h_Q_7,16.7578573434463
as,4,h_Q_8,11.3265547675934
as,4,h_Q_9,7.33041632029728
as,4,h_Q_10,4.5968599731869
as,4,h_Q_11,2.95621404026621
as,4,h_Q_12,2.05370437323647
as,4,h_Q_13,1.5223360154064
as,4,h_Q_14,1.24871273758967
as,4,h_Q_15,1.11845876491779
as,4,h_Q_16,1.05273097847102
as,4,h_Q_17,1.02640214614517
as,4,P_Q_1,0.2400099309
as,4,P_Q_2,0.0554021626639412
as,4,P_Q_3,0.055098505891539
as,4,P_Q_4,0.054131809069202
as,4,P_Q_5,0.0517083339178659
as,4,P_Q_6,0.0477608470239351
as,4,P_Q_7,0.0440058162399413
as,4,P_Q_8,0.0383320361641815
as,4,P_Q_9,0.0332963169770201
as,4,P_Q_10,0.0266317512232805
as,4,P_Q_11,0.0197418465012088
as,4,P_Q_12,0.0120694326506273
as,4,P_Q_13,0.00566622449268478
as,4,P_Q_14,0.00175881790214782
as,4,P_Q_15,0.000324755838033015
as,4,P_Q_16,3.36133653542481e-05
as,4,P_Q_17,1.70191293850399e-06
as,4,L_Q,0.77565415817402
as,4,beta_NQ_2,0.799613500674926
as,4,beta_NQ_3,0.821086499924607
as,4,beta_NQ_4,0.875935005405642
as,4,beta_NQ_5,0.900361491462903
as,4,beta_NQ_6,0.900028300059175
as,4,beta_NQ_7,0.883267142757604
as,4,beta_NQ_8,0.846057803078419
as,4,beta_NQ_9,0.789139704543031
as,4,beta_NQ_10,0.701501812798948
as,4,beta_NQ_11,0.585631017831217
as,4,beta_NQ_12,0.434138626882012
as,4,beta_NQ_13,0.277026944002796
as,4,beta_NQ_14,0.155300276397469
as,4,beta_NQ_15,0.0806001114636423
as,4,beta_NQ_16,0.0376488988536307
as,4,beta_NQ_17,0.0191859183317102
as,4,h_NQ_2,4.99035614
as,4,h_NQ_3,5.589293146
as,4,h_NQ_4,8.06029097678399
as,4,h_NQ_5,10.0362710858577
as,4,h_NQ_6,10.0028308018246
as,4,h_NQ_7,8.56656521243064
as,4,h_NQ_8,6.49594458327527
as,4,h_NQ_9,4.742476413982
as,4,h_NQ_10,3.35010394968178
as,4,h_NQ_11,2.41330794243245
as,4,h_NQ_12,1.76721719825888
as,4,h_NQ_13,1.3831771347388
as,4,h_NQ_14,1.18385253262744
as,4,h_NQ_15,1.08766598574571
as,4,h_NQ_16,1.03912178980382
as,4,h_NQ_17,1.01955142437541
as,4,P_NQ_1,0.5600231721
as,4,P_NQ_2,0.129271716049243
as,4,P_NQ_3,0.128563183951006
as,4,P_NQ_4,0.126307551306071
as,4,P_NQ_5,0.120652779720837
as,4,P_NQ_6,0.111441979386464
as,4,P_NQ_7,0.102680238668745
as,4,P_NQ_8,0.089441420751515
as,4,P_NQ_9,0.0776914080283628
as,4,P_NQ_10,0.0621408002917497
as,4,P_NQ_11,0.0460642887240372
as,4,P_NQ_12,0.0281619995521673
as,4,P_NQ_13,0.0132211826090758
as,4,P_NQ_14,0.00410391040726062
as,4,P_NQ_15,0.000757765230868603
as,4,P_NQ_16,7.84310465538814e-05
as,4,P_NQ_17,3.9709196111885e-06
as,4,L_NQ,1.3764908029036
as,4,pi_Q,0.3
as,4,pi_NQ,0.7
as,4,y,0.250811822724251
as,4,nbar,3.68069233860786
as,4,Ptot,2.28657970147747
as,4,Pret,0.220760492667599
as,4,H,92.5316480411073
as,4,cCheck,0
as,4,shareq,0.3
as,4,A,0.100738932
as,4,A_Q,2
as,4,xpop,0.800033103
as,4,h_Q_1,100
as,4,mig_Q_2,-0.18592762
as,4,med_Q_2,-86.126223
as,4,mig_Q_3,-0.001375179
as,4,med_Q_3,-11.386803
as,4,mig_Q_4,-0.000693281
as,4,med_Q_4,-8.272577542
as,4,mig_Q_5,-0.000931951
as,4,med_Q_5,-5.192292161
as,4,mig_Q_6,0.000924829
as,4,med_Q_6,-4.851662293
as,4,mig_Q_7,0.000147452
as,4,med_Q_7,-5.670800076
as,4,mig_Q_8,5.62683e-05
as,4,med_Q_8,-5.598770008
as,4,mig_Q_9,0.001968751
as,4,med_Q_9,-3.926265903
as,4,mig_Q_10,0.001375679
as,4,med_Q_10,-2.681187427
as,4,mig_Q_11,0.002343852
as,4,med_Q_11,-1.621693543
as,4,mig_Q_12,0.002072404
as,4,med_Q_12,-0.891845341
as,4,mig_Q_13,0.001550275
as,4,med_Q_13,-0.526410347
as,4,mig_Q_14,0.000559875
as,4,med_Q_14,-0.281902062
as,4,mig_Q_15,0.000125785
as,4,med_Q_15,-0.131585562
as,4,mig_Q_16,1.56393e-05
as,4,med_Q_16,-0.057774391
as,4,mig_Q_17,7.2547e-07
as,4,med_Q_17,-0.01289837
as,4,h_NQ_1,100
as,4,mig_NQ_2,-0.402706837
as,4,med_NQ_2,-93.00964386
as,4,mig_NQ_3,0.003942123
as,4,med_NQ_3,-5.040511956
as,4,mig_NQ_4,0.004370837
as,4,med_NQ_4,-2.98456353
as,4,mig_NQ_5,0.003509014
as,4,med_NQ_5,-2.054404045
as,4,mig_NQ_6,0.007799497
as,4,med_NQ_6,-1.932494351
as,4,mig_NQ_7,0.006422785
as,4,med_NQ_7,-1.964116684
as,4,mig_NQ_8,0.006495656
as,4,med_NQ_8,-2.110988215
as,4,mig_NQ_9,0.010813959
as,4,med_NQ_9,-1.699941515
as,4,mig_NQ_10,0.009216146
as,4,med_NQ_10,-1.354922118
as,4,mig_NQ_11,0.010071508
as,4,med_NQ_11,-0.91806056
as,4,mig_NQ_12,0.008371549
as,4,med_NQ_12,-0.632623723
as,4,mig_NQ_13,0.005417241
as,4,med_NQ_13,-0.374931512
as,4,mig_NQ_14,0.001901815
as,4,med_NQ_14,-0.20094222
as,4,mig_NQ_15,0.000399883
as,4,med_NQ_15,-0.093124337
as,4,mig_NQ_16,4.64646e-05
as,4,med_NQ_16,-0.038500318
as,4,mig_NQ_17,2.24727e-06
as,4,med_NQ_17,-0.005006494
as,5,beta_Q_2,0.97831590005436
as,5,beta_Q_3,0.976824400001711
as,5,beta_Q_4,0.972756101044606
as,5,beta_Q_5,0.968474199995295
as,5,beta_Q_6,0.961299800006389
as,5,beta_Q_7,0.947256704690488
as,5,beta_Q_8,0.918899700325678
as,5,beta_Q_9,0.87503910061217
as,5,beta_Q_10,0.80298450290316
as,5,beta_Q_11,0.688932000729511
as,5,beta_Q_12,0.545905601157889
as,5,beta_Q_13,0.382226001756237
as,5,beta_Q_14,0.233474069512069
as,5,beta_Q_15,0.122301810119353
as,5,beta_Q_16,0.0608830171079231
as,5,beta_Q_17,0.0308175007459649
as,5,h_Q_2,46.11673992
as,5,h_Q_3,43.14882894
as,5,h_Q_4,36.70546433682
as,5,h_Q_5,31.7200515085373
as,5,h_Q_6,25.8396597469939
as,5,h_Q_7,18.9597541315499
as,5,h_Q_8,12.3304106175774
as,5,h_Q_9,8.00250318224148
as,5,h_Q_10,5.07574277589133
as,5,h_Q_11,3.21473118072316
as,5,h_Q_12,2.20218527646088
as,5,h_Q_13,1.61871493877174
as,5,h_Q_14,1.30458208009827
as,5,h_Q_15,1.13934367183788
as,5,h_Q_16,1.06483004861944
as,5,h_Q_17,1.0317974169016
as,5,P_Q_1,0.2322511179
as,5,P_Q_2,0.0547375935693415
as,5,P_Q_3,0.052932439462424
as,5,P_Q_4,0.05294098949888
as,5,P_Q_5,0.0523430946116657
as,5,P_Q_6,0.0508873098756513
as,5,P_Q_7,0.0446876891195788
as,5,P_Q_8,0.0408866024808203
as,5,P_Q_9,0.0351519314377626
as,5,P_Q_10,0.0273420413032194
as,5,P_Q_11,0.0205344860951735
as,5,P_Q_12,0.0126792128407374
as,5,P_Q_13,0.00598691720282931
as,5,P_Q_14,0.00185312986883465
as,5,P_Q_15,0.000347917847255657
as,5,P_Q_16,3.53494232637479e-05
as,5,P_Q_17,1.53344172588826e-06
as,5,L_Q,0.772968086951771
as,5,beta_NQ_2,0.949461622802603
as,5,beta_NQ_3,0.945148500061631
as,5,beta_NQ_4,0.939751299968669
as,5,beta_NQ_5,0.931510500004377
as,5,beta_NQ_6,0.91745130001448
as,5,beta_NQ_7,0.895631604059103
as,5,beta_NQ_8,0.857395600286007
as,5,beta_NQ_9,0.804925800395733
as,5,beta_NQ_10,0.726425001123515
as,5,beta_NQ_11,0.61504049989533
as,5,beta_NQ_12,0.466364099355962
as,5,beta_NQ_13,0.31223812072514
as,5,beta_NQ_14,0.183897629855855
as,5,beta_NQ_15,0.0940209412956333
as,5,beta_NQ_16,0.0461569048697826
as,5,beta_NQ_17,0.0231602981609627
as,5,h_NQ_2,19.78693429
as,5,h_NQ_3,18.2310419972
as,5,h_NQ_4,16.59786849308
as,5,h_NQ_5,14.6007782222483
as,5,h_NQ_6,12.1140611561405
as,5,h_NQ_7,9.58144419278814
as,5,h_NQ_8,7.01240635218202
as,5,h_NQ_9,5.12625452360976
as,5,h_NQ_10,3.65530475870236
as,5,h_NQ_11,2.59767585568814
as,5,h_NQ_12,1.8739368895838
as,5,h_NQ_13,1.4539816232937
as,5,h_NQ_14,1.22533462604402
as,5,h_NQ_15,1.10377821897489
as,5,h_NQ_16,1.0483904520308
as,5,h_NQ_17,1.02370941500774
as,5,P_NQ_1,0.5419192751
as,5,P_NQ_2,0.127721053101957
as,5,P_NQ_3,0.123509026870121
as,5,P_NQ_4,0.123528981229091
as,5,P_NQ_5,0.122133897276961
as,5,P_NQ_6,0.118737056229559
as,5,P_NQ_7,0.104271281715934
as,5,P_NQ_8,0.0954020711476459
as,5,P_NQ_9,0.0820211753457595
as,5,P_NQ_10,0.0637980985707992
as,5,P_NQ_11,0.0479138291237038
as,5,P_NQ_12,0.0295848150549501
as,5,P_NQ_13,0.013969466672945
as,5,P_NQ_14,0.00432396731349088
as,5,P_NQ_15,0.000811810636262007
as,5,P_NQ_16,8.24819265317701e-05
as,5,P_NQ_17,3.57876165385333e-06
as,5,L_NQ,1.37142499515102
as,5,pi_Q,0.3
as,5,pi_NQ,0.7
as,5,y,0.200335110938216
as,5,nbar,3.60436895221944
as,5,Ptot,2.28533122205653
as,5,Pret,0.229268636083376
as,5,H,100.915902125387
as,5,cCheck,-4.44089209850063e-16
as,5,shareq,0.3
as,5,A,0.081653838
as,5,A_Q,2
as,5,xpop,0.774170393
as,5,h_Q_1,100
as,5,mig_Q_2,-0.165058893
as,5,med_Q_2,-51.88326008
as,5,mig_Q_3,0.001577366
as,5,med_Q_3,31.51252748
as,5,mig_Q_4,0.000801378
as,5,med_Q_4,23.28986693
as,5,mig_Q_5,0.000662022
as,5,med_Q_5,13.47116274
as,5,mig_Q_6,0.001614666
as,5,med_Q_6,4.193442862
as,5,mig_Q_7,-0.000223101
as,5,med_Q_7,-1.845096372
as,5,mig_Q_8,0.000765976
as,5,med_Q_8,-4.092289579
as,5,mig_Q_9,0.002049071
as,5,med_Q_9,-3.09752049
as,5,mig_Q_10,0.001288998
as,5,med_Q_10,-2.108065218
as,5,mig_Q_11,0.00291147
as,5,med_Q_11,-1.290191593
as,5,mig_Q_12,0.002550164
as,5,med_Q_12,-0.694904483
as,5,mig_Q_13,0.001845713
as,5,med_Q_13,-0.393915347
as,5,mig_Q_14,0.000724557
as,5,med_Q_14,-0.187307215
as,5,mig_Q_15,0.000161637
as,5,med_Q_15,-0.084394811
as,5,mig_Q_16,1.90825e-05
as,5,med_Q_16,-0.031259541
as,5,mig_Q_17,6.68805e-07
as,5,med_Q_17,0.000121058
as,5,h_NQ_1,100
as,5,mig_NQ_2,-0.320081036
as,5,med_NQ_2,-78.21306571
as,5,mig_NQ_3,0.017365766
as,5,med_NQ_3,13.34049298
as,5,mig_NQ_4,0.010915988
as,5,med_NQ_4,11.12036121
as,5,mig_NQ_5,0.008411442
as,5,med_NQ_5,6.701693065
as,5,mig_NQ_6,0.01014614
as,5,med_NQ_6,2.278515492
as,5,mig_NQ_7,0.005838243
as,5,med_NQ_7,-0.221329993
as,5,mig_NQ_8,0.008528654
as,5,med_NQ_8,-1.382827556
as,5,mig_NQ_9,0.011439399
as,5,med_NQ_9,-1.239771168
as,5,mig_NQ_10,0.009297435
as,5,med_NQ_10,-0.992322127
as,5,mig_NQ_11,0.011522249
as,5,med_NQ_11,-0.685426015
as,5,mig_NQ_12,0.009586528
as,5,med_NQ_12,-0.491104894
as,5,mig_NQ_13,0.006167834
as,5,med_NQ_13,-0.277891231
as,5,mig_NQ_14,0.002270714
as,5,med_NQ_14,-0.130178966
as,5,mig_NQ_15,0.000481035
as,5,med_NQ_15,-0.056397263
as,5,mig_NQ_16,5.39529e-05
as,5,med_NQ_16,-0.017522214
as,5,mig_NQ_17,2.07399e-06
as,5,med_NQ_17,0.005370061
as,6,beta_Q_2,0.980093000081986
as,6,beta_Q_3,0.978183700006992
as,6,beta_Q_4,0.973443299999527
as,6,beta_Q_5,0.968100100598134
as,6,beta_Q_6,0.960728801748327
as,6,beta_Q_7,0.947101200015067
as,6,beta_Q_8,0.918668900015711
as,6,beta_Q_9,0.873653601874638
as,6,beta_Q_10,0.800306106442391
as,6,beta_Q_11,0.685122807218345
as,6,beta_Q_12,0.533326745557311
as,6,beta_Q_13,0.364243208418866
as,6,beta_Q_14,0.210392979249286
as,6,beta_Q_15,0.10710457224437
as,6,beta_Q_16,0.0513792132987517
as,6,beta_Q_17,0.0258055017436974
as,6,h_Q_2,50.23358618
as,6,h_Q_3,45.8372868036
as,6,h_Q_4,37.6552809642
as,6,h_Q_5,31.3480606470836
as,6,h_Q_6,25.4639532233665
as,6,h_Q_7,18.9040205110541
as,6,h_Q_8,12.2954195889189
as,6,h_Q_9,7.91474866222584
as,6,h_Q_10,5.00766422959665
as,6,h_Q_11,3.1758412533735
as,6,h_Q_12,2.1428257621087
as,6,h_Q_13,1.57292752993167
as,6,h_Q_14,1.2664518469963
as,6,h_Q_15,1.1199518834963
as,6,h_Q_16,1.05416200440112
as,6,h_Q_17,1.02648906464705
as,6,P_Q_1,0.2354582187
as,6,P_Q_2,0.0635929234469698
as,6,P_Q_3,0.0556168589959095
as,6,P_Q_4,0.0529758844302472
as,6,P_Q_5,0.0517508194518871
as,6,P_Q_6,0.0502920915819097
as,6,P_Q_7,0.0478914644633732
as,6,P_Q_8,0.041124593240228
as,6,P_Q_9,0.0364065528619043
as,6,P_Q_10,0.0293843861916378
as,6,P_Q_11,0.0208241592190559
as,6,P_Q_12,0.013313518976254
as,6,P_Q_13,0.00629877882953141
as,6,P_Q_14,0.00203395992317637
as,6,P_Q_15,0.000382637137344718
as,6,P_Q_16,4.0045288246618e-05
as,6,P_Q_17,1.73611087779998e-06
as,6,L_Q,0.795676513927258
as,6,beta_NQ_2,0.953018000050538
as,6,beta_NQ_3,0.947439199997024
as,6,beta_NQ_4,0.940336200557962
as,6,beta_NQ_5,0.929724029308708
as,6,beta_NQ_6,0.91563551810666
as,6,beta_NQ_7,0.895088600099634
as,6,beta_NQ_8,0.856512600216809
as,6,beta_NQ_9,0.802585803990379
as,6,beta_NQ_10,0.722879507523622
as,6,beta_NQ_11,0.610812705042895
as,6,beta_NQ_12,0.454135636348191
as,6,beta_NQ_13,0.296270685092385
as,6,beta_NQ_14,0.16523660568129
as,6,beta_NQ_15,0.0820849260258682
as,6,beta_NQ_16,0.0388798004271116
as,6,beta_NQ_17,0.0193578988289396
as,6,h_NQ_2,21.28474735
as,6,h_NQ_3,19.0255856062
as,6,h_NQ_4,16.760581795256
as,6,h_NQ_5,14.2296089622184
as,6,h_NQ_6,11.8533269328033
as,6,h_NQ_7,9.53185259401771
as,6,h_NQ_8,6.96925304993238
as,6,h_NQ_9,5.06549174513838
as,6,h_NQ_10,3.60853852513757
as,6,h_NQ_11,2.56945691452831
as,6,h_NQ_12,1.83195646157438
as,6,h_NQ_13,1.42100053779213
as,6,h_NQ_14,1.19794394082783
as,6,h_NQ_15,1.08942537252314
as,6,h_NQ_16,1.04045258559539
as,6,h_NQ_17,1.01974002399018
as,6,P_NQ_1,0.5494025103
as,6,P_NQ_2,0.148383499364456
as,6,P_NQ_3,0.129772670765607
as,6,P_NQ_4,0.123610397559061
as,6,P_NQ_5,0.120751917069742
as,6,P_NQ_6,0.117348222832583
as,6,P_NQ_7,0.111746750132136
as,6,P_NQ_8,0.0959573911794244
as,6,P_NQ_9,0.0849486214779296
as,6,P_NQ_10,0.0685635673926954
as,6,P_NQ_11,0.0485897034373559
as,6,P_NQ_12,0.0310648887659716
as,6,P_NQ_13,0.0146972830547585
as,6,P_NQ_14,0.00474587881150494
as,6,P_NQ_15,0.000892819476945964
as,6,P_NQ_16,9.34391663102231e-05
as,6,P_NQ_17,4.05092601136641e-06
as,6,L_NQ,1.41179144729595
as,6,pi_Q,0.3
as,6,pi_NQ,0.7
as,6,y,0.320438590730398
as,6,nbar,3.7752827251065
as,6,Ptot,2.35796224056105
as,6,Pret,0.240930852707678
as,6,H,103.799297970111
as,6,cCheck,4.44089209850063e-16
as,6,shareq,0.3
as,6,A,0.126438745
as,6,A_Q,2
as,6,xpop,0.784860729
as,6,h_Q_1,100
as,6,mig_Q_2,-0.163622038
as,6,med_Q_2,-47.76641382
as,6,mig_Q_3,0.002147842
as,6,med_Q_3,0.642881682
as,6,mig_Q_4,0.001485531
as,6,med_Q_4,-4.630571397
as,6,mig_Q_5,0.000478837
as,6,med_Q_5,-4.623294403
as,6,mig_Q_6,-2.53148e-05
as,6,med_Q_6,-5.621697255
as,6,mig_Q_7,-0.000311881
as,6,med_Q_7,-6.418846041
as,6,mig_Q_8,6.10891e-05
as,6,med_Q_8,-6.28513946
as,6,mig_Q_9,0.000629177
as,6,med_Q_9,-4.169053743
as,6,mig_Q_10,0.00115793
as,6,med_Q_10,-2.834788889
as,6,mig_Q_11,0.001987352
as,6,med_Q_11,-1.798386667
as,6,mig_Q_12,0.002103628
as,6,med_Q_12,-1.007610795
as,6,mig_Q_13,0.001452454
as,6,med_Q_13,-0.585214041
as,6,mig_Q_14,0.00063617
as,6,med_Q_14,-0.319888793
as,6,mig_Q_15,0.000155996
as,6,med_Q_15,-0.158538555
as,6,mig_Q_16,1.8863e-05
as,6,med_Q_16,-0.062394794
as,6,mig_Q_17,6.4673e-07
as,6,med_Q_17,-0.017044383
as,6,h_NQ_1,100
as,6,mig_NQ_2,-0.366148055
as,6,med_NQ_2,-76.71525265
as,6,mig_NQ_3,0.009057309
as,6,med_NQ_3,-0.365609998
as,6,mig_NQ_4,0.007542629
as,6,med_NQ_4,-1.105839362
as,6,mig_NQ_5,0.005683374
as,6,med_NQ_5,-2.036302161
as,6,mig_NQ_6,0.00529632
as,6,med_NQ_6,-2.455435725
as,6,mig_NQ_7,0.00540209
as,6,med_NQ_7,-2.339927339
as,6,mig_NQ_8,0.006555653
as,6,med_NQ_8,-2.420562259
as,6,mig_NQ_9,0.008157033
as,6,med_NQ_9,-1.80666648
as,6,mig_NQ_10,0.008981335
as,6,med_NQ_10,-1.415190908
as,6,mig_NQ_11,0.009351289
as,6,med_NQ_11,-1.012741749
as,6,mig_NQ_12,0.008719599
as,6,med_NQ_12,-0.713765877
as,6,mig_NQ_13,0.005459776
as,6,med_NQ_13,-0.415457614
as,6,mig_NQ_14,0.002176927
as,6,med_NQ_14,-0.22695805
as,6,mig_NQ_15,0.000486276
as,6,med_NQ_15,-0.111402561
as,6,mig_NQ_16,5.59685e-05
as,6,med_NQ_16,-0.041250069
as,6,mig_NQ_17,2.14062e-06
as,6,med_NQ_17,-0.007682619
as,7,beta_Q_2,0.982471202013489
as,7,beta_Q_3,0.98019100022191
as,7,beta_Q_4,0.975467800055399
as,7,beta_Q_5,0.969921200004865
as,7,beta_Q_6,0.962053899993213
as,7,beta_Q_7,0.948704999989433
as,7,beta_Q_8,0.921555200026118
as,7,beta_Q_9,0.879524100023635
as,7,beta_Q_10,0.809581700101734
as,7,beta_Q_11,0.701822499941256
as,7,beta_Q_12,0.564004501242922
as,7,beta_Q_13,0.398768598629999
as,7,beta_Q_14,0.24479335183729
as,7,beta_Q_15,0.13129522576739
as,7,beta_Q_16,0.063957127400127
as,7,beta_Q_17,0.0320524055387999
as,7,h_Q_2,57.04897084
as,7,h_Q_3,50.4821040984
as,7,h_Q_4,40.762752631528
as,7,h_Q_5,33.246007153916
as,7,h_Q_6,26.3531693591419
as,7,h_Q_7,19.4950774888992
as,7,h_Q_8,12.747817577833
as,7,h_Q_9,8.30041527114052
as,7,h_Q_10,5.25159609398132
as,7,h_Q_11,3.35370710300472
as,7,h_Q_12,2.29360165930603
as,7,h_Q_13,1.66325311286653
as,7,h_Q_14,1.32413518733303
as,7,h_Q_15,1.15113837105638
as,7,h_Q_16,1.06832709982638
as,7,h_Q_17,1.0331137801131
as,7,P_Q_1,0.2358901014
as,7,P_Q_2,0.0657660659596434
as,7,P_Q_3,0.0631562221516183
as,7,P_Q_4,0.0546893617565865
as,7,P_Q_5,0.0511453440461974
as,7,P_Q_6,0.0493387557615056
as,7,P_Q_7,0.0472443532884943
as,7,P_Q_8,0.0440902573787086
as,7,P_Q_9,0.0366807650099546
as,7,P_Q_10,0.0306768565698997
as,7,P_Q_11,0.0224795411560028
as,7,P_Q_12,0.0135552590652664
as,7,P_Q_13,0.00670016886725621
as,7,P_Q_14,0.00213355284357744
as,7,P_Q_15,0.000419747407533996
as,7,P_Q_16,5.2825195095658e-05
as,7,P_Q_17,1.19309975567497e-06
as,7,L_Q,0.811730374453973
as,7,beta_NQ_2,0.957769101087303
as,7,beta_NQ_3,0.951067400044386
as,7,beta_NQ_4,0.944235100027504
as,7,beta_NQ_5,0.933317200014092
as,7,beta_NQ_6,0.917863944448588
as,7,beta_NQ_7,0.897531433097593
as,7,beta_NQ_8,0.860720316055193
as,7,beta_NQ_9,0.810532600003745
as,7,beta_NQ_10,0.734017600170867
as,7,beta_NQ_11,0.628927800124643
as,7,beta_NQ_12,0.484616699454873
as,7,beta_NQ_13,0.327474613926273
as,7,beta_NQ_14,0.193547122720499
as,7,beta_NQ_15,0.101101276818328
as,7,beta_NQ_16,0.0484809100193364
as,7,beta_NQ_17,0.0240461982203856
as,7,h_NQ_2,23.6793438
as,7,h_NQ_3,20.436273568
as,7,h_NQ_4,17.932427027076
as,7,h_NQ_5,14.9963708803509
as,7,h_NQ_6,12.174914554974
as,7,h_NQ_7,9.75908717414728
as,7,h_NQ_8,7.17979204713736
as,7,h_NQ_9,5.27795282993373
as,7,h_NQ_10,3.75964725723561
as,7,h_NQ_11,2.69489333963482
as,7,h_NQ_12,1.94030345723774
as,7,h_NQ_13,1.48692582934289
as,7,h_NQ_14,1.23999617303628
as,7,h_NQ_15,1.11247215501127
as,7,h_NQ_16,1.05095105307268
as,7,h_NQ_17,1.02463866388348
as,7,P_NQ_1,0.5504102366
as,7,P_NQ_2,0.153454152588851
as,7,P_NQ_3,0.147364529930619
as,7,P_NQ_4,0.12760851116399
as,7,P_NQ_5,0.119339141883062
as,7,P_NQ_6,0.115123769148526
as,7,P_NQ_7,0.110236832499397
as,7,P_NQ_8,0.102877266521454
as,7,P_NQ_9,0.0855884569485576
as,7,P_NQ_10,0.0715793326587763
as,7,P_NQ_11,0.0524522630665231
as,7,P_NQ_12,0.0316289318904935
as,7,P_NQ_13,0.0156337248770131
as,7,P_NQ_14,0.00497830716470543
as,7,P_NQ_15,0.000979408111170118
as,7,P_NQ_16,0.000123259043081097
as,7,P_NQ_17,2.78390092809376e-06
as,7,L_NQ,1.44039923510979
as,7,pi_Q,0.3
as,7,pi_NQ,0.7
as,7,y,0.376048339511167
as,7,nbar,3.87337624733828
as,7,Ptot,2.41340127895424
as,7,Pret,0.253397154917079
as,7,H,106.978693574747
as,7,cCheck,-4.44089209850063e-16
as,7,shareq,0.3
as,7,A,0.145740715
as,7,A_Q,2
as,7,xpop,0.786300338
as,7,h_Q_1,100
as,7,mig_Q_2,-0.165004886
as,7,med_Q_2,-40.95102916
as,7,mig_Q_3,0.000950661
as,7,med_Q_3,1.253189642
as,7,mig_Q_4,0.000549503
as,7,med_Q_4,-4.157788436
as,7,mig_Q_5,-0.000140615
as,7,med_Q_5,-3.656168191
as,7,mig_Q_6,-0.000379747
as,7,med_Q_6,-4.367930075
as,7,mig_Q_7,-0.000387347
as,7,med_Q_7,-5.45959667
as,7,mig_Q_8,9.38584e-05
as,7,med_Q_8,-5.778122523
as,7,mig_Q_9,0.000752116
as,7,med_Q_9,-3.749095926
as,7,mig_Q_10,0.00154047
as,7,med_Q_10,-2.504857595
as,7,mig_Q_11,0.002347628
as,7,med_Q_11,-1.553803842
as,7,mig_Q_12,0.002449178
as,7,med_Q_12,-0.818722769
as,7,mig_Q_13,0.00185081
as,7,med_Q_13,-0.436716134
as,7,mig_Q_14,0.000808334
as,7,med_Q_14,-0.217333792
as,7,mig_Q_15,0.000201901
as,7,med_Q_15,-0.089984439
as,7,mig_Q_16,3.31656e-05
as,7,med_Q_16,-0.029225746
as,7,mig_Q_17,1.59711e-07
as,7,med_Q_17,3.50158e-05
as,7,h_NQ_1,100
as,7,mig_NQ_2,-0.370136329
as,7,med_NQ_2,-74.3206562
as,7,mig_NQ_3,0.006780186
as,7,med_NQ_3,-0.422778835
as,7,mig_NQ_4,0.005578571
as,7,med_NQ_4,-0.712646867
as,7,mig_NQ_5,0.004415585
as,7,med_NQ_5,-1.428999279
as,7,mig_NQ_6,0.004559025
as,7,med_NQ_6,-1.770102228
as,7,mig_NQ_7,0.005199776
as,7,med_NQ_7,-1.85717322
as,7,mig_NQ_8,0.007164767
as,7,med_NQ_8,-2.161423495
as,7,mig_NQ_9,0.008574417
as,7,med_NQ_9,-1.551915159
as,7,mig_NQ_10,0.010171715
as,7,med_NQ_10,-1.204534653
as,7,mig_NQ_11,0.010572765
as,7,med_NQ_11,-0.841474415
as,7,mig_NQ_12,0.009562616
as,7,med_NQ_12,-0.577764319
as,7,mig_NQ_13,0.006430109
as,7,med_NQ_13,-0.308391503
as,7,mig_NQ_14,0.002549778
as,7,med_NQ_14,-0.152584354
as,7,mig_NQ_15,0.000589843
as,7,med_NQ_15,-0.061512907
as,7,mig_NQ_16,8.85464e-05
as,7,med_NQ_16,-0.016685812
as,7,mig_NQ_17,9.75115e-07
as,7,med_NQ_17,0.00499513
as,8,beta_Q_2,0.984076900170265
as,8,beta_Q_3,0.981349700005238
as,8,beta_Q_4,0.976195800002336
as,8,beta_Q_5,0.970504804524301
as,8,beta_Q_6,0.962159300001863
as,8,beta_Q_7,0.948815299989353
as,8,beta_Q_8,0.921650599973983
as,8,beta_Q_9,0.880413700421122
as,8,beta_Q_10,0.811607402573308
as,8,beta_Q_11,0.705571507928962
as,8,beta_Q_12,0.56743200160931
as,8,beta_Q_13,0.406678020558233
as,8,beta_Q_14,0.250219899970082
as,8,beta_Q_15,0.131435124972837
as,8,beta_Q_16,0.0647460680280114
as,8,beta_Q_17,0.0321388047175256
as,8,h_Q_2,62.80184135
as,8,h_Q_3,53.6184404572
as,8,h_Q_4,42.009393304432
as,8,h_Q_5,33.9038216428974
as,8,h_Q_6,26.4265724468377
as,8,h_Q_7,19.5370882269591
as,8,h_Q_8,12.7633396001212
as,8,h_Q_9,8.36216189027632
as,8,h_Q_10,5.30806411871771
as,8,h_Q_11,3.3964103361017
as,8,h_Q_12,2.31177525794463
as,8,h_Q_13,1.68542545711991
as,8,h_Q_14,1.33372437760919
as,8,h_Q_15,1.15132444658637
as,8,h_Q_16,1.06922757063525
as,8,h_Q_17,1.03320599782985
as,8,P_Q_1,0.2371570851
as,8,P_Q_2,0.0619843694655418
as,8,P_Q_3,0.0635017429736429
as,8,P_Q_4,0.0605532080820492
as,8,P_Q_5,0.0517454613824486
as,8,P_Q_6,0.0480742257061389
as,8,P_Q_7,0.0458182892841978
as,8,P_Q_8,0.043174637444883
as,8,P_Q_9,0.0390164759408191
as,8,P_Q_10,0.0307427090977912
as,8,P_Q_11,0.0235298201682263
as,8,P_Q_12,0.0148994633978611
as,8,P_Q_13,0.00705889466152286
as,8,P_Q_14,0.00246174979489151
as,8,P_Q_15,0.000482071302284158
as,8,P_Q_16,5.83014384195248e-05
as,8,P_Q_17,1.05926057587226e-06
as,8,L_Q,0.815540967394772
as,8,beta_NQ_2,0.960777500039771
as,8,beta_NQ_3,0.95269410000342
as,8,beta_NQ_4,0.944511400034005
as,8,beta_NQ_5,0.933747900113122
as,8,beta_NQ_6,0.917632100015902
as,8,beta_NQ_7,0.89721959992845
as,8,beta_NQ_8,0.86024950002811
as,8,beta_NQ_9,0.81121900012386
as,8,beta_NQ_10,0.736195901222575
as,8,beta_NQ_11,0.632981405821706
as,8,beta_NQ_12,0.488113801320407
as,8,beta_NQ_13,0.334880909025814
as,8,beta_NQ_14,0.19806959828046
as,8,beta_NQ_15,0.101101897984911
as,8,beta_NQ_16,0.0489212004345328
as,8,beta_NQ_17,0.0239971028930627
as,8,h_NQ_2,25.49557014
as,8,h_NQ_3,21.13901226
as,8,h_NQ_4,18.02171977664
as,8,h_NQ_5,15.0938611745345
as,8,h_NQ_6,12.1406518817439
as,8,h_NQ_7,9.72948148887455
as,8,h_NQ_8,7.15560946166433
as,8,h_NQ_9,5.29714325319461
as,8,h_NQ_10,3.79069165333506
as,8,h_NQ_11,2.7246575540909
as,8,h_NQ_12,1.95355920984212
as,8,h_NQ_13,1.50349012409299
as,8,h_NQ_14,1.24699100675603
as,8,h_NQ_15,1.11247314657556
as,8,h_NQ_16,1.05143736391104
as,8,h_NQ_17,1.02458712001123
as,8,P_NQ_1,0.5533665319
as,8,P_NQ_2,0.144630194537632
as,8,P_NQ_3,0.148170732928693
as,8,P_NQ_4,0.141290830659544
as,8,P_NQ_5,0.120739411337542
as,8,P_NQ_6,0.112173204495897
as,8,P_NQ_7,0.106909353507473
as,8,P_NQ_8,0.100740841309804
as,8,P_NQ_9,0.0910384433149123
as,8,P_NQ_10,0.0717329927717079
as,8,P_NQ_11,0.0549029142234742
as,8,P_NQ_12,0.0347654146062372
as,8,P_NQ_13,0.0164708492597397
as,8,P_NQ_14,0.00574405146734978
as,8,P_NQ_15,0.00112483221074555
as,8,P_NQ_16,0.000136036096509847
as,8,P_NQ_17,2.47160038238312e-06
as,8,L_NQ,1.44723058065252
as,8,pi_Q,0.3
as,8,pi_NQ,0.7
as,8,y,0.343083838779671
as,8,nbar,3.91520371956612
as,8,Ptot,2.43419867072894
as,8,Pret,0.264113631357719
as,8,H,108.484512780798
as,8,cCheck,4.44089209850063e-16
as,8,shareq,0.3
as,8,A,0.131969085
as,8,A_Q,2
as,8,xpop,0.790523617
as,8,h_Q_1,100
as,8,mig_Q_2,-0.169770862
as,8,med_Q_2,-35.19815865
as,8,mig_Q_3,-0.000961563
as,8,med_Q_3,-2.289550966
as,8,mig_Q_4,-0.001053653
as,8,med_Q_4,-7.463068712
as,8,mig_Q_5,-0.00129891
as,8,med_Q_5,-6.043675936
as,8,mig_Q_6,-0.001130352
as,8,med_Q_6,-6.154514564
as,8,mig_Q_7,-0.000989635
as,8,med_Q_7,-6.289017745
as,8,mig_Q_8,-0.000363642
as,8,med_Q_8,-6.341836339
as,8,mig_Q_9,0.000238032
as,8,med_Q_9,-4.130699336
as,8,mig_Q_10,0.001046633
as,8,med_Q_10,-2.826342847
as,8,mig_Q_11,0.002000112
as,8,med_Q_11,-1.750153836
as,8,mig_Q_12,0.002220901
as,8,med_Q_12,-0.974857703
as,8,mig_Q_13,0.001653483
as,8,med_Q_13,-0.562304169
as,8,mig_Q_14,0.000821593
as,8,med_Q_14,-0.296263673
as,8,mig_Q_15,0.000201946
as,8,med_Q_15,-0.146328037
as,8,mig_Q_16,3.14556e-05
as,8,med_Q_16,-0.058888033
as,8,mig_Q_17,-6.33914e-07
as,8,med_Q_17,-0.01375456
as,8,h_NQ_1,100
as,8,mig_NQ_2,-0.382535723
as,8,med_NQ_2,-72.50442986
as,8,mig_NQ_3,0.002225491
as,8,med_NQ_3,-2.066744664
as,8,mig_NQ_4,0.002144069
as,8,med_NQ_4,-2.00582832
as,8,mig_NQ_5,0.001640193
as,8,med_NQ_5,-2.479917312
as,8,mig_NQ_6,0.002636109
as,8,med_NQ_6,-2.555791581
as,8,mig_NQ_7,0.003582152
as,8,med_NQ_7,-2.201934775
as,8,mig_NQ_8,0.00585776
as,8,med_NQ_8,-2.408295969
as,8,mig_NQ_9,0.007653065
as,8,med_NQ_9,-1.739052953
as,8,mig_NQ_10,0.008909559
as,8,med_NQ_10,-1.38170212
as,8,mig_NQ_11,0.009884682
as,8,med_NQ_11,-0.959796758
as,8,mig_NQ_12,0.009346172
as,8,med_NQ_12,-0.687436263
as,8,mig_NQ_13,0.006113177
as,8,med_NQ_13,-0.398007264
as,8,mig_NQ_14,0.002718189
as,8,med_NQ_14,-0.210196306
as,8,mig_NQ_15,0.000621519
as,8,med_NQ_15,-0.102723103
as,8,mig_NQ_16,8.85535e-05
as,8,med_NQ_16,-0.038785348
as,8,mig_NQ_17,-4.92311e-07
as,8,med_NQ_17,-0.005344912
as,9,beta_Q_2,0.96266830069613
as,9,beta_Q_3,0.969614707442619
as,9,beta_Q_4,0.968790300004278
as,9,beta_Q_5,0.964848000001087
as,9,beta_Q_6,0.959020300055827
as,9,beta_Q_7,0.946032000001399
as,9,beta_Q_8,0.917943999970297
as,9,beta_Q_9,0.873158899942629
as,9,beta_Q_10,0.799224600206456
as,9,beta_Q_11,0.684108700263053
as,9,beta_Q_12,0.524296802675033
as,9,beta_Q_13,0.349467602064531
as,9,beta_Q_14,0.192348504105645
as,9,beta_Q_15,0.0924704818850259
as,9,beta_Q_16,0.0424817826895312
as,9,beta_Q_17,0.0212006195287917
as,9,h_Q_2,26.78688621
as,9,h_Q_3,32.910650873
as,9,h_Q_4,32.041320488056
as,9,h_Q_5,28.4478834783434
as,9,h_Q_6,24.4023260340395
as,9,h_Q_7,18.5294989619009
as,9,h_Q_8,12.1867992544199
as,9,h_Q_9,7.88387990511878
as,9,h_Q_10,4.98068986947079
as,9,h_Q_11,3.16564590534336
as,9,h_Q_12,2.10215109137966
as,9,h_Q_13,1.53720245078573
as,9,h_Q_14,1.23815779997752
as,9,h_Q_15,1.10188878805701
as,9,h_Q_16,1.04436624765465
as,9,h_Q_17,1.02165980522254
as,9,P_Q_1,0.2266226103
as,9,P_Q_2,0.0414496791586237
as,9,P_Q_3,0.0516282473800233
as,9,P_Q_4,0.0542348667836981
as,9,P_Q_5,0.0536468613729884
as,9,P_Q_6,0.0465962209020102
as,9,P_Q_7,0.0430398818851261
as,9,P_Q_8,0.0405670228085624
as,9,P_Q_9,0.0371925523171898
as,9,P_Q_10,0.0321428766958922
as,9,P_Q_11,0.02301255361595
as,9,P_Q_12,0.0151273569555638
as,9,P_Q_13,0.007414317282022
as,9,P_Q_14,0.00240623391610559
as,9,P_Q_15,0.000495740391943421
as,9,P_Q_16,5.76669213320421e-05
as,9,P_Q_17,8.54411595105203e-12
as,9,L_Q,0.746153395287947
as,9,beta_NQ_2,0.905323203444421
as,9,beta_NQ_3,0.921064334809679
as,9,beta_NQ_4,0.926780500018136
as,9,beta_NQ_5,0.920391449983453
as,9,beta_NQ_6,0.910466100140916
as,9,beta_NQ_7,0.891719300024289
as,9,beta_NQ_8,0.853882599839066
as,9,beta_NQ_9,0.800513300016735
as,9,beta_NQ_10,0.720826100181882
as,9,beta_NQ_11,0.609624400096542
as,9,beta_NQ_12,0.445819901310995
as,9,beta_NQ_13,0.283781100700842
as,9,beta_NQ_14,0.150601997808238
as,9,beta_NQ_15,0.0702885184474611
as,9,beta_NQ_16,0.0318585909122844
as,9,beta_NQ_17,0.0157289018500441
as,9,h_NQ_2,10.56224967
as,9,h_NQ_3,12.6685390672
as,9,h_NQ_4,13.6575639018
as,9,h_NQ_5,12.5614569281072
as,9,h_NQ_6,11.1689538810438
as,9,h_NQ_7,9.23525614610899
as,9,h_NQ_8,6.84381188609706
as,9,h_NQ_9,5.01286551943104
as,9,h_NQ_10,3.58199674313072
as,9,h_NQ_11,2.56163551226836
as,9,h_NQ_12,1.80446753900908
as,9,h_NQ_13,1.39622118364528
as,9,h_NQ_14,1.17730439361113
as,9,h_NQ_15,1.07560120862091
as,9,h_NQ_16,1.03290686064405
as,9,h_NQ_17,1.01598024863282
as,9,P_NQ_1,0.5287860907
as,9,P_NQ_2,0.0967159191245605
as,9,P_NQ_3,0.120465910018348
as,9,P_NQ_4,0.126548024402544
as,9,P_NQ_5,0.125176018433588
as,9,P_NQ_6,0.108724515580353
as,9,P_NQ_7,0.100426401660501
as,9,P_NQ_8,0.0946563969031318
as,9,P_NQ_9,0.0867826385589756
as,9,P_NQ_10,0.0750000478221221
as,9,P_NQ_11,0.0536959626084339
as,9,P_NQ_12,0.0352971661651882
as,9,P_NQ_13,0.017300073645996
as,9,P_NQ_14,0.00561456349621466
as,9,P_NQ_15,0.00115672150547207
as,9,P_NQ_16,0.000134555342037102
as,9,P_NQ_17,2.20511739353022e-12
as,9,L_NQ,1.32367774574663
as,9,pi_Q,0.3
as,9,pi_NQ,0.7
as,9,y,0.368888565922938
as,9,nbar,3.59156684947756
as,9,Ptot,2.25211569466525
as,9,Pret,0.268855836375022
as,9,H,93.4093995538607
as,9,cCheck,0
as,9,shareq,0.3
as,9,A,0.150728864
as,9,A_Q,2
as,9,xpop,0.755408701
as,9,h_Q_1,100
as,9,mig_Q_2,-0.19193113
as,9,med_Q_2,-71.21311379
as,9,mig_Q_3,-0.009200095
as,9,med_Q_3,-28.63515365
as,9,mig_Q_4,-0.007755268
as,9,med_Q_4,-20.50475116
as,9,mig_Q_5,-0.005120318
as,9,med_Q_5,-12.72132196
as,9,mig_Q_6,-0.003191156
as,9,med_Q_6,-8.823419176
as,9,mig_Q_7,-0.002573679
as,9,med_Q_7,-7.368542036
as,9,mig_Q_8,-0.001661431
as,9,med_Q_8,-6.959547208
as,9,mig_Q_9,-0.00081899
as,9,med_Q_9,-4.624192903
as,9,mig_Q_10,0.000476816
as,9,med_Q_10,-3.214228783
as,9,mig_Q_11,0.001321374
as,9,med_Q_11,-2.036256931
as,9,mig_Q_12,0.001775784
as,9,med_Q_12,-1.226331038
as,9,mig_Q_13,0.001355033
as,9,med_Q_13,-0.728337302
as,9,mig_Q_14,0.000639958
as,9,med_Q_14,-0.413559148
as,9,mig_Q_15,0.00017218
as,9,med_Q_15,-0.205161102
as,9,mig_Q_16,2.64547e-05
as,9,med_Q_16,-0.08393171
as,9,mig_Q_17,-1.87373e-06
as,9,med_Q_17,-0.026183214
as,9,h_NQ_1,100
as,9,mig_NQ_2,-0.434946194
as,9,med_NQ_2,-87.43775033
as,9,mig_NQ_3,-0.017322423
as,9,med_NQ_3,-12.31711967
as,9,mig_NQ_4,-0.013400922
as,9,med_NQ_4,-7.058668113
as,9,mig_NQ_5,-0.006753998
as,9,med_NQ_5,-5.099828453
as,9,mig_NQ_6,-0.002069844
as,9,med_NQ_6,-3.62303007
as,9,mig_NQ_7,-0.000217596
as,9,med_NQ_7,-2.662582698
as,9,mig_NQ_8,0.002687679
as,9,med_NQ_8,-2.691079973
as,9,mig_NQ_9,0.005059754
as,9,med_NQ_9,-1.999631753
as,9,mig_NQ_10,0.007977919
as,9,med_NQ_10,-1.609203645
as,9,mig_NQ_11,0.008290312
as,9,med_NQ_11,-1.153242308
as,9,mig_NQ_12,0.008498296
as,9,med_NQ_12,-0.865696864
as,9,mig_NQ_13,0.0056578
as,9,med_NQ_13,-0.518266842
as,9,mig_NQ_14,0.002352189
as,9,med_NQ_14,-0.296115928
as,9,mig_NQ_15,0.000575987
as,9,med_NQ_15,-0.146449978
as,9,mig_NQ_16,7.95272e-05
as,9,med_NQ_16,-0.057316823
as,9,mig_NQ_17,-3.26447e-06
as,9,med_NQ_17,-0.014428368
as,10,beta_Q_2,0.986426700069285
as,10,beta_Q_3,0.987473200142563
as,10,beta_Q_4,0.984694600000777
as,10,beta_Q_5,0.980313000051596
as,10,beta_Q_6,0.97328560153488
as,10,beta_Q_7,0.962059500005814
as,10,beta_Q_8,0.939212103062337
as,10,beta_Q_9,0.902843200521366
as,10,beta_Q_10,0.840300099934678
as,10,beta_Q_11,0.742515600294894
as,10,beta_Q_12,0.605056707370968
as,10,beta_Q_13,0.440940987893285
as,10,beta_Q_14,0.277381426484267
as,10,beta_Q_15,0.155285704313517
as,10,beta_Q_16,0.0771783404487145
as,10,beta_Q_17,0.0382366976780276
as,10,h_Q_2,73.67405126
as,10,h_Q_3,79.8288469458
as,10,h_Q_4,65.33641721554
as,10,h_Q_5,50.7949408282949
as,10,h_Q_6,37.4329949397765
as,10,h_Q_7,26.3570590833587
as,10,h_Q_8,16.4506423146629
as,10,h_Q_9,10.2926403463315
as,10,h_Q_10,6.26174468001641
as,10,h_Q_11,3.88373043608137
as,10,h_Q_12,2.53200133323649
as,10,h_Q_13,1.78871901655207
as,10,h_Q_14,1.38385588177002
as,10,h_Q_15,1.18383221897797
as,10,h_Q_16,1.08363083129587
as,10,h_Q_17,1.03975676670155
as,10,P_Q_1,0.228139101
as,10,P_Q_2,0.0460741171568224
as,10,P_Q_3,0.0462082265309793
as,10,P_Q_4,0.0573718052679878
as,10,P_Q_5,0.0582240677465765
as,10,P_Q_6,0.0546503800909767
as,10,P_Q_7,0.0460425580524357
as,10,P_Q_8,0.0416365793358818
as,10,P_Q_9,0.0380139590094719
as,10,P_Q_10,0.0329401667563637
as,10,P_Q_11,0.0259605915991423
as,10,P_Q_12,0.0158181112822303
as,10,P_Q_13,0.00797567816083508
as,10,P_Q_14,0.00270104683816156
as,10,P_Q_15,0.000519900609750377
as,10,P_Q_16,6.34524356009634e-05
as,10,P_Q_17,1.06309045855739e-06
as,10,L_Q,0.773751162014427
as,10,beta_NQ_2,0.965960400004401
as,10,beta_NQ_3,0.968815599997748
as,10,beta_NQ_4,0.964758999992157
as,10,beta_NQ_5,0.955200000144948
as,10,beta_NQ_6,0.94075630351581
as,10,beta_NQ_7,0.922422428101573
as,10,beta_NQ_8,0.889363701409856
as,10,beta_NQ_9,0.84350539996961
as,10,beta_NQ_10,0.772416900029399
as,10,beta_NQ_11,0.674246481443401
as,10,beta_NQ_12,0.526415033258905
as,10,beta_NQ_13,0.366288453122011
as,10,beta_NQ_14,0.221180203623582
as,10,beta_NQ_15,0.120159597731927
as,10,beta_NQ_16,0.0586116104771719
as,10,beta_NQ_17,0.0286947287857468
as,10,h_NQ_2,29.3775485
as,10,h_NQ_3,32.0673157066
as,10,h_NQ_4,28.376039265856
as,10,h_NQ_5,22.321428572764
as,10,h_NQ_6,16.8794319055451
as,10,h_NQ_7,12.8903188534229
as,10,h_NQ_8,9.03862475718681
as,10,h_NQ_9,6.38999683537512
as,10,h_NQ_10,4.39399937904242
as,10,h_NQ_11,3.0697983132681
as,10,h_NQ_12,2.11155202702299
as,10,h_NQ_13,1.5780048862289
as,10,h_NQ_14,1.28399406397237
as,10,h_NQ_15,1.13656976573891
as,10,h_NQ_16,1.06226012444849
as,10,h_NQ_17,1.02954240843116
as,10,P_NQ_1,0.532324569
as,10,P_NQ_2,0.107506275569376
as,10,P_NQ_3,0.10781919871397
as,10,P_NQ_4,0.133867544321945
as,10,P_NQ_5,0.135856164672399
as,10,P_NQ_6,0.127517561334397
as,10,P_NQ_7,0.107432634928792
as,10,P_NQ_8,0.0971520259423504
as,10,P_NQ_9,0.0886992446526199
as,10,P_NQ_10,0.0768603999159602
as,10,P_NQ_11,0.0605747141607732
as,10,P_NQ_12,0.0369089277508909
as,10,P_NQ_13,0.0186099156659776
as,10,P_NQ_14,0.00630244265331665
as,10,P_NQ_15,0.00121309134987813
as,10,P_NQ_16,0.000148055517242276
as,10,P_NQ_17,2.48052576830068e-06
as,10,L_NQ,1.37244231706732
as,10,pi_Q,0.3
as,10,pi_NQ,0.7
as,10,y,0.173800728574183
as,10,nbar,3.61436456401596
as,10,Ptot,2.34113605163933
as,10,Pret,0.28660003831235
as,10,H,112.600076891662
as,10,cCheck,-4.44089209850063e-16
as,10,shareq,0.3
as,10,A,0.070701597
as,10,A_Q,2
as,10,xpop,0.76046367
as,10,h_Q_1,100
as,10,mig_Q_2,-0.172088286
as,10,med_Q_2,-24.32594874
as,10,mig_Q_3,0.006018008
as,10,med_Q_3,53.57769846
as,10,mig_Q_4,0.00735486
as,10,med_Q_4,33.08397936
as,10,mig_Q_5,0.005895665
as,10,med_Q_5,19.39444675
as,10,mig_Q_6,0.003201951
as,10,med_Q_6,9.554069131
as,10,mig_Q_7,0.001961042
as,10,med_Q_7,2.44277957
as,10,mig_Q_8,0.002128378
as,10,med_Q_8,-1.708266668
as,10,mig_Q_9,0.002592502
as,10,med_Q_9,-1.650422923
as,10,mig_Q_10,0.003214964
as,10,med_Q_10,-1.464457627
as,10,mig_Q_11,0.00397137
as,10,med_Q_11,-0.997345636
as,10,mig_Q_12,0.003752703
as,10,med_Q_12,-0.570331654
as,10,mig_Q_13,0.002689157
as,10,med_Q_13,-0.271389053
as,10,mig_Q_14,0.001274914
as,10,med_Q_14,-0.12260252
as,10,mig_Q_15,0.000297395
as,10,med_Q_15,-0.029562425
as,10,mig_Q_16,4.23925e-05
as,10,med_Q_16,0.003779819
as,10,mig_Q_17,-1.59484e-07
as,10,med_Q_17,0.016277844
as,10,h_NQ_1,100
as,10,mig_NQ_2,-0.371216042
as,10,med_NQ_2,-68.6224515
as,10,mig_NQ_3,0.018737615
as,10,med_NQ_3,21.71631103
as,10,mig_NQ_4,0.022222088
as,10,med_NQ_4,15.96087098
as,10,mig_NQ_5,0.019382445
as,10,med_NQ_5,8.937015949
as,10,mig_NQ_6,0.01354904
as,10,med_NQ_6,4.569204116
as,10,mig_NQ_7,0.010480886
as,10,med_NQ_7,1.94474405
as,10,mig_NQ_8,0.011399669
as,10,med_NQ_8,-0.011926266
as,10,mig_NQ_9,0.01292554
as,10,med_NQ_9,-0.316938813
as,10,mig_NQ_10,0.014305209
as,10,med_NQ_10,-0.51860883
as,10,mig_NQ_11,0.014852855
as,10,med_NQ_11,-0.440558495
as,10,mig_NQ_12,0.012970199
as,10,med_NQ_12,-0.398850775
as,10,mig_NQ_13,0.008593247
as,10,med_NQ_13,-0.190373302
as,10,mig_NQ_14,0.003697017
as,10,med_NQ_14,-0.084302696
as,10,mig_NQ_15,0.000818452
as,10,med_NQ_15,-0.01718854
as,10,mig_NQ_16,0.000111204
as,10,med_NQ_16,0.00817094
as,10,mig_NQ_17,3.64118e-07
as,10,med_NQ_17,0.017293685
as,11,beta_Q_2,0.993591100002428
as,11,beta_Q_3,0.991658700496937
as,11,beta_Q_4,0.988412000144944
as,11,beta_Q_5,0.983095300000944
as,11,beta_Q_6,0.975058800018706
as,11,beta_Q_7,0.962736404057653
as,11,beta_Q_8,0.941151100012965
as,11,beta_Q_9,0.907147799994951
as,11,beta_Q_10,0.848107599906427
as,11,beta_Q_11,0.750221225887767
as,11,beta_Q_12,0.616204873850281
as,11,beta_Q_13,0.447024208628429
as,11,beta_Q_14,0.279029953486581
as,11,beta_Q_15,0.149287502194982
as,11,beta_Q_16,0.0709255058263431
as,11,beta_Q_17,0.0340335968057298
as,11,h_Q_2,156.03301659
as,11,h_Q_3,119.8853895648
as,11,h_Q_4,86.296168443884
as,11,h_Q_5,59.1551462052292
as,11,h_Q_6,40.094301801729
as,11,h_Q_7,26.835839800981
as,11,h_Q_8,16.9926710646915
as,11,h_Q_9,10.7698040533697
as,11,h_Q_10,6.58360786540487
as,11,h_Q_11,4.00353912341608
as,11,h_Q_12,2.60555494335975
as,11,h_Q_13,1.80839740357176
as,11,h_Q_14,1.38701295622103
as,11,h_Q_15,1.17548525513462
as,11,h_Q_16,1.07633995359841
as,11,h_Q_17,1.03523269166995
as,11,P_Q_1,0.2458306653
as,11,P_Q_2,0.0619474285562033
as,11,P_Q_3,0.0470410209125907
as,11,P_Q_4,0.047841618140668
as,11,P_Q_5,0.0581952385406371
as,11,P_Q_6,0.0579836048005343
as,11,P_Q_7,0.0531009223454527
as,11,P_Q_8,0.0440684367787978
as,11,P_Q_9,0.0387561435463693
as,11,P_Q_10,0.033816558554572
as,11,P_Q_11,0.0269581076929153
as,11,P_Q_12,0.0185859610743795
as,11,P_Q_13,0.00903058161539256
as,11,P_Q_14,0.00325755898543185
as,11,P_Q_15,0.000714998960647717
as,11,P_Q_16,9.42372662588088e-05
as,11,P_Q_17,1.15970085571844e-11
as,11,L_Q,0.821440471081145
as,11,beta_NQ_2,0.983665399999646
as,11,beta_NQ_3,0.978835400001824
as,11,beta_NQ_4,0.972980100144218
as,11,beta_NQ_5,0.961216512998593
as,11,beta_NQ_6,0.944081100012597
as,11,beta_NQ_7,0.923078700404588
as,11,beta_NQ_8,0.891839629677109
as,11,beta_NQ_9,0.849085600046479
as,11,beta_NQ_10,0.781791099620542
as,11,beta_NQ_11,0.682715361040902
as,11,beta_NQ_12,0.537869174743662
as,11,beta_NQ_13,0.372200304897387
as,11,beta_NQ_14,0.223064448964196
as,11,beta_NQ_15,0.115793400331142
as,11,beta_NQ_16,0.0540179978328478
as,11,beta_NQ_17,0.025615596515411
as,11,h_NQ_2,61.21974214
as,11,h_NQ_3,47.24870775
as,11,h_NQ_4,37.009759471468
as,11,h_NQ_5,25.7841607835389
as,11,h_NQ_6,17.8830413343087
as,11,h_NQ_7,13.0003003064342
as,11,h_NQ_8,9.24552793635446
as,11,h_NQ_9,6.62627290904307
as,11,h_NQ_10,4.58276448966762
as,11,h_NQ_11,3.15174253546158
as,11,h_NQ_12,2.16388859600274
as,11,h_NQ_13,1.59286473048253
as,11,h_NQ_14,1.28710051350432
as,11,h_NQ_15,1.13095740269293
as,11,h_NQ_16,1.05710256342413
as,11,h_NQ_17,1.02628900495952
as,11,P_NQ_1,0.5736048857
as,11,P_NQ_2,0.14454400060341
as,11,P_NQ_3,0.109762384869268
as,11,P_NQ_4,0.111630444331245
as,11,P_NQ_5,0.135788889355725
as,11,P_NQ_6,0.135295084287042
as,11,P_NQ_7,0.123902163551665
as,11,P_NQ_8,0.102826353852484
as,11,P_NQ_9,0.0904310065003603
as,11,P_NQ_10,0.0789053085895259
as,11,P_NQ_11,0.0629023192056688
as,11,P_NQ_12,0.0433671901695921
as,11,P_NQ_13,0.0210713480522659
as,11,P_NQ_14,0.00760097093641862
as,11,P_NQ_15,0.00166833197395107
as,11,P_NQ_16,0.000219884237672283
as,11,P_NQ_17,2.29125005838702e-11
as,11,L_NQ,1.45692938938816
as,11,pi_Q,0.3
as,11,pi_NQ,0.7
as,11,y,0.405158643310345
as,11,nbar,3.98310381203721
as,11,Ptot,2.49074364932166
as,11,Pret,0.308193357349202
as,11,H,136.983936180097
as,11,cCheck,0
as,11,shareq,0.3
as,11,A,0.153982005
as,11,A_Q,2
as,11,xpop,0.819435551
as,11,h_Q_1,100
as,11,mig_Q_2,-0.163095072
as,11,med_Q_2,58.03301659
as,11,mig_Q_3,0.001544065
as,11,med_Q_3,47.68481933
as,11,mig_Q_4,0.002340627
as,11,med_Q_4,8.063898437
as,11,mig_Q_5,0.001952912
as,11,med_Q_5,-4.874542666
as,11,mig_Q_6,0.001314958
as,11,med_Q_6,-9.68474021
as,11,mig_Q_7,0.000524005
as,11,med_Q_7,-9.84849524
as,11,mig_Q_8,0.000824709
as,11,med_Q_8,-8.837246837
as,11,mig_Q_9,0.001164841
as,11,med_Q_9,-5.351825415
as,11,mig_Q_10,0.001873425
as,11,med_Q_10,-3.503179674
as,11,mig_Q_11,0.00249952
as,11,med_Q_11,-2.132970663
as,11,mig_Q_12,0.002878331
as,11,med_Q_12,-1.200500884
as,11,mig_Q_13,0.002055728
as,11,med_Q_13,-0.672963903
as,11,mig_Q_14,0.001045254
as,11,med_Q_14,-0.36593168
as,11,mig_Q_15,0.000295565
as,11,med_Q_15,-0.180693509
as,11,mig_Q_16,5.41122e-05
as,11,med_Q_16,-0.083815621
as,11,mig_Q_17,-2.4262e-06
as,11,med_Q_17,-0.026725523
as,11,h_NQ_1,100
as,11,mig_NQ_2,-0.369660453
as,11,med_NQ_2,-36.78025786
as,11,mig_NQ_3,0.005608628
as,11,med_NQ_3,18.45871022
as,11,mig_NQ_4,0.007610902
as,11,med_NQ_4,5.583790079
as,11,mig_NQ_5,0.007918611
as,11,med_NQ_5,-2.024357697
as,11,mig_NQ_6,0.007487541
as,11,med_NQ_6,-3.991958667
as,11,mig_NQ_7,0.006277105
as,11,med_NQ_7,-3.541542961
as,11,mig_NQ_8,0.007279668
as,11,med_NQ_8,-3.38698454
as,11,mig_NQ_9,0.008482748
as,11,med_NQ_9,-2.231579353
as,11,mig_NQ_10,0.010392513
as,11,med_NQ_10,-1.679432409
as,11,mig_NQ_11,0.011079465
as,11,med_NQ_11,-1.154376856
as,11,mig_NQ_12,0.01147975
as,11,med_NQ_12,-0.844513751
as,11,mig_NQ_13,0.007552034
as,11,med_NQ_13,-0.476456256
as,11,mig_NQ_14,0.003484826
as,11,med_NQ_14,-0.259344275
as,11,mig_NQ_15,0.000911033
as,11,med_NQ_15,-0.12735678
as,11,mig_NQ_16,0.000148783
as,11,med_NQ_16,-0.056735807
as,11,mig_NQ_17,-4.24839e-06
as,11,med_NQ_17,-0.014725917
as,12,beta_Q_2,0.994794700000283
as,12,beta_Q_3,0.993151300000353
as,12,beta_Q_4,0.990040699999411
as,12,beta_Q_5,0.985406799999085
as,12,beta_Q_6,0.977888601593333
as,12,beta_Q_7,0.965888600186084
as,12,beta_Q_8,0.944514900010858
as,12,beta_Q_9,0.912696100054757
as,12,beta_Q_10,0.85859640011135
as,12,beta_Q_11,0.767505400001658
as,12,beta_Q_12,0.638155199373967
as,12,beta_Q_13,0.470897593289184
as,12,beta_Q_14,0.297350425750987
as,12,beta_Q_15,0.160490828553725
as,12,beta_Q_16,0.0768615017820746
as,12,beta_Q_17,0.0364280247042793
as,12,h_Q_2,192.11188596
as,12,h_Q_3,146.0131119812
as,12,h_Q_4,100.408663253504
as,12,h_Q_5,68.5250664650063
as,12,h_Q_6,45.2255397711246
as,12,h_Q_7,29.3157126396944
as,12,h_Q_8,18.0228565869614
as,12,h_Q_9,11.4542420253977
as,12,h_Q_10,7.07195573430226
as,12,h_Q_11,4.30117516309678
as,12,h_Q_12,2.76361577694776
as,12,h_Q_13,1.88998546249255
as,12,h_Q_14,1.42318386650033
as,12,h_Q_15,1.19117217809661
as,12,h_Q_16,1.08326107103193
as,12,h_Q_17,1.03779881652644
as,12,P_Q_1,0.264807645
as,12,P_Q_2,0.0617253131497558
as,12,P_Q_3,0.0621279115011714
as,12,P_Q_4,0.0470734635690739
as,12,P_Q_5,0.0475125439385306
as,12,P_Q_6,0.0571084784582359
as,12,P_Q_7,0.0559398941799664
as,12,P_Q_8,0.0503188094771259
as,12,P_Q_9,0.040765321473103
as,12,P_Q_10,0.0343554498847402
as,12,P_Q_11,0.0278630880141164
as,12,P_Q_12,0.0195343213501552
as,12,P_Q_13,0.0108637735408733
as,12,P_Q_14,0.00375782376809976
as,12,P_Q_15,0.000857172844187942
as,12,P_Q_16,0.000128705962949249
as,12,P_Q_17,5.31239265008406e-11
as,12,L_Q,0.86168400903116
as,12,beta_NQ_2,0.9858635999994
as,12,beta_NQ_3,0.9818701999993
as,12,beta_NQ_4,0.976348704006461
as,12,beta_NQ_5,0.966116906483536
as,12,beta_NQ_6,0.949930801722291
as,12,beta_NQ_7,0.928669100105706
as,12,beta_NQ_8,0.896660599994639
as,12,beta_NQ_9,0.856564299964593
as,12,beta_NQ_10,0.79491340015851
as,12,beta_NQ_11,0.702279799376932
as,12,beta_NQ_12,0.560721899993885
as,12,beta_NQ_13,0.394610637288873
as,12,beta_NQ_14,0.238564330831283
as,12,beta_NQ_15,0.124762311463605
as,12,beta_NQ_16,0.0583731004118958
as,12,beta_NQ_17,0.0272748173711475
as,12,h_NQ_2,70.73936787
as,12,h_NQ_3,55.1578064822
as,12,h_NQ_4,42.280973987
as,12,h_NQ_5,29.5132381610386
as,12,h_NQ_6,19.9723582498681
as,12,h_NQ_7,14.0191698136225
as,12,h_NQ_8,9.67685122930548
as,12,h_NQ_9,6.97176504662737
as,12,h_NQ_10,4.87598897486221
as,12,h_NQ_11,3.35885840987426
as,12,h_NQ_12,2.27646222275234
as,12,h_NQ_13,1.65182638508269
as,12,h_NQ_14,1.31330835787288
as,12,h_NQ_15,1.14254676423424
as,12,h_NQ_16,1.06199175063907
as,12,h_NQ_17,1.02803661115565
as,12,P_NQ_1,0.617884505
as,12,P_NQ_2,0.144025731333841
as,12,P_NQ_3,0.144965127648503
as,12,P_NQ_4,0.109838085222169
as,12,P_NQ_5,0.110862607444563
as,12,P_NQ_6,0.133253115032442
as,12,P_NQ_7,0.130526425574811
as,12,P_NQ_8,0.11741056965811
as,12,P_NQ_9,0.0951190853614283
as,12,P_NQ_10,0.080162720011709
as,12,P_NQ_11,0.0650138712417419
as,12,P_NQ_12,0.0455801145206155
as,12,P_NQ_13,0.0253487774036651
as,12,P_NQ_14,0.00876827064221149
as,12,P_NQ_15,0.00200007027054609
as,12,P_NQ_16,0.000300312952953359
as,12,P_NQ_17,3.59123119400391e-11
as,12,L_NQ,1.52834854742503
as,12,pi_Q,0.3
as,12,pi_NQ,0.7
as,12,y,0.557032070892413
as,12,nbar,4.34535795430734
as,12,Ptot,2.61579910552043
as,12,Pret,0.324534472497601
as,12,H,155.168545991084
as,12,cCheck,4.44089209850063e-16
as,12,shareq,0.3
as,12,A,0.199187605
as,12,A_Q,2
as,12,xpop,0.88269215
as,12,h_Q_1,100
as,12,mig_Q_2,-0.182529848
as,12,med_Q_2,94.11188596
as,12,mig_Q_3,0.000697205
as,12,med_Q_3,-6.899244277
as,12,mig_Q_4,0.000577554
as,12,med_Q_4,-17.07901852
as,12,mig_Q_5,0.000479674
as,12,med_Q_5,-16.04517861
as,12,mig_Q_6,0.000364699
as,12,med_Q_6,-12.74650351
as,12,mig_Q_7,0.000116967
as,12,med_Q_7,-9.976703126
as,12,mig_Q_8,0.000342818
as,12,med_Q_8,-8.276266418
as,12,mig_Q_9,0.000788736
as,12,med_Q_9,-5.198575618
as,12,mig_Q_10,0.00148607
as,12,med_Q_10,-3.482452238
as,12,mig_Q_11,0.002493188
as,12,med_Q_11,-2.150760545
as,12,mig_Q_12,0.002922604
as,12,med_Q_12,-1.159852564
as,12,mig_Q_13,0.002555399
as,12,med_Q_13,-0.663458382
as,12,mig_Q_14,0.001238021
as,12,med_Q_14,-0.349045589
as,12,mig_Q_15,0.00037086
as,12,med_Q_15,-0.168100519
as,12,mig_Q_16,7.79943e-05
as,12,med_Q_16,-0.068714479
as,12,mig_Q_17,-3.20718e-06
as,12,med_Q_17,-0.017014338
as,12,h_NQ_1,100
as,12,mig_NQ_2,-0.420209548
as,12,med_NQ_2,-27.26063213
as,12,mig_NQ_3,0.003480343
as,12,med_NQ_3,-4.837540815
as,12,mig_NQ_4,0.003041469
as,12,med_NQ_4,-4.022759608
as,12,mig_NQ_5,0.003561581
as,12,med_NQ_5,-6.756326121
as,12,mig_NQ_6,0.005057391
as,12,med_NQ_6,-5.296119318
as,12,mig_NQ_7,0.005638415
as,12,med_NQ_7,-3.506210694
as,12,mig_NQ_8,0.00690971
as,12,med_NQ_8,-3.063443071
as,12,mig_NQ_9,0.007810709
as,12,med_NQ_9,-2.088852331
as,12,mig_NQ_10,0.009464564
as,12,med_NQ_10,-1.617758476
as,12,mig_NQ_11,0.011144005
as,12,med_NQ_11,-1.13225079
as,12,mig_NQ_12,0.011746896
as,12,med_NQ_12,-0.812245462
as,12,mig_NQ_13,0.009207496
as,12,med_NQ_13,-0.468784439
as,12,mig_NQ_14,0.004068002
as,12,med_NQ_14,-0.247699078
as,12,mig_NQ_15,0.001119928
as,12,med_NQ_15,-0.118811739
as,12,mig_NQ_16,0.000210193
as,12,med_NQ_16,-0.046346504
as,12,mig_NQ_17,-5.63243e-06
as,12,med_NQ_17,-0.007923901
as,13,beta_Q_2,0.99543669999992
as,13,beta_Q_3,0.993858200189183
as,13,beta_Q_4,0.990898000056964
as,13,beta_Q_5,0.986666900084058
as,13,beta_Q_6,0.980067900403587
as,13,beta_Q_7,0.968515800076275
as,13,beta_Q_8,0.94732200001555
as,13,beta_Q_9,0.916073500002183
as,13,beta_Q_10,0.865978800079766
as,13,beta_Q_11,0.781981500048058
as,13,beta_Q_12,0.656456599521037
as,13,beta_Q_13,0.489528404327301
as,13,beta_Q_14,0.316434817275691
as,13,beta_Q_15,0.176402616092727
as,13,beta_Q_16,0.0835971053138845
as,13,beta_Q_17,0.0394349000538824
as,13,h_Q_2,219.1396577
as,13,h_Q_3,162.8187176408
as,13,h_Q_4,109.865963531576
as,13,h_Q_5,75.0013125184339
as,13,h_Q_6,50.1703282557062
as,13,h_Q_7,31.7619631457021
as,13,h_Q_8,18.9832567719005
as,13,h_Q_9,11.9151876942221
as,13,h_Q_10,7.46150609388974
as,13,h_Q_11,4.58676671861621
as,13,h_Q_12,2.91084037283484
as,13,h_Q_13,1.9589693814088
as,13,h_Q_14,1.4629173892427
as,13,h_Q_15,1.21418532917032
as,13,h_Q_16,1.09122308853468
as,13,h_Q_17,1.04105385461129
as,13,P_Q_1,0.2950376742
as,13,P_Q_2,0.0600938417655564
as,13,P_Q_3,0.0632528059976088
as,13,P_Q_4,0.0631999499921212
as,13,P_Q_5,0.0475806151004746
as,13,P_Q_6,0.0475054961501915
as,13,P_Q_7,0.0560209943167826
as,13,P_Q_8,0.053701097558009
as,13,P_Q_9,0.0471131771691711
as,13,P_Q_10,0.0367819982661882
as,13,P_Q_11,0.0289928733060244
as,13,P_Q_12,0.0209122024868229
as,13,P_Q_13,0.0120588959103256
as,13,P_Q_14,0.00491457868764097
as,13,P_Q_15,0.00107203225010121
as,13,P_Q_16,0.000154475992091097
as,13,P_Q_17,1.41993639979033e-05
as,13,L_Q,0.918430783764849
as,13,beta_NQ_2,0.987370000517705
as,13,beta_NQ_3,0.983264100037819
as,13,beta_NQ_4,0.97793440001489
as,13,beta_NQ_5,0.968845500110594
as,13,beta_NQ_6,0.954518500483554
as,13,beta_NQ_7,0.933515000027073
as,13,beta_NQ_8,0.900877300011999
as,13,beta_NQ_9,0.8608113206286
as,13,beta_NQ_10,0.804067599919317
as,13,beta_NQ_11,0.718815200189958
as,13,beta_NQ_12,0.580001798526363
as,13,beta_NQ_13,0.412395592996297
as,13,beta_NQ_14,0.255122082688129
as,13,beta_NQ_15,0.1373123384164
as,13,beta_NQ_16,0.0635136030540818
as,13,beta_NQ_17,0.0294936500570758
as,13,h_NQ_2,79.17656374
as,13,h_NQ_3,59.7517910566
as,13,h_NQ_4,45.319411208556
as,13,h_NQ_5,32.09809177126
as,13,h_NQ_6,21.9869617298179
as,13,h_NQ_7,15.0409866828707
as,13,h_NQ_8,10.0885064683501
as,13,h_NQ_9,7.18448610771937
as,13,h_NQ_10,5.10380110469482
as,13,h_NQ_11,3.55638000536496
as,13,h_NQ_12,2.38096257667678
as,13,h_NQ_13,1.7018237932973
as,13,h_NQ_14,1.34250154638103
as,13,h_NQ_15,1.15916802771542
as,13,h_NQ_16,1.06782116894955
as,13,h_NQ_17,1.03038459962629
as,13,P_NQ_1,0.6884212398
as,13,P_NQ_2,0.140218964483147
as,13,P_NQ_3,0.147589880629804
as,13,P_NQ_4,0.147466550505747
as,13,P_NQ_5,0.111021439108917
as,13,P_NQ_6,0.110846162570838
as,13,P_NQ_7,0.13071565442346
as,13,P_NQ_8,0.125302564071066
as,13,P_NQ_9,0.109930758407643
as,13,P_NQ_10,0.0858246655646206
as,13,P_NQ_11,0.0676500409273322
as,13,P_NQ_12,0.0487951394086273
as,13,P_NQ_13,0.0281373890386799
as,13,P_NQ_14,0.0114673381186965
as,13,P_NQ_15,0.00250140671286077
as,13,P_NQ_16,0.000360443302733435
as,13,P_NQ_17,3.31310809459929e-05
as,13,L_NQ,1.62928496614221
as,13,pi_Q,0.3
as,13,pi_NQ,0.7
as,13,y,0.729143963174128
as,13,nbar,4.74884226293978
as,13,Ptot,2.79468967666823
as,13,Pret,0.349670810417689
as,13,H,174.693858781376
as,13,cCheck,-1.33226762955019e-15
as,13,shareq,0.3
as,13,A,0.245020185
as,13,A_Q,2
as,13,xpop,0.983458914
as,13,h_Q_1,100
as,13,mig_Q_2,-0.2033354
as,13,med_Q_2,121.1396577
as,13,mig_Q_3,0.001950231
as,13,med_Q_3,-25.4509306
as,13,mig_Q_4,0.001690789
as,13,med_Q_4,-33.22688621
as,13,mig_Q_5,0.001194104
as,13,med_Q_5,-23.39917747
as,13,mig_Q_6,0.001043521
as,13,med_Q_6,-16.98423688
as,13,mig_Q_7,0.000860566
as,13,med_Q_7,-12.55906583
as,13,mig_Q_8,0.000865034
as,13,med_Q_8,-9.746141615
as,13,mig_Q_9,0.001187396
as,13,med_Q_9,-5.747211761
as,13,mig_Q_10,0.00178104
as,13,med_Q_10,-3.763651091
as,13,mig_Q_11,0.00262488
as,13,med_Q_11,-2.343749901
as,13,mig_Q_12,0.003131228
as,13,med_Q_12,-1.304311287
as,13,mig_Q_13,0.002860231
as,13,med_Q_13,-0.74937408
as,13,mig_Q_14,0.001684231
as,13,med_Q_14,-0.389268364
as,13,mig_Q_15,0.000468936
as,13,med_Q_15,-0.18053486
as,13,mig_Q_16,8.85924e-05
as,13,med_Q_16,-0.076125646
as,13,mig_Q_17,9.51086e-06
as,13,med_Q_17,-0.020541995
as,13,h_NQ_1,100
as,13,mig_NQ_2,-0.468930878
as,13,med_NQ_2,-18.82343626
as,13,mig_NQ_3,0.006175307
as,13,med_NQ_3,-9.572789456
as,13,mig_NQ_4,0.005930036
as,13,med_NQ_4,-8.735239144
as,13,mig_NQ_5,0.004905008
as,13,med_NQ_5,-9.337262736
as,13,mig_NQ_6,0.005534357
as,13,med_NQ_6,-6.936011668
as,13,mig_NQ_7,0.006967604
as,13,med_NQ_7,-4.531924402
as,13,mig_NQ_8,0.008264661
as,13,med_NQ_8,-3.650279949
as,13,mig_NQ_9,0.009361056
as,13,med_NQ_9,-2.298828097
as,13,mig_NQ_10,0.01021323
as,13,med_NQ_10,-1.728528641
as,13,mig_NQ_11,0.011353382
as,13,med_NQ_11,-1.22208919
as,13,mig_NQ_12,0.012340438
as,13,med_NQ_12,-0.910718665
as,13,mig_NQ_13,0.010150991
as,13,med_NQ_13,-0.529109185
as,13,mig_NQ_14,0.005420024
as,13,med_NQ_14,-0.276288311
as,13,mig_NQ_15,0.001407457
as,13,med_NQ_15,-0.127874163
as,13,mig_NQ_16,0.000243693
as,13,med_NQ_16,-0.05187466
as,13,mig_NQ_17,2.49401e-05
as,13,med_NQ_17,-0.010367316
as,14,beta_Q_2,0.995754800004843
as,14,beta_Q_3,0.994171300000187
as,14,beta_Q_4,0.990976500051843
as,14,beta_Q_5,0.986639900000631
as,14,beta_Q_6,0.980200900038177
as,14,beta_Q_7,0.970047399997429
as,14,beta_Q_8,0.949007699996581
as,14,beta_Q_9,0.91748150702083
as,14,beta_Q_10,0.86633560001034
as,14,beta_Q_11,0.788424382100547
as,14,beta_Q_12,0.672029899979871
as,14,beta_Q_13,0.511739889190151
as,14,beta_Q_14,0.336314032157484
as,14,beta_Q_15,0.191642504856973
as,14,beta_Q_16,0.0944234196908989
as,14,beta_Q_17,0.0447936033192221
as,14,h_Q_2,235.5601621
as,14,h_Q_3,171.564842926
as,14,h_Q_4,110.821743227984
as,14,h_Q_5,74.8497391509444
as,14,h_Q_6,50.5073462880652
as,14,h_Q_7,33.3860833405921
as,14,h_Q_8,19.6108039827881
as,14,h_Q_9,12.1184946444625
as,14,h_Q_10,7.48142362533768
as,14,h_Q_11,4.72643847201194
as,14,h_Q_12,3.04905843524389
as,14,h_Q_13,2.04807990037814
as,14,h_Q_14,1.50673547978063
as,14,h_Q_15,1.23707626845785
as,14,h_Q_16,1.10426881758691
as,14,h_Q_17,1.04689416076398
as,14,P_Q_1,0.3198031971
as,14,P_Q_2,0.0561084727812994
as,14,P_Q_3,0.0615593454195694
as,14,P_Q_4,0.0644478859610217
as,14,P_Q_5,0.0636490937441937
as,14,P_Q_6,0.0473664005414334
as,14,P_Q_7,0.0467254316119231
as,14,P_Q_8,0.0539476863790343
as,14,P_Q_9,0.050298217393924
as,14,P_Q_10,0.0425283796329042
as,14,P_Q_11,0.0313991051789589
as,14,P_Q_12,0.0222572730208171
as,14,P_Q_13,0.0132743451143438
as,14,P_Q_14,0.00564669852393046
as,14,P_Q_15,0.00150230853749343
as,14,P_Q_16,0.000191967792911592
as,14,P_Q_17,2.04586453088367e-05
as,14,L_Q,0.955613035498711
as,14,beta_NQ_2,0.988142700004068
as,14,beta_NQ_3,0.983934500001772
as,14,beta_NQ_4,0.977790400038823
as,14,beta_NQ_5,0.968400001242472
as,14,beta_NQ_6,0.954638500008699
as,14,beta_NQ_7,0.936549199995969
as,14,beta_NQ_8,0.903564358072179
as,14,beta_NQ_9,0.862200001433298
as,14,beta_NQ_10,0.803860918221978
as,14,beta_NQ_11,0.726096436615858
as,14,beta_NQ_12,0.596541539489888
as,14,beta_NQ_13,0.433744041227652
as,14,beta_NQ_14,0.272212721431368
as,14,beta_NQ_15,0.149810141058438
as,14,beta_NQ_16,0.0716882050066691
as,14,beta_NQ_17,0.033394703023271
as,14,h_NQ_2,84.33623169
as,14,h_NQ_3,62.2451837852
as,14,h_NQ_4,45.025574525468
as,14,h_NQ_5,31.6455696143849
as,14,h_NQ_6,22.0451263768348
as,14,h_NQ_7,15.7602425802215
as,14,h_NQ_8,10.3696037822133
as,14,h_NQ_9,7.25689404998309
as,14,h_NQ_10,5.09841729756498
as,14,h_NQ_11,3.65091818560092
as,14,h_NQ_12,2.47856291125766
as,14,h_NQ_13,1.76598226414324
as,14,h_NQ_14,1.37402744643135
as,14,h_NQ_15,1.17620781145341
as,14,h_NQ_16,1.07722426816111
as,14,h_NQ_17,1.03454843757056
as,14,P_NQ_1,0.7462074599
as,14,P_NQ_2,0.130919770897725
as,14,P_NQ_3,0.143638475920757
as,14,P_NQ_4,0.150378401361977
as,14,P_NQ_5,0.148514554874325
as,14,P_NQ_6,0.110521604579769
as,14,P_NQ_7,0.109026010455316
as,14,P_NQ_8,0.125877934826308
as,14,P_NQ_9,0.117362525656164
as,14,P_NQ_10,0.0992328940701438
as,14,P_NQ_11,0.0732645811590689
as,14,P_NQ_12,0.0519336384082348
as,14,P_NQ_13,0.0309734504517578
as,14,P_NQ_14,0.0131756082929542
as,14,P_NQ_15,0.00350538401248975
as,14,P_NQ_16,0.000447922353037455
as,14,P_NQ_17,4.77384886362366e-05
as,14,L_NQ,1.69553935854578
as,14,pi_Q,0.3
as,14,pi_NQ,0.7
as,14,y,1.04613663637378
as,14,nbar,5.06004800748425
as,14,Ptot,2.93575422308773
as,14,Pret,0.389401753682991
as,14,H,185.670093636066
as,14,cCheck,0
as,14,shareq,0.3
as,14,A,0.336263838
as,14,A_Q,2
as,14,xpop,1.066010657
as,14,h_Q_1,100
as,14,mig_Q_2,-0.237582856
as,14,med_Q_2,137.5601621
as,14,mig_Q_3,0.001834588
as,14,med_Q_3,-43.19202162
as,14,mig_Q_4,0.001770807
as,14,med_Q_4,-48.74060006
as,14,mig_Q_5,0.001291795
as,14,med_Q_5,-32.81890511
as,14,mig_Q_6,0.000734167
as,14,med_Q_6,-22.99393998
as,14,mig_Q_7,0.000715608
as,14,med_Q_7,-15.78083835
as,14,mig_Q_8,0.000877766
as,14,med_Q_8,-11.5159199
as,14,mig_Q_9,0.001104065
as,14,med_Q_9,-6.485096992
as,14,mig_Q_10,0.001729367
as,14,med_Q_10,-4.195460315
as,14,mig_Q_11,0.002636263
as,14,med_Q_11,-2.5858375
as,14,mig_Q_12,0.00322471
as,14,med_Q_12,-1.445972949
as,14,mig_Q_13,0.003037228
as,14,med_Q_13,-0.804543665
as,14,mig_Q_14,0.001830844
as,14,med_Q_14,-0.413054514
as,14,mig_Q_15,0.000635364
as,14,med_Q_15,-0.196582773
as,14,mig_Q_16,0.000102349
as,14,med_Q_16,-0.085632805
as,14,mig_Q_17,1.43669e-05
as,14,med_Q_17,-0.022504466
as,14,h_NQ_1,100
as,14,mig_NQ_2,-0.548806709
as,14,med_NQ_2,-13.66376831
as,14,mig_NQ_3,0.005766202
as,14,med_NQ_3,-15.34784868
as,14,mig_NQ_4,0.00604518
as,14,med_NQ_4,-13.53118071
as,14,mig_NQ_5,0.005642251
as,14,med_NQ_5,-12.76745337
as,14,mig_NQ_6,0.004549587
as,14,med_NQ_6,-9.411003559
as,14,mig_NQ_7,0.005549455
as,14,med_NQ_7,-5.786979915
as,14,mig_NQ_8,0.008119169
as,14,med_NQ_8,-4.370563167
as,14,mig_NQ_9,0.00950066
as,14,med_NQ_9,-2.629842289
as,14,mig_NQ_10,0.010841133
as,14,med_NQ_10,-1.942379088
as,14,mig_NQ_11,0.011572507
as,14,med_NQ_11,-1.350806897
as,14,mig_NQ_12,0.012696493
as,14,med_NQ_12,-1.006689494
as,14,mig_NQ_13,0.01085055
as,14,med_NQ_13,-0.567361061
as,14,mig_NQ_14,0.005997139
as,14,med_NQ_14,-0.293759871
as,14,mig_NQ_15,0.001930777
as,14,med_NQ_15,-0.139443704
as,14,mig_NQ_16,0.000289049
as,14,med_NQ_16,-0.058760399
as,14,mig_NQ_17,3.71077e-05
as,14,med_NQ_17,-0.011916308
as,15,beta_Q_2,0.995943800000819
as,15,beta_Q_3,0.994638400018662
as,15,beta_Q_4,0.991469000000774
as,15,beta_Q_5,0.986982900000344
as,15,beta_Q_6,0.981193400001437
as,15,beta_Q_7,0.971546499995241
as,15,beta_Q_8,0.954140501122299
as,15,beta_Q_9,0.924845900633453
as,15,beta_Q_10,0.876465100316861
as,15,beta_Q_11,0.799466700027591
as,15,beta_Q_12,0.688078000406597
as,15,beta_Q_13,0.531831587428912
as,15,beta_Q_14,0.357684185180722
as,15,beta_Q_15,0.203602537720793
as,15,beta_Q_16,0.100828305865785
as,15,beta_Q_17,0.0474932096030305
as,15,h_Q_2,246.5361669
as,15,h_Q_3,186.511489138
as,15,h_Q_4,117.21955221748
as,15,h_Q_5,76.8220264134243
as,15,h_Q_6,53.1728223079256
as,15,h_Q_7,35.1450612323039
as,15,h_Q_8,21.8057327237802
as,15,h_Q_9,13.3059939501323
as,15,h_Q_10,8.09487845557326
as,15,h_Q_11,4.98670295683093
as,15,h_Q_12,3.2059296915717
as,15,h_Q_13,2.13597624753901
as,15,h_Q_14,1.55686463237058
as,15,h_Q_15,1.25565436418501
as,15,h_Q_16,1.11213465008869
as,15,h_Q_17,1.04985289623517
as,15,P_Q_1,0.3220408704
as,15,P_Q_2,0.0643385065692199
as,15,P_Q_3,0.0571512833260096
as,15,P_Q_4,0.0621299456693674
as,15,P_Q_5,0.0643568587598345
as,15,P_Q_6,0.062751466974673
as,15,P_Q_7,0.0461707546924543
as,15,P_Q_8,0.0447023903853787
as,15,P_Q_9,0.0503728815993235
as,15,P_Q_10,0.0452248723454157
as,15,P_Q_11,0.03596110543381
as,15,P_Q_12,0.0240711345128732
as,15,P_Q_13,0.0143779764293479
as,15,P_Q_14,0.00649612752965496
as,15,P_Q_15,0.0018348424492982
as,15,P_Q_16,0.000296447109540962
as,15,P_Q_17,2.06077291657484e-05
as,15,L_Q,0.968044393605084
as,15,beta_NQ_2,0.988587100000126
as,15,beta_NQ_3,0.985280700071966
as,15,beta_NQ_4,0.978758600003395
as,15,beta_NQ_5,0.968898802060581
as,15,beta_NQ_6,0.956626799989653
as,15,beta_NQ_7,0.939580000015417
as,15,beta_NQ_8,0.912634501171517
as,15,beta_NQ_9,0.873406100396887
as,15,beta_NQ_10,0.817039600162777
as,15,beta_NQ_11,0.73878769996807
as,15,beta_NQ_12,0.613765999741137
as,15,beta_NQ_13,0.453317998936572
as,15,beta_NQ_14,0.290875336209447
as,15,beta_NQ_15,0.159068812728285
as,15,beta_NQ_16,0.0763640019877916
as,15,beta_NQ_17,0.0352194375296104
as,15,h_NQ_2,87.62014913
as,15,h_NQ_3,67.9380133562
as,15,h_NQ_4,47.077876229496
as,15,h_NQ_5,32.1531002049586
as,15,h_NQ_6,23.0557118160972
as,15,h_NQ_7,16.5508109932981
as,15,h_NQ_8,11.4461658196171
as,15,h_NQ_9,7.89927476256906
as,15,h_NQ_10,5.46566360898343
as,15,h_NQ_11,3.82830364361368
as,15,h_NQ_12,2.58910401288891
as,15,h_NQ_13,1.82921397603251
as,15,h_NQ_14,1.41018860486038
as,15,h_NQ_15,1.18915792450272
as,15,h_NQ_16,1.08267759322434
as,15,h_NQ_17,1.03650143379789
as,15,P_NQ_1,0.7514286976
as,15,P_NQ_2,0.150123183188763
as,15,P_NQ_3,0.1333529963186
as,15,P_NQ_4,0.144969875831524
as,15,P_NQ_5,0.150166003065779
as,15,P_NQ_6,0.146420089894685
as,15,P_NQ_7,0.107731763351454
as,15,P_NQ_8,0.104305586150229
as,15,P_NQ_9,0.117536723587663
as,15,P_NQ_10,0.105524741638815
as,15,P_NQ_11,0.0839092477794103
as,15,P_NQ_12,0.0561660670347128
as,15,P_NQ_13,0.0335485631988433
as,15,P_NQ_14,0.0151576102395926
as,15,P_NQ_15,0.00428129173689819
as,15,P_NQ_16,0.000691709687714465
as,15,P_NQ_17,4.80847339571705e-05
as,15,L_NQ,1.71773047887218
as,15,pi_Q,0.3
as,15,pi_NQ,0.7
as,15,y,1.37991074545485
as,15,nbar,5.18892233877895
as,15,Ptot,3.00766030695401
as,15,Pret,0.42761042958905
as,15,H,193.847292624012
as,15,cCheck,-4.44089209850063e-16
as,15,shareq,0.3
as,15,A,0.435809785
as,15,A_Q,2
as,15,xpop,1.073469568
as,15,h_Q_1,100
as,15,mig_Q_2,-0.254107062
as,15,med_Q_2,148.5361669
as,15,mig_Q_3,0.00136985
as,15,med_Q_3,-44.33746972
as,15,mig_Q_4,0.001126081
as,15,med_Q_4,-50.91399385
as,15,mig_Q_5,0.000770003
as,15,med_Q_5,-31.78328195
as,15,mig_Q_6,0.000362568
as,15,med_Q_6,-20.17992206
as,15,mig_Q_7,0.000223101
as,15,med_Q_7,-14.35213813
as,15,mig_Q_8,0.000359596
as,15,med_Q_8,-10.91262895
as,15,mig_Q_9,0.000876877
as,15,med_Q_9,-5.912593953
as,15,mig_Q_10,0.001649736
as,15,med_Q_10,-3.781246296
as,15,mig_Q_11,0.002430694
as,15,med_Q_11,-2.345092196
as,15,mig_Q_12,0.002969997
as,15,med_Q_12,-1.425980011
as,15,mig_Q_13,0.002988042
as,15,med_Q_13,-0.852101019
as,15,mig_Q_14,0.002031779
as,15,med_Q_14,-0.45025367
as,15,mig_Q_15,0.000752695
as,15,med_Q_15,-0.220946406
as,15,mig_Q_16,0.000154594
as,15,med_Q_16,-0.100200093
as,15,mig_Q_17,1.20088e-05
as,15,med_Q_17,-0.032330545
as,15,h_NQ_1,100
as,15,mig_NQ_2,-0.587236271
as,15,med_NQ_2,-10.37985087
as,15,mig_NQ_3,0.004536517
as,15,med_NQ_3,-14.7114937
as,15,mig_NQ_4,0.004521553
as,15,med_NQ_4,-13.92240388
as,15,mig_NQ_5,0.004539559
as,15,med_NQ_5,-11.97196283
as,15,mig_NQ_6,0.004642378
as,15,med_NQ_6,-7.956946406
as,15,mig_NQ_7,0.004222843
as,15,med_NQ_7,-5.053412856
as,15,mig_NQ_8,0.005793569
as,15,med_NQ_8,-3.998871909
as,15,mig_NQ_9,0.009004768
as,15,med_NQ_9,-2.262936944
as,15,mig_NQ_10,0.011181594
as,15,med_NQ_10,-1.64609256
as,15,mig_NQ_11,0.011856597
as,15,med_NQ_11,-1.168145308
as,15,mig_NQ_12,0.012460701
as,15,med_NQ_12,-0.988795809
as,15,mig_NQ_13,0.011022657
as,15,med_NQ_13,-0.599777677
as,15,mig_NQ_14,0.006726243
as,15,med_NQ_14,-0.320474014
as,15,mig_NQ_15,0.002307452
as,15,med_NQ_15,-0.157388973
as,15,mig_NQ_16,0.000440415
as,15,med_NQ_16,-0.070006062
as,15,mig_NQ_17,3.31265e-05
as,15,med_NQ_17,-0.019178349
as,16,beta_Q_2,0.996367900125476
as,16,beta_Q_3,0.99519130014795
as,16,beta_Q_4,0.992379100316725
as,16,beta_Q_5,0.987635500000372
as,16,beta_Q_6,0.981419000404811
as,16,beta_Q_7,0.97284790000392
as,16,beta_Q_8,0.956876000003725
as,16,beta_Q_9,0.932060901082042
as,16,beta_Q_10,0.888214701649101
as,16,beta_Q_11,0.81449630047874
as,16,beta_Q_12,0.705271800083121
as,16,beta_Q_13,0.553437200726719
as,16,beta_Q_14,0.374711643560468
as,16,beta_Q_15,0.218074889403826
as,16,beta_Q_16,0.107752400046906
as,16,beta_Q_17,0.0502324586580444
as,16,h_Q_2,275.322816
as,16,h_Q_3,207.956412382
as,16,h_Q_4,131.21809762524
as,16,h_Q_5,80.8767034631304
as,16,h_Q_6,53.8184166651558
as,16,h_Q_7,36.829563831767
as,16,h_Q_8,23.1889435076578
as,16,h_Q_9,14.7190645703046
as,16,h_Q_10,8.94572005312967
as,16,h_Q_11,5.39072805946179
as,16,h_Q_12,3.39295662969431
as,16,h_Q_13,2.23932670074027
as,16,h_Q_14,1.59926126858823
as,16,h_Q_15,1.27889470372317
as,16,h_Q_16,1.12076512890131
as,16,h_Q_17,1.05288050608692
as,16,P_Q_1,0.3194008092
as,16,P_Q_2,0.0826164572217474
as,16,P_Q_3,0.064891756233599
as,16,P_Q_4,0.0568665687279996
as,16,P_Q_5,0.061326389673616
as,16,P_Q_6,0.0628653580599743
as,16,P_Q_7,0.0607462951088105
as,16,P_Q_8,0.0441633460194531
as,16,P_Q_9,0.0419227554964337
as,16,P_Q_10,0.0457472167242004
as,16,P_Q_11,0.0388704704531585
as,16,P_Q_12,0.0280014015193068
as,16,P_Q_13,0.0160127846791962
as,16,P_Q_14,0.00728584978367892
as,16,P_Q_15,0.00220021205039566
as,16,P_Q_16,0.000364675055693365
as,16,P_Q_17,2.87895247096415e-05
as,16,L_Q,0.993727475976126
as,16,beta_NQ_2,0.989680600164088
as,16,beta_NQ_3,0.986715900245842
as,16,beta_NQ_4,0.980932800543132
as,16,beta_NQ_5,0.970029900004466
as,16,beta_NQ_6,0.956614903270331
as,16,beta_NQ_7,0.941724899980929
as,16,beta_NQ_8,0.917262300033683
as,16,beta_NQ_9,0.884329000717108
as,16,beta_NQ_10,0.832550800768387
as,16,beta_NQ_11,0.756334200212729
as,16,beta_NQ_12,0.632437799918642
as,16,beta_NQ_13,0.474787465734491
as,16,beta_NQ_14,0.30667268796001
as,16,beta_NQ_15,0.171361734678332
as,16,beta_NQ_16,0.0819939018545653
as,16,beta_NQ_17,0.0373887680236216
as,16,h_NQ_2,96.90485881
as,16,h_NQ_3,75.2779638774
as,16,h_NQ_4,52.446085419076
as,16,h_NQ_5,33.3665887049061
as,16,h_NQ_6,23.0493879268595
as,16,h_NQ_7,17.1599877077752
as,16,h_NQ_8,12.0863886754321
as,16,h_NQ_9,8.64520925622474
as,16,h_NQ_10,5.97196044631768
as,16,h_NQ_11,4.10398176580376
as,16,h_NQ_12,2.72062796374141
as,16,h_NQ_13,1.90398580263113
as,16,h_NQ_14,1.44231982951186
as,16,h_NQ_15,1.20679914676317
as,16,h_NQ_16,1.08931738101267
as,16,h_NQ_17,1.03883573235986
as,16,P_NQ_1,0.7452685548
as,16,P_NQ_2,0.192771732017256
as,16,P_NQ_3,0.151414100029257
as,16,P_NQ_4,0.132688661983051
as,16,P_NQ_5,0.143094911028034
as,16,P_NQ_6,0.146685835980053
as,16,P_NQ_7,0.141741356065505
as,16,P_NQ_8,0.103047809106582
as,16,P_NQ_9,0.0978197702490827
as,16,P_NQ_10,0.106743503644507
as,16,P_NQ_11,0.0906977951650646
as,16,P_NQ_12,0.0653366033508566
as,16,P_NQ_13,0.0373631651163134
as,16,P_NQ_14,0.0170002795998074
as,16,P_NQ_15,0.0051338230646101
as,16,P_NQ_16,0.000850909570706809
as,16,P_NQ_17,6.71728261350859e-05
as,16,L_NQ,1.76345559085342
as,16,pi_Q,0.3
as,16,pi_NQ,0.7
as,16,y,1.83172235955941
as,16,nbar,5.3729268994717
as,16,Ptot,3.11103711912879
as,16,Pret,0.461704652128341
as,16,H,212.108026226629
as,16,cCheck,0
as,16,shareq,0.3
as,16,A,0.564562457
as,16,A_Q,2
as,16,xpop,1.064669364
as,16,h_Q_1,100
as,16,mig_Q_2,-0.238118151
as,16,med_Q_2,177.322816
as,16,mig_Q_3,0.000898207
as,16,med_Q_3,-33.64903118
as,16,mig_Q_4,0.000202843
as,16,med_Q_4,-51.56316173
as,16,mig_Q_5,5.19572e-06
as,16,med_Q_5,-33.99845771
as,16,mig_Q_6,-0.000281167
as,16,med_Q_6,-21.46716922
as,16,mig_Q_7,-0.000219673
as,16,med_Q_7,-15.27980203
as,16,mig_Q_8,0.000109959
as,16,med_Q_8,-11.2532165
as,16,mig_Q_9,0.000579933
as,16,med_Q_9,-6.650553499
as,16,mig_Q_10,0.001597144
as,16,med_Q_10,-4.094154018
as,16,mig_Q_11,0.002714691
as,16,med_Q_11,-2.542252827
as,16,mig_Q_12,0.003257356
as,16,med_Q_12,-1.494012268
as,16,mig_Q_13,0.003210995
as,16,med_Q_13,-0.902484397
as,16,mig_Q_14,0.002143075
as,16,med_Q_14,-0.493995454
as,16,mig_Q_15,0.000877584
as,16,med_Q_15,-0.246832636
as,16,mig_Q_16,0.000179671
as,16,med_Q_16,-0.109776148
as,16,mig_Q_17,1.47103e-05
as,16,med_Q_17,-0.037011451
as,16,h_NQ_1,100
as,16,mig_NQ_2,-0.550080985
as,16,med_NQ_2,-1.09514119
as,16,mig_NQ_3,0.003500625
as,16,med_NQ_3,-10.58978227
as,16,mig_NQ_4,0.00216827
as,16,med_NQ_4,-14.13316767
as,16,mig_NQ_5,0.002633772
as,16,med_NQ_5,-12.76973
as,16,mig_NQ_6,0.003033013
as,16,med_NQ_6,-8.460650274
as,16,mig_NQ_7,0.004167968
as,16,med_NQ_7,-5.434609872
as,16,mig_NQ_8,0.004728085
as,16,med_NQ_8,-4.133406098
as,16,mig_NQ_9,0.006718635
as,16,med_NQ_9,-2.572033247
as,16,mig_NQ_10,0.010711346
as,16,med_NQ_10,-1.769328821
as,16,mig_NQ_11,0.012737414
as,16,med_NQ_11,-1.252368571
as,16,mig_NQ_12,0.01383596
as,16,med_NQ_12,-1.031109607
as,16,mig_NQ_13,0.011902076
as,16,med_NQ_13,-0.63333613
as,16,mig_NQ_14,0.00724183
as,16,med_NQ_14,-0.350309867
as,16,mig_NQ_15,0.00272272
as,16,med_NQ_15,-0.175185686
as,16,mig_NQ_16,0.000523973
as,16,med_NQ_16,-0.076057385
as,16,mig_NQ_17,4.28112e-05
as,16,med_NQ_17,-0.022188309
as,17,beta_Q_2,0.99632580006316
as,17,beta_Q_3,0.995348600000026
as,17,beta_Q_4,0.992990100025498
as,17,beta_Q_5,0.989174500003026
as,17,beta_Q_6,0.983061600130601
as,17,beta_Q_7,0.974372400006731
as,17,beta_Q_8,0.960187200091938
as,17,beta_Q_9,0.938341600700665
as,17,beta_Q_10,0.901011507681763
as,17,beta_Q_11,0.832555803034897
as,17,beta_Q_12,0.725557000569642
as,17,beta_Q_13,0.571257379199914
as,17,beta_Q_14,0.391596962159212
as,17,beta_Q_15,0.226707911609078
as,17,beta_Q_16,0.111483997187932
as,17,beta_Q_17,0.0511400632691038
as,17,h_Q_2,272.168091
as,17,h_Q_3,214.98903556
as,17,h_Q_4,142.65538742436
as,17,h_Q_5,92.3744861927352
as,17,h_Q_6,59.0374533538678
as,17,h_Q_7,39.0204311018527
as,17,h_Q_8,25.1175501351317
as,17,h_Q_9,16.2183903535047
as,17,h_Q_10,10.1021835828985
as,17,h_Q_11,5.97213877706707
as,17,h_Q_12,3.64374387827255
as,17,h_Q_13,2.33239470010042
as,17,h_Q_14,1.64364630772546
as,17,h_Q_15,1.29317239821646
as,17,h_Q_16,1.12547213164871
as,17,h_Q_17,1.05389536232329
as,17,P_Q_1,0.3121457745
as,17,P_Q_2,0.0809503505609818
as,17,P_Q_3,0.0829762534761282
as,17,P_Q_4,0.0644857392690712
as,17,P_Q_5,0.0562764400389834
as,17,P_Q_6,0.0600175450519161
as,17,P_Q_7,0.0608772335716405
as,17,P_Q_8,0.0583047278787644
as,17,P_Q_9,0.0417330100856894
as,17,P_Q_10,0.0382890027655731
as,17,P_Q_11,0.0399278397790604
as,17,P_Q_12,0.0309830396665769
as,17,P_Q_13,0.0191669302732701
as,17,P_Q_14,0.00854696686512149
as,17,P_Q_15,0.00258360288578867
as,17,P_Q_16,0.000466441129042256
as,17,P_Q_17,4.1562424658737e-05
as,17,L_Q,1.02337366692636
as,17,beta_NQ_2,0.989421200000056
as,17,beta_NQ_3,0.987054500000795
as,17,beta_NQ_4,0.982480300063609
as,17,beta_NQ_5,0.973749104257002
as,17,beta_NQ_6,0.960130800152651
as,17,beta_NQ_7,0.944543500013259
as,17,beta_NQ_8,0.922948100035183
as,17,beta_NQ_9,0.894130500612635
as,17,beta_NQ_10,0.850068405174139
as,17,beta_NQ_11,0.777865101497359
as,17,beta_NQ_12,0.654689100148069
as,17,beta_NQ_13,0.492618373666824
as,17,beta_NQ_14,0.321813368040825
as,17,beta_NQ_15,0.178567506113897
as,17,beta_NQ_16,0.0848333937639328
as,17,beta_NQ_17,0.037991978255039
as,17,h_NQ_2,94.528680002
as,17,h_NQ_3,77.2469197838
as,17,h_NQ_4,57.078602939852
as,17,h_NQ_5,38.0939320106945
as,17,h_NQ_6,25.082018203808
as,17,h_NQ_7,18.0321513293223
as,17,h_NQ_8,12.9782652936197
as,17,h_NQ_9,9.4455910379235
as,17,h_NQ_10,6.66970805210024
as,17,h_NQ_11,4.50176896539132
as,17,h_NQ_12,2.89594102048769
as,17,h_NQ_13,1.97090005446658
as,17,h_NQ_14,1.4745199985785
as,17,h_NQ_15,1.21738548392162
as,17,h_NQ_16,1.09269721282791
as,17,h_NQ_17,1.03949196339242
as,17,P_NQ_1,0.7283401405
as,17,P_NQ_2,0.188884152597886
as,17,P_NQ_3,0.193611256099357
as,17,P_NQ_4,0.150466727183417
as,17,P_NQ_5,0.131311693515145
as,17,P_NQ_6,0.14004093947156
as,17,P_NQ_7,0.142046879216934
as,17,P_NQ_8,0.136044367274539
as,17,P_NQ_9,0.0973770250533109
as,17,P_NQ_10,0.0893410140518534
as,17,P_NQ_11,0.093164958456873
as,17,P_NQ_12,0.0722937780316652
as,17,P_NQ_13,0.0447229313246529
as,17,P_NQ_14,0.0199429112769135
as,17,P_NQ_15,0.00602839540223967
as,17,P_NQ_16,0.00108836218449834
as,17,P_NQ_17,9.69766605482363e-05
as,17,L_NQ,1.81600395863859
as,17,pi_Q,0.3
as,17,pi_NQ,0.7
as,17,y,2.18012445011515
as,17,nbar,5.63365471178073
as,17,Ptot,3.19257496852366
as,17,Pret,0.466684713178336
as,17,H,221.538252777183
as,17,cCheck,8.88178419700125e-16
as,17,shareq,0.3
as,17,A,0.650022108
as,17,A_Q,2
as,17,xpop,1.040485915
as,17,h_Q_1,100
as,17,mig_Q_2,-0.237290363
as,17,med_Q_2,174.168091
as,17,mig_Q_3,0.000757074
as,17,med_Q_3,-54.82732412
as,17,mig_Q_4,8.85166e-05
as,17,med_Q_4,-61.14189671
as,17,mig_Q_5,0.000112998
as,17,med_Q_5,-36.21924948
as,17,mig_Q_6,-0.000169339
as,17,med_Q_6,-20.22171604
as,17,mig_Q_7,-0.000281198
as,17,med_Q_7,-13.72161723
as,17,mig_Q_8,0.000178056
as,17,med_Q_8,-10.97542242
as,17,mig_Q_9,0.000570082
as,17,med_Q_9,-6.506774284
as,17,mig_Q_10,0.001052595
as,17,med_Q_10,-4.322499696
as,17,mig_Q_11,0.002666901
as,17,med_Q_11,-2.794666875
as,17,mig_Q_12,0.003568793
as,17,med_Q_12,-1.63916962
as,17,mig_Q_13,0.003669913
as,17,med_Q_13,-0.992702797
as,17,mig_Q_14,0.00254679
as,17,med_Q_14,-0.550893859
as,17,mig_Q_15,0.000994742
as,17,med_Q_15,-0.274103645
as,17,mig_Q_16,0.000229363
as,17,med_Q_16,-0.127844678
as,17,mig_Q_17,2.32439e-05
as,17,med_Q_17,-0.044454464
as,17,h_NQ_1,100
as,17,mig_NQ_2,-0.548693678
as,17,med_NQ_2,-3.471319998
as,17,mig_NQ_3,0.003400323
as,17,med_NQ_3,-17.71984185
as,17,mig_NQ_4,0.00193967
as,17,med_NQ_4,-16.69380166
as,17,mig_NQ_5,0.002599724
as,17,med_NQ_5,-13.3032317
as,17,mig_NQ_6,0.003154215
as,17,med_NQ_6,-7.617238727
as,17,mig_NQ_7,0.003909175
as,17,med_NQ_7,-4.556248839
as,17,mig_NQ_8,0.006030365
as,17,med_NQ_8,-3.83852266
as,17,mig_NQ_9,0.006248859
as,17,med_NQ_9,-2.399069864
as,17,mig_NQ_10,0.007901086
as,17,med_NQ_10,-1.802597019
as,17,mig_NQ_11,0.012431196
as,17,med_NQ_11,-1.350752272
as,17,mig_NQ_12,0.014933064
as,17,med_NQ_12,-1.12596111
as,17,mig_NQ_13,0.013701931
as,17,med_NQ_13,-0.69531535
as,17,mig_NQ_14,0.008484649
as,17,med_NQ_14,-0.391386088
as,17,mig_NQ_15,0.003115198
as,17,med_NQ_15,-0.196087949
as,17,mig_NQ_16,0.00066742
as,17,med_NQ_16,-0.089965951
as,17,mig_NQ_17,6.51622e-05
as,17,med_NQ_17,-0.02803907
as,18,beta_Q_2,0.996382900000455
as,18,beta_Q_3,0.995405400107134
as,18,beta_Q_4,0.993380500001188
as,18,beta_Q_5,0.990084700054153
as,18,beta_Q_6,0.985190900005658
as,18,beta_Q_7,0.976841400385225
as,18,beta_Q_8,0.963054200048628
as,18,beta_Q_9,0.944144400758802
as,18,beta_Q_10,0.911067102345237
as,18,beta_Q_11,0.85315692195343
as,18,beta_Q_12,0.753888407546073
as,18,beta_Q_13,0.603952401548845
as,18,beta_Q_14,0.420119299941581
as,18,beta_Q_15,0.245264077382464
as,18,beta_Q_16,0.119772406030654
as,18,beta_Q_17,0.0534203631472869
as,18,h_Q_2,276.4645711
as,18,h_Q_3,217.64680276
as,18,h_Q_4,151.0688118488
as,18,h_Q_5,100.854235415873
as,18,h_Q_6,67.5260481988805
as,18,h_Q_7,43.1805031367904
as,18,h_Q_8,27.0666760498156
as,18,h_Q_9,17.9033078154291
as,18,h_Q_10,11.2444325964346
as,18,h_Q_11,6.80998970624055
as,18,h_Q_12,4.06319734552573
as,18,h_Q_13,2.5249490257071
as,18,h_Q_14,1.72449264109842
as,18,h_Q_15,1.32496626257095
as,18,h_Q_16,1.13606980625214
as,18,h_Q_17,1.05642904801573
as,18,P_Q_1,0.3046097499
as,18,P_Q_2,0.0812825075150471
as,18,P_Q_3,0.0816832111003845
as,18,P_Q_4,0.0827084132390017
as,18,P_Q_5,0.063777378298809
as,18,P_Q_6,0.0551499521943769
as,18,P_Q_7,0.0582282214147476
as,18,P_Q_8,0.0586305814524964
as,18,P_Q_9,0.0551596756861765
as,18,P_Q_10,0.0386761103374053
as,18,P_Q_11,0.0337383344448971
as,18,P_Q_12,0.0326288056693203
as,18,P_Q_13,0.0218069940395757
as,18,P_Q_14,0.01056599366893
as,18,P_Q_15,0.00325267300858368
as,18,P_Q_16,0.000583724376853996
as,18,P_Q_17,5.91850288505332e-05
as,18,L_Q,1.05390806179547
as,18,beta_NQ_2,0.9894431000002
as,18,beta_NQ_3,0.98689610028047
as,18,beta_NQ_4,0.983239700000899
as,18,beta_NQ_5,0.975920500101326
as,18,beta_NQ_6,0.965115406054087
as,18,beta_NQ_7,0.949608100535751
as,18,beta_NQ_8,0.927954400058273
as,18,beta_NQ_9,0.903296400579331
as,18,beta_NQ_10,0.864080601801062
as,18,beta_NQ_11,0.8029854137084
as,18,beta_NQ_12,0.686370602963632
as,18,beta_NQ_13,0.525801600415975
as,18,beta_NQ_14,0.348146835606179
as,18,beta_NQ_15,0.194711129513996
as,18,beta_NQ_16,0.0917671042914821
as,18,beta_NQ_17,0.039948965874027
as,18,h_NQ_2,94.72477716
as,18,h_NQ_3,76.31315868196
as,18,h_NQ_4,59.664803138124
as,18,h_NQ_5,41.529101511055
as,18,h_NQ_6,28.6659442784806
as,18,h_NQ_7,19.8444591337318
as,18,h_NQ_8,13.8800981637358
as,18,h_NQ_9,10.3408766527473
as,18,h_NQ_10,7.35730146316503
as,18,h_NQ_11,5.07576595705824
as,18,h_NQ_12,3.1884765860835
as,18,h_NQ_13,2.10882196207793
as,18,h_NQ_14,1.53408373537725
as,18,h_NQ_15,1.24179021360693
as,18,h_NQ_16,1.10103917324319
as,18,h_NQ_17,1.04160698357135
as,18,P_NQ_1,0.7107560831
as,18,P_NQ_2,0.189659181821719
as,18,P_NQ_3,0.19059416280058
as,18,P_NQ_4,0.192986297988188
as,18,P_NQ_5,0.148813885815335
as,18,P_NQ_6,0.128683219364096
as,18,P_NQ_7,0.135865849113612
as,18,P_NQ_8,0.136804691289197
as,18,P_NQ_9,0.128705912216712
as,18,P_NQ_10,0.0902442583876702
as,18,P_NQ_11,0.0787227849633219
as,18,P_NQ_12,0.0761338788174624
as,18,P_NQ_13,0.0508829583601892
as,18,P_NQ_14,0.024654005158245
as,18,P_NQ_15,0.00758956493136915
as,18,P_NQ_16,0.00136202224092288
as,18,P_NQ_17,0.000138097432447068
as,18,L_NQ,1.87018040156368
as,18,pi_Q,0.3
as,18,pi_NQ,0.7
as,18,y,2.42165139530201
as,18,nbar,5.85242930808982
as,18,Ptot,3.27513836517652
as,18,Pret,0.471039390866044
as,18,H,229.345812456912
as,18,cCheck,-4.44089209850063e-16
as,18,shareq,0.3
as,18,A,0.703033956
as,18,A_Q,2
as,18,xpop,1.015365833
as,18,h_Q_1,100
as,18,mig_Q_2,-0.229716381
as,18,med_Q_2,178.4645711
as,18,mig_Q_3,0.001109393
as,18,med_Q_3,-49.07792642
as,18,mig_Q_4,0.000313815
as,18,med_Q_4,-59.620443
as,18,mig_Q_5,-1.02706e-05
as,18,med_Q_5,-38.94804426
as,18,mig_Q_6,-0.000173255
as,18,med_Q_6,-23.00094827
as,18,mig_Q_7,-0.000251218
as,18,med_Q_7,-14.67620115
as,18,mig_Q_8,0.000177041
as,18,med_Q_8,-11.17334643
as,18,mig_Q_9,0.000449924
as,18,med_Q_9,-6.711891317
as,18,mig_Q_10,0.001074188
as,18,med_Q_10,-4.64958995
as,18,mig_Q_11,0.001860603
as,18,med_Q_11,-3.090150205
as,18,mig_Q_12,0.003658882
as,18,med_Q_12,-1.789498656
as,18,mig_Q_13,0.004107704
as,18,med_Q_13,-1.045919975
as,18,mig_Q_14,0.003060282
as,18,med_Q_14,-0.561254165
as,18,mig_Q_15,0.001315008
as,18,med_Q_15,-0.285807119
as,18,mig_Q_16,0.000295694
as,18,med_Q_16,-0.131239144
as,18,mig_Q_17,3.53312e-05
as,18,med_Q_17,-0.046533641
as,18,h_NQ_1,100
as,18,mig_NQ_2,-0.530975994
as,18,med_NQ_2,-3.27522284
as,18,mig_NQ_3,0.00415521
as,18,med_NQ_3,-16.32494772
as,18,mig_NQ_4,0.002767053
as,18,med_NQ_4,-16.03717825
as,18,mig_NQ_5,0.002297045
as,18,med_NQ_5,-14.40792937
as,18,mig_NQ_6,0.002606818
as,18,med_NQ_6,-8.666109092
as,18,mig_NQ_7,0.00359109
as,18,med_NQ_7,-4.735918706
as,18,mig_NQ_8,0.005702794
as,18,med_NQ_8,-3.791410139
as,18,mig_NQ_9,0.007064494
as,18,med_NQ_9,-2.377823335
as,18,mig_NQ_10,0.007467126
as,18,med_NQ_10,-1.899377754
as,18,mig_NQ_11,0.009227528
as,18,med_NQ_11,-1.460547934
as,18,mig_NQ_12,0.015139796
as,18,med_NQ_12,-1.223257
as,18,mig_NQ_13,0.015269715
as,18,med_NQ_13,-0.729200238
as,18,mig_NQ_14,0.010261568
as,18,med_NQ_14,-0.397398318
as,18,mig_NQ_15,0.004028409
as,18,med_NQ_15,-0.203239385
as,18,mig_NQ_16,0.000850613
as,18,med_NQ_16,-0.091998601
as,18,mig_NQ_17,9.67484e-05
as,18,med_NQ_17,-0.029236285
as,19,beta_Q_2,0.996112200002019
as,19,beta_Q_3,0.995198400000949
as,19,beta_Q_4,0.993417000005918
as,19,beta_Q_5,0.990831500017762
as,19,beta_Q_6,0.987090300006913
as,19,beta_Q_7,0.98076870000953
as,19,beta_Q_8,0.968726300002532
as,19,beta_Q_9,0.951335011057293
as,19,beta_Q_10,0.924336600000898
as,19,beta_Q_11,0.877013799938162
as,19,beta_Q_12,0.797342699853427
as,19,beta_Q_13,0.661059819996658
as,19,beta_Q_14,0.481390420888964
as,19,beta_Q_15,0.289655300232739
as,19,beta_Q_16,0.147666779862596
as,19,beta_Q_17,0.0825551319466387
as,19,h_Q_2,257.2148773
as,19,h_Q_3,208.263912068
as,19,h_Q_4,151.9064256348
as,19,h_Q_5,109.069095271824
as,19,h_Q_6,77.4611339175553
as,19,h_Q_7,51.9985648649029
as,19,h_Q_8,31.9757495940546
as,19,h_Q_9,20.5486489268193
as,19,h_Q_10,13.2164296081205
as,19,h_Q_11,8.1309935545059
as,19,h_Q_12,4.93443857811574
as,19,h_Q_13,2.95037121461522
as,19,h_Q_14,1.92823272519296
as,19,h_Q_15,1.40776724327645
as,19,h_Q_16,1.17324871231954
as,19,h_Q_17,1.08998264412709
as,19,P_Q_1,0.304206375
as,19,P_Q_2,0.0843752879737753
as,19,P_Q_3,0.0840883869147266
as,19,P_Q_4,0.0833506750846026
as,19,P_Q_5,0.0834729345136919
as,19,P_Q_6,0.0638592827262049
as,19,P_Q_7,0.0548095665327333
as,19,P_Q_8,0.0571965031948342
as,19,P_Q_9,0.0565060341916074
as,19,P_Q_10,0.0519861808937078
as,19,P_Q_11,0.0352513382485919
as,19,P_Q_12,0.0285759962279203
as,19,P_Q_13,0.0242772055436565
as,19,P_Q_14,0.0129899930697368
as,19,P_Q_15,0.00445065168883907
as,19,P_Q_16,0.000837368472269033
as,19,P_Q_17,8.22046681894642e-05
as,19,L_Q,1.09290207629452
as,19,beta_NQ_2,0.988462400031308
as,19,beta_NQ_3,0.986035700002781
as,19,beta_NQ_4,0.983041900315316
as,19,beta_NQ_5,0.977549700016488
as,19,beta_NQ_6,0.969548006130814
as,19,beta_NQ_7,0.95810829998989
as,19,beta_NQ_8,0.938648500014802
as,19,beta_NQ_9,0.914904910233032
as,19,beta_NQ_10,0.882886651706954
as,19,beta_NQ_11,0.832672764376174
as,19,beta_NQ_12,0.736273933328963
as,19,beta_NQ_13,0.584975870162531
as,19,beta_NQ_14,0.405078304537439
as,19,beta_NQ_15,0.232303211906323
as,19,beta_NQ_16,0.113939246759178
as,19,beta_NQ_17,0.0621229938868753
as,19,h_NQ_2,86.67313826
as,19,h_NQ_3,71.6111799368
as,19,h_NQ_4,58.9688703383208
as,19,h_NQ_5,44.5428346153615
as,19,h_NQ_6,32.8385656048339
as,19,h_NQ_7,23.871077080911
as,19,h_NQ_8,16.2995199830572
as,19,h_NQ_9,11.7515579664611
as,19,h_NQ_10,8.53873253969239
as,19,h_NQ_11,5.97630752990173
as,19,h_NQ_12,3.79180704091707
as,19,h_NQ_13,2.40949804436183
as,19,h_NQ_14,1.68089346983638
as,19,h_NQ_15,1.3025901226697
as,19,h_NQ_16,1.1285903413348
as,19,h_NQ_17,1.06623755677833
as,19,P_NQ_1,0.709814875
as,19,P_NQ_2,0.196875672206464
as,19,P_NQ_3,0.19620623292224
as,19,P_NQ_4,0.194484910453965
as,19,P_NQ_5,0.194770179445336
as,19,P_NQ_6,0.149004994835153
as,19,P_NQ_7,0.127888987511165
as,19,P_NQ_8,0.13345850950263
as,19,P_NQ_9,0.131847416223898
as,19,P_NQ_10,0.121301090083572
as,19,P_NQ_11,0.0822531231562311
as,19,P_NQ_12,0.0666773273822516
as,19,P_NQ_13,0.0566468123280977
as,19,P_NQ_14,0.0303100559393809
as,19,P_NQ_15,0.0103848541914058
as,19,P_NQ_16,0.00195386039658393
as,19,P_NQ_17,0.000191808380022294
as,19,L_NQ,1.93952221123599
as,19,pi_Q,0.3
as,19,pi_NQ,0.7
as,19,y,2.90989374944694
as,19,nbar,6.11137587328583
as,19,Ptot,3.43438669490348
as,19,Pret,0.528169870670456
as,19,H,236.099000249591
as,19,cCheck,8.88178419700125e-16
as,19,shareq,0.3
as,19,A,0.819558266
as,19,A_Q,2
as,19,xpop,1.01402125
as,19,h_Q_1,100
as,19,mig_Q_2,-0.219132658
as,19,med_Q_2,159.2148773
as,19,mig_Q_3,0.00317934
as,19,med_Q_3,-62.67136761
as,19,mig_Q_4,0.002208166
as,19,med_Q_4,-61.38744107
as,19,mig_Q_5,0.0015846
as,19,med_Q_5,-38.97834034
as,19,mig_Q_6,0.00102639
as,19,med_Q_6,-21.37601679
as,19,mig_Q_7,0.00093681
as,19,med_Q_7,-14.17696237
as,19,mig_Q_8,0.00111957
as,19,med_Q_8,-10.34114348
as,19,mig_Q_9,0.001150299
as,19,med_Q_9,-5.976693602
as,19,mig_Q_10,0.001732015
as,19,med_Q_10,-4.328812051
as,19,mig_Q_11,0.002254547
as,19,med_Q_11,-2.88855039
as,19,mig_Q_12,0.003141057
as,19,med_Q_12,-1.739351334
as,19,mig_Q_13,0.00457096
as,19,med_Q_13,-1.031562184
as,19,mig_Q_14,0.003828454
as,19,med_Q_14,-0.54621732
as,19,mig_Q_15,0.001859193
as,19,med_Q_15,-0.282235545
as,19,mig_Q_16,0.000447788
as,19,med_Q_16,-0.125218225
as,19,mig_Q_17,5.10219e-05
as,19,med_Q_17,-0.023365766
as,19,h_NQ_1,100
as,19,mig_NQ_2,-0.50637703
as,19,med_NQ_2,-11.32686174
as,19,mig_NQ_3,0.009032326
as,19,med_NQ_3,-21.21910168
as,19,mig_NQ_4,0.007085163
as,19,med_NQ_4,-15.81802517
as,19,mig_NQ_5,0.006430895
as,19,med_NQ_5,-13.92867246
as,19,mig_NQ_6,0.005382421
as,19,med_NQ_6,-7.859953876
as,19,mig_NQ_7,0.00569036
as,19,med_NQ_7,-4.221548312
as,19,mig_NQ_8,0.007381197
as,19,med_NQ_8,-3.148049968
as,19,mig_NQ_9,0.008272231
as,19,med_NQ_9,-1.850938234
as,19,mig_NQ_10,0.010088808
as,19,med_NQ_10,-1.59532658
as,19,mig_NQ_11,0.0097883
as,19,med_NQ_11,-1.233847904
as,19,mig_NQ_12,0.012644322
as,19,med_NQ_12,-1.182443597
as,19,mig_NQ_13,0.016615497
as,19,med_NQ_13,-0.71520901
as,19,mig_NQ_14,0.012595315
as,19,med_NQ_14,-0.385752053
as,19,mig_NQ_15,0.005584445
as,19,med_NQ_15,-0.200811938
as,19,mig_NQ_16,0.001257388
as,19,med_NQ_16,-0.088364068
as,19,mig_NQ_17,0.000137397
as,19,med_NQ_17,-0.012780833
as,20,beta_Q_2,0.99686690000089
as,20,beta_Q_3,0.995923099999867
as,20,beta_Q_4,0.994020400065491
as,20,beta_Q_5,0.991077199999568
as,20,beta_Q_6,0.987600799999601
as,20,beta_Q_7,0.982250200053892
as,20,beta_Q_8,0.971854300674659
as,20,beta_Q_9,0.95534820019508
as,20,beta_Q_10,0.928243700006788
as,20,beta_Q_11,0.884935700056105
as,20,beta_Q_12,0.811040599997013
as,20,beta_Q_13,0.682805199770887
as,20,beta_Q_14,0.498147923475038
as,20,beta_Q_15,0.311240966334781
as,20,beta_Q_16,0.15924903071576
as,20,beta_Q_17,0.10149318000479
as,20,h_Q_2,319.1727044
as,20,h_Q_3,245.284407262
as,20,h_Q_4,167.23526660664
as,20,h_Q_5,112.072443622104
as,20,h_Q_6,80.6503645363875
as,20,h_Q_7,56.3386630092042
as,20,h_Q_8,35.5294059376048
as,20,h_Q_9,22.3955137331735
as,20,h_Q_10,13.9360585762829
as,20,h_Q_11,8.69079288695808
as,20,h_Q_12,5.29214211741578
as,20,h_Q_13,3.15263679855343
as,20,h_Q_14,1.99261655732291
as,20,h_Q_15,1.4518851826891
as,20,h_Q_16,1.18941279941092
as,20,h_Q_17,1.11295738707314
as,20,P_Q_1,0.2986466736
as,20,P_Q_2,0.0830792994558893
as,20,P_Q_3,0.0855906775911205
as,20,P_Q_4,0.0844860560641646
as,20,P_Q_5,0.0831130224215699
as,20,P_Q_6,0.0824548264715775
as,20,P_Q_7,0.0628632507029211
as,20,P_Q_8,0.0534285085919974
as,20,P_Q_9,0.0548544919992961
as,20,P_Q_10,0.0528876515242048
as,20,P_Q_11,0.0471929850498633
as,20,P_Q_12,0.0303438642125786
as,20,P_Q_13,0.0217427779226542
as,20,P_Q_14,0.0151596551946687
as,20,P_Q_15,0.00582143134263581
as,20,P_Q_16,0.00123747840318089
as,20,P_Q_17,0.000130289864716125
as,20,L_Q,1.1151795124698
as,20,beta_NQ_2,0.990822700003447
as,20,beta_NQ_3,0.988329599999868
as,20,beta_NQ_4,0.984818300533219
as,20,beta_NQ_5,0.978250100003701
as,20,beta_NQ_6,0.970782499999416
as,20,beta_NQ_7,0.96136910009016
as,20,beta_NQ_8,0.944761001225175
as,20,beta_NQ_9,0.921664700262691
as,20,beta_NQ_10,0.888475800048907
as,20,beta_NQ_11,0.842666999930868
as,20,beta_NQ_12,0.752367100266578
as,20,beta_NQ_13,0.608120299855312
as,20,beta_NQ_14,0.421178745216301
as,20,beta_NQ_15,0.250690372101995
as,20,beta_NQ_16,0.122887109925889
as,20,beta_NQ_17,0.0762592502847983
as,20,h_NQ_2,108.96451026
as,20,h_NQ_3,85.6868659158
as,20,h_NQ_4,65.868776223064
as,20,h_NQ_5,45.9772228915544
as,20,h_NQ_6,34.2260631460543
as,20,h_NQ_7,25.8860135217372
as,20,h_NQ_8,18.1031517532928
as,20,h_NQ_9,12.765636951396
as,20,h_NQ_10,8.96666374113188
as,20,h_NQ_11,6.35594566489854
as,20,h_NQ_12,4.03823563330369
as,20,h_NQ_13,2.55180352409873
as,20,h_NQ_14,1.72764803147459
as,20,h_NQ_15,1.33456130843965
as,20,h_NQ_16,1.14010408521631
as,20,h_NQ_17,1.0825547595081
as,20,P_NQ_1,0.6968422384
as,20,P_NQ_2,0.193851697920423
as,20,P_NQ_3,0.199711581257618
as,20,P_NQ_4,0.197134128065588
as,20,P_NQ_5,0.193930387872007
as,20,P_NQ_6,0.192394595134967
as,20,P_NQ_7,0.146680920291511
as,20,P_NQ_8,0.124666518295766
as,20,P_NQ_9,0.127993815656338
as,20,P_NQ_10,0.12340452784613
as,20,P_NQ_11,0.110116985001731
as,20,P_NQ_12,0.0708023845148298
as,20,P_NQ_13,0.0507331406055446
as,20,P_NQ_14,0.0353725276953163
as,20,P_NQ_15,0.0135834873477785
as,20,P_NQ_16,0.00288744246427267
as,20,P_NQ_17,0.000304007657472791
as,20,L_NQ,1.97875644067073
as,20,pi_Q,0.3
as,20,pi_NQ,0.7
as,20,y,3.18474058541619
as,20,nbar,6.27178562400593
as,20,Ptot,3.54344332644033
as,20,Pret,0.581720636647578
as,20,H,258.231395724349
as,20,cCheck,4.44089209850063e-16
as,20,shareq,0.3
as,20,A,0.880846471
as,20,A_Q,2
as,20,xpop,0.995488912
as,20,h_Q_1,100
as,20,mig_Q_2,-0.219944382
as,20,med_Q_2,221.1727044
as,20,mig_Q_3,0.001620526
as,20,med_Q_3,-6.786172492
as,20,mig_Q_4,0.000951223
as,20,med_Q_4,-36.86336722
as,20,mig_Q_5,0.000526548
as,20,med_Q_5,-36.7958535
as,20,mig_Q_6,5.95025e-05
as,20,med_Q_6,-26.23734883
as,20,mig_Q_7,0.000232065
as,20,med_Q_7,-19.57324823
as,20,mig_Q_8,0.00033304
as,20,med_Q_8,-15.42918763
as,20,mig_Q_9,0.000441456
as,20,med_Q_9,-8.940720869
as,20,mig_Q_10,0.000657056
as,20,med_Q_10,-6.201617372
as,20,mig_Q_11,0.001600387
as,20,med_Q_11,-4.261308129
as,20,mig_Q_12,0.002236467
as,20,med_Q_12,-2.676231566
as,20,mig_Q_13,0.002852335
as,20,med_Q_13,-1.683113008
as,20,mig_Q_14,0.003472841
as,20,med_Q_14,-0.898747233
as,20,mig_Q_15,0.002058811
as,20,med_Q_15,-0.437782888
as,20,mig_Q_16,0.000580265
as,20,med_Q_16,-0.190199099
as,20,mig_Q_17,6.11608e-05
as,20,med_Q_17,-0.036826351
as,20,h_NQ_1,100
as,20,mig_NQ_2,-0.507773617
as,20,med_NQ_2,10.96451026
as,20,mig_NQ_3,0.00558514
as,20,med_NQ_3,0.747190421
as,20,mig_NQ_4,0.00425518
as,20,med_NQ_4,-4.310180115
as,20,mig_NQ_5,0.003811722
as,20,med_NQ_5,-11.81227004
as,20,mig_NQ_6,0.003555556
as,20,med_NQ_6,-9.425914777
as,20,mig_NQ_7,0.003917998
as,20,med_NQ_7,-6.295780771
as,20,mig_NQ_8,0.004623712
as,20,med_NQ_8,-5.290503786
as,20,mig_NQ_9,0.00589197
as,20,med_NQ_9,-3.207892632
as,20,mig_NQ_10,0.006998204
as,20,med_NQ_10,-2.549863066
as,20,mig_NQ_11,0.009112871
as,20,med_NQ_11,-2.012012224
as,20,mig_NQ_12,0.010241554
as,20,med_NQ_12,-1.818545746
as,20,mig_NQ_13,0.011728513
as,20,med_NQ_13,-1.164167376
as,20,mig_NQ_14,0.012426133
as,20,med_NQ_14,-0.633660052
as,20,mig_NQ_15,0.006542364
as,20,med_NQ_15,-0.312714292
as,20,mig_NQ_16,0.0017042
as,20,med_NQ_16,-0.136434235
as,20,mig_NQ_17,0.000182628
as,20,med_NQ_17,-0.023463775
as,21,beta_Q_2,0.997947299999981
as,21,beta_Q_3,0.997289700000371
as,21,beta_Q_4,0.995694699999859
as,21,beta_Q_5,0.992675200002161
as,21,beta_Q_6,0.988263100000314
as,21,beta_Q_7,0.983035299999275
as,21,beta_Q_8,0.975710000020468
as,21,beta_Q_9,0.963067400033811
as,21,beta_Q_10,0.942124400015136
as,21,beta_Q_11,0.902773200004358
as,21,beta_Q_12,0.83872012138729
as,21,beta_Q_13,0.721246836124307
as,21,beta_Q_14,0.542904303027185
as,21,beta_Q_15,0.338483501623465
as,21,beta_Q_16,0.208098202732715
as,21,beta_Q_17,0.124041184802996
as,21,h_Q_2,487.1632484
as,21,h_Q_3,368.962845492
as,21,h_Q_4,232.27185096676
as,21,h_Q_5,136.522498944507
as,21,h_Q_6,85.2013734396619
as,21,h_Q_7,58.9459288956597
as,21,h_Q_8,41.1692054690201
as,21,h_Q_9,27.0763499158527
as,21,h_Q_10,17.27843858451
as,21,h_Q_11,10.2852299987573
as,21,h_Q_12,6.20039682521891
as,21,h_Q_13,3.58740275906747
as,21,h_Q_14,2.18772567358236
as,21,h_Q_15,1.51167374817645
as,21,h_Q_16,1.26278283903532
as,21,h_Q_17,1.1416056824227
as,21,P_Q_1,0.3
as,21,P_Q_2,0.0779479507072097
as,21,P_Q_3,0.0843684854599265
as,21,P_Q_4,0.086304972581002
as,21,P_Q_5,0.0844090928830788
as,21,P_Q_6,0.0824385544339272
as,21,P_Q_7,0.081464236797116
as,21,P_Q_8,0.0617844325500232
as,21,P_Q_9,0.051761339522472
as,21,P_Q_10,0.0520161616154193
as,21,P_Q_11,0.0485687309258955
as,21,P_Q_12,0.0410272339104912
as,21,P_Q_13,0.0238991852654904
as,21,P_Q_14,0.0137862526727491
as,21,P_Q_15,0.00693893173209077
as,21,P_Q_16,0.0016386242986931
as,21,P_Q_17,0.000202575818326078
as,21,L_Q,1.14467739593198
as,21,beta_NQ_2,0.987508100006902
as,21,beta_NQ_3,0.983809800022365
as,21,beta_NQ_4,0.979681400004373
as,21,beta_NQ_5,0.970792700009611
as,21,beta_NQ_6,0.959805900050643
as,21,beta_NQ_7,0.950309499996999
as,21,beta_NQ_8,0.9389679003774
as,21,beta_NQ_9,0.920657802025191
as,21,beta_NQ_10,0.892753200037244
as,21,beta_NQ_11,0.845000008029515
as,21,beta_NQ_12,0.757092334522423
as,21,beta_NQ_13,0.613769218079616
as,21,beta_NQ_14,0.427249906787381
as,21,beta_NQ_15,0.245702599148123
as,21,beta_NQ_16,0.142008612502477
as,21,beta_NQ_17,0.0792838006000935
as,21,h_NQ_2,80.05187361
as,21,h_NQ_3,61.7657595348
as,21,h_NQ_4,49.215989287484
as,21,h_NQ_5,34.2380158386027
as,21,h_NQ_6,24.8792733337233
as,21,h_NQ_7,20.1245710931332
as,21,h_NQ_8,16.3848204403024
as,21,h_NQ_9,12.6036333702269
as,21,h_NQ_10,9.32428753436811
as,21,h_NQ_11,6.45161290630924
as,21,h_NQ_12,4.11679003560057
as,21,h_NQ_13,2.58912546863762
as,21,h_NQ_14,1.74596215561676
as,21,h_NQ_15,1.3257370328451
as,21,h_NQ_16,1.16551257727086
as,21,h_NQ_17,1.08611100851198
as,21,P_NQ_1,0.7
as,21,P_NQ_2,0.181878552127933
as,21,P_NQ_3,0.196859798064987
as,21,P_NQ_4,0.20137827105093
as,21,P_NQ_5,0.196954549494304
as,21,P_NQ_6,0.192356628764244
as,21,P_NQ_7,0.190083218787113
as,21,P_NQ_8,0.144163678115238
as,21,P_NQ_9,0.120776457217861
as,21,P_NQ_10,0.121371045766577
as,21,P_NQ_11,0.113327046257984
as,21,P_NQ_12,0.0957302286958505
as,21,P_NQ_13,0.0557647853016294
as,21,P_NQ_14,0.0321679055011255
as,21,P_NQ_15,0.016190825130127
as,21,P_NQ_16,0.00382347250288337
as,21,P_NQ_17,0.000472674197565924
as,21,L_NQ,2.03035091396651
as,21,pi_Q,0.3
as,21,pi_NQ,0.7
as,21,y,3.72824619335074
as,21,nbar,6.55292381331441
as,21,Ptot,3.66185589815026
as,21,Pret,0.626925679592898
as,21,H,272.311788865894
as,21,cCheck,-4.44089209850063e-16
as,21,shareq,0.3
as,21,A,1
as,21,A_Q,2
as,21,xpop,1
as,21,h_Q_1,100
as,21,mig_Q_2,-0.219763033
as,21,med_Q_2,389.1632484
as,21,mig_Q_3,0.001627892
as,21,med_Q_3,56.17359518
as,21,mig_Q_4,0.001226093
as,21,med_Q_4,-8.10686815
as,21,mig_Q_5,0.000676889
as,21,med_Q_5,-27.36806233
as,21,mig_Q_6,0.000356067
as,21,med_Q_6,-24.62962131
as,21,mig_Q_7,0.000472967
as,21,med_Q_7,-20.09142835
as,21,mig_Q_8,0.000690512
as,21,med_Q_8,-14.04268428
as,21,mig_Q_9,0.00071851
as,21,med_Q_9,-7.742467903
as,21,mig_Q_10,0.001097825
as,21,med_Q_10,-4.669164874
as,21,mig_Q_11,0.00176656
as,21,med_Q_11,-3.372107406
as,21,mig_Q_12,0.002751807
as,21,med_Q_12,-2.316580204
as,21,mig_Q_13,0.003180237
as,21,med_Q_13,-1.598896516
as,21,mig_Q_14,0.002955133
as,21,med_Q_14,-0.901858389
as,21,mig_Q_15,0.002220626
as,21,med_Q_15,-0.441090478
as,21,mig_Q_16,0.000711567
as,21,med_Q_16,-0.16006464
as,21,mig_Q_17,7.69802e-05
as,21,med_Q_17,-0.024018861
as,21,h_NQ_1,100
as,21,mig_NQ_2,-0.508568556
as,21,med_NQ_2,-17.94812639
as,21,mig_NQ_3,0.005270427
as,21,med_NQ_3,-45.01946052
as,21,mig_NQ_4,0.004698651
as,21,med_NQ_4,-34.75713931
as,21,mig_NQ_5,0.004108069
as,21,med_NQ_5,-30.31338486
as,21,mig_NQ_6,0.004092402
as,21,med_NQ_6,-20.1784051
as,21,mig_NQ_7,0.005121
as,21,med_NQ_7,-13.41697079
as,21,mig_NQ_8,0.005585265
as,21,med_NQ_8,-8.983472811
as,21,mig_NQ_9,0.005875728
as,21,med_NQ_9,-5.137455348
as,21,mig_NQ_10,0.007651638
as,21,med_NQ_10,-3.186036678
as,21,mig_NQ_11,0.009338123
as,21,med_NQ_11,-2.33571756
as,21,mig_NQ_12,0.012881832
as,21,med_NQ_12,-2.112036716
as,21,mig_NQ_13,0.012708418
as,21,med_NQ_13,-1.368345452
as,21,mig_NQ_14,0.010800185
as,21,med_NQ_14,-0.754805298
as,21,mig_NQ_15,0.007323273
as,21,med_NQ_15,-0.367358038
as,21,mig_NQ_16,0.002154237
as,21,med_NQ_16,-0.142357505
as,21,mig_NQ_17,0.00025248
as,21,med_NQ_17,-0.031190995
as,22,beta_Q_2,0.998280799999971
as,22,beta_Q_3,0.997731699999976
as,22,beta_Q_4,0.996375300000702
as,22,beta_Q_5,0.993893399999639
as,22,beta_Q_6,0.989472500323064
as,22,beta_Q_7,0.983741699997244
as,22,beta_Q_8,0.977087400001782
as,22,beta_Q_9,0.966488200428574
as,22,beta_Q_10,0.950223624515064
as,22,beta_Q_11,0.916742552309607
as,22,beta_Q_12,0.858567121265618
as,22,beta_Q_13,0.752188914642618
as,22,beta_Q_14,0.577905800097401
as,22,beta_Q_15,0.365396350457373
as,22,beta_Q_16,0.191576039975639
as,22,beta_Q_17,0.185962103794283
as,22,h_Q_2,581.6658911
as,22,h_Q_3,440.858792922
as,22,h_Q_4,275.88490087216
as,22,h_Q_5,163.757246247425
as,22,h_Q_6,94.989313735617
as,22,h_Q_7,61.5070456208687
as,22,h_Q_8,43.6441084777465
as,22,h_Q_9,29.8402354096397
as,22,h_Q_10,20.0898417965357
as,22,h_Q_11,12.0109299488199
as,22,h_Q_12,7.07049067078214
as,22,h_Q_13,4.03533175071454
as,22,h_Q_14,2.36913939588612
as,22,h_Q_15,1.57578161911071
as,22,h_Q_16,1.23697450221292
as,22,h_Q_17,1.22844403625461
as,22,P_Q_1,0.3043458798
as,22,P_Q_2,0.0753739649999943
as,22,P_Q_3,0.0801695203764368
as,22,P_Q_4,0.086004067819464
as,22,P_Q_5,0.0869474759180272
as,22,P_Q_6,0.0841801138008459
as,22,P_Q_7,0.0816496550894621
as,22,P_Q_8,0.0803410254869814
as,22,P_Q_9,0.0601671518185152
as,22,P_Q_10,0.0494825009415887
as,22,P_Q_11,0.0483919356734959
as,22,P_Q_12,0.0430212338977937
as,22,P_Q_13,0.0330275316528737
as,22,P_Q_14,0.0161896095194786
as,22,P_Q_15,0.00656592607893797
as,22,P_Q_16,0.00204585822233309
as,22,P_Q_17,0.000275074799456871
as,22,L_Q,1.18289170435447
as,22,beta_NQ_2,0.989546300000006
as,22,beta_NQ_3,0.986403899999229
as,22,beta_NQ_4,0.982873300000434
as,22,beta_NQ_5,0.975717099998542
as,22,beta_NQ_6,0.964047001348653
as,22,beta_NQ_7,0.952375900018
as,22,beta_NQ_8,0.942323100000106
as,22,beta_NQ_9,0.927806100634132
as,22,beta_NQ_10,0.907065229359897
as,22,beta_NQ_11,0.865680642477568
as,22,beta_NQ_12,0.783567210970732
as,22,beta_NQ_13,0.649617903700812
as,22,beta_NQ_14,0.461536900963361
as,22,beta_NQ_15,0.268777224537005
as,22,beta_NQ_16,0.131445915791123
as,22,beta_NQ_17,0.121206750107924
as,22,h_NQ_2,95.659909888
as,22,h_NQ_3,73.5505034488
as,22,h_NQ_4,58.388364368104
as,22,h_NQ_5,41.1812427647343
as,22,h_NQ_6,27.8140906188307
as,22,h_NQ_7,20.9977721440488
as,22,h_NQ_8,17.3379637232705
as,22,h_NQ_9,13.8515857924964
as,22,h_NQ_10,10.7602318998224
as,22,h_NQ_11,7.44494094268074
as,22,h_NQ_12,4.62037177618305
as,22,h_NQ_13,2.85402707088856
as,22,h_NQ_14,1.85713747426486
as,22,h_NQ_15,1.36757092650442
as,22,h_NQ_16,1.1513387551882
as,22,h_NQ_17,1.13791818872544
as,22,P_NQ_1,0.7101403862
as,22,P_NQ_2,0.175872585004831
as,22,P_NQ_3,0.187062214997339
as,22,P_NQ_4,0.200676156572885
as,22,P_NQ_5,0.202877445476799
as,22,P_NQ_6,0.196420263646449
as,22,P_NQ_7,0.190515864702057
as,22,P_NQ_8,0.187462392841514
as,22,P_NQ_9,0.140390023025442
as,22,P_NQ_10,0.115459166670406
as,22,P_NQ_11,0.112914517647308
as,22,P_NQ_12,0.100382875015988
as,22,P_NQ_13,0.077064247613235
as,22,P_NQ_14,0.0377757643221395
as,22,P_NQ_15,0.0153204229907777
as,22,P_NQ_16,0.00477366761199957
as,22,P_NQ_17,0.000641841431518546
as,22,L_NQ,2.09721467136008
as,22,pi_Q,0.3
as,22,pi_NQ,0.7
as,22,y,4.27051052461653
as,22,nbar,6.84252332721368
as,22,Ptot,3.79392836166637
as,22,Pret,0.663332174089331
as,22,H,302.232960706092
as,22,cCheck,0
as,22,shareq,0.3
as,22,A,1.111292532
as,22,A_Q,2
as,22,xpop,1.014486266
as,22,h_Q_1,100
as,22,mig_Q_2,-0.224010225
as,22,med_Q_2,483.6658911
as,22,mig_Q_3,0.002432832
as,22,med_Q_3,-36.56119051
as,22,mig_Q_4,0.001998814
as,22,med_Q_4,-85.69868771
as,22,mig_Q_5,0.00127467
as,22,med_Q_5,-63.8691677
as,22,mig_Q_6,0.000761722
as,22,med_Q_6,-38.80273523
as,22,mig_Q_7,0.000609646
as,22,med_Q_7,-21.99030035
as,22,mig_Q_8,0.000855555
as,22,med_Q_8,-14.12290184
as,22,mig_Q_9,0.000664579
as,22,med_Q_9,-10.50558595
as,22,mig_Q_10,0.00071688
as,22,med_Q_10,-6.444981121
as,22,mig_Q_11,0.001433139
as,22,med_Q_11,-4.921939864
as,22,mig_Q_12,0.002285662
as,22,med_Q_12,-3.009034728
as,22,mig_Q_13,0.003436769
as,22,med_Q_13,-2.041057138
as,22,mig_Q_14,0.003214639
as,22,med_Q_14,-1.146515308
as,22,mig_Q_15,0.001899507
as,22,med_Q_15,-0.568189541
as,22,mig_Q_16,0.000601879
as,22,med_Q_16,-0.244465771
as,22,mig_Q_17,7.18179e-05
as,22,med_Q_17,-0.009083146
as,22,h_NQ_1,100
as,22,mig_NQ_2,-0.515383085
as,22,med_NQ_2,-2.340090112
as,22,mig_NQ_3,0.008128313
as,22,med_NQ_3,-4.900332689
as,22,mig_NQ_4,0.007816274
as,22,med_NQ_4,-2.142079976
as,22,mig_NQ_5,0.00738089
as,22,med_NQ_5,-7.050426737
as,22,mig_NQ_6,0.007382125
as,22,med_NQ_6,-5.739164903
as,22,mig_NQ_7,0.007717533
as,22,med_NQ_7,-3.383915723
as,22,mig_NQ_8,0.008980352
as,22,med_NQ_8,-2.384115948
as,22,mig_NQ_9,0.007664608
as,22,med_NQ_9,-2.205538239
as,22,mig_NQ_10,0.007635598
as,22,med_NQ_10,-1.591328803
as,22,mig_NQ_11,0.010355983
as,22,med_NQ_11,-1.692860841
as,22,mig_NQ_12,0.014583837
as,22,med_NQ_12,-1.702208872
as,22,mig_NQ_13,0.01830798
as,22,med_NQ_13,-1.180427164
as,22,mig_NQ_14,0.013950265
as,22,med_NQ_14,-0.680205485
as,22,mig_NQ_15,0.007416685
as,22,med_NQ_15,-0.343471986
as,22,mig_NQ_16,0.002474431
as,22,med_NQ_16,-0.147883537
as,22,mig_NQ_17,0.000338702
as,22,med_NQ_17,-0.004284137
as,23,beta_Q_2,0.998437700016199
as,23,beta_Q_3,0.998043699999944
as,23,beta_Q_4,0.996854699999507
as,23,beta_Q_5,0.994779900001327
as,23,beta_Q_6,0.991028999998848
as,23,beta_Q_7,0.985176100121917
as,23,beta_Q_8,0.97780249999603
as,23,beta_Q_9,0.968116499992645
as,23,beta_Q_10,0.954185100205531
as,23,beta_Q_11,0.926734308891795
as,23,beta_Q_12,0.875713916351136
as,23,beta_Q_13,0.773751701546988
as,23,beta_Q_14,0.603063500074324
as,23,beta_Q_15,0.383542360896424
as,23,beta_Q_16,0.199860006922652
as,23,beta_Q_17,0.126764098806548
as,23,h_Q_2,640.0819305
as,23,h_Q_3,511.169043588
as,23,h_Q_4,317.93469616356
as,23,h_Q_5,191.567211404717
as,23,h_Q_6,111.470293152476
as,23,h_Q_7,67.4586310309047
as,23,h_Q_8,45.0501182484513
as,23,h_Q_9,31.3641852281916
as,23,h_Q_10,21.8269602544469
as,23,h_Q_11,13.648951715605
as,23,h_Q_12,8.04595204384345
as,23,h_Q_13,4.4199227133665
as,23,h_Q_14,2.51929464770024
as,23,h_Q_15,1.6221702609684
as,23,h_Q_16,1.2497812847285
as,23,h_Q_17,1.14516592616867
as,23,P_Q_1,0.3077841666
as,23,P_Q_2,0.075935203363439
as,23,P_Q_3,0.077418532235183
as,23,P_Q_4,0.0820643909159847
as,23,P_Q_5,0.0867295713788866
as,23,P_Q_6,0.0866535193933899
as,23,P_Q_7,0.0832293902564056
as,23,P_Q_8,0.0800970432024048
as,23,P_Q_9,0.0776902875434989
as,23,P_Q_10,0.0572552912777376
as,23,P_Q_11,0.0460322822078545
as,23,P_Q_12,0.0431010799036644
as,23,P_Q_13,0.0350225232321677
as,23,P_Q_14,0.0226562281050962
as,23,P_Q_15,0.00835774423374745
as,23,P_Q_16,0.00203479611697571
as,23,P_Q_17,0.000373700419089895
as,23,L_Q,1.20734954383487
as,23,beta_NQ_2,0.990472600076074
as,23,beta_NQ_3,0.988217199999898
as,23,beta_NQ_4,0.985088499999103
as,23,beta_NQ_5,0.979207900000741
as,23,beta_NQ_6,0.969464399997845
as,23,beta_NQ_7,0.956664600400181
as,23,beta_NQ_8,0.944183200024705
as,23,beta_NQ_9,0.931204399992527
as,23,beta_NQ_10,0.914147900140892
as,23,beta_NQ_11,0.88096120871536
as,23,beta_NQ_12,0.807341310491864
as,23,beta_NQ_13,0.675434200748707
as,23,beta_NQ_14,0.486570798834349
as,23,beta_NQ_15,0.283754838344068
as,23,beta_NQ_16,0.137884601826712
as,23,beta_NQ_17,0.0815321951115927
as,23,h_NQ_2,104.960429918
as,23,h_NQ_3,84.86947075324
as,23,h_NQ_4,67.062334435824
as,23,h_NQ_5,48.0951900017419
as,23,h_NQ_6,32.7486605774396
as,23,h_NQ_7,23.0758225384541
as,23,h_NQ_8,17.9157529711678
as,23,h_NQ_9,14.5358133348051
as,23,h_NQ_10,11.6479387166465
as,23,h_NQ_11,8.40062231382592
as,23,h_NQ_12,5.19052604782713
as,23,h_NQ_13,3.08103934765939
as,23,h_NQ_14,1.94768820647079
as,23,h_NQ_15,1.39616972277957
as,23,h_NQ_16,1.15993751997433
as,23,h_NQ_17,1.08876599908443
as,23,P_NQ_1,0.7181630554
as,23,P_NQ_2,0.177182140644785
as,23,P_NQ_3,0.180643240751711
as,23,P_NQ_4,0.191483580559826
as,23,P_NQ_5,0.202368999530148
as,23,P_NQ_6,0.202191544953183
as,23,P_NQ_7,0.19420190737206
as,23,P_NQ_8,0.186893102225243
as,23,P_NQ_9,0.181277337717829
as,23,P_NQ_10,0.133595682435414
as,23,P_NQ_11,0.107408654583162
as,23,P_NQ_12,0.100569185671007
as,23,P_NQ_13,0.0817192148353464
as,23,P_NQ_14,0.0528645340184855
as,23,P_NQ_15,0.0195013550892687
as,23,P_NQ_16,0.00474784203033016
as,23,P_NQ_17,0.000871989737345923
as,23,L_NQ,2.13999143258372
as,23,pi_Q,0.3
as,23,pi_NQ,0.7
as,23,y,4.56585023972253
as,23,nbar,7.13020058104749
as,23,Ptot,3.90811911794067
as,23,Pret,0.716112103896693
as,23,H,328.38673445958
as,23,cCheck,4.44089209850063e-16
as,23,shareq,0.3
as,23,A,1.154384374
as,23,A_Q,2
as,23,xpop,1.025947222
as,23,h_Q_1,100
as,23,mig_Q_2,-0.227887445
as,23,med_Q_2,542.0819305
as,23,mig_Q_3,0.002215538
as,23,med_Q_3,-58.86352969
as,23,mig_Q_4,0.002185461
as,23,med_Q_4,-114.1069209
as,23,mig_Q_5,0.001250696
as,23,med_Q_5,-78.79999145
as,23,mig_Q_6,0.000621383
as,23,med_Q_6,-49.01180817
as,23,mig_Q_7,0.000417902
as,23,med_Q_7,-25.63089643
as,23,mig_Q_8,0.000318194
as,23,med_Q_8,-15.22678646
as,23,mig_Q_9,4.16344e-05
as,23,med_Q_9,-11.40704108
as,23,mig_Q_10,8.30422e-05
as,23,med_Q_10,-7.416470447
as,23,mig_Q_11,0.000669568
as,23,med_Q_11,-6.039093245
as,23,mig_Q_12,0.001553355
as,23,med_Q_12,-3.724759306
as,23,mig_Q_13,0.002662428
as,23,med_Q_13,-2.509158144
as,23,mig_Q_14,0.003569426
as,23,med_Q_14,-1.435330468
as,23,mig_Q_15,0.00244212
as,23,med_Q_15,-0.699586347
as,23,mig_Q_16,0.000776922
as,23,med_Q_16,-0.294484702
as,23,mig_Q_17,-6.75168e-06
as,23,med_Q_17,-0.067069086
as,23,h_NQ_1,100
as,23,mig_NQ_2,-0.525534651
as,23,med_NQ_2,6.960429918
as,23,mig_NQ_3,0.007161837
as,23,med_NQ_3,-8.877240937
as,23,mig_NQ_4,0.007625124
as,23,med_NQ_4,-5.017158944
as,23,mig_NQ_5,0.006565842
as,23,med_NQ_5,-9.125407079
as,23,mig_NQ_6,0.006608152
as,23,med_NQ_6,-7.608957332
as,23,mig_NQ_7,0.007135982
as,23,med_NQ_7,-4.181986268
as,23,mig_NQ_8,0.007365602
as,23,med_NQ_8,-2.66206373
as,23,mig_NQ_9,0.007348586
as,23,med_NQ_9,-2.455391114
as,23,mig_NQ_10,0.006252774
as,23,med_NQ_10,-1.92661536
as,23,mig_NQ_11,0.007457889
as,23,med_NQ_11,-2.144404948
as,23,mig_NQ_12,0.012093072
as,23,med_NQ_12,-2.105516076
as,23,mig_NQ_13,0.016508702
as,23,med_NQ_13,-1.446924993
as,23,mig_NQ_14,0.01729654
as,23,med_NQ_14,-0.849258323
as,23,mig_NQ_15,0.00934809
as,23,med_NQ_15,-0.423825002
as,23,mig_NQ_16,0.002734035
as,23,med_NQ_16,-0.180281988
as,23,mig_NQ_17,0.000293389
as,23,med_NQ_17,-0.039545981
as,24,beta_Q_2,0.998567900006669
as,24,beta_Q_3,0.998121900000046
as,24,beta_Q_4,0.99717630000021
as,24,beta_Q_5,0.995330300172894
as,24,beta_Q_6,0.992001400384707
as,24,beta_Q_7,0.986972899997076
as,24,beta_Q_8,0.979117000019634
as,24,beta_Q_9,0.968275900014148
as,24,beta_Q_10,0.955263415083006
as,24,beta_Q_11,0.930171300143746
as,24,beta_Q_12,0.885025600511386
as,24,beta_Q_13,0.790376500426461
as,24,beta_Q_14,0.617163904442869
as,24,beta_Q_15,0.391218915190549
as,24,beta_Q_16,0.198171666851347
as,24,beta_Q_17,0.161492363992731
as,24,h_Q_2,698.2752601
as,24,h_Q_3,532.45301103
as,24,h_Q_4,354.14527041624
as,24,h_Q_5,214.146519000289
as,24,h_Q_6,125.021878876622
as,24,h_Q_7,76.7630554594268
as,24,h_Q_8,47.8858401902866
as,24,h_Q_9,31.5217768134823
as,24,h_Q_10,22.3530621376278
as,24,h_Q_11,14.320759258358
as,24,h_Q_12,8.69758835529285
as,24,h_Q_13,4.77045751296658
as,24,h_Q_14,2.61207909009917
as,24,h_Q_15,1.64262655274624
as,24,h_Q_16,1.24714419074903
as,24,h_Q_17,1.19259147503393
as,24,P_Q_1,0.3120516879
as,24,P_Q_2,0.0746465224015065
as,24,P_Q_3,0.0782214153250949
as,24,P_Q_4,0.0796326387257055
as,24,P_Q_5,0.082838589589073
as,24,P_Q_6,0.0864514913939466
as,24,P_Q_7,0.0856854032978187
as,24,P_Q_8,0.0817680948658586
as,24,P_Q_9,0.0778115231248719
as,24,P_Q_10,0.07441611680469
as,24,P_Q_11,0.0537302147926726
as,24,P_Q_12,0.041595451130821
as,24,P_Q_13,0.035971618913973
as,24,P_Q_14,0.0248794754418253
as,24,P_Q_15,0.0119913822164365
as,24,P_Q_16,0.00284669982041452
as,24,P_Q_17,0.000390309096023489
as,24,L_Q,1.20927471939472
as,24,beta_NQ_2,0.991275700044955
as,24,beta_NQ_3,0.988687700000473
as,24,beta_NQ_4,0.986582100316149
as,24,beta_NQ_5,0.9813840006486
as,24,beta_NQ_6,0.972817001453876
as,24,beta_NQ_7,0.962049706233961
as,24,beta_NQ_8,0.947720700025409
as,24,beta_NQ_9,0.931685400202676
as,24,beta_NQ_10,0.916191929635411
as,24,beta_NQ_11,0.886391599929464
as,24,beta_NQ_12,0.82058520000954
as,24,beta_NQ_13,0.695844900463616
as,24,beta_NQ_14,0.500897139322672
as,24,beta_NQ_15,0.290317903067518
as,24,beta_NQ_16,0.136720974510348
as,24,beta_NQ_17,0.103768538782001
as,24,h_NQ_2,114.62237658
as,24,h_NQ_3,88.39935291964
as,24,h_NQ_4,74.5273105321752
as,24,h_NQ_5,53.7172324871075
as,24,h_NQ_6,36.7876981917071
as,24,h_NQ_7,26.3502528278908
as,24,h_NQ_8,19.128029641685
as,24,h_NQ_9,14.6381593467445
as,24,h_NQ_10,11.932020888109
as,24,h_NQ_11,8.80216603131353
as,24,h_NQ_12,5.5736761915494
as,24,h_NQ_13,3.28779626287059
as,24,h_NQ_14,2.0035936477062
as,24,h_NQ_15,1.40908161134137
as,24,h_NQ_16,1.15837191532398
as,24,h_NQ_17,1.11578276857485
as,24,P_NQ_1,0.7281206051
as,24,P_NQ_2,0.174175218760615
as,24,P_NQ_3,0.182516634917978
as,24,P_NQ_4,0.18580948806708
as,24,P_NQ_5,0.193290045804609
as,24,P_NQ_6,0.201720145707659
as,24,P_NQ_7,0.199932606556932
as,24,P_NQ_8,0.190792220353453
as,24,P_NQ_9,0.181560223120399
as,24,P_NQ_10,0.173637605617885
as,24,P_NQ_11,0.125370502877456
as,24,P_NQ_12,0.097056049949338
as,24,P_NQ_13,0.0839337765436449
as,24,P_NQ_14,0.0580521036425503
as,24,P_NQ_15,0.0279798753045498
as,24,P_NQ_16,0.00664228858156514
as,24,P_NQ_17,0.000910733982775899
as,24,L_NQ,2.1432574036996
as,24,pi_Q,0.3
as,24,pi_NQ,0.7
as,24,y,4.90719541597335
as,24,nbar,7.26086020869598
as,24,Ptot,4.01642875972922
as,24,Pret,0.819404204716621
as,24,H,346.811386855874
as,24,cCheck,4.44089209850063e-16
as,24,shareq,0.3
as,24,A,1.225015828
as,24,A_Q,2
as,24,xpop,1.040172293
as,24,h_Q_1,100
as,24,mig_Q_2,-0.232656793
as,24,med_Q_2,600.2752601
as,24,mig_Q_3,0.002434764
as,24,med_Q_3,-94.82728086
as,24,mig_Q_4,0.002457611
as,24,med_Q_4,-146.8003923
as,24,mig_Q_5,0.001202583
as,24,med_Q_5,-97.42948324
as,24,mig_Q_6,0.000499971
as,24,med_Q_6,-62.7139883
as,24,mig_Q_7,0.000316427
as,24,med_Q_7,-32.47783183
as,24,mig_Q_8,0.000386189
as,24,med_Q_8,-18.22361822
as,24,mig_Q_9,0.000268254
as,24,med_Q_9,-12.62733907
as,24,mig_Q_10,0.000285202
as,24,med_Q_10,-8.383839386
as,24,mig_Q_11,0.000669772
as,24,med_Q_11,-7.069661791
as,24,mig_Q_12,0.001284341
as,24,med_Q_12,-4.678384326
as,24,mig_Q_13,0.002622085
as,24,med_Q_13,-3.11457549
as,24,mig_Q_14,0.00375867
as,24,med_Q_14,-1.719445169
as,24,mig_Q_15,0.003301759
as,24,med_Q_15,-0.826282202
as,24,mig_Q_16,0.001176321
as,24,med_Q_16,-0.342582665
as,24,mig_Q_17,0.00013237
as,24,med_Q_17,-0.032194184
as,24,h_NQ_1,100
as,24,mig_NQ_2,-0.53714561
as,24,med_NQ_2,16.62237658
as,24,mig_NQ_3,0.007422196
as,24,med_NQ_3,-14.4618684
as,24,mig_NQ_4,0.007859909
as,24,med_NQ_4,-8.644770806
as,24,mig_NQ_5,0.005787811
as,24,med_NQ_5,-12.00385526
as,24,mig_NQ_6,0.005530605
as,24,med_NQ_6,-10.34558801
as,24,mig_NQ_7,0.006503113
as,24,med_NQ_7,-5.743434538
as,24,mig_NQ_8,0.007430042
as,24,med_NQ_8,-3.486276446
as,24,mig_NQ_9,0.007524544
as,24,med_NQ_9,-2.919278565
as,24,mig_NQ_10,0.007923308
as,24,med_NQ_10,-2.31307618
as,24,mig_NQ_11,0.007677889
as,24,med_NQ_11,-2.612813911
as,24,mig_NQ_12,0.010340606
as,24,med_NQ_12,-2.658933676
as,24,mig_NQ_13,0.016005909
as,24,med_NQ_13,-1.798919264
as,24,mig_NQ_14,0.01828992
as,24,med_NQ_14,-1.015824913
as,24,mig_NQ_15,0.012979308
as,24,med_NQ_15,-0.499652831
as,24,mig_NQ_16,0.003953352
as,24,med_NQ_16,-0.209874413
as,24,mig_NQ_17,0.000523632
as,24,med_NQ_17,-0.020956001
as,25,beta_Q_2,0.998632799999955
as,25,beta_Q_3,0.998197499999996
as,25,beta_Q_4,0.997334600000127
as,25,beta_Q_5,0.995742200032309
as,25,beta_Q_6,0.992592800009731
as,25,beta_Q_7,0.987996600040646
as,25,beta_Q_8,0.980881900094676
as,25,beta_Q_9,0.969825600035104
as,25,beta_Q_10,0.955121599992046
as,25,beta_Q_11,0.930302299960104
as,25,beta_Q_12,0.88686100819419
as,25,beta_Q_13,0.801346400895735
as,25,beta_Q_14,0.630152162749872
as,25,beta_Q_15,0.401319548696717
as,25,beta_Q_16,0.209842137382246
as,25,beta_Q_17,0.141344056412864
as,25,h_Q_2,731.4218841
as,25,h_Q_3,554.785020798
as,25,h_Q_4,375.1782096094
as,25,h_Q_5,234.863074807915
as,25,h_Q_6,135.003780060283
as,25,h_Q_7,83.30972895909
as,25,h_Q_8,52.3064530302383
as,25,h_Q_9,33.1406755764809
as,25,h_Q_10,22.2824343052127
as,25,h_Q_11,14.3476757398752
as,25,h_Q_12,8.83868518519084
as,25,h_Q_13,5.033888157187
as,25,h_Q_14,2.70381053670725
as,25,h_Q_15,1.67034002329719
as,25,h_Q_16,1.26556983069131
as,25,h_Q_17,1.16461046393405
as,25,P_Q_1,0.306880497
as,25,P_Q_2,0.0703933366798395
as,25,P_Q_3,0.0768607277677877
as,25,P_Q_4,0.0803230335146578
as,25,P_Q_5,0.0802344772064161
as,25,P_Q_6,0.0823301268782545
as,25,P_Q_7,0.0851402141701557
as,25,P_Q_8,0.0839215743224328
as,25,P_Q_9,0.0793560346486815
as,25,P_Q_10,0.0744058763130754
as,25,P_Q_11,0.0696131771198673
as,25,P_Q_12,0.0486338866124909
as,25,P_Q_13,0.0350861410984382
as,25,P_Q_14,0.0261296827780785
as,25,P_Q_15,0.0135357483928608
as,25,P_Q_16,0.00411624920168282
as,25,P_Q_17,0.000597353283576423
as,25,L_Q,1.19250797383055
as,25,beta_NQ_2,0.991690600000529
as,25,beta_NQ_3,0.989144200000644
as,25,beta_NQ_4,0.987363000003173
as,25,beta_NQ_5,0.983010700120059
as,25,beta_NQ_6,0.974850500042407
as,25,beta_NQ_7,0.965107800119121
as,25,beta_NQ_8,0.952190900273821
as,25,beta_NQ_9,0.935068400007744
as,25,beta_NQ_10,0.916035200054267
as,25,beta_NQ_11,0.886647899968915
as,25,beta_NQ_12,0.823275109295727
as,25,beta_NQ_13,0.709672299606467
as,25,beta_NQ_14,0.514614910536279
as,25,beta_NQ_15,0.299465121496327
as,25,beta_NQ_16,0.146564112237895
as,25,beta_NQ_17,0.0942485130586051
as,25,h_NQ_2,120.34563266
as,25,h_NQ_3,92.1166565384
as,25,h_NQ_4,79.1327055502472
as,25,h_NQ_5,58.8605769515317
as,25,h_NQ_6,39.7622219073654
as,25,h_NQ_7,28.6597004468729
as,25,h_NQ_8,20.916520074333
as,25,h_NQ_9,15.4008217888513
as,25,h_NQ_10,11.9097526658096
as,25,h_NQ_11,8.82206857834684
as,25,h_NQ_12,5.65851217868726
as,25,h_NQ_13,3.44438370371842
as,25,h_NQ_14,2.06021854361317
as,25,h_NQ_15,1.42748063175208
as,25,h_NQ_16,1.17173415911455
as,25,h_NQ_17,1.1040555850175
as,25,P_NQ_1,0.716054493
as,25,P_NQ_2,0.164251119537659
as,25,P_NQ_3,0.179341696433512
as,25,P_NQ_4,0.187420410020014
as,25,P_NQ_5,0.187213776757739
as,25,P_NQ_6,0.192103631770522
as,25,P_NQ_7,0.198660499919526
as,25,P_NQ_8,0.19581700584404
as,25,P_NQ_9,0.185164078175564
as,25,P_NQ_10,0.173613715165714
as,25,P_NQ_11,0.162430745051558
as,25,P_NQ_12,0.113479071178993
as,25,P_NQ_13,0.0818676604163889
as,25,P_NQ_14,0.0609692275632601
as,25,P_NQ_15,0.0315834099981634
as,25,P_NQ_16,0.00960452181831608
as,25,P_NQ_17,0.00139380758027739
as,25,L_NQ,2.11334954897317
as,25,pi_Q,0.3
as,25,pi_NQ,0.7
as,25,y,5.29036666460946
as,25,nbar,7.23847166030101
as,25,Ptot,4.05852700721954
as,25,Pret,0.907060273572742
as,25,H,353.046277654685
as,25,cCheck,-1.33226762955019e-15
as,25,shareq,0.3
as,25,A,1.323527466
as,25,A_Q,2
as,25,xpop,1.02293499
as,25,h_Q_1,100
as,25,mig_Q_2,-0.241211462
as,25,med_Q_2,633.4218841
as,25,mig_Q_3,0.002354399
as,25,med_Q_3,-129.5247341
as,25,mig_Q_4,0.002322492
as,25,med_Q_4,-146.6257412
as,25,mig_Q_5,0.000973699
as,25,med_Q_5,-112.1992902
as,25,mig_Q_6,0.00015413
as,25,med_Q_6,-74.85980856
as,25,mig_Q_7,-0.000185065
as,25,med_Q_7,-39.21171234
as,25,mig_Q_8,2.55393e-05
as,25,med_Q_8,-22.92134132
as,25,mig_Q_9,0.000181959
as,25,med_Q_9,-13.78744781
as,25,mig_Q_10,7.5375e-05
as,25,med_Q_10,-8.608906972
as,25,mig_Q_11,0.000393441
as,25,med_Q_11,-7.558325155
as,25,mig_Q_12,0.001081271
as,25,med_Q_12,-5.195658888
as,25,mig_Q_13,0.002210074
as,25,med_Q_13,-3.489748431
as,25,mig_Q_14,0.003929298
as,25,med_Q_14,-1.971237826
as,25,mig_Q_15,0.003802427
as,25,med_Q_15,-0.889497485
as,25,mig_Q_16,0.001739897
as,25,med_Q_16,-0.344204191
as,25,mig_Q_17,0.000137633
as,25,med_Q_17,-0.057590843
as,25,h_NQ_1,100
as,25,mig_NQ_2,-0.557517143
as,25,med_NQ_2,22.34563266
as,25,mig_NQ_3,0.0071368
as,25,med_NQ_3,-20.21327251
as,25,mig_NQ_4,0.007352765
as,25,med_NQ_4,-7.498660311
as,25,mig_NQ_5,0.004863318
as,25,med_NQ_5,-14.17618737
as,25,mig_NQ_6,0.004067789
as,25,med_NQ_6,-12.88066593
as,25,mig_NQ_7,0.004595693
as,25,med_NQ_7,-7.392243781
as,25,mig_NQ_8,0.006336736
as,25,med_NQ_8,-4.906727697
as,25,mig_NQ_9,0.007405752
as,25,med_NQ_9,-3.34464726
as,25,mig_NQ_10,0.007269704
as,25,med_NQ_10,-2.435643494
as,25,mig_NQ_11,0.00851983
as,25,med_NQ_11,-2.871311892
as,25,mig_NQ_12,0.010601892
as,25,med_NQ_12,-2.967610532
as,25,mig_NQ_13,0.014331703
as,25,med_NQ_13,-2.017818964
as,25,mig_NQ_14,0.018927039
as,25,med_NQ_14,-1.161821794
as,25,mig_NQ_15,0.014729845
as,25,med_NQ_15,-0.536041143
as,25,mig_NQ_16,0.005779086
as,25,med_NQ_16,-0.20916582
as,25,mig_NQ_17,0.000704547
as,25,med_NQ_17,-0.031148892
as,26,beta_Q_2,0.998746800005888
as,26,beta_Q_3,0.998359100014445
as,26,beta_Q_4,0.997555300010877
as,26,beta_Q_5,0.996150600061289
as,26,beta_Q_6,0.993290900091443
as,26,beta_Q_7,0.989111500126182
as,26,beta_Q_8,0.982749500339779
as,26,beta_Q_9,0.972941300825321
as,26,beta_Q_10,0.958661900182128
as,26,beta_Q_11,0.933837099979108
as,26,beta_Q_12,0.893199999924377
as,26,beta_Q_13,0.817945501768439
as,26,beta_Q_14,0.655981402941068
as,26,beta_Q_15,0.425457089935023
as,26,beta_Q_16,0.229895454642405
as,26,beta_Q_17,0.13414440357822
as,26,h_Q_2,797.9572295
as,26,h_Q_3,609.421658818
as,26,h_Q_4,409.04814498204
as,26,h_Q_5,259.780745017212
as,26,h_Q_6,149.051288531757
as,26,h_Q_7,91.8400146490773
as,26,h_Q_8,57.9693342699082
as,26,h_Q_9,36.9566904396335
as,26,h_Q_10,24.1907586829512
as,26,h_Q_11,15.1142105261084
as,26,h_Q_12,9.36329587207771
as,26,h_Q_13,5.49286068148702
as,26,h_Q_14,2.90681959504325
as,26,h_Q_15,1.74050861697311
as,26,h_Q_16,1.29852439683124
as,26,h_Q_17,1.15492698707749
as,26,P_Q_1,0.2996055927
as,26,P_Q_2,0.0720767969844878
as,26,P_Q_3,0.0725911786904739
as,26,P_Q_4,0.0789499371840052
as,26,P_Q_5,0.0809808051051543
as,26,P_Q_6,0.0798368423876335
as,26,P_Q_7,0.0812278714366304
as,26,P_Q_8,0.08359848114969
as,26,P_Q_9,0.0817341181731439
as,26,P_Q_10,0.0761853687826729
as,26,P_Q_11,0.069820434864601
as,26,P_Q_12,0.0632045634441262
as,26,P_Q_13,0.0415488109984908
as,26,P_Q_14,0.026156368695728
as,26,P_Q_15,0.0147364645000868
as,26,P_Q_16,0.00488484737382621
as,26,P_Q_17,0.000902009359372062
as,26,L_Q,1.17401070287229
as,26,beta_NQ_2,0.992391500039615
as,26,beta_NQ_3,0.990140600107284
as,26,beta_NQ_4,0.98845960007728
as,26,beta_NQ_5,0.984706600350459
as,26,beta_NQ_6,0.977306500425687
as,26,beta_NQ_7,0.968419300456607
as,26,beta_NQ_8,0.956882800844418
as,26,beta_NQ_9,0.941672201565522
as,26,beta_NQ_10,0.922522700192275
as,26,beta_NQ_11,0.89228950009065
as,26,beta_NQ_12,0.832520399951811
as,26,beta_NQ_13,0.730823999974737
as,26,beta_NQ_14,0.541515399137528
as,26,beta_NQ_15,0.319759640465486
as,26,beta_NQ_16,0.161053376295915
as,26,beta_NQ_17,0.0911675967833154
as,26,h_NQ_2,131.43195111
as,26,h_NQ_3,101.4260502668
as,26,h_NQ_4,86.652109116632
as,26,h_NQ_5,65.3876835792422
as,26,h_NQ_6,44.0654813025011
as,26,h_NQ_7,31.6649092592181
as,26,h_NQ_8,23.1926006309355
as,26,h_NQ_9,17.1444834168463
as,26,h_NQ_10,12.9070063110742
as,26,h_NQ_11,9.28414593549341
as,26,h_NQ_12,5.9708764507799
as,26,h_NQ_13,3.71504145411351
as,26,h_NQ_14,2.18109833564405
as,26,h_NQ_15,1.47006744574091
as,26,h_NQ_16,1.19197083911704
as,26,h_NQ_17,1.10031288093226
as,26,P_NQ_1,0.6990797163
as,26,P_NQ_2,0.168179191796244
as,26,P_NQ_3,0.169379417234288
as,26,P_NQ_4,0.184216517416251
as,26,P_NQ_5,0.188955213470563
as,26,P_NQ_6,0.18628596288711
as,26,P_NQ_7,0.189531702452943
as,26,P_NQ_8,0.19506312326722
as,26,P_NQ_9,0.190712941348894
as,26,P_NQ_10,0.177765859394416
as,26,P_NQ_11,0.162914353957482
as,26,P_NQ_12,0.147477312385308
as,26,P_NQ_13,0.0969472264008023
as,26,P_NQ_14,0.0610315057409944
as,26,P_NQ_15,0.0343850651397689
as,26,P_NQ_16,0.0113979774478263
as,26,P_NQ_17,0.00210467590001522
as,26,L_NQ,2.08049906047964
as,26,pi_Q,0.3
as,26,pi_NQ,0.7
as,26,y,5.46570744756428
as,26,nbar,7.1515179484939
as,26,Ptot,4.09346825437025
as,26,Pret,0.991462844385517
as,26,H,371.785150662977
as,26,cCheck,-4.44089209850063e-16
as,26,shareq,0.3
as,26,A,1.379010647
as,26,A_Q,2
as,26,xpop,0.998685309
as,26,h_Q_1,100
as,26,mig_Q_2,-0.234384133
as,26,med_Q_2,699.9572295
as,26,mig_Q_3,0.002324726
as,26,med_Q_3,-107.3717876
as,26,mig_Q_4,0.002294074
as,26,med_Q_4,-134.6411754
as,26,mig_Q_5,0.000999771
as,26,med_Q_5,-107.8939004
as,26,mig_Q_6,0.000196678
as,26,med_Q_6,-81.11452478
as,26,mig_Q_7,-0.000114014
as,26,med_Q_7,-40.46368981
as,26,mig_Q_8,8.59861e-05
as,26,med_Q_8,-23.67420011
as,26,mig_Q_9,0.000344827
as,26,med_Q_9,-14.30363353
as,26,mig_Q_10,0.000390706
as,26,med_Q_10,-8.287103382
as,26,mig_Q_11,0.000600477
as,26,med_Q_11,-6.722575093
as,26,mig_Q_12,0.001467351
as,26,med_Q_12,-4.697426353
as,26,mig_Q_13,0.002576221
as,26,med_Q_13,-3.1690508
as,26,mig_Q_14,0.004046761
as,26,med_Q_14,-2.026390799
as,26,mig_Q_15,0.004250112
as,26,med_Q_15,-0.909225709
as,26,mig_Q_16,0.002044477
as,26,med_Q_16,-0.338408826
as,26,mig_Q_17,0.000320202
as,26,med_Q_17,-0.085331447
as,26,h_NQ_1,100
as,26,mig_NQ_2,-0.541925318
as,26,med_NQ_2,33.43195111
as,26,mig_NQ_3,0.006911375
as,26,med_NQ_3,-16.51266974
as,26,mig_NQ_4,0.007141162
as,26,med_NQ_4,-3.622214291
as,26,mig_NQ_5,0.004718945
as,26,med_NQ_5,-12.16236786
as,26,mig_NQ_6,0.003780519
as,26,med_NQ_6,-13.61788411
as,26,mig_NQ_7,0.004130989
as,26,med_NQ_7,-7.30206821
as,26,mig_NQ_8,0.005900403
as,26,med_NQ_8,-4.893905807
as,26,mig_NQ_9,0.007610647
as,26,med_NQ_9,-3.353706256
as,26,mig_NQ_10,0.008149046
as,26,med_NQ_10,-2.185799042
as,26,mig_NQ_11,0.008980118
as,26,med_NQ_11,-2.387411677
as,26,mig_NQ_12,0.013752123
as,26,med_NQ_12,-2.674750756
as,26,mig_NQ_13,0.016414273
as,26,med_NQ_13,-1.830300481
as,26,mig_NQ_14,0.018901187
as,26,med_NQ_14,-1.194397694
as,26,mig_NQ_15,0.016126908
as,26,med_NQ_15,-0.548946727
as,26,mig_NQ_16,0.006768983
as,26,med_NQ_16,-0.20696018
as,26,mig_NQ_17,0.001199464
as,26,med_NQ_17,-0.047986595
as,27,beta_Q_2,0.998855500007564
as,27,beta_Q_3,0.998500000009189
as,27,beta_Q_4,0.997760700011092
as,27,beta_Q_5,0.996471500016403
as,27,beta_Q_6,0.993847900026437
as,27,beta_Q_7,0.99001940004476
as,27,beta_Q_8,0.984195300066976
as,27,beta_Q_9,0.975226300158592
as,27,beta_Q_10,0.962119300161714
as,27,beta_Q_11,0.93756790014858
as,27,beta_Q_12,0.895856444026453
as,27,beta_Q_13,0.822341166340975
as,27,beta_Q_14,0.667730822348659
as,27,beta_Q_15,0.438449067544388
as,27,beta_Q_16,0.242116452619548
as,27,beta_Q_17,0.1445777199943
as,27,h_Q_2,873.743993
as,27,h_Q_3,666.66666671
as,27,h_Q_4,446.56812394164
as,27,h_Q_5,283.406546682399
as,27,h_Q_6,162.546122426868
as,27,h_Q_7,100.194377071122
as,27,h_Q_8,63.2723176860957
as,27,h_Q_9,40.36538753451
as,27,h_Q_10,26.3986673808408
as,27,h_Q_11,16.0174013402922
as,27,h_Q_12,9.60212628958624
as,27,h_Q_13,5.62876387663616
as,27,h_Q_14,3.00960336985728
as,27,h_Q_15,1.78078185914239
as,27,h_Q_16,1.31946383563364
as,27,h_Q_17,1.16901324789462
as,27,P_Q_1,0.289519968
as,27,P_Q_2,0.0745005049729924
as,27,P_Q_3,0.0742668261693571
as,27,P_Q_4,0.0746922350367189
as,27,P_Q_5,0.0796663673006478
as,27,P_Q_6,0.0806514297930284
as,27,P_Q_7,0.0788774303393698
as,27,P_Q_8,0.0799005174680123
as,27,P_Q_9,0.0816407079968005
as,27,P_Q_10,0.0787471050375768
as,27,P_Q_11,0.0718390878448502
as,27,P_Q_12,0.0635935884157816
as,27,P_Q_13,0.054137092360361
as,27,P_Q_14,0.0316116043293233
as,27,P_Q_15,0.015128792508552
as,27,P_Q_16,0.00544961920606913
as,27,P_Q_17,0.00114787593753255
as,27,L_Q,1.15270773781869
as,27,beta_NQ_2,0.993066100055541
as,27,beta_NQ_3,0.991006400066706
as,27,beta_NQ_4,0.989459300068996
as,27,beta_NQ_5,0.986023900088483
as,27,beta_NQ_6,0.979247300123177
as,27,beta_NQ_7,0.971109400161155
as,27,beta_NQ_8,0.960532100202879
as,27,beta_NQ_9,0.946569300260194
as,27,beta_NQ_10,0.928888700277789
as,27,beta_NQ_11,0.898215800026637
as,27,beta_NQ_12,0.836512758328164
as,27,beta_NQ_13,0.736642562623966
as,27,beta_NQ_14,0.554065978743354
as,27,beta_NQ_15,0.33112415392031
as,27,beta_NQ_16,0.170241314755186
as,27,beta_NQ_17,0.0985201055612787
as,27,h_NQ_2,144.2189821
as,27,h_NQ_3,111.1901796878
as,27,h_NQ_4,94.870359653464
as,27,h_NQ_5,71.5507187342994
as,27,h_NQ_6,48.1865010376574
as,27,h_NQ_7,34.613334438451
as,27,h_NQ_8,25.3370460500337
as,27,h_NQ_9,18.7158319073168
as,27,h_NQ_10,14.0624626435094
as,27,h_NQ_11,9.82470756885276
as,27,h_NQ_12,6.11668307678354
as,27,h_NQ_13,3.7971198827643
as,27,h_NQ_14,2.24248280003124
as,27,h_NQ_15,1.49504563893117
as,27,h_NQ_16,1.20516965082609
as,27,h_NQ_17,1.1092870753347
as,27,P_NQ_1,0.675546592
as,27,P_NQ_2,0.173834512306226
as,27,P_NQ_3,0.173289260890691
as,27,P_NQ_4,0.174281880020727
as,27,P_NQ_5,0.185888185593357
as,27,P_NQ_6,0.188186669414104
as,27,P_NQ_7,0.18404733286402
as,27,P_NQ_8,0.186434543291983
as,27,P_NQ_9,0.19049498673129
as,27,P_NQ_10,0.183743246614793
as,27,P_NQ_11,0.167624536812229
as,27,P_NQ_12,0.148385044114574
as,27,P_NQ_13,0.126319879342955
as,27,P_NQ_14,0.0737604109997068
as,27,P_NQ_15,0.0353004283328076
as,27,P_NQ_16,0.0127157638349148
as,27,P_NQ_17,0.00267837821210875
as,27,L_NQ,2.04281689228397
as,27,pi_Q,0.3
as,27,pi_NQ,0.7
as,27,y,5.85541380949249
as,27,nbar,7.09487298136897
as,27,Ptot,4.11790240409346
as,27,Pret,1.07218245390413
as,27,H,394.309425564707
as,27,cCheck,4.44089209850063e-16
as,27,shareq,0.3
as,27,A,1.485581065
as,27,A_Q,2
as,27,xpop,0.96506656
as,27,h_Q_1,100
as,27,mig_Q_2,-0.224729622
as,27,med_Q_2,775.743993
as,27,mig_Q_3,0.0023083
as,27,med_Q_3,-115.3314182
as,27,mig_Q_4,0.00227852
as,27,med_Q_4,-150.6651017
as,27,mig_Q_5,0.00102034
as,27,med_Q_5,-117.4606354
as,27,mig_Q_6,0.000213933
as,27,med_Q_6,-92.03900769
as,27,mig_Q_7,-9.01086e-05
as,27,med_Q_7,-45.87588569
as,27,mig_Q_8,7.38674e-05
as,27,med_Q_8,-26.73089667
as,27,mig_Q_9,0.000304293
as,27,med_Q_9,-16.44456005
as,27,mig_Q_10,0.00039172
as,27,med_Q_10,-9.81888925
as,27,mig_Q_11,0.000694364
as,27,med_Q_11,-7.689542169
as,27,mig_Q_12,0.001229976
as,27,med_Q_12,-5.209800026
as,27,mig_Q_13,0.002439204
as,27,med_Q_13,-3.547266078
as,27,mig_Q_14,0.004356357
as,27,med_Q_14,-2.373400098
as,27,mig_Q_15,0.00400038
as,27,med_Q_15,-1.067901344
as,27,mig_Q_16,0.002061773
as,27,med_Q_16,-0.386234609
as,27,mig_Q_17,0.000492601
as,27,med_Q_17,-0.103540661
as,27,h_NQ_1,100
as,27,mig_NQ_2,-0.519926256
as,27,med_NQ_2,46.2189821
as,27,mig_NQ_3,0.006768215
as,27,med_NQ_3,-17.6131324
as,27,mig_NQ_4,0.006857169
as,27,med_NQ_4,-4.527169608
as,27,mig_NQ_5,0.004488965
as,27,med_NQ_5,-13.3683482
as,27,mig_NQ_6,0.003519511
as,27,med_NQ_6,-15.89342887
as,27,mig_NQ_7,0.003644411
as,27,med_NQ_7,-8.570837238
as,27,mig_NQ_8,0.005074917
as,27,med_NQ_8,-5.694565024
as,27,mig_NQ_9,0.006809466
as,27,med_NQ_9,-4.012916711
as,27,mig_NQ_10,0.007806229
as,27,med_NQ_10,-2.739131105
as,27,mig_NQ_11,0.009005927
as,27,med_NQ_11,-2.824158616
as,27,mig_NQ_12,0.012755521
as,27,med_NQ_12,-2.98177994
as,27,mig_NQ_13,0.01853992
as,27,med_NQ_13,-2.054339039
as,27,mig_NQ_14,0.021261995
as,27,med_NQ_14,-1.398257825
as,27,mig_NQ_15,0.015785016
as,27,med_NQ_15,-0.64243073
as,27,mig_NQ_16,0.007177933
as,27,med_NQ_16,-0.235496446
as,27,mig_NQ_17,0.001639252
as,27,med_NQ_17,-0.058844347
as,28,beta_Q_2,0.998954400006745
as,28,beta_Q_3,0.998628400008118
as,28,beta_Q_4,0.997948100010028
as,28,beta_Q_5,0.996764500014024
as,28,beta_Q_6,0.994356500022895
as,28,beta_Q_7,0.990848200038915
as,28,beta_Q_8,0.985514700064329
as,28,beta_Q_9,0.977311000091688
as,28,beta_Q_10,0.96529880023085
as,28,beta_Q_11,0.942701900190087
as,28,beta_Q_12,0.901680100356031
as,28,beta_Q_13,0.826531958927594
as,28,beta_Q_14,0.674672166675233
as,28,beta_Q_15,0.449242389033339
as,28,beta_Q_16,0.254418166790466
as,28,beta_Q_17,0.155303123380905
as,28,h_Q_2,956.3886764
as,28,h_Q_3,729.07553224
as,28,h_Q_4,487.3531848758
as,28,h_Q_5,309.071240862807
as,28,h_Q_6,177.195003048751
as,28,h_Q_7,109.26812208833
as,28,h_Q_8,69.0355049396993
as,28,h_Q_9,44.0742209423738
as,28,h_Q_10,28.8174472838198
as,28,h_Q_11,17.452585673224
as,28,h_Q_12,10.1708810064864
as,28,h_Q_13,5.76474867179452
as,28,h_Q_14,3.07382182010343
as,28,h_Q_15,1.81568049646014
as,28,h_Q_16,1.34123429695954
as,28,h_Q_17,1.18385660192097
as,28,P_Q_1,0.281860557
as,28,P_Q_2,0.077317134398814
as,28,P_Q_3,0.0766877592162175
as,28,P_Q_4,0.0763752394663398
as,28,P_Q_5,0.075452958486617
as,28,P_Q_6,0.0793964318444837
as,28,P_Q_7,0.0797579128364461
as,28,P_Q_8,0.077723687321368
as,28,P_Q_9,0.0782046680310866
as,28,P_Q_10,0.0789124908425885
as,28,P_Q_11,0.0746124309128606
as,28,P_Q_12,0.0658339387787914
as,28,P_Q_13,0.0546869566696418
as,28,P_Q_14,0.0412453562013491
as,28,P_Q_15,0.0187525644417739
as,28,P_Q_16,0.0057310365745878
as,28,P_Q_17,0.00134795551965062
as,28,L_Q,1.13865177271812
as,28,beta_NQ_2,0.993680000050041
as,28,beta_NQ_3,0.991794400059189
as,28,beta_NQ_4,0.990370500062277
as,28,beta_NQ_5,0.987225200077893
as,28,beta_NQ_6,0.981019700111639
as,28,beta_NQ_7,0.973568900151684
as,28,beta_NQ_8,0.963873900189963
as,28,beta_NQ_9,0.951062700236185
as,28,beta_NQ_10,0.934786300283455
as,28,beta_NQ_11,0.906378300288754
as,28,beta_NQ_12,0.845147400050261
as,28,beta_NQ_13,0.742250658217589
as,28,beta_NQ_14,0.561476335445756
as,28,beta_NQ_15,0.340462424467105
as,28,beta_NQ_16,0.179566010817859
as,28,beta_NQ_17,0.106128807109109
as,28,h_NQ_2,158.2278481
as,28,h_NQ_3,121.867992588
as,28,h_NQ_4,103.847551798044
as,28,h_NQ_5,78.2791120003947
as,28,h_NQ_6,52.6862062296134
as,28,h_NQ_7,37.8342180279043
as,28,h_NQ_8,27.680818020682
as,28,h_NQ_9,20.434310838033
as,28,h_NQ_10,15.3342012471704
as,28,h_NQ_11,10.6812843576392
as,28,h_NQ_12,6.4577540204757
as,28,h_NQ_13,3.87973745724787
as,28,h_NQ_14,2.28037845910902
as,28,h_NQ_15,1.51621377903062
as,28,h_NQ_16,1.21886708315254
as,28,h_NQ_17,1.11872941280957
as,28,P_NQ_1,0.657674633
as,28,P_NQ_2,0.180406645523252
as,28,P_NQ_3,0.178938103247944
as,28,P_NQ_4,0.178208890790377
as,28,P_NQ_5,0.17605690105279
as,28,P_NQ_6,0.185258337867091
as,28,P_NQ_7,0.186101797653057
as,28,P_NQ_8,0.181355268172616
as,28,P_NQ_9,0.182477562188221
as,28,P_NQ_10,0.184129147634263
as,28,P_NQ_11,0.174095672257598
as,28,P_NQ_12,0.153612524652278
as,28,P_NQ_13,0.12760290115163
as,28,P_NQ_14,0.0962391315828965
as,28,P_NQ_15,0.0437559746850923
as,28,P_NQ_16,0.0133723923307984
as,28,P_NQ_17,0.00314522539530809
as,28,L_NQ,2.01808557200795
as,28,pi_Q,0.3
as,28,pi_NQ,0.7
as,28,y,6.32459437823606
as,28,nbar,7.09159615276639
as,28,Ptot,4.14633018772783
as,28,Pret,1.13707569963111
as,28,H,424.138885583085
as,28,cCheck,-1.33226762955019e-15
as,28,shareq,0.3
as,28,A,1.605136168
as,28,A_Q,2
as,28,xpop,0.93953519
as,28,h_Q_1,100
as,28,mig_Q_2,-0.211871478
as,28,med_Q_2,858.3886764
as,28,mig_Q_3,0.002299005
as,28,med_Q_3,-127.1935809
as,28,mig_Q_4,0.002274719
as,28,med_Q_4,-165.9801485
as,28,mig_Q_5,0.001024275
as,28,med_Q_5,-128.5655206
as,28,mig_Q_6,0.00022018
as,28,med_Q_6,-100.5434127
as,28,mig_Q_7,-8.85673e-05
as,28,med_Q_7,-50.02707789
as,28,mig_Q_8,9.28911e-05
as,28,med_Q_8,-29.15498459
as,28,mig_Q_9,0.000283582
as,28,med_Q_9,-17.93265039
as,28,mig_Q_10,0.00036439
as,28,med_Q_10,-10.7406325
as,28,mig_Q_11,0.000781673
as,28,med_Q_11,-8.41810836
as,28,mig_Q_12,0.001476429
as,28,med_Q_12,-5.526172307
as,28,mig_Q_13,0.002391331
as,28,med_Q_13,-3.645335092
as,28,mig_Q_14,0.005096351
as,28,med_Q_14,-2.442366779
as,28,mig_Q_15,0.004892486
as,28,med_Q_15,-1.133730806
as,28,mig_Q_16,0.002068107
as,28,med_Q_16,-0.403931925
as,28,mig_Q_17,0.000560062
as,28,med_Q_17,-0.109217957
as,28,h_NQ_1,100
as,28,mig_NQ_2,-0.490455774
as,28,med_NQ_2,60.2278481
as,28,mig_NQ_3,0.006666989
as,28,med_NQ_3,-19.46660987
as,28,mig_NQ_4,0.00674622
as,28,med_NQ_4,-5.118824296
as,28,mig_NQ_5,0.004210802
as,28,med_NQ_5,-14.69384046
as,28,mig_NQ_6,0.003227834
as,28,med_NQ_6,-17.43349813
as,28,mig_NQ_7,0.003351954
as,28,med_NQ_7,-9.388552989
as,28,mig_NQ_8,0.004571897
as,28,med_NQ_8,-6.240249729
as,28,mig_NQ_9,0.006004347
as,28,med_NQ_9,-4.395994291
as,28,mig_NQ_10,0.007180507
as,28,med_NQ_10,-3.007314022
as,28,mig_NQ_11,0.009054585
as,28,med_NQ_11,-3.099929033
as,28,mig_NQ_12,0.013392461
as,28,med_NQ_12,-3.170459397
as,28,mig_NQ_13,0.018296162
as,28,med_NQ_13,-2.114611958
as,28,mig_NQ_14,0.026249584
as,28,med_NQ_14,-1.440799026
as,28,mig_NQ_15,0.019332121
as,28,med_NQ_15,-0.681419365
as,28,mig_NQ_16,0.007362801
as,28,med_NQ_16,-0.246277643
as,28,mig_NQ_17,0.001892467
as,28,med_NQ_17,-0.062336845
as,29,beta_Q_2,0.999044400005905
as,29,beta_Q_3,0.998745300007217
as,29,beta_Q_4,0.99811910000893
as,29,beta_Q_5,0.997032000013439
as,29,beta_Q_6,0.9948210000196
as,29,beta_Q_7,0.991605100033018
as,29,beta_Q_8,0.986719100056478
as,29,beta_Q_9,0.979213400095598
as,29,beta_Q_10,0.968202200108787
as,29,beta_Q_11,0.947434800357186
as,29,beta_Q_12,0.909868200300914
as,29,beta_Q_13,0.835661400953156
as,29,beta_Q_14,0.681522067623461
as,29,beta_Q_15,0.457188922774912
as,29,beta_Q_16,0.265002645124233
as,29,beta_Q_17,0.166266739332475
as,29,h_Q_2,1046.4629552
as,29,h_Q_3,797.003267772
as,29,h_Q_4,531.6603753952
as,29,h_Q_5,336.927223778284
as,29,h_Q_6,193.087468545551
as,29,h_Q_7,119.119941817776
as,29,h_Q_8,75.2961018965637
as,29,h_Q_9,48.1079156609053
as,29,h_Q_10,31.4487165335264
as,29,h_Q_11,19.0239931071434
as,29,h_Q_12,11.0948632857595
as,29,h_Q_13,6.08499771635664
as,29,h_Q_14,3.13993430735863
as,29,h_Q_15,1.84226150870136
as,29,h_Q_16,1.36054905553093
as,29,h_Q_17,1.19942434502035
as,29,P_Q_1,0.2809735983
as,29,P_Q_2,0.0756185956035018
as,29,P_Q_3,0.0795123332179003
as,29,P_Q_4,0.0788072046038508
as,29,P_Q_5,0.0771549603801176
as,29,P_Q_6,0.0752484837171253
as,29,P_Q_7,0.0785825158826191
as,29,P_Q_8,0.078693732846767
as,29,P_Q_9,0.0762567875868598
as,29,P_Q_10,0.0758147102228599
as,29,P_Q_11,0.0751033000660411
as,29,P_Q_12,0.0688508241933155
as,29,P_Q_13,0.0571809353827538
as,29,P_Q_14,0.0419295415451818
as,29,P_Q_15,0.0244423203564251
as,29,P_Q_16,0.00731904806789621
as,29,P_Q_17,0.00149605388024369
as,29,L_Q,1.13595800375746
as,29,beta_NQ_2,0.994238100044601
as,29,beta_NQ_3,0.992511800052943
as,29,beta_NQ_4,0.991200900055157
as,29,beta_NQ_5,0.988321000070661
as,29,beta_NQ_6,0.982638100097602
as,29,beta_NQ_7,0.975817300135451
as,29,beta_NQ_8,0.966932700181637
as,29,beta_NQ_9,0.955183000222458
as,29,beta_NQ_10,0.940206400257566
as,29,beta_NQ_11,0.913966000301985
as,29,beta_NQ_12,0.857334000343112
as,29,beta_NQ_13,0.754398600126073
as,29,beta_NQ_14,0.568885938882203
as,29,beta_NQ_15,0.347110006176202
as,29,beta_NQ_16,0.187461704283178
as,29,beta_NQ_17,0.113957001962139
as,29,h_NQ_2,173.55386244
as,29,h_NQ_3,133.543441678
as,29,h_NQ_4,113.64798672324
as,29,h_NQ_5,85.6237691620831
as,29,h_NQ_6,57.5973827703868
as,29,h_NQ_7,41.3518755150211
as,29,h_NQ_8,30.2413562683462
as,29,h_NQ_9,22.3129615962684
as,29,h_NQ_10,16.7241979032724
as,29,h_NQ_11,11.623311712227
as,29,h_NQ_12,7.00937854548645
as,29,h_NQ_13,4.07163803006619
as,29,h_NQ_14,2.31957155410291
as,29,h_NQ_15,1.53165157792683
as,29,h_NQ_16,1.23071121245001
as,29,h_NQ_17,1.12861339248949
as,29,P_NQ_1,0.6556050627
as,29,P_NQ_2,0.17644339135235
as,29,P_NQ_3,0.185528778763424
as,29,P_NQ_4,0.183883475793862
as,29,P_NQ_5,0.180028240866189
as,29,P_NQ_6,0.175579793273393
as,29,P_NQ_7,0.183359202241193
as,29,P_NQ_8,0.183618711536215
as,29,P_NQ_9,0.177932500050306
as,29,P_NQ_10,0.176900993242671
as,29,P_NQ_11,0.17524103486636
as,29,P_NQ_12,0.160651922768511
as,29,P_NQ_13,0.133422181533619
as,29,P_NQ_14,0.0978355923308642
as,29,P_NQ_15,0.0570320570673217
as,29,P_NQ_16,0.0170777728236493
as,29,P_NQ_17,0.00349078704626264
as,29,L_NQ,2.01347611581057
as,29,pi_Q,0.3
as,29,pi_NQ,0.7
as,29,y,6.87215660957406
as,29,nbar,7.17904660171966
as,29,Ptot,4.17661644410965
as,29,Pret,1.17378907539398
as,29,H,456.469489947597
as,29,cCheck,4.44089209850063e-16
as,29,shareq,0.3
as,29,A,1.729204302
as,29,A_Q,2
as,29,xpop,0.936578661
as,29,h_Q_1,100
as,29,mig_Q_2,-0.205947248
as,29,med_Q_2,948.4629552
as,29,mig_Q_3,0.002301247
as,29,med_Q_3,-140.2576351
as,29,mig_Q_4,0.002276801
as,29,med_Q_4,-182.8336462
as,29,mig_Q_5,0.001026833
as,29,med_Q_5,-140.6788974
as,29,mig_Q_6,0.000221344
as,29,med_Q_6,-109.8023475
as,29,mig_Q_7,-8.72957e-05
as,29,med_Q_7,-54.53116117
as,29,mig_Q_8,9.11373e-05
as,29,med_Q_8,-31.78665775
as,29,mig_Q_9,0.000296573
as,29,med_Q_9,-19.54687918
as,29,mig_Q_10,0.000323838
as,29,med_Q_10,-11.74401999
as,29,mig_Q_11,0.000712345
as,29,med_Q_11,-9.217105231
as,29,mig_Q_12,0.00157428
as,29,med_Q_12,-6.008670674
as,29,mig_Q_13,0.002767081
as,29,med_Q_13,-3.88246567
as,29,mig_Q_14,0.005033774
as,29,med_Q_14,-2.509519391
as,29,mig_Q_15,0.005913158
as,29,med_Q_15,-1.170083875
as,29,mig_Q_16,0.002548055
as,29,med_Q_16,-0.418817831
as,29,mig_Q_17,0.000606006
as,29,med_Q_17,-0.114985266
as,29,h_NQ_1,100
as,29,mig_NQ_2,-0.477074738
as,29,med_NQ_2,75.55386244
as,29,mig_NQ_3,0.006602478
as,29,med_NQ_3,-21.51984946
as,29,mig_NQ_4,0.006668457
as,29,med_NQ_4,-5.782646013
as,29,mig_NQ_5,0.004095933
as,29,med_NQ_5,-16.1468316
as,29,mig_NQ_6,0.002864505
as,29,med_NQ_6,-19.11614699
as,29,mig_NQ_7,0.002997446
as,29,med_NQ_7,-10.28060659
as,29,mig_NQ_8,0.004240046
as,29,med_NQ_8,-6.836177399
as,29,mig_NQ_9,0.005452269
as,29,med_NQ_9,-4.814240064
as,29,mig_NQ_10,0.006323468
as,29,med_NQ_10,-3.301426718
as,29,mig_NQ_11,0.008350371
as,29,med_NQ_11,-3.40420551
as,29,mig_NQ_12,0.013515418
as,29,med_NQ_12,-3.458280125
as,29,mig_NQ_13,0.019403184
as,29,med_NQ_13,-2.25696091
as,29,mig_NQ_14,0.026189583
as,29,med_NQ_14,-1.482571154
as,29,mig_NQ_15,0.024266249
as,29,med_NQ_15,-0.703119312
as,29,mig_NQ_16,0.009220687
as,29,med_NQ_16,-0.255178291
as,29,mig_NQ_17,0.002071591
as,29,med_NQ_17,-0.065876349
as,30,beta_Q_2,0.999126400005502
as,30,beta_Q_3,0.998851900006309
as,30,beta_Q_4,0.998275200007838
as,30,beta_Q_5,0.997276400011391
as,30,beta_Q_6,0.995245400020986
as,30,beta_Q_7,0.99229630002757
as,30,beta_Q_8,0.987818900046274
as,30,beta_Q_9,0.980949800081634
as,30,beta_Q_10,0.970853600122191
as,30,beta_Q_11,0.951765100113205
as,30,beta_Q_12,0.917429600723758
as,30,beta_Q_13,0.848286200025582
as,30,beta_Q_14,0.692823465951414
as,30,beta_Q_15,0.465064923564201
as,30,beta_Q_16,0.272945306709456
as,30,beta_Q_17,0.175687730710235
as,30,h_Q_2,1144.688645
as,30,h_Q_3,871.004267896
as,30,h_Q_4,579.77736551656
as,30,h_Q_5,367.161110287296
as,30,h_Q_6,210.322635002718
as,30,h_Q_7,129.80775463464
as,30,h_Q_8,82.0943920814207
as,30,h_Q_9,52.4928871886324
as,30,h_Q_10,34.3095545076872
as,30,h_Q_11,20.7318766728558
as,30,h_Q_12,12.1108775520006
as,30,h_Q_13,6.59135818804434
as,30,h_Q_14,3.25545104302951
as,30,h_Q_15,1.86938564521145
as,30,h_Q_16,1.37541232452734
as,30,h_Q_17,1.21313247442032
as,30,P_Q_1,0.2833521261
as,30,P_Q_2,0.0697199469311237
as,30,P_Q_3,0.0778295359521438
as,30,P_Q_4,0.0816417604710608
as,30,P_Q_5,0.0796015638216456
as,30,P_Q_6,0.0769779348418212
as,30,P_Q_7,0.0745318017236529
as,30,P_Q_8,0.0776285378518718
as,30,P_Q_9,0.0773485247070974
as,30,P_Q_10,0.0741589205148262
as,30,P_Q_11,0.0724341848441332
as,30,P_Q_12,0.0697571904677483
as,30,P_Q_13,0.0604866552021655
as,30,P_Q_14,0.0445467643106978
as,30,P_Q_15,0.0251025009314876
as,30,P_Q_16,0.00950757754742656
as,30,P_Q_17,0.00194407625726675
as,30,L_Q,1.13317964410661
as,30,beta_NQ_2,0.994745900040001
as,30,beta_NQ_3,0.993165000047692
as,30,beta_NQ_4,0.991957700049225
as,30,beta_NQ_5,0.989320400062073
as,30,beta_NQ_6,0.984115800090073
as,30,beta_NQ_7,0.977871800117743
as,30,beta_NQ_8,0.96973140016252
as,30,beta_NQ_9,0.958958900217457
as,30,beta_NQ_10,0.945184000244609
as,30,beta_NQ_11,0.920960100271997
as,30,beta_NQ_12,0.868733300402307
as,30,beta_NQ_13,0.771350100066914
as,30,beta_NQ_14,0.581376032066868
as,30,beta_NQ_15,0.353774709963348
as,30,beta_NQ_16,0.193102700841009
as,30,beta_NQ_17,0.120538499654745
as,30,h_NQ_2,190.32755372
as,30,h_NQ_3,146.3057790812
as,30,h_NQ_4,124.34253882244
as,30,h_NQ_5,93.6364657787752
as,30,h_NQ_6,62.9556414588415
as,30,h_NQ_7,45.1912039749791
as,30,h_NQ_8,33.0375372507207
as,30,h_NQ_9,24.3658186589793
as,30,h_NQ_10,18.242848800343
as,30,h_NQ_11,12.6518378652069
as,30,h_NQ_12,7.61807830798248
as,30,h_NQ_13,4.37349852057672
as,30,h_NQ_14,2.38877676446486
as,30,h_NQ_15,1.54744793202086
as,30,h_NQ_16,1.2393150883683
as,30,h_NQ_17,1.13705943520101
as,30,P_NQ_1,0.6611549609
as,30,P_NQ_2,0.16267987691847
as,30,P_NQ_3,0.181602249958567
as,30,P_NQ_4,0.19049743949644
as,30,P_NQ_5,0.185736980693059
as,30,P_NQ_6,0.179615179568666
as,30,P_NQ_7,0.173907534830383
as,30,P_NQ_8,0.181133252526228
as,30,P_NQ_9,0.180479892782144
as,30,P_NQ_10,0.173037479361127
as,30,P_NQ_11,0.169013103243453
as,30,P_NQ_12,0.162766777446243
as,30,P_NQ_13,0.141135526644127
as,30,P_NQ_14,0.103942444009465
as,30,P_NQ_15,0.0585724980582187
as,30,P_NQ_16,0.0221843366166156
as,30,P_NQ_17,0.00453617479117356
as,30,L_NQ,2.0085860155496
as,30,pi_Q,0.3
as,30,pi_NQ,0.7
as,30,y,7.40842159678969
as,30,nbar,7.26754305212597
as,30,Ptot,4.18856531032055
as,30,Pret,1.19312621024617
as,30,H,483.066192569273
as,30,cCheck,0
as,30,shareq,0.3
as,30,A,1.848222955
as,30,A_Q,2
as,30,xpop,0.944507087
as,30,h_Q_1,100
as,30,mig_Q_2,-0.210985153
as,30,med_Q_2,1046.688645
as,30,mig_Q_3,0.002305819
as,30,med_Q_3,-154.5294282
as,30,mig_Q_4,0.002278982
as,30,med_Q_4,-201.2858369
as,30,mig_Q_5,0.001028259
as,30,med_Q_5,-153.8660576
as,30,mig_Q_6,0.00022256
as,30,med_Q_6,-119.8660443
as,30,mig_Q_7,-8.49785e-05
as,30,med_Q_7,-59.41796454
as,30,mig_Q_8,8.96685e-05
as,30,med_Q_8,-34.6431509
as,30,mig_Q_9,0.000290567
as,30,med_Q_9,-21.29729267
as,30,mig_Q_10,0.000326931
as,30,med_Q_10,-12.83620284
as,30,mig_Q_11,0.00060469
as,30,med_Q_11,-10.08786553
as,30,mig_Q_12,0.001423086
as,30,med_Q_12,-6.532635693
as,30,mig_Q_13,0.002950679
as,30,med_Q_13,-4.281607832
as,30,mig_Q_14,0.005576695
as,30,med_Q_14,-2.707846719
as,30,mig_Q_15,0.005932779
as,30,med_Q_15,-1.207749976
as,30,mig_Q_16,0.003030298
as,30,med_Q_16,-0.430003954
as,30,mig_Q_17,0.000727162
as,30,med_Q_17,-0.1202056
as,30,h_NQ_1,100
as,30,mig_NQ_2,-0.489147655
as,30,med_NQ_2,92.32755372
as,30,mig_NQ_3,0.006480102
as,30,med_NQ_3,-23.77700611
as,30,mig_NQ_4,0.006601147
as,30,med_NQ_4,-6.530034022
as,30,mig_NQ_5,0.00400108
as,30,med_NQ_5,-17.73856121
as,30,mig_NQ_6,0.002712571
as,30,med_NQ_6,-20.95565232
as,30,mig_NQ_7,0.002573735
as,30,med_NQ_7,-11.25423114
as,30,mig_NQ_8,0.003837244
as,30,med_NQ_8,-7.487300754
as,30,mig_NQ_9,0.005090421
as,30,med_NQ_9,-5.270710484
as,30,mig_NQ_10,0.005744204
as,30,med_NQ_10,-3.623853564
as,30,mig_NQ_11,0.00733161
as,30,med_NQ_11,-3.73787608
as,30,mig_NQ_12,0.01252668
as,30,med_NQ_12,-3.77276717
as,30,mig_NQ_13,0.019939941
as,30,med_NQ_13,-2.495692454
as,30,mig_NQ_14,0.028040441
as,30,med_NQ_14,-1.601428505
as,30,mig_NQ_15,0.024612785
as,30,med_NQ_15,-0.725732191
as,30,mig_NQ_16,0.01149301
as,30,med_NQ_16,-0.261703458
as,30,mig_NQ_17,0.002590043
as,30,med_NQ_17,-0.069037553
as,31,beta_Q_2,0.999201100004965
as,31,beta_Q_3,0.99894900000589
as,31,beta_Q_4,0.9984177000069
as,31,beta_Q_5,0.997499600010505
as,31,beta_Q_6,0.995633400017744
as,31,beta_Q_7,0.992928000032689
as,31,beta_Q_8,0.988823400037651
as,31,beta_Q_9,0.9825352000666
as,31,beta_Q_10,0.973275500101007
as,31,beta_Q_11,0.955727200158588
as,31,beta_Q_12,0.924354500154249
as,31,beta_Q_13,0.860054901228694
as,31,beta_Q_14,0.706900998811492
as,31,beta_Q_15,0.475543192940749
as,31,beta_Q_16,0.280885408102888
as,31,beta_Q_17,0.182826800014415
as,31,h_Q_2,1251.721117
as,31,h_Q_3,951.4747862
as,31,h_Q_4,631.99140493808
as,31,h_Q_5,399.936010306229
as,31,h_Q_6,229.01112998155
as,31,h_Q_7,141.402715012664
as,31,h_Q_8,89.4726481319471
as,31,h_Q_9,57.2580275297922
as,31,h_Q_10,37.4188478448598
as,31,h_Q_11,22.5872318775334
as,31,h_Q_12,13.2195569743987
as,31,h_Q_13,7.14565930696054
as,31,h_Q_14,3.41181647128346
as,31,h_Q_15,1.90673441016892
as,31,h_Q_16,1.39059893430723
as,31,h_Q_17,1.22373077603679
as,31,P_Q_1,0.2832225447
as,31,P_Q_2,0.0661848316841979
as,31,P_Q_3,0.071951826460492
as,31,P_Q_4,0.0799783415691436
as,31,P_Q_5,0.0824493079731718
as,31,P_Q_6,0.0794453302279697
as,31,P_Q_7,0.0763018258273025
as,31,P_Q_8,0.0737128536971259
as,31,P_Q_9,0.0764340116864232
as,31,P_Q_10,0.0754065566760257
as,31,P_Q_11,0.0711528644080807
as,31,P_Q_12,0.067651708280304
as,31,P_Q_13,0.0619447060263469
as,31,P_Q_14,0.0479448471009724
as,31,P_Q_15,0.0272311485391872
as,31,P_Q_16,0.00990621281591927
as,31,P_Q_17,0.00253638572385895
as,31,L_Q,1.12216735431014
as,31,beta_NQ_2,0.995207700035668
as,31,beta_NQ_3,0.993759700042608
as,31,beta_NQ_4,0.992647600044338
as,31,beta_NQ_5,0.990231900055803
as,31,beta_NQ_6,0.985464900078365
as,31,beta_NQ_7,0.979749100110498
as,31,beta_NQ_8,0.97229120013987
as,31,beta_NQ_9,0.962417200193784
as,31,beta_NQ_10,0.949751900245191
as,31,beta_NQ_11,0.927400800261182
as,31,beta_NQ_12,0.879296200358413
as,31,beta_NQ_13,0.787429700165937
as,31,beta_NQ_14,0.59719125653519
as,31,beta_NQ_15,0.363096030026061
as,31,beta_NQ_16,0.198786506105067
as,31,beta_NQ_17,0.125249499392663
as,31,h_NQ_2,208.6680717
as,31,h_NQ_3,160.2487059956
as,31,h_NQ_4,136.010010339576
as,31,h_NQ_5,102.374054315991
as,31,h_NQ_6,68.7989762631997
as,31,h_NQ_7,49.3805213596646
as,31,h_NQ_8,36.0896177294795
as,31,h_NQ_9,26.6079163877063
as,31,h_NQ_10,19.9012500017997
as,31,h_NQ_11,13.7742564623362
as,31,h_NQ_12,8.28474330990278
as,31,h_NQ_13,4.70432604982283
as,31,h_NQ_14,2.48256186216518
as,31,h_NQ_15,1.57009533817557
as,31,h_NQ_16,1.24810678438044
as,31,h_NQ_17,1.14318311160093
as,31,P_NQ_1,0.6608526043
as,31,P_NQ_2,0.154431274646382
as,31,P_NQ_3,0.16788759696749
as,31,P_NQ_4,0.186616131192665
as,31,P_NQ_5,0.192381719053419
as,31,P_NQ_6,0.185372432361064
as,31,P_NQ_7,0.178037591973283
as,31,P_NQ_8,0.171996657249879
as,31,P_NQ_9,0.178346025635362
as,31,P_NQ_10,0.175948635023545
as,31,P_NQ_11,0.166023348343237
as,31,P_NQ_12,0.15785398799192
as,31,P_NQ_13,0.144537649070729
as,31,P_NQ_14,0.11187127646403
as,31,P_NQ_15,0.06353933998233
as,31,P_NQ_16,0.0231144955700468
as,31,P_NQ_17,0.00591822965160267
as,31,L_NQ,1.98894327467125
as,31,pi_Q,0.3
as,31,pi_NQ,0.7
as,31,y,7.91120260378041
as,31,nbar,7.27867639160948
as,31,Ptot,4.17818429887351
as,31,Pret,1.21258139166814
as,31,H,505.890719307676
as,31,cCheck,4.44089209850063e-16
as,31,shareq,0.3
as,31,A,1.971541027
as,31,A_Q,2
as,31,xpop,0.944075149
as,31,h_Q_1,100
as,31,mig_Q_2,-0.216919758
as,31,med_Q_2,1153.721117
as,31,mig_Q_3,0.002311925
as,31,med_Q_3,-170.3200859
as,31,mig_Q_4,0.002283046
as,31,med_Q_4,-221.5927776
as,31,mig_Q_5,0.001029907
as,31,med_Q_5,-168.2458079
as,31,mig_Q_6,0.00022224
as,31,med_Q_6,-130.8067581
as,31,mig_Q_7,-8.30941e-05
as,31,med_Q_7,-64.71346729
as,31,mig_Q_8,8.89313e-05
as,31,med_Q_8,-37.73895141
as,31,mig_Q_9,0.000284313
as,31,med_Q_9,-23.19447671
as,31,mig_Q_10,0.000312463
as,31,med_Q_10,-14.0241816
as,31,mig_Q_11,0.000570992
as,31,med_Q_11,-11.03613154
as,31,mig_Q_12,0.001198443
as,31,med_Q_12,-7.097682165
as,31,mig_Q_13,0.002770644
as,31,med_Q_13,-4.723000694
as,31,mig_Q_14,0.006038273
as,31,med_Q_14,-3.047714553
as,31,mig_Q_15,0.006514011
as,31,med_Q_15,-1.283607612
as,31,mig_Q_16,0.003054603
as,31,med_Q_16,-0.441398998
as,31,mig_Q_17,0.000866021
as,31,med_Q_17,-0.124173302
as,31,h_NQ_1,100
as,31,mig_NQ_2,-0.503249912
as,31,med_NQ_2,110.6680717
as,31,mig_NQ_3,0.006319637
as,31,med_NQ_3,-26.27229665
as,31,mig_NQ_4,0.006474381
as,31,med_NQ_4,-7.36965316
as,31,mig_NQ_5,0.003918716
as,31,med_NQ_5,-19.48163373
as,31,mig_NQ_6,0.002585735
as,31,med_NQ_6,-22.9647602
as,31,mig_NQ_7,0.002396973
as,31,med_NQ_7,-12.31600727
as,31,mig_NQ_8,0.00335306
as,31,med_NQ_8,-8.197762166
as,31,mig_NQ_9,0.004646681
as,31,med_NQ_9,-5.768870118
as,31,mig_NQ_10,0.005361928
as,31,med_NQ_10,-3.977252284
as,31,mig_NQ_11,0.006662734
as,31,med_NQ_11,-4.103735362
as,31,mig_NQ_12,0.011026677
as,31,med_NQ_12,-4.114057798
as,31,mig_NQ_13,0.018987479
as,31,med_NQ_13,-2.761390692
as,31,mig_NQ_14,0.029818464
as,31,med_NQ_14,-1.803466688
as,31,mig_NQ_15,0.026767132
as,31,med_NQ_15,-0.770905891
as,31,mig_NQ_16,0.011803988
as,31,med_NQ_16,-0.268392189
as,31,mig_NQ_17,0.003244163
as,31,med_NQ_17,-0.071345675
as,32,beta_Q_2,0.999269100004051
as,32,beta_Q_3,0.999037600005409
as,32,beta_Q_4,0.998547900006572
as,32,beta_Q_5,0.99770360000889
as,32,beta_Q_6,0.995988100016699
as,32,beta_Q_7,0.993505400026843
as,32,beta_Q_8,0.989741200050571
as,32,beta_Q_9,0.983982900051167
as,32,beta_Q_10,0.975488100082098
as,32,beta_Q_11,0.959352600108905
as,32,beta_Q_12,0.930694600282621
as,32,beta_Q_13,0.87094089970365
as,32,beta_Q_14,0.720448003460304
as,32,beta_Q_15,0.487967973946839
as,32,beta_Q_16,0.291303050042397
as,32,beta_Q_17,0.190079902031803
as,32,h_Q_2,1368.176221
as,32,h_Q_3,1039.06899466
as,32,h_Q_4,688.657806176
as,32,h_Q_5,435.464204839318
as,32,h_Q_6,249.258456200104
as,32,h_Q_7,153.974070801919
as,32,h_Q_8,97.4772878724105
as,32,h_Q_9,62.4332743593082
as,32,h_Q_10,40.7965110391964
as,32,h_Q_11,24.6018195179626
as,32,h_Q_12,14.4288900889828
as,32,h_Q_13,7.74838810391073
as,32,h_Q_14,3.57715205882133
as,32,h_Q_15,1.95300216085779
as,32,h_Q_16,1.41104029496554
as,32,h_Q_17,1.23468968862108
as,32,P_Q_1,0.2793091446
as,32,P_Q_2,0.0668246582104452
as,32,P_Q_3,0.0684317514264877
as,32,P_Q_4,0.07412651408598
as,32,P_Q_5,0.0808111477247242
as,32,P_Q_6,0.0823117918264391
as,32,P_Q_7,0.0787999932551945
as,32,P_Q_8,0.0755384868436339
as,32,P_Q_9,0.0727043294547856
as,32,P_Q_10,0.0746869129488298
as,32,P_Q_11,0.072595159285578
as,32,P_Q_12,0.0668715004144745
as,32,P_Q_13,0.0606186892829693
as,32,P_Q_14,0.0499259085611089
as,32,P_Q_15,0.0299110906754525
as,32,P_Q_16,0.01102520827054
as,32,P_Q_17,0.0027762241893963
as,32,L_Q,1.10898131006281
as,32,beta_NQ_2,0.995627800032365
as,32,beta_NQ_3,0.994301400037895
as,32,beta_NQ_4,0.993276500039549
as,32,beta_NQ_5,0.991063400050626
as,32,beta_NQ_6,0.98669650007128
as,32,beta_NQ_7,0.981464100096166
as,32,beta_NQ_8,0.974632000133309
as,32,beta_NQ_9,0.965583600165624
as,32,beta_NQ_10,0.953941300216055
as,32,beta_NQ_11,0.933326700278642
as,32,beta_NQ_12,0.889069100360612
as,32,beta_NQ_13,0.802548500099496
as,32,beta_NQ_14,0.612639979588461
as,32,beta_NQ_15,0.374459167163718
as,32,beta_NQ_16,0.206698508885527
as,32,beta_NQ_17,0.13006720557363
as,32,h_NQ_2,228.717808
as,32,h_NQ_3,175.481697256
as,32,h_NQ_4,148.732059198688
as,32,h_NQ_5,111.899380082784
as,32,h_NQ_6,75.1681888196714
as,32,h_NQ_7,53.9493631179357
as,32,h_NQ_8,39.4197414064713
as,32,h_NQ_9,29.0559151938899
as,32,h_NQ_10,21.7114247689522
as,32,h_NQ_11,14.9985076527637
as,32,h_NQ_12,9.01462081008943
as,32,h_NQ_13,5.06453483170472
as,32,h_NQ_14,2.58157119482637
as,32,h_NQ_15,1.59861649092188
as,32,h_NQ_16,1.26055478441206
as,32,h_NQ_17,1.14951408369283
as,32,P_NQ_1,0.6517213374
as,32,P_NQ_2,0.155924203387985
as,32,P_NQ_3,0.159674087169786
as,32,P_NQ_4,0.17296186720699
as,32,P_NQ_5,0.188559346171975
as,32,P_NQ_6,0.192060848543882
as,32,P_NQ_7,0.183866647791046
as,32,P_NQ_8,0.176256467969716
as,32,P_NQ_9,0.169643432313118
as,32,P_NQ_10,0.174269461748363
as,32,P_NQ_11,0.169388707925698
as,32,P_NQ_12,0.15603349836899
as,32,P_NQ_13,0.141443611434475
as,32,P_NQ_14,0.116493926265191
as,32,P_NQ_15,0.0697925173580372
as,32,P_NQ_16,0.0257254813953094
as,32,P_NQ_17,0.00647785499886228
as,32,L_NQ,1.96531321635262
as,32,pi_Q,0.3
as,32,pi_NQ,0.7
as,32,y,8.42341448418983
as,32,nbar,7.25940917775705
as,32,Ptot,4.15756180850546
as,32,Pret,1.22803575312327
as,32,H,533.167609229056
as,32,cCheck,0
as,32,shareq,0.3
as,32,A,2.103087189
as,32,A_Q,2
as,32,xpop,0.931030482
as,32,h_Q_1,100
as,32,mig_Q_2,-0.21617162
as,32,med_Q_2,1270.176221
as,32,mig_Q_3,0.00231648
as,32,med_Q_3,-187.6177
as,32,mig_Q_4,0.002288537
as,32,med_Q_4,-243.7874843
as,32,mig_Q_5,0.001032784
as,32,med_Q_5,-183.887372
as,32,mig_Q_6,0.000222507
as,32,med_Q_6,-142.6788339
as,32,mig_Q_7,-8.34996e-05
as,32,med_Q_7,-70.45683658
as,32,mig_Q_8,8.9456e-05
as,32,med_Q_8,-41.09737284
as,32,mig_Q_9,0.000278856
as,32,med_Q_9,-25.24992081
as,32,mig_Q_10,0.000295562
as,32,med_Q_10,-15.31635594
as,32,mig_Q_11,0.000527062
as,32,med_Q_11,-12.06865137
as,32,mig_Q_12,0.00110103
as,32,med_Q_12,-7.706597151
as,32,mig_Q_13,0.002434506
as,32,med_Q_13,-5.206777731
as,32,mig_Q_14,0.006137134
as,32,med_Q_14,-3.425594062
as,32,mig_Q_15,0.007111245
as,32,med_Q_15,-1.390577981
as,32,mig_Q_16,0.003376376
as,32,med_Q_16,-0.457559427
as,32,mig_Q_17,0.000965103
as,32,med_Q_17,-0.128097267
as,32,h_NQ_1,100
as,32,mig_NQ_2,-0.501761397
as,32,med_NQ_2,130.717808
as,32,mig_NQ_3,0.00620651
as,32,med_NQ_3,-29.01301301
as,32,mig_NQ_4,0.006308647
as,32,med_NQ_4,-8.311672677
as,32,mig_NQ_5,0.0037661
as,32,med_NQ_5,-21.39043005
as,32,mig_NQ_6,0.002475417
as,32,med_NQ_6,-25.15838441
as,32,mig_NQ_7,0.002248174
as,32,med_NQ_7,-13.47363362
as,32,mig_NQ_8,0.003152084
as,32,med_NQ_8,-8.973169526
as,32,mig_NQ_9,0.004110891
as,32,med_NQ_9,-6.311910181
as,32,mig_NQ_10,0.004884985
as,32,med_NQ_10,-4.364333291
as,32,mig_NQ_11,0.006213803
as,32,med_NQ_11,-4.504717349
as,32,mig_NQ_12,0.010049799
as,32,med_NQ_12,-4.484150523
as,32,mig_NQ_13,0.017144693
as,32,med_NQ_13,-3.054513612
as,32,mig_NQ_14,0.030177306
as,32,med_NQ_14,-2.028668334
as,32,mig_NQ_15,0.029172501
as,32,med_NQ_15,-0.834294134
as,32,mig_NQ_16,0.013094718
as,32,med_NQ_16,-0.278138647
as,32,mig_NQ_17,0.003582776
as,32,med_NQ_17,-0.073630565
as,33,beta_Q_2,0.999331100003848
as,33,beta_Q_3,0.99911830000427
as,33,beta_Q_4,0.998666800006164
as,33,beta_Q_5,0.997890200009164
as,33,beta_Q_6,0.996312500012747
as,33,beta_Q_7,0.994033200025952
as,33,beta_Q_8,0.990580000040723
as,33,beta_Q_9,0.985305400080463
as,33,beta_Q_10,0.977510000054601
as,33,beta_Q_11,0.962670300082601
as,33,beta_Q_12,0.936498500182189
as,33,beta_Q_13,0.88100390014641
as,33,beta_Q_14,0.733422297417913
as,33,beta_Q_15,0.500254993343758
as,33,beta_Q_16,0.303879367492908
as,33,beta_Q_17,0.199849538965479
as,33,h_Q_2,1494.991778
as,33,h_Q_3,1134.17262098
as,33,h_Q_4,750.0750079668
as,33,h_Q_5,473.97857645248
as,33,h_Q_6,271.186440642532
as,33,h_Q_7,167.594020346102
as,33,h_Q_8,106.157112565881
as,33,h_Q_9,68.0522097349623
as,33,h_Q_10,44.464206232122
as,33,h_Q_11,26.7883213184125
as,33,h_Q_12,15.7476594726033
as,33,h_Q_13,8.40363674620311
as,33,h_Q_14,3.75125147483252
as,33,h_Q_15,2.00101976264491
as,33,h_Q_16,1.43653247264063
as,33,h_Q_17,1.24976492106623
as,33,P_Q_1,0.2728829697
as,33,P_Q_2,0.0680530875473432
as,33,P_Q_3,0.0690791191597449
as,33,P_Q_4,0.070625268680691
as,33,P_Q_5,0.074993456959692
as,33,P_Q_6,0.0807093744825169
as,33,P_Q_7,0.0816939958654526
as,33,P_Q_8,0.0780791852883731
as,33,P_Q_9,0.0746060143498758
as,33,P_Q_10,0.0711997692075917
as,33,P_Q_11,0.0721264721315673
as,33,P_Q_12,0.0685634817537442
as,33,P_Q_13,0.0605398167355155
as,33,P_Q_14,0.0495108806662957
as,33,P_Q_15,0.0318012424480195
as,33,P_Q_16,0.012408367943854
as,33,P_Q_17,0.00319390850794446
as,33,L_Q,1.09931615578945
as,33,beta_NQ_2,0.996010100027693
as,33,beta_NQ_3,0.994794500034543
as,33,beta_NQ_4,0.993849800034964
as,33,beta_NQ_5,0.991821900044768
as,33,beta_NQ_6,0.987820900065339
as,33,beta_NQ_7,0.983030700088044
as,33,beta_NQ_8,0.976772100115308
as,33,beta_NQ_9,0.968481400160999
as,33,beta_NQ_10,0.957781700181515
as,33,beta_NQ_11,0.938775200242247
as,33,beta_NQ_12,0.898099100429958
as,33,beta_NQ_13,0.816738200140866
as,33,beta_NQ_14,0.627654083587172
as,33,beta_NQ_15,0.385817471492571
as,33,beta_NQ_16,0.216589118704366
as,33,beta_NQ_17,0.136997204856169
as,33,h_NQ_2,250.6328479
as,33,h_NQ_3,192.10450488
as,33,h_NQ_4,162.59633832788
as,33,h_NQ_5,122.277790684714
as,33,h_NQ_6,82.1078733311287
as,33,h_NQ_7,58.929949963278
as,33,h_NQ_8,43.051674915577
as,33,h_NQ_9,31.7272975323419
as,33,h_NQ_10,23.6864108600121
as,33,h_NQ_11,16.3332505785731
as,33,h_NQ_12,9.8134560187084
as,33,h_NQ_13,5.45667454688764
as,33,h_NQ_14,2.68566758207063
as,33,h_NQ_15,1.62818028292984
as,33,h_NQ_16,1.27646934510344
as,33,h_NQ_17,1.15874479372381
as,33,P_NQ_1,0.6367269293
as,33,P_NQ_2,0.158790539389713
as,33,P_NQ_3,0.161184611728467
as,33,P_NQ_4,0.164792293451015
as,33,P_NQ_5,0.174984735193265
as,33,P_NQ_6,0.188321875923617
as,33,P_NQ_7,0.190619324879827
as,33,P_NQ_8,0.182184762694394
as,33,P_NQ_9,0.174080699894675
as,33,P_NQ_10,0.166132794393891
as,33,P_NQ_11,0.168295099692934
as,33,P_NQ_12,0.159981460166747
as,33,P_NQ_13,0.14125957108131
as,33,P_NQ_14,0.115525530222135
as,33,P_NQ_15,0.074202938608895
as,33,P_NQ_16,0.0289528442692735
as,33,P_NQ_17,0.00745245247712429
as,33,L_NQ,1.9478950769047
as,33,pi_Q,0.3
as,33,pi_NQ,0.7
as,33,y,8.99600233133831
as,33,nbar,7.27159607366896
as,33,Ptot,4.1335548747955
as,33,Pret,1.23114663030684
as,33,H,567.527611829157
as,33,cCheck,0
as,33,shareq,0.3
as,33,A,2.243410441
as,33,A_Q,2
as,33,xpop,0.909609899
as,33,h_Q_1,100
as,33,mig_Q_2,-0.21105191
as,33,med_Q_2,1396.991778
as,33,mig_Q_3,0.002318773
as,33,med_Q_3,-206.6400756
as,33,mig_Q_4,0.002292887
as,33,med_Q_4,-268.2126068
as,33,mig_Q_5,0.001037167
as,33,med_Q_5,-200.9060736
as,33,mig_Q_6,0.000222433
as,33,med_Q_6,-155.5684801
as,33,mig_Q_7,-8.32138e-05
as,33,med_Q_7,-76.67926673
as,33,mig_Q_8,8.75854e-05
as,33,med_Q_8,-44.73747682
as,33,mig_Q_9,0.000277435
as,33,med_Q_9,-27.47553238
as,33,mig_Q_10,0.000277561
as,33,med_Q_10,-16.72040264
as,33,mig_Q_11,0.000475388
as,33,med_Q_11,-13.1922595
as,33,mig_Q_12,0.000999559
as,33,med_Q_12,-8.362123655
as,33,mig_Q_13,0.002298692
as,33,med_Q_13,-5.736675541
as,33,mig_Q_14,0.005838267
as,33,med_Q_14,-3.842168867
as,33,mig_Q_15,0.007438998
as,33,med_Q_15,-1.504589255
as,33,mig_Q_16,0.003695176
as,33,med_Q_16,-0.477409645
as,33,mig_Q_17,0.001098238
as,33,med_Q_17,-0.133054568
as,33,h_NQ_1,100
as,33,mig_NQ_2,-0.490081342
as,33,med_NQ_2,152.6328479
as,33,mig_NQ_3,0.006148958
as,33,med_NQ_3,-32.03894696
as,33,mig_NQ_4,0.006191775
as,33,med_NQ_4,-9.375724983
as,33,mig_NQ_5,0.003568559
as,33,med_NQ_5,-23.47962733
as,33,mig_NQ_6,0.002271029
as,33,med_NQ_6,-27.55351915
as,33,mig_NQ_7,0.002118497
as,33,med_NQ_7,-14.73487508
as,33,mig_NQ_8,0.002982444
as,33,med_NQ_8,-9.81870094
as,33,mig_NQ_9,0.003890345
as,33,med_NQ_9,-6.904049046
as,33,mig_NQ_10,0.004302918
as,33,med_NQ_10,-4.78838603
as,33,mig_NQ_11,0.005644758
as,33,med_NQ_11,-4.943945695
as,33,mig_NQ_12,0.009383194
as,33,med_NQ_12,-4.885081481
as,33,mig_NQ_13,0.016035121
as,33,med_NQ_13,-3.377653847
as,33,mig_NQ_14,0.028871519
as,33,med_NQ_14,-2.277576553
as,33,mig_NQ_15,0.03058072
as,33,med_NQ_15,-0.901759488
as,33,mig_NQ_16,0.014526835
as,33,med_NQ_16,-0.290174816
as,33,mig_NQ_17,0.004106411
as,33,med_NQ_17,-0.076598895
as,34,beta_Q_2,0.999387600003082
as,34,beta_Q_3,0.999192000004174
as,34,beta_Q_4,0.998775500004561
as,34,beta_Q_5,0.998060900008674
as,34,beta_Q_6,0.996609400015466
as,34,beta_Q_7,0.994516100018804
as,34,beta_Q_8,0.991347000040712
as,34,beta_Q_9,0.986513900063244
as,34,beta_Q_10,0.979358000120197
as,34,beta_Q_11,0.96570680003116
as,34,beta_Q_12,0.941810400130737
as,34,beta_Q_13,0.890301199915984
as,34,beta_Q_14,0.745840599275976
as,34,beta_Q_15,0.512354776424236
as,34,beta_Q_16,0.316518299435644
as,34,beta_Q_17,0.211702231823928
as,34,h_Q_2,1632.91966
as,34,h_Q_3,1237.62376284
as,34,h_Q_4,816.6598610604
as,34,h_Q_5,515.703161707464
as,34,h_Q_6,294.93305052343
as,34,h_Q_7,182.351975749681
as,34,h_Q_8,115.56685552918
as,34,h_Q_9,74.1504215845631
as,34,h_Q_10,48.4449182102631
as,34,h_Q_11,29.1602999174796
as,34,h_Q_12,17.1852014350442
as,34,h_Q_13,9.11586996915126
as,34,h_Q_14,3.93453870727905
as,34,h_Q_15,2.05067039033587
as,34,h_Q_16,1.46309679139201
as,34,h_Q_17,1.26855610818782
as,34,P_Q_1,0.2665561473
as,34,P_Q_2,0.0688999292826177
as,34,P_Q_3,0.0703138001403434
as,34,P_Q_4,0.071282195878507
as,34,P_Q_5,0.0715170524894757
as,34,P_Q_6,0.0749405245881091
as,34,P_Q_7,0.0801450424889491
as,34,P_Q_8,0.0810113898277268
as,34,P_Q_9,0.0772048378985171
as,34,P_Q_10,0.0731990330912207
as,34,P_Q_11,0.0689577981888842
as,34,P_Q_12,0.0684328579746452
as,34,P_Q_13,0.0625715878326659
as,34,P_Q_14,0.0503068294754212
as,34,P_Q_15,0.0320200662781614
as,34,P_Q_16,0.0135383444405928
as,34,P_Q_17,0.00375145061289325
as,34,L_Q,1.0883584045011
as,34,beta_NQ_2,0.996358100025542
as,34,beta_NQ_3,0.995243800029205
as,34,beta_NQ_4,0.994372700032295
as,34,beta_NQ_5,0.992514000039826
as,34,beta_NQ_6,0.988847600057919
as,34,beta_NQ_7,0.984461900081442
as,34,beta_NQ_8,0.978728200106791
as,34,beta_NQ_9,0.971132900138259
as,34,beta_NQ_10,0.961300700181115
as,34,beta_NQ_11,0.943781400192425
as,34,beta_NQ_12,0.906432000373016
as,34,beta_NQ_13,0.83003340034535
as,34,beta_NQ_14,0.642230985309805
as,34,beta_NQ_15,0.397119873183648
as,34,beta_NQ_16,0.226629921509611
as,34,beta_NQ_17,0.145706808057655
as,34,h_NQ_2,274.581949
as,34,h_NQ_3,210.251881712
as,34,h_NQ_4,177.7051161624
as,34,h_NQ_5,133.582687681322
as,34,h_NQ_6,89.6667981810199
as,34,h_NQ_7,64.3579330845062
as,34,h_NQ_8,47.0105961840124
as,34,h_NQ_9,34.6415123002654
as,34,h_NQ_10,25.8402606766951
as,34,h_NQ_11,17.7877072618119
as,34,h_NQ_12,10.6874145010016
as,34,h_NQ_13,5.88350888133423
as,34,h_NQ_14,2.79509181594989
as,34,h_NQ_15,1.65870432942921
as,34,h_NQ_16,1.29304197227125
as,34,h_NQ_17,1.17055830320137
as,34,P_NQ_1,0.6219643437
as,34,P_NQ_2,0.160766499542419
as,34,P_NQ_3,0.164065536242405
as,34,P_NQ_4,0.16632512613505
as,34,P_NQ_5,0.166873123603321
as,34,P_NQ_6,0.174861227616306
as,34,P_NQ_7,0.187005100531087
as,34,P_NQ_8,0.189026578285431
as,34,P_NQ_9,0.180144620062266
as,34,P_NQ_10,0.17079774271391
as,34,P_NQ_11,0.160901527323929
as,34,P_NQ_12,0.159676666640994
as,34,P_NQ_13,0.146000372832496
as,34,P_NQ_14,0.117382738634957
as,34,P_NQ_15,0.0747135279631427
as,34,P_NQ_16,0.0315894730785747
as,34,P_NQ_17,0.00875338073752642
as,34,L_NQ,1.92840040072159
as,34,pi_Q,0.3
as,34,pi_NQ,0.7
as,34,y,9.61273126356747
as,34,nbar,7.2894565325054
as,34,Ptot,4.11549647343254
as,34,Pret,1.24259339782001
as,34,H,608.609148681408
as,34,cCheck,-4.44089209850063e-16
as,34,shareq,0.3
as,34,A,2.393096413
as,34,A_Q,2
as,34,xpop,0.888520491
as,34,h_Q_1,100
as,34,mig_Q_2,-0.203800509
as,34,med_Q_2,1534.91966
as,34,mig_Q_3,0.002320715
as,34,med_Q_3,-227.4681796
as,34,mig_Q_4,0.002295173
as,34,med_Q_4,-294.8293075
as,34,mig_Q_5,0.001040789
as,34,med_Q_5,-219.3703461
as,34,mig_Q_6,0.000223606
as,34,med_Q_6,-169.5659544
as,34,mig_Q_7,-8.27553e-05
as,34,med_Q_7,-83.41073608
as,34,mig_Q_8,8.69514e-05
as,34,med_Q_8,-48.67528441
as,34,mig_Q_9,0.000272995
as,34,med_Q_9,-29.88354873
as,34,mig_Q_10,0.000270908
as,34,med_Q_10,-18.24624733
as,34,mig_Q_11,0.000415895
as,34,med_Q_11,-14.41462219
as,34,mig_Q_12,0.000886525
as,34,med_Q_12,-9.067353457
as,34,mig_Q_13,0.002166893
as,34,med_Q_13,-6.316836314
as,34,mig_Q_14,0.005905578
as,34,med_Q_14,-4.301025304
as,34,mig_Q_15,0.007252001
as,34,med_Q_15,-1.625556055
as,34,mig_Q_16,0.003874603
as,34,med_Q_16,-0.497902576
as,34,mig_Q_17,0.001271644
as,34,med_Q_17,-0.139245715
as,34,h_NQ_1,100
as,34,mig_NQ_2,-0.473419953
as,34,med_NQ_2,176.581949
as,34,mig_NQ_3,0.006101581
as,34,med_NQ_3,-35.36830923
as,34,mig_NQ_4,0.006131832
as,34,med_NQ_4,-10.55729862
as,34,mig_NQ_5,0.003428518
as,34,med_NQ_5,-25.76172388
as,34,mig_NQ_6,0.002007649
as,34,med_NQ_6,-30.16543669
as,34,mig_NQ_7,0.001878915
as,34,med_NQ_7,-16.10778278
as,34,mig_NQ_8,0.00283494
as,34,med_NQ_8,-10.74075478
as,34,mig_NQ_9,0.003702066
as,34,med_NQ_9,-7.549129117
as,34,mig_NQ_10,0.004066434
as,34,med_NQ_10,-5.252490905
as,34,mig_NQ_11,0.00494018
as,34,med_NQ_11,-5.424975381
as,34,mig_NQ_12,0.008530989
as,34,med_NQ_12,-5.319171066
as,34,mig_NQ_13,0.015337403
as,34,med_NQ_13,-3.733678017
as,34,mig_NQ_14,0.028720592
as,34,med_NQ_14,-2.55244924
as,34,mig_NQ_15,0.03014176
as,34,med_NQ_15,-0.973249901
as,34,mig_NQ_16,0.015517924
as,34,med_NQ_16,-0.302574705
as,34,mig_NQ_17,0.004786922
as,34,med_NQ_17,-0.080381655
as,35,beta_Q_2,0.99943910000293
as,35,beta_Q_3,0.99925920000321
as,35,beta_Q_4,0.998875000004838
as,35,beta_Q_5,0.998217000005663
as,35,beta_Q_6,0.996881100014151
as,35,beta_Q_7,0.994957800025594
as,35,beta_Q_8,0.992048400026808
as,35,beta_Q_9,0.987618300065522
as,35,beta_Q_10,0.981047400091141
as,35,beta_Q_11,0.968486200199883
as,35,beta_Q_12,0.946671900020683
as,35,beta_Q_13,0.898886899824713
as,35,beta_Q_14,0.757719698206412
as,35,beta_Q_15,0.524262384130702
as,35,beta_Q_16,0.329157368970759
as,35,beta_Q_17,0.22375696978696
as,35,h_Q_2,1782.848993
as,35,h_Q_3,1349.8920083
as,35,h_Q_4,888.8888893832
as,35,h_Q_5,560.852495639192
as,35,h_Q_6,320.625862073315
as,35,h_Q_7,198.326127802962
as,35,h_Q_8,125.760853124688
as,35,h_Q_9,80.7643539485964
as,35,h_Q_10,52.7632093128719
as,35,h_Q_11,31.7321301360578
as,35,h_Q_12,18.75183994213
as,35,h_Q_13,9.88991530834334
as,35,h_Q_14,4.12745069476824
as,35,h_Q_15,2.10199819013347
as,35,h_Q_16,1.49066238152915
as,35,h_Q_17,1.28825625856417
as,35,P_Q_1,0.2625270279
as,35,P_Q_2,0.0686167203162151
as,35,P_Q_3,0.0711668861400449
as,35,P_Q_4,0.0725246548923922
as,35,P_Q_5,0.0721866565730973
as,35,P_Q_6,0.071500047772411
as,35,P_Q_7,0.0744493036467295
as,35,P_Q_8,0.0795372315395551
as,35,P_Q_9,0.0801893791284946
as,35,P_Q_10,0.0758730366438957
as,35,P_Q_11,0.0710834880118977
as,35,P_Q_12,0.0657041245044077
as,35,P_Q_13,0.0629227495685068
as,35,P_Q_14,0.0526468205667649
as,35,P_Q_15,0.0333607233684916
as,35,P_Q_16,0.0138983629261803
as,35,P_Q_17,0.00431255073327455
as,35,L_Q,1.07655725780395
as,35,beta_NQ_2,0.996674600022679
as,35,beta_NQ_3,0.995652800027067
as,35,beta_NQ_4,0.994849500026568
as,35,beta_NQ_5,0.993145400037061
as,35,beta_NQ_6,0.98978510005142
as,35,beta_NQ_7,0.985769000073407
as,35,beta_NQ_8,0.980516300099409
as,35,beta_NQ_9,0.973558100129307
as,35,beta_NQ_10,0.964524000153219
as,35,beta_NQ_11,0.94837860020566
as,35,beta_NQ_12,0.914113700281407
as,35,beta_NQ_13,0.842470900251059
as,35,beta_NQ_14,0.656369384900565
as,35,beta_NQ_15,0.408358575984497
as,35,beta_NQ_16,0.236769321574473
as,35,beta_NQ_17,0.154645610028818
as,35,h_NQ_2,300.7157034
as,35,h_NQ_3,230.03312479
as,35,h_NQ_4,194.15590714776
as,35,h_NQ_5,145.887433289152
as,35,h_NQ_6,97.8962104376959
as,35,h_NQ_7,70.2691307773995
as,35,h_NQ_8,51.324953682816
as,35,h_NQ_9,37.8187649103322
as,35,h_NQ_10,28.1880707992601
as,35,h_NQ_11,19.3718109161612
as,35,h_NQ_12,11.6433004935756
as,35,h_NQ_13,6.34803347498161
as,35,h_NQ_14,2.91009325470755
as,35,h_NQ_15,1.69021273563089
as,35,h_NQ_16,1.31021982884063
as,35,h_NQ_17,1.18293581882582
as,35,P_NQ_1,0.6125630651
as,35,P_NQ_2,0.160105680772565
as,35,P_NQ_3,0.16605606792199
as,35,P_NQ_4,0.169224198255606
as,35,P_NQ_5,0.168435535247427
as,35,P_NQ_6,0.166833444789312
as,35,P_NQ_7,0.173715046389722
as,35,P_NQ_8,0.18558687345358
as,35,P_NQ_9,0.187108552173542
as,35,P_NQ_10,0.177037084399717
as,35,P_NQ_11,0.165861471768239
as,35,P_NQ_12,0.153309622275302
as,35,P_NQ_13,0.146819748567835
as,35,P_NQ_14,0.122842727299813
as,35,P_NQ_15,0.0778417302806632
as,35,P_NQ_16,0.0324295159779932
as,35,P_NQ_17,0.0100626172905023
as,35,L_NQ,1.90763562773538
as,35,pi_Q,0.3
as,35,pi_NQ,0.7
as,35,y,10.2764783379178
as,35,nbar,7.31217626726284
as,35,Ptot,4.10833274619617
as,35,Pret,1.26600637418349
as,35,H,653.94523096878
as,35,cCheck,4.44089209850063e-16
as,35,shareq,0.3
as,35,A,2.552769808
as,35,A_Q,2
as,35,xpop,0.875090093
as,35,h_Q_1,100
as,35,mig_Q_2,-0.197776188
as,35,med_Q_2,1684.848993
as,35,mig_Q_3,0.002322628
as,35,med_Q_3,-250.3692585
as,35,mig_Q_4,0.002296954
as,35,med_Q_4,-323.9823982
as,35,mig_Q_5,0.001042684
as,35,med_Q_5,-239.4741682
as,35,mig_Q_6,0.000225481
as,35,med_Q_6,-184.7632364
as,35,mig_Q_7,-8.02546e-05
as,35,med_Q_7,-90.70826171
as,35,mig_Q_8,8.56841e-05
as,35,med_Q_8,-52.94408311
as,35,mig_Q_9,0.000270517
as,35,med_Q_9,-32.49116447
as,35,mig_Q_10,0.000261861
as,35,med_Q_10,-19.90420384
as,35,mig_Q_11,0.000394684
as,35,med_Q_11,-15.74388971
as,35,mig_Q_12,0.000758953
as,35,med_Q_12,-9.825253977
as,35,mig_Q_13,0.001996894
as,35,med_Q_13,-6.951582098
as,35,mig_Q_14,0.00597839
as,35,med_Q_14,-4.806101875
as,35,mig_Q_15,0.007585779
as,35,med_Q_15,-1.753849743
as,35,mig_Q_16,0.003763426
as,35,med_Q_16,-0.518994601
as,35,mig_Q_17,0.001446453
as,35,med_Q_17,-0.145578597
as,35,h_NQ_1,100
as,35,mig_NQ_2,-0.459593531
as,35,med_NQ_2,202.7157034
as,35,mig_NQ_3,0.006054206
as,35,med_NQ_3,-39.05718523
as,35,mig_NQ_4,0.006081908
as,35,med_NQ_4,-11.89093693
as,35,mig_NQ_5,0.003355519
as,35,med_NQ_5,-28.26358055
as,35,mig_NQ_6,0.001821357
as,35,med_NQ_6,-33.01482349
as,35,mig_NQ_7,0.00157083
as,35,med_NQ_7,-17.60433144
as,35,mig_NQ_8,0.002559708
as,35,med_NQ_8,-11.74582074
as,35,mig_NQ_9,0.003538623
as,35,med_NQ_9,-8.25161935
as,35,mig_NQ_10,0.003863935
as,35,med_NQ_10,-5.760611255
as,35,mig_NQ_11,0.004665739
as,35,med_NQ_11,-5.951644547
as,35,mig_NQ_12,0.007463329
as,35,med_NQ_12,-5.788652623
as,35,mig_NQ_13,0.014282782
as,35,med_NQ_13,-4.125632736
as,35,mig_NQ_14,0.029076764
as,35,med_NQ_14,-2.855745449
as,35,mig_NQ_15,0.031226712
as,35,med_NQ_15,-1.048977244
as,35,mig_NQ_16,0.015497195
as,35,med_NQ_16,-0.315310414
as,35,mig_NQ_17,0.005459816
as,35,med_NQ_17,-0.084245314
as,36,beta_Q_2,0.999486100002423
as,36,beta_Q_3,0.999320600003142
as,36,beta_Q_4,0.998965900003381
as,36,beta_Q_5,0.998359900006839
as,36,beta_Q_6,0.997129900007867
as,36,beta_Q_7,0.995362200023692
as,36,beta_Q_8,0.992690100042264
as,36,beta_Q_9,0.988628000039784
as,36,beta_Q_10,0.982592400098441
as,36,beta_Q_11,0.971031100136121
as,36,beta_Q_12,0.951120700425128
as,36,beta_Q_13,0.906811999552915
as,36,beta_Q_14,0.769077097730359
as,36,beta_Q_15,0.535973181667229
as,36,beta_Q_16,0.341780584233152
as,36,beta_Q_17,0.235953329672189
as,36,h_Q_2,1945.903872
as,36,h_Q_3,1471.88695934
as,36,h_Q_4,967.024465434
as,36,h_Q_5,609.718920095536
as,36,h_Q_6,348.419915526408
as,36,h_Q_7,215.619475131848
as,36,h_Q_8,136.800777336902
as,36,h_Q_9,87.9352796021941
as,36,h_Q_10,57.4461730396245
as,36,h_Q_11,34.5197781466144
as,36,h_Q_12,20.4585582033367
as,36,h_Q_13,10.7309953262874
as,36,h_Q_14,4.33044964417647
as,36,h_Q_15,2.15504698187287
as,36,h_Q_16,1.5192500263308
as,36,h_Q_17,1.30882048689857
as,36,P_Q_1,0.2611496442
as,36,P_Q_2,0.0667486674908202
as,36,P_Q_3,0.0708905500500251
as,36,P_Q_4,0.0733855463934816
as,36,P_Q_5,0.0734394104331298
as,36,P_Q_6,0.0721877926109329
as,36,P_Q_7,0.0710624787333629
as,36,P_Q_8,0.073943785665848
as,36,P_Q_9,0.0788189434050132
as,36,P_Q_10,0.0789253739089324
as,36,P_Q_11,0.073853758956873
as,36,P_Q_12,0.0680017496563207
as,36,P_Q_13,0.060835200781464
as,36,P_Q_14,0.0535830688133666
as,36,P_Q_15,0.0354778056672334
as,36,P_Q_16,0.014956384930934
as,36,P_Q_17,0.00467479957336152
as,36,L_Q,1.06209621316752
as,36,beta_NQ_2,0.996962800020183
as,36,beta_NQ_3,0.996025900024401
as,36,beta_NQ_4,0.99528450002507
as,36,beta_NQ_5,0.99372170002992
as,36,beta_NQ_6,0.990640900048467
as,36,beta_NQ_7,0.986963100063995
as,36,beta_NQ_8,0.982150400089985
as,36,beta_NQ_9,0.975776100121519
as,36,beta_NQ_10,0.967475600144764
as,36,beta_NQ_11,0.952598600166567
as,36,beta_NQ_12,0.921187900336114
as,36,beta_NQ_13,0.854089100044522
as,36,beta_NQ_14,0.670069880789206
as,36,beta_NQ_15,0.419525880663102
as,36,beta_NQ_16,0.246996423724605
as,36,beta_NQ_17,0.16376980933831
as,36,h_NQ_2,329.2506256
as,36,h_NQ_3,251.629299742
as,36,h_NQ_4,212.0665889242
as,36,h_NQ_5,159.278785614805
as,36,h_NQ_6,106.847880703369
as,36,h_NQ_7,76.705351728942
as,36,h_NQ_8,56.0236644018515
as,36,h_NQ_9,41.2815442631597
as,36,h_NQ_10,30.7461475031255
as,36,h_NQ_11,21.0964233032749
as,36,h_NQ_12,12.6884069838379
as,36,h_NQ_13,6.85349757070412
as,36,h_NQ_14,3.03093585348198
as,36,h_NQ_15,1.7227294546134
as,36,h_NQ_16,1.32801489591828
as,36,h_NQ_17,1.19584295926382
as,36,P_NQ_1,0.6093491698
as,36,P_NQ_2,0.155746889897208
as,36,P_NQ_3,0.165411282361445
as,36,P_NQ_4,0.17123294114857
as,36,P_NQ_5,0.171358627072515
as,36,P_NQ_6,0.168438185107089
as,36,P_NQ_7,0.165812450048762
as,36,P_NQ_8,0.172535503557647
as,36,P_NQ_9,0.183910868928406
as,36,P_NQ_10,0.184159208205302
as,36,P_NQ_11,0.172325434287495
as,36,P_NQ_12,0.158670750692186
as,36,P_NQ_13,0.141948799495424
as,36,P_NQ_14,0.125027304058726
as,36,P_NQ_15,0.0827815931902036
as,36,P_NQ_16,0.0348982366687357
as,36,P_NQ_17,0.0109078622813561
as,36,L_NQ,1.88225454102522
as,36,pi_Q,0.3
as,36,pi_NQ,0.7
as,36,y,10.969124379559
as,36,nbar,7.3188224287197
as,36,Ptot,4.10645006807217
as,36,Pret,1.30102733116791
as,36,H,699.025744112581
as,36,cCheck,0
as,36,shareq,0.3
as,36,A,2.723097013
as,36,A_Q,2
as,36,xpop,0.870498814
as,36,h_Q_1,100
as,36,mig_Q_2,-0.195631109
as,36,med_Q_2,1847.903872
as,36,mig_Q_3,0.002324661
as,36,med_Q_3,-275.3050538
as,36,mig_Q_4,0.002298723
as,36,med_Q_4,-355.8697027
as,36,mig_Q_5,0.001044067
as,36,med_Q_5,-261.3921915
as,36,mig_Q_6,0.000226279
as,36,med_Q_6,-201.2155302
as,36,mig_Q_7,-7.70515e-05
as,36,med_Q_7,-98.5938697
as,36,mig_Q_8,8.64731e-05
as,36,med_Q_8,-57.55882791
as,36,mig_Q_9,0.000266518
as,36,med_Q_9,-35.31035646
as,36,mig_Q_10,0.000255792
as,36,med_Q_10,-21.70289383
as,36,mig_Q_11,0.00037177
as,36,med_Q_11,-17.18816698
as,36,mig_Q_12,0.000709009
as,36,med_Q_12,-10.63892933
as,36,mig_Q_13,0.001774624
as,36,med_Q_13,-7.645807817
as,36,mig_Q_14,0.005905262
as,36,med_Q_14,-5.361667358
as,36,mig_Q_15,0.007877058
as,36,med_Q_15,-1.889854699
as,36,mig_Q_16,0.003975457
as,36,med_Q_16,-0.5407082
as,36,mig_Q_17,0.001564944
as,36,med_Q_17,-0.152028647
as,36,h_NQ_1,100
as,36,mig_NQ_2,-0.454779158
as,36,med_NQ_2,231.2506256
as,36,mig_NQ_3,0.006001613
as,36,med_NQ_3,-43.07208959
as,36,mig_NQ_4,0.006032145
as,36,med_NQ_4,-13.36587337
as,36,mig_NQ_5,0.003294393
as,36,med_NQ_5,-30.99400339
as,36,mig_NQ_6,0.001723202
as,36,med_NQ_6,-36.12180392
as,36,mig_NQ_7,0.001353212
as,36,med_NQ_7,-19.2329345
as,36,mig_NQ_8,0.002205069
as,36,med_NQ_8,-12.84008376
as,36,mig_NQ_9,0.003231265
as,36,med_NQ_9,-9.016910346
as,36,mig_NQ_10,0.003688519
as,36,med_NQ_10,-6.316242109
as,36,mig_NQ_11,0.004427252
as,36,med_NQ_11,-6.52788608
as,36,mig_NQ_12,0.007054507
as,36,med_NQ_12,-6.295967714
as,36,mig_NQ_13,0.012789904
as,36,med_NQ_13,-4.556936913
as,36,mig_NQ_14,0.028659316
as,36,med_NQ_14,-3.190136952
as,36,mig_NQ_15,0.032617712
as,36,med_NQ_15,-1.129161935
as,36,mig_NQ_16,0.016467703
as,36,med_NQ_16,-0.328393585
as,36,mig_NQ_17,0.00589278
as,36,med_NQ_17,-0.088172473
as,37,beta_Q_2,0.999529100000098
as,37,beta_Q_3,0.999376700002542
as,37,beta_Q_4,0.999049100003513
as,37,beta_Q_5,0.998490700004191
as,37,beta_Q_6,0.997357800011887
as,37,beta_Q_7,0.995732500010877
as,37,beta_Q_8,0.993277400039784
as,37,beta_Q_9,0.989551500072173
as,37,beta_Q_10,0.984005600052047
as,37,beta_Q_11,0.973361400165297
as,37,beta_Q_12,0.9551919002818
as,37,beta_Q_13,0.91412480082817
as,37,beta_Q_14,0.779930496193008
as,37,beta_Q_15,0.547483280799446
as,37,beta_Q_16,0.354373080785361
as,37,beta_Q_17,0.248270248045955
as,37,h_Q_2,2123.59312
as,37,h_Q_3,1604.36386936
as,37,h_Q_4,1051.6352931532
as,37,h_Q_5,662.55880182532
as,37,h_Q_6,378.472485593625
as,37,h_Q_7,234.32923241588
as,37,h_Q_8,148.751971339211
as,37,h_Q_9,95.7075181301644
as,37,h_Q_10,62.5218826301502
as,37,h_Q_11,37.539510438832
as,37,h_Q_12,22.3173935436821
as,37,h_Q_13,11.6448055652699
as,37,h_Q_14,4.54401896976164
as,37,h_Q_15,2.20986217529294
as,37,h_Q_16,1.54888190923541
as,37,h_Q_17,1.33026519880418
as,37,P_Q_1,0.2607247251
as,37,P_Q_2,0.0641955953984785
as,37,P_Q_3,0.0690302944463367
as,37,P_Q_4,0.0731178831324581
as,37,P_Q_5,0.0743106957593436
as,37,P_Q_6,0.0734553669818235
as,37,P_Q_7,0.0717773745680722
as,37,P_Q_8,0.0706319297230733
as,37,P_Q_9,0.0733678509381978
as,37,P_Q_10,0.0776918697735551
as,37,P_Q_11,0.0769930656554453
as,37,P_Q_12,0.0709007379480897
as,37,P_Q_13,0.0633811785789449
as,37,P_Q_14,0.052400454656852
as,37,P_Q_15,0.0366987868753942
as,37,P_Q_16,0.0162473891482573
as,37,P_Q_17,0.00526444182431283
as,37,L_Q,1.04792116022054
as,37,beta_NQ_2,0.997225200018129
as,37,beta_NQ_3,0.996365600021497
as,37,beta_NQ_4,0.995681300022457
as,37,beta_NQ_5,0.994247700028777
as,37,beta_NQ_6,0.991422800037442
as,37,beta_NQ_7,0.988053900061853
as,37,beta_NQ_8,0.98364380007684
as,37,beta_NQ_9,0.977804100110823
as,37,beta_NQ_10,0.970177700138194
as,37,beta_NQ_11,0.956470600161471
as,37,beta_NQ_12,0.927696900263621
as,37,beta_NQ_13,0.86492770024111
as,37,beta_NQ_14,0.68333417364961
as,37,beta_NQ_15,0.43061488215329
as,37,beta_NQ_16,0.25730062920761
as,37,beta_NQ_17,0.173067711307281
as,37,h_NQ_2,360.3863342
as,37,h_NQ_3,275.148580258
as,37,h_NQ_4,231.55116125716
as,37,h_NQ_5,173.843506095716
as,37,h_NQ_6,116.588163922509
as,37,h_NQ_7,83.7093277593015
as,37,h_NQ_8,61.1388953343631
as,37,h_NQ_9,45.0533657178145
as,37,h_NQ_10,33.5319542788965
as,37,h_NQ_11,22.972979177063
as,37,h_NQ_12,13.8306656192094
as,37,h_NQ_13,7.40344245316118
as,37,h_NQ_14,3.15789339829003
as,37,h_NQ_15,1.75628028341234
as,37,h_NQ_16,1.34643976052113
as,37,h_NQ_17,1.20928883499991
as,37,P_NQ_1,0.6083576919
as,37,P_NQ_2,0.149789721513782
as,37,P_NQ_3,0.161070686185868
as,37,P_NQ_4,0.170608392463616
as,37,P_NQ_5,0.17339162337928
as,37,P_NQ_6,0.171395862554186
as,37,P_NQ_7,0.167480542342446
as,37,P_NQ_8,0.164807837155293
as,37,P_NQ_9,0.171191656793983
as,37,P_NQ_10,0.181281031289654
as,37,P_NQ_11,0.179650487944154
as,37,P_NQ_12,0.165435052985807
as,37,P_NQ_13,0.147889416662077
as,37,P_NQ_14,0.122267865156069
as,37,P_NQ_15,0.0856305498421704
as,37,P_NQ_16,0.0379105774682054
as,37,P_NQ_17,0.0122836965654821
as,37,L_NQ,1.85724694520785
as,37,pi_Q,0.3
as,37,pi_NQ,0.7
as,37,y,11.7004080338428
as,37,nbar,7.31828287416361
as,37,Ptot,4.10063233271071
as,37,Pret,1.33192660237447
as,37,H,742.000155202481
as,37,cCheck,0
as,37,shareq,0.3
as,37,A,2.904788876
as,37,A_Q,2
as,37,xpop,0.869082417
as,37,h_Q_1,100
as,37,mig_Q_2,-0.196819844
as,37,med_Q_2,2025.59312
as,37,mig_Q_3,0.002326976
as,37,med_Q_3,-302.6219252
as,37,mig_Q_4,0.002300641
as,37,med_Q_4,-390.813927
as,37,mig_Q_5,0.001045509
as,37,med_Q_5,-285.1251743
as,37,mig_Q_6,0.000226735
as,37,med_Q_6,-219.0520561
as,37,mig_Q_7,-7.56255e-05
as,37,med_Q_7,-107.1222848
as,37,mig_Q_8,8.89106e-05
as,37,med_Q_8,-62.55511429
as,37,mig_Q_9,0.000264954
as,37,med_Q_9,-38.35724366
as,37,mig_Q_10,0.000244975
as,37,med_Q_10,-23.65469138
as,37,mig_Q_11,0.000354073
as,37,med_Q_11,-18.75773914
as,37,mig_Q_12,0.000656899
as,37,med_Q_12,-11.51198904
as,37,mig_Q_13,0.001716376
as,37,med_Q_13,-8.404581474
as,37,mig_Q_14,0.005613495
as,37,med_Q_14,-5.97235645
as,37,mig_Q_15,0.007979699
as,37,med_Q_15,-2.033978476
as,37,mig_Q_16,0.004121764
as,37,med_Q_16,-0.563064133
as,37,mig_Q_17,0.001735433
as,37,med_Q_17,-0.158599827
as,37,h_NQ_1,100
as,37,mig_NQ_2,-0.457708733
as,37,med_NQ_2,262.3863342
as,37,mig_NQ_3,0.00594275
as,37,med_NQ_3,-47.51703283
as,37,mig_NQ_4,0.005977107
as,37,med_NQ_4,-15.04555249
as,37,mig_NQ_5,0.003233734
as,37,med_NQ_5,-33.98175105
as,37,mig_NQ_6,0.001640998
as,37,med_NQ_6,-39.50504598
as,37,mig_NQ_7,0.001238269
as,37,med_NQ_7,-21.00159533
as,37,mig_NQ_8,0.001955073
as,37,med_NQ_8,-14.03234936
as,37,mig_NQ_9,0.002835636
as,37,med_NQ_9,-9.849825396
as,37,mig_NQ_10,0.003351753
as,37,med_NQ_10,-6.923959099
as,37,mig_NQ_11,0.004220684
as,37,med_NQ_11,-7.158245376
as,37,mig_NQ_12,0.006690948
as,37,med_NQ_12,-6.843829218
as,37,mig_NQ_13,0.012370458
as,37,med_NQ_13,-5.031196391
as,37,mig_NQ_14,0.02715225
as,37,med_NQ_14,-3.558534221
as,37,mig_NQ_15,0.03317836
as,37,med_NQ_15,-1.214036853
as,37,mig_NQ_16,0.01746382
as,37,med_NQ_16,-0.341835105
as,37,mig_NQ_17,0.006568419
as,37,med_NQ_17,-0.092165763
as,38,beta_Q_2,0.999568200000053
as,38,beta_Q_3,0.999427900002499
as,38,beta_Q_4,0.999125300002665
as,38,beta_Q_5,0.998610600004699
as,38,beta_Q_6,0.99756670000557
as,38,beta_Q_7,0.996071600020035
as,38,beta_Q_8,0.993815100014264
as,38,beta_Q_9,0.990396300068338
as,38,beta_Q_10,0.985298600117092
as,38,beta_Q_11,0.97549610006666
as,38,beta_Q_12,0.958917500358997
as,38,beta_Q_13,0.920870500447117
as,38,beta_Q_14,0.790297703474856
as,38,beta_Q_15,0.558789475281718
as,38,beta_Q_16,0.366920881115519
as,38,beta_Q_17,0.260687442821327
as,38,h_Q_2,2315.886985
as,38,h_Q_3,1747.9461637
as,38,h_Q_4,1143.2491136728
as,38,h_Q_5,719.735137690136
as,38,h_Q_6,410.964533488813
as,38,h_Q_7,254.556562981753
as,38,h_Q_8,161.684101447562
as,38,h_Q_9,104.126534932427
as,38,h_Q_10,68.0207330175611
as,38,h_Q_11,40.8098302475472
as,38,h_Q_12,24.3412646300554
as,38,h_Q_13,12.6375119628085
as,38,h_Q_14,4.76866499096452
as,38,h_Q_15,2.26649074036641
as,38,h_Q_16,1.57958115478708
as,38,h_Q_17,1.35260778505071
as,38,P_Q_1,0.2590967487
as,38,P_Q_2,0.0625289608269759
as,38,P_Q_3,0.0664847282840298
as,38,P_Q_4,0.0712673405395902
as,38,P_Q_5,0.0740544743117527
as,38,P_Q_6,0.0743415140398916
as,38,P_Q_7,0.0730670440040275
as,38,P_Q_8,0.0713847605926565
as,38,P_Q_9,0.0701604270104594
as,38,P_Q_10,0.0724293991869704
as,38,P_Q_11,0.0759404541442475
as,38,P_Q_12,0.0741563986919462
as,38,P_Q_13,0.0664655249553677
as,38,P_Q_14,0.0552148140583742
as,38,P_Q_15,0.036484166830916
as,38,P_Q_16,0.0171709811661188
as,38,P_Q_17,0.005974531333937
as,38,L_Q,1.03775305973765
as,38,beta_NQ_2,0.997464300015995
as,38,beta_NQ_3,0.996675100019245
as,38,beta_NQ_4,0.996043500019936
as,38,beta_NQ_5,0.994728000025726
as,38,beta_NQ_6,0.992136900037798
as,38,beta_NQ_7,0.989050400046141
as,38,beta_NQ_8,0.985008700077773
as,38,beta_NQ_9,0.979658700095401
as,38,beta_NQ_10,0.972651100127127
as,38,beta_NQ_11,0.960022400159869
as,38,beta_NQ_12,0.933681600270537
as,38,beta_NQ_13,0.875026600078505
as,38,beta_NQ_14,0.696164700086067
as,38,beta_NQ_15,0.441618881633693
as,38,beta_NQ_16,0.267671329732066
as,38,beta_NQ_17,0.182527816656613
as,38,h_NQ_2,394.368419
as,38,h_NQ_3,300.760925186
as,38,h_NQ_4,252.74864150284
as,38,h_NQ_5,189.681335382017
as,38,h_NQ_6,127.176304533802
as,38,h_NQ_7,91.3275370340585
as,38,h_NQ_8,66.7053558041155
as,38,h_NQ_9,49.1610663976759
as,38,h_NQ_10,36.5645419074582
as,38,h_NQ_11,25.0140078473186
as,38,h_NQ_12,15.0787714975217
as,38,h_NQ_13,8.00170275282522
as,38,h_NQ_14,3.29125681009796
as,38,h_NQ_15,1.79089123232423
as,38,h_NQ_16,1.3655070467441
as,38,h_NQ_17,1.22328319231071
as,38,P_NQ_1,0.6045590803
as,38,P_NQ_2,0.145900909987545
as,38,P_NQ_3,0.155131032753132
as,38,P_NQ_4,0.166290460217054
as,38,P_NQ_5,0.172793771812557
as,38,P_NQ_6,0.173463531753724
as,38,P_NQ_7,0.170489774451129
as,38,P_NQ_8,0.166564443108653
as,38,P_NQ_9,0.163707661900842
as,38,P_NQ_10,0.169001932871234
as,38,P_NQ_11,0.177194392795506
as,38,P_NQ_12,0.173031599796639
as,38,P_NQ_13,0.15508622291828
as,38,P_NQ_14,0.128834711326304
as,38,P_NQ_15,0.0851297693453152
as,38,P_NQ_16,0.040065629353784
as,38,P_NQ_17,0.0139405718767597
as,38,L_NQ,1.83911227361152
as,38,pi_Q,0.3
as,38,pi_NQ,0.7
as,38,y,12.4999036804963
as,38,nbar,7.33404826879924
as,38,Ptot,4.08740776524572
as,38,Pret,1.3461211006517
as,38,H,785.95316188164
as,38,cCheck,-1.33226762955019e-15
as,38,shareq,0.3
as,38,A,3.098603676
as,38,A_Q,2
as,38,xpop,0.863655829
as,38,h_Q_1,100
as,38,mig_Q_2,-0.198072989
as,38,med_Q_2,2217.886985
as,38,mig_Q_3,0.002329146
as,38,med_Q_3,-333.1750939
as,38,mig_Q_4,0.002302687
as,38,med_Q_4,-429.0274783
as,38,mig_Q_5,0.001046948
as,38,med_Q_5,-310.8674496
as,38,mig_Q_6,0.000227162
as,38,med_Q_6,-238.3430923
as,38,mig_Q_7,-7.48522e-05
as,38,med_Q_7,-116.3464729
as,38,mig_Q_8,8.99166e-05
as,38,med_Q_8,-67.95854632
as,38,mig_Q_9,0.000266495
as,38,med_Q_9,-41.65039698
as,38,mig_Q_10,0.000235023
as,38,med_Q_10,-25.77263475
as,38,mig_Q_11,0.000318187
as,38,med_Q_11,-20.46161473
as,38,mig_Q_12,0.000613246
as,38,med_Q_12,-12.4474556
as,38,mig_Q_13,0.001653402
as,38,med_Q_13,-9.23353371
as,38,mig_Q_14,0.0057819
as,38,med_Q_14,-6.643244463
as,38,mig_Q_15,0.007795794
as,38,med_Q_15,-2.18664785
as,38,mig_Q_16,0.004165919
as,38,med_Q_16,-0.586083777
as,38,mig_Q_17,0.001940788
as,38,med_Q_17,-0.165296486
as,38,h_NQ_1,100
as,38,mig_NQ_2,-0.460768711
as,38,med_NQ_2,296.368419
as,38,mig_NQ_3,0.005885707
as,38,med_NQ_3,-52.41768233
as,38,mig_NQ_4,0.00591539
as,38,med_NQ_4,-16.89696715
as,38,mig_NQ_5,0.00316677
as,38,med_NQ_5,-37.23880265
as,38,mig_NQ_6,0.001559123
as,38,med_NQ_6,-43.19033144
as,38,mig_NQ_7,0.001141424
as,38,med_NQ_7,-22.92886361
as,38,mig_NQ_8,0.001823246
as,38,med_NQ_8,-15.3297854
as,38,mig_NQ_9,0.002557883
as,38,med_NQ_9,-10.75505103
as,38,mig_NQ_10,0.002915605
as,38,med_NQ_10,-7.587756496
as,38,mig_NQ_11,0.003804416
as,38,med_NQ_11,-7.847307346
as,38,mig_NQ_12,0.006370399
as,38,med_NQ_12,-7.434748096
as,38,mig_NQ_13,0.011996863
as,38,med_NQ_13,-5.552349554
as,38,mig_NQ_14,0.027776819
as,38,med_NQ_14,-3.964116794
as,38,mig_NQ_15,0.032479407
as,38,med_NQ_15,-1.303844298
as,38,mig_NQ_16,0.018032835
as,38,med_NQ_16,-0.355647631
as,38,mig_NQ_17,0.007379475
as,38,med_NQ_17,-0.096227773
as,39,beta_Q_2,0.999603899999967
as,39,beta_Q_3,0.999474600002111
as,39,beta_Q_4,0.999195000002855
as,39,beta_Q_5,0.998720500003238
as,39,beta_Q_6,0.997758200007427
as,39,beta_Q_7,0.996382400006829
as,39,beta_Q_8,0.994307500034205
as,39,beta_Q_9,0.991169500019056
as,39,beta_Q_10,0.986482100112318
as,39,beta_Q_11,0.977451700220128
as,39,beta_Q_12,0.962326900128625
as,39,beta_Q_13,0.927091300713865
as,39,beta_Q_14,0.800196801424613
as,39,beta_Q_15,0.569889304973353
as,39,beta_Q_16,0.379410572850551
as,39,beta_Q_17,0.273184741856162
as,39,h_Q_2,2524.614996
as,39,h_Q_3,1903.3117627
as,39,h_Q_4,1242.236025326
as,39,h_Q_5,781.555294699344
as,39,h_Q_6,446.070122436333
as,39,h_Q_7,276.426359719037
as,39,h_Q_8,175.669741392118
as,39,h_Q_9,113.243870528611
as,39,h_Q_10,73.9759877537787
as,39,h_Q_11,44.3492416972099
as,39,h_Q_12,26.5441388925962
as,39,h_Q_13,13.7157843574543
as,39,h_Q_14,5.00492488155233
as,39,h_Q_15,2.32498184314523
as,39,h_Q_16,1.61137104855908
as,39,h_Q_17,1.37586532669134
as,39,P_Q_1,0.2555920764
as,39,P_Q_2,0.0623397977239251
as,39,P_Q_3,0.0648241100086431
as,39,P_Q_4,0.068731258092377
as,39,P_Q_5,0.0722168906969794
as,39,P_Q_6,0.0741017545598225
as,39,P_Q_7,0.0739753860376267
as,39,P_Q_8,0.0727052830446092
as,39,P_Q_9,0.0709660057722311
as,39,P_Q_10,0.0693600715170231
as,39,P_Q_11,0.070930743437061
as,39,P_Q_12,0.0733555624641289
as,39,P_Q_13,0.0698905029748084
as,39,P_Q_14,0.0584558887324778
as,39,P_Q_15,0.0390966439754565
as,39,P_Q_16,0.0174637696403653
as,39,P_Q_17,0.00663140917092868
as,39,L_Q,1.02942264864331
as,39,beta_NQ_2,0.997681800013747
as,39,beta_NQ_3,0.996957400016921
as,39,beta_NQ_4,0.996374000017807
as,39,beta_NQ_5,0.995166600022802
as,39,beta_NQ_6,0.992789300033518
as,39,beta_NQ_7,0.989960900047722
as,39,beta_NQ_8,0.986256200054668
as,39,beta_NQ_9,0.981354200099155
as,39,beta_NQ_10,0.974914800107839
as,39,beta_NQ_11,0.963279400148988
as,39,beta_NQ_12,0.939180200282435
as,39,beta_NQ_13,0.884425600157337
as,39,beta_NQ_14,0.708567599236426
as,39,beta_NQ_15,0.452531586785371
as,39,beta_NQ_16,0.278098627390911
as,39,beta_NQ_17,0.192138416242411
as,39,h_NQ_2,431.3691657
as,39,h_NQ_3,328.66627229
as,39,h_NQ_4,275.78599011228
as,39,h_NQ_5,206.893698042783
as,39,h_NQ_6,138.682790874376
as,39,h_NQ_7,99.6105228731256
as,39,h_NQ_8,72.7600808633773
as,39,h_NQ_9,53.6313808280332
as,39,h_NQ_10,39.8641429967224
as,39,h_NQ_11,27.2326704963091
as,39,h_NQ_12,16.4420139523722
as,39,h_NQ_13,8.65243513657131
as,39,h_NQ_14,3.43132746176872
as,39,h_NQ_15,1.826589110896
as,39,h_NQ_16,1.38523071767775
as,39,h_NQ_17,1.23783578780921
as,39,P_NQ_1,0.5963815116
as,39,P_NQ_2,0.145459527849753
as,39,P_NQ_3,0.151256257054735
as,39,P_NQ_4,0.160372934825137
as,39,P_NQ_5,0.168506076915068
as,39,P_NQ_6,0.172904092111949
as,39,P_NQ_7,0.172609231474437
as,39,P_NQ_8,0.169645664108659
as,39,P_NQ_9,0.165587347817938
as,39,P_NQ_10,0.161840165447094
as,39,P_NQ_11,0.165505071226699
as,39,P_NQ_12,0.171162979224274
as,39,P_NQ_13,0.163077841476197
as,39,P_NQ_14,0.136397072865385
as,39,P_NQ_15,0.0912255561315218
as,39,P_NQ_16,0.0407488005604446
as,39,P_NQ_17,0.0154732878489193
as,39,L_NQ,1.82414833535503
as,39,pi_Q,0.3
as,39,pi_NQ,0.7
as,39,y,13.3656679214541
as,39,nbar,7.35900033564098
as,39,Ptot,4.06879057278667
as,39,Pret,1.35061536669278
as,39,H,836.043352616406
as,39,cCheck,4.44089209850063e-16
as,39,shareq,0.3
as,39,A,3.305350285
as,39,A_Q,2
as,39,xpop,0.851973588
as,39,h_Q_1,100
as,39,mig_Q_2,-0.196645073
as,39,med_Q_2,2426.614996
as,39,mig_Q_3,0.002330922
as,39,med_Q_3,-366.2574826
as,39,mig_Q_4,0.002304684
as,39,med_Q_4,-470.7512151
as,39,mig_Q_5,0.001048569
as,39,med_Q_5,-338.8288367
as,39,mig_Q_6,0.000227477
as,39,med_Q_6,-259.2703125
as,39,mig_Q_7,-7.40848e-05
as,39,med_Q_7,-126.3188831
as,39,mig_Q_8,9.01514e-05
as,39,med_Q_8,-73.79569033
as,39,mig_Q_9,0.000266803
as,39,med_Q_9,-45.20654889
as,39,mig_Q_10,0.000231101
as,39,med_Q_10,-28.06801648
as,39,mig_Q_11,0.000276147
as,39,med_Q_11,-22.31107666
as,39,mig_Q_12,0.000534932
as,39,med_Q_12,-13.44949475
as,39,mig_Q_13,0.001602063
as,39,med_Q_13,-10.13865498
as,39,mig_Q_14,0.005928337
as,39,med_Q_14,-7.379836842
as,39,mig_Q_15,0.008243187
as,39,med_Q_15,-2.348309848
as,39,mig_Q_16,0.004076967
as,39,med_Q_16,-0.609789877
as,39,mig_Q_17,0.00215515
as,39,med_Q_17,-0.172124205
as,39,h_NQ_1,100
as,39,mig_NQ_2,-0.457566572
as,39,med_NQ_2,333.3691657
as,39,mig_NQ_3,0.005840453
as,39,med_NQ_3,-57.81477833
as,39,mig_NQ_4,0.005855678
as,39,med_NQ_4,-18.95971657
as,39,mig_NQ_5,0.0030923
as,39,med_NQ_5,-40.79997063
as,39,mig_NQ_6,0.001469015
as,39,med_NQ_6,-47.2049178
as,39,mig_NQ_7,0.001045056
as,39,med_NQ_7,-25.02225557
as,39,mig_NQ_8,0.001711753
as,39,med_NQ_8,-16.74090543
as,39,mig_NQ_9,0.002411042
as,39,med_NQ_9,-11.73986786
as,39,mig_NQ_10,0.002609728
as,39,med_NQ_10,-8.313702073
as,39,mig_NQ_11,0.00325943
as,39,med_NQ_11,-8.600580573
as,39,mig_NQ_12,0.005719835
as,39,med_NQ_12,-8.071713738
as,39,mig_NQ_13,0.011670589
as,39,med_NQ_13,-6.124760931
as,39,mig_NQ_14,0.028431519
as,39,med_NQ_14,-4.410341236
as,39,mig_NQ_15,0.034329715
as,39,med_NQ_15,-1.398842563
as,39,mig_NQ_16,0.017962002
as,39,med_NQ_16,-0.36984269
as,39,mig_NQ_17,0.008160196
as,39,med_NQ_17,-0.100361118
as,40,beta_Q_2,0.999636500000018
as,40,beta_Q_3,0.999517400001801
as,40,beta_Q_4,0.999258900002399
as,40,beta_Q_5,0.998821100004006
as,40,beta_Q_6,0.997933700004122
as,40,beta_Q_7,0.996667100011858
as,40,beta_Q_8,0.994758700007863
as,40,beta_Q_9,0.991877200059801
as,40,beta_Q_10,0.987565600018708
as,40,beta_Q_11,0.979243900216687
as,40,beta_Q_12,0.965447200497108
as,40,beta_Q_13,0.932826800056707
as,40,beta_Q_14,0.809645203400457
as,40,beta_Q_15,0.580780797150348
as,40,beta_Q_16,0.391829833419432
as,40,beta_Q_17,0.285743130665332
as,40,h_Q_2,2751.031637
as,40,h_Q_3,2072.10940718
as,40,h_Q_4,1349.345567646
as,40,h_Q_5,848.24836761948
as,40,h_Q_6,483.956830705357
as,40,h_Q_7,300.039005287607
as,40,h_Q_8,190.792360384656
as,40,h_Q_9,123.110258044275
as,40,h_Q_10,80.4220547980389
as,40,h_Q_11,48.1786080887031
as,40,h_Q_12,28.9412148932657
as,40,h_Q_13,14.8868893847443
as,40,h_Q_14,5.25334805230518
as,40,h_Q_15,2.38538582592129
as,40,h_Q_16,1.64427635728233
as,40,h_Q_17,1.4000564045879
as,40,P_Q_1,0.2510840766
as,40,P_Q_2,0.0627617153785294
as,40,P_Q_3,0.0646392403943325
as,40,P_Q_4,0.0670783256002712
as,40,P_Q_5,0.0696934894478703
as,40,P_Q_6,0.0722827908719513
as,40,P_Q_7,0.0737602985530329
as,40,P_Q_8,0.0736447480551378
as,40,P_Q_9,0.0723295520440693
as,40,P_Q_10,0.0702353654107734
as,40,P_Q_11,0.0680472688317039
as,40,P_Q_12,0.0687043054556057
as,40,P_Q_13,0.0694630228194664
as,40,P_Q_14,0.0620235119303991
as,40,P_Q_15,0.0419675088013514
as,40,P_Q_16,0.019143419087262
as,40,P_Q_17,0.00711671040103867
as,40,L_Q,1.01935253531955
as,40,beta_NQ_2,0.997880000012339
as,40,beta_NQ_3,0.997214700014544
as,40,beta_NQ_4,0.996675700015601
as,40,beta_NQ_5,0.995567100020468
as,40,beta_NQ_6,0.993385300029785
as,40,beta_NQ_7,0.990792900042963
as,40,beta_NQ_8,0.987396500058781
as,40,beta_NQ_9,0.982904400064859
as,40,beta_NQ_10,0.976986300116934
as,40,beta_NQ_11,0.966265800122897
as,40,beta_NQ_12,0.94422940026924
as,40,beta_NQ_13,0.893164200252032
as,40,beta_NQ_14,0.720547299631331
as,40,beta_NQ_15,0.463347285867549
as,40,beta_NQ_16,0.288572434125484
as,40,beta_NQ_17,0.201887813207291
as,40,h_NQ_2,471.6981132
as,40,h_NQ_3,359.027752816
as,40,h_NQ_4,300.8152092442
as,40,h_NQ_5,225.585959570034
as,40,h_NQ_6,151.178435931928
as,40,h_NQ_7,108.611832196889
as,40,h_NQ_8,79.3430396456631
as,40,h_NQ_9,58.4945833561098
as,40,h_NQ_10,43.4523783994725
as,40,h_NQ_11,29.6435071787879
as,40,h_NQ_12,17.9305942613829
as,40,h_NQ_13,9.36015830232477
as,40,h_NQ_14,3.57842310583989
as,40,h_NQ_15,1.86340217553335
as,40,h_NQ_16,1.40562441067808
as,40,h_NQ_17,1.25295665732419
as,40,P_NQ_1,0.5858628454
as,40,P_NQ_2,0.146444001988007
as,40,P_NQ_3,0.150824894692779
as,40,P_NQ_4,0.156516093869348
as,40,P_NQ_5,0.16261814128561
as,40,P_NQ_6,0.168659843151905
as,40,P_NQ_7,0.172107361649079
as,40,P_NQ_8,0.171837743728334
as,40,P_NQ_9,0.168768959001643
as,40,P_NQ_10,0.163882522098312
as,40,P_NQ_11,0.158776957491889
as,40,P_NQ_12,0.16031004894245
as,40,P_NQ_13,0.162080384625146
as,40,P_NQ_14,0.144721528623448
as,40,P_NQ_15,0.0979241698166527
as,40,P_NQ_16,0.0446679869431487
as,40,P_NQ_17,0.0166056560034617
as,40,L_NQ,1.80618667899776
as,40,pi_Q,0.3
as,40,pi_NQ,0.7
as,40,y,14.2823783319431
as,40,nbar,7.37738183442446
as,40,Ptot,4.04658448899401
as,40,Pret,1.35567036728211
as,40,H,894.682346444007
as,40,cCheck,-4.44089209850063e-16
as,40,shareq,0.3
as,40,A,3.525891547
as,40,A_Q,2
as,40,xpop,0.836946922
as,40,h_Q_1,100
as,40,mig_Q_2,-0.192729121
as,40,med_Q_2,2653.031637
as,40,mig_Q_3,0.002332196
as,40,med_Q_3,-402.0132889
as,40,mig_Q_4,0.002306399
as,40,med_Q_4,-515.8999598
as,40,mig_Q_5,0.001050173
as,40,med_Q_5,-369.1429372
as,40,mig_Q_6,0.000227796
as,40,med_Q_6,-281.9673581
as,40,mig_Q_7,-7.33855e-05
as,40,med_Q_7,-137.1097147
as,40,mig_Q_8,9.04669e-05
as,40,med_Q_8,-80.10547214
as,40,mig_Q_9,0.000266293
as,40,med_Q_9,-49.04608852
as,40,mig_Q_10,0.000228671
as,40,med_Q_10,-30.55693832
as,40,mig_Q_11,0.000251149
as,40,med_Q_11,-24.31785991
as,40,mig_Q_12,0.000445743
as,40,med_Q_12,-14.52104197
as,40,mig_Q_13,0.001455719
as,40,med_Q_13,-11.12636673
as,40,mig_Q_14,0.006097355
as,40,med_Q_14,-8.188120618
as,40,mig_Q_15,0.008654123
as,40,med_Q_15,-2.519440558
as,40,mig_Q_16,0.004309739
as,40,med_Q_16,-0.634205849
as,40,mig_Q_17,0.002345875
as,40,med_Q_17,-0.179087223
as,40,h_NQ_1,100
as,40,mig_NQ_2,-0.448554978
as,40,med_NQ_2,373.6981132
as,40,mig_NQ_3,0.005807942
as,40,med_NQ_3,-63.71402957
as,40,mig_NQ_4,0.005808292
as,40,med_NQ_4,-21.2777376
as,40,mig_NQ_5,0.003020353
as,40,med_NQ_5,-44.68431074
as,40,mig_NQ_6,0.001368813
as,40,med_NQ_6,-51.57738815
as,40,mig_NQ_7,0.000939071
as,40,med_NQ_7,-27.29730286
as,40,mig_NQ_8,0.001600819
as,40,med_NQ_8,-18.27527277
as,40,mig_NQ_9,0.002286474
as,40,med_NQ_9,-12.81029589
as,40,mig_NQ_10,0.002448966
as,40,med_NQ_10,-9.106374812
as,40,mig_NQ_11,0.00287966
as,40,med_NQ_11,-9.423352958
as,40,mig_NQ_12,0.004870963
as,40,med_NQ_12,-8.757422825
as,40,mig_NQ_13,0.010699464
as,40,med_NQ_13,-6.753015371
as,40,mig_NQ_14,0.029169854
as,40,med_NQ_14,-4.900963328
as,40,mig_NQ_15,0.036200186
as,40,med_NQ_15,-1.499298737
as,40,mig_NQ_16,0.019298285
as,40,med_NQ_16,-0.384432918
as,40,mig_NQ_17,0.008776246
as,40,med_NQ_17,-0.104569446
