mod,period,variable,value
base,1,beta_Q_2,0.973436404874763
base,1,beta_Q_3,0.970539000001623
base,1,beta_Q_4,0.965744200006298
base,1,beta_Q_5,0.961176300029427
base,1,beta_Q_6,0.955116300619925
base,1,beta_Q_7,0.940183999984989
base,1,beta_Q_8,0.909499218945487
base,1,beta_Q_9,0.85988771100122
base,1,beta_Q_10,0.781753818094209
base,1,beta_Q_11,0.658329466557867
base,1,beta_Q_12,0.512809028093422
base,1,beta_Q_13,0.344799901709008
base,1,beta_Q_14,0.210284003873888
base,1,beta_Q_15,0.118657324974081
base,1,beta_Q_16,0.0591105026749442
base,1,beta_Q_17,0.031131000636637
base,1,h_Q_2,37.64549986
base,1,h_Q_3,33.94317912
base,1,h_Q_4,29.19213681
base,1,h_Q_5,25.75746258
base,1,h_Q_6,22.27980314
base,1,h_Q_7,16.7179349964
base,1,h_Q_8,11.049626084672
base,1,h_Q_9,7.13713214817855
base,1,h_Q_10,4.58198126301498
base,1,h_Q_11,2.92679557875468
base,1,h_Q_12,2.05258307497959
base,1,h_Q_13,1.52625129347999
base,1,h_Q_14,1.26627752601038
base,1,h_Q_15,1.13462803749019
base,1,h_Q_16,1.06282406454038
base,1,h_Q_17,1.03213127924955
base,1,P_Q_1,0.2522852124
base,1,P_Q_2,0.0592788505108232
base,1,P_Q_3,0.0529788315263615
base,1,P_Q_4,0.0516187991809102
base,1,P_Q_5,0.0480152225133509
base,1,P_Q_6,0.042674493190698
base,1,P_Q_7,0.0407094252183056
base,1,P_Q_8,0.0361254806344777
base,1,P_Q_9,0.0316353121871109
base,1,P_Q_10,0.0252264559898656
base,1,P_Q_11,0.0186772111554823
base,1,P_Q_12,0.0112496894086261
base,1,P_Q_13,0.00531388564243535
base,1,P_Q_14,0.00164097968469545
base,1,P_Q_15,0.000304585058292062
base,1,P_Q_16,3.26525318881665e-05
base,1,P_Q_17,2.01287823792251e-06
base,1,L_Q,0.751657247757596
base,1,beta_NQ_2,0.939491000019456
base,1,beta_NQ_3,0.931619200148016
base,1,beta_NQ_4,0.925826700715022
base,1,beta_NQ_5,0.916842509905461
base,1,beta_NQ_6,0.905218099976406
base,1,beta_NQ_7,0.883457900039542
base,1,beta_NQ_8,0.843435236949881
base,1,beta_NQ_9,0.785066520379141
base,1,beta_NQ_10,0.701200501908016
base,1,beta_NQ_11,0.582111699569906
base,1,beta_NQ_12,0.433853272111351
base,1,beta_NQ_13,0.278824341886696
base,1,beta_NQ_14,0.164751615202972
base,1,beta_NQ_15,0.0914522727890728
base,1,beta_NQ_16,0.0448453010253704
base,1,beta_NQ_17,0.0234374042852502
base,1,h_NQ_2,16.52646714
base,1,h_NQ_3,14.62398802
base,1,h_NQ_4,13.48194027
base,1,h_NQ_5,12.02537354
base,1,h_NQ_6,10.5505376
base,1,h_NQ_7,8.58059018639999
base,1,h_NQ_8,6.387123554672
base,1,h_NQ_9,4.65260184817856
base,1,h_NQ_10,3.34672581301498
base,1,h_NQ_11,2.39298395875468
base,1,h_NQ_12,1.76632258497959
base,1,h_NQ_13,1.38662464347999
base,1,h_NQ_14,1.19724704601039
base,1,h_NQ_15,1.10064773749018
base,1,h_NQ_16,1.04695082454037
base,1,h_NQ_17,1.02399989924956
base,1,P_NQ_1,0.5886654956
base,1,P_NQ_2,0.138317317858587
base,1,P_NQ_3,0.123617274894843
base,1,P_NQ_4,0.120443865422124
base,1,P_NQ_5,0.112035520531152
base,1,P_NQ_6,0.0995738157782948
base,1,P_NQ_7,0.0949886588427129
base,1,P_NQ_8,0.0842927891471142
base,1,P_NQ_9,0.0738157284365917
base,1,P_NQ_10,0.0588617313096862
base,1,P_NQ_11,0.0435801576961252
base,1,P_NQ_12,0.026249274286794
base,1,P_NQ_13,0.0123990668323489
base,1,P_NQ_14,0.00382895393095584
base,1,P_NQ_15,0.000710697469347821
base,1,P_NQ_16,7.6189241072e-05
base,1,P_NQ_17,4.69538255498669e-06
base,1,L_NQ,1.32486257678101
base,1,pi_Q,0.3
base,1,pi_NQ,0.7
base,1,y,0.287537546460131
base,1,nbar,5.37545885915072
base,1,Ptot,2.25923033237187
base,1,Pret,0.208158238498408
base,1,H,102.937051194269
base,1,cCheck,0
base,1,shareq,0.3
base,1,A,0.088593872
base,1,A_Q,2
base,1,xpop,0.840950708
base,1,h_Q_1,100
base,1,mig_Q_2,-0.237659925
base,1,med_Q_2,-60.35450014
base,1,mig_Q_3,-0.24086812
base,1,med_Q_3,-62.09682088
base,1,mig_Q_4,-0.23910608
base,1,med_Q_4,-64.92706319
base,1,mig_Q_5,-0.239557717
base,1,med_Q_5,-66.47935342
base,1,mig_Q_6,-0.241717051
base,1,med_Q_6,-68.11227654
base,1,mig_Q_7,-0.240471711
base,1,med_Q_7,-71.86630309
base,1,mig_Q_8,-0.24181671
base,1,med_Q_8,-75.76292724
base,1,mig_Q_9,-0.243039903
base,1,med_Q_9,-77.93917011
base,1,mig_Q_10,-0.246154295
base,1,med_Q_10,-78.79279495
base,1,mig_Q_11,-0.249382162
base,1,med_Q_11,-78.78048511
base,1,mig_Q_12,-0.253462002
base,1,med_Q_12,-78.020552
base,1,mig_Q_13,-0.256024465
base,1,med_Q_13,-76.94542108
base,1,mig_Q_14,-0.256299052
base,1,med_Q_14,-75.6359614
base,1,mig_Q_15,-0.254212866
base,1,med_Q_15,-74.22956611
base,1,mig_Q_16,-0.25103871
base,1,med_Q_16,-72.7940862
base,1,mig_Q_17,-0.247600544
base,1,med_Q_17,-71.34764078
base,1,h_NQ_1,100
base,1,mig_NQ_2,-0.554539825
base,1,med_NQ_2,-81.47353286
base,1,mig_NQ_3,-0.562025612
base,1,med_NQ_3,-81.41601198
base,1,mig_NQ_4,-0.557914186
base,1,med_NQ_4,-80.63725973
base,1,mig_NQ_5,-0.558968005
base,1,med_NQ_5,-80.21144246
base,1,mig_NQ_6,-0.564006454
base,1,med_NQ_6,-79.84154208
base,1,mig_NQ_7,-0.561100659
base,1,med_NQ_7,-80.0036479
base,1,mig_NQ_8,-0.564238989
base,1,med_NQ_8,-80.42542977
base,1,mig_NQ_9,-0.567093107
base,1,med_NQ_9,-80.42370041
base,1,mig_NQ_10,-0.574360021
base,1,med_NQ_10,-80.0280504
base,1,mig_NQ_11,-0.581891713
base,1,med_NQ_11,-79.31429673
base,1,mig_NQ_12,-0.591411339
base,1,med_NQ_12,-78.30681249
base,1,mig_NQ_13,-0.597390418
base,1,med_NQ_13,-77.08504773
base,1,mig_NQ_14,-0.59803112
base,1,med_NQ_14,-75.70499188
base,1,mig_NQ_15,-0.593163355
base,1,med_NQ_15,-74.26354641
base,1,mig_NQ_16,-0.58575699
base,1,med_NQ_16,-72.80995944
base,1,mig_NQ_17,-0.577734604
base,1,med_NQ_17,-71.35577216
base,2,beta_Q_2,0.974250899998791
base,2,beta_Q_3,0.971050702827941
base,2,beta_Q_4,0.966497808579101
base,2,beta_Q_5,0.96060350176663
base,2,beta_Q_6,0.953428799997687
base,2,beta_Q_7,0.938990908940442
base,2,beta_Q_8,0.907364226102163
base,2,beta_Q_9,0.855505422354817
base,2,beta_Q_10,0.777190539425623
base,2,beta_Q_11,0.653229715740918
base,2,beta_Q_12,0.507151509662807
base,2,beta_Q_13,0.340206902132967
base,2,beta_Q_14,0.202952405585477
base,2,beta_Q_15,0.104123564627982
base,2,beta_Q_16,0.0518962985273525
base,2,beta_Q_17,0.0269183031357435
base,2,h_Q_2,38.83630884
base,2,h_Q_3,34.5431495778
base,2,h_Q_4,29.8487860516
base,2,h_Q_5,25.3829654958
base,2,h_Q_6,21.4724980234
base,2,h_Q_7,16.3909974132
base,2,h_Q_8,10.794962634472
base,2,h_Q_9,6.92066906697856
base,2,h_Q_10,4.48813897521498
base,2,h_Q_11,2.88375330475468
base,2,h_Q_12,2.02902109317958
base,2,h_Q_13,1.51562664248
base,2,h_Q_14,1.25463021261039
base,2,h_Q_15,1.11622528649018
base,2,h_Q_16,1.05473693974038
base,2,h_Q_17,1.02766294224957
base,2,P_Q_1,0.2512048092
base,2,P_Q_2,0.058626292161722
base,2,P_Q_3,0.05666953529602
base,2,P_Q_4,0.0510325992696945
base,2,P_Q_5,0.0491409534086693
base,2,P_Q_6,0.0449400987003943
base,2,P_Q_7,0.0398043877053626
base,2,P_Q_8,0.0367541314397686
base,2,P_Q_9,0.0316798898515999
base,2,P_Q_10,0.0259442070888762
base,2,P_Q_11,0.0185558133149537
base,2,P_Q_12,0.0115651525001385
base,2,P_Q_13,0.00532686380235115
base,2,P_Q_14,0.00163190114901927
base,2,P_Q_15,0.000307461259722774
base,2,P_Q_16,3.2879075902921e-05
base,2,P_Q_17,2.36708599099832e-06
base,2,L_Q,0.757578693365704
base,2,beta_NQ_2,0.940730611341604
base,2,beta_NQ_3,0.932728204979504
base,2,beta_NQ_4,0.926524000597335
base,2,beta_NQ_5,0.915284209720587
base,2,beta_NQ_6,0.901399100016695
base,2,beta_NQ_7,0.880705633764917
base,2,beta_NQ_8,0.839248473866308
base,2,beta_NQ_9,0.778419779240567
base,2,beta_NQ_10,0.695314942098422
base,2,beta_NQ_11,0.576616011674913
base,2,beta_NQ_12,0.428372303652876
base,2,beta_NQ_13,0.275077599402946
base,2,beta_NQ_14,0.159037699960351
base,2,beta_NQ_15,0.0800507185687133
base,2,beta_NQ_16,0.0395277962597335
base,2,beta_NQ_17,0.0203578006828232
base,2,h_NQ_2,16.87211276
base,2,h_NQ_3,14.8650697642
base,2,h_NQ_4,13.6098862216
base,2,h_NQ_5,11.8041734866
base,2,h_NQ_6,10.1418952582
base,2,h_NQ_7,8.382623155
base,2,h_NQ_8,6.22077789167199
base,2,h_NQ_9,4.51303454257856
base,2,h_NQ_10,3.28207713121499
base,2,h_NQ_11,2.36192203575468
base,2,h_NQ_12,1.74939037757959
base,2,h_NQ_13,1.37945799228
base,2,h_NQ_14,1.18911394461039
base,2,h_NQ_15,1.08701642209018
base,2,h_NQ_16,1.04115454374037
base,2,h_NQ_17,1.02078085304957
base,2,P_NQ_1,0.5861445548
base,2,P_NQ_2,0.136794680138193
base,2,P_NQ_3,0.132228917030036
base,2,P_NQ_4,0.119076066767275
base,2,P_NQ_5,0.114662224876335
base,2,P_NQ_6,0.104860232025077
base,2,P_NQ_7,0.0928769051864166
base,2,P_NQ_8,0.085759657978555
base,2,P_NQ_9,0.0739197446687776
base,2,P_NQ_10,0.0605364808284439
base,2,P_NQ_11,0.0432968944523086
base,2,P_NQ_12,0.0269854100155926
base,2,P_NQ_13,0.0124293506280187
base,2,P_NQ_14,0.00380778028763909
base,2,P_NQ_15,0.000717429539390566
base,2,P_NQ_16,7.6717841950872e-05
base,2,P_NQ_17,5.52318804519086e-06
base,2,L_NQ,1.3352765883274
base,2,pi_Q,0.3
base,2,pi_NQ,0.7
base,2,y,0.213870615647505
base,2,nbar,3.59718108644549
base,2,Ptot,2.27739791256224
base,2,Pret,0.211222232058345
base,2,H,102.930168581879
base,2,cCheck,0
base,2,shareq,0.3
base,2,A,0.087292616
base,2,A_Q,2
base,2,xpop,0.837349364
base,2,h_Q_1,100
base,2,mig_Q_2,-0.186957318
base,2,med_Q_2,-59.16369116
base,2,mig_Q_3,-0.000862901
base,2,med_Q_3,-2.349440285
base,2,mig_Q_4,-0.0001314
base,2,med_Q_4,-3.415529486
base,2,mig_Q_5,-0.000473813
base,2,med_Q_5,-3.225328578
base,2,mig_Q_6,-0.000920023
base,2,med_Q_6,-3.769815305
base,2,mig_Q_7,-0.000317488
base,2,med_Q_7,-5.443209664
base,2,mig_Q_8,-0.000271059
base,2,med_Q_8,-5.588613662
base,2,mig_Q_9,0.000616033
base,2,med_Q_9,-3.907964496
base,2,mig_Q_10,0.001213181
base,2,med_Q_10,-2.50625053
base,2,mig_Q_11,0.001948494
base,2,med_Q_11,-1.606588333
base,2,mig_Q_12,0.00198731
base,2,med_Q_12,-0.839238574
base,2,mig_Q_13,0.001447972
base,2,med_Q_13,-0.495904771
base,2,mig_Q_14,0.000514476
base,2,med_Q_14,-0.241096055
base,2,mig_Q_15,0.000112747
base,2,med_Q_15,-0.124726689
base,2,mig_Q_16,1.48749e-05
base,2,med_Q_16,-0.057198537
base,2,mig_Q_17,1.35058e-06
base,2,med_Q_17,-0.013904641
base,2,h_NQ_1,100
base,2,mig_NQ_2,-0.416251255
base,2,med_NQ_2,-81.12788724
base,2,mig_NQ_3,0.003369848
base,2,med_NQ_3,-1.330868033
base,2,mig_NQ_4,0.004627893
base,2,med_NQ_4,-0.721622038
base,2,mig_NQ_5,0.004234169
base,2,med_NQ_5,-1.408127978
base,2,mig_NQ_6,0.003443651
base,2,med_NQ_6,-1.642970811
base,2,mig_NQ_7,0.004907631
base,2,med_NQ_7,-1.956903693
base,2,mig_NQ_8,0.005642876
base,2,med_NQ_8,-2.188200491
base,2,mig_NQ_9,0.007744298
base,2,med_NQ_9,-1.746346541
base,2,mig_NQ_10,0.008776855
base,2,med_NQ_10,-1.27747268
base,2,mig_NQ_11,0.009032792
base,2,med_NQ_11,-0.917869261
base,2,mig_NQ_12,0.008078016
base,2,med_NQ_12,-0.595733902
base,2,mig_NQ_13,0.005110414
base,2,med_NQ_13,-0.351538141
base,2,mig_NQ_14,0.001765014
base,2,med_NQ_14,-0.169778206
base,2,mig_NQ_15,0.000367263
base,2,med_NQ_15,-0.086285683
base,2,mig_NQ_16,4.48464e-05
base,2,med_NQ_16,-0.037480239
base,2,mig_NQ_17,3.73751e-06
base,2,med_NQ_17,-0.005230955
base,3,beta_Q_2,0.960919101309252
base,3,beta_Q_3,0.963560499994147
base,3,beta_Q_4,0.964076600018983
base,3,beta_Q_5,0.962424900003693
base,3,beta_Q_6,0.956305900022175
base,3,beta_Q_7,0.942098600001715
base,3,beta_Q_8,0.912940600055841
base,3,beta_Q_9,0.865348500041953
base,3,beta_Q_10,0.785928400220511
base,3,beta_Q_11,0.667295763074705
base,3,beta_Q_12,0.521659103888569
base,3,beta_Q_13,0.359734955973682
base,3,beta_Q_14,0.216027861519063
base,3,beta_Q_15,0.117518946854786
base,3,beta_Q_16,0.057058104084404
base,3,beta_Q_17,0.0293664387910884
base,3,h_Q_2,25.58794705
base,3,h_Q_3,27.4427475632
base,3,h_Q_4,27.837008749244
base,3,h_Q_5,26.613368961568
base,3,h_Q_6,22.886385121884
base,3,h_Q_7,17.270739566932
base,3,h_Q_8,11.486410431936
base,3,h_Q_9,7.42657897978255
base,3,h_Q_10,4.67133426863899
base,3,h_Q_11,3.00566297371068
base,3,h_Q_12,2.09055751265959
base,3,h_Q_13,1.56185183631599
base,3,h_Q_14,1.2755554356304
base,3,h_Q_15,1.13316874435818
base,3,h_Q_16,1.06051073076037
base,3,h_Q_17,1.03024839694558
base,3,P_Q_1,0.251144745
base,3,P_Q_2,0.0586093814471245
base,3,P_Q_3,0.0568679813078364
base,3,P_Q_4,0.0546954727767994
base,3,P_Q_5,0.0489759793627217
base,3,P_Q_6,0.0465539002391698
base,3,P_Q_7,0.0419258031265564
base,3,P_Q_8,0.0362022537457468
base,3,P_Q_9,0.0321353347406637
base,3,P_Q_10,0.0260723886827093
base,3,P_Q_11,0.0191639110217901
base,3,P_Q_12,0.0114416167357
base,3,P_Q_13,0.00554994570476745
base,3,P_Q_14,0.00169309582291336
base,3,P_Q_15,0.000315013364756386
base,3,P_Q_16,3.32503013201689e-05
base,3,P_Q_17,1.62521993197794e-06
base,3,L_Q,0.767009622924636
base,3,beta_NQ_2,0.907806406419834
base,3,beta_NQ_3,0.911270900013759
base,3,beta_NQ_4,0.918945800489104
base,3,beta_NQ_5,0.917890800003294
base,3,beta_NQ_6,0.906938600037125
base,3,beta_NQ_7,0.886138300025991
base,3,beta_NQ_8,0.847883199957314
base,3,beta_NQ_9,0.791712099862338
base,3,beta_NQ_10,0.705827079298838
base,3,beta_NQ_11,0.591640347499391
base,3,beta_NQ_12,0.442583034971192
base,3,beta_NQ_13,0.292314147433582
base,3,beta_NQ_14,0.170047424360433
base,3,beta_NQ_15,0.090590314338219
base,3,beta_NQ_16,0.0434898973154973
base,3,beta_NQ_17,0.0222164146022872
base,3,h_NQ_2,10.8467399
base,3,h_NQ_3,11.2702597008
base,3,h_NQ_4,12.337423602916
base,3,h_NQ_5,12.178903217168
base,3,h_NQ_6,10.745593771868
base,3,h_NQ_7,8.78258448803599
base,3,h_NQ_8,6.5738958459
base,3,h_NQ_9,4.80104700783855
base,3,h_NQ_10,3.39935561472699
base,3,h_NQ_11,2.44881726659069
base,3,h_NQ_12,1.79398841503959
base,3,h_NQ_13,1.413055870028
base,3,h_NQ_14,1.2048880844344
base,3,h_NQ_15,1.09961439571818
base,3,h_NQ_16,1.04546726364838
base,3,h_NQ_17,1.02271751686557
base,3,P_NQ_1,0.586004405
base,3,P_NQ_2,0.136755229371556
base,3,P_NQ_3,0.132691954456042
base,3,P_NQ_4,0.127622769201322
base,3,P_NQ_5,0.114277286667721
base,3,P_NQ_6,0.108625768309441
base,3,P_NQ_7,0.0978268761023816
base,3,P_NQ_8,0.0844719299351259
base,3,P_NQ_9,0.0749824650314133
base,3,P_NQ_10,0.0608355749843013
base,3,P_NQ_11,0.0447157911361322
base,3,P_NQ_12,0.0266971054175509
base,3,P_NQ_13,0.0129498898059934
base,3,P_NQ_14,0.00395055733588084
base,3,P_NQ_15,0.000735031548177291
base,3,P_NQ_16,7.75845086637447e-05
base,3,P_NQ_17,3.79216653525219e-06
base,3,L_NQ,1.35180727147764
base,3,pi_Q,0.3
base,3,pi_NQ,0.7
base,3,y,0.241449940272162
base,3,nbar,3.64179304406678
base,3,Ptot,2.30460570957874
base,3,Pret,0.214236173757124
base,3,H,100.932080792939
base,3,cCheck,4.44089209850063e-16
base,3,shareq,0.3
base,3,A,0.097702667
base,3,A_Q,2
base,3,xpop,0.83714915
base,3,h_Q_1,100
base,3,mig_Q_2,-0.18612713
base,3,med_Q_2,-72.41205295
base,3,mig_Q_3,-6.11209e-05
base,3,med_Q_3,-10.6168351
base,3,mig_Q_4,-7.55089e-05
base,3,med_Q_4,-6.015277837
base,3,mig_Q_5,-4.61142e-05
base,3,med_Q_5,-2.638441369
base,3,mig_Q_6,-0.0002985
base,3,med_Q_6,-1.988921064
base,3,mig_Q_7,-0.000272541
base,3,med_Q_7,-3.772308496
base,3,mig_Q_8,8.51763e-05
base,3,med_Q_8,-4.576767033
base,3,mig_Q_9,0.000691976
base,3,med_Q_9,-3.152484402
base,3,mig_Q_10,0.001451078
base,3,med_Q_10,-2.110921417
base,3,mig_Q_11,0.002216384
base,3,med_Q_11,-1.392713222
base,3,mig_Q_12,0.002031008
base,3,med_Q_12,-0.735520726
base,3,mig_Q_13,0.001615401
base,3,med_Q_13,-0.426588835
base,3,mig_Q_14,0.000611996
base,3,med_Q_14,-0.209758674
base,3,mig_Q_15,0.000145094
base,3,med_Q_15,-0.096368864
base,3,mig_Q_16,1.72942e-05
base,3,med_Q_16,-0.03339005
base,3,mig_Q_17,7.40171e-07
base,3,med_Q_17,-0.003393804
base,3,h_NQ_1,100
base,3,mig_NQ_2,-0.414648896
base,3,med_NQ_2,-87.1532601
base,3,mig_NQ_3,0.005099698
base,3,med_NQ_3,-5.264410804
base,3,mig_NQ_4,0.005109504
base,3,med_NQ_4,-2.230344766
base,3,mig_NQ_5,0.005288843
base,3,med_NQ_5,-1.15878528
base,3,mig_NQ_6,0.005269342
base,3,med_NQ_6,-0.822496245
base,3,mig_NQ_7,0.005475879
base,3,med_NQ_7,-1.156472865
base,3,mig_NQ_8,0.006525129
base,3,med_NQ_8,-1.641074846
base,3,mig_NQ_9,0.008225451
base,3,med_NQ_9,-1.295315326
base,3,mig_NQ_10,0.009438072
base,3,med_NQ_10,-1.023418237
base,3,mig_NQ_11,0.009809487
base,3,med_NQ_11,-0.767618322
base,3,mig_NQ_12,0.008149915
base,3,med_NQ_12,-0.52069518
base,3,mig_NQ_13,0.005526808
base,3,med_NQ_13,-0.3013467
base,3,mig_NQ_14,0.001973822
base,3,med_NQ_14,-0.146980748
base,3,mig_NQ_15,0.000430216
base,3,med_NQ_15,-0.06571727
base,3,mig_NQ_16,4.92261e-05
base,3,med_NQ_16,-0.01980883
base,3,mig_NQ_17,2.23036e-06
base,3,med_NQ_17,0.002386064
base,4,beta_Q_2,0.915780800174138
base,4,beta_Q_3,0.926950699992236
base,4,beta_Q_4,0.946298101104891
base,4,beta_Q_5,0.954726500006618
base,4,beta_Q_6,0.952895600038412
base,4,beta_Q_7,0.940326500011025
base,4,beta_Q_8,0.911711903309846
base,4,beta_Q_9,0.863582103908553
base,4,beta_Q_10,0.782460213878918
base,4,beta_Q_11,0.661729525310679
base,4,beta_Q_12,0.513075047975742
base,4,beta_Q_13,0.34311506784986
base,4,beta_Q_14,0.199175459830733
base,4,beta_Q_15,0.105912526264473
base,4,beta_Q_16,0.0500897023507679
base,4,beta_Q_17,0.0257230038342171
base,4,h_Q_2,11.873777
base,4,h_Q_3,13.689385109
base,4,h_Q_4,18.621315069936
base,4,h_Q_5,22.0879764132591
base,4,h_Q_6,21.2294392893366
base,4,h_Q_7,16.7578573434463
base,4,h_Q_8,11.3265547675934
base,4,h_Q_9,7.33041632029728
base,4,h_Q_10,4.5968599731869
base,4,h_Q_11,2.95621404026621
base,4,h_Q_12,2.05370437323647
base,4,h_Q_13,1.5223360154064
base,4,h_Q_14,1.24871273758967
base,4,h_Q_15,1.11845876491779
base,4,h_Q_16,1.05273097847102
base,4,h_Q_17,1.02640214614517
base,4,P_Q_1,0.2400099309
base,4,P_Q_2,0.0554021626639412
base,4,P_Q_3,0.055098505891539
base,4,P_Q_4,0.054131809069202
base,4,P_Q_5,0.0517083339178659
base,4,P_Q_6,0.047760847023935
base,4,P_Q_7,0.0440058162399414
base,4,P_Q_8,0.0383320361641815
base,4,P_Q_9,0.0332963169770202
base,4,P_Q_10,0.0266317512232805
base,4,P_Q_11,0.0197418465012088
base,4,P_Q_12,0.0120694326506273
base,4,P_Q_13,0.00566622449268478
base,4,P_Q_14,0.00175881790214782
base,4,P_Q_15,0.000324755838033016
base,4,P_Q_16,3.36133653542482e-05
base,4,P_Q_17,1.70191293850399e-06
base,4,L_Q,0.759593555588024
base,4,beta_NQ_2,0.799613500674926
base,4,beta_NQ_3,0.821086499924607
base,4,beta_NQ_4,0.875935005405642
base,4,beta_NQ_5,0.900361491462903
base,4,beta_NQ_6,0.900028300059175
base,4,beta_NQ_7,0.883267142757604
base,4,beta_NQ_8,0.846057803078419
base,4,beta_NQ_9,0.789139704543031
base,4,beta_NQ_10,0.701501812798948
base,4,beta_NQ_11,0.585631017831217
base,4,beta_NQ_12,0.434138626882012
base,4,beta_NQ_13,0.277026944002796
base,4,beta_NQ_14,0.155300276397469
base,4,beta_NQ_15,0.0806001114636423
base,4,beta_NQ_16,0.0376488988536307
base,4,beta_NQ_17,0.0191859183317102
base,4,h_NQ_2,4.99035614
base,4,h_NQ_3,5.589293146
base,4,h_NQ_4,8.06029097678399
base,4,h_NQ_5,10.0362710858577
base,4,h_NQ_6,10.0028308018246
base,4,h_NQ_7,8.56656521243064
base,4,h_NQ_8,6.49594458327527
base,4,h_NQ_9,4.742476413982
base,4,h_NQ_10,3.35010394968178
base,4,h_NQ_11,2.41330794243245
base,4,h_NQ_12,1.76721719825888
base,4,h_NQ_13,1.3831771347388
base,4,h_NQ_14,1.18385253262744
base,4,h_NQ_15,1.08766598574571
base,4,h_NQ_16,1.03912178980382
base,4,h_NQ_17,1.01955142437541
base,4,P_NQ_1,0.5600231721
base,4,P_NQ_2,0.129271716049243
base,4,P_NQ_3,0.128563183951006
base,4,P_NQ_4,0.126307551306071
base,4,P_NQ_5,0.120652779720837
base,4,P_NQ_6,0.111441979386464
base,4,P_NQ_7,0.102680238668745
base,4,P_NQ_8,0.089441420751515
base,4,P_NQ_9,0.0776914080283628
base,4,P_NQ_10,0.0621408002917497
base,4,P_NQ_11,0.0460642887240372
base,4,P_NQ_12,0.0281619995521673
base,4,P_NQ_13,0.0132211826090758
base,4,P_NQ_14,0.00410391040726062
base,4,P_NQ_15,0.000757765230868603
base,4,P_NQ_16,7.84310465538814e-05
base,4,P_NQ_17,3.9709196111885e-06
base,4,L_NQ,1.33845315648114
base,4,pi_Q,0.3
base,4,pi_NQ,0.7
base,4,y,0.246570582254606
base,4,nbar,3.59210030144272
base,4,Ptot,2.28657970147747
base,4,Pret,0.220760492667599
base,4,H,92.5316480411073
base,4,cCheck,0
base,4,shareq,0.3
base,4,A,0.100738932
base,4,A_Q,2
base,4,xpop,0.800033103
base,4,h_Q_1,100
base,4,mig_Q_2,-0.18592762
base,4,med_Q_2,-86.126223
base,4,mig_Q_3,-0.001375179
base,4,med_Q_3,-11.386803
base,4,mig_Q_4,-0.000693281
base,4,med_Q_4,-8.272577542
base,4,mig_Q_5,-0.000931951
base,4,med_Q_5,-5.192292161
base,4,mig_Q_6,0.000924829
base,4,med_Q_6,-4.851662293
base,4,mig_Q_7,0.000147452
base,4,med_Q_7,-5.670800076
base,4,mig_Q_8,5.62683e-05
base,4,med_Q_8,-5.598770008
base,4,mig_Q_9,0.001968751
base,4,med_Q_9,-3.926265903
base,4,mig_Q_10,0.001375679
base,4,med_Q_10,-2.681187427
base,4,mig_Q_11,0.002343852
base,4,med_Q_11,-1.621693543
base,4,mig_Q_12,0.002072404
base,4,med_Q_12,-0.891845341
base,4,mig_Q_13,0.001550275
base,4,med_Q_13,-0.526410347
base,4,mig_Q_14,0.000559875
base,4,med_Q_14,-0.281902062
base,4,mig_Q_15,0.000125785
base,4,med_Q_15,-0.131585562
base,4,mig_Q_16,1.56393e-05
base,4,med_Q_16,-0.057774391
base,4,mig_Q_17,7.2547e-07
base,4,med_Q_17,-0.01289837
base,4,h_NQ_1,100
base,4,mig_NQ_2,-0.402706837
base,4,med_NQ_2,-93.00964386
base,4,mig_NQ_3,0.003942123
base,4,med_NQ_3,-5.040511956
base,4,mig_NQ_4,0.004370837
base,4,med_NQ_4,-2.98456353
base,4,mig_NQ_5,0.003509014
base,4,med_NQ_5,-2.054404045
base,4,mig_NQ_6,0.007799497
base,4,med_NQ_6,-1.932494351
base,4,mig_NQ_7,0.006422785
base,4,med_NQ_7,-1.964116684
base,4,mig_NQ_8,0.006495656
base,4,med_NQ_8,-2.110988215
base,4,mig_NQ_9,0.010813959
base,4,med_NQ_9,-1.699941515
base,4,mig_NQ_10,0.009216146
base,4,med_NQ_10,-1.354922118
base,4,mig_NQ_11,0.010071508
base,4,med_NQ_11,-0.91806056
base,4,mig_NQ_12,0.008371549
base,4,med_NQ_12,-0.632623723
base,4,mig_NQ_13,0.005417241
base,4,med_NQ_13,-0.374931512
base,4,mig_NQ_14,0.001901815
base,4,med_NQ_14,-0.20094222
base,4,mig_NQ_15,0.000399883
base,4,med_NQ_15,-0.093124337
base,4,mig_NQ_16,4.64646e-05
base,4,med_NQ_16,-0.038500318
base,4,mig_NQ_17,2.24727e-06
base,4,med_NQ_17,-0.005006494
base,5,beta_Q_2,0.97831590005436
base,5,beta_Q_3,0.976824400001711
base,5,beta_Q_4,0.972756101044606
base,5,beta_Q_5,0.968474199995295
base,5,beta_Q_6,0.961299800006389
base,5,beta_Q_7,0.947256704690488
base,5,beta_Q_8,0.918899700325678
base,5,beta_Q_9,0.87503910061217
base,5,beta_Q_10,0.80298450290316
base,5,beta_Q_11,0.688932000729511
base,5,beta_Q_12,0.545905601157889
base,5,beta_Q_13,0.382226001756237
base,5,beta_Q_14,0.233474069512069
base,5,beta_Q_15,0.122301810119353
base,5,beta_Q_16,0.0608830171079231
base,5,beta_Q_17,0.0308175007459649
base,5,h_Q_2,46.11673992
base,5,h_Q_3,43.14882894
base,5,h_Q_4,36.70546433682
base,5,h_Q_5,31.7200515085373
base,5,h_Q_6,25.8396597469939
base,5,h_Q_7,18.9597541315499
base,5,h_Q_8,12.3304106175774
base,5,h_Q_9,8.00250318224148
base,5,h_Q_10,5.07574277589133
base,5,h_Q_11,3.21473118072316
base,5,h_Q_12,2.20218527646088
base,5,h_Q_13,1.61871493877174
base,5,h_Q_14,1.30458208009827
base,5,h_Q_15,1.13934367183788
base,5,h_Q_16,1.06483004861944
base,5,h_Q_17,1.0317974169016
base,5,P_Q_1,0.2322511179
base,5,P_Q_2,0.0547375935693415
base,5,P_Q_3,0.052932439462424
base,5,P_Q_4,0.05294098949888
base,5,P_Q_5,0.0523430946116657
base,5,P_Q_6,0.0508873098756514
base,5,P_Q_7,0.0446876891195788
base,5,P_Q_8,0.0408866024808203
base,5,P_Q_9,0.0351519314377626
base,5,P_Q_10,0.0273420413032195
base,5,P_Q_11,0.0205344860951735
base,5,P_Q_12,0.0126792128407374
base,5,P_Q_13,0.0059869172028293
base,5,P_Q_14,0.00185312986883465
base,5,P_Q_15,0.000347917847255657
base,5,P_Q_16,3.53494232637479e-05
base,5,P_Q_17,1.53344172588827e-06
base,5,L_Q,0.757141874818396
base,5,beta_NQ_2,0.949461622802603
base,5,beta_NQ_3,0.945148500061631
base,5,beta_NQ_4,0.939751299968669
base,5,beta_NQ_5,0.931510500004377
base,5,beta_NQ_6,0.91745130001448
base,5,beta_NQ_7,0.895631604059103
base,5,beta_NQ_8,0.857395600286007
base,5,beta_NQ_9,0.804925800395733
base,5,beta_NQ_10,0.726425001123515
base,5,beta_NQ_11,0.61504049989533
base,5,beta_NQ_12,0.466364099355962
base,5,beta_NQ_13,0.31223812072514
base,5,beta_NQ_14,0.183897629855855
base,5,beta_NQ_15,0.0940209412956333
base,5,beta_NQ_16,0.0461569048697826
base,5,beta_NQ_17,0.0231602981609627
base,5,h_NQ_2,19.78693429
base,5,h_NQ_3,18.2310419972
base,5,h_NQ_4,16.59786849308
base,5,h_NQ_5,14.6007782222483
base,5,h_NQ_6,12.1140611561405
base,5,h_NQ_7,9.58144419278814
base,5,h_NQ_8,7.01240635218202
base,5,h_NQ_9,5.12625452360976
base,5,h_NQ_10,3.65530475870236
base,5,h_NQ_11,2.59767585568814
base,5,h_NQ_12,1.8739368895838
base,5,h_NQ_13,1.4539816232937
base,5,h_NQ_14,1.22533462604402
base,5,h_NQ_15,1.10377821897489
base,5,h_NQ_16,1.0483904520308
base,5,h_NQ_17,1.02370941500774
base,5,P_NQ_1,0.5419192751
base,5,P_NQ_2,0.127721053101957
base,5,P_NQ_3,0.123509026870121
base,5,P_NQ_4,0.123528981229091
base,5,P_NQ_5,0.122133897276961
base,5,P_NQ_6,0.118737056229559
base,5,P_NQ_7,0.104271281715934
base,5,P_NQ_8,0.0954020711476459
base,5,P_NQ_9,0.0820211753457595
base,5,P_NQ_10,0.0637980985707992
base,5,P_NQ_11,0.0479138291237038
base,5,P_NQ_12,0.0295848150549501
base,5,P_NQ_13,0.013969466672945
base,5,P_NQ_14,0.00432396731349088
base,5,P_NQ_15,0.000811810636262007
base,5,P_NQ_16,8.24819265317701e-05
base,5,P_NQ_17,3.57876165385333e-06
base,5,L_NQ,1.33392722092573
base,5,pi_Q,0.3
base,5,pi_NQ,0.7
base,5,y,0.196984270290641
base,5,nbar,3.51855389272182
base,5,Ptot,2.28533122205653
base,5,Pret,0.229268636083376
base,5,H,100.915902125387
base,5,cCheck,-4.44089209850063e-16
base,5,shareq,0.3
base,5,A,0.081653838
base,5,A_Q,2
base,5,xpop,0.774170393
base,5,h_Q_1,100
base,5,mig_Q_2,-0.165058893
base,5,med_Q_2,-51.88326008
base,5,mig_Q_3,0.001577366
base,5,med_Q_3,31.51252748
base,5,mig_Q_4,0.000801378
base,5,med_Q_4,23.28986693
base,5,mig_Q_5,0.000662022
base,5,med_Q_5,13.47116274
base,5,mig_Q_6,0.001614666
base,5,med_Q_6,4.193442862
base,5,mig_Q_7,-0.000223101
base,5,med_Q_7,-1.845096372
base,5,mig_Q_8,0.000765976
base,5,med_Q_8,-4.092289579
base,5,mig_Q_9,0.002049071
base,5,med_Q_9,-3.09752049
base,5,mig_Q_10,0.001288998
base,5,med_Q_10,-2.108065218
base,5,mig_Q_11,0.00291147
base,5,med_Q_11,-1.290191593
base,5,mig_Q_12,0.002550164
base,5,med_Q_12,-0.694904483
base,5,mig_Q_13,0.001845713
base,5,med_Q_13,-0.393915347
base,5,mig_Q_14,0.000724557
base,5,med_Q_14,-0.187307215
base,5,mig_Q_15,0.000161637
base,5,med_Q_15,-0.084394811
base,5,mig_Q_16,1.90825e-05
base,5,med_Q_16,-0.031259541
base,5,mig_Q_17,6.68805e-07
base,5,med_Q_17,0.000121058
base,5,h_NQ_1,100
base,5,mig_NQ_2,-0.320081036
base,5,med_NQ_2,-78.21306571
base,5,mig_NQ_3,0.017365766
base,5,med_NQ_3,13.34049298
base,5,mig_NQ_4,0.010915988
base,5,med_NQ_4,11.12036121
base,5,mig_NQ_5,0.008411442
base,5,med_NQ_5,6.701693065
base,5,mig_NQ_6,0.01014614
base,5,med_NQ_6,2.278515492
base,5,mig_NQ_7,0.005838243
base,5,med_NQ_7,-0.221329993
base,5,mig_NQ_8,0.008528654
base,5,med_NQ_8,-1.382827556
base,5,mig_NQ_9,0.011439399
base,5,med_NQ_9,-1.239771168
base,5,mig_NQ_10,0.009297435
base,5,med_NQ_10,-0.992322127
base,5,mig_NQ_11,0.011522249
base,5,med_NQ_11,-0.685426015
base,5,mig_NQ_12,0.009586528
base,5,med_NQ_12,-0.491104894
base,5,mig_NQ_13,0.006167834
base,5,med_NQ_13,-0.277891231
base,5,mig_NQ_14,0.002270714
base,5,med_NQ_14,-0.130178966
base,5,mig_NQ_15,0.000481035
base,5,med_NQ_15,-0.056397263
base,5,mig_NQ_16,5.39529e-05
base,5,med_NQ_16,-0.017522214
base,5,mig_NQ_17,2.07399e-06
base,5,med_NQ_17,0.005370061
base,6,beta_Q_2,0.980093000081986
base,6,beta_Q_3,0.978183700006992
base,6,beta_Q_4,0.973443299999527
base,6,beta_Q_5,0.968100100598134
base,6,beta_Q_6,0.960728801748327
base,6,beta_Q_7,0.947101200015067
base,6,beta_Q_8,0.918668900015711
base,6,beta_Q_9,0.873653601874638
base,6,beta_Q_10,0.800306106442391
base,6,beta_Q_11,0.685122807218345
base,6,beta_Q_12,0.533326745557311
base,6,beta_Q_13,0.364243208418866
base,6,beta_Q_14,0.210392979249286
base,6,beta_Q_15,0.10710457224437
base,6,beta_Q_16,0.0513792132987517
base,6,beta_Q_17,0.0258055017436974
base,6,h_Q_2,50.23358618
base,6,h_Q_3,45.8372868036
base,6,h_Q_4,37.6552809642
base,6,h_Q_5,31.3480606470836
base,6,h_Q_6,25.4639532233665
base,6,h_Q_7,18.9040205110541
base,6,h_Q_8,12.2954195889189
base,6,h_Q_9,7.91474866222584
base,6,h_Q_10,5.00766422959665
base,6,h_Q_11,3.1758412533735
base,6,h_Q_12,2.1428257621087
base,6,h_Q_13,1.57292752993167
base,6,h_Q_14,1.2664518469963
base,6,h_Q_15,1.1199518834963
base,6,h_Q_16,1.05416200440112
base,6,h_Q_17,1.02648906464705
base,6,P_Q_1,0.2354582187
base,6,P_Q_2,0.0635929234469698
base,6,P_Q_3,0.0556168589959095
base,6,P_Q_4,0.0529758844302472
base,6,P_Q_5,0.0517508194518871
base,6,P_Q_6,0.0502920915819097
base,6,P_Q_7,0.0478914644633733
base,6,P_Q_8,0.041124593240228
base,6,P_Q_9,0.0364065528619043
base,6,P_Q_10,0.0293843861916378
base,6,P_Q_11,0.0208241592190559
base,6,P_Q_12,0.013313518976254
base,6,P_Q_13,0.00629877882953141
base,6,P_Q_14,0.00203395992317637
base,6,P_Q_15,0.000382637137344718
base,6,P_Q_16,4.0045288246618e-05
base,6,P_Q_17,1.73611087779998e-06
base,6,L_Q,0.779072354532136
base,6,beta_NQ_2,0.953018000050538
base,6,beta_NQ_3,0.947439199997024
base,6,beta_NQ_4,0.940336200557962
base,6,beta_NQ_5,0.929724029308708
base,6,beta_NQ_6,0.91563551810666
base,6,beta_NQ_7,0.895088600099634
base,6,beta_NQ_8,0.856512600216809
base,6,beta_NQ_9,0.802585803990379
base,6,beta_NQ_10,0.722879507523622
base,6,beta_NQ_11,0.610812705042895
base,6,beta_NQ_12,0.454135636348191
base,6,beta_NQ_13,0.296270685092385
base,6,beta_NQ_14,0.16523660568129
base,6,beta_NQ_15,0.0820849260258682
base,6,beta_NQ_16,0.0388798004271116
base,6,beta_NQ_17,0.0193578988289396
base,6,h_NQ_2,21.28474735
base,6,h_NQ_3,19.0255856062
base,6,h_NQ_4,16.760581795256
base,6,h_NQ_5,14.2296089622184
base,6,h_NQ_6,11.8533269328033
base,6,h_NQ_7,9.53185259401771
base,6,h_NQ_8,6.96925304993238
base,6,h_NQ_9,5.06549174513838
base,6,h_NQ_10,3.60853852513757
base,6,h_NQ_11,2.56945691452831
base,6,h_NQ_12,1.83195646157438
base,6,h_NQ_13,1.42100053779213
base,6,h_NQ_14,1.19794394082783
base,6,h_NQ_15,1.08942537252314
base,6,h_NQ_16,1.04045258559539
base,6,h_NQ_17,1.01974002399018
base,6,P_NQ_1,0.5494025103
base,6,P_NQ_2,0.148383499364456
base,6,P_NQ_3,0.129772670765607
base,6,P_NQ_4,0.123610397559061
base,6,P_NQ_5,0.120751917069742
base,6,P_NQ_6,0.117348222832583
base,6,P_NQ_7,0.111746750132136
base,6,P_NQ_8,0.0959573911794244
base,6,P_NQ_9,0.0849486214779296
base,6,P_NQ_10,0.0685635673926954
base,6,P_NQ_11,0.0485897034373559
base,6,P_NQ_12,0.0310648887659716
base,6,P_NQ_13,0.0146972830547585
base,6,P_NQ_14,0.00474587881150494
base,6,P_NQ_15,0.000892819476945964
base,6,P_NQ_16,9.34391663102231e-05
base,6,P_NQ_17,4.05092601136641e-06
base,6,L_NQ,1.37284435181037
base,6,pi_Q,0.3
base,6,pi_NQ,0.7
base,6,y,0.315006296915778
base,6,nbar,3.68418570100411
base,6,Ptot,2.35796224056105
base,6,Pret,0.240930852707678
base,6,H,103.799297970111
base,6,cCheck,0
base,6,shareq,0.3
base,6,A,0.126438745
base,6,A_Q,2
base,6,xpop,0.784860729
base,6,h_Q_1,100
base,6,mig_Q_2,-0.163622038
base,6,med_Q_2,-47.76641382
base,6,mig_Q_3,0.002147842
base,6,med_Q_3,0.642881682
base,6,mig_Q_4,0.001485531
base,6,med_Q_4,-4.630571397
base,6,mig_Q_5,0.000478837
base,6,med_Q_5,-4.623294403
base,6,mig_Q_6,-2.53148e-05
base,6,med_Q_6,-5.621697255
base,6,mig_Q_7,-0.000311881
base,6,med_Q_7,-6.418846041
base,6,mig_Q_8,6.10891e-05
base,6,med_Q_8,-6.28513946
base,6,mig_Q_9,0.000629177
base,6,med_Q_9,-4.169053743
base,6,mig_Q_10,0.00115793
base,6,med_Q_10,-2.834788889
base,6,mig_Q_11,0.001987352
base,6,med_Q_11,-1.798386667
base,6,mig_Q_12,0.002103628
base,6,med_Q_12,-1.007610795
base,6,mig_Q_13,0.001452454
base,6,med_Q_13,-0.585214041
base,6,mig_Q_14,0.00063617
base,6,med_Q_14,-0.319888793
base,6,mig_Q_15,0.000155996
base,6,med_Q_15,-0.158538555
base,6,mig_Q_16,1.8863e-05
base,6,med_Q_16,-0.062394794
base,6,mig_Q_17,6.4673e-07
base,6,med_Q_17,-0.017044383
base,6,h_NQ_1,100
base,6,mig_NQ_2,-0.366148055
base,6,med_NQ_2,-76.71525265
base,6,mig_NQ_3,0.009057309
base,6,med_NQ_3,-0.365609998
base,6,mig_NQ_4,0.007542629
base,6,med_NQ_4,-1.105839362
base,6,mig_NQ_5,0.005683374
base,6,med_NQ_5,-2.036302161
base,6,mig_NQ_6,0.00529632
base,6,med_NQ_6,-2.455435725
base,6,mig_NQ_7,0.00540209
base,6,med_NQ_7,-2.339927339
base,6,mig_NQ_8,0.006555653
base,6,med_NQ_8,-2.420562259
base,6,mig_NQ_9,0.008157033
base,6,med_NQ_9,-1.80666648
base,6,mig_NQ_10,0.008981335
base,6,med_NQ_10,-1.415190908
base,6,mig_NQ_11,0.009351289
base,6,med_NQ_11,-1.012741749
base,6,mig_NQ_12,0.008719599
base,6,med_NQ_12,-0.713765877
base,6,mig_NQ_13,0.005459776
base,6,med_NQ_13,-0.415457614
base,6,mig_NQ_14,0.002176927
base,6,med_NQ_14,-0.22695805
base,6,mig_NQ_15,0.000486276
base,6,med_NQ_15,-0.111402561
base,6,mig_NQ_16,5.59685e-05
base,6,med_NQ_16,-0.041250069
base,6,mig_NQ_17,2.14062e-06
base,6,med_NQ_17,-0.007682619
base,7,beta_Q_2,0.982471202013489
base,7,beta_Q_3,0.98019100022191
base,7,beta_Q_4,0.975467800055399
base,7,beta_Q_5,0.969921200004865
base,7,beta_Q_6,0.962053899993213
base,7,beta_Q_7,0.948704999989433
base,7,beta_Q_8,0.921555200026118
base,7,beta_Q_9,0.879524100023635
base,7,beta_Q_10,0.809581700101734
base,7,beta_Q_11,0.701822499941256
base,7,beta_Q_12,0.564004501242922
base,7,beta_Q_13,0.398768598629999
base,7,beta_Q_14,0.24479335183729
base,7,beta_Q_15,0.13129522576739
base,7,beta_Q_16,0.063957127400127
base,7,beta_Q_17,0.0320524055387999
base,7,h_Q_2,57.04897084
base,7,h_Q_3,50.4821040984
base,7,h_Q_4,40.762752631528
base,7,h_Q_5,33.246007153916
base,7,h_Q_6,26.3531693591419
base,7,h_Q_7,19.4950774888992
base,7,h_Q_8,12.747817577833
base,7,h_Q_9,8.30041527114052
base,7,h_Q_10,5.25159609398132
base,7,h_Q_11,3.35370710300472
base,7,h_Q_12,2.29360165930603
base,7,h_Q_13,1.66325311286653
base,7,h_Q_14,1.32413518733303
base,7,h_Q_15,1.15113837105638
base,7,h_Q_16,1.06832709982638
base,7,h_Q_17,1.0331137801131
base,7,P_Q_1,0.2358901014
base,7,P_Q_2,0.0657660659596434
base,7,P_Q_3,0.0631562221516183
base,7,P_Q_4,0.0546893617565865
base,7,P_Q_5,0.0511453440461974
base,7,P_Q_6,0.0493387557615056
base,7,P_Q_7,0.0472443532884943
base,7,P_Q_8,0.0440902573787086
base,7,P_Q_9,0.0366807650099546
base,7,P_Q_10,0.0306768565698997
base,7,P_Q_11,0.0224795411560028
base,7,P_Q_12,0.0135552590652664
base,7,P_Q_13,0.00670016886725621
base,7,P_Q_14,0.00213355284357745
base,7,P_Q_15,0.000419747407533996
base,7,P_Q_16,5.2825195095658e-05
base,7,P_Q_17,1.19309975567497e-06
base,7,L_Q,0.794621843400294
base,7,beta_NQ_2,0.957769101087303
base,7,beta_NQ_3,0.951067400044386
base,7,beta_NQ_4,0.944235100027504
base,7,beta_NQ_5,0.933317200014092
base,7,beta_NQ_6,0.917863944448588
base,7,beta_NQ_7,0.897531433097593
base,7,beta_NQ_8,0.860720316055193
base,7,beta_NQ_9,0.810532600003745
base,7,beta_NQ_10,0.734017600170867
base,7,beta_NQ_11,0.628927800124643
base,7,beta_NQ_12,0.484616699454873
base,7,beta_NQ_13,0.327474613926273
base,7,beta_NQ_14,0.193547122720499
base,7,beta_NQ_15,0.101101276818328
base,7,beta_NQ_16,0.0484809100193364
base,7,beta_NQ_17,0.0240461982203856
base,7,h_NQ_2,23.6793438
base,7,h_NQ_3,20.436273568
base,7,h_NQ_4,17.932427027076
base,7,h_NQ_5,14.9963708803509
base,7,h_NQ_6,12.174914554974
base,7,h_NQ_7,9.75908717414728
base,7,h_NQ_8,7.17979204713736
base,7,h_NQ_9,5.27795282993373
base,7,h_NQ_10,3.75964725723561
base,7,h_NQ_11,2.69489333963482
base,7,h_NQ_12,1.94030345723774
base,7,h_NQ_13,1.48692582934289
base,7,h_NQ_14,1.23999617303628
base,7,h_NQ_15,1.11247215501127
base,7,h_NQ_16,1.05095105307268
base,7,h_NQ_17,1.02463866388348
base,7,P_NQ_1,0.5504102366
base,7,P_NQ_2,0.153454152588851
base,7,P_NQ_3,0.147364529930619
base,7,P_NQ_4,0.12760851116399
base,7,P_NQ_5,0.119339141883062
base,7,P_NQ_6,0.115123769148526
base,7,P_NQ_7,0.110236832499397
base,7,P_NQ_8,0.102877266521454
base,7,P_NQ_9,0.0855884569485576
base,7,P_NQ_10,0.0715793326587763
base,7,P_NQ_11,0.0524522630665231
base,7,P_NQ_12,0.0316289318904935
base,7,P_NQ_13,0.0156337248770131
base,7,P_NQ_14,0.00497830716470543
base,7,P_NQ_15,0.000979408111170118
base,7,P_NQ_16,0.000123259043081097
base,7,P_NQ_17,2.78390092809376e-06
base,7,L_NQ,1.40062656661481
base,7,pi_Q,0.3
base,7,pi_NQ,0.7
base,7,y,0.36964159543167
base,7,nbar,3.77944897134633
base,7,Ptot,2.41340127895424
base,7,Pret,0.253397154917079
base,7,H,106.978693574747
base,7,cCheck,-4.44089209850063e-16
base,7,shareq,0.3
base,7,A,0.145740715
base,7,A_Q,2
base,7,xpop,0.786300338
base,7,h_Q_1,100
base,7,mig_Q_2,-0.165004886
base,7,med_Q_2,-40.95102916
base,7,mig_Q_3,0.000950661
base,7,med_Q_3,1.253189642
base,7,mig_Q_4,0.000549503
base,7,med_Q_4,-4.157788436
base,7,mig_Q_5,-0.000140615
base,7,med_Q_5,-3.656168191
base,7,mig_Q_6,-0.000379747
base,7,med_Q_6,-4.367930075
base,7,mig_Q_7,-0.000387347
base,7,med_Q_7,-5.45959667
base,7,mig_Q_8,9.38584e-05
base,7,med_Q_8,-5.778122523
base,7,mig_Q_9,0.000752116
base,7,med_Q_9,-3.749095926
base,7,mig_Q_10,0.00154047
base,7,med_Q_10,-2.504857595
base,7,mig_Q_11,0.002347628
base,7,med_Q_11,-1.553803842
base,7,mig_Q_12,0.002449178
base,7,med_Q_12,-0.818722769
base,7,mig_Q_13,0.00185081
base,7,med_Q_13,-0.436716134
base,7,mig_Q_14,0.000808334
base,7,med_Q_14,-0.217333792
base,7,mig_Q_15,0.000201901
base,7,med_Q_15,-0.089984439
base,7,mig_Q_16,3.31656e-05
base,7,med_Q_16,-0.029225746
base,7,mig_Q_17,1.59711e-07
base,7,med_Q_17,3.50158e-05
base,7,h_NQ_1,100
base,7,mig_NQ_2,-0.370136329
base,7,med_NQ_2,-74.3206562
base,7,mig_NQ_3,0.006780186
base,7,med_NQ_3,-0.422778835
base,7,mig_NQ_4,0.005578571
base,7,med_NQ_4,-0.712646867
base,7,mig_NQ_5,0.004415585
base,7,med_NQ_5,-1.428999279
base,7,mig_NQ_6,0.004559025
base,7,med_NQ_6,-1.770102228
base,7,mig_NQ_7,0.005199776
base,7,med_NQ_7,-1.85717322
base,7,mig_NQ_8,0.007164767
base,7,med_NQ_8,-2.161423495
base,7,mig_NQ_9,0.008574417
base,7,med_NQ_9,-1.551915159
base,7,mig_NQ_10,0.010171715
base,7,med_NQ_10,-1.204534653
base,7,mig_NQ_11,0.010572765
base,7,med_NQ_11,-0.841474415
base,7,mig_NQ_12,0.009562616
base,7,med_NQ_12,-0.577764319
base,7,mig_NQ_13,0.006430109
base,7,med_NQ_13,-0.308391503
base,7,mig_NQ_14,0.002549778
base,7,med_NQ_14,-0.152584354
base,7,mig_NQ_15,0.000589843
base,7,med_NQ_15,-0.061512907
base,7,mig_NQ_16,8.85464e-05
base,7,med_NQ_16,-0.016685812
base,7,mig_NQ_17,9.75115e-07
base,7,med_NQ_17,0.00499513
base,8,beta_Q_2,0.984076900170265
base,8,beta_Q_3,0.981349700005238
base,8,beta_Q_4,0.976195800002336
base,8,beta_Q_5,0.970504804524301
base,8,beta_Q_6,0.962159300001863
base,8,beta_Q_7,0.948815299989353
base,8,beta_Q_8,0.921650599973983
base,8,beta_Q_9,0.880413700421122
base,8,beta_Q_10,0.811607402573308
base,8,beta_Q_11,0.705571507928962
base,8,beta_Q_12,0.56743200160931
base,8,beta_Q_13,0.406678020558233
base,8,beta_Q_14,0.250219899970082
base,8,beta_Q_15,0.131435124972837
base,8,beta_Q_16,0.0647460680280114
base,8,beta_Q_17,0.0321388047175256
base,8,h_Q_2,62.80184135
base,8,h_Q_3,53.6184404572
base,8,h_Q_4,42.009393304432
base,8,h_Q_5,33.9038216428974
base,8,h_Q_6,26.4265724468377
base,8,h_Q_7,19.5370882269591
base,8,h_Q_8,12.7633396001212
base,8,h_Q_9,8.36216189027632
base,8,h_Q_10,5.30806411871771
base,8,h_Q_11,3.3964103361017
base,8,h_Q_12,2.31177525794463
base,8,h_Q_13,1.68542545711991
base,8,h_Q_14,1.33372437760919
base,8,h_Q_15,1.15132444658637
base,8,h_Q_16,1.06922757063525
base,8,h_Q_17,1.03320599782985
base,8,P_Q_1,0.2371570851
base,8,P_Q_2,0.0619843694655418
base,8,P_Q_3,0.0635017429736429
base,8,P_Q_4,0.0605532080820492
base,8,P_Q_5,0.0517454613824486
base,8,P_Q_6,0.0480742257061389
base,8,P_Q_7,0.0458182892841978
base,8,P_Q_8,0.043174637444883
base,8,P_Q_9,0.0390164759408191
base,8,P_Q_10,0.0307427090977912
base,8,P_Q_11,0.0235298201682264
base,8,P_Q_12,0.0148994633978611
base,8,P_Q_13,0.00705889466152286
base,8,P_Q_14,0.00246174979489151
base,8,P_Q_15,0.000482071302284158
base,8,P_Q_16,5.83014384195248e-05
base,8,P_Q_17,1.05926057587226e-06
base,8,L_Q,0.798383433096291
base,8,beta_NQ_2,0.960777500039771
base,8,beta_NQ_3,0.95269410000342
base,8,beta_NQ_4,0.944511400034005
base,8,beta_NQ_5,0.933747900113122
base,8,beta_NQ_6,0.917632100015902
base,8,beta_NQ_7,0.89721959992845
base,8,beta_NQ_8,0.86024950002811
base,8,beta_NQ_9,0.81121900012386
base,8,beta_NQ_10,0.736195901222575
base,8,beta_NQ_11,0.632981405821706
base,8,beta_NQ_12,0.488113801320407
base,8,beta_NQ_13,0.334880909025814
base,8,beta_NQ_14,0.19806959828046
base,8,beta_NQ_15,0.101101897984911
base,8,beta_NQ_16,0.0489212004345328
base,8,beta_NQ_17,0.0239971028930627
base,8,h_NQ_2,25.49557014
base,8,h_NQ_3,21.13901226
base,8,h_NQ_4,18.02171977664
base,8,h_NQ_5,15.0938611745345
base,8,h_NQ_6,12.1406518817439
base,8,h_NQ_7,9.72948148887455
base,8,h_NQ_8,7.15560946166433
base,8,h_NQ_9,5.29714325319461
base,8,h_NQ_10,3.79069165333506
base,8,h_NQ_11,2.7246575540909
base,8,h_NQ_12,1.95355920984212
base,8,h_NQ_13,1.50349012409299
base,8,h_NQ_14,1.24699100675603
base,8,h_NQ_15,1.11247314657556
base,8,h_NQ_16,1.05143736391104
base,8,h_NQ_17,1.02458712001123
base,8,P_NQ_1,0.5533665319
base,8,P_NQ_2,0.144630194537632
base,8,P_NQ_3,0.148170732928693
base,8,P_NQ_4,0.141290830659544
base,8,P_NQ_5,0.120739411337542
base,8,P_NQ_6,0.112173204495897
base,8,P_NQ_7,0.106909353507473
base,8,P_NQ_8,0.100740841309804
base,8,P_NQ_9,0.0910384433149123
base,8,P_NQ_10,0.0717329927717079
base,8,P_NQ_11,0.0549029142234742
base,8,P_NQ_12,0.0347654146062372
base,8,P_NQ_13,0.0164708492597397
base,8,P_NQ_14,0.00574405146734978
base,8,P_NQ_15,0.00112483221074555
base,8,P_NQ_16,0.000136036096509847
base,8,P_NQ_17,2.47160038238312e-06
base,8,L_NQ,1.40736316197063
base,8,pi_Q,0.3
base,8,pi_NQ,0.7
base,8,y,0.337251102878793
base,8,nbar,3.82046267831448
base,8,Ptot,2.43419867072894
base,8,Pret,0.264113631357719
base,8,H,108.484512780798
base,8,cCheck,4.44089209850063e-16
base,8,shareq,0.3
base,8,A,0.131969085
base,8,A_Q,2
base,8,xpop,0.790523617
base,8,h_Q_1,100
base,8,mig_Q_2,-0.169770862
base,8,med_Q_2,-35.19815865
base,8,mig_Q_3,-0.000961563
base,8,med_Q_3,-2.289550966
base,8,mig_Q_4,-0.001053653
base,8,med_Q_4,-7.463068712
base,8,mig_Q_5,-0.00129891
base,8,med_Q_5,-6.043675936
base,8,mig_Q_6,-0.001130352
base,8,med_Q_6,-6.154514564
base,8,mig_Q_7,-0.000989635
base,8,med_Q_7,-6.289017745
base,8,mig_Q_8,-0.000363642
base,8,med_Q_8,-6.341836339
base,8,mig_Q_9,0.000238032
base,8,med_Q_9,-4.130699336
base,8,mig_Q_10,0.001046633
base,8,med_Q_10,-2.826342847
base,8,mig_Q_11,0.002000112
base,8,med_Q_11,-1.750153836
base,8,mig_Q_12,0.002220901
base,8,med_Q_12,-0.974857703
base,8,mig_Q_13,0.001653483
base,8,med_Q_13,-0.562304169
base,8,mig_Q_14,0.000821593
base,8,med_Q_14,-0.296263673
base,8,mig_Q_15,0.000201946
base,8,med_Q_15,-0.146328037
base,8,mig_Q_16,3.14556e-05
base,8,med_Q_16,-0.058888033
base,8,mig_Q_17,-6.33914e-07
base,8,med_Q_17,-0.01375456
base,8,h_NQ_1,100
base,8,mig_NQ_2,-0.382535723
base,8,med_NQ_2,-72.50442986
base,8,mig_NQ_3,0.002225491
base,8,med_NQ_3,-2.066744664
base,8,mig_NQ_4,0.002144069
base,8,med_NQ_4,-2.00582832
base,8,mig_NQ_5,0.001640193
base,8,med_NQ_5,-2.479917312
base,8,mig_NQ_6,0.002636109
base,8,med_NQ_6,-2.555791581
base,8,mig_NQ_7,0.003582152
base,8,med_NQ_7,-2.201934775
base,8,mig_NQ_8,0.00585776
base,8,med_NQ_8,-2.408295969
base,8,mig_NQ_9,0.007653065
base,8,med_NQ_9,-1.739052953
base,8,mig_NQ_10,0.008909559
base,8,med_NQ_10,-1.38170212
base,8,mig_NQ_11,0.009884682
base,8,med_NQ_11,-0.959796758
base,8,mig_NQ_12,0.009346172
base,8,med_NQ_12,-0.687436263
base,8,mig_NQ_13,0.006113177
base,8,med_NQ_13,-0.398007264
base,8,mig_NQ_14,0.002718189
base,8,med_NQ_14,-0.210196306
base,8,mig_NQ_15,0.000621519
base,8,med_NQ_15,-0.102723103
base,8,mig_NQ_16,8.85535e-05
base,8,med_NQ_16,-0.038785348
base,8,mig_NQ_17,-4.92311e-07
base,8,med_NQ_17,-0.005344912
base,9,beta_Q_2,0.96266830069613
base,9,beta_Q_3,0.969614707442619
base,9,beta_Q_4,0.968790300004278
base,9,beta_Q_5,0.964848000001087
base,9,beta_Q_6,0.959020300055827
base,9,beta_Q_7,0.946032000001399
base,9,beta_Q_8,0.917943999970297
base,9,beta_Q_9,0.873158899942629
base,9,beta_Q_10,0.799224600206456
base,9,beta_Q_11,0.684108700263053
base,9,beta_Q_12,0.524296802675033
base,9,beta_Q_13,0.349467602064531
base,9,beta_Q_14,0.192348504105645
base,9,beta_Q_15,0.0924704818850259
base,9,beta_Q_16,0.0424817826895312
base,9,beta_Q_17,0.0212006195287917
base,9,h_Q_2,26.78688621
base,9,h_Q_3,32.910650873
base,9,h_Q_4,32.041320488056
base,9,h_Q_5,28.4478834783434
base,9,h_Q_6,24.4023260340395
base,9,h_Q_7,18.5294989619009
base,9,h_Q_8,12.1867992544199
base,9,h_Q_9,7.88387990511878
base,9,h_Q_10,4.98068986947079
base,9,h_Q_11,3.16564590534336
base,9,h_Q_12,2.10215109137966
base,9,h_Q_13,1.53720245078573
base,9,h_Q_14,1.23815779997752
base,9,h_Q_15,1.10188878805701
base,9,h_Q_16,1.04436624765465
base,9,h_Q_17,1.02165980522254
base,9,P_Q_1,0.2266226103
base,9,P_Q_2,0.0414496791586237
base,9,P_Q_3,0.0516282473800233
base,9,P_Q_4,0.0542348667836981
base,9,P_Q_5,0.0536468613729884
base,9,P_Q_6,0.0465962209020102
base,9,P_Q_7,0.0430398818851261
base,9,P_Q_8,0.0405670228085624
base,9,P_Q_9,0.0371925523171898
base,9,P_Q_10,0.0321428766958922
base,9,P_Q_11,0.0230125536159499
base,9,P_Q_12,0.0151273569555638
base,9,P_Q_13,0.007414317282022
base,9,P_Q_14,0.00240623391610559
base,9,P_Q_15,0.000495740391943421
base,9,P_Q_16,5.76669213320421e-05
base,9,P_Q_17,8.54411595041675e-12
base,9,L_Q,0.730865938478165
base,9,beta_NQ_2,0.905323203444421
base,9,beta_NQ_3,0.921064334809679
base,9,beta_NQ_4,0.926780500018136
base,9,beta_NQ_5,0.920391449983453
base,9,beta_NQ_6,0.910466100140916
base,9,beta_NQ_7,0.891719300024289
base,9,beta_NQ_8,0.853882599839066
base,9,beta_NQ_9,0.800513300016735
base,9,beta_NQ_10,0.720826100181882
base,9,beta_NQ_11,0.609624400096542
base,9,beta_NQ_12,0.445819901310995
base,9,beta_NQ_13,0.283781100700842
base,9,beta_NQ_14,0.150601997808238
base,9,beta_NQ_15,0.0702885184474611
base,9,beta_NQ_16,0.0318585909122844
base,9,beta_NQ_17,0.0157289018500441
base,9,h_NQ_2,10.56224967
base,9,h_NQ_3,12.6685390672
base,9,h_NQ_4,13.6575639018
base,9,h_NQ_5,12.5614569281072
base,9,h_NQ_6,11.1689538810438
base,9,h_NQ_7,9.23525614610899
base,9,h_NQ_8,6.84381188609706
base,9,h_NQ_9,5.01286551943104
base,9,h_NQ_10,3.58199674313072
base,9,h_NQ_11,2.56163551226836
base,9,h_NQ_12,1.80446753900908
base,9,h_NQ_13,1.39622118364528
base,9,h_NQ_14,1.17730439361113
base,9,h_NQ_15,1.07560120862091
base,9,h_NQ_16,1.03290686064405
base,9,h_NQ_17,1.01598024863282
base,9,P_NQ_1,0.5287860907
base,9,P_NQ_2,0.0967159191245605
base,9,P_NQ_3,0.120465910018348
base,9,P_NQ_4,0.126548024402544
base,9,P_NQ_5,0.125176018433588
base,9,P_NQ_6,0.108724515580353
base,9,P_NQ_7,0.100426401660501
base,9,P_NQ_8,0.0946563969031318
base,9,P_NQ_9,0.0867826385589756
base,9,P_NQ_10,0.0750000478221221
base,9,P_NQ_11,0.0536959626084339
base,9,P_NQ_12,0.0352971661651882
base,9,P_NQ_13,0.017300073645996
base,9,P_NQ_14,0.00561456349621466
base,9,P_NQ_15,0.00115672150547207
base,9,P_NQ_16,0.000134555342037102
base,9,P_NQ_17,2.20511739353022e-12
base,9,L_NQ,1.28754834552698
base,9,pi_Q,0.3
base,9,pi_NQ,0.7
base,9,y,0.362722661137903
base,9,nbar,3.5061144610553
base,9,Ptot,2.25211569466525
base,9,Pret,0.268855836375022
base,9,H,93.4093995538607
base,9,cCheck,0
base,9,shareq,0.3
base,9,A,0.150728864
base,9,A_Q,2
base,9,xpop,0.755408701
base,9,h_Q_1,100
base,9,mig_Q_2,-0.19193113
base,9,med_Q_2,-71.21311379
base,9,mig_Q_3,-0.009200095
base,9,med_Q_3,-28.63515365
base,9,mig_Q_4,-0.007755268
base,9,med_Q_4,-20.50475116
base,9,mig_Q_5,-0.005120318
base,9,med_Q_5,-12.72132196
base,9,mig_Q_6,-0.003191156
base,9,med_Q_6,-8.823419176
base,9,mig_Q_7,-0.002573679
base,9,med_Q_7,-7.368542036
base,9,mig_Q_8,-0.001661431
base,9,med_Q_8,-6.959547208
base,9,mig_Q_9,-0.00081899
base,9,med_Q_9,-4.624192903
base,9,mig_Q_10,0.000476816
base,9,med_Q_10,-3.214228783
base,9,mig_Q_11,0.001321374
base,9,med_Q_11,-2.036256931
base,9,mig_Q_12,0.001775784
base,9,med_Q_12,-1.226331038
base,9,mig_Q_13,0.001355033
base,9,med_Q_13,-0.728337302
base,9,mig_Q_14,0.000639958
base,9,med_Q_14,-0.413559148
base,9,mig_Q_15,0.00017218
base,9,med_Q_15,-0.205161102
base,9,mig_Q_16,2.64547e-05
base,9,med_Q_16,-0.08393171
base,9,mig_Q_17,-1.87373e-06
base,9,med_Q_17,-0.026183214
base,9,h_NQ_1,100
base,9,mig_NQ_2,-0.434946194
base,9,med_NQ_2,-87.43775033
base,9,mig_NQ_3,-0.017322423
base,9,med_NQ_3,-12.31711967
base,9,mig_NQ_4,-0.013400922
base,9,med_NQ_4,-7.058668113
base,9,mig_NQ_5,-0.006753998
base,9,med_NQ_5,-5.099828453
base,9,mig_NQ_6,-0.002069844
base,9,med_NQ_6,-3.62303007
base,9,mig_NQ_7,-0.000217596
base,9,med_NQ_7,-2.662582698
base,9,mig_NQ_8,0.002687679
base,9,med_NQ_8,-2.691079973
base,9,mig_NQ_9,0.005059754
base,9,med_NQ_9,-1.999631753
base,9,mig_NQ_10,0.007977919
base,9,med_NQ_10,-1.609203645
base,9,mig_NQ_11,0.008290312
base,9,med_NQ_11,-1.153242308
base,9,mig_NQ_12,0.008498296
base,9,med_NQ_12,-0.865696864
base,9,mig_NQ_13,0.0056578
base,9,med_NQ_13,-0.518266842
base,9,mig_NQ_14,0.002352189
base,9,med_NQ_14,-0.296115928
base,9,mig_NQ_15,0.000575987
base,9,med_NQ_15,-0.146449978
base,9,mig_NQ_16,7.95272e-05
base,9,med_NQ_16,-0.057316823
base,9,mig_NQ_17,-3.26447e-06
base,9,med_NQ_17,-0.014428368
base,10,beta_Q_2,0.986426700069285
base,10,beta_Q_3,0.987473200142563
base,10,beta_Q_4,0.984694600000777
base,10,beta_Q_5,0.980313000051596
base,10,beta_Q_6,0.97328560153488
base,10,beta_Q_7,0.962059500005814
base,10,beta_Q_8,0.939212103062337
base,10,beta_Q_9,0.902843200521366
base,10,beta_Q_10,0.840300099934678
base,10,beta_Q_11,0.742515600294894
base,10,beta_Q_12,0.605056707370968
base,10,beta_Q_13,0.440940987893285
base,10,beta_Q_14,0.277381426484267
base,10,beta_Q_15,0.155285704313517
base,10,beta_Q_16,0.0771783404487145
base,10,beta_Q_17,0.0382366976780276
base,10,h_Q_2,73.67405126
base,10,h_Q_3,79.8288469458
base,10,h_Q_4,65.33641721554
base,10,h_Q_5,50.7949408282949
base,10,h_Q_6,37.4329949397765
base,10,h_Q_7,26.3570590833587
base,10,h_Q_8,16.4506423146629
base,10,h_Q_9,10.2926403463315
base,10,h_Q_10,6.26174468001641
base,10,h_Q_11,3.88373043608137
base,10,h_Q_12,2.53200133323649
base,10,h_Q_13,1.78871901655207
base,10,h_Q_14,1.38385588177002
base,10,h_Q_15,1.18383221897797
base,10,h_Q_16,1.08363083129587
base,10,h_Q_17,1.03975676670155
base,10,P_Q_1,0.228139101
base,10,P_Q_2,0.0460741171568224
base,10,P_Q_3,0.0462082265309793
base,10,P_Q_4,0.0573718052679878
base,10,P_Q_5,0.0582240677465765
base,10,P_Q_6,0.0546503800909767
base,10,P_Q_7,0.0460425580524357
base,10,P_Q_8,0.0416365793358818
base,10,P_Q_9,0.0380139590094719
base,10,P_Q_10,0.0329401667563637
base,10,P_Q_11,0.0259605915991424
base,10,P_Q_12,0.0158181112822303
base,10,P_Q_13,0.00797567816083508
base,10,P_Q_14,0.00270104683816156
base,10,P_Q_15,0.000519900609750377
base,10,P_Q_16,6.34524356009634e-05
base,10,P_Q_17,1.06309045855739e-06
base,10,L_Q,0.758746349971318
base,10,beta_NQ_2,0.965960400004401
base,10,beta_NQ_3,0.968815599997748
base,10,beta_NQ_4,0.964758999992157
base,10,beta_NQ_5,0.955200000144948
base,10,beta_NQ_6,0.94075630351581
base,10,beta_NQ_7,0.922422428101573
base,10,beta_NQ_8,0.889363701409856
base,10,beta_NQ_9,0.84350539996961
base,10,beta_NQ_10,0.772416900029399
base,10,beta_NQ_11,0.674246481443401
base,10,beta_NQ_12,0.526415033258905
base,10,beta_NQ_13,0.366288453122011
base,10,beta_NQ_14,0.221180203623582
base,10,beta_NQ_15,0.120159597731927
base,10,beta_NQ_16,0.0586116104771719
base,10,beta_NQ_17,0.0286947287857468
base,10,h_NQ_2,29.3775485
base,10,h_NQ_3,32.0673157066
base,10,h_NQ_4,28.376039265856
base,10,h_NQ_5,22.321428572764
base,10,h_NQ_6,16.8794319055451
base,10,h_NQ_7,12.8903188534229
base,10,h_NQ_8,9.03862475718681
base,10,h_NQ_9,6.38999683537512
base,10,h_NQ_10,4.39399937904242
base,10,h_NQ_11,3.0697983132681
base,10,h_NQ_12,2.11155202702299
base,10,h_NQ_13,1.5780048862289
base,10,h_NQ_14,1.28399406397237
base,10,h_NQ_15,1.13656976573891
base,10,h_NQ_16,1.06226012444849
base,10,h_NQ_17,1.02954240843116
base,10,P_NQ_1,0.532324569
base,10,P_NQ_2,0.107506275569376
base,10,P_NQ_3,0.10781919871397
base,10,P_NQ_4,0.133867544321945
base,10,P_NQ_5,0.135856164672399
base,10,P_NQ_6,0.127517561334397
base,10,P_NQ_7,0.107432634928792
base,10,P_NQ_8,0.0971520259423504
base,10,P_NQ_9,0.0886992446526199
base,10,P_NQ_10,0.0768603999159602
base,10,P_NQ_11,0.0605747141607732
base,10,P_NQ_12,0.0369089277508909
base,10,P_NQ_13,0.0186099156659776
base,10,P_NQ_14,0.00630244265331665
base,10,P_NQ_15,0.00121309134987813
base,10,P_NQ_16,0.000148055517242276
base,10,P_NQ_17,2.48052576830068e-06
base,10,L_NQ,1.33610664146556
base,10,pi_Q,0.3
base,10,pi_NQ,0.7
base,10,y,0.171013527056599
base,10,nbar,3.53184610906598
base,10,Ptot,2.34113605163933
base,10,Pret,0.28660003831235
base,10,H,112.600076891662
base,10,cCheck,-4.44089209850063e-16
base,10,shareq,0.3
base,10,A,0.070701597
base,10,A_Q,2
base,10,xpop,0.76046367
base,10,h_Q_1,100
base,10,mig_Q_2,-0.172088286
base,10,med_Q_2,-24.32594874
base,10,mig_Q_3,0.006018008
base,10,med_Q_3,53.57769846
base,10,mig_Q_4,0.00735486
base,10,med_Q_4,33.08397936
base,10,mig_Q_5,0.005895665
base,10,med_Q_5,19.39444675
base,10,mig_Q_6,0.003201951
base,10,med_Q_6,9.554069131
base,10,mig_Q_7,0.001961042
base,10,med_Q_7,2.44277957
base,10,mig_Q_8,0.002128378
base,10,med_Q_8,-1.708266668
base,10,mig_Q_9,0.002592502
base,10,med_Q_9,-1.650422923
base,10,mig_Q_10,0.003214964
base,10,med_Q_10,-1.464457627
base,10,mig_Q_11,0.00397137
base,10,med_Q_11,-0.997345636
base,10,mig_Q_12,0.003752703
base,10,med_Q_12,-0.570331654
base,10,mig_Q_13,0.002689157
base,10,med_Q_13,-0.271389053
base,10,mig_Q_14,0.001274914
base,10,med_Q_14,-0.12260252
base,10,mig_Q_15,0.000297395
base,10,med_Q_15,-0.029562425
base,10,mig_Q_16,4.23925e-05
base,10,med_Q_16,0.003779819
base,10,mig_Q_17,-1.59484e-07
base,10,med_Q_17,0.016277844
base,10,h_NQ_1,100
base,10,mig_NQ_2,-0.371216042
base,10,med_NQ_2,-68.6224515
base,10,mig_NQ_3,0.018737615
base,10,med_NQ_3,21.71631103
base,10,mig_NQ_4,0.022222088
base,10,med_NQ_4,15.96087098
base,10,mig_NQ_5,0.019382445
base,10,med_NQ_5,8.937015949
base,10,mig_NQ_6,0.01354904
base,10,med_NQ_6,4.569204116
base,10,mig_NQ_7,0.010480886
base,10,med_NQ_7,1.94474405
base,10,mig_NQ_8,0.011399669
base,10,med_NQ_8,-0.011926266
base,10,mig_NQ_9,0.01292554
base,10,med_NQ_9,-0.316938813
base,10,mig_NQ_10,0.014305209
base,10,med_NQ_10,-0.51860883
base,10,mig_NQ_11,0.014852855
base,10,med_NQ_11,-0.440558495
base,10,mig_NQ_12,0.012970199
base,10,med_NQ_12,-0.398850775
base,10,mig_NQ_13,0.008593247
base,10,med_NQ_13,-0.190373302
base,10,mig_NQ_14,0.003697017
base,10,med_NQ_14,-0.084302696
base,10,mig_NQ_15,0.000818452
base,10,med_NQ_15,-0.01718854
base,10,mig_NQ_16,0.000111204
base,10,med_NQ_16,0.00817094
base,10,mig_NQ_17,3.64118e-07
base,10,med_NQ_17,0.017293685
base,11,beta_Q_2,0.993591100002428
base,11,beta_Q_3,0.991658700496937
base,11,beta_Q_4,0.988412000144944
base,11,beta_Q_5,0.983095300000944
base,11,beta_Q_6,0.975058800018706
base,11,beta_Q_7,0.962736404057653
base,11,beta_Q_8,0.941151100012965
base,11,beta_Q_9,0.907147799994951
base,11,beta_Q_10,0.848107599906427
base,11,beta_Q_11,0.750221225887767
base,11,beta_Q_12,0.616204873850281
base,11,beta_Q_13,0.447024208628429
base,11,beta_Q_14,0.279029953486581
base,11,beta_Q_15,0.149287502194982
base,11,beta_Q_16,0.0709255058263431
base,11,beta_Q_17,0.0340335968057298
base,11,h_Q_2,156.03301659
base,11,h_Q_3,119.8853895648
base,11,h_Q_4,86.296168443884
base,11,h_Q_5,59.1551462052292
base,11,h_Q_6,40.094301801729
base,11,h_Q_7,26.835839800981
base,11,h_Q_8,16.9926710646915
base,11,h_Q_9,10.7698040533697
base,11,h_Q_10,6.58360786540487
base,11,h_Q_11,4.00353912341608
base,11,h_Q_12,2.60555494335975
base,11,h_Q_13,1.80839740357176
base,11,h_Q_14,1.38701295622103
base,11,h_Q_15,1.17548525513462
base,11,h_Q_16,1.07633995359841
base,11,h_Q_17,1.03523269166995
base,11,P_Q_1,0.2458306653
base,11,P_Q_2,0.0619474285562033
base,11,P_Q_3,0.0470410209125907
base,11,P_Q_4,0.047841618140668
base,11,P_Q_5,0.0581952385406371
base,11,P_Q_6,0.0579836048005343
base,11,P_Q_7,0.0531009223454527
base,11,P_Q_8,0.0440684367787978
base,11,P_Q_9,0.0387561435463693
base,11,P_Q_10,0.033816558554572
base,11,P_Q_11,0.0269581076929153
base,11,P_Q_12,0.0185859610743795
base,11,P_Q_13,0.00903058161539256
base,11,P_Q_14,0.00325755898543185
base,11,P_Q_15,0.000714998960647717
base,11,P_Q_16,9.42372662588089e-05
base,11,P_Q_17,1.15970085571844e-11
base,11,L_Q,0.804640346320839
base,11,beta_NQ_2,0.983665399999646
base,11,beta_NQ_3,0.978835400001824
base,11,beta_NQ_4,0.972980100144218
base,11,beta_NQ_5,0.961216512998593
base,11,beta_NQ_6,0.944081100012597
base,11,beta_NQ_7,0.923078700404588
base,11,beta_NQ_8,0.891839629677109
base,11,beta_NQ_9,0.849085600046479
base,11,beta_NQ_10,0.781791099620542
base,11,beta_NQ_11,0.682715361040902
base,11,beta_NQ_12,0.537869174743662
base,11,beta_NQ_13,0.372200304897387
base,11,beta_NQ_14,0.223064448964196
base,11,beta_NQ_15,0.115793400331142
base,11,beta_NQ_16,0.0540179978328478
base,11,beta_NQ_17,0.025615596515411
base,11,h_NQ_2,61.21974214
base,11,h_NQ_3,47.24870775
base,11,h_NQ_4,37.009759471468
base,11,h_NQ_5,25.7841607835389
base,11,h_NQ_6,17.8830413343087
base,11,h_NQ_7,13.0003003064342
base,11,h_NQ_8,9.24552793635446
base,11,h_NQ_9,6.62627290904307
base,11,h_NQ_10,4.58276448966762
base,11,h_NQ_11,3.15174253546158
base,11,h_NQ_12,2.16388859600274
base,11,h_NQ_13,1.59286473048253
base,11,h_NQ_14,1.28710051350432
base,11,h_NQ_15,1.13095740269293
base,11,h_NQ_16,1.05710256342413
base,11,h_NQ_17,1.02628900495952
base,11,P_NQ_1,0.5736048857
base,11,P_NQ_2,0.14454400060341
base,11,P_NQ_3,0.109762384869268
base,11,P_NQ_4,0.111630444331245
base,11,P_NQ_5,0.135788889355725
base,11,P_NQ_6,0.135295084287042
base,11,P_NQ_7,0.123902163551665
base,11,P_NQ_8,0.102826353852484
base,11,P_NQ_9,0.0904310065003603
base,11,P_NQ_10,0.0789053085895259
base,11,P_NQ_11,0.0629023192056688
base,11,P_NQ_12,0.0433671901695921
base,11,P_NQ_13,0.0210713480522659
base,11,P_NQ_14,0.00760097093641862
base,11,P_NQ_15,0.00166833197395107
base,11,P_NQ_16,0.000219884237672283
base,11,P_NQ_17,2.29125005838702e-11
base,11,L_NQ,1.4170112233689
base,11,pi_Q,0.3
base,11,pi_NQ,0.7
base,11,y,0.398377425365729
base,11,nbar,3.88820937616453
base,11,Ptot,2.49074364932166
base,11,Pret,0.308193357349202
base,11,H,136.983936180097
base,11,cCheck,0
base,11,shareq,0.3
base,11,A,0.153982005
base,11,A_Q,2
base,11,xpop,0.819435551
base,11,h_Q_1,100
base,11,mig_Q_2,-0.163095072
base,11,med_Q_2,58.03301659
base,11,mig_Q_3,0.001544065
base,11,med_Q_3,47.68481933
base,11,mig_Q_4,0.002340627
base,11,med_Q_4,8.063898437
base,11,mig_Q_5,0.001952912
base,11,med_Q_5,-4.874542666
base,11,mig_Q_6,0.001314958
base,11,med_Q_6,-9.68474021
base,11,mig_Q_7,0.000524005
base,11,med_Q_7,-9.84849524
base,11,mig_Q_8,0.000824709
base,11,med_Q_8,-8.837246837
base,11,mig_Q_9,0.001164841
base,11,med_Q_9,-5.351825415
base,11,mig_Q_10,0.001873425
base,11,med_Q_10,-3.503179674
base,11,mig_Q_11,0.00249952
base,11,med_Q_11,-2.132970663
base,11,mig_Q_12,0.002878331
base,11,med_Q_12,-1.200500884
base,11,mig_Q_13,0.002055728
base,11,med_Q_13,-0.672963903
base,11,mig_Q_14,0.001045254
base,11,med_Q_14,-0.36593168
base,11,mig_Q_15,0.000295565
base,11,med_Q_15,-0.180693509
base,11,mig_Q_16,5.41122e-05
base,11,med_Q_16,-0.083815621
base,11,mig_Q_17,-2.4262e-06
base,11,med_Q_17,-0.026725523
base,11,h_NQ_1,100
base,11,mig_NQ_2,-0.369660453
base,11,med_NQ_2,-36.78025786
base,11,mig_NQ_3,0.005608628
base,11,med_NQ_3,18.45871022
base,11,mig_NQ_4,0.007610902
base,11,med_NQ_4,5.583790079
base,11,mig_NQ_5,0.007918611
base,11,med_NQ_5,-2.024357697
base,11,mig_NQ_6,0.007487541
base,11,med_NQ_6,-3.991958667
base,11,mig_NQ_7,0.006277105
base,11,med_NQ_7,-3.541542961
base,11,mig_NQ_8,0.007279668
base,11,med_NQ_8,-3.38698454
base,11,mig_NQ_9,0.008482748
base,11,med_NQ_9,-2.231579353
base,11,mig_NQ_10,0.010392513
base,11,med_NQ_10,-1.679432409
base,11,mig_NQ_11,0.011079465
base,11,med_NQ_11,-1.154376856
base,11,mig_NQ_12,0.01147975
base,11,med_NQ_12,-0.844513751
base,11,mig_NQ_13,0.007552034
base,11,med_NQ_13,-0.476456256
base,11,mig_NQ_14,0.003484826
base,11,med_NQ_14,-0.259344275
base,11,mig_NQ_15,0.000911033
base,11,med_NQ_15,-0.12735678
base,11,mig_NQ_16,0.000148783
base,11,med_NQ_16,-0.056735807
base,11,mig_NQ_17,-4.24839e-06
base,11,med_NQ_17,-0.014725917
base,12,beta_Q_2,0.994794700000283
base,12,beta_Q_3,0.993151300000353
base,12,beta_Q_4,0.990040699999411
base,12,beta_Q_5,0.985406799999085
base,12,beta_Q_6,0.977888601593333
base,12,beta_Q_7,0.965888600186084
base,12,beta_Q_8,0.944514900010858
base,12,beta_Q_9,0.912696100054757
base,12,beta_Q_10,0.85859640011135
base,12,beta_Q_11,0.767505400001658
base,12,beta_Q_12,0.638155199373967
base,12,beta_Q_13,0.470897593289184
base,12,beta_Q_14,0.297350425750987
base,12,beta_Q_15,0.160490828553725
base,12,beta_Q_16,0.0768615017820746
base,12,beta_Q_17,0.0364280247042793
base,12,h_Q_2,192.11188596
base,12,h_Q_3,146.0131119812
base,12,h_Q_4,100.408663253504
base,12,h_Q_5,68.5250664650063
base,12,h_Q_6,45.2255397711246
base,12,h_Q_7,29.3157126396944
base,12,h_Q_8,18.0228565869614
base,12,h_Q_9,11.4542420253977
base,12,h_Q_10,7.07195573430226
base,12,h_Q_11,4.30117516309678
base,12,h_Q_12,2.76361577694776
base,12,h_Q_13,1.88998546249255
base,12,h_Q_14,1.42318386650033
base,12,h_Q_15,1.19117217809661
base,12,h_Q_16,1.08326107103193
base,12,h_Q_17,1.03779881652644
base,12,P_Q_1,0.264807645
base,12,P_Q_2,0.0617253131497558
base,12,P_Q_3,0.0621279115011714
base,12,P_Q_4,0.0470734635690739
base,12,P_Q_5,0.0475125439385306
base,12,P_Q_6,0.0571084784582359
base,12,P_Q_7,0.0559398941799664
base,12,P_Q_8,0.0503188094771259
base,12,P_Q_9,0.040765321473103
base,12,P_Q_10,0.0343554498847402
base,12,P_Q_11,0.0278630880141164
base,12,P_Q_12,0.0195343213501552
base,12,P_Q_13,0.0108637735408733
base,12,P_Q_14,0.00375782376809976
base,12,P_Q_15,0.000857172844187942
base,12,P_Q_16,0.000128705962949249
base,12,P_Q_17,5.31239265016876e-11
base,12,L_Q,0.842522189540832
base,12,beta_NQ_2,0.9858635999994
base,12,beta_NQ_3,0.9818701999993
base,12,beta_NQ_4,0.976348704006461
base,12,beta_NQ_5,0.966116906483536
base,12,beta_NQ_6,0.949930801722291
base,12,beta_NQ_7,0.928669100105706
base,12,beta_NQ_8,0.896660599994639
base,12,beta_NQ_9,0.856564299964593
base,12,beta_NQ_10,0.79491340015851
base,12,beta_NQ_11,0.702279799376932
base,12,beta_NQ_12,0.560721899993885
base,12,beta_NQ_13,0.394610637288873
base,12,beta_NQ_14,0.238564330831283
base,12,beta_NQ_15,0.124762311463605
base,12,beta_NQ_16,0.0583731004118958
base,12,beta_NQ_17,0.0272748173711475
base,12,h_NQ_2,70.73936787
base,12,h_NQ_3,55.1578064822
base,12,h_NQ_4,42.280973987
base,12,h_NQ_5,29.5132381610386
base,12,h_NQ_6,19.9723582498681
base,12,h_NQ_7,14.0191698136225
base,12,h_NQ_8,9.67685122930548
base,12,h_NQ_9,6.97176504662737
base,12,h_NQ_10,4.87598897486221
base,12,h_NQ_11,3.35885840987426
base,12,h_NQ_12,2.27646222275234
base,12,h_NQ_13,1.65182638508269
base,12,h_NQ_14,1.31330835787288
base,12,h_NQ_15,1.14254676423424
base,12,h_NQ_16,1.06199175063907
base,12,h_NQ_17,1.02803661115565
base,12,P_NQ_1,0.617884505
base,12,P_NQ_2,0.144025731333841
base,12,P_NQ_3,0.144965127648503
base,12,P_NQ_4,0.109838085222169
base,12,P_NQ_5,0.110862607444563
base,12,P_NQ_6,0.133253115032442
base,12,P_NQ_7,0.130526425574811
base,12,P_NQ_8,0.11741056965811
base,12,P_NQ_9,0.0951190853614283
base,12,P_NQ_10,0.080162720011709
base,12,P_NQ_11,0.0650138712417419
base,12,P_NQ_12,0.0455801145206155
base,12,P_NQ_13,0.0253487774036651
base,12,P_NQ_14,0.00876827064221149
base,12,P_NQ_15,0.00200007027054609
base,12,P_NQ_16,0.000300312952953359
base,12,P_NQ_17,3.59123119400391e-11
base,12,L_NQ,1.48456966356751
base,12,pi_Q,0.3
base,12,pi_NQ,0.7
base,12,y,0.547110480698073
base,12,nbar,4.23521362313113
base,12,Ptot,2.61579910552043
base,12,Pret,0.324534472497601
base,12,H,155.168545991084
base,12,cCheck,4.44089209850063e-16
base,12,shareq,0.3
base,12,A,0.199187605
base,12,A_Q,2
base,12,xpop,0.88269215
base,12,h_Q_1,100
base,12,mig_Q_2,-0.182529848
base,12,med_Q_2,94.11188596
base,12,mig_Q_3,0.000697205
base,12,med_Q_3,-6.899244277
base,12,mig_Q_4,0.000577554
base,12,med_Q_4,-17.07901852
base,12,mig_Q_5,0.000479674
base,12,med_Q_5,-16.04517861
base,12,mig_Q_6,0.000364699
base,12,med_Q_6,-12.74650351
base,12,mig_Q_7,0.000116967
base,12,med_Q_7,-9.976703126
base,12,mig_Q_8,0.000342818
base,12,med_Q_8,-8.276266418
base,12,mig_Q_9,0.000788736
base,12,med_Q_9,-5.198575618
base,12,mig_Q_10,0.00148607
base,12,med_Q_10,-3.482452238
base,12,mig_Q_11,0.002493188
base,12,med_Q_11,-2.150760545
base,12,mig_Q_12,0.002922604
base,12,med_Q_12,-1.159852564
base,12,mig_Q_13,0.002555399
base,12,med_Q_13,-0.663458382
base,12,mig_Q_14,0.001238021
base,12,med_Q_14,-0.349045589
base,12,mig_Q_15,0.00037086
base,12,med_Q_15,-0.168100519
base,12,mig_Q_16,7.79943e-05
base,12,med_Q_16,-0.068714479
base,12,mig_Q_17,-3.20718e-06
base,12,med_Q_17,-0.017014338
base,12,h_NQ_1,100
base,12,mig_NQ_2,-0.420209548
base,12,med_NQ_2,-27.26063213
base,12,mig_NQ_3,0.003480343
base,12,med_NQ_3,-4.837540815
base,12,mig_NQ_4,0.003041469
base,12,med_NQ_4,-4.022759608
base,12,mig_NQ_5,0.003561581
base,12,med_NQ_5,-6.756326121
base,12,mig_NQ_6,0.005057391
base,12,med_NQ_6,-5.296119318
base,12,mig_NQ_7,0.005638415
base,12,med_NQ_7,-3.506210694
base,12,mig_NQ_8,0.00690971
base,12,med_NQ_8,-3.063443071
base,12,mig_NQ_9,0.007810709
base,12,med_NQ_9,-2.088852331
base,12,mig_NQ_10,0.009464564
base,12,med_NQ_10,-1.617758476
base,12,mig_NQ_11,0.011144005
base,12,med_NQ_11,-1.13225079
base,12,mig_NQ_12,0.011746896
base,12,med_NQ_12,-0.812245462
base,12,mig_NQ_13,0.009207496
base,12,med_NQ_13,-0.468784439
base,12,mig_NQ_14,0.004068002
base,12,med_NQ_14,-0.247699078
base,12,mig_NQ_15,0.001119928
base,12,med_NQ_15,-0.118811739
base,12,mig_NQ_16,0.000210193
base,12,med_NQ_16,-0.046346504
base,12,mig_NQ_17,-5.63243e-06
base,12,med_NQ_17,-0.007923901
base,13,beta_Q_2,0.99543669999992
base,13,beta_Q_3,0.993858200189183
base,13,beta_Q_4,0.990898000056964
base,13,beta_Q_5,0.986666900084058
base,13,beta_Q_6,0.980067900403587
base,13,beta_Q_7,0.968515800076275
base,13,beta_Q_8,0.94732200001555
base,13,beta_Q_9,0.916073500002183
base,13,beta_Q_10,0.865978800079766
base,13,beta_Q_11,0.781981500048058
base,13,beta_Q_12,0.656456599521037
base,13,beta_Q_13,0.489528404327301
base,13,beta_Q_14,0.316434817275691
base,13,beta_Q_15,0.176402616092727
base,13,beta_Q_16,0.0835971053138845
base,13,beta_Q_17,0.0394349000538824
base,13,h_Q_2,219.1396577
base,13,h_Q_3,162.8187176408
base,13,h_Q_4,109.865963531576
base,13,h_Q_5,75.0013125184339
base,13,h_Q_6,50.1703282557062
base,13,h_Q_7,31.7619631457021
base,13,h_Q_8,18.9832567719005
base,13,h_Q_9,11.9151876942221
base,13,h_Q_10,7.46150609388974
base,13,h_Q_11,4.58676671861621
base,13,h_Q_12,2.91084037283484
base,13,h_Q_13,1.9589693814088
base,13,h_Q_14,1.4629173892427
base,13,h_Q_15,1.21418532917032
base,13,h_Q_16,1.09122308853468
base,13,h_Q_17,1.04105385461129
base,13,P_Q_1,0.2950376742
base,13,P_Q_2,0.0600938417655564
base,13,P_Q_3,0.0632528059976088
base,13,P_Q_4,0.0631999499921212
base,13,P_Q_5,0.0475806151004746
base,13,P_Q_6,0.0475054961501915
base,13,P_Q_7,0.0560209943167826
base,13,P_Q_8,0.053701097558009
base,13,P_Q_9,0.0471131771691711
base,13,P_Q_10,0.0367819982661882
base,13,P_Q_11,0.0289928733060244
base,13,P_Q_12,0.0209122024868229
base,13,P_Q_13,0.0120588959103256
base,13,P_Q_14,0.00491457868764098
base,13,P_Q_15,0.00107203225010121
base,13,P_Q_16,0.000154475992091097
base,13,P_Q_17,1.41993639979033e-05
base,13,L_Q,0.896743243588944
base,13,beta_NQ_2,0.987370000517705
base,13,beta_NQ_3,0.983264100037819
base,13,beta_NQ_4,0.97793440001489
base,13,beta_NQ_5,0.968845500110594
base,13,beta_NQ_6,0.954518500483554
base,13,beta_NQ_7,0.933515000027073
base,13,beta_NQ_8,0.900877300011999
base,13,beta_NQ_9,0.8608113206286
base,13,beta_NQ_10,0.804067599919317
base,13,beta_NQ_11,0.718815200189958
base,13,beta_NQ_12,0.580001798526363
base,13,beta_NQ_13,0.412395592996297
base,13,beta_NQ_14,0.255122082688129
base,13,beta_NQ_15,0.1373123384164
base,13,beta_NQ_16,0.0635136030540818
base,13,beta_NQ_17,0.0294936500570758
base,13,h_NQ_2,79.17656374
base,13,h_NQ_3,59.7517910566
base,13,h_NQ_4,45.319411208556
base,13,h_NQ_5,32.09809177126
base,13,h_NQ_6,21.9869617298179
base,13,h_NQ_7,15.0409866828707
base,13,h_NQ_8,10.0885064683501
base,13,h_NQ_9,7.18448610771937
base,13,h_NQ_10,5.10380110469482
base,13,h_NQ_11,3.55638000536496
base,13,h_NQ_12,2.38096257667678
base,13,h_NQ_13,1.7018237932973
base,13,h_NQ_14,1.34250154638103
base,13,h_NQ_15,1.15916802771542
base,13,h_NQ_16,1.06782116894955
base,13,h_NQ_17,1.03038459962629
base,13,P_NQ_1,0.6884212398
base,13,P_NQ_2,0.140218964483147
base,13,P_NQ_3,0.147589880629804
base,13,P_NQ_4,0.147466550505747
base,13,P_NQ_5,0.111021439108917
base,13,P_NQ_6,0.110846162570838
base,13,P_NQ_7,0.13071565442346
base,13,P_NQ_8,0.125302564071066
base,13,P_NQ_9,0.109930758407643
base,13,P_NQ_10,0.0858246655646206
base,13,P_NQ_11,0.0676500409273322
base,13,P_NQ_12,0.0487951394086273
base,13,P_NQ_13,0.0281373890386799
base,13,P_NQ_14,0.0114673381186965
base,13,P_NQ_15,0.00250140671286077
base,13,P_NQ_16,0.000360443302733435
base,13,P_NQ_17,3.31310809459929e-05
base,13,L_NQ,1.58091026197362
base,13,pi_Q,0.3
base,13,pi_NQ,0.7
base,13,y,0.715531264402674
base,13,nbar,4.62269626244834
base,13,Ptot,2.79468967666823
base,13,Pret,0.349670810417689
base,13,H,174.693858781376
base,13,cCheck,-1.33226762955019e-15
base,13,shareq,0.3
base,13,A,0.245020185
base,13,A_Q,2
base,13,xpop,0.983458914
base,13,h_Q_1,100
base,13,mig_Q_2,-0.2033354
base,13,med_Q_2,121.1396577
base,13,mig_Q_3,0.001950231
base,13,med_Q_3,-25.4509306
base,13,mig_Q_4,0.001690789
base,13,med_Q_4,-33.22688621
base,13,mig_Q_5,0.001194104
base,13,med_Q_5,-23.39917747
base,13,mig_Q_6,0.001043521
base,13,med_Q_6,-16.98423688
base,13,mig_Q_7,0.000860566
base,13,med_Q_7,-12.55906583
base,13,mig_Q_8,0.000865034
base,13,med_Q_8,-9.746141615
base,13,mig_Q_9,0.001187396
base,13,med_Q_9,-5.747211761
base,13,mig_Q_10,0.00178104
base,13,med_Q_10,-3.763651091
base,13,mig_Q_11,0.00262488
base,13,med_Q_11,-2.343749901
base,13,mig_Q_12,0.003131228
base,13,med_Q_12,-1.304311287
base,13,mig_Q_13,0.002860231
base,13,med_Q_13,-0.74937408
base,13,mig_Q_14,0.001684231
base,13,med_Q_14,-0.389268364
base,13,mig_Q_15,0.000468936
base,13,med_Q_15,-0.18053486
base,13,mig_Q_16,8.85924e-05
base,13,med_Q_16,-0.076125646
base,13,mig_Q_17,9.51086e-06
base,13,med_Q_17,-0.020541995
base,13,h_NQ_1,100
base,13,mig_NQ_2,-0.468930878
base,13,med_NQ_2,-18.82343626
base,13,mig_NQ_3,0.006175307
base,13,med_NQ_3,-9.572789456
base,13,mig_NQ_4,0.005930036
base,13,med_NQ_4,-8.735239144
base,13,mig_NQ_5,0.004905008
base,13,med_NQ_5,-9.337262736
base,13,mig_NQ_6,0.005534357
base,13,med_NQ_6,-6.936011668
base,13,mig_NQ_7,0.006967604
base,13,med_NQ_7,-4.531924402
base,13,mig_NQ_8,0.008264661
base,13,med_NQ_8,-3.650279949
base,13,mig_NQ_9,0.009361056
base,13,med_NQ_9,-2.298828097
base,13,mig_NQ_10,0.01021323
base,13,med_NQ_10,-1.728528641
base,13,mig_NQ_11,0.011353382
base,13,med_NQ_11,-1.22208919
base,13,mig_NQ_12,0.012340438
base,13,med_NQ_12,-0.910718665
base,13,mig_NQ_13,0.010150991
base,13,med_NQ_13,-0.529109185
base,13,mig_NQ_14,0.005420024
base,13,med_NQ_14,-0.276288311
base,13,mig_NQ_15,0.001407457
base,13,med_NQ_15,-0.127874163
base,13,mig_NQ_16,0.000243693
base,13,med_NQ_16,-0.05187466
base,13,mig_NQ_17,2.49401e-05
base,13,med_NQ_17,-0.010367316
base,14,beta_Q_2,0.995754800004843
base,14,beta_Q_3,0.994171300000187
base,14,beta_Q_4,0.990976500051843
base,14,beta_Q_5,0.986639900000631
base,14,beta_Q_6,0.980200900038177
base,14,beta_Q_7,0.970047399997429
base,14,beta_Q_8,0.949007699996581
base,14,beta_Q_9,0.91748150702083
base,14,beta_Q_10,0.86633560001034
base,14,beta_Q_11,0.788424382100547
base,14,beta_Q_12,0.672029899979871
base,14,beta_Q_13,0.511739889190151
base,14,beta_Q_14,0.336314032157484
base,14,beta_Q_15,0.191642504856973
base,14,beta_Q_16,0.0944234196908989
base,14,beta_Q_17,0.0447936033192221
base,14,h_Q_2,235.5601621
base,14,h_Q_3,171.564842926
base,14,h_Q_4,110.821743227984
base,14,h_Q_5,74.8497391509444
base,14,h_Q_6,50.5073462880652
base,14,h_Q_7,33.3860833405921
base,14,h_Q_8,19.6108039827881
base,14,h_Q_9,12.1184946444625
base,14,h_Q_10,7.48142362533768
base,14,h_Q_11,4.72643847201194
base,14,h_Q_12,3.04905843524389
base,14,h_Q_13,2.04807990037814
base,14,h_Q_14,1.50673547978063
base,14,h_Q_15,1.23707626845785
base,14,h_Q_16,1.10426881758691
base,14,h_Q_17,1.04689416076398
base,14,P_Q_1,0.3198031971
base,14,P_Q_2,0.0561084727812994
base,14,P_Q_3,0.0615593454195694
base,14,P_Q_4,0.0644478859610217
base,14,P_Q_5,0.0636490937441937
base,14,P_Q_6,0.0473664005414334
base,14,P_Q_7,0.0467254316119231
base,14,P_Q_8,0.0539476863790343
base,14,P_Q_9,0.050298217393924
base,14,P_Q_10,0.0425283796329042
base,14,P_Q_11,0.0313991051789589
base,14,P_Q_12,0.0222572730208171
base,14,P_Q_13,0.0132743451143438
base,14,P_Q_14,0.00564669852393046
base,14,P_Q_15,0.00150230853749343
base,14,P_Q_16,0.000191967792911592
base,14,P_Q_17,2.04586453088367e-05
base,14,L_Q,0.933254713275563
base,14,beta_NQ_2,0.988142700004068
base,14,beta_NQ_3,0.983934500001772
base,14,beta_NQ_4,0.977790400038823
base,14,beta_NQ_5,0.968400001242472
base,14,beta_NQ_6,0.954638500008699
base,14,beta_NQ_7,0.936549199995969
base,14,beta_NQ_8,0.903564358072179
base,14,beta_NQ_9,0.862200001433298
base,14,beta_NQ_10,0.803860918221978
base,14,beta_NQ_11,0.726096436615858
base,14,beta_NQ_12,0.596541539489888
base,14,beta_NQ_13,0.433744041227652
base,14,beta_NQ_14,0.272212721431368
base,14,beta_NQ_15,0.149810141058438
base,14,beta_NQ_16,0.0716882050066691
base,14,beta_NQ_17,0.033394703023271
base,14,h_NQ_2,84.33623169
base,14,h_NQ_3,62.2451837852
base,14,h_NQ_4,45.025574525468
base,14,h_NQ_5,31.6455696143849
base,14,h_NQ_6,22.0451263768348
base,14,h_NQ_7,15.7602425802215
base,14,h_NQ_8,10.3696037822133
base,14,h_NQ_9,7.25689404998309
base,14,h_NQ_10,5.09841729756498
base,14,h_NQ_11,3.65091818560092
base,14,h_NQ_12,2.47856291125766
base,14,h_NQ_13,1.76598226414324
base,14,h_NQ_14,1.37402744643135
base,14,h_NQ_15,1.17620781145341
base,14,h_NQ_16,1.07722426816111
base,14,h_NQ_17,1.03454843757056
base,14,P_NQ_1,0.7462074599
base,14,P_NQ_2,0.130919770897725
base,14,P_NQ_3,0.143638475920757
base,14,P_NQ_4,0.150378401361977
base,14,P_NQ_5,0.148514554874325
base,14,P_NQ_6,0.110521604579769
base,14,P_NQ_7,0.109026010455316
base,14,P_NQ_8,0.125877934826308
base,14,P_NQ_9,0.117362525656164
base,14,P_NQ_10,0.0992328940701438
base,14,P_NQ_11,0.0732645811590689
base,14,P_NQ_12,0.0519336384082348
base,14,P_NQ_13,0.0309734504517578
base,14,P_NQ_14,0.0131756082929542
base,14,P_NQ_15,0.00350538401248975
base,14,P_NQ_16,0.000447922353037455
base,14,P_NQ_17,4.77384886362366e-05
base,14,L_NQ,1.64506818968679
base,14,pi_Q,0.3
base,14,pi_NQ,0.7
base,14,y,1.02666072549525
base,14,nbar,4.92601130635153
base,14,Ptot,2.93575422308773
base,14,Pret,0.389401753682991
base,14,H,185.670093636066
base,14,cCheck,0
base,14,shareq,0.3
base,14,A,0.336263838
base,14,A_Q,2
base,14,xpop,1.066010657
base,14,h_Q_1,100
base,14,mig_Q_2,-0.237582856
base,14,med_Q_2,137.5601621
base,14,mig_Q_3,0.001834588
base,14,med_Q_3,-43.19202162
base,14,mig_Q_4,0.001770807
base,14,med_Q_4,-48.74060006
base,14,mig_Q_5,0.001291795
base,14,med_Q_5,-32.81890511
base,14,mig_Q_6,0.000734167
base,14,med_Q_6,-22.99393998
base,14,mig_Q_7,0.000715608
base,14,med_Q_7,-15.78083835
base,14,mig_Q_8,0.000877766
base,14,med_Q_8,-11.5159199
base,14,mig_Q_9,0.001104065
base,14,med_Q_9,-6.485096992
base,14,mig_Q_10,0.001729367
base,14,med_Q_10,-4.195460315
base,14,mig_Q_11,0.002636263
base,14,med_Q_11,-2.5858375
base,14,mig_Q_12,0.00322471
base,14,med_Q_12,-1.445972949
base,14,mig_Q_13,0.003037228
base,14,med_Q_13,-0.804543665
base,14,mig_Q_14,0.001830844
base,14,med_Q_14,-0.413054514
base,14,mig_Q_15,0.000635364
base,14,med_Q_15,-0.196582773
base,14,mig_Q_16,0.000102349
base,14,med_Q_16,-0.085632805
base,14,mig_Q_17,1.43669e-05
base,14,med_Q_17,-0.022504466
base,14,h_NQ_1,100
base,14,mig_NQ_2,-0.548806709
base,14,med_NQ_2,-13.66376831
base,14,mig_NQ_3,0.005766202
base,14,med_NQ_3,-15.34784868
base,14,mig_NQ_4,0.00604518
base,14,med_NQ_4,-13.53118071
base,14,mig_NQ_5,0.005642251
base,14,med_NQ_5,-12.76745337
base,14,mig_NQ_6,0.004549587
base,14,med_NQ_6,-9.411003559
base,14,mig_NQ_7,0.005549455
base,14,med_NQ_7,-5.786979915
base,14,mig_NQ_8,0.008119169
base,14,med_NQ_8,-4.370563167
base,14,mig_NQ_9,0.00950066
base,14,med_NQ_9,-2.629842289
base,14,mig_NQ_10,0.010841133
base,14,med_NQ_10,-1.942379088
base,14,mig_NQ_11,0.011572507
base,14,med_NQ_11,-1.350806897
base,14,mig_NQ_12,0.012696493
base,14,med_NQ_12,-1.006689494
base,14,mig_NQ_13,0.01085055
base,14,med_NQ_13,-0.567361061
base,14,mig_NQ_14,0.005997139
base,14,med_NQ_14,-0.293759871
base,14,mig_NQ_15,0.001930777
base,14,med_NQ_15,-0.139443704
base,14,mig_NQ_16,0.000289049
base,14,med_NQ_16,-0.058760399
base,14,mig_NQ_17,3.71077e-05
base,14,med_NQ_17,-0.011916308
base,15,beta_Q_2,0.995943800000819
base,15,beta_Q_3,0.994638400018662
base,15,beta_Q_4,0.991469000000774
base,15,beta_Q_5,0.986982900000344
base,15,beta_Q_6,0.981193400001437
base,15,beta_Q_7,0.971546499995241
base,15,beta_Q_8,0.954140501122299
base,15,beta_Q_9,0.924845900633453
base,15,beta_Q_10,0.876465100316861
base,15,beta_Q_11,0.799466700027591
base,15,beta_Q_12,0.688078000406597
base,15,beta_Q_13,0.531831587428912
base,15,beta_Q_14,0.357684185180722
base,15,beta_Q_15,0.203602537720793
base,15,beta_Q_16,0.100828305865785
base,15,beta_Q_17,0.0474932096030305
base,15,h_Q_2,246.5361669
base,15,h_Q_3,186.511489138
base,15,h_Q_4,117.21955221748
base,15,h_Q_5,76.8220264134243
base,15,h_Q_6,53.1728223079256
base,15,h_Q_7,35.1450612323039
base,15,h_Q_8,21.8057327237802
base,15,h_Q_9,13.3059939501323
base,15,h_Q_10,8.09487845557326
base,15,h_Q_11,4.98670295683093
base,15,h_Q_12,3.2059296915717
base,15,h_Q_13,2.13597624753901
base,15,h_Q_14,1.55686463237058
base,15,h_Q_15,1.25565436418501
base,15,h_Q_16,1.11213465008869
base,15,h_Q_17,1.04985289623517
base,15,P_Q_1,0.3220408704
base,15,P_Q_2,0.0643385065692199
base,15,P_Q_3,0.0571512833260096
base,15,P_Q_4,0.0621299456693674
base,15,P_Q_5,0.0643568587598345
base,15,P_Q_6,0.062751466974673
base,15,P_Q_7,0.0461707546924543
base,15,P_Q_8,0.0447023903853787
base,15,P_Q_9,0.0503728815993235
base,15,P_Q_10,0.0452248723454157
base,15,P_Q_11,0.03596110543381
base,15,P_Q_12,0.0240711345128732
base,15,P_Q_13,0.0143779764293479
base,15,P_Q_14,0.00649612752965496
base,15,P_Q_15,0.0018348424492982
base,15,P_Q_16,0.000296447109540962
base,15,P_Q_17,2.06077291657484e-05
base,15,L_Q,0.946538327160494
base,15,beta_NQ_2,0.988587100000126
base,15,beta_NQ_3,0.985280700071966
base,15,beta_NQ_4,0.978758600003395
base,15,beta_NQ_5,0.968898802060581
base,15,beta_NQ_6,0.956626799989653
base,15,beta_NQ_7,0.939580000015417
base,15,beta_NQ_8,0.912634501171517
base,15,beta_NQ_9,0.873406100396887
base,15,beta_NQ_10,0.817039600162777
base,15,beta_NQ_11,0.73878769996807
base,15,beta_NQ_12,0.613765999741137
base,15,beta_NQ_13,0.453317998936572
base,15,beta_NQ_14,0.290875336209447
base,15,beta_NQ_15,0.159068812728285
base,15,beta_NQ_16,0.0763640019877916
base,15,beta_NQ_17,0.0352194375296104
base,15,h_NQ_2,87.62014913
base,15,h_NQ_3,67.9380133562
base,15,h_NQ_4,47.077876229496
base,15,h_NQ_5,32.1531002049586
base,15,h_NQ_6,23.0557118160972
base,15,h_NQ_7,16.5508109932981
base,15,h_NQ_8,11.4461658196171
base,15,h_NQ_9,7.89927476256906
base,15,h_NQ_10,5.46566360898343
base,15,h_NQ_11,3.82830364361368
base,15,h_NQ_12,2.58910401288891
base,15,h_NQ_13,1.82921397603251
base,15,h_NQ_14,1.41018860486038
base,15,h_NQ_15,1.18915792450272
base,15,h_NQ_16,1.08267759322434
base,15,h_NQ_17,1.03650143379789
base,15,P_NQ_1,0.7514286976
base,15,P_NQ_2,0.150123183188763
base,15,P_NQ_3,0.1333529963186
base,15,P_NQ_4,0.144969875831524
base,15,P_NQ_5,0.150166003065779
base,15,P_NQ_6,0.146420089894685
base,15,P_NQ_7,0.107731763351454
base,15,P_NQ_8,0.104305586150229
base,15,P_NQ_9,0.117536723587663
base,15,P_NQ_10,0.105524741638815
base,15,P_NQ_11,0.0839092477794103
base,15,P_NQ_12,0.0561660670347128
base,15,P_NQ_13,0.0335485631988433
base,15,P_NQ_14,0.0151576102395926
base,15,P_NQ_15,0.00428129173689819
base,15,P_NQ_16,0.000691709687714465
base,15,P_NQ_17,4.80847339571705e-05
base,15,L_NQ,1.66775562473926
base,15,pi_Q,0.3
base,15,pi_NQ,0.7
base,15,y,1.35513057499715
base,15,nbar,5.05631968634408
base,15,Ptot,3.00766030695401
base,15,Pret,0.42761042958905
base,15,H,193.847292624012
base,15,cCheck,-4.44089209850063e-16
base,15,shareq,0.3
base,15,A,0.435809785
base,15,A_Q,2
base,15,xpop,1.073469568
base,15,h_Q_1,100
base,15,mig_Q_2,-0.254107062
base,15,med_Q_2,148.5361669
base,15,mig_Q_3,0.00136985
base,15,med_Q_3,-44.33746972
base,15,mig_Q_4,0.001126081
base,15,med_Q_4,-50.91399385
base,15,mig_Q_5,0.000770003
base,15,med_Q_5,-31.78328195
base,15,mig_Q_6,0.000362568
base,15,med_Q_6,-20.17992206
base,15,mig_Q_7,0.000223101
base,15,med_Q_7,-14.35213813
base,15,mig_Q_8,0.000359596
base,15,med_Q_8,-10.91262895
base,15,mig_Q_9,0.000876877
base,15,med_Q_9,-5.912593953
base,15,mig_Q_10,0.001649736
base,15,med_Q_10,-3.781246296
base,15,mig_Q_11,0.002430694
base,15,med_Q_11,-2.345092196
base,15,mig_Q_12,0.002969997
base,15,med_Q_12,-1.425980011
base,15,mig_Q_13,0.002988042
base,15,med_Q_13,-0.852101019
base,15,mig_Q_14,0.002031779
base,15,med_Q_14,-0.45025367
base,15,mig_Q_15,0.000752695
base,15,med_Q_15,-0.220946406
base,15,mig_Q_16,0.000154594
base,15,med_Q_16,-0.100200093
base,15,mig_Q_17,1.20088e-05
base,15,med_Q_17,-0.032330545
base,15,h_NQ_1,100
base,15,mig_NQ_2,-0.587236271
base,15,med_NQ_2,-10.37985087
base,15,mig_NQ_3,0.004536517
base,15,med_NQ_3,-14.7114937
base,15,mig_NQ_4,0.004521553
base,15,med_NQ_4,-13.92240388
base,15,mig_NQ_5,0.004539559
base,15,med_NQ_5,-11.97196283
base,15,mig_NQ_6,0.004642378
base,15,med_NQ_6,-7.956946406
base,15,mig_NQ_7,0.004222843
base,15,med_NQ_7,-5.053412856
base,15,mig_NQ_8,0.005793569
base,15,med_NQ_8,-3.998871909
base,15,mig_NQ_9,0.009004768
base,15,med_NQ_9,-2.262936944
base,15,mig_NQ_10,0.011181594
base,15,med_NQ_10,-1.64609256
base,15,mig_NQ_11,0.011856597
base,15,med_NQ_11,-1.168145308
base,15,mig_NQ_12,0.012460701
base,15,med_NQ_12,-0.988795809
base,15,mig_NQ_13,0.011022657
base,15,med_NQ_13,-0.599777677
base,15,mig_NQ_14,0.006726243
base,15,med_NQ_14,-0.320474014
base,15,mig_NQ_15,0.002307452
base,15,med_NQ_15,-0.157388973
base,15,mig_NQ_16,0.000440415
base,15,med_NQ_16,-0.070006062
base,15,mig_NQ_17,3.31265e-05
base,15,med_NQ_17,-0.019178349
base,16,beta_Q_2,0.996367900125476
base,16,beta_Q_3,0.99519130014795
base,16,beta_Q_4,0.992379100316725
base,16,beta_Q_5,0.987635500000372
base,16,beta_Q_6,0.981419000404811
base,16,beta_Q_7,0.97284790000392
base,16,beta_Q_8,0.956876000003725
base,16,beta_Q_9,0.932060901082042
base,16,beta_Q_10,0.888214701649101
base,16,beta_Q_11,0.81449630047874
base,16,beta_Q_12,0.705271800083121
base,16,beta_Q_13,0.553437200726719
base,16,beta_Q_14,0.374711643560468
base,16,beta_Q_15,0.218074889403826
base,16,beta_Q_16,0.107752400046906
base,16,beta_Q_17,0.0502324586580444
base,16,h_Q_2,275.322816
base,16,h_Q_3,207.956412382
base,16,h_Q_4,131.21809762524
base,16,h_Q_5,80.8767034631304
base,16,h_Q_6,53.8184166651558
base,16,h_Q_7,36.829563831767
base,16,h_Q_8,23.1889435076578
base,16,h_Q_9,14.7190645703046
base,16,h_Q_10,8.94572005312967
base,16,h_Q_11,5.39072805946179
base,16,h_Q_12,3.39295662969431
base,16,h_Q_13,2.23932670074027
base,16,h_Q_14,1.59926126858823
base,16,h_Q_15,1.27889470372317
base,16,h_Q_16,1.12076512890131
base,16,h_Q_17,1.05288050608692
base,16,P_Q_1,0.3194008092
base,16,P_Q_2,0.0826164572217474
base,16,P_Q_3,0.064891756233599
base,16,P_Q_4,0.0568665687279996
base,16,P_Q_5,0.061326389673616
base,16,P_Q_6,0.0628653580599743
base,16,P_Q_7,0.0607462951088105
base,16,P_Q_8,0.0441633460194531
base,16,P_Q_9,0.0419227554964337
base,16,P_Q_10,0.0457472167242004
base,16,P_Q_11,0.0388704704531585
base,16,P_Q_12,0.0280014015193068
base,16,P_Q_13,0.0160127846791962
base,16,P_Q_14,0.00728584978367892
base,16,P_Q_15,0.00220021205039566
base,16,P_Q_16,0.000364675055693365
base,16,P_Q_17,2.87895247096415e-05
base,16,L_Q,0.972218168656634
base,16,beta_NQ_2,0.989680600164088
base,16,beta_NQ_3,0.986715900245842
base,16,beta_NQ_4,0.980932800543132
base,16,beta_NQ_5,0.970029900004466
base,16,beta_NQ_6,0.956614903270331
base,16,beta_NQ_7,0.941724899980929
base,16,beta_NQ_8,0.917262300033683
base,16,beta_NQ_9,0.884329000717108
base,16,beta_NQ_10,0.832550800768387
base,16,beta_NQ_11,0.756334200212729
base,16,beta_NQ_12,0.632437799918642
base,16,beta_NQ_13,0.474787465734491
base,16,beta_NQ_14,0.30667268796001
base,16,beta_NQ_15,0.171361734678332
base,16,beta_NQ_16,0.0819939018545653
base,16,beta_NQ_17,0.0373887680236216
base,16,h_NQ_2,96.90485881
base,16,h_NQ_3,75.2779638774
base,16,h_NQ_4,52.446085419076
base,16,h_NQ_5,33.3665887049061
base,16,h_NQ_6,23.0493879268595
base,16,h_NQ_7,17.1599877077752
base,16,h_NQ_8,12.0863886754321
base,16,h_NQ_9,8.64520925622474
base,16,h_NQ_10,5.97196044631768
base,16,h_NQ_11,4.10398176580376
base,16,h_NQ_12,2.72062796374141
base,16,h_NQ_13,1.90398580263113
base,16,h_NQ_14,1.44231982951186
base,16,h_NQ_15,1.20679914676317
base,16,h_NQ_16,1.08931738101267
base,16,h_NQ_17,1.03883573235986
base,16,P_NQ_1,0.7452685548
base,16,P_NQ_2,0.192771732017256
base,16,P_NQ_3,0.151414100029257
base,16,P_NQ_4,0.132688661983051
base,16,P_NQ_5,0.143094911028034
base,16,P_NQ_6,0.146685835980053
base,16,P_NQ_7,0.141741356065505
base,16,P_NQ_8,0.103047809106582
base,16,P_NQ_9,0.0978197702490827
base,16,P_NQ_10,0.106743503644507
base,16,P_NQ_11,0.0906977951650646
base,16,P_NQ_12,0.0653366033508566
base,16,P_NQ_13,0.0373631651163134
base,16,P_NQ_14,0.0170002795998074
base,16,P_NQ_15,0.0051338230646101
base,16,P_NQ_16,0.000850909570706809
base,16,P_NQ_17,6.71728261350859e-05
base,16,L_NQ,1.7130270054633
base,16,pi_Q,0.3
base,16,pi_NQ,0.7
base,16,y,1.79951986546106
base,16,nbar,5.23849633065215
base,16,Ptot,3.11103711912879
base,16,Pret,0.461704652128341
base,16,H,212.108026226629
base,16,cCheck,0
base,16,shareq,0.3
base,16,A,0.564562457
base,16,A_Q,2
base,16,xpop,1.064669364
base,16,h_Q_1,100
base,16,mig_Q_2,-0.238118151
base,16,med_Q_2,177.322816
base,16,mig_Q_3,0.000898207
base,16,med_Q_3,-33.64903118
base,16,mig_Q_4,0.000202843
base,16,med_Q_4,-51.56316173
base,16,mig_Q_5,5.19572e-06
base,16,med_Q_5,-33.99845771
base,16,mig_Q_6,-0.000281167
base,16,med_Q_6,-21.46716922
base,16,mig_Q_7,-0.000219673
base,16,med_Q_7,-15.27980203
base,16,mig_Q_8,0.000109959
base,16,med_Q_8,-11.2532165
base,16,mig_Q_9,0.000579933
base,16,med_Q_9,-6.650553499
base,16,mig_Q_10,0.001597144
base,16,med_Q_10,-4.094154018
base,16,mig_Q_11,0.002714691
base,16,med_Q_11,-2.542252827
base,16,mig_Q_12,0.003257356
base,16,med_Q_12,-1.494012268
base,16,mig_Q_13,0.003210995
base,16,med_Q_13,-0.902484397
base,16,mig_Q_14,0.002143075
base,16,med_Q_14,-0.493995454
base,16,mig_Q_15,0.000877584
base,16,med_Q_15,-0.246832636
base,16,mig_Q_16,0.000179671
base,16,med_Q_16,-0.109776148
base,16,mig_Q_17,1.47103e-05
base,16,med_Q_17,-0.037011451
base,16,h_NQ_1,100
base,16,mig_NQ_2,-0.550080985
base,16,med_NQ_2,-1.09514119
base,16,mig_NQ_3,0.003500625
base,16,med_NQ_3,-10.58978227
base,16,mig_NQ_4,0.00216827
base,16,med_NQ_4,-14.13316767
base,16,mig_NQ_5,0.002633772
base,16,med_NQ_5,-12.76973
base,16,mig_NQ_6,0.003033013
base,16,med_NQ_6,-8.460650274
base,16,mig_NQ_7,0.004167968
base,16,med_NQ_7,-5.434609872
base,16,mig_NQ_8,0.004728085
base,16,med_NQ_8,-4.133406098
base,16,mig_NQ_9,0.006718635
base,16,med_NQ_9,-2.572033247
base,16,mig_NQ_10,0.010711346
base,16,med_NQ_10,-1.769328821
base,16,mig_NQ_11,0.012737414
base,16,med_NQ_11,-1.252368571
base,16,mig_NQ_12,0.01383596
base,16,med_NQ_12,-1.031109607
base,16,mig_NQ_13,0.011902076
base,16,med_NQ_13,-0.63333613
base,16,mig_NQ_14,0.00724183
base,16,med_NQ_14,-0.350309867
base,16,mig_NQ_15,0.00272272
base,16,med_NQ_15,-0.175185686
base,16,mig_NQ_16,0.000523973
base,16,med_NQ_16,-0.076057385
base,16,mig_NQ_17,4.28112e-05
base,16,med_NQ_17,-0.022188309
base,17,beta_Q_2,0.99632580006316
base,17,beta_Q_3,0.995348600000026
base,17,beta_Q_4,0.992990100025498
base,17,beta_Q_5,0.989174500003026
base,17,beta_Q_6,0.983061600130601
base,17,beta_Q_7,0.974372400006731
base,17,beta_Q_8,0.960187200091938
base,17,beta_Q_9,0.938341600700665
base,17,beta_Q_10,0.901011507681763
base,17,beta_Q_11,0.832555803034897
base,17,beta_Q_12,0.725557000569642
base,17,beta_Q_13,0.571257379199914
base,17,beta_Q_14,0.391596962159212
base,17,beta_Q_15,0.226707911609078
base,17,beta_Q_16,0.111483997187932
base,17,beta_Q_17,0.0511400632691038
base,17,h_Q_2,272.168091
base,17,h_Q_3,214.98903556
base,17,h_Q_4,142.65538742436
base,17,h_Q_5,92.3744861927352
base,17,h_Q_6,59.0374533538678
base,17,h_Q_7,39.0204311018527
base,17,h_Q_8,25.1175501351317
base,17,h_Q_9,16.2183903535047
base,17,h_Q_10,10.1021835828985
base,17,h_Q_11,5.97213877706707
base,17,h_Q_12,3.64374387827255
base,17,h_Q_13,2.33239470010042
base,17,h_Q_14,1.64364630772546
base,17,h_Q_15,1.29317239821646
base,17,h_Q_16,1.12547213164871
base,17,h_Q_17,1.05389536232329
base,17,P_Q_1,0.3121457745
base,17,P_Q_2,0.0809503505609818
base,17,P_Q_3,0.0829762534761282
base,17,P_Q_4,0.0644857392690712
base,17,P_Q_5,0.0562764400389834
base,17,P_Q_6,0.0600175450519161
base,17,P_Q_7,0.0608772335716405
base,17,P_Q_8,0.0583047278787644
base,17,P_Q_9,0.0417330100856894
base,17,P_Q_10,0.0382890027655731
base,17,P_Q_11,0.0399278397790604
base,17,P_Q_12,0.0309830396665769
base,17,P_Q_13,0.0191669302732701
base,17,P_Q_14,0.00854696686512149
base,17,P_Q_15,0.00258360288578867
base,17,P_Q_16,0.000466441129042256
base,17,P_Q_17,4.1562424658737e-05
base,17,L_Q,1.00087963436899
base,17,beta_NQ_2,0.989421200000056
base,17,beta_NQ_3,0.987054500000795
base,17,beta_NQ_4,0.982480300063609
base,17,beta_NQ_5,0.973749104257002
base,17,beta_NQ_6,0.960130800152651
base,17,beta_NQ_7,0.944543500013259
base,17,beta_NQ_8,0.922948100035183
base,17,beta_NQ_9,0.894130500612635
base,17,beta_NQ_10,0.850068405174139
base,17,beta_NQ_11,0.777865101497359
base,17,beta_NQ_12,0.654689100148069
base,17,beta_NQ_13,0.492618373666824
base,17,beta_NQ_14,0.321813368040825
base,17,beta_NQ_15,0.178567506113897
base,17,beta_NQ_16,0.0848333937639328
base,17,beta_NQ_17,0.037991978255039
base,17,h_NQ_2,94.528680002
base,17,h_NQ_3,77.2469197838
base,17,h_NQ_4,57.078602939852
base,17,h_NQ_5,38.0939320106945
base,17,h_NQ_6,25.082018203808
base,17,h_NQ_7,18.0321513293223
base,17,h_NQ_8,12.9782652936197
base,17,h_NQ_9,9.4455910379235
base,17,h_NQ_10,6.66970805210024
base,17,h_NQ_11,4.50176896539132
base,17,h_NQ_12,2.89594102048769
base,17,h_NQ_13,1.97090005446658
base,17,h_NQ_14,1.4745199985785
base,17,h_NQ_15,1.21738548392162
base,17,h_NQ_16,1.09269721282791
base,17,h_NQ_17,1.03949196339242
base,17,P_NQ_1,0.7283401405
base,17,P_NQ_2,0.188884152597886
base,17,P_NQ_3,0.193611256099357
base,17,P_NQ_4,0.150466727183417
base,17,P_NQ_5,0.131311693515145
base,17,P_NQ_6,0.14004093947156
base,17,P_NQ_7,0.142046879216934
base,17,P_NQ_8,0.136044367274539
base,17,P_NQ_9,0.0973770250533109
base,17,P_NQ_10,0.0893410140518534
base,17,P_NQ_11,0.093164958456873
base,17,P_NQ_12,0.0722937780316652
base,17,P_NQ_13,0.0447229313246529
base,17,P_NQ_14,0.0199429112769135
base,17,P_NQ_15,0.00602839540223967
base,17,P_NQ_16,0.00108836218449834
base,17,P_NQ_17,9.69766605482363e-05
base,17,L_NQ,1.76441013857881
base,17,pi_Q,0.3
base,17,pi_NQ,0.7
base,17,y,2.14167080153483
base,17,nbar,5.49223879435587
base,17,Ptot,3.19257496852366
base,17,Pret,0.466684713178336
base,17,H,221.538252777183
base,17,cCheck,8.88178419700125e-16
base,17,shareq,0.3
base,17,A,0.650022108
base,17,A_Q,2
base,17,xpop,1.040485915
base,17,h_Q_1,100
base,17,mig_Q_2,-0.237290363
base,17,med_Q_2,174.168091
base,17,mig_Q_3,0.000757074
base,17,med_Q_3,-54.82732412
base,17,mig_Q_4,8.85166e-05
base,17,med_Q_4,-61.14189671
base,17,mig_Q_5,0.000112998
base,17,med_Q_5,-36.21924948
base,17,mig_Q_6,-0.000169339
base,17,med_Q_6,-20.22171604
base,17,mig_Q_7,-0.000281198
base,17,med_Q_7,-13.72161723
base,17,mig_Q_8,0.000178056
base,17,med_Q_8,-10.97542242
base,17,mig_Q_9,0.000570082
base,17,med_Q_9,-6.506774284
base,17,mig_Q_10,0.001052595
base,17,med_Q_10,-4.322499696
base,17,mig_Q_11,0.002666901
base,17,med_Q_11,-2.794666875
base,17,mig_Q_12,0.003568793
base,17,med_Q_12,-1.63916962
base,17,mig_Q_13,0.003669913
base,17,med_Q_13,-0.992702797
base,17,mig_Q_14,0.00254679
base,17,med_Q_14,-0.550893859
base,17,mig_Q_15,0.000994742
base,17,med_Q_15,-0.274103645
base,17,mig_Q_16,0.000229363
base,17,med_Q_16,-0.127844678
base,17,mig_Q_17,2.32439e-05
base,17,med_Q_17,-0.044454464
base,17,h_NQ_1,100
base,17,mig_NQ_2,-0.548693678
base,17,med_NQ_2,-3.471319998
base,17,mig_NQ_3,0.003400323
base,17,med_NQ_3,-17.71984185
base,17,mig_NQ_4,0.00193967
base,17,med_NQ_4,-16.69380166
base,17,mig_NQ_5,0.002599724
base,17,med_NQ_5,-13.3032317
base,17,mig_NQ_6,0.003154215
base,17,med_NQ_6,-7.617238727
base,17,mig_NQ_7,0.003909175
base,17,med_NQ_7,-4.556248839
base,17,mig_NQ_8,0.006030365
base,17,med_NQ_8,-3.83852266
base,17,mig_NQ_9,0.006248859
base,17,med_NQ_9,-2.399069864
base,17,mig_NQ_10,0.007901086
base,17,med_NQ_10,-1.802597019
base,17,mig_NQ_11,0.012431196
base,17,med_NQ_11,-1.350752272
base,17,mig_NQ_12,0.014933064
base,17,med_NQ_12,-1.12596111
base,17,mig_NQ_13,0.013701931
base,17,med_NQ_13,-0.69531535
base,17,mig_NQ_14,0.008484649
base,17,med_NQ_14,-0.391386088
base,17,mig_NQ_15,0.003115198
base,17,med_NQ_15,-0.196087949
base,17,mig_NQ_16,0.00066742
base,17,med_NQ_16,-0.089965951
base,17,mig_NQ_17,6.51622e-05
base,17,med_NQ_17,-0.02803907
base,18,beta_Q_2,0.996382900000455
base,18,beta_Q_3,0.995405400107134
base,18,beta_Q_4,0.993380500001188
base,18,beta_Q_5,0.990084700054153
base,18,beta_Q_6,0.985190900005658
base,18,beta_Q_7,0.976841400385225
base,18,beta_Q_8,0.963054200048628
base,18,beta_Q_9,0.944144400758802
base,18,beta_Q_10,0.911067102345237
base,18,beta_Q_11,0.85315692195343
base,18,beta_Q_12,0.753888407546073
base,18,beta_Q_13,0.603952401548845
base,18,beta_Q_14,0.420119299941581
base,18,beta_Q_15,0.245264077382464
base,18,beta_Q_16,0.119772406030654
base,18,beta_Q_17,0.0534203631472869
base,18,h_Q_2,276.4645711
base,18,h_Q_3,217.64680276
base,18,h_Q_4,151.0688118488
base,18,h_Q_5,100.854235415873
base,18,h_Q_6,67.5260481988805
base,18,h_Q_7,43.1805031367904
base,18,h_Q_8,27.0666760498156
base,18,h_Q_9,17.9033078154291
base,18,h_Q_10,11.2444325964346
base,18,h_Q_11,6.80998970624055
base,18,h_Q_12,4.06319734552573
base,18,h_Q_13,2.5249490257071
base,18,h_Q_14,1.72449264109842
base,18,h_Q_15,1.32496626257095
base,18,h_Q_16,1.13606980625214
base,18,h_Q_17,1.05642904801573
base,18,P_Q_1,0.3046097499
base,18,P_Q_2,0.0812825075150471
base,18,P_Q_3,0.0816832111003845
base,18,P_Q_4,0.0827084132390017
base,18,P_Q_5,0.063777378298809
base,18,P_Q_6,0.0551499521943769
base,18,P_Q_7,0.0582282214147476
base,18,P_Q_8,0.0586305814524964
base,18,P_Q_9,0.0551596756861765
base,18,P_Q_10,0.0386761103374053
base,18,P_Q_11,0.0337383344448971
base,18,P_Q_12,0.0326288056693203
base,18,P_Q_13,0.0218069940395757
base,18,P_Q_14,0.01056599366893
base,18,P_Q_15,0.00325267300858368
base,18,P_Q_16,0.000583724376853996
base,18,P_Q_17,5.91850288505332e-05
base,18,L_Q,1.03071757543241
base,18,beta_NQ_2,0.9894431000002
base,18,beta_NQ_3,0.98689610028047
base,18,beta_NQ_4,0.983239700000899
base,18,beta_NQ_5,0.975920500101326
base,18,beta_NQ_6,0.965115406054087
base,18,beta_NQ_7,0.949608100535751
base,18,beta_NQ_8,0.927954400058273
base,18,beta_NQ_9,0.903296400579331
base,18,beta_NQ_10,0.864080601801062
base,18,beta_NQ_11,0.8029854137084
base,18,beta_NQ_12,0.686370602963632
base,18,beta_NQ_13,0.525801600415975
base,18,beta_NQ_14,0.348146835606179
base,18,beta_NQ_15,0.194711129513996
base,18,beta_NQ_16,0.0917671042914821
base,18,beta_NQ_17,0.039948965874027
base,18,h_NQ_2,94.72477716
base,18,h_NQ_3,76.31315868196
base,18,h_NQ_4,59.664803138124
base,18,h_NQ_5,41.529101511055
base,18,h_NQ_6,28.6659442784806
base,18,h_NQ_7,19.8444591337318
base,18,h_NQ_8,13.8800981637358
base,18,h_NQ_9,10.3408766527473
base,18,h_NQ_10,7.35730146316503
base,18,h_NQ_11,5.07576595705824
base,18,h_NQ_12,3.1884765860835
base,18,h_NQ_13,2.10882196207793
base,18,h_NQ_14,1.53408373537725
base,18,h_NQ_15,1.24179021360693
base,18,h_NQ_16,1.10103917324319
base,18,h_NQ_17,1.04160698357135
base,18,P_NQ_1,0.7107560831
base,18,P_NQ_2,0.189659181821719
base,18,P_NQ_3,0.19059416280058
base,18,P_NQ_4,0.192986297988188
base,18,P_NQ_5,0.148813885815335
base,18,P_NQ_6,0.128683219364096
base,18,P_NQ_7,0.135865849113612
base,18,P_NQ_8,0.136804691289197
base,18,P_NQ_9,0.128705912216712
base,18,P_NQ_10,0.0902442583876702
base,18,P_NQ_11,0.0787227849633219
base,18,P_NQ_12,0.0761338788174624
base,18,P_NQ_13,0.0508829583601892
base,18,P_NQ_14,0.024654005158245
base,18,P_NQ_15,0.00758956493136915
base,18,P_NQ_16,0.00136202224092288
base,18,P_NQ_17,0.000138097432447068
base,18,L_NQ,1.81754485059171
base,18,pi_Q,0.3
base,18,pi_NQ,0.7
base,18,y,2.37913729761221
base,18,nbar,5.70620584192479
base,18,Ptot,3.27513836517652
base,18,Pret,0.471039390866044
base,18,H,229.345812456912
base,18,cCheck,-4.44089209850063e-16
base,18,shareq,0.3
base,18,A,0.703033956
base,18,A_Q,2
base,18,xpop,1.015365833
base,18,h_Q_1,100
base,18,mig_Q_2,-0.229716381
base,18,med_Q_2,178.4645711
base,18,mig_Q_3,0.001109393
base,18,med_Q_3,-49.07792642
base,18,mig_Q_4,0.000313815
base,18,med_Q_4,-59.620443
base,18,mig_Q_5,-1.02706e-05
base,18,med_Q_5,-38.94804426
base,18,mig_Q_6,-0.000173255
base,18,med_Q_6,-23.00094827
base,18,mig_Q_7,-0.000251218
base,18,med_Q_7,-14.67620115
base,18,mig_Q_8,0.000177041
base,18,med_Q_8,-11.17334643
base,18,mig_Q_9,0.000449924
base,18,med_Q_9,-6.711891317
base,18,mig_Q_10,0.001074188
base,18,med_Q_10,-4.64958995
base,18,mig_Q_11,0.001860603
base,18,med_Q_11,-3.090150205
base,18,mig_Q_12,0.003658882
base,18,med_Q_12,-1.789498656
base,18,mig_Q_13,0.004107704
base,18,med_Q_13,-1.045919975
base,18,mig_Q_14,0.003060282
base,18,med_Q_14,-0.561254165
base,18,mig_Q_15,0.001315008
base,18,med_Q_15,-0.285807119
base,18,mig_Q_16,0.000295694
base,18,med_Q_16,-0.131239144
base,18,mig_Q_17,3.53312e-05
base,18,med_Q_17,-0.046533641
base,18,h_NQ_1,100
base,18,mig_NQ_2,-0.530975994
base,18,med_NQ_2,-3.27522284
base,18,mig_NQ_3,0.00415521
base,18,med_NQ_3,-16.32494772
base,18,mig_NQ_4,0.002767053
base,18,med_NQ_4,-16.03717825
base,18,mig_NQ_5,0.002297045
base,18,med_NQ_5,-14.40792937
base,18,mig_NQ_6,0.002606818
base,18,med_NQ_6,-8.666109092
base,18,mig_NQ_7,0.00359109
base,18,med_NQ_7,-4.735918706
base,18,mig_NQ_8,0.005702794
base,18,med_NQ_8,-3.791410139
base,18,mig_NQ_9,0.007064494
base,18,med_NQ_9,-2.377823335
base,18,mig_NQ_10,0.007467126
base,18,med_NQ_10,-1.899377754
base,18,mig_NQ_11,0.009227528
base,18,med_NQ_11,-1.460547934
base,18,mig_NQ_12,0.015139796
base,18,med_NQ_12,-1.223257
base,18,mig_NQ_13,0.015269715
base,18,med_NQ_13,-0.729200238
base,18,mig_NQ_14,0.010261568
base,18,med_NQ_14,-0.397398318
base,18,mig_NQ_15,0.004028409
base,18,med_NQ_15,-0.203239385
base,18,mig_NQ_16,0.000850613
base,18,med_NQ_16,-0.091998601
base,18,mig_NQ_17,9.67484e-05
base,18,med_NQ_17,-0.029236285
base,19,beta_Q_2,0.996112200002019
base,19,beta_Q_3,0.995198400000949
base,19,beta_Q_4,0.993417000005918
base,19,beta_Q_5,0.990831500017762
base,19,beta_Q_6,0.987090300006913
base,19,beta_Q_7,0.98076870000953
base,19,beta_Q_8,0.968726300002532
base,19,beta_Q_9,0.951335011057293
base,19,beta_Q_10,0.924336600000898
base,19,beta_Q_11,0.877013799938162
base,19,beta_Q_12,0.797342699853427
base,19,beta_Q_13,0.661059819996658
base,19,beta_Q_14,0.481390420888964
base,19,beta_Q_15,0.289655300232739
base,19,beta_Q_16,0.147666779862596
base,19,beta_Q_17,0.0825551319466387
base,19,h_Q_2,257.2148773
base,19,h_Q_3,208.263912068
base,19,h_Q_4,151.9064256348
base,19,h_Q_5,109.069095271824
base,19,h_Q_6,77.4611339175553
base,19,h_Q_7,51.9985648649029
base,19,h_Q_8,31.9757495940546
base,19,h_Q_9,20.5486489268193
base,19,h_Q_10,13.2164296081205
base,19,h_Q_11,8.1309935545059
base,19,h_Q_12,4.93443857811574
base,19,h_Q_13,2.95037121461522
base,19,h_Q_14,1.92823272519296
base,19,h_Q_15,1.40776724327645
base,19,h_Q_16,1.17324871231954
base,19,h_Q_17,1.08998264412709
base,19,P_Q_1,0.304206375
base,19,P_Q_2,0.0843752879737753
base,19,P_Q_3,0.0840883869147266
base,19,P_Q_4,0.0833506750846026
base,19,P_Q_5,0.0834729345136919
base,19,P_Q_6,0.0638592827262049
base,19,P_Q_7,0.0548095665327333
base,19,P_Q_8,0.0571965031948342
base,19,P_Q_9,0.0565060341916074
base,19,P_Q_10,0.0519861808937078
base,19,P_Q_11,0.0352513382485919
base,19,P_Q_12,0.0285759962279203
base,19,P_Q_13,0.0242772055436565
base,19,P_Q_14,0.0129899930697368
base,19,P_Q_15,0.00445065168883907
base,19,P_Q_16,0.000837368472269033
base,19,P_Q_17,8.22046681894642e-05
base,19,L_Q,1.07077786297001
base,19,beta_NQ_2,0.988462400031308
base,19,beta_NQ_3,0.986035700002781
base,19,beta_NQ_4,0.983041900315316
base,19,beta_NQ_5,0.977549700016488
base,19,beta_NQ_6,0.969548006130814
base,19,beta_NQ_7,0.95810829998989
base,19,beta_NQ_8,0.938648500014802
base,19,beta_NQ_9,0.914904910233032
base,19,beta_NQ_10,0.882886651706954
base,19,beta_NQ_11,0.832672764376174
base,19,beta_NQ_12,0.736273933328963
base,19,beta_NQ_13,0.584975870162531
base,19,beta_NQ_14,0.405078304537439
base,19,beta_NQ_15,0.232303211906323
base,19,beta_NQ_16,0.113939246759178
base,19,beta_NQ_17,0.0621229938868753
base,19,h_NQ_2,86.67313826
base,19,h_NQ_3,71.6111799368
base,19,h_NQ_4,58.9688703383208
base,19,h_NQ_5,44.5428346153615
base,19,h_NQ_6,32.8385656048339
base,19,h_NQ_7,23.871077080911
base,19,h_NQ_8,16.2995199830572
base,19,h_NQ_9,11.7515579664611
base,19,h_NQ_10,8.53873253969239
base,19,h_NQ_11,5.97630752990173
base,19,h_NQ_12,3.79180704091707
base,19,h_NQ_13,2.40949804436183
base,19,h_NQ_14,1.68089346983638
base,19,h_NQ_15,1.3025901226697
base,19,h_NQ_16,1.1285903413348
base,19,h_NQ_17,1.06623755677833
base,19,P_NQ_1,0.709814875
base,19,P_NQ_2,0.196875672206464
base,19,P_NQ_3,0.19620623292224
base,19,P_NQ_4,0.194484910453965
base,19,P_NQ_5,0.194770179445336
base,19,P_NQ_6,0.149004994835153
base,19,P_NQ_7,0.127888987511165
base,19,P_NQ_8,0.13345850950263
base,19,P_NQ_9,0.131847416223898
base,19,P_NQ_10,0.121301090083572
base,19,P_NQ_11,0.0822531231562311
base,19,P_NQ_12,0.0666773273822516
base,19,P_NQ_13,0.0566468123280977
base,19,P_NQ_14,0.0303100559393809
base,19,P_NQ_15,0.0103848541914058
base,19,P_NQ_16,0.00195386039658393
base,19,P_NQ_17,0.000191808380022294
base,19,L_NQ,1.88745432848356
base,19,pi_Q,0.3
base,19,pi_NQ,0.7
base,19,y,2.86196056174163
base,19,nbar,5.96807145374534
base,19,Ptot,3.43438669490348
base,19,Pret,0.528169870670456
base,19,H,236.099000249591
base,19,cCheck,8.88178419700125e-16
base,19,shareq,0.3
base,19,A,0.819558266
base,19,A_Q,2
base,19,xpop,1.01402125
base,19,h_Q_1,100
base,19,mig_Q_2,-0.219132658
base,19,med_Q_2,159.2148773
base,19,mig_Q_3,0.00317934
base,19,med_Q_3,-62.67136761
base,19,mig_Q_4,0.002208166
base,19,med_Q_4,-61.38744107
base,19,mig_Q_5,0.0015846
base,19,med_Q_5,-38.97834034
base,19,mig_Q_6,0.00102639
base,19,med_Q_6,-21.37601679
base,19,mig_Q_7,0.00093681
base,19,med_Q_7,-14.17696237
base,19,mig_Q_8,0.00111957
base,19,med_Q_8,-10.34114348
base,19,mig_Q_9,0.001150299
base,19,med_Q_9,-5.976693602
base,19,mig_Q_10,0.001732015
base,19,med_Q_10,-4.328812051
base,19,mig_Q_11,0.002254547
base,19,med_Q_11,-2.88855039
base,19,mig_Q_12,0.003141057
base,19,med_Q_12,-1.739351334
base,19,mig_Q_13,0.00457096
base,19,med_Q_13,-1.031562184
base,19,mig_Q_14,0.003828454
base,19,med_Q_14,-0.54621732
base,19,mig_Q_15,0.001859193
base,19,med_Q_15,-0.282235545
base,19,mig_Q_16,0.000447788
base,19,med_Q_16,-0.125218225
base,19,mig_Q_17,5.10219e-05
base,19,med_Q_17,-0.023365766
base,19,h_NQ_1,100
base,19,mig_NQ_2,-0.50637703
base,19,med_NQ_2,-11.32686174
base,19,mig_NQ_3,0.009032326
base,19,med_NQ_3,-21.21910168
base,19,mig_NQ_4,0.007085163
base,19,med_NQ_4,-15.81802517
base,19,mig_NQ_5,0.006430895
base,19,med_NQ_5,-13.92867246
base,19,mig_NQ_6,0.005382421
base,19,med_NQ_6,-7.859953876
base,19,mig_NQ_7,0.00569036
base,19,med_NQ_7,-4.221548312
base,19,mig_NQ_8,0.007381197
base,19,med_NQ_8,-3.148049968
base,19,mig_NQ_9,0.008272231
base,19,med_NQ_9,-1.850938234
base,19,mig_NQ_10,0.010088808
base,19,med_NQ_10,-1.59532658
base,19,mig_NQ_11,0.0097883
base,19,med_NQ_11,-1.233847904
base,19,mig_NQ_12,0.012644322
base,19,med_NQ_12,-1.182443597
base,19,mig_NQ_13,0.016615497
base,19,med_NQ_13,-0.71520901
base,19,mig_NQ_14,0.012595315
base,19,med_NQ_14,-0.385752053
base,19,mig_NQ_15,0.005584445
base,19,med_NQ_15,-0.200811938
base,19,mig_NQ_16,0.001257388
base,19,med_NQ_16,-0.088364068
base,19,mig_NQ_17,0.000137397
base,19,med_NQ_17,-0.012780833
base,20,beta_Q_2,0.99686690000089
base,20,beta_Q_3,0.995923099999867
base,20,beta_Q_4,0.994020400065491
base,20,beta_Q_5,0.991077199999568
base,20,beta_Q_6,0.987600799999601
base,20,beta_Q_7,0.982250200053892
base,20,beta_Q_8,0.971854300674659
base,20,beta_Q_9,0.95534820019508
base,20,beta_Q_10,0.928243700006788
base,20,beta_Q_11,0.884935700056105
base,20,beta_Q_12,0.811040599997013
base,20,beta_Q_13,0.682805199770887
base,20,beta_Q_14,0.498147923475038
base,20,beta_Q_15,0.311240966334781
base,20,beta_Q_16,0.15924903071576
base,20,beta_Q_17,0.10149318000479
base,20,h_Q_2,319.1727044
base,20,h_Q_3,245.284407262
base,20,h_Q_4,167.23526660664
base,20,h_Q_5,112.072443622104
base,20,h_Q_6,80.6503645363875
base,20,h_Q_7,56.3386630092042
base,20,h_Q_8,35.5294059376048
base,20,h_Q_9,22.3955137331735
base,20,h_Q_10,13.9360585762829
base,20,h_Q_11,8.69079288695808
base,20,h_Q_12,5.29214211741578
base,20,h_Q_13,3.15263679855343
base,20,h_Q_14,1.99261655732291
base,20,h_Q_15,1.4518851826891
base,20,h_Q_16,1.18941279941092
base,20,h_Q_17,1.11295738707314
base,20,P_Q_1,0.2986466736
base,20,P_Q_2,0.0830792994558893
base,20,P_Q_3,0.0855906775911205
base,20,P_Q_4,0.0844860560641646
base,20,P_Q_5,0.0831130224215699
base,20,P_Q_6,0.0824548264715775
base,20,P_Q_7,0.0628632507029211
base,20,P_Q_8,0.0534285085919974
base,20,P_Q_9,0.0548544919992961
base,20,P_Q_10,0.0528876515242048
base,20,P_Q_11,0.0471929850498633
base,20,P_Q_12,0.0303438642125786
base,20,P_Q_13,0.0217427779226542
base,20,P_Q_14,0.0151596551946687
base,20,P_Q_15,0.00582143134263581
base,20,P_Q_16,0.00123747840318089
base,20,P_Q_17,0.000130289864716125
base,20,L_Q,1.09457913239884
base,20,beta_NQ_2,0.990822700003447
base,20,beta_NQ_3,0.988329599999868
base,20,beta_NQ_4,0.984818300533219
base,20,beta_NQ_5,0.978250100003701
base,20,beta_NQ_6,0.970782499999416
base,20,beta_NQ_7,0.96136910009016
base,20,beta_NQ_8,0.944761001225175
base,20,beta_NQ_9,0.921664700262691
base,20,beta_NQ_10,0.888475800048907
base,20,beta_NQ_11,0.842666999930868
base,20,beta_NQ_12,0.752367100266578
base,20,beta_NQ_13,0.608120299855312
base,20,beta_NQ_14,0.421178745216301
base,20,beta_NQ_15,0.250690372101995
base,20,beta_NQ_16,0.122887109925889
base,20,beta_NQ_17,0.0762592502847983
base,20,h_NQ_2,108.96451026
base,20,h_NQ_3,85.6868659158
base,20,h_NQ_4,65.868776223064
base,20,h_NQ_5,45.9772228915544
base,20,h_NQ_6,34.2260631460543
base,20,h_NQ_7,25.8860135217372
base,20,h_NQ_8,18.1031517532928
base,20,h_NQ_9,12.765636951396
base,20,h_NQ_10,8.96666374113188
base,20,h_NQ_11,6.35594566489854
base,20,h_NQ_12,4.03823563330369
base,20,h_NQ_13,2.55180352409873
base,20,h_NQ_14,1.72764803147459
base,20,h_NQ_15,1.33456130843965
base,20,h_NQ_16,1.14010408521631
base,20,h_NQ_17,1.0825547595081
base,20,P_NQ_1,0.6968422384
base,20,P_NQ_2,0.193851697920423
base,20,P_NQ_3,0.199711581257618
base,20,P_NQ_4,0.197134128065588
base,20,P_NQ_5,0.193930387872007
base,20,P_NQ_6,0.192394595134967
base,20,P_NQ_7,0.146680920291511
base,20,P_NQ_8,0.124666518295766
base,20,P_NQ_9,0.127993815656338
base,20,P_NQ_10,0.12340452784613
base,20,P_NQ_11,0.110116985001731
base,20,P_NQ_12,0.0708023845148298
base,20,P_NQ_13,0.0507331406055446
base,20,P_NQ_14,0.0353725276953163
base,20,P_NQ_15,0.0135834873477785
base,20,P_NQ_16,0.00288744246427267
base,20,P_NQ_17,0.000304007657472791
base,20,L_NQ,1.9282720444666
base,20,pi_Q,0.3
base,20,pi_NQ,0.7
base,20,y,3.13577722177972
base,20,nbar,6.13449117764545
base,20,Ptot,3.54344332644033
base,20,Pret,0.581720636647578
base,20,H,258.231395724349
base,20,cCheck,4.44089209850063e-16
base,20,shareq,0.3
base,20,A,0.880846471
base,20,A_Q,2
base,20,xpop,0.995488912
base,20,h_Q_1,100
base,20,mig_Q_2,-0.219944382
base,20,med_Q_2,221.1727044
base,20,mig_Q_3,0.001620526
base,20,med_Q_3,-6.786172492
base,20,mig_Q_4,0.000951223
base,20,med_Q_4,-36.86336722
base,20,mig_Q_5,0.000526548
base,20,med_Q_5,-36.7958535
base,20,mig_Q_6,5.95025e-05
base,20,med_Q_6,-26.23734883
base,20,mig_Q_7,0.000232065
base,20,med_Q_7,-19.57324823
base,20,mig_Q_8,0.00033304
base,20,med_Q_8,-15.42918763
base,20,mig_Q_9,0.000441456
base,20,med_Q_9,-8.940720869
base,20,mig_Q_10,0.000657056
base,20,med_Q_10,-6.201617372
base,20,mig_Q_11,0.001600387
base,20,med_Q_11,-4.261308129
base,20,mig_Q_12,0.002236467
base,20,med_Q_12,-2.676231566
base,20,mig_Q_13,0.002852335
base,20,med_Q_13,-1.683113008
base,20,mig_Q_14,0.003472841
base,20,med_Q_14,-0.898747233
base,20,mig_Q_15,0.002058811
base,20,med_Q_15,-0.437782888
base,20,mig_Q_16,0.000580265
base,20,med_Q_16,-0.190199099
base,20,mig_Q_17,6.11608e-05
base,20,med_Q_17,-0.036826351
base,20,h_NQ_1,100
base,20,mig_NQ_2,-0.507773617
base,20,med_NQ_2,10.96451026
base,20,mig_NQ_3,0.00558514
base,20,med_NQ_3,0.747190421
base,20,mig_NQ_4,0.00425518
base,20,med_NQ_4,-4.310180115
base,20,mig_NQ_5,0.003811722
base,20,med_NQ_5,-11.81227004
base,20,mig_NQ_6,0.003555556
base,20,med_NQ_6,-9.425914777
base,20,mig_NQ_7,0.003917998
base,20,med_NQ_7,-6.295780771
base,20,mig_NQ_8,0.004623712
base,20,med_NQ_8,-5.290503786
base,20,mig_NQ_9,0.00589197
base,20,med_NQ_9,-3.207892632
base,20,mig_NQ_10,0.006998204
base,20,med_NQ_10,-2.549863066
base,20,mig_NQ_11,0.009112871
base,20,med_NQ_11,-2.012012224
base,20,mig_NQ_12,0.010241554
base,20,med_NQ_12,-1.818545746
base,20,mig_NQ_13,0.011728513
base,20,med_NQ_13,-1.164167376
base,20,mig_NQ_14,0.012426133
base,20,med_NQ_14,-0.633660052
base,20,mig_NQ_15,0.006542364
base,20,med_NQ_15,-0.312714292
base,20,mig_NQ_16,0.0017042
base,20,med_NQ_16,-0.136434235
base,20,mig_NQ_17,0.000182628
base,20,med_NQ_17,-0.023463775
base,21,beta_Q_2,0.997947299999981
base,21,beta_Q_3,0.997289700000371
base,21,beta_Q_4,0.995694699999859
base,21,beta_Q_5,0.992675200002161
base,21,beta_Q_6,0.988263100000314
base,21,beta_Q_7,0.983035299999275
base,21,beta_Q_8,0.975710000020468
base,21,beta_Q_9,0.963067400033811
base,21,beta_Q_10,0.942124400015136
base,21,beta_Q_11,0.902773200004358
base,21,beta_Q_12,0.83872012138729
base,21,beta_Q_13,0.721246836124307
base,21,beta_Q_14,0.542904303027185
base,21,beta_Q_15,0.338483501623465
base,21,beta_Q_16,0.208098202732715
base,21,beta_Q_17,0.124041184802996
base,21,h_Q_2,487.1632484
base,21,h_Q_3,368.962845492
base,21,h_Q_4,232.27185096676
base,21,h_Q_5,136.522498944507
base,21,h_Q_6,85.2013734396619
base,21,h_Q_7,58.9459288956597
base,21,h_Q_8,41.1692054690201
base,21,h_Q_9,27.0763499158527
base,21,h_Q_10,17.27843858451
base,21,h_Q_11,10.2852299987573
base,21,h_Q_12,6.20039682521891
base,21,h_Q_13,3.58740275906747
base,21,h_Q_14,2.18772567358236
base,21,h_Q_15,1.51167374817645
base,21,h_Q_16,1.26278283903532
base,21,h_Q_17,1.1416056824227
base,21,P_Q_1,0.3
base,21,P_Q_2,0.0779479507072097
base,21,P_Q_3,0.0843684854599265
base,21,P_Q_4,0.086304972581002
base,21,P_Q_5,0.0844090928830788
base,21,P_Q_6,0.0824385544339272
base,21,P_Q_7,0.081464236797116
base,21,P_Q_8,0.0617844325500232
base,21,P_Q_9,0.051761339522472
base,21,P_Q_10,0.0520161616154193
base,21,P_Q_11,0.0485687309258955
base,21,P_Q_12,0.0410272339104912
base,21,P_Q_13,0.0238991852654904
base,21,P_Q_14,0.0137862526727491
base,21,P_Q_15,0.00693893173209077
base,21,P_Q_16,0.0016386242986931
base,21,P_Q_17,0.000202575818326078
base,21,L_Q,1.12415990294596
base,21,beta_NQ_2,0.987508100006902
base,21,beta_NQ_3,0.983809800022365
base,21,beta_NQ_4,0.979681400004373
base,21,beta_NQ_5,0.970792700009611
base,21,beta_NQ_6,0.959805900050643
base,21,beta_NQ_7,0.950309499996999
base,21,beta_NQ_8,0.9389679003774
base,21,beta_NQ_9,0.920657802025191
base,21,beta_NQ_10,0.892753200037244
base,21,beta_NQ_11,0.845000008029515
base,21,beta_NQ_12,0.757092334522423
base,21,beta_NQ_13,0.613769218079616
base,21,beta_NQ_14,0.427249906787381
base,21,beta_NQ_15,0.245702599148123
base,21,beta_NQ_16,0.142008612502477
base,21,beta_NQ_17,0.0792838006000935
base,21,h_NQ_2,80.05187361
base,21,h_NQ_3,61.7657595348
base,21,h_NQ_4,49.215989287484
base,21,h_NQ_5,34.2380158386027
base,21,h_NQ_6,24.8792733337233
base,21,h_NQ_7,20.1245710931332
base,21,h_NQ_8,16.3848204403024
base,21,h_NQ_9,12.6036333702269
base,21,h_NQ_10,9.32428753436811
base,21,h_NQ_11,6.45161290630924
base,21,h_NQ_12,4.11679003560057
base,21,h_NQ_13,2.58912546863762
base,21,h_NQ_14,1.74596215561676
base,21,h_NQ_15,1.3257370328451
base,21,h_NQ_16,1.16551257727086
base,21,h_NQ_17,1.08611100851198
base,21,P_NQ_1,0.7
base,21,P_NQ_2,0.181878552127933
base,21,P_NQ_3,0.196859798064987
base,21,P_NQ_4,0.20137827105093
base,21,P_NQ_5,0.196954549494304
base,21,P_NQ_6,0.192356628764244
base,21,P_NQ_7,0.190083218787113
base,21,P_NQ_8,0.144163678115238
base,21,P_NQ_9,0.120776457217861
base,21,P_NQ_10,0.121371045766577
base,21,P_NQ_11,0.113327046257984
base,21,P_NQ_12,0.0957302286958505
base,21,P_NQ_13,0.0557647853016294
base,21,P_NQ_14,0.0321679055011255
base,21,P_NQ_15,0.016190825130127
base,21,P_NQ_16,0.00382347250288337
base,21,P_NQ_17,0.000472674197565924
base,21,L_NQ,1.97967973430105
base,21,pi_Q,0.3
base,21,pi_NQ,0.7
base,21,y,3.67237843165909
base,21,nbar,6.41309619628984
base,21,Ptot,3.66185589815026
base,21,Pret,0.626925679592898
base,21,H,272.311788865894
base,21,cCheck,-4.44089209850063e-16
base,21,shareq,0.3
base,21,A,1
base,21,A_Q,2
base,21,xpop,1
base,21,h_Q_1,100
base,21,mig_Q_2,-0.219763033
base,21,med_Q_2,389.1632484
base,21,mig_Q_3,0.001627892
base,21,med_Q_3,56.17359518
base,21,mig_Q_4,0.001226093
base,21,med_Q_4,-8.10686815
base,21,mig_Q_5,0.000676889
base,21,med_Q_5,-27.36806233
base,21,mig_Q_6,0.000356067
base,21,med_Q_6,-24.62962131
base,21,mig_Q_7,0.000472967
base,21,med_Q_7,-20.09142835
base,21,mig_Q_8,0.000690512
base,21,med_Q_8,-14.04268428
base,21,mig_Q_9,0.00071851
base,21,med_Q_9,-7.742467903
base,21,mig_Q_10,0.001097825
base,21,med_Q_10,-4.669164874
base,21,mig_Q_11,0.00176656
base,21,med_Q_11,-3.372107406
base,21,mig_Q_12,0.002751807
base,21,med_Q_12,-2.316580204
base,21,mig_Q_13,0.003180237
base,21,med_Q_13,-1.598896516
base,21,mig_Q_14,0.002955133
base,21,med_Q_14,-0.901858389
base,21,mig_Q_15,0.002220626
base,21,med_Q_15,-0.441090478
base,21,mig_Q_16,0.000711567
base,21,med_Q_16,-0.16006464
base,21,mig_Q_17,7.69802e-05
base,21,med_Q_17,-0.024018861
base,21,h_NQ_1,100
base,21,mig_NQ_2,-0.508568556
base,21,med_NQ_2,-17.94812639
base,21,mig_NQ_3,0.005270427
base,21,med_NQ_3,-45.01946052
base,21,mig_NQ_4,0.004698651
base,21,med_NQ_4,-34.75713931
base,21,mig_NQ_5,0.004108069
base,21,med_NQ_5,-30.31338486
base,21,mig_NQ_6,0.004092402
base,21,med_NQ_6,-20.1784051
base,21,mig_NQ_7,0.005121
base,21,med_NQ_7,-13.41697079
base,21,mig_NQ_8,0.005585265
base,21,med_NQ_8,-8.983472811
base,21,mig_NQ_9,0.005875728
base,21,med_NQ_9,-5.137455348
base,21,mig_NQ_10,0.007651638
base,21,med_NQ_10,-3.186036678
base,21,mig_NQ_11,0.009338123
base,21,med_NQ_11,-2.33571756
base,21,mig_NQ_12,0.012881832
base,21,med_NQ_12,-2.112036716
base,21,mig_NQ_13,0.012708418
base,21,med_NQ_13,-1.368345452
base,21,mig_NQ_14,0.010800185
base,21,med_NQ_14,-0.754805298
base,21,mig_NQ_15,0.007323273
base,21,med_NQ_15,-0.367358038
base,21,mig_NQ_16,0.002154237
base,21,med_NQ_16,-0.142357505
base,21,mig_NQ_17,0.00025248
base,21,med_NQ_17,-0.031190995
base,22,beta_Q_2,0.998280799999971
base,22,beta_Q_3,0.997731699999976
base,22,beta_Q_4,0.996375300000702
base,22,beta_Q_5,0.993893399999639
base,22,beta_Q_6,0.989472500323064
base,22,beta_Q_7,0.983741699997244
base,22,beta_Q_8,0.977087400001782
base,22,beta_Q_9,0.966488200428574
base,22,beta_Q_10,0.950223624515064
base,22,beta_Q_11,0.916742552309607
base,22,beta_Q_12,0.858567121265618
base,22,beta_Q_13,0.752188914642618
base,22,beta_Q_14,0.577905800097401
base,22,beta_Q_15,0.365396350457373
base,22,beta_Q_16,0.191576039975639
base,22,beta_Q_17,0.185962103794283
base,22,h_Q_2,581.6658911
base,22,h_Q_3,440.858792922
base,22,h_Q_4,275.88490087216
base,22,h_Q_5,163.757246247425
base,22,h_Q_6,94.989313735617
base,22,h_Q_7,61.5070456208687
base,22,h_Q_8,43.6441084777465
base,22,h_Q_9,29.8402354096397
base,22,h_Q_10,20.0898417965357
base,22,h_Q_11,12.0109299488199
base,22,h_Q_12,7.07049067078214
base,22,h_Q_13,4.03533175071454
base,22,h_Q_14,2.36913939588612
base,22,h_Q_15,1.57578161911071
base,22,h_Q_16,1.23697450221292
base,22,h_Q_17,1.22844403625461
base,22,P_Q_1,0.3043458798
base,22,P_Q_2,0.0753739649999943
base,22,P_Q_3,0.0801695203764368
base,22,P_Q_4,0.086004067819464
base,22,P_Q_5,0.0869474759180272
base,22,P_Q_6,0.0841801138008459
base,22,P_Q_7,0.0816496550894621
base,22,P_Q_8,0.0803410254869814
base,22,P_Q_9,0.0601671518185152
base,22,P_Q_10,0.0494825009415887
base,22,P_Q_11,0.0483919356734959
base,22,P_Q_12,0.0430212338977937
base,22,P_Q_13,0.0330275316528737
base,22,P_Q_14,0.0161896095194786
base,22,P_Q_15,0.00656592607893797
base,22,P_Q_16,0.00204585822233309
base,22,P_Q_17,0.000275074799456871
base,22,L_Q,1.16044123385281
base,22,beta_NQ_2,0.989546300000006
base,22,beta_NQ_3,0.986403899999229
base,22,beta_NQ_4,0.982873300000434
base,22,beta_NQ_5,0.975717099998542
base,22,beta_NQ_6,0.964047001348653
base,22,beta_NQ_7,0.952375900018
base,22,beta_NQ_8,0.942323100000106
base,22,beta_NQ_9,0.927806100634132
base,22,beta_NQ_10,0.907065229359897
base,22,beta_NQ_11,0.865680642477568
base,22,beta_NQ_12,0.783567210970732
base,22,beta_NQ_13,0.649617903700812
base,22,beta_NQ_14,0.461536900963361
base,22,beta_NQ_15,0.268777224537005
base,22,beta_NQ_16,0.131445915791123
base,22,beta_NQ_17,0.121206750107924
base,22,h_NQ_2,95.659909888
base,22,h_NQ_3,73.5505034488
base,22,h_NQ_4,58.388364368104
base,22,h_NQ_5,41.1812427647343
base,22,h_NQ_6,27.8140906188307
base,22,h_NQ_7,20.9977721440488
base,22,h_NQ_8,17.3379637232705
base,22,h_NQ_9,13.8515857924964
base,22,h_NQ_10,10.7602318998224
base,22,h_NQ_11,7.44494094268074
base,22,h_NQ_12,4.62037177618305
base,22,h_NQ_13,2.85402707088856
base,22,h_NQ_14,1.85713747426486
base,22,h_NQ_15,1.36757092650442
base,22,h_NQ_16,1.1513387551882
base,22,h_NQ_17,1.13791818872544
base,22,P_NQ_1,0.7101403862
base,22,P_NQ_2,0.175872585004831
base,22,P_NQ_3,0.187062214997339
base,22,P_NQ_4,0.200676156572885
base,22,P_NQ_5,0.202877445476799
base,22,P_NQ_6,0.196420263646449
base,22,P_NQ_7,0.190515864702057
base,22,P_NQ_8,0.187462392841514
base,22,P_NQ_9,0.140390023025442
base,22,P_NQ_10,0.115459166670406
base,22,P_NQ_11,0.112914517647308
base,22,P_NQ_12,0.100382875015988
base,22,P_NQ_13,0.077064247613235
base,22,P_NQ_14,0.0377757643221395
base,22,P_NQ_15,0.0153204229907777
base,22,P_NQ_16,0.00477366761199957
base,22,P_NQ_17,0.000641841431518546
base,22,L_NQ,2.04365524095332
base,22,pi_Q,0.3
base,22,pi_NQ,0.7
base,22,y,4.20403554094639
base,22,nbar,6.69087371399402
base,22,Ptot,3.79392836166637
base,22,Pret,0.663332174089331
base,22,H,302.232960706092
base,22,cCheck,0
base,22,shareq,0.3
base,22,A,1.111292532
base,22,A_Q,2
base,22,xpop,1.014486266
base,22,h_Q_1,100
base,22,mig_Q_2,-0.224010225
base,22,med_Q_2,483.6658911
base,22,mig_Q_3,0.002432832
base,22,med_Q_3,-36.56119051
base,22,mig_Q_4,0.001998814
base,22,med_Q_4,-85.69868771
base,22,mig_Q_5,0.00127467
base,22,med_Q_5,-63.8691677
base,22,mig_Q_6,0.000761722
base,22,med_Q_6,-38.80273523
base,22,mig_Q_7,0.000609646
base,22,med_Q_7,-21.99030035
base,22,mig_Q_8,0.000855555
base,22,med_Q_8,-14.12290184
base,22,mig_Q_9,0.000664579
base,22,med_Q_9,-10.50558595
base,22,mig_Q_10,0.00071688
base,22,med_Q_10,-6.444981121
base,22,mig_Q_11,0.001433139
base,22,med_Q_11,-4.921939864
base,22,mig_Q_12,0.002285662
base,22,med_Q_12,-3.009034728
base,22,mig_Q_13,0.003436769
base,22,med_Q_13,-2.041057138
base,22,mig_Q_14,0.003214639
base,22,med_Q_14,-1.146515308
base,22,mig_Q_15,0.001899507
base,22,med_Q_15,-0.568189541
base,22,mig_Q_16,0.000601879
base,22,med_Q_16,-0.244465771
base,22,mig_Q_17,7.18179e-05
base,22,med_Q_17,-0.009083146
base,22,h_NQ_1,100
base,22,mig_NQ_2,-0.515383085
base,22,med_NQ_2,-2.340090112
base,22,mig_NQ_3,0.008128313
base,22,med_NQ_3,-4.900332689
base,22,mig_NQ_4,0.007816274
base,22,med_NQ_4,-2.142079976
base,22,mig_NQ_5,0.00738089
base,22,med_NQ_5,-7.050426737
base,22,mig_NQ_6,0.007382125
base,22,med_NQ_6,-5.739164903
base,22,mig_NQ_7,0.007717533
base,22,med_NQ_7,-3.383915723
base,22,mig_NQ_8,0.008980352
base,22,med_NQ_8,-2.384115948
base,22,mig_NQ_9,0.007664608
base,22,med_NQ_9,-2.205538239
base,22,mig_NQ_10,0.007635598
base,22,med_NQ_10,-1.591328803
base,22,mig_NQ_11,0.010355983
base,22,med_NQ_11,-1.692860841
base,22,mig_NQ_12,0.014583837
base,22,med_NQ_12,-1.702208872
base,22,mig_NQ_13,0.01830798
base,22,med_NQ_13,-1.180427164
base,22,mig_NQ_14,0.013950265
base,22,med_NQ_14,-0.680205485
base,22,mig_NQ_15,0.007416685
base,22,med_NQ_15,-0.343471986
base,22,mig_NQ_16,0.002474431
base,22,med_NQ_16,-0.147883537
base,22,mig_NQ_17,0.000338702
base,22,med_NQ_17,-0.004284137
base,23,beta_Q_2,0.998437700016199
base,23,beta_Q_3,0.998043699999944
base,23,beta_Q_4,0.996854699999507
base,23,beta_Q_5,0.994779900001327
base,23,beta_Q_6,0.991028999998848
base,23,beta_Q_7,0.985176100121917
base,23,beta_Q_8,0.97780249999603
base,23,beta_Q_9,0.968116499992645
base,23,beta_Q_10,0.954185100205531
base,23,beta_Q_11,0.926734308891795
base,23,beta_Q_12,0.875713916351136
base,23,beta_Q_13,0.773751701546988
base,23,beta_Q_14,0.603063500074324
base,23,beta_Q_15,0.383542360896424
base,23,beta_Q_16,0.199860006922652
base,23,beta_Q_17,0.126764098806548
base,23,h_Q_2,640.0819305
base,23,h_Q_3,511.169043588
base,23,h_Q_4,317.93469616356
base,23,h_Q_5,191.567211404717
base,23,h_Q_6,111.470293152476
base,23,h_Q_7,67.4586310309047
base,23,h_Q_8,45.0501182484513
base,23,h_Q_9,31.3641852281916
base,23,h_Q_10,21.8269602544469
base,23,h_Q_11,13.648951715605
base,23,h_Q_12,8.04595204384345
base,23,h_Q_13,4.4199227133665
base,23,h_Q_14,2.51929464770024
base,23,h_Q_15,1.6221702609684
base,23,h_Q_16,1.2497812847285
base,23,h_Q_17,1.14516592616867
base,23,P_Q_1,0.3077841666
base,23,P_Q_2,0.075935203363439
base,23,P_Q_3,0.077418532235183
base,23,P_Q_4,0.0820643909159847
base,23,P_Q_5,0.0867295713788866
base,23,P_Q_6,0.0866535193933899
base,23,P_Q_7,0.0832293902564056
base,23,P_Q_8,0.0800970432024048
base,23,P_Q_9,0.0776902875434989
base,23,P_Q_10,0.0572552912777376
base,23,P_Q_11,0.0460322822078545
base,23,P_Q_12,0.0431010799036644
base,23,P_Q_13,0.0350225232321677
base,23,P_Q_14,0.0226562281050962
base,23,P_Q_15,0.00835774423374745
base,23,P_Q_16,0.00203479611697571
base,23,P_Q_17,0.000373700419089895
base,23,L_Q,1.18285682036485
base,23,beta_NQ_2,0.990472600076074
base,23,beta_NQ_3,0.988217199999898
base,23,beta_NQ_4,0.985088499999103
base,23,beta_NQ_5,0.979207900000741
base,23,beta_NQ_6,0.969464399997845
base,23,beta_NQ_7,0.956664600400181
base,23,beta_NQ_8,0.944183200024705
base,23,beta_NQ_9,0.931204399992527
base,23,beta_NQ_10,0.914147900140892
base,23,beta_NQ_11,0.88096120871536
base,23,beta_NQ_12,0.807341310491864
base,23,beta_NQ_13,0.675434200748707
base,23,beta_NQ_14,0.486570798834349
base,23,beta_NQ_15,0.283754838344068
base,23,beta_NQ_16,0.137884601826712
base,23,beta_NQ_17,0.0815321951115927
base,23,h_NQ_2,104.960429918
base,23,h_NQ_3,84.86947075324
base,23,h_NQ_4,67.062334435824
base,23,h_NQ_5,48.0951900017419
base,23,h_NQ_6,32.7486605774396
base,23,h_NQ_7,23.0758225384541
base,23,h_NQ_8,17.9157529711678
base,23,h_NQ_9,14.5358133348051
base,23,h_NQ_10,11.6479387166465
base,23,h_NQ_11,8.40062231382592
base,23,h_NQ_12,5.19052604782713
base,23,h_NQ_13,3.08103934765939
base,23,h_NQ_14,1.94768820647079
base,23,h_NQ_15,1.39616972277957
base,23,h_NQ_16,1.15993751997433
base,23,h_NQ_17,1.08876599908443
base,23,P_NQ_1,0.7181630554
base,23,P_NQ_2,0.177182140644785
base,23,P_NQ_3,0.180643240751711
base,23,P_NQ_4,0.191483580559826
base,23,P_NQ_5,0.202368999530148
base,23,P_NQ_6,0.202191544953183
base,23,P_NQ_7,0.19420190737206
base,23,P_NQ_8,0.186893102225243
base,23,P_NQ_9,0.181277337717829
base,23,P_NQ_10,0.133595682435414
base,23,P_NQ_11,0.107408654583162
base,23,P_NQ_12,0.100569185671007
base,23,P_NQ_13,0.0817192148353464
base,23,P_NQ_14,0.0528645340184855
base,23,P_NQ_15,0.0195013550892687
base,23,P_NQ_16,0.00474784203033016
base,23,P_NQ_17,0.000871989737345923
base,23,L_NQ,2.08340799861156
base,23,pi_Q,0.3
base,23,pi_NQ,0.7
base,23,y,4.49120456468571
base,23,nbar,6.96425802399518
base,23,Ptot,3.90811911794067
base,23,Pret,0.716112103896693
base,23,H,328.38673445958
base,23,cCheck,4.44089209850063e-16
base,23,shareq,0.3
base,23,A,1.154384374
base,23,A_Q,2
base,23,xpop,1.025947222
base,23,h_Q_1,100
base,23,mig_Q_2,-0.227887445
base,23,med_Q_2,542.0819305
base,23,mig_Q_3,0.002215538
base,23,med_Q_3,-58.86352969
base,23,mig_Q_4,0.002185461
base,23,med_Q_4,-114.1069209
base,23,mig_Q_5,0.001250696
base,23,med_Q_5,-78.79999145
base,23,mig_Q_6,0.000621383
base,23,med_Q_6,-49.01180817
base,23,mig_Q_7,0.000417902
base,23,med_Q_7,-25.63089643
base,23,mig_Q_8,0.000318194
base,23,med_Q_8,-15.22678646
base,23,mig_Q_9,4.16344e-05
base,23,med_Q_9,-11.40704108
base,23,mig_Q_10,8.30422e-05
base,23,med_Q_10,-7.416470447
base,23,mig_Q_11,0.000669568
base,23,med_Q_11,-6.039093245
base,23,mig_Q_12,0.001553355
base,23,med_Q_12,-3.724759306
base,23,mig_Q_13,0.002662428
base,23,med_Q_13,-2.509158144
base,23,mig_Q_14,0.003569426
base,23,med_Q_14,-1.435330468
base,23,mig_Q_15,0.00244212
base,23,med_Q_15,-0.699586347
base,23,mig_Q_16,0.000776922
base,23,med_Q_16,-0.294484702
base,23,mig_Q_17,-6.75168e-06
base,23,med_Q_17,-0.067069086
base,23,h_NQ_1,100
base,23,mig_NQ_2,-0.525534651
base,23,med_NQ_2,6.960429918
base,23,mig_NQ_3,0.007161837
base,23,med_NQ_3,-8.877240937
base,23,mig_NQ_4,0.007625124
base,23,med_NQ_4,-5.017158944
base,23,mig_NQ_5,0.006565842
base,23,med_NQ_5,-9.125407079
base,23,mig_NQ_6,0.006608152
base,23,med_NQ_6,-7.608957332
base,23,mig_NQ_7,0.007135982
base,23,med_NQ_7,-4.181986268
base,23,mig_NQ_8,0.007365602
base,23,med_NQ_8,-2.66206373
base,23,mig_NQ_9,0.007348586
base,23,med_NQ_9,-2.455391114
base,23,mig_NQ_10,0.006252774
base,23,med_NQ_10,-1.92661536
base,23,mig_NQ_11,0.007457889
base,23,med_NQ_11,-2.144404948
base,23,mig_NQ_12,0.012093072
base,23,med_NQ_12,-2.105516076
base,23,mig_NQ_13,0.016508702
base,23,med_NQ_13,-1.446924993
base,23,mig_NQ_14,0.01729654
base,23,med_NQ_14,-0.849258323
base,23,mig_NQ_15,0.00934809
base,23,med_NQ_15,-0.423825002
base,23,mig_NQ_16,0.002734035
base,23,med_NQ_16,-0.180281988
base,23,mig_NQ_17,0.000293389
base,23,med_NQ_17,-0.039545981
base,24,beta_Q_2,0.998567900006669
base,24,beta_Q_3,0.998121900000046
base,24,beta_Q_4,0.99717630000021
base,24,beta_Q_5,0.995330300172894
base,24,beta_Q_6,0.992001400384707
base,24,beta_Q_7,0.986972899997076
base,24,beta_Q_8,0.979117000019634
base,24,beta_Q_9,0.968275900014148
base,24,beta_Q_10,0.955263415083006
base,24,beta_Q_11,0.930171300143746
base,24,beta_Q_12,0.885025600511386
base,24,beta_Q_13,0.790376500426461
base,24,beta_Q_14,0.617163904442869
base,24,beta_Q_15,0.391218915190549
base,24,beta_Q_16,0.198171666851347
base,24,beta_Q_17,0.161492363992731
base,24,h_Q_2,698.2752601
base,24,h_Q_3,532.45301103
base,24,h_Q_4,354.14527041624
base,24,h_Q_5,214.146519000289
base,24,h_Q_6,125.021878876622
base,24,h_Q_7,76.7630554594268
base,24,h_Q_8,47.8858401902866
base,24,h_Q_9,31.5217768134823
base,24,h_Q_10,22.3530621376278
base,24,h_Q_11,14.320759258358
base,24,h_Q_12,8.69758835529285
base,24,h_Q_13,4.77045751296658
base,24,h_Q_14,2.61207909009917
base,24,h_Q_15,1.64262655274624
base,24,h_Q_16,1.24714419074903
base,24,h_Q_17,1.19259147503393
base,24,P_Q_1,0.3120516879
base,24,P_Q_2,0.0746465224015065
base,24,P_Q_3,0.0782214153250949
base,24,P_Q_4,0.0796326387257055
base,24,P_Q_5,0.082838589589073
base,24,P_Q_6,0.0864514913939466
base,24,P_Q_7,0.0856854032978187
base,24,P_Q_8,0.0817680948658586
base,24,P_Q_9,0.0778115231248719
base,24,P_Q_10,0.07441611680469
base,24,P_Q_11,0.0537302147926726
base,24,P_Q_12,0.041595451130821
base,24,P_Q_13,0.035971618913973
base,24,P_Q_14,0.0248794754418253
base,24,P_Q_15,0.0119913822164365
base,24,P_Q_16,0.00284669982041452
base,24,P_Q_17,0.000390309096023489
base,24,L_Q,1.1842653950516
base,24,beta_NQ_2,0.991275700044955
base,24,beta_NQ_3,0.988687700000473
base,24,beta_NQ_4,0.986582100316149
base,24,beta_NQ_5,0.9813840006486
base,24,beta_NQ_6,0.972817001453876
base,24,beta_NQ_7,0.962049706233961
base,24,beta_NQ_8,0.947720700025409
base,24,beta_NQ_9,0.931685400202676
base,24,beta_NQ_10,0.916191929635411
base,24,beta_NQ_11,0.886391599929464
base,24,beta_NQ_12,0.82058520000954
base,24,beta_NQ_13,0.695844900463616
base,24,beta_NQ_14,0.500897139322672
base,24,beta_NQ_15,0.290317903067518
base,24,beta_NQ_16,0.136720974510348
base,24,beta_NQ_17,0.103768538782001
base,24,h_NQ_2,114.62237658
base,24,h_NQ_3,88.39935291964
base,24,h_NQ_4,74.5273105321752
base,24,h_NQ_5,53.7172324871075
base,24,h_NQ_6,36.7876981917071
base,24,h_NQ_7,26.3502528278908
base,24,h_NQ_8,19.128029641685
base,24,h_NQ_9,14.6381593467445
base,24,h_NQ_10,11.932020888109
base,24,h_NQ_11,8.80216603131353
base,24,h_NQ_12,5.5736761915494
base,24,h_NQ_13,3.28779626287059
base,24,h_NQ_14,2.0035936477062
base,24,h_NQ_15,1.40908161134137
base,24,h_NQ_16,1.15837191532398
base,24,h_NQ_17,1.11578276857485
base,24,P_NQ_1,0.7281206051
base,24,P_NQ_2,0.174175218760615
base,24,P_NQ_3,0.182516634917978
base,24,P_NQ_4,0.18580948806708
base,24,P_NQ_5,0.193290045804609
base,24,P_NQ_6,0.201720145707659
base,24,P_NQ_7,0.199932606556932
base,24,P_NQ_8,0.190792220353453
base,24,P_NQ_9,0.181560223120399
base,24,P_NQ_10,0.173637605617885
base,24,P_NQ_11,0.125370502877456
base,24,P_NQ_12,0.097056049949338
base,24,P_NQ_13,0.0839337765436449
base,24,P_NQ_14,0.0580521036425503
base,24,P_NQ_15,0.0279798753045498
base,24,P_NQ_16,0.00664228858156514
base,24,P_NQ_17,0.000910733982775899
base,24,L_NQ,2.08593770630956
base,24,pi_Q,0.3
base,24,pi_NQ,0.7
base,24,y,4.82575720330798
base,24,nbar,7.08933309224486
base,24,Ptot,4.01642875972922
base,24,Pret,0.819404204716621
base,24,H,346.811386855874
base,24,cCheck,4.44089209850063e-16
base,24,shareq,0.3
base,24,A,1.225015828
base,24,A_Q,2
base,24,xpop,1.040172293
base,24,h_Q_1,100
base,24,mig_Q_2,-0.232656793
base,24,med_Q_2,600.2752601
base,24,mig_Q_3,0.002434764
base,24,med_Q_3,-94.82728086
base,24,mig_Q_4,0.002457611
base,24,med_Q_4,-146.8003923
base,24,mig_Q_5,0.001202583
base,24,med_Q_5,-97.42948324
base,24,mig_Q_6,0.000499971
base,24,med_Q_6,-62.7139883
base,24,mig_Q_7,0.000316427
base,24,med_Q_7,-32.47783183
base,24,mig_Q_8,0.000386189
base,24,med_Q_8,-18.22361822
base,24,mig_Q_9,0.000268254
base,24,med_Q_9,-12.62733907
base,24,mig_Q_10,0.000285202
base,24,med_Q_10,-8.383839386
base,24,mig_Q_11,0.000669772
base,24,med_Q_11,-7.069661791
base,24,mig_Q_12,0.001284341
base,24,med_Q_12,-4.678384326
base,24,mig_Q_13,0.002622085
base,24,med_Q_13,-3.11457549
base,24,mig_Q_14,0.00375867
base,24,med_Q_14,-1.719445169
base,24,mig_Q_15,0.003301759
base,24,med_Q_15,-0.826282202
base,24,mig_Q_16,0.001176321
base,24,med_Q_16,-0.342582665
base,24,mig_Q_17,0.00013237
base,24,med_Q_17,-0.032194184
base,24,h_NQ_1,100
base,24,mig_NQ_2,-0.53714561
base,24,med_NQ_2,16.62237658
base,24,mig_NQ_3,0.007422196
base,24,med_NQ_3,-14.4618684
base,24,mig_NQ_4,0.007859909
base,24,med_NQ_4,-8.644770806
base,24,mig_NQ_5,0.005787811
base,24,med_NQ_5,-12.00385526
base,24,mig_NQ_6,0.005530605
base,24,med_NQ_6,-10.34558801
base,24,mig_NQ_7,0.006503113
base,24,med_NQ_7,-5.743434538
base,24,mig_NQ_8,0.007430042
base,24,med_NQ_8,-3.486276446
base,24,mig_NQ_9,0.007524544
base,24,med_NQ_9,-2.919278565
base,24,mig_NQ_10,0.007923308
base,24,med_NQ_10,-2.31307618
base,24,mig_NQ_11,0.007677889
base,24,med_NQ_11,-2.612813911
base,24,mig_NQ_12,0.010340606
base,24,med_NQ_12,-2.658933676
base,24,mig_NQ_13,0.016005909
base,24,med_NQ_13,-1.798919264
base,24,mig_NQ_14,0.01828992
base,24,med_NQ_14,-1.015824913
base,24,mig_NQ_15,0.012979308
base,24,med_NQ_15,-0.499652831
base,24,mig_NQ_16,0.003953352
base,24,med_NQ_16,-0.209874413
base,24,mig_NQ_17,0.000523632
base,24,med_NQ_17,-0.020956001
base,25,beta_Q_2,0.998632799999955
base,25,beta_Q_3,0.998197499999996
base,25,beta_Q_4,0.997334600000127
base,25,beta_Q_5,0.995742200032309
base,25,beta_Q_6,0.992592800009731
base,25,beta_Q_7,0.987996600040646
base,25,beta_Q_8,0.980881900094676
base,25,beta_Q_9,0.969825600035104
base,25,beta_Q_10,0.955121599992046
base,25,beta_Q_11,0.930302299960104
base,25,beta_Q_12,0.88686100819419
base,25,beta_Q_13,0.801346400895735
base,25,beta_Q_14,0.630152162749872
base,25,beta_Q_15,0.401319548696717
base,25,beta_Q_16,0.209842137382246
base,25,beta_Q_17,0.141344056412864
base,25,h_Q_2,731.4218841
base,25,h_Q_3,554.785020798
base,25,h_Q_4,375.1782096094
base,25,h_Q_5,234.863074807915
base,25,h_Q_6,135.003780060283
base,25,h_Q_7,83.30972895909
base,25,h_Q_8,52.3064530302383
base,25,h_Q_9,33.1406755764809
base,25,h_Q_10,22.2824343052127
base,25,h_Q_11,14.3476757398752
base,25,h_Q_12,8.83868518519084
base,25,h_Q_13,5.033888157187
base,25,h_Q_14,2.70381053670725
base,25,h_Q_15,1.67034002329719
base,25,h_Q_16,1.26556983069131
base,25,h_Q_17,1.16461046393405
base,25,P_Q_1,0.306880497
base,25,P_Q_2,0.0703933366798395
base,25,P_Q_3,0.0768607277677877
base,25,P_Q_4,0.0803230335146578
base,25,P_Q_5,0.0802344772064161
base,25,P_Q_6,0.0823301268782545
base,25,P_Q_7,0.0851402141701557
base,25,P_Q_8,0.0839215743224328
base,25,P_Q_9,0.0793560346486815
base,25,P_Q_10,0.0744058763130754
base,25,P_Q_11,0.0696131771198673
base,25,P_Q_12,0.0486338866124909
base,25,P_Q_13,0.0350861410984382
base,25,P_Q_14,0.0261296827780785
base,25,P_Q_15,0.0135357483928608
base,25,P_Q_16,0.00411624920168282
base,25,P_Q_17,0.000597353283576423
base,25,L_Q,1.16736730921578
base,25,beta_NQ_2,0.991690600000529
base,25,beta_NQ_3,0.989144200000644
base,25,beta_NQ_4,0.987363000003173
base,25,beta_NQ_5,0.983010700120059
base,25,beta_NQ_6,0.974850500042407
base,25,beta_NQ_7,0.965107800119121
base,25,beta_NQ_8,0.952190900273821
base,25,beta_NQ_9,0.935068400007744
base,25,beta_NQ_10,0.916035200054267
base,25,beta_NQ_11,0.886647899968915
base,25,beta_NQ_12,0.823275109295727
base,25,beta_NQ_13,0.709672299606467
base,25,beta_NQ_14,0.514614910536279
base,25,beta_NQ_15,0.299465121496327
base,25,beta_NQ_16,0.146564112237895
base,25,beta_NQ_17,0.0942485130586051
base,25,h_NQ_2,120.34563266
base,25,h_NQ_3,92.1166565384
base,25,h_NQ_4,79.1327055502472
base,25,h_NQ_5,58.8605769515317
base,25,h_NQ_6,39.7622219073654
base,25,h_NQ_7,28.6597004468729
base,25,h_NQ_8,20.916520074333
base,25,h_NQ_9,15.4008217888513
base,25,h_NQ_10,11.9097526658096
base,25,h_NQ_11,8.82206857834684
base,25,h_NQ_12,5.65851217868726
base,25,h_NQ_13,3.44438370371842
base,25,h_NQ_14,2.06021854361317
base,25,h_NQ_15,1.42748063175208
base,25,h_NQ_16,1.17173415911455
base,25,h_NQ_17,1.1040555850175
base,25,P_NQ_1,0.716054493
base,25,P_NQ_2,0.164251119537659
base,25,P_NQ_3,0.179341696433512
base,25,P_NQ_4,0.187420410020014
base,25,P_NQ_5,0.187213776757739
base,25,P_NQ_6,0.192103631770522
base,25,P_NQ_7,0.198660499919526
base,25,P_NQ_8,0.19581700584404
base,25,P_NQ_9,0.185164078175564
base,25,P_NQ_10,0.173613715165714
base,25,P_NQ_11,0.162430745051558
base,25,P_NQ_12,0.113479071178993
base,25,P_NQ_13,0.0818676604163889
base,25,P_NQ_14,0.0609692275632601
base,25,P_NQ_15,0.0315834099981634
base,25,P_NQ_16,0.00960452181831608
base,25,P_NQ_17,0.00139380758027739
base,25,L_NQ,2.05635761741494
base,25,pi_Q,0.3
base,25,pi_NQ,0.7
base,25,y,5.2013958608156
base,25,nbar,7.06519598604196
base,25,Ptot,4.05852700721954
base,25,Pret,0.907060273572742
base,25,H,353.046277654685
base,25,cCheck,-1.33226762955019e-15
base,25,shareq,0.3
base,25,A,1.323527466
base,25,A_Q,2
base,25,xpop,1.02293499
base,25,h_Q_1,100
base,25,mig_Q_2,-0.241211462
base,25,med_Q_2,633.4218841
base,25,mig_Q_3,0.002354399
base,25,med_Q_3,-129.5247341
base,25,mig_Q_4,0.002322492
base,25,med_Q_4,-146.6257412
base,25,mig_Q_5,0.000973699
base,25,med_Q_5,-112.1992902
base,25,mig_Q_6,0.00015413
base,25,med_Q_6,-74.85980856
base,25,mig_Q_7,-0.000185065
base,25,med_Q_7,-39.21171234
base,25,mig_Q_8,2.55393e-05
base,25,med_Q_8,-22.92134132
base,25,mig_Q_9,0.000181959
base,25,med_Q_9,-13.78744781
base,25,mig_Q_10,7.5375e-05
base,25,med_Q_10,-8.608906972
base,25,mig_Q_11,0.000393441
base,25,med_Q_11,-7.558325155
base,25,mig_Q_12,0.001081271
base,25,med_Q_12,-5.195658888
base,25,mig_Q_13,0.002210074
base,25,med_Q_13,-3.489748431
base,25,mig_Q_14,0.003929298
base,25,med_Q_14,-1.971237826
base,25,mig_Q_15,0.003802427
base,25,med_Q_15,-0.889497485
base,25,mig_Q_16,0.001739897
base,25,med_Q_16,-0.344204191
base,25,mig_Q_17,0.000137633
base,25,med_Q_17,-0.057590843
base,25,h_NQ_1,100
base,25,mig_NQ_2,-0.557517143
base,25,med_NQ_2,22.34563266
base,25,mig_NQ_3,0.0071368
base,25,med_NQ_3,-20.21327251
base,25,mig_NQ_4,0.007352765
base,25,med_NQ_4,-7.498660311
base,25,mig_NQ_5,0.004863318
base,25,med_NQ_5,-14.17618737
base,25,mig_NQ_6,0.004067789
base,25,med_NQ_6,-12.88066593
base,25,mig_NQ_7,0.004595693
base,25,med_NQ_7,-7.392243781
base,25,mig_NQ_8,0.006336736
base,25,med_NQ_8,-4.906727697
base,25,mig_NQ_9,0.007405752
base,25,med_NQ_9,-3.34464726
base,25,mig_NQ_10,0.007269704
base,25,med_NQ_10,-2.435643494
base,25,mig_NQ_11,0.00851983
base,25,med_NQ_11,-2.871311892
base,25,mig_NQ_12,0.010601892
base,25,med_NQ_12,-2.967610532
base,25,mig_NQ_13,0.014331703
base,25,med_NQ_13,-2.017818964
base,25,mig_NQ_14,0.018927039
base,25,med_NQ_14,-1.161821794
base,25,mig_NQ_15,0.014729845
base,25,med_NQ_15,-0.536041143
base,25,mig_NQ_16,0.005779086
base,25,med_NQ_16,-0.20916582
base,25,mig_NQ_17,0.000704547
base,25,med_NQ_17,-0.031148892
base,26,beta_Q_2,0.998746800005888
base,26,beta_Q_3,0.998359100014445
base,26,beta_Q_4,0.997555300010877
base,26,beta_Q_5,0.996150600061289
base,26,beta_Q_6,0.993290900091443
base,26,beta_Q_7,0.989111500126182
base,26,beta_Q_8,0.982749500339779
base,26,beta_Q_9,0.972941300825321
base,26,beta_Q_10,0.958661900182128
base,26,beta_Q_11,0.933837099979108
base,26,beta_Q_12,0.893199999924377
base,26,beta_Q_13,0.817945501768439
base,26,beta_Q_14,0.655981402941068
base,26,beta_Q_15,0.425457089935023
base,26,beta_Q_16,0.229895454642405
base,26,beta_Q_17,0.13414440357822
base,26,h_Q_2,797.9572295
base,26,h_Q_3,609.421658818
base,26,h_Q_4,409.04814498204
base,26,h_Q_5,259.780745017212
base,26,h_Q_6,149.051288531757
base,26,h_Q_7,91.8400146490773
base,26,h_Q_8,57.9693342699082
base,26,h_Q_9,36.9566904396335
base,26,h_Q_10,24.1907586829512
base,26,h_Q_11,15.1142105261084
base,26,h_Q_12,9.36329587207771
base,26,h_Q_13,5.49286068148702
base,26,h_Q_14,2.90681959504325
base,26,h_Q_15,1.74050861697311
base,26,h_Q_16,1.29852439683124
base,26,h_Q_17,1.15492698707749
base,26,P_Q_1,0.2996055927
base,26,P_Q_2,0.0720767969844878
base,26,P_Q_3,0.0725911786904739
base,26,P_Q_4,0.0789499371840052
base,26,P_Q_5,0.0809808051051543
base,26,P_Q_6,0.0798368423876335
base,26,P_Q_7,0.0812278714366304
base,26,P_Q_8,0.08359848114969
base,26,P_Q_9,0.0817341181731439
base,26,P_Q_10,0.0761853687826729
base,26,P_Q_11,0.069820434864601
base,26,P_Q_12,0.0632045634441262
base,26,P_Q_13,0.0415488109984908
base,26,P_Q_14,0.026156368695728
base,26,P_Q_15,0.0147364645000868
base,26,P_Q_16,0.00488484737382621
base,26,P_Q_17,0.000902009359372062
base,26,L_Q,1.14890247509164
base,26,beta_NQ_2,0.992391500039615
base,26,beta_NQ_3,0.990140600107284
base,26,beta_NQ_4,0.98845960007728
base,26,beta_NQ_5,0.984706600350459
base,26,beta_NQ_6,0.977306500425687
base,26,beta_NQ_7,0.968419300456607
base,26,beta_NQ_8,0.956882800844418
base,26,beta_NQ_9,0.941672201565522
base,26,beta_NQ_10,0.922522700192275
base,26,beta_NQ_11,0.89228950009065
base,26,beta_NQ_12,0.832520399951811
base,26,beta_NQ_13,0.730823999974737
base,26,beta_NQ_14,0.541515399137528
base,26,beta_NQ_15,0.319759640465486
base,26,beta_NQ_16,0.161053376295915
base,26,beta_NQ_17,0.0911675967833154
base,26,h_NQ_2,131.43195111
base,26,h_NQ_3,101.4260502668
base,26,h_NQ_4,86.652109116632
base,26,h_NQ_5,65.3876835792422
base,26,h_NQ_6,44.0654813025011
base,26,h_NQ_7,31.6649092592181
base,26,h_NQ_8,23.1926006309355
base,26,h_NQ_9,17.1444834168463
base,26,h_NQ_10,12.9070063110742
base,26,h_NQ_11,9.28414593549341
base,26,h_NQ_12,5.9708764507799
base,26,h_NQ_13,3.71504145411351
base,26,h_NQ_14,2.18109833564405
base,26,h_NQ_15,1.47006744574091
base,26,h_NQ_16,1.19197083911704
base,26,h_NQ_17,1.10031288093226
base,26,P_NQ_1,0.6990797163
base,26,P_NQ_2,0.168179191796244
base,26,P_NQ_3,0.169379417234288
base,26,P_NQ_4,0.184216517416251
base,26,P_NQ_5,0.188955213470563
base,26,P_NQ_6,0.18628596288711
base,26,P_NQ_7,0.189531702452943
base,26,P_NQ_8,0.19506312326722
base,26,P_NQ_9,0.190712941348894
base,26,P_NQ_10,0.177765859394416
base,26,P_NQ_11,0.162914353957482
base,26,P_NQ_12,0.147477312385308
base,26,P_NQ_13,0.0969472264008023
base,26,P_NQ_14,0.0610315057409944
base,26,P_NQ_15,0.0343850651397689
base,26,P_NQ_16,0.0113979774478263
base,26,P_NQ_17,0.00210467590001522
base,26,L_NQ,2.02398297352736
base,26,pi_Q,0.3
base,26,pi_NQ,0.7
base,26,y,5.37281534009923
base,26,nbar,6.97851921749391
base,26,Ptot,4.09346825437025
base,26,Pret,0.991462844385517
base,26,H,371.785150662977
base,26,cCheck,-4.44089209850063e-16
base,26,shareq,0.3
base,26,A,1.379010647
base,26,A_Q,2
base,26,xpop,0.998685309
base,26,h_Q_1,100
base,26,mig_Q_2,-0.234384133
base,26,med_Q_2,699.9572295
base,26,mig_Q_3,0.002324726
base,26,med_Q_3,-107.3717876
base,26,mig_Q_4,0.002294074
base,26,med_Q_4,-134.6411754
base,26,mig_Q_5,0.000999771
base,26,med_Q_5,-107.8939004
base,26,mig_Q_6,0.000196678
base,26,med_Q_6,-81.11452478
base,26,mig_Q_7,-0.000114014
base,26,med_Q_7,-40.46368981
base,26,mig_Q_8,8.59861e-05
base,26,med_Q_8,-23.67420011
base,26,mig_Q_9,0.000344827
base,26,med_Q_9,-14.30363353
base,26,mig_Q_10,0.000390706
base,26,med_Q_10,-8.287103382
base,26,mig_Q_11,0.000600477
base,26,med_Q_11,-6.722575093
base,26,mig_Q_12,0.001467351
base,26,med_Q_12,-4.697426353
base,26,mig_Q_13,0.002576221
base,26,med_Q_13,-3.1690508
base,26,mig_Q_14,0.004046761
base,26,med_Q_14,-2.026390799
base,26,mig_Q_15,0.004250112
base,26,med_Q_15,-0.909225709
base,26,mig_Q_16,0.002044477
base,26,med_Q_16,-0.338408826
base,26,mig_Q_17,0.000320202
base,26,med_Q_17,-0.085331447
base,26,h_NQ_1,100
base,26,mig_NQ_2,-0.541925318
base,26,med_NQ_2,33.43195111
base,26,mig_NQ_3,0.006911375
base,26,med_NQ_3,-16.51266974
base,26,mig_NQ_4,0.007141162
base,26,med_NQ_4,-3.622214291
base,26,mig_NQ_5,0.004718945
base,26,med_NQ_5,-12.16236786
base,26,mig_NQ_6,0.003780519
base,26,med_NQ_6,-13.61788411
base,26,mig_NQ_7,0.004130989
base,26,med_NQ_7,-7.30206821
base,26,mig_NQ_8,0.005900403
base,26,med_NQ_8,-4.893905807
base,26,mig_NQ_9,0.007610647
base,26,med_NQ_9,-3.353706256
base,26,mig_NQ_10,0.008149046
base,26,med_NQ_10,-2.185799042
base,26,mig_NQ_11,0.008980118
base,26,med_NQ_11,-2.387411677
base,26,mig_NQ_12,0.013752123
base,26,med_NQ_12,-2.674750756
base,26,mig_NQ_13,0.016414273
base,26,med_NQ_13,-1.830300481
base,26,mig_NQ_14,0.018901187
base,26,med_NQ_14,-1.194397694
base,26,mig_NQ_15,0.016126908
base,26,med_NQ_15,-0.548946727
base,26,mig_NQ_16,0.006768983
base,26,med_NQ_16,-0.20696018
base,26,mig_NQ_17,0.001199464
base,26,med_NQ_17,-0.047986595
base,27,beta_Q_2,0.998855500007564
base,27,beta_Q_3,0.998500000009189
base,27,beta_Q_4,0.997760700011092
base,27,beta_Q_5,0.996471500016403
base,27,beta_Q_6,0.993847900026437
base,27,beta_Q_7,0.99001940004476
base,27,beta_Q_8,0.984195300066976
base,27,beta_Q_9,0.975226300158592
base,27,beta_Q_10,0.962119300161714
base,27,beta_Q_11,0.93756790014858
base,27,beta_Q_12,0.895856444026453
base,27,beta_Q_13,0.822341166340975
base,27,beta_Q_14,0.667730822348659
base,27,beta_Q_15,0.438449067544388
base,27,beta_Q_16,0.242116452619548
base,27,beta_Q_17,0.1445777199943
base,27,h_Q_2,873.743993
base,27,h_Q_3,666.66666671
base,27,h_Q_4,446.56812394164
base,27,h_Q_5,283.406546682399
base,27,h_Q_6,162.546122426868
base,27,h_Q_7,100.194377071122
base,27,h_Q_8,63.2723176860957
base,27,h_Q_9,40.36538753451
base,27,h_Q_10,26.3986673808408
base,27,h_Q_11,16.0174013402922
base,27,h_Q_12,9.60212628958624
base,27,h_Q_13,5.62876387663616
base,27,h_Q_14,3.00960336985728
base,27,h_Q_15,1.78078185914239
base,27,h_Q_16,1.31946383563364
base,27,h_Q_17,1.16901324789462
base,27,P_Q_1,0.289519968
base,27,P_Q_2,0.0745005049729924
base,27,P_Q_3,0.0742668261693571
base,27,P_Q_4,0.0746922350367189
base,27,P_Q_5,0.0796663673006478
base,27,P_Q_6,0.0806514297930284
base,27,P_Q_7,0.0788774303393698
base,27,P_Q_8,0.0799005174680123
base,27,P_Q_9,0.0816407079968005
base,27,P_Q_10,0.0787471050375768
base,27,P_Q_11,0.0718390878448502
base,27,P_Q_12,0.0635935884157816
base,27,P_Q_13,0.054137092360361
base,27,P_Q_14,0.0316116043293233
base,27,P_Q_15,0.015128792508552
base,27,P_Q_16,0.00544961920606913
base,27,P_Q_17,0.00114787593753255
base,27,L_Q,1.12811832304318
base,27,beta_NQ_2,0.993066100055541
base,27,beta_NQ_3,0.991006400066706
base,27,beta_NQ_4,0.989459300068996
base,27,beta_NQ_5,0.986023900088483
base,27,beta_NQ_6,0.979247300123177
base,27,beta_NQ_7,0.971109400161155
base,27,beta_NQ_8,0.960532100202879
base,27,beta_NQ_9,0.946569300260194
base,27,beta_NQ_10,0.928888700277789
base,27,beta_NQ_11,0.898215800026637
base,27,beta_NQ_12,0.836512758328164
base,27,beta_NQ_13,0.736642562623966
base,27,beta_NQ_14,0.554065978743354
base,27,beta_NQ_15,0.33112415392031
base,27,beta_NQ_16,0.170241314755186
base,27,beta_NQ_17,0.0985201055612787
base,27,h_NQ_2,144.2189821
base,27,h_NQ_3,111.1901796878
base,27,h_NQ_4,94.870359653464
base,27,h_NQ_5,71.5507187342994
base,27,h_NQ_6,48.1865010376574
base,27,h_NQ_7,34.613334438451
base,27,h_NQ_8,25.3370460500337
base,27,h_NQ_9,18.7158319073168
base,27,h_NQ_10,14.0624626435094
base,27,h_NQ_11,9.82470756885276
base,27,h_NQ_12,6.11668307678354
base,27,h_NQ_13,3.7971198827643
base,27,h_NQ_14,2.24248280003124
base,27,h_NQ_15,1.49504563893117
base,27,h_NQ_16,1.20516965082609
base,27,h_NQ_17,1.1092870753347
base,27,P_NQ_1,0.675546592
base,27,P_NQ_2,0.173834512306226
base,27,P_NQ_3,0.173289260890691
base,27,P_NQ_4,0.174281880020727
base,27,P_NQ_5,0.185888185593357
base,27,P_NQ_6,0.188186669414104
base,27,P_NQ_7,0.18404733286402
base,27,P_NQ_8,0.186434543291983
base,27,P_NQ_9,0.19049498673129
base,27,P_NQ_10,0.183743246614793
base,27,P_NQ_11,0.167624536812229
base,27,P_NQ_12,0.148385044114574
base,27,P_NQ_13,0.126319879342955
base,27,P_NQ_14,0.0737604109997068
base,27,P_NQ_15,0.0353004283328076
base,27,P_NQ_16,0.0127157638349148
base,27,P_NQ_17,0.00267837821210875
base,27,L_NQ,1.98744971560516
base,27,pi_Q,0.3
base,27,pi_NQ,0.7
base,27,y,5.75613781315385
base,27,nbar,6.92365578542843
base,27,Ptot,4.11790240409346
base,27,Pret,1.07218245390413
base,27,H,394.309425564707
base,27,cCheck,4.44089209850063e-16
base,27,shareq,0.3
base,27,A,1.485581065
base,27,A_Q,2
base,27,xpop,0.96506656
base,27,h_Q_1,100
base,27,mig_Q_2,-0.224729622
base,27,med_Q_2,775.743993
base,27,mig_Q_3,0.0023083
base,27,med_Q_3,-115.3314182
base,27,mig_Q_4,0.00227852
base,27,med_Q_4,-150.6651017
base,27,mig_Q_5,0.00102034
base,27,med_Q_5,-117.4606354
base,27,mig_Q_6,0.000213933
base,27,med_Q_6,-92.03900769
base,27,mig_Q_7,-9.01086e-05
base,27,med_Q_7,-45.87588569
base,27,mig_Q_8,7.38674e-05
base,27,med_Q_8,-26.73089667
base,27,mig_Q_9,0.000304293
base,27,med_Q_9,-16.44456005
base,27,mig_Q_10,0.00039172
base,27,med_Q_10,-9.81888925
base,27,mig_Q_11,0.000694364
base,27,med_Q_11,-7.689542169
base,27,mig_Q_12,0.001229976
base,27,med_Q_12,-5.209800026
base,27,mig_Q_13,0.002439204
base,27,med_Q_13,-3.547266078
base,27,mig_Q_14,0.004356357
base,27,med_Q_14,-2.373400098
base,27,mig_Q_15,0.00400038
base,27,med_Q_15,-1.067901344
base,27,mig_Q_16,0.002061773
base,27,med_Q_16,-0.386234609
base,27,mig_Q_17,0.000492601
base,27,med_Q_17,-0.103540661
base,27,h_NQ_1,100
base,27,mig_NQ_2,-0.519926256
base,27,med_NQ_2,46.2189821
base,27,mig_NQ_3,0.006768215
base,27,med_NQ_3,-17.6131324
base,27,mig_NQ_4,0.006857169
base,27,med_NQ_4,-4.527169608
base,27,mig_NQ_5,0.004488965
base,27,med_NQ_5,-13.3683482
base,27,mig_NQ_6,0.003519511
base,27,med_NQ_6,-15.89342887
base,27,mig_NQ_7,0.003644411
base,27,med_NQ_7,-8.570837238
base,27,mig_NQ_8,0.005074917
base,27,med_NQ_8,-5.694565024
base,27,mig_NQ_9,0.006809466
base,27,med_NQ_9,-4.012916711
base,27,mig_NQ_10,0.007806229
base,27,med_NQ_10,-2.739131105
base,27,mig_NQ_11,0.009005927
base,27,med_NQ_11,-2.824158616
base,27,mig_NQ_12,0.012755521
base,27,med_NQ_12,-2.98177994
base,27,mig_NQ_13,0.01853992
base,27,med_NQ_13,-2.054339039
base,27,mig_NQ_14,0.021261995
base,27,med_NQ_14,-1.398257825
base,27,mig_NQ_15,0.015785016
base,27,med_NQ_15,-0.64243073
base,27,mig_NQ_16,0.007177933
base,27,med_NQ_16,-0.235496446
base,27,mig_NQ_17,0.001639252
base,27,med_NQ_17,-0.058844347
base,28,beta_Q_2,0.998954400006745
base,28,beta_Q_3,0.998628400008118
base,28,beta_Q_4,0.997948100010028
base,28,beta_Q_5,0.996764500014024
base,28,beta_Q_6,0.994356500022895
base,28,beta_Q_7,0.990848200038915
base,28,beta_Q_8,0.985514700064329
base,28,beta_Q_9,0.977311000091688
base,28,beta_Q_10,0.96529880023085
base,28,beta_Q_11,0.942701900190087
base,28,beta_Q_12,0.901680100356031
base,28,beta_Q_13,0.826531958927594
base,28,beta_Q_14,0.674672166675233
base,28,beta_Q_15,0.449242389033339
base,28,beta_Q_16,0.254418166790466
base,28,beta_Q_17,0.155303123380905
base,28,h_Q_2,956.3886764
base,28,h_Q_3,729.07553224
base,28,h_Q_4,487.3531848758
base,28,h_Q_5,309.071240862807
base,28,h_Q_6,177.195003048751
base,28,h_Q_7,109.26812208833
base,28,h_Q_8,69.0355049396993
base,28,h_Q_9,44.0742209423738
base,28,h_Q_10,28.8174472838198
base,28,h_Q_11,17.452585673224
base,28,h_Q_12,10.1708810064864
base,28,h_Q_13,5.76474867179452
base,28,h_Q_14,3.07382182010343
base,28,h_Q_15,1.81568049646014
base,28,h_Q_16,1.34123429695954
base,28,h_Q_17,1.18385660192097
base,28,P_Q_1,0.281860557
base,28,P_Q_2,0.077317134398814
base,28,P_Q_3,0.0766877592162175
base,28,P_Q_4,0.0763752394663398
base,28,P_Q_5,0.075452958486617
base,28,P_Q_6,0.0793964318444837
base,28,P_Q_7,0.0797579128364461
base,28,P_Q_8,0.077723687321368
base,28,P_Q_9,0.0782046680310866
base,28,P_Q_10,0.0789124908425885
base,28,P_Q_11,0.0746124309128606
base,28,P_Q_12,0.0658339387787914
base,28,P_Q_13,0.0546869566696418
base,28,P_Q_14,0.0412453562013491
base,28,P_Q_15,0.0187525644417739
base,28,P_Q_16,0.0057310365745878
base,28,P_Q_17,0.00134795551965062
base,28,L_Q,1.11458412428481
base,28,beta_NQ_2,0.993680000050041
base,28,beta_NQ_3,0.991794400059189
base,28,beta_NQ_4,0.990370500062277
base,28,beta_NQ_5,0.987225200077893
base,28,beta_NQ_6,0.981019700111639
base,28,beta_NQ_7,0.973568900151684
base,28,beta_NQ_8,0.963873900189963
base,28,beta_NQ_9,0.951062700236185
base,28,beta_NQ_10,0.934786300283455
base,28,beta_NQ_11,0.906378300288754
base,28,beta_NQ_12,0.845147400050261
base,28,beta_NQ_13,0.742250658217589
base,28,beta_NQ_14,0.561476335445756
base,28,beta_NQ_15,0.340462424467105
base,28,beta_NQ_16,0.179566010817859
base,28,beta_NQ_17,0.106128807109109
base,28,h_NQ_2,158.2278481
base,28,h_NQ_3,121.867992588
base,28,h_NQ_4,103.847551798044
base,28,h_NQ_5,78.2791120003947
base,28,h_NQ_6,52.6862062296134
base,28,h_NQ_7,37.8342180279043
base,28,h_NQ_8,27.680818020682
base,28,h_NQ_9,20.434310838033
base,28,h_NQ_10,15.3342012471704
base,28,h_NQ_11,10.6812843576392
base,28,h_NQ_12,6.4577540204757
base,28,h_NQ_13,3.87973745724787
base,28,h_NQ_14,2.28037845910902
base,28,h_NQ_15,1.51621377903062
base,28,h_NQ_16,1.21886708315254
base,28,h_NQ_17,1.11872941280957
base,28,P_NQ_1,0.657674633
base,28,P_NQ_2,0.180406645523252
base,28,P_NQ_3,0.178938103247944
base,28,P_NQ_4,0.178208890790377
base,28,P_NQ_5,0.17605690105279
base,28,P_NQ_6,0.185258337867091
base,28,P_NQ_7,0.186101797653057
base,28,P_NQ_8,0.181355268172616
base,28,P_NQ_9,0.182477562188221
base,28,P_NQ_10,0.184129147634263
base,28,P_NQ_11,0.174095672257598
base,28,P_NQ_12,0.153612524652278
base,28,P_NQ_13,0.12760290115163
base,28,P_NQ_14,0.0962391315828965
base,28,P_NQ_15,0.0437559746850923
base,28,P_NQ_16,0.0133723923307984
base,28,P_NQ_17,0.00314522539530809
base,28,L_NQ,1.96377011762239
base,28,pi_Q,0.3
base,28,pi_NQ,0.7
base,28,y,6.21821976310458
base,28,nbar,6.92181943266322
base,28,Ptot,4.14633018772783
base,28,Pret,1.13707569963111
base,28,H,424.138885583085
base,28,cCheck,-1.33226762955019e-15
base,28,shareq,0.3
base,28,A,1.605136168
base,28,A_Q,2
base,28,xpop,0.93953519
base,28,h_Q_1,100
base,28,mig_Q_2,-0.211871478
base,28,med_Q_2,858.3886764
base,28,mig_Q_3,0.002299005
base,28,med_Q_3,-127.1935809
base,28,mig_Q_4,0.002274719
base,28,med_Q_4,-165.9801485
base,28,mig_Q_5,0.001024275
base,28,med_Q_5,-128.5655206
base,28,mig_Q_6,0.00022018
base,28,med_Q_6,-100.5434127
base,28,mig_Q_7,-8.85673e-05
base,28,med_Q_7,-50.02707789
base,28,mig_Q_8,9.28911e-05
base,28,med_Q_8,-29.15498459
base,28,mig_Q_9,0.000283582
base,28,med_Q_9,-17.93265039
base,28,mig_Q_10,0.00036439
base,28,med_Q_10,-10.7406325
base,28,mig_Q_11,0.000781673
base,28,med_Q_11,-8.41810836
base,28,mig_Q_12,0.001476429
base,28,med_Q_12,-5.526172307
base,28,mig_Q_13,0.002391331
base,28,med_Q_13,-3.645335092
base,28,mig_Q_14,0.005096351
base,28,med_Q_14,-2.442366779
base,28,mig_Q_15,0.004892486
base,28,med_Q_15,-1.133730806
base,28,mig_Q_16,0.002068107
base,28,med_Q_16,-0.403931925
base,28,mig_Q_17,0.000560062
base,28,med_Q_17,-0.109217957
base,28,h_NQ_1,100
base,28,mig_NQ_2,-0.490455774
base,28,med_NQ_2,60.2278481
base,28,mig_NQ_3,0.006666989
base,28,med_NQ_3,-19.46660987
base,28,mig_NQ_4,0.00674622
base,28,med_NQ_4,-5.118824296
base,28,mig_NQ_5,0.004210802
base,28,med_NQ_5,-14.69384046
base,28,mig_NQ_6,0.003227834
base,28,med_NQ_6,-17.43349813
base,28,mig_NQ_7,0.003351954
base,28,med_NQ_7,-9.388552989
base,28,mig_NQ_8,0.004571897
base,28,med_NQ_8,-6.240249729
base,28,mig_NQ_9,0.006004347
base,28,med_NQ_9,-4.395994291
base,28,mig_NQ_10,0.007180507
base,28,med_NQ_10,-3.007314022
base,28,mig_NQ_11,0.009054585
base,28,med_NQ_11,-3.099929033
base,28,mig_NQ_12,0.013392461
base,28,med_NQ_12,-3.170459397
base,28,mig_NQ_13,0.018296162
base,28,med_NQ_13,-2.114611958
base,28,mig_NQ_14,0.026249584
base,28,med_NQ_14,-1.440799026
base,28,mig_NQ_15,0.019332121
base,28,med_NQ_15,-0.681419365
base,28,mig_NQ_16,0.007362801
base,28,med_NQ_16,-0.246277643
base,28,mig_NQ_17,0.001892467
base,28,med_NQ_17,-0.062336845
base,29,beta_Q_2,0.999044400005905
base,29,beta_Q_3,0.998745300007217
base,29,beta_Q_4,0.99811910000893
base,29,beta_Q_5,0.997032000013439
base,29,beta_Q_6,0.9948210000196
base,29,beta_Q_7,0.991605100033018
base,29,beta_Q_8,0.986719100056478
base,29,beta_Q_9,0.979213400095598
base,29,beta_Q_10,0.968202200108787
base,29,beta_Q_11,0.947434800357186
base,29,beta_Q_12,0.909868200300914
base,29,beta_Q_13,0.835661400953156
base,29,beta_Q_14,0.681522067623461
base,29,beta_Q_15,0.457188922774912
base,29,beta_Q_16,0.265002645124233
base,29,beta_Q_17,0.166266739332475
base,29,h_Q_2,1046.4629552
base,29,h_Q_3,797.003267772
base,29,h_Q_4,531.6603753952
base,29,h_Q_5,336.927223778284
base,29,h_Q_6,193.087468545551
base,29,h_Q_7,119.119941817776
base,29,h_Q_8,75.2961018965637
base,29,h_Q_9,48.1079156609053
base,29,h_Q_10,31.4487165335264
base,29,h_Q_11,19.0239931071434
base,29,h_Q_12,11.0948632857595
base,29,h_Q_13,6.08499771635664
base,29,h_Q_14,3.13993430735863
base,29,h_Q_15,1.84226150870136
base,29,h_Q_16,1.36054905553093
base,29,h_Q_17,1.19942434502035
base,29,P_Q_1,0.2809735983
base,29,P_Q_2,0.0756185956035018
base,29,P_Q_3,0.0795123332179003
base,29,P_Q_4,0.0788072046038508
base,29,P_Q_5,0.0771549603801176
base,29,P_Q_6,0.0752484837171253
base,29,P_Q_7,0.0785825158826191
base,29,P_Q_8,0.078693732846767
base,29,P_Q_9,0.0762567875868598
base,29,P_Q_10,0.0758147102228599
base,29,P_Q_11,0.0751033000660411
base,29,P_Q_12,0.0688508241933155
base,29,P_Q_13,0.0571809353827538
base,29,P_Q_14,0.0419295415451818
base,29,P_Q_15,0.0244423203564251
base,29,P_Q_16,0.00731904806789621
base,29,P_Q_17,0.00149605388024369
base,29,L_Q,1.11204681187881
base,29,beta_NQ_2,0.994238100044601
base,29,beta_NQ_3,0.992511800052943
base,29,beta_NQ_4,0.991200900055157
base,29,beta_NQ_5,0.988321000070661
base,29,beta_NQ_6,0.982638100097602
base,29,beta_NQ_7,0.975817300135451
base,29,beta_NQ_8,0.966932700181637
base,29,beta_NQ_9,0.955183000222458
base,29,beta_NQ_10,0.940206400257566
base,29,beta_NQ_11,0.913966000301985
base,29,beta_NQ_12,0.857334000343112
base,29,beta_NQ_13,0.754398600126073
base,29,beta_NQ_14,0.568885938882203
base,29,beta_NQ_15,0.347110006176202
base,29,beta_NQ_16,0.187461704283178
base,29,beta_NQ_17,0.113957001962139
base,29,h_NQ_2,173.55386244
base,29,h_NQ_3,133.543441678
base,29,h_NQ_4,113.64798672324
base,29,h_NQ_5,85.6237691620831
base,29,h_NQ_6,57.5973827703868
base,29,h_NQ_7,41.3518755150211
base,29,h_NQ_8,30.2413562683462
base,29,h_NQ_9,22.3129615962684
base,29,h_NQ_10,16.7241979032724
base,29,h_NQ_11,11.623311712227
base,29,h_NQ_12,7.00937854548645
base,29,h_NQ_13,4.07163803006619
base,29,h_NQ_14,2.31957155410291
base,29,h_NQ_15,1.53165157792683
base,29,h_NQ_16,1.23071121245001
base,29,h_NQ_17,1.12861339248949
base,29,P_NQ_1,0.6556050627
base,29,P_NQ_2,0.17644339135235
base,29,P_NQ_3,0.185528778763424
base,29,P_NQ_4,0.183883475793862
base,29,P_NQ_5,0.180028240866189
base,29,P_NQ_6,0.175579793273393
base,29,P_NQ_7,0.183359202241193
base,29,P_NQ_8,0.183618711536215
base,29,P_NQ_9,0.177932500050306
base,29,P_NQ_10,0.176900993242671
base,29,P_NQ_11,0.17524103486636
base,29,P_NQ_12,0.160651922768511
base,29,P_NQ_13,0.133422181533619
base,29,P_NQ_14,0.0978355923308642
base,29,P_NQ_15,0.0570320570673217
base,29,P_NQ_16,0.0170777728236493
base,29,P_NQ_17,0.00349078704626264
base,29,L_NQ,1.95948245222
base,29,pi_Q,0.3
base,29,pi_NQ,0.7
base,29,y,6.75702159087748
base,29,nbar,7.0078417280295
base,29,Ptot,4.17661644410965
base,29,Pret,1.17378907539398
base,29,H,456.469489947597
base,29,cCheck,4.44089209850063e-16
base,29,shareq,0.3
base,29,A,1.729204302
base,29,A_Q,2
base,29,xpop,0.936578661
base,29,h_Q_1,100
base,29,mig_Q_2,-0.205947248
base,29,med_Q_2,948.4629552
base,29,mig_Q_3,0.002301247
base,29,med_Q_3,-140.2576351
base,29,mig_Q_4,0.002276801
base,29,med_Q_4,-182.8336462
base,29,mig_Q_5,0.001026833
base,29,med_Q_5,-140.6788974
base,29,mig_Q_6,0.000221344
base,29,med_Q_6,-109.8023475
base,29,mig_Q_7,-8.72957e-05
base,29,med_Q_7,-54.53116117
base,29,mig_Q_8,9.11373e-05
base,29,med_Q_8,-31.78665775
base,29,mig_Q_9,0.000296573
base,29,med_Q_9,-19.54687918
base,29,mig_Q_10,0.000323838
base,29,med_Q_10,-11.74401999
base,29,mig_Q_11,0.000712345
base,29,med_Q_11,-9.217105231
base,29,mig_Q_12,0.00157428
base,29,med_Q_12,-6.008670674
base,29,mig_Q_13,0.002767081
base,29,med_Q_13,-3.88246567
base,29,mig_Q_14,0.005033774
base,29,med_Q_14,-2.509519391
base,29,mig_Q_15,0.005913158
base,29,med_Q_15,-1.170083875
base,29,mig_Q_16,0.002548055
base,29,med_Q_16,-0.418817831
base,29,mig_Q_17,0.000606006
base,29,med_Q_17,-0.114985266
base,29,h_NQ_1,100
base,29,mig_NQ_2,-0.477074738
base,29,med_NQ_2,75.55386244
base,29,mig_NQ_3,0.006602478
base,29,med_NQ_3,-21.51984946
base,29,mig_NQ_4,0.006668457
base,29,med_NQ_4,-5.782646013
base,29,mig_NQ_5,0.004095933
base,29,med_NQ_5,-16.1468316
base,29,mig_NQ_6,0.002864505
base,29,med_NQ_6,-19.11614699
base,29,mig_NQ_7,0.002997446
base,29,med_NQ_7,-10.28060659
base,29,mig_NQ_8,0.004240046
base,29,med_NQ_8,-6.836177399
base,29,mig_NQ_9,0.005452269
base,29,med_NQ_9,-4.814240064
base,29,mig_NQ_10,0.006323468
base,29,med_NQ_10,-3.301426718
base,29,mig_NQ_11,0.008350371
base,29,med_NQ_11,-3.40420551
base,29,mig_NQ_12,0.013515418
base,29,med_NQ_12,-3.458280125
base,29,mig_NQ_13,0.019403184
base,29,med_NQ_13,-2.25696091
base,29,mig_NQ_14,0.026189583
base,29,med_NQ_14,-1.482571154
base,29,mig_NQ_15,0.024266249
base,29,med_NQ_15,-0.703119312
base,29,mig_NQ_16,0.009220687
base,29,med_NQ_16,-0.255178291
base,29,mig_NQ_17,0.002071591
base,29,med_NQ_17,-0.065876349
base,30,beta_Q_2,0.999126400005502
base,30,beta_Q_3,0.998851900006309
base,30,beta_Q_4,0.998275200007838
base,30,beta_Q_5,0.997276400011391
base,30,beta_Q_6,0.995245400020986
base,30,beta_Q_7,0.99229630002757
base,30,beta_Q_8,0.987818900046274
base,30,beta_Q_9,0.980949800081634
base,30,beta_Q_10,0.970853600122191
base,30,beta_Q_11,0.951765100113205
base,30,beta_Q_12,0.917429600723758
base,30,beta_Q_13,0.848286200025582
base,30,beta_Q_14,0.692823465951414
base,30,beta_Q_15,0.465064923564201
base,30,beta_Q_16,0.272945306709456
base,30,beta_Q_17,0.175687730710235
base,30,h_Q_2,1144.688645
base,30,h_Q_3,871.004267896
base,30,h_Q_4,579.77736551656
base,30,h_Q_5,367.161110287296
base,30,h_Q_6,210.322635002718
base,30,h_Q_7,129.80775463464
base,30,h_Q_8,82.0943920814207
base,30,h_Q_9,52.4928871886324
base,30,h_Q_10,34.3095545076872
base,30,h_Q_11,20.7318766728558
base,30,h_Q_12,12.1108775520006
base,30,h_Q_13,6.59135818804434
base,30,h_Q_14,3.25545104302951
base,30,h_Q_15,1.86938564521145
base,30,h_Q_16,1.37541232452734
base,30,h_Q_17,1.21313247442032
base,30,P_Q_1,0.2833521261
base,30,P_Q_2,0.0697199469311237
base,30,P_Q_3,0.0778295359521438
base,30,P_Q_4,0.0816417604710608
base,30,P_Q_5,0.0796015638216456
base,30,P_Q_6,0.0769779348418212
base,30,P_Q_7,0.0745318017236529
base,30,P_Q_8,0.0776285378518718
base,30,P_Q_9,0.0773485247070974
base,30,P_Q_10,0.0741589205148262
base,30,P_Q_11,0.0724341848441332
base,30,P_Q_12,0.0697571904677483
base,30,P_Q_13,0.0604866552021655
base,30,P_Q_14,0.0445467643106978
base,30,P_Q_15,0.0251025009314876
base,30,P_Q_16,0.00950757754742656
base,30,P_Q_17,0.00194407625726675
base,30,L_Q,1.10959785921071
base,30,beta_NQ_2,0.994745900040001
base,30,beta_NQ_3,0.993165000047692
base,30,beta_NQ_4,0.991957700049225
base,30,beta_NQ_5,0.989320400062073
base,30,beta_NQ_6,0.984115800090073
base,30,beta_NQ_7,0.977871800117743
base,30,beta_NQ_8,0.96973140016252
base,30,beta_NQ_9,0.958958900217457
base,30,beta_NQ_10,0.945184000244609
base,30,beta_NQ_11,0.920960100271997
base,30,beta_NQ_12,0.868733300402307
base,30,beta_NQ_13,0.771350100066914
base,30,beta_NQ_14,0.581376032066868
base,30,beta_NQ_15,0.353774709963348
base,30,beta_NQ_16,0.193102700841009
base,30,beta_NQ_17,0.120538499654745
base,30,h_NQ_2,190.32755372
base,30,h_NQ_3,146.3057790812
base,30,h_NQ_4,124.34253882244
base,30,h_NQ_5,93.6364657787752
base,30,h_NQ_6,62.9556414588415
base,30,h_NQ_7,45.1912039749791
base,30,h_NQ_8,33.0375372507207
base,30,h_NQ_9,24.3658186589793
base,30,h_NQ_10,18.242848800343
base,30,h_NQ_11,12.6518378652069
base,30,h_NQ_12,7.61807830798248
base,30,h_NQ_13,4.37349852057672
base,30,h_NQ_14,2.38877676446486
base,30,h_NQ_15,1.54744793202086
base,30,h_NQ_16,1.2393150883683
base,30,h_NQ_17,1.13705943520101
base,30,P_NQ_1,0.6611549609
base,30,P_NQ_2,0.16267987691847
base,30,P_NQ_3,0.181602249958567
base,30,P_NQ_4,0.19049743949644
base,30,P_NQ_5,0.185736980693059
base,30,P_NQ_6,0.179615179568666
base,30,P_NQ_7,0.173907534830383
base,30,P_NQ_8,0.181133252526228
base,30,P_NQ_9,0.180479892782144
base,30,P_NQ_10,0.173037479361127
base,30,P_NQ_11,0.169013103243453
base,30,P_NQ_12,0.162766777446243
base,30,P_NQ_13,0.141135526644127
base,30,P_NQ_14,0.103942444009465
base,30,P_NQ_15,0.0585724980582187
base,30,P_NQ_16,0.0221843366166156
base,30,P_NQ_17,0.00453617479117356
base,30,L_NQ,1.95499952151388
base,30,pi_Q,0.3
base,30,pi_NQ,0.7
base,30,y,7.2852929740352
base,30,nbar,7.09560639388461
base,30,Ptot,4.18856531032055
base,30,Pret,1.19312621024617
base,30,H,483.066192569273
base,30,cCheck,0
base,30,shareq,0.3
base,30,A,1.848222955
base,30,A_Q,2
base,30,xpop,0.944507087
base,30,h_Q_1,100
base,30,mig_Q_2,-0.210985153
base,30,med_Q_2,1046.688645
base,30,mig_Q_3,0.002305819
base,30,med_Q_3,-154.5294282
base,30,mig_Q_4,0.002278982
base,30,med_Q_4,-201.2858369
base,30,mig_Q_5,0.001028259
base,30,med_Q_5,-153.8660576
base,30,mig_Q_6,0.00022256
base,30,med_Q_6,-119.8660443
base,30,mig_Q_7,-8.49785e-05
base,30,med_Q_7,-59.41796454
base,30,mig_Q_8,8.96685e-05
base,30,med_Q_8,-34.6431509
base,30,mig_Q_9,0.000290567
base,30,med_Q_9,-21.29729267
base,30,mig_Q_10,0.000326931
base,30,med_Q_10,-12.83620284
base,30,mig_Q_11,0.00060469
base,30,med_Q_11,-10.08786553
base,30,mig_Q_12,0.001423086
base,30,med_Q_12,-6.532635693
base,30,mig_Q_13,0.002950679
base,30,med_Q_13,-4.281607832
base,30,mig_Q_14,0.005576695
base,30,med_Q_14,-2.707846719
base,30,mig_Q_15,0.005932779
base,30,med_Q_15,-1.207749976
base,30,mig_Q_16,0.003030298
base,30,med_Q_16,-0.430003954
base,30,mig_Q_17,0.000727162
base,30,med_Q_17,-0.1202056
base,30,h_NQ_1,100
base,30,mig_NQ_2,-0.489147655
base,30,med_NQ_2,92.32755372
base,30,mig_NQ_3,0.006480102
base,30,med_NQ_3,-23.77700611
base,30,mig_NQ_4,0.006601147
base,30,med_NQ_4,-6.530034022
base,30,mig_NQ_5,0.00400108
base,30,med_NQ_5,-17.73856121
base,30,mig_NQ_6,0.002712571
base,30,med_NQ_6,-20.95565232
base,30,mig_NQ_7,0.002573735
base,30,med_NQ_7,-11.25423114
base,30,mig_NQ_8,0.003837244
base,30,med_NQ_8,-7.487300754
base,30,mig_NQ_9,0.005090421
base,30,med_NQ_9,-5.270710484
base,30,mig_NQ_10,0.005744204
base,30,med_NQ_10,-3.623853564
base,30,mig_NQ_11,0.00733161
base,30,med_NQ_11,-3.73787608
base,30,mig_NQ_12,0.01252668
base,30,med_NQ_12,-3.77276717
base,30,mig_NQ_13,0.019939941
base,30,med_NQ_13,-2.495692454
base,30,mig_NQ_14,0.028040441
base,30,med_NQ_14,-1.601428505
base,30,mig_NQ_15,0.024612785
base,30,med_NQ_15,-0.725732191
base,30,mig_NQ_16,0.01149301
base,30,med_NQ_16,-0.261703458
base,30,mig_NQ_17,0.002590043
base,30,med_NQ_17,-0.069037553
base,31,beta_Q_2,0.999201100004965
base,31,beta_Q_3,0.99894900000589
base,31,beta_Q_4,0.9984177000069
base,31,beta_Q_5,0.997499600010505
base,31,beta_Q_6,0.995633400017744
base,31,beta_Q_7,0.992928000032689
base,31,beta_Q_8,0.988823400037651
base,31,beta_Q_9,0.9825352000666
base,31,beta_Q_10,0.973275500101007
base,31,beta_Q_11,0.955727200158588
base,31,beta_Q_12,0.924354500154249
base,31,beta_Q_13,0.860054901228694
base,31,beta_Q_14,0.706900998811492
base,31,beta_Q_15,0.475543192940749
base,31,beta_Q_16,0.280885408102888
base,31,beta_Q_17,0.182826800014415
base,31,h_Q_2,1251.721117
base,31,h_Q_3,951.4747862
base,31,h_Q_4,631.99140493808
base,31,h_Q_5,399.936010306229
base,31,h_Q_6,229.01112998155
base,31,h_Q_7,141.402715012664
base,31,h_Q_8,89.4726481319471
base,31,h_Q_9,57.2580275297922
base,31,h_Q_10,37.4188478448598
base,31,h_Q_11,22.5872318775334
base,31,h_Q_12,13.2195569743987
base,31,h_Q_13,7.14565930696054
base,31,h_Q_14,3.41181647128346
base,31,h_Q_15,1.90673441016892
base,31,h_Q_16,1.39059893430723
base,31,h_Q_17,1.22373077603679
base,31,P_Q_1,0.2832225447
base,31,P_Q_2,0.0661848316841979
base,31,P_Q_3,0.071951826460492
base,31,P_Q_4,0.0799783415691436
base,31,P_Q_5,0.0824493079731718
base,31,P_Q_6,0.0794453302279697
base,31,P_Q_7,0.0763018258273025
base,31,P_Q_8,0.0737128536971259
base,31,P_Q_9,0.0764340116864232
base,31,P_Q_10,0.0754065566760257
base,31,P_Q_11,0.0711528644080807
base,31,P_Q_12,0.067651708280304
base,31,P_Q_13,0.0619447060263469
base,31,P_Q_14,0.0479448471009724
base,31,P_Q_15,0.0272311485391872
base,31,P_Q_16,0.00990621281591927
base,31,P_Q_17,0.00253638572385895
base,31,L_Q,1.09939801028155
base,31,beta_NQ_2,0.995207700035668
base,31,beta_NQ_3,0.993759700042608
base,31,beta_NQ_4,0.992647600044338
base,31,beta_NQ_5,0.990231900055803
base,31,beta_NQ_6,0.985464900078365
base,31,beta_NQ_7,0.979749100110498
base,31,beta_NQ_8,0.97229120013987
base,31,beta_NQ_9,0.962417200193784
base,31,beta_NQ_10,0.949751900245191
base,31,beta_NQ_11,0.927400800261182
base,31,beta_NQ_12,0.879296200358413
base,31,beta_NQ_13,0.787429700165937
base,31,beta_NQ_14,0.59719125653519
base,31,beta_NQ_15,0.363096030026061
base,31,beta_NQ_16,0.198786506105067
base,31,beta_NQ_17,0.125249499392663
base,31,h_NQ_2,208.6680717
base,31,h_NQ_3,160.2487059956
base,31,h_NQ_4,136.010010339576
base,31,h_NQ_5,102.374054315991
base,31,h_NQ_6,68.7989762631997
base,31,h_NQ_7,49.3805213596646
base,31,h_NQ_8,36.0896177294795
base,31,h_NQ_9,26.6079163877063
base,31,h_NQ_10,19.9012500017997
base,31,h_NQ_11,13.7742564623362
base,31,h_NQ_12,8.28474330990278
base,31,h_NQ_13,4.70432604982283
base,31,h_NQ_14,2.48256186216518
base,31,h_NQ_15,1.57009533817557
base,31,h_NQ_16,1.24810678438044
base,31,h_NQ_17,1.14318311160093
base,31,P_NQ_1,0.6608526043
base,31,P_NQ_2,0.154431274646382
base,31,P_NQ_3,0.16788759696749
base,31,P_NQ_4,0.186616131192665
base,31,P_NQ_5,0.192381719053419
base,31,P_NQ_6,0.185372432361064
base,31,P_NQ_7,0.178037591973283
base,31,P_NQ_8,0.171996657249879
base,31,P_NQ_9,0.178346025635362
base,31,P_NQ_10,0.175948635023545
base,31,P_NQ_11,0.166023348343237
base,31,P_NQ_12,0.15785398799192
base,31,P_NQ_13,0.144537649070729
base,31,P_NQ_14,0.11187127646403
base,31,P_NQ_15,0.06353933998233
base,31,P_NQ_16,0.0231144955700468
base,31,P_NQ_17,0.00591822965160267
base,31,L_NQ,1.93647307274711
base,31,pi_Q,0.3
base,31,pi_NQ,0.7
base,31,y,7.78201560693706
base,31,nbar,7.10947515150502
base,31,Ptot,4.17818429887351
base,31,Pret,1.21258139166814
base,31,H,505.890719307676
base,31,cCheck,4.44089209850063e-16
base,31,shareq,0.3
base,31,A,1.971541027
base,31,A_Q,2
base,31,xpop,0.944075149
base,31,h_Q_1,100
base,31,mig_Q_2,-0.216919758
base,31,med_Q_2,1153.721117
base,31,mig_Q_3,0.002311925
base,31,med_Q_3,-170.3200859
base,31,mig_Q_4,0.002283046
base,31,med_Q_4,-221.5927776
base,31,mig_Q_5,0.001029907
base,31,med_Q_5,-168.2458079
base,31,mig_Q_6,0.00022224
base,31,med_Q_6,-130.8067581
base,31,mig_Q_7,-8.30941e-05
base,31,med_Q_7,-64.71346729
base,31,mig_Q_8,8.89313e-05
base,31,med_Q_8,-37.73895141
base,31,mig_Q_9,0.000284313
base,31,med_Q_9,-23.19447671
base,31,mig_Q_10,0.000312463
base,31,med_Q_10,-14.0241816
base,31,mig_Q_11,0.000570992
base,31,med_Q_11,-11.03613154
base,31,mig_Q_12,0.001198443
base,31,med_Q_12,-7.097682165
base,31,mig_Q_13,0.002770644
base,31,med_Q_13,-4.723000694
base,31,mig_Q_14,0.006038273
base,31,med_Q_14,-3.047714553
base,31,mig_Q_15,0.006514011
base,31,med_Q_15,-1.283607612
base,31,mig_Q_16,0.003054603
base,31,med_Q_16,-0.441398998
base,31,mig_Q_17,0.000866021
base,31,med_Q_17,-0.124173302
base,31,h_NQ_1,100
base,31,mig_NQ_2,-0.503249912
base,31,med_NQ_2,110.6680717
base,31,mig_NQ_3,0.006319637
base,31,med_NQ_3,-26.27229665
base,31,mig_NQ_4,0.006474381
base,31,med_NQ_4,-7.36965316
base,31,mig_NQ_5,0.003918716
base,31,med_NQ_5,-19.48163373
base,31,mig_NQ_6,0.002585735
base,31,med_NQ_6,-22.9647602
base,31,mig_NQ_7,0.002396973
base,31,med_NQ_7,-12.31600727
base,31,mig_NQ_8,0.00335306
base,31,med_NQ_8,-8.197762166
base,31,mig_NQ_9,0.004646681
base,31,med_NQ_9,-5.768870118
base,31,mig_NQ_10,0.005361928
base,31,med_NQ_10,-3.977252284
base,31,mig_NQ_11,0.006662734
base,31,med_NQ_11,-4.103735362
base,31,mig_NQ_12,0.011026677
base,31,med_NQ_12,-4.114057798
base,31,mig_NQ_13,0.018987479
base,31,med_NQ_13,-2.761390692
base,31,mig_NQ_14,0.029818464
base,31,med_NQ_14,-1.803466688
base,31,mig_NQ_15,0.026767132
base,31,med_NQ_15,-0.770905891
base,31,mig_NQ_16,0.011803988
base,31,med_NQ_16,-0.268392189
base,31,mig_NQ_17,0.003244163
base,31,med_NQ_17,-0.071345675
base,32,beta_Q_2,0.999269100004051
base,32,beta_Q_3,0.999037600005409
base,32,beta_Q_4,0.998547900006572
base,32,beta_Q_5,0.99770360000889
base,32,beta_Q_6,0.995988100016699
base,32,beta_Q_7,0.993505400026843
base,32,beta_Q_8,0.989741200050571
base,32,beta_Q_9,0.983982900051167
base,32,beta_Q_10,0.975488100082098
base,32,beta_Q_11,0.959352600108905
base,32,beta_Q_12,0.930694600282621
base,32,beta_Q_13,0.87094089970365
base,32,beta_Q_14,0.720448003460304
base,32,beta_Q_15,0.487967973946839
base,32,beta_Q_16,0.291303050042397
base,32,beta_Q_17,0.190079902031803
base,32,h_Q_2,1368.176221
base,32,h_Q_3,1039.06899466
base,32,h_Q_4,688.657806176
base,32,h_Q_5,435.464204839318
base,32,h_Q_6,249.258456200104
base,32,h_Q_7,153.974070801919
base,32,h_Q_8,97.4772878724105
base,32,h_Q_9,62.4332743593082
base,32,h_Q_10,40.7965110391964
base,32,h_Q_11,24.6018195179626
base,32,h_Q_12,14.4288900889828
base,32,h_Q_13,7.74838810391073
base,32,h_Q_14,3.57715205882133
base,32,h_Q_15,1.95300216085779
base,32,h_Q_16,1.41104029496554
base,32,h_Q_17,1.23468968862108
base,32,P_Q_1,0.2793091446
base,32,P_Q_2,0.0668246582104452
base,32,P_Q_3,0.0684317514264877
base,32,P_Q_4,0.07412651408598
base,32,P_Q_5,0.0808111477247242
base,32,P_Q_6,0.0823117918264391
base,32,P_Q_7,0.0787999932551945
base,32,P_Q_8,0.0755384868436339
base,32,P_Q_9,0.0727043294547856
base,32,P_Q_10,0.0746869129488298
base,32,P_Q_11,0.072595159285578
base,32,P_Q_12,0.0668715004144745
base,32,P_Q_13,0.0606186892829693
base,32,P_Q_14,0.0499259085611089
base,32,P_Q_15,0.0299110906754525
base,32,P_Q_16,0.01102520827054
base,32,P_Q_17,0.0027762241893963
base,32,L_Q,1.08670103979578
base,32,beta_NQ_2,0.995627800032365
base,32,beta_NQ_3,0.994301400037895
base,32,beta_NQ_4,0.993276500039549
base,32,beta_NQ_5,0.991063400050626
base,32,beta_NQ_6,0.98669650007128
base,32,beta_NQ_7,0.981464100096166
base,32,beta_NQ_8,0.974632000133309
base,32,beta_NQ_9,0.965583600165624
base,32,beta_NQ_10,0.953941300216055
base,32,beta_NQ_11,0.933326700278642
base,32,beta_NQ_12,0.889069100360612
base,32,beta_NQ_13,0.802548500099496
base,32,beta_NQ_14,0.612639979588461
base,32,beta_NQ_15,0.374459167163718
base,32,beta_NQ_16,0.206698508885527
base,32,beta_NQ_17,0.13006720557363
base,32,h_NQ_2,228.717808
base,32,h_NQ_3,175.481697256
base,32,h_NQ_4,148.732059198688
base,32,h_NQ_5,111.899380082784
base,32,h_NQ_6,75.1681888196714
base,32,h_NQ_7,53.9493631179357
base,32,h_NQ_8,39.4197414064713
base,32,h_NQ_9,29.0559151938899
base,32,h_NQ_10,21.7114247689522
base,32,h_NQ_11,14.9985076527637
base,32,h_NQ_12,9.01462081008943
base,32,h_NQ_13,5.06453483170472
base,32,h_NQ_14,2.58157119482637
base,32,h_NQ_15,1.59861649092188
base,32,h_NQ_16,1.26055478441206
base,32,h_NQ_17,1.14951408369283
base,32,P_NQ_1,0.6517213374
base,32,P_NQ_2,0.155924203387985
base,32,P_NQ_3,0.159674087169786
base,32,P_NQ_4,0.17296186720699
base,32,P_NQ_5,0.188559346171975
base,32,P_NQ_6,0.192060848543882
base,32,P_NQ_7,0.183866647791046
base,32,P_NQ_8,0.176256467969716
base,32,P_NQ_9,0.169643432313118
base,32,P_NQ_10,0.174269461748363
base,32,P_NQ_11,0.169388707925698
base,32,P_NQ_12,0.15603349836899
base,32,P_NQ_13,0.141443611434475
base,32,P_NQ_14,0.116493926265191
base,32,P_NQ_15,0.0697925173580372
base,32,P_NQ_16,0.0257254813953094
base,32,P_NQ_17,0.00647785499886228
base,32,L_NQ,1.91371981910523
base,32,pi_Q,0.3
base,32,pi_NQ,0.7
base,32,y,8.2868457890209
base,32,nbar,7.09185700603446
base,32,Ptot,4.15756180850546
base,32,Pret,1.22803575312327
base,32,H,533.167609229056
base,32,cCheck,0
base,32,shareq,0.3
base,32,A,2.103087189
base,32,A_Q,2
base,32,xpop,0.931030482
base,32,h_Q_1,100
base,32,mig_Q_2,-0.21617162
base,32,med_Q_2,1270.176221
base,32,mig_Q_3,0.00231648
base,32,med_Q_3,-187.6177
base,32,mig_Q_4,0.002288537
base,32,med_Q_4,-243.7874843
base,32,mig_Q_5,0.001032784
base,32,med_Q_5,-183.887372
base,32,mig_Q_6,0.000222507
base,32,med_Q_6,-142.6788339
base,32,mig_Q_7,-8.34996e-05
base,32,med_Q_7,-70.45683658
base,32,mig_Q_8,8.9456e-05
base,32,med_Q_8,-41.09737284
base,32,mig_Q_9,0.000278856
base,32,med_Q_9,-25.24992081
base,32,mig_Q_10,0.000295562
base,32,med_Q_10,-15.31635594
base,32,mig_Q_11,0.000527062
base,32,med_Q_11,-12.06865137
base,32,mig_Q_12,0.00110103
base,32,med_Q_12,-7.706597151
base,32,mig_Q_13,0.002434506
base,32,med_Q_13,-5.206777731
base,32,mig_Q_14,0.006137134
base,32,med_Q_14,-3.425594062
base,32,mig_Q_15,0.007111245
base,32,med_Q_15,-1.390577981
base,32,mig_Q_16,0.003376376
base,32,med_Q_16,-0.457559427
base,32,mig_Q_17,0.000965103
base,32,med_Q_17,-0.128097267
base,32,h_NQ_1,100
base,32,mig_NQ_2,-0.501761397
base,32,med_NQ_2,130.717808
base,32,mig_NQ_3,0.00620651
base,32,med_NQ_3,-29.01301301
base,32,mig_NQ_4,0.006308647
base,32,med_NQ_4,-8.311672677
base,32,mig_NQ_5,0.0037661
base,32,med_NQ_5,-21.39043005
base,32,mig_NQ_6,0.002475417
base,32,med_NQ_6,-25.15838441
base,32,mig_NQ_7,0.002248174
base,32,med_NQ_7,-13.47363362
base,32,mig_NQ_8,0.003152084
base,32,med_NQ_8,-8.973169526
base,32,mig_NQ_9,0.004110891
base,32,med_NQ_9,-6.311910181
base,32,mig_NQ_10,0.004884985
base,32,med_NQ_10,-4.364333291
base,32,mig_NQ_11,0.006213803
base,32,med_NQ_11,-4.504717349
base,32,mig_NQ_12,0.010049799
base,32,med_NQ_12,-4.484150523
base,32,mig_NQ_13,0.017144693
base,32,med_NQ_13,-3.054513612
base,32,mig_NQ_14,0.030177306
base,32,med_NQ_14,-2.028668334
base,32,mig_NQ_15,0.029172501
base,32,med_NQ_15,-0.834294134
base,32,mig_NQ_16,0.013094718
base,32,med_NQ_16,-0.278138647
base,32,mig_NQ_17,0.003582776
base,32,med_NQ_17,-0.073630565
base,33,beta_Q_2,0.999331100003848
base,33,beta_Q_3,0.99911830000427
base,33,beta_Q_4,0.998666800006164
base,33,beta_Q_5,0.997890200009164
base,33,beta_Q_6,0.996312500012747
base,33,beta_Q_7,0.994033200025952
base,33,beta_Q_8,0.990580000040723
base,33,beta_Q_9,0.985305400080463
base,33,beta_Q_10,0.977510000054601
base,33,beta_Q_11,0.962670300082601
base,33,beta_Q_12,0.936498500182189
base,33,beta_Q_13,0.88100390014641
base,33,beta_Q_14,0.733422297417913
base,33,beta_Q_15,0.500254993343758
base,33,beta_Q_16,0.303879367492908
base,33,beta_Q_17,0.199849538965479
base,33,h_Q_2,1494.991778
base,33,h_Q_3,1134.17262098
base,33,h_Q_4,750.0750079668
base,33,h_Q_5,473.97857645248
base,33,h_Q_6,271.186440642532
base,33,h_Q_7,167.594020346102
base,33,h_Q_8,106.157112565881
base,33,h_Q_9,68.0522097349623
base,33,h_Q_10,44.464206232122
base,33,h_Q_11,26.7883213184125
base,33,h_Q_12,15.7476594726033
base,33,h_Q_13,8.40363674620311
base,33,h_Q_14,3.75125147483252
base,33,h_Q_15,2.00101976264491
base,33,h_Q_16,1.43653247264063
base,33,h_Q_17,1.24976492106623
base,33,P_Q_1,0.2728829697
base,33,P_Q_2,0.0680530875473432
base,33,P_Q_3,0.0690791191597449
base,33,P_Q_4,0.070625268680691
base,33,P_Q_5,0.074993456959692
base,33,P_Q_6,0.0807093744825169
base,33,P_Q_7,0.0816939958654526
base,33,P_Q_8,0.0780791852883731
base,33,P_Q_9,0.0746060143498758
base,33,P_Q_10,0.0711997692075917
base,33,P_Q_11,0.0721264721315673
base,33,P_Q_12,0.0685634817537442
base,33,P_Q_13,0.0605398167355155
base,33,P_Q_14,0.0495108806662957
base,33,P_Q_15,0.0318012424480195
base,33,P_Q_16,0.012408367943854
base,33,P_Q_17,0.00319390850794446
base,33,L_Q,1.07653679550832
base,33,beta_NQ_2,0.996010100027693
base,33,beta_NQ_3,0.994794500034543
base,33,beta_NQ_4,0.993849800034964
base,33,beta_NQ_5,0.991821900044768
base,33,beta_NQ_6,0.987820900065339
base,33,beta_NQ_7,0.983030700088044
base,33,beta_NQ_8,0.976772100115308
base,33,beta_NQ_9,0.968481400160999
base,33,beta_NQ_10,0.957781700181515
base,33,beta_NQ_11,0.938775200242247
base,33,beta_NQ_12,0.898099100429958
base,33,beta_NQ_13,0.816738200140866
base,33,beta_NQ_14,0.627654083587172
base,33,beta_NQ_15,0.385817471492571
base,33,beta_NQ_16,0.216589118704366
base,33,beta_NQ_17,0.136997204856169
base,33,h_NQ_2,250.6328479
base,33,h_NQ_3,192.10450488
base,33,h_NQ_4,162.59633832788
base,33,h_NQ_5,122.277790684714
base,33,h_NQ_6,82.1078733311287
base,33,h_NQ_7,58.929949963278
base,33,h_NQ_8,43.051674915577
base,33,h_NQ_9,31.7272975323419
base,33,h_NQ_10,23.6864108600121
base,33,h_NQ_11,16.3332505785731
base,33,h_NQ_12,9.8134560187084
base,33,h_NQ_13,5.45667454688764
base,33,h_NQ_14,2.68566758207063
base,33,h_NQ_15,1.62818028292984
base,33,h_NQ_16,1.27646934510344
base,33,h_NQ_17,1.15874479372381
base,33,P_NQ_1,0.6367269293
base,33,P_NQ_2,0.158790539389713
base,33,P_NQ_3,0.161184611728467
base,33,P_NQ_4,0.164792293451015
base,33,P_NQ_5,0.174984735193265
base,33,P_NQ_6,0.188321875923617
base,33,P_NQ_7,0.190619324879827
base,33,P_NQ_8,0.182184762694394
base,33,P_NQ_9,0.174080699894675
base,33,P_NQ_10,0.166132794393891
base,33,P_NQ_11,0.168295099692934
base,33,P_NQ_12,0.159981460166747
base,33,P_NQ_13,0.14125957108131
base,33,P_NQ_14,0.115525530222135
base,33,P_NQ_15,0.074202938608895
base,33,P_NQ_16,0.0289528442692735
base,33,P_NQ_17,0.00745245247712429
base,33,L_NQ,1.89604598276624
base,33,pi_Q,0.3
base,33,pi_NQ,0.7
base,33,y,8.84696653241734
base,33,nbar,7.10011218510857
base,33,Ptot,4.1335548747955
base,33,Pret,1.23114663030684
base,33,H,567.527611829157
base,33,cCheck,0
base,33,shareq,0.3
base,33,A,2.243410441
base,33,A_Q,2
base,33,xpop,0.909609899
base,33,h_Q_1,100
base,33,mig_Q_2,-0.21105191
base,33,med_Q_2,1396.991778
base,33,mig_Q_3,0.002318773
base,33,med_Q_3,-206.6400756
base,33,mig_Q_4,0.002292887
base,33,med_Q_4,-268.2126068
base,33,mig_Q_5,0.001037167
base,33,med_Q_5,-200.9060736
base,33,mig_Q_6,0.000222433
base,33,med_Q_6,-155.5684801
base,33,mig_Q_7,-8.32138e-05
base,33,med_Q_7,-76.67926673
base,33,mig_Q_8,8.75854e-05
base,33,med_Q_8,-44.73747682
base,33,mig_Q_9,0.000277435
base,33,med_Q_9,-27.47553238
base,33,mig_Q_10,0.000277561
base,33,med_Q_10,-16.72040264
base,33,mig_Q_11,0.000475388
base,33,med_Q_11,-13.1922595
base,33,mig_Q_12,0.000999559
base,33,med_Q_12,-8.362123655
base,33,mig_Q_13,0.002298692
base,33,med_Q_13,-5.736675541
base,33,mig_Q_14,0.005838267
base,33,med_Q_14,-3.842168867
base,33,mig_Q_15,0.007438998
base,33,med_Q_15,-1.504589255
base,33,mig_Q_16,0.003695176
base,33,med_Q_16,-0.477409645
base,33,mig_Q_17,0.001098238
base,33,med_Q_17,-0.133054568
base,33,h_NQ_1,100
base,33,mig_NQ_2,-0.490081342
base,33,med_NQ_2,152.6328479
base,33,mig_NQ_3,0.006148958
base,33,med_NQ_3,-32.03894696
base,33,mig_NQ_4,0.006191775
base,33,med_NQ_4,-9.375724983
base,33,mig_NQ_5,0.003568559
base,33,med_NQ_5,-23.47962733
base,33,mig_NQ_6,0.002271029
base,33,med_NQ_6,-27.55351915
base,33,mig_NQ_7,0.002118497
base,33,med_NQ_7,-14.73487508
base,33,mig_NQ_8,0.002982444
base,33,med_NQ_8,-9.81870094
base,33,mig_NQ_9,0.003890345
base,33,med_NQ_9,-6.904049046
base,33,mig_NQ_10,0.004302918
base,33,med_NQ_10,-4.78838603
base,33,mig_NQ_11,0.005644758
base,33,med_NQ_11,-4.943945695
base,33,mig_NQ_12,0.009383194
base,33,med_NQ_12,-4.885081481
base,33,mig_NQ_13,0.016035121
base,33,med_NQ_13,-3.377653847
base,33,mig_NQ_14,0.028871519
base,33,med_NQ_14,-2.277576553
base,33,mig_NQ_15,0.03058072
base,33,med_NQ_15,-0.901759488
base,33,mig_NQ_16,0.014526835
base,33,med_NQ_16,-0.290174816
base,33,mig_NQ_17,0.004106411
base,33,med_NQ_17,-0.076598895
base,34,beta_Q_2,0.999387600003082
base,34,beta_Q_3,0.999192000004174
base,34,beta_Q_4,0.998775500004561
base,34,beta_Q_5,0.998060900008674
base,34,beta_Q_6,0.996609400015466
base,34,beta_Q_7,0.994516100018804
base,34,beta_Q_8,0.991347000040712
base,34,beta_Q_9,0.986513900063244
base,34,beta_Q_10,0.979358000120197
base,34,beta_Q_11,0.96570680003116
base,34,beta_Q_12,0.941810400130737
base,34,beta_Q_13,0.890301199915984
base,34,beta_Q_14,0.745840599275976
base,34,beta_Q_15,0.512354776424236
base,34,beta_Q_16,0.316518299435644
base,34,beta_Q_17,0.211702231823928
base,34,h_Q_2,1632.91966
base,34,h_Q_3,1237.62376284
base,34,h_Q_4,816.6598610604
base,34,h_Q_5,515.703161707464
base,34,h_Q_6,294.93305052343
base,34,h_Q_7,182.351975749681
base,34,h_Q_8,115.56685552918
base,34,h_Q_9,74.1504215845631
base,34,h_Q_10,48.4449182102631
base,34,h_Q_11,29.1602999174796
base,34,h_Q_12,17.1852014350442
base,34,h_Q_13,9.11586996915126
base,34,h_Q_14,3.93453870727905
base,34,h_Q_15,2.05067039033587
base,34,h_Q_16,1.46309679139201
base,34,h_Q_17,1.26855610818782
base,34,P_Q_1,0.2665561473
base,34,P_Q_2,0.0688999292826177
base,34,P_Q_3,0.0703138001403434
base,34,P_Q_4,0.071282195878507
base,34,P_Q_5,0.0715170524894757
base,34,P_Q_6,0.0749405245881091
base,34,P_Q_7,0.0801450424889491
base,34,P_Q_8,0.0810113898277268
base,34,P_Q_9,0.0772048378985171
base,34,P_Q_10,0.0731990330912207
base,34,P_Q_11,0.0689577981888842
base,34,P_Q_12,0.0684328579746452
base,34,P_Q_13,0.0625715878326659
base,34,P_Q_14,0.0503068294754212
base,34,P_Q_15,0.0320200662781614
base,34,P_Q_16,0.0135383444405928
base,34,P_Q_17,0.00375145061289325
base,34,L_Q,1.06497206158368
base,34,beta_NQ_2,0.996358100025542
base,34,beta_NQ_3,0.995243800029205
base,34,beta_NQ_4,0.994372700032295
base,34,beta_NQ_5,0.992514000039826
base,34,beta_NQ_6,0.988847600057919
base,34,beta_NQ_7,0.984461900081442
base,34,beta_NQ_8,0.978728200106791
base,34,beta_NQ_9,0.971132900138259
base,34,beta_NQ_10,0.961300700181115
base,34,beta_NQ_11,0.943781400192425
base,34,beta_NQ_12,0.906432000373016
base,34,beta_NQ_13,0.83003340034535
base,34,beta_NQ_14,0.642230985309805
base,34,beta_NQ_15,0.397119873183648
base,34,beta_NQ_16,0.226629921509611
base,34,beta_NQ_17,0.145706808057655
base,34,h_NQ_2,274.581949
base,34,h_NQ_3,210.251881712
base,34,h_NQ_4,177.7051161624
base,34,h_NQ_5,133.582687681322
base,34,h_NQ_6,89.6667981810199
base,34,h_NQ_7,64.3579330845062
base,34,h_NQ_8,47.0105961840124
base,34,h_NQ_9,34.6415123002654
base,34,h_NQ_10,25.8402606766951
base,34,h_NQ_11,17.7877072618119
base,34,h_NQ_12,10.6874145010016
base,34,h_NQ_13,5.88350888133423
base,34,h_NQ_14,2.79509181594989
base,34,h_NQ_15,1.65870432942921
base,34,h_NQ_16,1.29304197227125
base,34,h_NQ_17,1.17055830320137
base,34,P_NQ_1,0.6219643437
base,34,P_NQ_2,0.160766499542419
base,34,P_NQ_3,0.164065536242405
base,34,P_NQ_4,0.16632512613505
base,34,P_NQ_5,0.166873123603321
base,34,P_NQ_6,0.174861227616306
base,34,P_NQ_7,0.187005100531087
base,34,P_NQ_8,0.189026578285431
base,34,P_NQ_9,0.180144620062266
base,34,P_NQ_10,0.17079774271391
base,34,P_NQ_11,0.160901527323929
base,34,P_NQ_12,0.159676666640994
base,34,P_NQ_13,0.146000372832496
base,34,P_NQ_14,0.117382738634957
base,34,P_NQ_15,0.0747135279631427
base,34,P_NQ_16,0.0315894730785747
base,34,P_NQ_17,0.00875338073752642
base,34,L_NQ,1.87621312673989
base,34,pi_Q,0.3
base,34,pi_NQ,0.7
base,34,y,9.44934366295107
base,34,nbar,7.11310487385352
base,34,Ptot,4.11549647343254
base,34,Pret,1.24259339782001
base,34,H,608.609148681408
base,34,cCheck,-4.44089209850063e-16
base,34,shareq,0.3
base,34,A,2.393096413
base,34,A_Q,2
base,34,xpop,0.888520491
base,34,h_Q_1,100
base,34,mig_Q_2,-0.203800509
base,34,med_Q_2,1534.91966
base,34,mig_Q_3,0.002320715
base,34,med_Q_3,-227.4681796
base,34,mig_Q_4,0.002295173
base,34,med_Q_4,-294.8293075
base,34,mig_Q_5,0.001040789
base,34,med_Q_5,-219.3703461
base,34,mig_Q_6,0.000223606
base,34,med_Q_6,-169.5659544
base,34,mig_Q_7,-8.27553e-05
base,34,med_Q_7,-83.41073608
base,34,mig_Q_8,8.69514e-05
base,34,med_Q_8,-48.67528441
base,34,mig_Q_9,0.000272995
base,34,med_Q_9,-29.88354873
base,34,mig_Q_10,0.000270908
base,34,med_Q_10,-18.24624733
base,34,mig_Q_11,0.000415895
base,34,med_Q_11,-14.41462219
base,34,mig_Q_12,0.000886525
base,34,med_Q_12,-9.067353457
base,34,mig_Q_13,0.002166893
base,34,med_Q_13,-6.316836314
base,34,mig_Q_14,0.005905578
base,34,med_Q_14,-4.301025304
base,34,mig_Q_15,0.007252001
base,34,med_Q_15,-1.625556055
base,34,mig_Q_16,0.003874603
base,34,med_Q_16,-0.497902576
base,34,mig_Q_17,0.001271644
base,34,med_Q_17,-0.139245715
base,34,h_NQ_1,100
base,34,mig_NQ_2,-0.473419953
base,34,med_NQ_2,176.581949
base,34,mig_NQ_3,0.006101581
base,34,med_NQ_3,-35.36830923
base,34,mig_NQ_4,0.006131832
base,34,med_NQ_4,-10.55729862
base,34,mig_NQ_5,0.003428518
base,34,med_NQ_5,-25.76172388
base,34,mig_NQ_6,0.002007649
base,34,med_NQ_6,-30.16543669
base,34,mig_NQ_7,0.001878915
base,34,med_NQ_7,-16.10778278
base,34,mig_NQ_8,0.00283494
base,34,med_NQ_8,-10.74075478
base,34,mig_NQ_9,0.003702066
base,34,med_NQ_9,-7.549129117
base,34,mig_NQ_10,0.004066434
base,34,med_NQ_10,-5.252490905
base,34,mig_NQ_11,0.00494018
base,34,med_NQ_11,-5.424975381
base,34,mig_NQ_12,0.008530989
base,34,med_NQ_12,-5.319171066
base,34,mig_NQ_13,0.015337403
base,34,med_NQ_13,-3.733678017
base,34,mig_NQ_14,0.028720592
base,34,med_NQ_14,-2.55244924
base,34,mig_NQ_15,0.03014176
base,34,med_NQ_15,-0.973249901
base,34,mig_NQ_16,0.015517924
base,34,med_NQ_16,-0.302574705
base,34,mig_NQ_17,0.004786922
base,34,med_NQ_17,-0.080381655
base,35,beta_Q_2,0.99943910000293
base,35,beta_Q_3,0.99925920000321
base,35,beta_Q_4,0.998875000004838
base,35,beta_Q_5,0.998217000005663
base,35,beta_Q_6,0.996881100014151
base,35,beta_Q_7,0.994957800025594
base,35,beta_Q_8,0.992048400026808
base,35,beta_Q_9,0.987618300065522
base,35,beta_Q_10,0.981047400091141
base,35,beta_Q_11,0.968486200199883
base,35,beta_Q_12,0.946671900020683
base,35,beta_Q_13,0.898886899824713
base,35,beta_Q_14,0.757719698206412
base,35,beta_Q_15,0.524262384130702
base,35,beta_Q_16,0.329157368970759
base,35,beta_Q_17,0.22375696978696
base,35,h_Q_2,1782.848993
base,35,h_Q_3,1349.8920083
base,35,h_Q_4,888.8888893832
base,35,h_Q_5,560.852495639192
base,35,h_Q_6,320.625862073315
base,35,h_Q_7,198.326127802962
base,35,h_Q_8,125.760853124688
base,35,h_Q_9,80.7643539485964
base,35,h_Q_10,52.7632093128719
base,35,h_Q_11,31.7321301360578
base,35,h_Q_12,18.75183994213
base,35,h_Q_13,9.88991530834334
base,35,h_Q_14,4.12745069476824
base,35,h_Q_15,2.10199819013347
base,35,h_Q_16,1.49066238152915
base,35,h_Q_17,1.28825625856417
base,35,P_Q_1,0.2625270279
base,35,P_Q_2,0.0686167203162151
base,35,P_Q_3,0.0711668861400449
base,35,P_Q_4,0.0725246548923922
base,35,P_Q_5,0.0721866565730973
base,35,P_Q_6,0.071500047772411
base,35,P_Q_7,0.0744493036467295
base,35,P_Q_8,0.0795372315395551
base,35,P_Q_9,0.0801893791284946
base,35,P_Q_10,0.0758730366438957
base,35,P_Q_11,0.0710834880118977
base,35,P_Q_12,0.0657041245044077
base,35,P_Q_13,0.0629227495685068
base,35,P_Q_14,0.0526468205667649
base,35,P_Q_15,0.0333607233684916
base,35,P_Q_16,0.0138983629261803
base,35,P_Q_17,0.00431255073327455
base,35,L_Q,1.05302958881384
base,35,beta_NQ_2,0.996674600022679
base,35,beta_NQ_3,0.995652800027067
base,35,beta_NQ_4,0.994849500026568
base,35,beta_NQ_5,0.993145400037061
base,35,beta_NQ_6,0.98978510005142
base,35,beta_NQ_7,0.985769000073407
base,35,beta_NQ_8,0.980516300099409
base,35,beta_NQ_9,0.973558100129307
base,35,beta_NQ_10,0.964524000153219
base,35,beta_NQ_11,0.94837860020566
base,35,beta_NQ_12,0.914113700281407
base,35,beta_NQ_13,0.842470900251059
base,35,beta_NQ_14,0.656369384900565
base,35,beta_NQ_15,0.408358575984497
base,35,beta_NQ_16,0.236769321574473
base,35,beta_NQ_17,0.154645610028818
base,35,h_NQ_2,300.7157034
base,35,h_NQ_3,230.03312479
base,35,h_NQ_4,194.15590714776
base,35,h_NQ_5,145.887433289152
base,35,h_NQ_6,97.8962104376959
base,35,h_NQ_7,70.2691307773995
base,35,h_NQ_8,51.324953682816
base,35,h_NQ_9,37.8187649103322
base,35,h_NQ_10,28.1880707992601
base,35,h_NQ_11,19.3718109161612
base,35,h_NQ_12,11.6433004935756
base,35,h_NQ_13,6.34803347498161
base,35,h_NQ_14,2.91009325470755
base,35,h_NQ_15,1.69021273563089
base,35,h_NQ_16,1.31021982884063
base,35,h_NQ_17,1.18293581882582
base,35,P_NQ_1,0.6125630651
base,35,P_NQ_2,0.160105680772565
base,35,P_NQ_3,0.16605606792199
base,35,P_NQ_4,0.169224198255606
base,35,P_NQ_5,0.168435535247427
base,35,P_NQ_6,0.166833444789312
base,35,P_NQ_7,0.173715046389722
base,35,P_NQ_8,0.18558687345358
base,35,P_NQ_9,0.187108552173542
base,35,P_NQ_10,0.177037084399717
base,35,P_NQ_11,0.165861471768239
base,35,P_NQ_12,0.153309622275302
base,35,P_NQ_13,0.146819748567835
base,35,P_NQ_14,0.122842727299813
base,35,P_NQ_15,0.0778417302806632
base,35,P_NQ_16,0.0324295159779932
base,35,P_NQ_17,0.0100626172905023
base,35,L_NQ,1.8555594506735
base,35,pi_Q,0.3
base,35,pi_NQ,0.7
base,35,y,10.0996094695542
base,35,nbar,7.13305559189679
base,35,Ptot,4.10833274619617
base,35,Pret,1.26600637418349
base,35,H,653.94523096878
base,35,cCheck,4.44089209850063e-16
base,35,shareq,0.3
base,35,A,2.552769808
base,35,A_Q,2
base,35,xpop,0.875090093
base,35,h_Q_1,100
base,35,mig_Q_2,-0.197776188
base,35,med_Q_2,1684.848993
base,35,mig_Q_3,0.002322628
base,35,med_Q_3,-250.3692585
base,35,mig_Q_4,0.002296954
base,35,med_Q_4,-323.9823982
base,35,mig_Q_5,0.001042684
base,35,med_Q_5,-239.4741682
base,35,mig_Q_6,0.000225481
base,35,med_Q_6,-184.7632364
base,35,mig_Q_7,-8.02546e-05
base,35,med_Q_7,-90.70826171
base,35,mig_Q_8,8.56841e-05
base,35,med_Q_8,-52.94408311
base,35,mig_Q_9,0.000270517
base,35,med_Q_9,-32.49116447
base,35,mig_Q_10,0.000261861
base,35,med_Q_10,-19.90420384
base,35,mig_Q_11,0.000394684
base,35,med_Q_11,-15.74388971
base,35,mig_Q_12,0.000758953
base,35,med_Q_12,-9.825253977
base,35,mig_Q_13,0.001996894
base,35,med_Q_13,-6.951582098
base,35,mig_Q_14,0.00597839
base,35,med_Q_14,-4.806101875
base,35,mig_Q_15,0.007585779
base,35,med_Q_15,-1.753849743
base,35,mig_Q_16,0.003763426
base,35,med_Q_16,-0.518994601
base,35,mig_Q_17,0.001446453
base,35,med_Q_17,-0.145578597
base,35,h_NQ_1,100
base,35,mig_NQ_2,-0.459593531
base,35,med_NQ_2,202.7157034
base,35,mig_NQ_3,0.006054206
base,35,med_NQ_3,-39.05718523
base,35,mig_NQ_4,0.006081908
base,35,med_NQ_4,-11.89093693
base,35,mig_NQ_5,0.003355519
base,35,med_NQ_5,-28.26358055
base,35,mig_NQ_6,0.001821357
base,35,med_NQ_6,-33.01482349
base,35,mig_NQ_7,0.00157083
base,35,med_NQ_7,-17.60433144
base,35,mig_NQ_8,0.002559708
base,35,med_NQ_8,-11.74582074
base,35,mig_NQ_9,0.003538623
base,35,med_NQ_9,-8.25161935
base,35,mig_NQ_10,0.003863935
base,35,med_NQ_10,-5.760611255
base,35,mig_NQ_11,0.004665739
base,35,med_NQ_11,-5.951644547
base,35,mig_NQ_12,0.007463329
base,35,med_NQ_12,-5.788652623
base,35,mig_NQ_13,0.014282782
base,35,med_NQ_13,-4.125632736
base,35,mig_NQ_14,0.029076764
base,35,med_NQ_14,-2.855745449
base,35,mig_NQ_15,0.031226712
base,35,med_NQ_15,-1.048977244
base,35,mig_NQ_16,0.015497195
base,35,med_NQ_16,-0.315310414
base,35,mig_NQ_17,0.005459816
base,35,med_NQ_17,-0.084245314
base,36,beta_Q_2,0.999486100002423
base,36,beta_Q_3,0.999320600003142
base,36,beta_Q_4,0.998965900003381
base,36,beta_Q_5,0.998359900006839
base,36,beta_Q_6,0.997129900007867
base,36,beta_Q_7,0.995362200023692
base,36,beta_Q_8,0.992690100042264
base,36,beta_Q_9,0.988628000039784
base,36,beta_Q_10,0.982592400098441
base,36,beta_Q_11,0.971031100136121
base,36,beta_Q_12,0.951120700425128
base,36,beta_Q_13,0.906811999552915
base,36,beta_Q_14,0.769077097730359
base,36,beta_Q_15,0.535973181667229
base,36,beta_Q_16,0.341780584233152
base,36,beta_Q_17,0.235953329672189
base,36,h_Q_2,1945.903872
base,36,h_Q_3,1471.88695934
base,36,h_Q_4,967.024465434
base,36,h_Q_5,609.718920095536
base,36,h_Q_6,348.419915526408
base,36,h_Q_7,215.619475131848
base,36,h_Q_8,136.800777336902
base,36,h_Q_9,87.9352796021941
base,36,h_Q_10,57.4461730396245
base,36,h_Q_11,34.5197781466144
base,36,h_Q_12,20.4585582033367
base,36,h_Q_13,10.7309953262874
base,36,h_Q_14,4.33044964417647
base,36,h_Q_15,2.15504698187287
base,36,h_Q_16,1.5192500263308
base,36,h_Q_17,1.30882048689857
base,36,P_Q_1,0.2611496442
base,36,P_Q_2,0.0667486674908202
base,36,P_Q_3,0.0708905500500251
base,36,P_Q_4,0.0733855463934816
base,36,P_Q_5,0.0734394104331298
base,36,P_Q_6,0.0721877926109329
base,36,P_Q_7,0.0710624787333629
base,36,P_Q_8,0.073943785665848
base,36,P_Q_9,0.0788189434050132
base,36,P_Q_10,0.0789253739089324
base,36,P_Q_11,0.073853758956873
base,36,P_Q_12,0.0680017496563207
base,36,P_Q_13,0.060835200781464
base,36,P_Q_14,0.0535830688133666
base,36,P_Q_15,0.0354778056672334
base,36,P_Q_16,0.014956384930934
base,36,P_Q_17,0.00467479957336152
base,36,L_Q,1.03931764222971
base,36,beta_NQ_2,0.996962800020183
base,36,beta_NQ_3,0.996025900024401
base,36,beta_NQ_4,0.99528450002507
base,36,beta_NQ_5,0.99372170002992
base,36,beta_NQ_6,0.990640900048467
base,36,beta_NQ_7,0.986963100063995
base,36,beta_NQ_8,0.982150400089985
base,36,beta_NQ_9,0.975776100121519
base,36,beta_NQ_10,0.967475600144764
base,36,beta_NQ_11,0.952598600166567
base,36,beta_NQ_12,0.921187900336114
base,36,beta_NQ_13,0.854089100044522
base,36,beta_NQ_14,0.670069880789206
base,36,beta_NQ_15,0.419525880663102
base,36,beta_NQ_16,0.246996423724605
base,36,beta_NQ_17,0.16376980933831
base,36,h_NQ_2,329.2506256
base,36,h_NQ_3,251.629299742
base,36,h_NQ_4,212.0665889242
base,36,h_NQ_5,159.278785614805
base,36,h_NQ_6,106.847880703369
base,36,h_NQ_7,76.705351728942
base,36,h_NQ_8,56.0236644018515
base,36,h_NQ_9,41.2815442631597
base,36,h_NQ_10,30.7461475031255
base,36,h_NQ_11,21.0964233032749
base,36,h_NQ_12,12.6884069838379
base,36,h_NQ_13,6.85349757070412
base,36,h_NQ_14,3.03093585348198
base,36,h_NQ_15,1.7227294546134
base,36,h_NQ_16,1.32801489591828
base,36,h_NQ_17,1.19584295926382
base,36,P_NQ_1,0.6093491698
base,36,P_NQ_2,0.155746889897208
base,36,P_NQ_3,0.165411282361445
base,36,P_NQ_4,0.17123294114857
base,36,P_NQ_5,0.171358627072515
base,36,P_NQ_6,0.168438185107089
base,36,P_NQ_7,0.165812450048762
base,36,P_NQ_8,0.172535503557647
base,36,P_NQ_9,0.183910868928406
base,36,P_NQ_10,0.184159208205302
base,36,P_NQ_11,0.172325434287495
base,36,P_NQ_12,0.158670750692186
base,36,P_NQ_13,0.141948799495424
base,36,P_NQ_14,0.125027304058726
base,36,P_NQ_15,0.0827815931902036
base,36,P_NQ_16,0.0348982366687357
base,36,P_NQ_17,0.0109078622813561
base,36,L_NQ,1.83130058200543
base,36,pi_Q,0.3
base,36,pi_NQ,0.7
base,36,y,10.7828129151291
base,36,nbar,7.1418840458689
base,36,Ptot,4.10645006807217
base,36,Pret,1.30102733116791
base,36,H,699.025744112581
base,36,cCheck,0
base,36,shareq,0.3
base,36,A,2.723097013
base,36,A_Q,2
base,36,xpop,0.870498814
base,36,h_Q_1,100
base,36,mig_Q_2,-0.195631109
base,36,med_Q_2,1847.903872
base,36,mig_Q_3,0.002324661
base,36,med_Q_3,-275.3050538
base,36,mig_Q_4,0.002298723
base,36,med_Q_4,-355.8697027
base,36,mig_Q_5,0.001044067
base,36,med_Q_5,-261.3921915
base,36,mig_Q_6,0.000226279
base,36,med_Q_6,-201.2155302
base,36,mig_Q_7,-7.70515e-05
base,36,med_Q_7,-98.5938697
base,36,mig_Q_8,8.64731e-05
base,36,med_Q_8,-57.55882791
base,36,mig_Q_9,0.000266518
base,36,med_Q_9,-35.31035646
base,36,mig_Q_10,0.000255792
base,36,med_Q_10,-21.70289383
base,36,mig_Q_11,0.00037177
base,36,med_Q_11,-17.18816698
base,36,mig_Q_12,0.000709009
base,36,med_Q_12,-10.63892933
base,36,mig_Q_13,0.001774624
base,36,med_Q_13,-7.645807817
base,36,mig_Q_14,0.005905262
base,36,med_Q_14,-5.361667358
base,36,mig_Q_15,0.007877058
base,36,med_Q_15,-1.889854699
base,36,mig_Q_16,0.003975457
base,36,med_Q_16,-0.5407082
base,36,mig_Q_17,0.001564944
base,36,med_Q_17,-0.152028647
base,36,h_NQ_1,100
base,36,mig_NQ_2,-0.454779158
base,36,med_NQ_2,231.2506256
base,36,mig_NQ_3,0.006001613
base,36,med_NQ_3,-43.07208959
base,36,mig_NQ_4,0.006032145
base,36,med_NQ_4,-13.36587337
base,36,mig_NQ_5,0.003294393
base,36,med_NQ_5,-30.99400339
base,36,mig_NQ_6,0.001723202
base,36,med_NQ_6,-36.12180392
base,36,mig_NQ_7,0.001353212
base,36,med_NQ_7,-19.2329345
base,36,mig_NQ_8,0.002205069
base,36,med_NQ_8,-12.84008376
base,36,mig_NQ_9,0.003231265
base,36,med_NQ_9,-9.016910346
base,36,mig_NQ_10,0.003688519
base,36,med_NQ_10,-6.316242109
base,36,mig_NQ_11,0.004427252
base,36,med_NQ_11,-6.52788608
base,36,mig_NQ_12,0.007054507
base,36,med_NQ_12,-6.295967714
base,36,mig_NQ_13,0.012789904
base,36,med_NQ_13,-4.556936913
base,36,mig_NQ_14,0.028659316
base,36,med_NQ_14,-3.190136952
base,36,mig_NQ_15,0.032617712
base,36,med_NQ_15,-1.129161935
base,36,mig_NQ_16,0.016467703
base,36,med_NQ_16,-0.328393585
base,36,mig_NQ_17,0.00589278
base,36,med_NQ_17,-0.088172473
base,37,beta_Q_2,0.999529100000098
base,37,beta_Q_3,0.999376700002542
base,37,beta_Q_4,0.999049100003513
base,37,beta_Q_5,0.998490700004191
base,37,beta_Q_6,0.997357800011887
base,37,beta_Q_7,0.995732500010877
base,37,beta_Q_8,0.993277400039784
base,37,beta_Q_9,0.989551500072173
base,37,beta_Q_10,0.984005600052047
base,37,beta_Q_11,0.973361400165297
base,37,beta_Q_12,0.9551919002818
base,37,beta_Q_13,0.91412480082817
base,37,beta_Q_14,0.779930496193008
base,37,beta_Q_15,0.547483280799446
base,37,beta_Q_16,0.354373080785361
base,37,beta_Q_17,0.248270248045955
base,37,h_Q_2,2123.59312
base,37,h_Q_3,1604.36386936
base,37,h_Q_4,1051.6352931532
base,37,h_Q_5,662.55880182532
base,37,h_Q_6,378.472485593625
base,37,h_Q_7,234.32923241588
base,37,h_Q_8,148.751971339211
base,37,h_Q_9,95.7075181301644
base,37,h_Q_10,62.5218826301502
base,37,h_Q_11,37.539510438832
base,37,h_Q_12,22.3173935436821
base,37,h_Q_13,11.6448055652699
base,37,h_Q_14,4.54401896976164
base,37,h_Q_15,2.20986217529294
base,37,h_Q_16,1.54888190923541
base,37,h_Q_17,1.33026519880418
base,37,P_Q_1,0.2607247251
base,37,P_Q_2,0.0641955953984785
base,37,P_Q_3,0.0690302944463367
base,37,P_Q_4,0.0731178831324581
base,37,P_Q_5,0.0743106957593436
base,37,P_Q_6,0.0734553669818235
base,37,P_Q_7,0.0717773745680722
base,37,P_Q_8,0.0706319297230733
base,37,P_Q_9,0.0733678509381978
base,37,P_Q_10,0.0776918697735551
base,37,P_Q_11,0.0769930656554453
base,37,P_Q_12,0.0709007379480897
base,37,P_Q_13,0.0633811785789449
base,37,P_Q_14,0.052400454656852
base,37,P_Q_15,0.0366987868753942
base,37,P_Q_16,0.0162473891482573
base,37,P_Q_17,0.00526444182431283
base,37,L_Q,1.02620314904514
base,37,beta_NQ_2,0.997225200018129
base,37,beta_NQ_3,0.996365600021497
base,37,beta_NQ_4,0.995681300022457
base,37,beta_NQ_5,0.994247700028777
base,37,beta_NQ_6,0.991422800037442
base,37,beta_NQ_7,0.988053900061853
base,37,beta_NQ_8,0.98364380007684
base,37,beta_NQ_9,0.977804100110823
base,37,beta_NQ_10,0.970177700138194
base,37,beta_NQ_11,0.956470600161471
base,37,beta_NQ_12,0.927696900263621
base,37,beta_NQ_13,0.86492770024111
base,37,beta_NQ_14,0.68333417364961
base,37,beta_NQ_15,0.43061488215329
base,37,beta_NQ_16,0.25730062920761
base,37,beta_NQ_17,0.173067711307281
base,37,h_NQ_2,360.3863342
base,37,h_NQ_3,275.148580258
base,37,h_NQ_4,231.55116125716
base,37,h_NQ_5,173.843506095716
base,37,h_NQ_6,116.588163922509
base,37,h_NQ_7,83.7093277593015
base,37,h_NQ_8,61.1388953343631
base,37,h_NQ_9,45.0533657178145
base,37,h_NQ_10,33.5319542788965
base,37,h_NQ_11,22.972979177063
base,37,h_NQ_12,13.8306656192094
base,37,h_NQ_13,7.40344245316118
base,37,h_NQ_14,3.15789339829003
base,37,h_NQ_15,1.75628028341234
base,37,h_NQ_16,1.34643976052113
base,37,h_NQ_17,1.20928883499991
base,37,P_NQ_1,0.6083576919
base,37,P_NQ_2,0.149789721513782
base,37,P_NQ_3,0.161070686185868
base,37,P_NQ_4,0.170608392463616
base,37,P_NQ_5,0.17339162337928
base,37,P_NQ_6,0.171395862554186
base,37,P_NQ_7,0.167480542342446
base,37,P_NQ_8,0.164807837155293
base,37,P_NQ_9,0.171191656793983
base,37,P_NQ_10,0.181281031289654
base,37,P_NQ_11,0.179650487944154
base,37,P_NQ_12,0.165435052985807
base,37,P_NQ_13,0.147889416662077
base,37,P_NQ_14,0.122267865156069
base,37,P_NQ_15,0.0856305498421704
base,37,P_NQ_16,0.0379105774682054
base,37,P_NQ_17,0.0122836965654821
base,37,L_NQ,1.80779898146831
base,37,pi_Q,0.3
base,37,pi_NQ,0.7
base,37,y,11.506527251648
base,37,nbar,7.14566126868582
base,37,Ptot,4.10063233271071
base,37,Pret,1.33192660237447
base,37,H,742.000155202481
base,37,cCheck,0
base,37,shareq,0.3
base,37,A,2.904788876
base,37,A_Q,2
base,37,xpop,0.869082417
base,37,h_Q_1,100
base,37,mig_Q_2,-0.196819844
base,37,med_Q_2,2025.59312
base,37,mig_Q_3,0.002326976
base,37,med_Q_3,-302.6219252
base,37,mig_Q_4,0.002300641
base,37,med_Q_4,-390.813927
base,37,mig_Q_5,0.001045509
base,37,med_Q_5,-285.1251743
base,37,mig_Q_6,0.000226735
base,37,med_Q_6,-219.0520561
base,37,mig_Q_7,-7.56255e-05
base,37,med_Q_7,-107.1222848
base,37,mig_Q_8,8.89106e-05
base,37,med_Q_8,-62.55511429
base,37,mig_Q_9,0.000264954
base,37,med_Q_9,-38.35724366
base,37,mig_Q_10,0.000244975
base,37,med_Q_10,-23.65469138
base,37,mig_Q_11,0.000354073
base,37,med_Q_11,-18.75773914
base,37,mig_Q_12,0.000656899
base,37,med_Q_12,-11.51198904
base,37,mig_Q_13,0.001716376
base,37,med_Q_13,-8.404581474
base,37,mig_Q_14,0.005613495
base,37,med_Q_14,-5.97235645
base,37,mig_Q_15,0.007979699
base,37,med_Q_15,-2.033978476
base,37,mig_Q_16,0.004121764
base,37,med_Q_16,-0.563064133
base,37,mig_Q_17,0.001735433
base,37,med_Q_17,-0.158599827
base,37,h_NQ_1,100
base,37,mig_NQ_2,-0.457708733
base,37,med_NQ_2,262.3863342
base,37,mig_NQ_3,0.00594275
base,37,med_NQ_3,-47.51703283
base,37,mig_NQ_4,0.005977107
base,37,med_NQ_4,-15.04555249
base,37,mig_NQ_5,0.003233734
base,37,med_NQ_5,-33.98175105
base,37,mig_NQ_6,0.001640998
base,37,med_NQ_6,-39.50504598
base,37,mig_NQ_7,0.001238269
base,37,med_NQ_7,-21.00159533
base,37,mig_NQ_8,0.001955073
base,37,med_NQ_8,-14.03234936
base,37,mig_NQ_9,0.002835636
base,37,med_NQ_9,-9.849825396
base,37,mig_NQ_10,0.003351753
base,37,med_NQ_10,-6.923959099
base,37,mig_NQ_11,0.004220684
base,37,med_NQ_11,-7.158245376
base,37,mig_NQ_12,0.006690948
base,37,med_NQ_12,-6.843829218
base,37,mig_NQ_13,0.012370458
base,37,med_NQ_13,-5.031196391
base,37,mig_NQ_14,0.02715225
base,37,med_NQ_14,-3.558534221
base,37,mig_NQ_15,0.03317836
base,37,med_NQ_15,-1.214036853
base,37,mig_NQ_16,0.01746382
base,37,med_NQ_16,-0.341835105
base,37,mig_NQ_17,0.006568419
base,37,med_NQ_17,-0.092165763
base,38,beta_Q_2,0.999568200000053
base,38,beta_Q_3,0.999427900002499
base,38,beta_Q_4,0.999125300002665
base,38,beta_Q_5,0.998610600004699
base,38,beta_Q_6,0.99756670000557
base,38,beta_Q_7,0.996071600020035
base,38,beta_Q_8,0.993815100014264
base,38,beta_Q_9,0.990396300068338
base,38,beta_Q_10,0.985298600117092
base,38,beta_Q_11,0.97549610006666
base,38,beta_Q_12,0.958917500358997
base,38,beta_Q_13,0.920870500447117
base,38,beta_Q_14,0.790297703474856
base,38,beta_Q_15,0.558789475281718
base,38,beta_Q_16,0.366920881115519
base,38,beta_Q_17,0.260687442821327
base,38,h_Q_2,2315.886985
base,38,h_Q_3,1747.9461637
base,38,h_Q_4,1143.2491136728
base,38,h_Q_5,719.735137690136
base,38,h_Q_6,410.964533488813
base,38,h_Q_7,254.556562981753
base,38,h_Q_8,161.684101447562
base,38,h_Q_9,104.126534932427
base,38,h_Q_10,68.0207330175611
base,38,h_Q_11,40.8098302475472
base,38,h_Q_12,24.3412646300554
base,38,h_Q_13,12.6375119628085
base,38,h_Q_14,4.76866499096452
base,38,h_Q_15,2.26649074036641
base,38,h_Q_16,1.57958115478708
base,38,h_Q_17,1.35260778505071
base,38,P_Q_1,0.2590967487
base,38,P_Q_2,0.0625289608269759
base,38,P_Q_3,0.0664847282840298
base,38,P_Q_4,0.0712673405395902
base,38,P_Q_5,0.0740544743117527
base,38,P_Q_6,0.0743415140398916
base,38,P_Q_7,0.0730670440040275
base,38,P_Q_8,0.0713847605926565
base,38,P_Q_9,0.0701604270104594
base,38,P_Q_10,0.0724293991869704
base,38,P_Q_11,0.0759404541442475
base,38,P_Q_12,0.0741563986919462
base,38,P_Q_13,0.0664655249553677
base,38,P_Q_14,0.0552148140583742
base,38,P_Q_15,0.036484166830916
base,38,P_Q_16,0.0171709811661188
base,38,P_Q_17,0.005974531333937
base,38,L_Q,1.01653763180379
base,38,beta_NQ_2,0.997464300015995
base,38,beta_NQ_3,0.996675100019245
base,38,beta_NQ_4,0.996043500019936
base,38,beta_NQ_5,0.994728000025726
base,38,beta_NQ_6,0.992136900037798
base,38,beta_NQ_7,0.989050400046141
base,38,beta_NQ_8,0.985008700077773
base,38,beta_NQ_9,0.979658700095401
base,38,beta_NQ_10,0.972651100127127
base,38,beta_NQ_11,0.960022400159869
base,38,beta_NQ_12,0.933681600270537
base,38,beta_NQ_13,0.875026600078505
base,38,beta_NQ_14,0.696164700086067
base,38,beta_NQ_15,0.441618881633693
base,38,beta_NQ_16,0.267671329732066
base,38,beta_NQ_17,0.182527816656613
base,38,h_NQ_2,394.368419
base,38,h_NQ_3,300.760925186
base,38,h_NQ_4,252.74864150284
base,38,h_NQ_5,189.681335382017
base,38,h_NQ_6,127.176304533802
base,38,h_NQ_7,91.3275370340585
base,38,h_NQ_8,66.7053558041155
base,38,h_NQ_9,49.1610663976759
base,38,h_NQ_10,36.5645419074582
base,38,h_NQ_11,25.0140078473186
base,38,h_NQ_12,15.0787714975217
base,38,h_NQ_13,8.00170275282522
base,38,h_NQ_14,3.29125681009796
base,38,h_NQ_15,1.79089123232423
base,38,h_NQ_16,1.3655070467441
base,38,h_NQ_17,1.22328319231071
base,38,P_NQ_1,0.6045590803
base,38,P_NQ_2,0.145900909987545
base,38,P_NQ_3,0.155131032753132
base,38,P_NQ_4,0.166290460217054
base,38,P_NQ_5,0.172793771812557
base,38,P_NQ_6,0.173463531753724
base,38,P_NQ_7,0.170489774451129
base,38,P_NQ_8,0.166564443108653
base,38,P_NQ_9,0.163707661900842
base,38,P_NQ_10,0.169001932871234
base,38,P_NQ_11,0.177194392795506
base,38,P_NQ_12,0.173031599796639
base,38,P_NQ_13,0.15508622291828
base,38,P_NQ_14,0.128834711326304
base,38,P_NQ_15,0.0851297693453152
base,38,P_NQ_16,0.040065629353784
base,38,P_NQ_17,0.0139405718767597
base,38,L_NQ,1.79048756096569
base,38,pi_Q,0.3
base,38,pi_NQ,0.7
base,38,y,12.2948422748422
base,38,nbar,7.16277531989491
base,38,Ptot,4.08740776524572
base,38,Pret,1.3461211006517
base,38,H,785.95316188164
base,38,cCheck,-1.33226762955019e-15
base,38,shareq,0.3
base,38,A,3.098603676
base,38,A_Q,2
base,38,xpop,0.863655829
base,38,h_Q_1,100
base,38,mig_Q_2,-0.198072989
base,38,med_Q_2,2217.886985
base,38,mig_Q_3,0.002329146
base,38,med_Q_3,-333.1750939
base,38,mig_Q_4,0.002302687
base,38,med_Q_4,-429.0274783
base,38,mig_Q_5,0.001046948
base,38,med_Q_5,-310.8674496
base,38,mig_Q_6,0.000227162
base,38,med_Q_6,-238.3430923
base,38,mig_Q_7,-7.48522e-05
base,38,med_Q_7,-116.3464729
base,38,mig_Q_8,8.99166e-05
base,38,med_Q_8,-67.95854632
base,38,mig_Q_9,0.000266495
base,38,med_Q_9,-41.65039698
base,38,mig_Q_10,0.000235023
base,38,med_Q_10,-25.77263475
base,38,mig_Q_11,0.000318187
base,38,med_Q_11,-20.46161473
base,38,mig_Q_12,0.000613246
base,38,med_Q_12,-12.4474556
base,38,mig_Q_13,0.001653402
base,38,med_Q_13,-9.23353371
base,38,mig_Q_14,0.0057819
base,38,med_Q_14,-6.643244463
base,38,mig_Q_15,0.007795794
base,38,med_Q_15,-2.18664785
base,38,mig_Q_16,0.004165919
base,38,med_Q_16,-0.586083777
base,38,mig_Q_17,0.001940788
base,38,med_Q_17,-0.165296486
base,38,h_NQ_1,100
base,38,mig_NQ_2,-0.460768711
base,38,med_NQ_2,296.368419
base,38,mig_NQ_3,0.005885707
base,38,med_NQ_3,-52.41768233
base,38,mig_NQ_4,0.00591539
base,38,med_NQ_4,-16.89696715
base,38,mig_NQ_5,0.00316677
base,38,med_NQ_5,-37.23880265
base,38,mig_NQ_6,0.001559123
base,38,med_NQ_6,-43.19033144
base,38,mig_NQ_7,0.001141424
base,38,med_NQ_7,-22.92886361
base,38,mig_NQ_8,0.001823246
base,38,med_NQ_8,-15.3297854
base,38,mig_NQ_9,0.002557883
base,38,med_NQ_9,-10.75505103
base,38,mig_NQ_10,0.002915605
base,38,med_NQ_10,-7.587756496
base,38,mig_NQ_11,0.003804416
base,38,med_NQ_11,-7.847307346
base,38,mig_NQ_12,0.006370399
base,38,med_NQ_12,-7.434748096
base,38,mig_NQ_13,0.011996863
base,38,med_NQ_13,-5.552349554
base,38,mig_NQ_14,0.027776819
base,38,med_NQ_14,-3.964116794
base,38,mig_NQ_15,0.032479407
base,38,med_NQ_15,-1.303844298
base,38,mig_NQ_16,0.018032835
base,38,med_NQ_16,-0.355647631
base,38,mig_NQ_17,0.007379475
base,38,med_NQ_17,-0.096227773
base,39,beta_Q_2,0.999603899999967
base,39,beta_Q_3,0.999474600002111
base,39,beta_Q_4,0.999195000002855
base,39,beta_Q_5,0.998720500003238
base,39,beta_Q_6,0.997758200007427
base,39,beta_Q_7,0.996382400006829
base,39,beta_Q_8,0.994307500034205
base,39,beta_Q_9,0.991169500019056
base,39,beta_Q_10,0.986482100112318
base,39,beta_Q_11,0.977451700220128
base,39,beta_Q_12,0.962326900128625
base,39,beta_Q_13,0.927091300713865
base,39,beta_Q_14,0.800196801424613
base,39,beta_Q_15,0.569889304973353
base,39,beta_Q_16,0.379410572850551
base,39,beta_Q_17,0.273184741856162
base,39,h_Q_2,2524.614996
base,39,h_Q_3,1903.3117627
base,39,h_Q_4,1242.236025326
base,39,h_Q_5,781.555294699344
base,39,h_Q_6,446.070122436333
base,39,h_Q_7,276.426359719037
base,39,h_Q_8,175.669741392118
base,39,h_Q_9,113.243870528611
base,39,h_Q_10,73.9759877537787
base,39,h_Q_11,44.3492416972099
base,39,h_Q_12,26.5441388925962
base,39,h_Q_13,13.7157843574543
base,39,h_Q_14,5.00492488155233
base,39,h_Q_15,2.32498184314523
base,39,h_Q_16,1.61137104855908
base,39,h_Q_17,1.37586532669134
base,39,P_Q_1,0.2555920764
base,39,P_Q_2,0.0623397977239251
base,39,P_Q_3,0.0648241100086431
base,39,P_Q_4,0.068731258092377
base,39,P_Q_5,0.0722168906969794
base,39,P_Q_6,0.0741017545598225
base,39,P_Q_7,0.0739753860376267
base,39,P_Q_8,0.0727052830446092
base,39,P_Q_9,0.0709660057722311
base,39,P_Q_10,0.0693600715170231
base,39,P_Q_11,0.070930743437061
base,39,P_Q_12,0.0733555624641289
base,39,P_Q_13,0.0698905029748084
base,39,P_Q_14,0.0584558887324778
base,39,P_Q_15,0.0390966439754565
base,39,P_Q_16,0.0174637696403653
base,39,P_Q_17,0.00663140917092868
base,39,L_Q,1.00811452014596
base,39,beta_NQ_2,0.997681800013747
base,39,beta_NQ_3,0.996957400016921
base,39,beta_NQ_4,0.996374000017807
base,39,beta_NQ_5,0.995166600022802
base,39,beta_NQ_6,0.992789300033518
base,39,beta_NQ_7,0.989960900047722
base,39,beta_NQ_8,0.986256200054668
base,39,beta_NQ_9,0.981354200099155
base,39,beta_NQ_10,0.974914800107839
base,39,beta_NQ_11,0.963279400148988
base,39,beta_NQ_12,0.939180200282435
base,39,beta_NQ_13,0.884425600157337
base,39,beta_NQ_14,0.708567599236426
base,39,beta_NQ_15,0.452531586785371
base,39,beta_NQ_16,0.278098627390911
base,39,beta_NQ_17,0.192138416242411
base,39,h_NQ_2,431.3691657
base,39,h_NQ_3,328.66627229
base,39,h_NQ_4,275.78599011228
base,39,h_NQ_5,206.893698042783
base,39,h_NQ_6,138.682790874376
base,39,h_NQ_7,99.6105228731256
base,39,h_NQ_8,72.7600808633773
base,39,h_NQ_9,53.6313808280332
base,39,h_NQ_10,39.8641429967224
base,39,h_NQ_11,27.2326704963091
base,39,h_NQ_12,16.4420139523722
base,39,h_NQ_13,8.65243513657131
base,39,h_NQ_14,3.43132746176872
base,39,h_NQ_15,1.826589110896
base,39,h_NQ_16,1.38523071767775
base,39,h_NQ_17,1.23783578780921
base,39,P_NQ_1,0.5963815116
base,39,P_NQ_2,0.145459527849753
base,39,P_NQ_3,0.151256257054735
base,39,P_NQ_4,0.160372934825137
base,39,P_NQ_5,0.168506076915068
base,39,P_NQ_6,0.172904092111949
base,39,P_NQ_7,0.172609231474437
base,39,P_NQ_8,0.169645664108659
base,39,P_NQ_9,0.165587347817938
base,39,P_NQ_10,0.161840165447094
base,39,P_NQ_11,0.165505071226699
base,39,P_NQ_12,0.171162979224274
base,39,P_NQ_13,0.163077841476197
base,39,P_NQ_14,0.136397072865385
base,39,P_NQ_15,0.0912255561315218
base,39,P_NQ_16,0.0407488005604446
base,39,P_NQ_17,0.0154732878489193
base,39,L_NQ,1.77563900830788
base,39,pi_Q,0.3
base,39,pi_NQ,0.7
base,39,y,13.1444630713993
base,39,nbar,7.18562915641731
base,39,Ptot,4.06879057278667
base,39,Pret,1.35061536669278
base,39,H,836.043352616406
base,39,cCheck,4.44089209850063e-16
base,39,shareq,0.3
base,39,A,3.305350285
base,39,A_Q,2
base,39,xpop,0.851973588
base,39,h_Q_1,100
base,39,mig_Q_2,-0.196645073
base,39,med_Q_2,2426.614996
base,39,mig_Q_3,0.002330922
base,39,med_Q_3,-366.2574826
base,39,mig_Q_4,0.002304684
base,39,med_Q_4,-470.7512151
base,39,mig_Q_5,0.001048569
base,39,med_Q_5,-338.8288367
base,39,mig_Q_6,0.000227477
base,39,med_Q_6,-259.2703125
base,39,mig_Q_7,-7.40848e-05
base,39,med_Q_7,-126.3188831
base,39,mig_Q_8,9.01514e-05
base,39,med_Q_8,-73.79569033
base,39,mig_Q_9,0.000266803
base,39,med_Q_9,-45.20654889
base,39,mig_Q_10,0.000231101
base,39,med_Q_10,-28.06801648
base,39,mig_Q_11,0.000276147
base,39,med_Q_11,-22.31107666
base,39,mig_Q_12,0.000534932
base,39,med_Q_12,-13.44949475
base,39,mig_Q_13,0.001602063
base,39,med_Q_13,-10.13865498
base,39,mig_Q_14,0.005928337
base,39,med_Q_14,-7.379836842
base,39,mig_Q_15,0.008243187
base,39,med_Q_15,-2.348309848
base,39,mig_Q_16,0.004076967
base,39,med_Q_16,-0.609789877
base,39,mig_Q_17,0.00215515
base,39,med_Q_17,-0.172124205
base,39,h_NQ_1,100
base,39,mig_NQ_2,-0.457566572
base,39,med_NQ_2,333.3691657
base,39,mig_NQ_3,0.005840453
base,39,med_NQ_3,-57.81477833
base,39,mig_NQ_4,0.005855678
base,39,med_NQ_4,-18.95971657
base,39,mig_NQ_5,0.0030923
base,39,med_NQ_5,-40.79997063
base,39,mig_NQ_6,0.001469015
base,39,med_NQ_6,-47.2049178
base,39,mig_NQ_7,0.001045056
base,39,med_NQ_7,-25.02225557
base,39,mig_NQ_8,0.001711753
base,39,med_NQ_8,-16.74090543
base,39,mig_NQ_9,0.002411042
base,39,med_NQ_9,-11.73986786
base,39,mig_NQ_10,0.002609728
base,39,med_NQ_10,-8.313702073
base,39,mig_NQ_11,0.00325943
base,39,med_NQ_11,-8.600580573
base,39,mig_NQ_12,0.005719835
base,39,med_NQ_12,-8.071713738
base,39,mig_NQ_13,0.011670589
base,39,med_NQ_13,-6.124760931
base,39,mig_NQ_14,0.028431519
base,39,med_NQ_14,-4.410341236
base,39,mig_NQ_15,0.034329715
base,39,med_NQ_15,-1.398842563
base,39,mig_NQ_16,0.017962002
base,39,med_NQ_16,-0.36984269
base,39,mig_NQ_17,0.008160196
base,39,med_NQ_17,-0.100361118
base,40,beta_Q_2,0.999636500000018
base,40,beta_Q_3,0.999517400001801
base,40,beta_Q_4,0.999258900002399
base,40,beta_Q_5,0.998821100004006
base,40,beta_Q_6,0.997933700004122
base,40,beta_Q_7,0.996667100011858
base,40,beta_Q_8,0.994758700007863
base,40,beta_Q_9,0.991877200059801
base,40,beta_Q_10,0.987565600018708
base,40,beta_Q_11,0.979243900216687
base,40,beta_Q_12,0.965447200497108
base,40,beta_Q_13,0.932826800056707
base,40,beta_Q_14,0.809645203400457
base,40,beta_Q_15,0.580780797150348
base,40,beta_Q_16,0.391829833419432
base,40,beta_Q_17,0.285743130665332
base,40,h_Q_2,2751.031637
base,40,h_Q_3,2072.10940718
base,40,h_Q_4,1349.345567646
base,40,h_Q_5,848.24836761948
base,40,h_Q_6,483.956830705357
base,40,h_Q_7,300.039005287607
base,40,h_Q_8,190.792360384656
base,40,h_Q_9,123.110258044275
base,40,h_Q_10,80.4220547980389
base,40,h_Q_11,48.1786080887031
base,40,h_Q_12,28.9412148932657
base,40,h_Q_13,14.8868893847443
base,40,h_Q_14,5.25334805230518
base,40,h_Q_15,2.38538582592129
base,40,h_Q_16,1.64427635728233
base,40,h_Q_17,1.4000564045879
base,40,P_Q_1,0.2510840766
base,40,P_Q_2,0.0627617153785294
base,40,P_Q_3,0.0646392403943325
base,40,P_Q_4,0.0670783256002712
base,40,P_Q_5,0.0696934894478703
base,40,P_Q_6,0.0722827908719513
base,40,P_Q_7,0.0737602985530329
base,40,P_Q_8,0.0736447480551378
base,40,P_Q_9,0.0723295520440693
base,40,P_Q_10,0.0702353654107734
base,40,P_Q_11,0.0680472688317039
base,40,P_Q_12,0.0687043054556057
base,40,P_Q_13,0.0694630228194664
base,40,P_Q_14,0.0620235119303991
base,40,P_Q_15,0.0419675088013514
base,40,P_Q_16,0.019143419087262
base,40,P_Q_17,0.00711671040103867
base,40,L_Q,0.997826443365124
base,40,beta_NQ_2,0.997880000012339
base,40,beta_NQ_3,0.997214700014544
base,40,beta_NQ_4,0.996675700015601
base,40,beta_NQ_5,0.995567100020468
base,40,beta_NQ_6,0.993385300029785
base,40,beta_NQ_7,0.990792900042963
base,40,beta_NQ_8,0.987396500058781
base,40,beta_NQ_9,0.982904400064859
base,40,beta_NQ_10,0.976986300116934
base,40,beta_NQ_11,0.966265800122897
base,40,beta_NQ_12,0.94422940026924
base,40,beta_NQ_13,0.893164200252032
base,40,beta_NQ_14,0.720547299631331
base,40,beta_NQ_15,0.463347285867549
base,40,beta_NQ_16,0.288572434125484
base,40,beta_NQ_17,0.201887813207291
base,40,h_NQ_2,471.6981132
base,40,h_NQ_3,359.027752816
base,40,h_NQ_4,300.8152092442
base,40,h_NQ_5,225.585959570034
base,40,h_NQ_6,151.178435931928
base,40,h_NQ_7,108.611832196889
base,40,h_NQ_8,79.3430396456631
base,40,h_NQ_9,58.4945833561098
base,40,h_NQ_10,43.4523783994725
base,40,h_NQ_11,29.6435071787879
base,40,h_NQ_12,17.9305942613829
base,40,h_NQ_13,9.36015830232477
base,40,h_NQ_14,3.57842310583989
base,40,h_NQ_15,1.86340217553335
base,40,h_NQ_16,1.40562441067808
base,40,h_NQ_17,1.25295665732419
base,40,P_NQ_1,0.5858628454
base,40,P_NQ_2,0.146444001988007
base,40,P_NQ_3,0.150824894692779
base,40,P_NQ_4,0.156516093869348
base,40,P_NQ_5,0.16261814128561
base,40,P_NQ_6,0.168659843151905
base,40,P_NQ_7,0.172107361649079
base,40,P_NQ_8,0.171837743728334
base,40,P_NQ_9,0.168768959001643
base,40,P_NQ_10,0.163882522098312
base,40,P_NQ_11,0.158776957491889
base,40,P_NQ_12,0.16031004894245
base,40,P_NQ_13,0.162080384625146
base,40,P_NQ_14,0.144721528623448
base,40,P_NQ_15,0.0979241698166527
base,40,P_NQ_16,0.0446679869431487
base,40,P_NQ_17,0.0166056560034617
base,40,L_NQ,1.7576996880372
base,40,pi_Q,0.3
base,40,pi_NQ,0.7
base,40,y,14.042602671032
base,40,nbar,7.20108741800476
base,40,Ptot,4.04658448899401
base,40,Pret,1.35567036728211
base,40,H,894.682346444007
base,40,cCheck,-4.44089209850063e-16
base,40,shareq,0.3
base,40,A,3.525891547
base,40,A_Q,2
base,40,xpop,0.836946922
base,40,h_Q_1,100
base,40,mig_Q_2,-0.192729121
base,40,med_Q_2,2653.031637
base,40,mig_Q_3,0.002332196
base,40,med_Q_3,-402.0132889
base,40,mig_Q_4,0.002306399
base,40,med_Q_4,-515.8999598
base,40,mig_Q_5,0.001050173
base,40,med_Q_5,-369.1429372
base,40,mig_Q_6,0.000227796
base,40,med_Q_6,-281.9673581
base,40,mig_Q_7,-7.33855e-05
base,40,med_Q_7,-137.1097147
base,40,mig_Q_8,9.04669e-05
base,40,med_Q_8,-80.10547214
base,40,mig_Q_9,0.000266293
base,40,med_Q_9,-49.04608852
base,40,mig_Q_10,0.000228671
base,40,med_Q_10,-30.55693832
base,40,mig_Q_11,0.000251149
base,40,med_Q_11,-24.31785991
base,40,mig_Q_12,0.000445743
base,40,med_Q_12,-14.52104197
base,40,mig_Q_13,0.001455719
base,40,med_Q_13,-11.12636673
base,40,mig_Q_14,0.006097355
base,40,med_Q_14,-8.188120618
base,40,mig_Q_15,0.008654123
base,40,med_Q_15,-2.519440558
base,40,mig_Q_16,0.004309739
base,40,med_Q_16,-0.634205849
base,40,mig_Q_17,0.002345875
base,40,med_Q_17,-0.179087223
base,40,h_NQ_1,100
base,40,mig_NQ_2,-0.448554978
base,40,med_NQ_2,373.6981132
base,40,mig_NQ_3,0.005807942
base,40,med_NQ_3,-63.71402957
base,40,mig_NQ_4,0.005808292
base,40,med_NQ_4,-21.2777376
base,40,mig_NQ_5,0.003020353
base,40,med_NQ_5,-44.68431074
base,40,mig_NQ_6,0.001368813
base,40,med_NQ_6,-51.57738815
base,40,mig_NQ_7,0.000939071
base,40,med_NQ_7,-27.29730286
base,40,mig_NQ_8,0.001600819
base,40,med_NQ_8,-18.27527277
base,40,mig_NQ_9,0.002286474
base,40,med_NQ_9,-12.81029589
base,40,mig_NQ_10,0.002448966
base,40,med_NQ_10,-9.106374812
base,40,mig_NQ_11,0.00287966
base,40,med_NQ_11,-9.423352958
base,40,mig_NQ_12,0.004870963
base,40,med_NQ_12,-8.757422825
base,40,mig_NQ_13,0.010699464
base,40,med_NQ_13,-6.753015371
base,40,mig_NQ_14,0.029169854
base,40,med_NQ_14,-4.900963328
base,40,mig_NQ_15,0.036200186
base,40,med_NQ_15,-1.499298737
base,40,mig_NQ_16,0.019298285
base,40,med_NQ_16,-0.384432918
base,40,mig_NQ_17,0.008776246
base,40,med_NQ_17,-0.104569446
shock,1,beta_Q_2,0.973436404874763
shock,1,beta_Q_3,0.970539000001623
shock,1,beta_Q_4,0.965744200006298
shock,1,beta_Q_5,0.961176300029427
shock,1,beta_Q_6,0.955116300619925
shock,1,beta_Q_7,0.940183999984989
shock,1,beta_Q_8,0.909499218945487
shock,1,beta_Q_9,0.85988771100122
shock,1,beta_Q_10,0.781753818094209
shock,1,beta_Q_11,0.658329466557867
shock,1,beta_Q_12,0.512809028093422
shock,1,beta_Q_13,0.344799901709008
shock,1,beta_Q_14,0.210284003873888
shock,1,beta_Q_15,0.118657324974081
shock,1,beta_Q_16,0.0591105026749442
shock,1,beta_Q_17,0.031131000636637
shock,1,h_Q_2,37.64549986
shock,1,h_Q_3,33.94317912
shock,1,h_Q_4,29.19213681
shock,1,h_Q_5,25.75746258
shock,1,h_Q_6,22.27980314
shock,1,h_Q_7,16.7179349964
shock,1,h_Q_8,11.049626084672
shock,1,h_Q_9,7.13713214817855
shock,1,h_Q_10,4.58198126301498
shock,1,h_Q_11,2.92679557875468
shock,1,h_Q_12,2.05258307497959
shock,1,h_Q_13,1.52625129347999
shock,1,h_Q_14,1.26627752601038
shock,1,h_Q_15,1.13462803749019
shock,1,h_Q_16,1.06282406454038
shock,1,h_Q_17,1.03213127924955
shock,1,P_Q_1,0.2522852124
shock,1,P_Q_2,0.0592788505108232
shock,1,P_Q_3,0.0529788315263615
shock,1,P_Q_4,0.0516187991809102
shock,1,P_Q_5,0.0480152225133509
shock,1,P_Q_6,0.042674493190698
shock,1,P_Q_7,0.0407094252183056
shock,1,P_Q_8,0.0361254806344777
shock,1,P_Q_9,0.0316353121871109
shock,1,P_Q_10,0.0252264559898656
shock,1,P_Q_11,0.0186772111554823
shock,1,P_Q_12,0.0112496894086261
shock,1,P_Q_13,0.00531388564243535
shock,1,P_Q_14,0.00164097968469545
shock,1,P_Q_15,0.000304585058292062
shock,1,P_Q_16,3.26525318881665e-05
shock,1,P_Q_17,2.01287823792251e-06
shock,1,L_Q,0.751657247757596
shock,1,beta_NQ_2,0.939491000019456
shock,1,beta_NQ_3,0.931619200148016
shock,1,beta_NQ_4,0.925826700715022
shock,1,beta_NQ_5,0.916842509905461
shock,1,beta_NQ_6,0.905218099976406
shock,1,beta_NQ_7,0.883457900039542
shock,1,beta_NQ_8,0.843435236949881
shock,1,beta_NQ_9,0.785066520379141
shock,1,beta_NQ_10,0.701200501908016
shock,1,beta_NQ_11,0.582111699569906
shock,1,beta_NQ_12,0.433853272111351
shock,1,beta_NQ_13,0.278824341886696
shock,1,beta_NQ_14,0.164751615202972
shock,1,beta_NQ_15,0.0914522727890728
shock,1,beta_NQ_16,0.0448453010253704
shock,1,beta_NQ_17,0.0234374042852502
shock,1,h_NQ_2,16.52646714
shock,1,h_NQ_3,14.62398802
shock,1,h_NQ_4,13.48194027
shock,1,h_NQ_5,12.02537354
shock,1,h_NQ_6,10.5505376
shock,1,h_NQ_7,8.58059018639999
shock,1,h_NQ_8,6.387123554672
shock,1,h_NQ_9,4.65260184817856
shock,1,h_NQ_10,3.34672581301498
shock,1,h_NQ_11,2.39298395875468
shock,1,h_NQ_12,1.76632258497959
shock,1,h_NQ_13,1.38662464347999
shock,1,h_NQ_14,1.19724704601039
shock,1,h_NQ_15,1.10064773749018
shock,1,h_NQ_16,1.04695082454037
shock,1,h_NQ_17,1.02399989924956
shock,1,P_NQ_1,0.5886654956
shock,1,P_NQ_2,0.138317317858587
shock,1,P_NQ_3,0.123617274894843
shock,1,P_NQ_4,0.120443865422124
shock,1,P_NQ_5,0.112035520531152
shock,1,P_NQ_6,0.0995738157782948
shock,1,P_NQ_7,0.0949886588427129
shock,1,P_NQ_8,0.0842927891471142
shock,1,P_NQ_9,0.0738157284365917
shock,1,P_NQ_10,0.0588617313096862
shock,1,P_NQ_11,0.0435801576961252
shock,1,P_NQ_12,0.026249274286794
shock,1,P_NQ_13,0.0123990668323489
shock,1,P_NQ_14,0.00382895393095584
shock,1,P_NQ_15,0.000710697469347821
shock,1,P_NQ_16,7.6189241072e-05
shock,1,P_NQ_17,4.69538255498669e-06
shock,1,L_NQ,1.32486257678101
shock,1,pi_Q,0.3
shock,1,pi_NQ,0.7
shock,1,y,0.287537546460131
shock,1,nbar,5.37545885915072
shock,1,Ptot,2.25923033237187
shock,1,Pret,0.208158238498408
shock,1,H,102.937051194269
shock,1,cCheck,0
shock,1,shareq,0.3
shock,1,A,0.088593872
shock,1,A_Q,2
shock,1,xpop,0.840950708
shock,1,h_Q_1,100
shock,1,mig_Q_2,-0.237659925
shock,1,med_Q_2,-60.35450014
shock,1,mig_Q_3,-0.24086812
shock,1,med_Q_3,-62.09682088
shock,1,mig_Q_4,-0.23910608
shock,1,med_Q_4,-64.92706319
shock,1,mig_Q_5,-0.239557717
shock,1,med_Q_5,-66.47935342
shock,1,mig_Q_6,-0.241717051
shock,1,med_Q_6,-68.11227654
shock,1,mig_Q_7,-0.240471711
shock,1,med_Q_7,-71.86630309
shock,1,mig_Q_8,-0.24181671
shock,1,med_Q_8,-75.76292724
shock,1,mig_Q_9,-0.243039903
shock,1,med_Q_9,-77.93917011
shock,1,mig_Q_10,-0.246154295
shock,1,med_Q_10,-78.79279495
shock,1,mig_Q_11,-0.249382162
shock,1,med_Q_11,-78.78048511
shock,1,mig_Q_12,-0.253462002
shock,1,med_Q_12,-78.020552
shock,1,mig_Q_13,-0.256024465
shock,1,med_Q_13,-76.94542108
shock,1,mig_Q_14,-0.256299052
shock,1,med_Q_14,-75.6359614
shock,1,mig_Q_15,-0.254212866
shock,1,med_Q_15,-74.22956611
shock,1,mig_Q_16,-0.25103871
shock,1,med_Q_16,-72.7940862
shock,1,mig_Q_17,-0.247600544
shock,1,med_Q_17,-71.34764078
shock,1,h_NQ_1,100
shock,1,mig_NQ_2,-0.554539825
shock,1,med_NQ_2,-81.47353286
shock,1,mig_NQ_3,-0.562025612
shock,1,med_NQ_3,-81.41601198
shock,1,mig_NQ_4,-0.557914186
shock,1,med_NQ_4,-80.63725973
shock,1,mig_NQ_5,-0.558968005
shock,1,med_NQ_5,-80.21144246
shock,1,mig_NQ_6,-0.564006454
shock,1,med_NQ_6,-79.84154208
shock,1,mig_NQ_7,-0.561100659
shock,1,med_NQ_7,-80.0036479
shock,1,mig_NQ_8,-0.564238989
shock,1,med_NQ_8,-80.42542977
shock,1,mig_NQ_9,-0.567093107
shock,1,med_NQ_9,-80.42370041
shock,1,mig_NQ_10,-0.574360021
shock,1,med_NQ_10,-80.0280504
shock,1,mig_NQ_11,-0.581891713
shock,1,med_NQ_11,-79.31429673
shock,1,mig_NQ_12,-0.591411339
shock,1,med_NQ_12,-78.30681249
shock,1,mig_NQ_13,-0.597390418
shock,1,med_NQ_13,-77.08504773
shock,1,mig_NQ_14,-0.59803112
shock,1,med_NQ_14,-75.70499188
shock,1,mig_NQ_15,-0.593163355
shock,1,med_NQ_15,-74.26354641
shock,1,mig_NQ_16,-0.58575699
shock,1,med_NQ_16,-72.80995944
shock,1,mig_NQ_17,-0.577734604
shock,1,med_NQ_17,-71.35577216
shock,2,beta_Q_2,0.974250899998791
shock,2,beta_Q_3,0.971050702827941
shock,2,beta_Q_4,0.966497808579101
shock,2,beta_Q_5,0.96060350176663
shock,2,beta_Q_6,0.953428799997687
shock,2,beta_Q_7,0.938990908940442
shock,2,beta_Q_8,0.907364226102163
shock,2,beta_Q_9,0.855505422354817
shock,2,beta_Q_10,0.777190539425623
shock,2,beta_Q_11,0.653229715740918
shock,2,beta_Q_12,0.507151509662807
shock,2,beta_Q_13,0.340206902132967
shock,2,beta_Q_14,0.202952405585477
shock,2,beta_Q_15,0.104123564627982
shock,2,beta_Q_16,0.0518962985273525
shock,2,beta_Q_17,0.0269183031357435
shock,2,h_Q_2,38.83630884
shock,2,h_Q_3,34.5431495778
shock,2,h_Q_4,29.8487860516
shock,2,h_Q_5,25.3829654958
shock,2,h_Q_6,21.4724980234
shock,2,h_Q_7,16.3909974132
shock,2,h_Q_8,10.794962634472
shock,2,h_Q_9,6.92066906697856
shock,2,h_Q_10,4.48813897521498
shock,2,h_Q_11,2.88375330475468
shock,2,h_Q_12,2.02902109317958
shock,2,h_Q_13,1.51562664248
shock,2,h_Q_14,1.25463021261039
shock,2,h_Q_15,1.11622528649018
shock,2,h_Q_16,1.05473693974038
shock,2,h_Q_17,1.02766294224957
shock,2,P_Q_1,0.2512048092
shock,2,P_Q_2,0.058626292161722
shock,2,P_Q_3,0.05666953529602
shock,2,P_Q_4,0.0510325992696945
shock,2,P_Q_5,0.0491409534086693
shock,2,P_Q_6,0.0449400987003943
shock,2,P_Q_7,0.0398043877053626
shock,2,P_Q_8,0.0367541314397686
shock,2,P_Q_9,0.0316798898515999
shock,2,P_Q_10,0.0259442070888762
shock,2,P_Q_11,0.0185558133149537
shock,2,P_Q_12,0.0115651525001385
shock,2,P_Q_13,0.00532686380235115
shock,2,P_Q_14,0.00163190114901927
shock,2,P_Q_15,0.000307461259722774
shock,2,P_Q_16,3.2879075902921e-05
shock,2,P_Q_17,2.36708599099832e-06
shock,2,L_Q,0.757578693365704
shock,2,beta_NQ_2,0.940730611341604
shock,2,beta_NQ_3,0.932728204979504
shock,2,beta_NQ_4,0.926524000597335
shock,2,beta_NQ_5,0.915284209720587
shock,2,beta_NQ_6,0.901399100016695
shock,2,beta_NQ_7,0.880705633764917
shock,2,beta_NQ_8,0.839248473866308
shock,2,beta_NQ_9,0.778419779240567
shock,2,beta_NQ_10,0.695314942098422
shock,2,beta_NQ_11,0.576616011674913
shock,2,beta_NQ_12,0.428372303652876
shock,2,beta_NQ_13,0.275077599402946
shock,2,beta_NQ_14,0.159037699960351
shock,2,beta_NQ_15,0.0800507185687133
shock,2,beta_NQ_16,0.0395277962597335
shock,2,beta_NQ_17,0.0203578006828232
shock,2,h_NQ_2,16.87211276
shock,2,h_NQ_3,14.8650697642
shock,2,h_NQ_4,13.6098862216
shock,2,h_NQ_5,11.8041734866
shock,2,h_NQ_6,10.1418952582
shock,2,h_NQ_7,8.382623155
shock,2,h_NQ_8,6.22077789167199
shock,2,h_NQ_9,4.51303454257856
shock,2,h_NQ_10,3.28207713121499
shock,2,h_NQ_11,2.36192203575468
shock,2,h_NQ_12,1.74939037757959
shock,2,h_NQ_13,1.37945799228
shock,2,h_NQ_14,1.18911394461039
shock,2,h_NQ_15,1.08701642209018
shock,2,h_NQ_16,1.04115454374037
shock,2,h_NQ_17,1.02078085304957
shock,2,P_NQ_1,0.5861445548
shock,2,P_NQ_2,0.136794680138193
shock,2,P_NQ_3,0.132228917030036
shock,2,P_NQ_4,0.119076066767275
shock,2,P_NQ_5,0.114662224876335
shock,2,P_NQ_6,0.104860232025077
shock,2,P_NQ_7,0.0928769051864166
shock,2,P_NQ_8,0.085759657978555
shock,2,P_NQ_9,0.0739197446687776
shock,2,P_NQ_10,0.0605364808284439
shock,2,P_NQ_11,0.0432968944523086
shock,2,P_NQ_12,0.0269854100155926
shock,2,P_NQ_13,0.0124293506280187
shock,2,P_NQ_14,0.00380778028763909
shock,2,P_NQ_15,0.000717429539390566
shock,2,P_NQ_16,7.6717841950872e-05
shock,2,P_NQ_17,5.52318804519086e-06
shock,2,L_NQ,1.3352765883274
shock,2,pi_Q,0.3
shock,2,pi_NQ,0.7
shock,2,y,0.213870615647505
shock,2,nbar,3.59718108644549
shock,2,Ptot,2.27739791256224
shock,2,Pret,0.211222232058345
shock,2,H,102.930168581879
shock,2,cCheck,0
shock,2,shareq,0.3
shock,2,A,0.087292616
shock,2,A_Q,2
shock,2,xpop,0.837349364
shock,2,h_Q_1,100
shock,2,mig_Q_2,-0.186957318
shock,2,med_Q_2,-59.16369116
shock,2,mig_Q_3,-0.000862901
shock,2,med_Q_3,-2.349440285
shock,2,mig_Q_4,-0.0001314
shock,2,med_Q_4,-3.415529486
shock,2,mig_Q_5,-0.000473813
shock,2,med_Q_5,-3.225328578
shock,2,mig_Q_6,-0.000920023
shock,2,med_Q_6,-3.769815305
shock,2,mig_Q_7,-0.000317488
shock,2,med_Q_7,-5.443209664
shock,2,mig_Q_8,-0.000271059
shock,2,med_Q_8,-5.588613662
shock,2,mig_Q_9,0.000616033
shock,2,med_Q_9,-3.907964496
shock,2,mig_Q_10,0.001213181
shock,2,med_Q_10,-2.50625053
shock,2,mig_Q_11,0.001948494
shock,2,med_Q_11,-1.606588333
shock,2,mig_Q_12,0.00198731
shock,2,med_Q_12,-0.839238574
shock,2,mig_Q_13,0.001447972
shock,2,med_Q_13,-0.495904771
shock,2,mig_Q_14,0.000514476
shock,2,med_Q_14,-0.241096055
shock,2,mig_Q_15,0.000112747
shock,2,med_Q_15,-0.124726689
shock,2,mig_Q_16,1.48749e-05
shock,2,med_Q_16,-0.057198537
shock,2,mig_Q_17,1.35058e-06
shock,2,med_Q_17,-0.013904641
shock,2,h_NQ_1,100
shock,2,mig_NQ_2,-0.416251255
shock,2,med_NQ_2,-81.12788724
shock,2,mig_NQ_3,0.003369848
shock,2,med_NQ_3,-1.330868033
shock,2,mig_NQ_4,0.004627893
shock,2,med_NQ_4,-0.721622038
shock,2,mig_NQ_5,0.004234169
shock,2,med_NQ_5,-1.408127978
shock,2,mig_NQ_6,0.003443651
shock,2,med_NQ_6,-1.642970811
shock,2,mig_NQ_7,0.004907631
shock,2,med_NQ_7,-1.956903693
shock,2,mig_NQ_8,0.005642876
shock,2,med_NQ_8,-2.188200491
shock,2,mig_NQ_9,0.007744298
shock,2,med_NQ_9,-1.746346541
shock,2,mig_NQ_10,0.008776855
shock,2,med_NQ_10,-1.27747268
shock,2,mig_NQ_11,0.009032792
shock,2,med_NQ_11,-0.917869261
shock,2,mig_NQ_12,0.008078016
shock,2,med_NQ_12,-0.595733902
shock,2,mig_NQ_13,0.005110414
shock,2,med_NQ_13,-0.351538141
shock,2,mig_NQ_14,0.001765014
shock,2,med_NQ_14,-0.169778206
shock,2,mig_NQ_15,0.000367263
shock,2,med_NQ_15,-0.086285683
shock,2,mig_NQ_16,4.48464e-05
shock,2,med_NQ_16,-0.037480239
shock,2,mig_NQ_17,3.73751e-06
shock,2,med_NQ_17,-0.005230955
shock,3,beta_Q_2,0.960919101309252
shock,3,beta_Q_3,0.963560499994147
shock,3,beta_Q_4,0.964076600018983
shock,3,beta_Q_5,0.962424900003693
shock,3,beta_Q_6,0.956305900022175
shock,3,beta_Q_7,0.942098600001715
shock,3,beta_Q_8,0.912940600055841
shock,3,beta_Q_9,0.865348500041953
shock,3,beta_Q_10,0.785928400220511
shock,3,beta_Q_11,0.667295763074705
shock,3,beta_Q_12,0.521659103888569
shock,3,beta_Q_13,0.359734955973682
shock,3,beta_Q_14,0.216027861519063
shock,3,beta_Q_15,0.117518946854786
shock,3,beta_Q_16,0.057058104084404
shock,3,beta_Q_17,0.0293664387910884
shock,3,h_Q_2,25.58794705
shock,3,h_Q_3,27.4427475632
shock,3,h_Q_4,27.837008749244
shock,3,h_Q_5,26.613368961568
shock,3,h_Q_6,22.886385121884
shock,3,h_Q_7,17.270739566932
shock,3,h_Q_8,11.486410431936
shock,3,h_Q_9,7.42657897978255
shock,3,h_Q_10,4.67133426863899
shock,3,h_Q_11,3.00566297371068
shock,3,h_Q_12,2.09055751265959
shock,3,h_Q_13,1.56185183631599
shock,3,h_Q_14,1.2755554356304
shock,3,h_Q_15,1.13316874435818
shock,3,h_Q_16,1.06051073076037
shock,3,h_Q_17,1.03024839694558
shock,3,P_Q_1,0.251144745
shock,3,P_Q_2,0.0586093814471245
shock,3,P_Q_3,0.0568679813078364
shock,3,P_Q_4,0.0546954727767994
shock,3,P_Q_5,0.0489759793627217
shock,3,P_Q_6,0.0465539002391698
shock,3,P_Q_7,0.0419258031265564
shock,3,P_Q_8,0.0362022537457468
shock,3,P_Q_9,0.0321353347406637
shock,3,P_Q_10,0.0260723886827093
shock,3,P_Q_11,0.0191639110217901
shock,3,P_Q_12,0.0114416167357
shock,3,P_Q_13,0.00554994570476745
shock,3,P_Q_14,0.00169309582291336
shock,3,P_Q_15,0.000315013364756386
shock,3,P_Q_16,3.32503013201689e-05
shock,3,P_Q_17,1.62521993197794e-06
shock,3,L_Q,0.767009622924636
shock,3,beta_NQ_2,0.907806406419834
shock,3,beta_NQ_3,0.911270900013759
shock,3,beta_NQ_4,0.918945800489104
shock,3,beta_NQ_5,0.917890800003294
shock,3,beta_NQ_6,0.906938600037125
shock,3,beta_NQ_7,0.886138300025991
shock,3,beta_NQ_8,0.847883199957314
shock,3,beta_NQ_9,0.791712099862338
shock,3,beta_NQ_10,0.705827079298838
shock,3,beta_NQ_11,0.591640347499391
shock,3,beta_NQ_12,0.442583034971192
shock,3,beta_NQ_13,0.292314147433582
shock,3,beta_NQ_14,0.170047424360433
shock,3,beta_NQ_15,0.090590314338219
shock,3,beta_NQ_16,0.0434898973154973
shock,3,beta_NQ_17,0.0222164146022872
shock,3,h_NQ_2,10.8467399
shock,3,h_NQ_3,11.2702597008
shock,3,h_NQ_4,12.337423602916
shock,3,h_NQ_5,12.178903217168
shock,3,h_NQ_6,10.745593771868
shock,3,h_NQ_7,8.78258448803599
shock,3,h_NQ_8,6.5738958459
shock,3,h_NQ_9,4.80104700783855
shock,3,h_NQ_10,3.39935561472699
shock,3,h_NQ_11,2.44881726659069
shock,3,h_NQ_12,1.79398841503959
shock,3,h_NQ_13,1.413055870028
shock,3,h_NQ_14,1.2048880844344
shock,3,h_NQ_15,1.09961439571818
shock,3,h_NQ_16,1.04546726364838
shock,3,h_NQ_17,1.02271751686557
shock,3,P_NQ_1,0.586004405
shock,3,P_NQ_2,0.136755229371556
shock,3,P_NQ_3,0.132691954456042
shock,3,P_NQ_4,0.127622769201322
shock,3,P_NQ_5,0.114277286667721
shock,3,P_NQ_6,0.108625768309441
shock,3,P_NQ_7,0.0978268761023816
shock,3,P_NQ_8,0.0844719299351259
shock,3,P_NQ_9,0.0749824650314133
shock,3,P_NQ_10,0.0608355749843013
shock,3,P_NQ_11,0.0447157911361322
shock,3,P_NQ_12,0.0266971054175509
shock,3,P_NQ_13,0.0129498898059934
shock,3,P_NQ_14,0.00395055733588084
shock,3,P_NQ_15,0.000735031548177291
shock,3,P_NQ_16,7.75845086637447e-05
shock,3,P_NQ_17,3.79216653525219e-06
shock,3,L_NQ,1.35180727147764
shock,3,pi_Q,0.3
shock,3,pi_NQ,0.7
shock,3,y,0.241449940272162
shock,3,nbar,3.64179304406678
shock,3,Ptot,2.30460570957874
shock,3,Pret,0.214236173757124
shock,3,H,100.932080792939
shock,3,cCheck,4.44089209850063e-16
shock,3,shareq,0.3
shock,3,A,0.097702667
shock,3,A_Q,2
shock,3,xpop,0.83714915
shock,3,h_Q_1,100
shock,3,mig_Q_2,-0.18612713
shock,3,med_Q_2,-72.41205295
shock,3,mig_Q_3,-6.11209e-05
shock,3,med_Q_3,-10.6168351
shock,3,mig_Q_4,-7.55089e-05
shock,3,med_Q_4,-6.015277837
shock,3,mig_Q_5,-4.61142e-05
shock,3,med_Q_5,-2.638441369
shock,3,mig_Q_6,-0.0002985
shock,3,med_Q_6,-1.988921064
shock,3,mig_Q_7,-0.000272541
shock,3,med_Q_7,-3.772308496
shock,3,mig_Q_8,8.51763e-05
shock,3,med_Q_8,-4.576767033
shock,3,mig_Q_9,0.000691976
shock,3,med_Q_9,-3.152484402
shock,3,mig_Q_10,0.001451078
shock,3,med_Q_10,-2.110921417
shock,3,mig_Q_11,0.002216384
shock,3,med_Q_11,-1.392713222
shock,3,mig_Q_12,0.002031008
shock,3,med_Q_12,-0.735520726
shock,3,mig_Q_13,0.001615401
shock,3,med_Q_13,-0.426588835
shock,3,mig_Q_14,0.000611996
shock,3,med_Q_14,-0.209758674
shock,3,mig_Q_15,0.000145094
shock,3,med_Q_15,-0.096368864
shock,3,mig_Q_16,1.72942e-05
shock,3,med_Q_16,-0.03339005
shock,3,mig_Q_17,7.40171e-07
shock,3,med_Q_17,-0.003393804
shock,3,h_NQ_1,100
shock,3,mig_NQ_2,-0.414648896
shock,3,med_NQ_2,-87.1532601
shock,3,mig_NQ_3,0.005099698
shock,3,med_NQ_3,-5.264410804
shock,3,mig_NQ_4,0.005109504
shock,3,med_NQ_4,-2.230344766
shock,3,mig_NQ_5,0.005288843
shock,3,med_NQ_5,-1.15878528
shock,3,mig_NQ_6,0.005269342
shock,3,med_NQ_6,-0.822496245
shock,3,mig_NQ_7,0.005475879
shock,3,med_NQ_7,-1.156472865
shock,3,mig_NQ_8,0.006525129
shock,3,med_NQ_8,-1.641074846
shock,3,mig_NQ_9,0.008225451
shock,3,med_NQ_9,-1.295315326
shock,3,mig_NQ_10,0.009438072
shock,3,med_NQ_10,-1.023418237
shock,3,mig_NQ_11,0.009809487
shock,3,med_NQ_11,-0.767618322
shock,3,mig_NQ_12,0.008149915
shock,3,med_NQ_12,-0.52069518
shock,3,mig_NQ_13,0.005526808
shock,3,med_NQ_13,-0.3013467
shock,3,mig_NQ_14,0.001973822
shock,3,med_NQ_14,-0.146980748
shock,3,mig_NQ_15,0.000430216
shock,3,med_NQ_15,-0.06571727
shock,3,mig_NQ_16,4.92261e-05
shock,3,med_NQ_16,-0.01980883
shock,3,mig_NQ_17,2.23036e-06
shock,3,med_NQ_17,0.002386064
shock,4,beta_Q_2,0.915780800174138
shock,4,beta_Q_3,0.926950699992236
shock,4,beta_Q_4,0.946298101104891
shock,4,beta_Q_5,0.954726500006618
shock,4,beta_Q_6,0.952895600038412
shock,4,beta_Q_7,0.940326500011025
shock,4,beta_Q_8,0.911711903309846
shock,4,beta_Q_9,0.863582103908553
shock,4,beta_Q_10,0.782460213878918
shock,4,beta_Q_11,0.661729525310679
shock,4,beta_Q_12,0.513075047975742
shock,4,beta_Q_13,0.34311506784986
shock,4,beta_Q_14,0.199175459830733
shock,4,beta_Q_15,0.105912526264473
shock,4,beta_Q_16,0.0500897023507679
shock,4,beta_Q_17,0.0257230038342171
shock,4,h_Q_2,11.873777
shock,4,h_Q_3,13.689385109
shock,4,h_Q_4,18.621315069936
shock,4,h_Q_5,22.0879764132591
shock,4,h_Q_6,21.2294392893366
shock,4,h_Q_7,16.7578573434463
shock,4,h_Q_8,11.3265547675934
shock,4,h_Q_9,7.33041632029728
shock,4,h_Q_10,4.5968599731869
shock,4,h_Q_11,2.95621404026621
shock,4,h_Q_12,2.05370437323647
shock,4,h_Q_13,1.5223360154064
shock,4,h_Q_14,1.24871273758967
shock,4,h_Q_15,1.11845876491779
shock,4,h_Q_16,1.05273097847102
shock,4,h_Q_17,1.02640214614517
shock,4,P_Q_1,0.2400099309
shock,4,P_Q_2,0.0554021626639412
shock,4,P_Q_3,0.055098505891539
shock,4,P_Q_4,0.054131809069202
shock,4,P_Q_5,0.0517083339178659
shock,4,P_Q_6,0.047760847023935
shock,4,P_Q_7,0.0440058162399414
shock,4,P_Q_8,0.0383320361641815
shock,4,P_Q_9,0.0332963169770202
shock,4,P_Q_10,0.0266317512232805
shock,4,P_Q_11,0.0197418465012088
shock,4,P_Q_12,0.0120694326506273
shock,4,P_Q_13,0.00566622449268478
shock,4,P_Q_14,0.00175881790214782
shock,4,P_Q_15,0.000324755838033016
shock,4,P_Q_16,3.36133653542482e-05
shock,4,P_Q_17,1.70191293850399e-06
shock,4,L_Q,0.759593555588024
shock,4,beta_NQ_2,0.799613500674926
shock,4,beta_NQ_3,0.821086499924607
shock,4,beta_NQ_4,0.875935005405642
shock,4,beta_NQ_5,0.900361491462903
shock,4,beta_NQ_6,0.900028300059175
shock,4,beta_NQ_7,0.883267142757604
shock,4,beta_NQ_8,0.846057803078419
shock,4,beta_NQ_9,0.789139704543031
shock,4,beta_NQ_10,0.701501812798948
shock,4,beta_NQ_11,0.585631017831217
shock,4,beta_NQ_12,0.434138626882012
shock,4,beta_NQ_13,0.277026944002796
shock,4,beta_NQ_14,0.155300276397469
shock,4,beta_NQ_15,0.0806001114636423
shock,4,beta_NQ_16,0.0376488988536307
shock,4,beta_NQ_17,0.0191859183317102
shock,4,h_NQ_2,4.99035614
shock,4,h_NQ_3,5.589293146
shock,4,h_NQ_4,8.06029097678399
shock,4,h_NQ_5,10.0362710858577
shock,4,h_NQ_6,10.0028308018246
shock,4,h_NQ_7,8.56656521243064
shock,4,h_NQ_8,6.49594458327527
shock,4,h_NQ_9,4.742476413982
shock,4,h_NQ_10,3.35010394968178
shock,4,h_NQ_11,2.41330794243245
shock,4,h_NQ_12,1.76721719825888
shock,4,h_NQ_13,1.3831771347388
shock,4,h_NQ_14,1.18385253262744
shock,4,h_NQ_15,1.08766598574571
shock,4,h_NQ_16,1.03912178980382
shock,4,h_NQ_17,1.01955142437541
shock,4,P_NQ_1,0.5600231721
shock,4,P_NQ_2,0.129271716049243
shock,4,P_NQ_3,0.128563183951006
shock,4,P_NQ_4,0.126307551306071
shock,4,P_NQ_5,0.120652779720837
shock,4,P_NQ_6,0.111441979386464
shock,4,P_NQ_7,0.102680238668745
shock,4,P_NQ_8,0.089441420751515
shock,4,P_NQ_9,0.0776914080283628
shock,4,P_NQ_10,0.0621408002917497
shock,4,P_NQ_11,0.0460642887240372
shock,4,P_NQ_12,0.0281619995521673
shock,4,P_NQ_13,0.0132211826090758
shock,4,P_NQ_14,0.00410391040726062
shock,4,P_NQ_15,0.000757765230868603
shock,4,P_NQ_16,7.84310465538814e-05
shock,4,P_NQ_17,3.9709196111885e-06
shock,4,L_NQ,1.33845315648114
shock,4,pi_Q,0.3
shock,4,pi_NQ,0.7
shock,4,y,0.246570582254606
shock,4,nbar,3.59210030144272
shock,4,Ptot,2.28657970147747
shock,4,Pret,0.220760492667599
shock,4,H,92.5316480411073
shock,4,cCheck,0
shock,4,shareq,0.3
shock,4,A,0.100738932
shock,4,A_Q,2
shock,4,xpop,0.800033103
shock,4,h_Q_1,100
shock,4,mig_Q_2,-0.18592762
shock,4,med_Q_2,-86.126223
shock,4,mig_Q_3,-0.001375179
shock,4,med_Q_3,-11.386803
shock,4,mig_Q_4,-0.000693281
shock,4,med_Q_4,-8.272577542
shock,4,mig_Q_5,-0.000931951
shock,4,med_Q_5,-5.192292161
shock,4,mig_Q_6,0.000924829
shock,4,med_Q_6,-4.851662293
shock,4,mig_Q_7,0.000147452
shock,4,med_Q_7,-5.670800076
shock,4,mig_Q_8,5.62683e-05
shock,4,med_Q_8,-5.598770008
shock,4,mig_Q_9,0.001968751
shock,4,med_Q_9,-3.926265903
shock,4,mig_Q_10,0.001375679
shock,4,med_Q_10,-2.681187427
shock,4,mig_Q_11,0.002343852
shock,4,med_Q_11,-1.621693543
shock,4,mig_Q_12,0.002072404
shock,4,med_Q_12,-0.891845341
shock,4,mig_Q_13,0.001550275
shock,4,med_Q_13,-0.526410347
shock,4,mig_Q_14,0.000559875
shock,4,med_Q_14,-0.281902062
shock,4,mig_Q_15,0.000125785
shock,4,med_Q_15,-0.131585562
shock,4,mig_Q_16,1.56393e-05
shock,4,med_Q_16,-0.057774391
shock,4,mig_Q_17,7.2547e-07
shock,4,med_Q_17,-0.01289837
shock,4,h_NQ_1,100
shock,4,mig_NQ_2,-0.402706837
shock,4,med_NQ_2,-93.00964386
shock,4,mig_NQ_3,0.003942123
shock,4,med_NQ_3,-5.040511956
shock,4,mig_NQ_4,0.004370837
shock,4,med_NQ_4,-2.98456353
shock,4,mig_NQ_5,0.003509014
shock,4,med_NQ_5,-2.054404045
shock,4,mig_NQ_6,0.007799497
shock,4,med_NQ_6,-1.932494351
shock,4,mig_NQ_7,0.006422785
shock,4,med_NQ_7,-1.964116684
shock,4,mig_NQ_8,0.006495656
shock,4,med_NQ_8,-2.110988215
shock,4,mig_NQ_9,0.010813959
shock,4,med_NQ_9,-1.699941515
shock,4,mig_NQ_10,0.009216146
shock,4,med_NQ_10,-1.354922118
shock,4,mig_NQ_11,0.010071508
shock,4,med_NQ_11,-0.91806056
shock,4,mig_NQ_12,0.008371549
shock,4,med_NQ_12,-0.632623723
shock,4,mig_NQ_13,0.005417241
shock,4,med_NQ_13,-0.374931512
shock,4,mig_NQ_14,0.001901815
shock,4,med_NQ_14,-0.20094222
shock,4,mig_NQ_15,0.000399883
shock,4,med_NQ_15,-0.093124337
shock,4,mig_NQ_16,4.64646e-05
shock,4,med_NQ_16,-0.038500318
shock,4,mig_NQ_17,2.24727e-06
shock,4,med_NQ_17,-0.005006494
shock,5,beta_Q_2,0.97831590005436
shock,5,beta_Q_3,0.976824400001711
shock,5,beta_Q_4,0.972756101044606
shock,5,beta_Q_5,0.968474199995295
shock,5,beta_Q_6,0.961299800006389
shock,5,beta_Q_7,0.947256704690488
shock,5,beta_Q_8,0.918899700325678
shock,5,beta_Q_9,0.87503910061217
shock,5,beta_Q_10,0.80298450290316
shock,5,beta_Q_11,0.688932000729511
shock,5,beta_Q_12,0.545905601157889
shock,5,beta_Q_13,0.382226001756237
shock,5,beta_Q_14,0.233474069512069
shock,5,beta_Q_15,0.122301810119353
shock,5,beta_Q_16,0.0608830171079231
shock,5,beta_Q_17,0.0308175007459649
shock,5,h_Q_2,46.11673992
shock,5,h_Q_3,43.14882894
shock,5,h_Q_4,36.70546433682
shock,5,h_Q_5,31.7200515085373
shock,5,h_Q_6,25.8396597469939
shock,5,h_Q_7,18.9597541315499
shock,5,h_Q_8,12.3304106175774
shock,5,h_Q_9,8.00250318224148
shock,5,h_Q_10,5.07574277589133
shock,5,h_Q_11,3.21473118072316
shock,5,h_Q_12,2.20218527646088
shock,5,h_Q_13,1.61871493877174
shock,5,h_Q_14,1.30458208009827
shock,5,h_Q_15,1.13934367183788
shock,5,h_Q_16,1.06483004861944
shock,5,h_Q_17,1.0317974169016
shock,5,P_Q_1,0.2322511179
shock,5,P_Q_2,0.0547375935693415
shock,5,P_Q_3,0.052932439462424
shock,5,P_Q_4,0.05294098949888
shock,5,P_Q_5,0.0523430946116657
shock,5,P_Q_6,0.0508873098756514
shock,5,P_Q_7,0.0446876891195788
shock,5,P_Q_8,0.0408866024808203
shock,5,P_Q_9,0.0351519314377626
shock,5,P_Q_10,0.0273420413032195
shock,5,P_Q_11,0.0205344860951735
shock,5,P_Q_12,0.0126792128407374
shock,5,P_Q_13,0.0059869172028293
shock,5,P_Q_14,0.00185312986883465
shock,5,P_Q_15,0.000347917847255657
shock,5,P_Q_16,3.53494232637479e-05
shock,5,P_Q_17,1.53344172588827e-06
shock,5,L_Q,0.757141874818396
shock,5,beta_NQ_2,0.949461622802603
shock,5,beta_NQ_3,0.945148500061631
shock,5,beta_NQ_4,0.939751299968669
shock,5,beta_NQ_5,0.931510500004377
shock,5,beta_NQ_6,0.91745130001448
shock,5,beta_NQ_7,0.895631604059103
shock,5,beta_NQ_8,0.857395600286007
shock,5,beta_NQ_9,0.804925800395733
shock,5,beta_NQ_10,0.726425001123515
shock,5,beta_NQ_11,0.61504049989533
shock,5,beta_NQ_12,0.466364099355962
shock,5,beta_NQ_13,0.31223812072514
shock,5,beta_NQ_14,0.183897629855855
shock,5,beta_NQ_15,0.0940209412956333
shock,5,beta_NQ_16,0.0461569048697826
shock,5,beta_NQ_17,0.0231602981609627
shock,5,h_NQ_2,19.78693429
shock,5,h_NQ_3,18.2310419972
shock,5,h_NQ_4,16.59786849308
shock,5,h_NQ_5,14.6007782222483
shock,5,h_NQ_6,12.1140611561405
shock,5,h_NQ_7,9.58144419278814
shock,5,h_NQ_8,7.01240635218202
shock,5,h_NQ_9,5.12625452360976
shock,5,h_NQ_10,3.65530475870236
shock,5,h_NQ_11,2.59767585568814
shock,5,h_NQ_12,1.8739368895838
shock,5,h_NQ_13,1.4539816232937
shock,5,h_NQ_14,1.22533462604402
shock,5,h_NQ_15,1.10377821897489
shock,5,h_NQ_16,1.0483904520308
shock,5,h_NQ_17,1.02370941500774
shock,5,P_NQ_1,0.5419192751
shock,5,P_NQ_2,0.127721053101957
shock,5,P_NQ_3,0.123509026870121
shock,5,P_NQ_4,0.123528981229091
shock,5,P_NQ_5,0.122133897276961
shock,5,P_NQ_6,0.118737056229559
shock,5,P_NQ_7,0.104271281715934
shock,5,P_NQ_8,0.0954020711476459
shock,5,P_NQ_9,0.0820211753457595
shock,5,P_NQ_10,0.0637980985707992
shock,5,P_NQ_11,0.0479138291237038
shock,5,P_NQ_12,0.0295848150549501
shock,5,P_NQ_13,0.013969466672945
shock,5,P_NQ_14,0.00432396731349088
shock,5,P_NQ_15,0.000811810636262007
shock,5,P_NQ_16,8.24819265317701e-05
shock,5,P_NQ_17,3.57876165385333e-06
shock,5,L_NQ,1.33392722092573
shock,5,pi_Q,0.3
shock,5,pi_NQ,0.7
shock,5,y,0.196984270290641
shock,5,nbar,3.51855389272182
shock,5,Ptot,2.28533122205653
shock,5,Pret,0.229268636083376
shock,5,H,100.915902125387
shock,5,cCheck,-4.44089209850063e-16
shock,5,shareq,0.3
shock,5,A,0.081653838
shock,5,A_Q,2
shock,5,xpop,0.774170393
shock,5,h_Q_1,100
shock,5,mig_Q_2,-0.165058893
shock,5,med_Q_2,-51.88326008
shock,5,mig_Q_3,0.001577366
shock,5,med_Q_3,31.51252748
shock,5,mig_Q_4,0.000801378
shock,5,med_Q_4,23.28986693
shock,5,mig_Q_5,0.000662022
shock,5,med_Q_5,13.47116274
shock,5,mig_Q_6,0.001614666
shock,5,med_Q_6,4.193442862
shock,5,mig_Q_7,-0.000223101
shock,5,med_Q_7,-1.845096372
shock,5,mig_Q_8,0.000765976
shock,5,med_Q_8,-4.092289579
shock,5,mig_Q_9,0.002049071
shock,5,med_Q_9,-3.09752049
shock,5,mig_Q_10,0.001288998
shock,5,med_Q_10,-2.108065218
shock,5,mig_Q_11,0.00291147
shock,5,med_Q_11,-1.290191593
shock,5,mig_Q_12,0.002550164
shock,5,med_Q_12,-0.694904483
shock,5,mig_Q_13,0.001845713
shock,5,med_Q_13,-0.393915347
shock,5,mig_Q_14,0.000724557
shock,5,med_Q_14,-0.187307215
shock,5,mig_Q_15,0.000161637
shock,5,med_Q_15,-0.084394811
shock,5,mig_Q_16,1.90825e-05
shock,5,med_Q_16,-0.031259541
shock,5,mig_Q_17,6.68805e-07
shock,5,med_Q_17,0.000121058
shock,5,h_NQ_1,100
shock,5,mig_NQ_2,-0.320081036
shock,5,med_NQ_2,-78.21306571
shock,5,mig_NQ_3,0.017365766
shock,5,med_NQ_3,13.34049298
shock,5,mig_NQ_4,0.010915988
shock,5,med_NQ_4,11.12036121
shock,5,mig_NQ_5,0.008411442
shock,5,med_NQ_5,6.701693065
shock,5,mig_NQ_6,0.01014614
shock,5,med_NQ_6,2.278515492
shock,5,mig_NQ_7,0.005838243
shock,5,med_NQ_7,-0.221329993
shock,5,mig_NQ_8,0.008528654
shock,5,med_NQ_8,-1.382827556
shock,5,mig_NQ_9,0.011439399
shock,5,med_NQ_9,-1.239771168
shock,5,mig_NQ_10,0.009297435
shock,5,med_NQ_10,-0.992322127
shock,5,mig_NQ_11,0.011522249
shock,5,med_NQ_11,-0.685426015
shock,5,mig_NQ_12,0.009586528
shock,5,med_NQ_12,-0.491104894
shock,5,mig_NQ_13,0.006167834
shock,5,med_NQ_13,-0.277891231
shock,5,mig_NQ_14,0.002270714
shock,5,med_NQ_14,-0.130178966
shock,5,mig_NQ_15,0.000481035
shock,5,med_NQ_15,-0.056397263
shock,5,mig_NQ_16,5.39529e-05
shock,5,med_NQ_16,-0.017522214
shock,5,mig_NQ_17,2.07399e-06
shock,5,med_NQ_17,0.005370061
shock,6,beta_Q_2,0.980093000081986
shock,6,beta_Q_3,0.978183700006992
shock,6,beta_Q_4,0.973443299999527
shock,6,beta_Q_5,0.968100100598134
shock,6,beta_Q_6,0.960728801748327
shock,6,beta_Q_7,0.947101200015067
shock,6,beta_Q_8,0.918668900015711
shock,6,beta_Q_9,0.873653601874638
shock,6,beta_Q_10,0.800306106442391
shock,6,beta_Q_11,0.685122807218345
shock,6,beta_Q_12,0.533326745557311
shock,6,beta_Q_13,0.364243208418866
shock,6,beta_Q_14,0.210392979249286
shock,6,beta_Q_15,0.10710457224437
shock,6,beta_Q_16,0.0513792132987517
shock,6,beta_Q_17,0.0258055017436974
shock,6,h_Q_2,50.23358618
shock,6,h_Q_3,45.8372868036
shock,6,h_Q_4,37.6552809642
shock,6,h_Q_5,31.3480606470836
shock,6,h_Q_6,25.4639532233665
shock,6,h_Q_7,18.9040205110541
shock,6,h_Q_8,12.2954195889189
shock,6,h_Q_9,7.91474866222584
shock,6,h_Q_10,5.00766422959665
shock,6,h_Q_11,3.1758412533735
shock,6,h_Q_12,2.1428257621087
shock,6,h_Q_13,1.57292752993167
shock,6,h_Q_14,1.2664518469963
shock,6,h_Q_15,1.1199518834963
shock,6,h_Q_16,1.05416200440112
shock,6,h_Q_17,1.02648906464705
shock,6,P_Q_1,0.2354582187
shock,6,P_Q_2,0.0635929234469698
shock,6,P_Q_3,0.0556168589959095
shock,6,P_Q_4,0.0529758844302472
shock,6,P_Q_5,0.0517508194518871
shock,6,P_Q_6,0.0502920915819097
shock,6,P_Q_7,0.0478914644633733
shock,6,P_Q_8,0.041124593240228
shock,6,P_Q_9,0.0364065528619043
shock,6,P_Q_10,0.0293843861916378
shock,6,P_Q_11,0.0208241592190559
shock,6,P_Q_12,0.013313518976254
shock,6,P_Q_13,0.00629877882953141
shock,6,P_Q_14,0.00203395992317637
shock,6,P_Q_15,0.000382637137344718
shock,6,P_Q_16,4.0045288246618e-05
shock,6,P_Q_17,1.73611087779998e-06
shock,6,L_Q,0.779072354532136
shock,6,beta_NQ_2,0.953018000050538
shock,6,beta_NQ_3,0.947439199997024
shock,6,beta_NQ_4,0.940336200557962
shock,6,beta_NQ_5,0.929724029308708
shock,6,beta_NQ_6,0.91563551810666
shock,6,beta_NQ_7,0.895088600099634
shock,6,beta_NQ_8,0.856512600216809
shock,6,beta_NQ_9,0.802585803990379
shock,6,beta_NQ_10,0.722879507523622
shock,6,beta_NQ_11,0.610812705042895
shock,6,beta_NQ_12,0.454135636348191
shock,6,beta_NQ_13,0.296270685092385
shock,6,beta_NQ_14,0.16523660568129
shock,6,beta_NQ_15,0.0820849260258682
shock,6,beta_NQ_16,0.0388798004271116
shock,6,beta_NQ_17,0.0193578988289396
shock,6,h_NQ_2,21.28474735
shock,6,h_NQ_3,19.0255856062
shock,6,h_NQ_4,16.760581795256
shock,6,h_NQ_5,14.2296089622184
shock,6,h_NQ_6,11.8533269328033
shock,6,h_NQ_7,9.53185259401771
shock,6,h_NQ_8,6.96925304993238
shock,6,h_NQ_9,5.06549174513838
shock,6,h_NQ_10,3.60853852513757
shock,6,h_NQ_11,2.56945691452831
shock,6,h_NQ_12,1.83195646157438
shock,6,h_NQ_13,1.42100053779213
shock,6,h_NQ_14,1.19794394082783
shock,6,h_NQ_15,1.08942537252314
shock,6,h_NQ_16,1.04045258559539
shock,6,h_NQ_17,1.01974002399018
shock,6,P_NQ_1,0.5494025103
shock,6,P_NQ_2,0.148383499364456
shock,6,P_NQ_3,0.129772670765607
shock,6,P_NQ_4,0.123610397559061
shock,6,P_NQ_5,0.120751917069742
shock,6,P_NQ_6,0.117348222832583
shock,6,P_NQ_7,0.111746750132136
shock,6,P_NQ_8,0.0959573911794244
shock,6,P_NQ_9,0.0849486214779296
shock,6,P_NQ_10,0.0685635673926954
shock,6,P_NQ_11,0.0485897034373559
shock,6,P_NQ_12,0.0310648887659716
shock,6,P_NQ_13,0.0146972830547585
shock,6,P_NQ_14,0.00474587881150494
shock,6,P_NQ_15,0.000892819476945964
shock,6,P_NQ_16,9.34391663102231e-05
shock,6,P_NQ_17,4.05092601136641e-06
shock,6,L_NQ,1.37284435181037
shock,6,pi_Q,0.3
shock,6,pi_NQ,0.7
shock,6,y,0.315006296915778
shock,6,nbar,3.68418570100411
shock,6,Ptot,2.35796224056105
shock,6,Pret,0.240930852707678
shock,6,H,103.799297970111
shock,6,cCheck,0
shock,6,shareq,0.3
shock,6,A,0.126438745
shock,6,A_Q,2
shock,6,xpop,0.784860729
shock,6,h_Q_1,100
shock,6,mig_Q_2,-0.163622038
shock,6,med_Q_2,-47.76641382
shock,6,mig_Q_3,0.002147842
shock,6,med_Q_3,0.642881682
shock,6,mig_Q_4,0.001485531
shock,6,med_Q_4,-4.630571397
shock,6,mig_Q_5,0.000478837
shock,6,med_Q_5,-4.623294403
shock,6,mig_Q_6,-2.53148e-05
shock,6,med_Q_6,-5.621697255
shock,6,mig_Q_7,-0.000311881
shock,6,med_Q_7,-6.418846041
shock,6,mig_Q_8,6.10891e-05
shock,6,med_Q_8,-6.28513946
shock,6,mig_Q_9,0.000629177
shock,6,med_Q_9,-4.169053743
shock,6,mig_Q_10,0.00115793
shock,6,med_Q_10,-2.834788889
shock,6,mig_Q_11,0.001987352
shock,6,med_Q_11,-1.798386667
shock,6,mig_Q_12,0.002103628
shock,6,med_Q_12,-1.007610795
shock,6,mig_Q_13,0.001452454
shock,6,med_Q_13,-0.585214041
shock,6,mig_Q_14,0.00063617
shock,6,med_Q_14,-0.319888793
shock,6,mig_Q_15,0.000155996
shock,6,med_Q_15,-0.158538555
shock,6,mig_Q_16,1.8863e-05
shock,6,med_Q_16,-0.062394794
shock,6,mig_Q_17,6.4673e-07
shock,6,med_Q_17,-0.017044383
shock,6,h_NQ_1,100
shock,6,mig_NQ_2,-0.366148055
shock,6,med_NQ_2,-76.71525265
shock,6,mig_NQ_3,0.009057309
shock,6,med_NQ_3,-0.365609998
shock,6,mig_NQ_4,0.007542629
shock,6,med_NQ_4,-1.105839362
shock,6,mig_NQ_5,0.005683374
shock,6,med_NQ_5,-2.036302161
shock,6,mig_NQ_6,0.00529632
shock,6,med_NQ_6,-2.455435725
shock,6,mig_NQ_7,0.00540209
shock,6,med_NQ_7,-2.339927339
shock,6,mig_NQ_8,0.006555653
shock,6,med_NQ_8,-2.420562259
shock,6,mig_NQ_9,0.008157033
shock,6,med_NQ_9,-1.80666648
shock,6,mig_NQ_10,0.008981335
shock,6,med_NQ_10,-1.415190908
shock,6,mig_NQ_11,0.009351289
shock,6,med_NQ_11,-1.012741749
shock,6,mig_NQ_12,0.008719599
shock,6,med_NQ_12,-0.713765877
shock,6,mig_NQ_13,0.005459776
shock,6,med_NQ_13,-0.415457614
shock,6,mig_NQ_14,0.002176927
shock,6,med_NQ_14,-0.22695805
shock,6,mig_NQ_15,0.000486276
shock,6,med_NQ_15,-0.111402561
shock,6,mig_NQ_16,5.59685e-05
shock,6,med_NQ_16,-0.041250069
shock,6,mig_NQ_17,2.14062e-06
shock,6,med_NQ_17,-0.007682619
shock,7,beta_Q_2,0.982471202013489
shock,7,beta_Q_3,0.98019100022191
shock,7,beta_Q_4,0.975467800055399
shock,7,beta_Q_5,0.969921200004865
shock,7,beta_Q_6,0.962053899993213
shock,7,beta_Q_7,0.948704999989433
shock,7,beta_Q_8,0.921555200026118
shock,7,beta_Q_9,0.879524100023635
shock,7,beta_Q_10,0.809581700101734
shock,7,beta_Q_11,0.701822499941256
shock,7,beta_Q_12,0.564004501242922
shock,7,beta_Q_13,0.398768598629999
shock,7,beta_Q_14,0.24479335183729
shock,7,beta_Q_15,0.13129522576739
shock,7,beta_Q_16,0.063957127400127
shock,7,beta_Q_17,0.0320524055387999
shock,7,h_Q_2,57.04897084
shock,7,h_Q_3,50.4821040984
shock,7,h_Q_4,40.762752631528
shock,7,h_Q_5,33.246007153916
shock,7,h_Q_6,26.3531693591419
shock,7,h_Q_7,19.4950774888992
shock,7,h_Q_8,12.747817577833
shock,7,h_Q_9,8.30041527114052
shock,7,h_Q_10,5.25159609398132
shock,7,h_Q_11,3.35370710300472
shock,7,h_Q_12,2.29360165930603
shock,7,h_Q_13,1.66325311286653
shock,7,h_Q_14,1.32413518733303
shock,7,h_Q_15,1.15113837105638
shock,7,h_Q_16,1.06832709982638
shock,7,h_Q_17,1.0331137801131
shock,7,P_Q_1,0.2358901014
shock,7,P_Q_2,0.0657660659596434
shock,7,P_Q_3,0.0631562221516183
shock,7,P_Q_4,0.0546893617565865
shock,7,P_Q_5,0.0511453440461974
shock,7,P_Q_6,0.0493387557615056
shock,7,P_Q_7,0.0472443532884943
shock,7,P_Q_8,0.0440902573787086
shock,7,P_Q_9,0.0366807650099546
shock,7,P_Q_10,0.0306768565698997
shock,7,P_Q_11,0.0224795411560028
shock,7,P_Q_12,0.0135552590652664
shock,7,P_Q_13,0.00670016886725621
shock,7,P_Q_14,0.00213355284357745
shock,7,P_Q_15,0.000419747407533996
shock,7,P_Q_16,5.2825195095658e-05
shock,7,P_Q_17,1.19309975567497e-06
shock,7,L_Q,0.794621843400294
shock,7,beta_NQ_2,0.957769101087303
shock,7,beta_NQ_3,0.951067400044386
shock,7,beta_NQ_4,0.944235100027504
shock,7,beta_NQ_5,0.933317200014092
shock,7,beta_NQ_6,0.917863944448588
shock,7,beta_NQ_7,0.897531433097593
shock,7,beta_NQ_8,0.860720316055193
shock,7,beta_NQ_9,0.810532600003745
shock,7,beta_NQ_10,0.734017600170867
shock,7,beta_NQ_11,0.628927800124643
shock,7,beta_NQ_12,0.484616699454873
shock,7,beta_NQ_13,0.327474613926273
shock,7,beta_NQ_14,0.193547122720499
shock,7,beta_NQ_15,0.101101276818328
shock,7,beta_NQ_16,0.0484809100193364
shock,7,beta_NQ_17,0.0240461982203856
shock,7,h_NQ_2,23.6793438
shock,7,h_NQ_3,20.436273568
shock,7,h_NQ_4,17.932427027076
shock,7,h_NQ_5,14.9963708803509
shock,7,h_NQ_6,12.174914554974
shock,7,h_NQ_7,9.75908717414728
shock,7,h_NQ_8,7.17979204713736
shock,7,h_NQ_9,5.27795282993373
shock,7,h_NQ_10,3.75964725723561
shock,7,h_NQ_11,2.69489333963482
shock,7,h_NQ_12,1.94030345723774
shock,7,h_NQ_13,1.48692582934289
shock,7,h_NQ_14,1.23999617303628
shock,7,h_NQ_15,1.11247215501127
shock,7,h_NQ_16,1.05095105307268
shock,7,h_NQ_17,1.02463866388348
shock,7,P_NQ_1,0.5504102366
shock,7,P_NQ_2,0.153454152588851
shock,7,P_NQ_3,0.147364529930619
shock,7,P_NQ_4,0.12760851116399
shock,7,P_NQ_5,0.119339141883062
shock,7,P_NQ_6,0.115123769148526
shock,7,P_NQ_7,0.110236832499397
shock,7,P_NQ_8,0.102877266521454
shock,7,P_NQ_9,0.0855884569485576
shock,7,P_NQ_10,0.0715793326587763
shock,7,P_NQ_11,0.0524522630665231
shock,7,P_NQ_12,0.0316289318904935
shock,7,P_NQ_13,0.0156337248770131
shock,7,P_NQ_14,0.00497830716470543
shock,7,P_NQ_15,0.000979408111170118
shock,7,P_NQ_16,0.000123259043081097
shock,7,P_NQ_17,2.78390092809376e-06
shock,7,L_NQ,1.40062656661481
shock,7,pi_Q,0.3
shock,7,pi_NQ,0.7
shock,7,y,0.36964159543167
shock,7,nbar,3.77944897134633
shock,7,Ptot,2.41340127895424
shock,7,Pret,0.253397154917079
shock,7,H,106.978693574747
shock,7,cCheck,-4.44089209850063e-16
shock,7,shareq,0.3
shock,7,A,0.145740715
shock,7,A_Q,2
shock,7,xpop,0.786300338
shock,7,h_Q_1,100
shock,7,mig_Q_2,-0.165004886
shock,7,med_Q_2,-40.95102916
shock,7,mig_Q_3,0.000950661
shock,7,med_Q_3,1.253189642
shock,7,mig_Q_4,0.000549503
shock,7,med_Q_4,-4.157788436
shock,7,mig_Q_5,-0.000140615
shock,7,med_Q_5,-3.656168191
shock,7,mig_Q_6,-0.000379747
shock,7,med_Q_6,-4.367930075
shock,7,mig_Q_7,-0.000387347
shock,7,med_Q_7,-5.45959667
shock,7,mig_Q_8,9.38584e-05
shock,7,med_Q_8,-5.778122523
shock,7,mig_Q_9,0.000752116
shock,7,med_Q_9,-3.749095926
shock,7,mig_Q_10,0.00154047
shock,7,med_Q_10,-2.504857595
shock,7,mig_Q_11,0.002347628
shock,7,med_Q_11,-1.553803842
shock,7,mig_Q_12,0.002449178
shock,7,med_Q_12,-0.818722769
shock,7,mig_Q_13,0.00185081
shock,7,med_Q_13,-0.436716134
shock,7,mig_Q_14,0.000808334
shock,7,med_Q_14,-0.217333792
shock,7,mig_Q_15,0.000201901
shock,7,med_Q_15,-0.089984439
shock,7,mig_Q_16,3.31656e-05
shock,7,med_Q_16,-0.029225746
shock,7,mig_Q_17,1.59711e-07
shock,7,med_Q_17,3.50158e-05
shock,7,h_NQ_1,100
shock,7,mig_NQ_2,-0.370136329
shock,7,med_NQ_2,-74.3206562
shock,7,mig_NQ_3,0.006780186
shock,7,med_NQ_3,-0.422778835
shock,7,mig_NQ_4,0.005578571
shock,7,med_NQ_4,-0.712646867
shock,7,mig_NQ_5,0.004415585
shock,7,med_NQ_5,-1.428999279
shock,7,mig_NQ_6,0.004559025
shock,7,med_NQ_6,-1.770102228
shock,7,mig_NQ_7,0.005199776
shock,7,med_NQ_7,-1.85717322
shock,7,mig_NQ_8,0.007164767
shock,7,med_NQ_8,-2.161423495
shock,7,mig_NQ_9,0.008574417
shock,7,med_NQ_9,-1.551915159
shock,7,mig_NQ_10,0.010171715
shock,7,med_NQ_10,-1.204534653
shock,7,mig_NQ_11,0.010572765
shock,7,med_NQ_11,-0.841474415
shock,7,mig_NQ_12,0.009562616
shock,7,med_NQ_12,-0.577764319
shock,7,mig_NQ_13,0.006430109
shock,7,med_NQ_13,-0.308391503
shock,7,mig_NQ_14,0.002549778
shock,7,med_NQ_14,-0.152584354
shock,7,mig_NQ_15,0.000589843
shock,7,med_NQ_15,-0.061512907
shock,7,mig_NQ_16,8.85464e-05
shock,7,med_NQ_16,-0.016685812
shock,7,mig_NQ_17,9.75115e-07
shock,7,med_NQ_17,0.00499513
shock,8,beta_Q_2,0.984076900170265
shock,8,beta_Q_3,0.981349700005238
shock,8,beta_Q_4,0.976195800002336
shock,8,beta_Q_5,0.970504804524301
shock,8,beta_Q_6,0.962159300001863
shock,8,beta_Q_7,0.948815299989353
shock,8,beta_Q_8,0.921650599973983
shock,8,beta_Q_9,0.880413700421122
shock,8,beta_Q_10,0.811607402573308
shock,8,beta_Q_11,0.705571507928962
shock,8,beta_Q_12,0.56743200160931
shock,8,beta_Q_13,0.406678020558233
shock,8,beta_Q_14,0.250219899970082
shock,8,beta_Q_15,0.131435124972837
shock,8,beta_Q_16,0.0647460680280114
shock,8,beta_Q_17,0.0321388047175256
shock,8,h_Q_2,62.80184135
shock,8,h_Q_3,53.6184404572
shock,8,h_Q_4,42.009393304432
shock,8,h_Q_5,33.9038216428974
shock,8,h_Q_6,26.4265724468377
shock,8,h_Q_7,19.5370882269591
shock,8,h_Q_8,12.7633396001212
shock,8,h_Q_9,8.36216189027632
shock,8,h_Q_10,5.30806411871771
shock,8,h_Q_11,3.3964103361017
shock,8,h_Q_12,2.31177525794463
shock,8,h_Q_13,1.68542545711991
shock,8,h_Q_14,1.33372437760919
shock,8,h_Q_15,1.15132444658637
shock,8,h_Q_16,1.06922757063525
shock,8,h_Q_17,1.03320599782985
shock,8,P_Q_1,0.2371570851
shock,8,P_Q_2,0.0619843694655418
shock,8,P_Q_3,0.0635017429736429
shock,8,P_Q_4,0.0605532080820492
shock,8,P_Q_5,0.0517454613824486
shock,8,P_Q_6,0.0480742257061389
shock,8,P_Q_7,0.0458182892841978
shock,8,P_Q_8,0.043174637444883
shock,8,P_Q_9,0.0390164759408191
shock,8,P_Q_10,0.0307427090977912
shock,8,P_Q_11,0.0235298201682264
shock,8,P_Q_12,0.0148994633978611
shock,8,P_Q_13,0.00705889466152286
shock,8,P_Q_14,0.00246174979489151
shock,8,P_Q_15,0.000482071302284158
shock,8,P_Q_16,5.83014384195248e-05
shock,8,P_Q_17,1.05926057587226e-06
shock,8,L_Q,0.798383433096291
shock,8,beta_NQ_2,0.960777500039771
shock,8,beta_NQ_3,0.95269410000342
shock,8,beta_NQ_4,0.944511400034005
shock,8,beta_NQ_5,0.933747900113122
shock,8,beta_NQ_6,0.917632100015902
shock,8,beta_NQ_7,0.89721959992845
shock,8,beta_NQ_8,0.86024950002811
shock,8,beta_NQ_9,0.81121900012386
shock,8,beta_NQ_10,0.736195901222575
shock,8,beta_NQ_11,0.632981405821706
shock,8,beta_NQ_12,0.488113801320407
shock,8,beta_NQ_13,0.334880909025814
shock,8,beta_NQ_14,0.19806959828046
shock,8,beta_NQ_15,0.101101897984911
shock,8,beta_NQ_16,0.0489212004345328
shock,8,beta_NQ_17,0.0239971028930627
shock,8,h_NQ_2,25.49557014
shock,8,h_NQ_3,21.13901226
shock,8,h_NQ_4,18.02171977664
shock,8,h_NQ_5,15.0938611745345
shock,8,h_NQ_6,12.1406518817439
shock,8,h_NQ_7,9.72948148887455
shock,8,h_NQ_8,7.15560946166433
shock,8,h_NQ_9,5.29714325319461
shock,8,h_NQ_10,3.79069165333506
shock,8,h_NQ_11,2.7246575540909
shock,8,h_NQ_12,1.95355920984212
shock,8,h_NQ_13,1.50349012409299
shock,8,h_NQ_14,1.24699100675603
shock,8,h_NQ_15,1.11247314657556
shock,8,h_NQ_16,1.05143736391104
shock,8,h_NQ_17,1.02458712001123
shock,8,P_NQ_1,0.5533665319
shock,8,P_NQ_2,0.144630194537632
shock,8,P_NQ_3,0.148170732928693
shock,8,P_NQ_4,0.141290830659544
shock,8,P_NQ_5,0.120739411337542
shock,8,P_NQ_6,0.112173204495897
shock,8,P_NQ_7,0.106909353507473
shock,8,P_NQ_8,0.100740841309804
shock,8,P_NQ_9,0.0910384433149123
shock,8,P_NQ_10,0.0717329927717079
shock,8,P_NQ_11,0.0549029142234742
shock,8,P_NQ_12,0.0347654146062372
shock,8,P_NQ_13,0.0164708492597397
shock,8,P_NQ_14,0.00574405146734978
shock,8,P_NQ_15,0.00112483221074555
shock,8,P_NQ_16,0.000136036096509847
shock,8,P_NQ_17,2.47160038238312e-06
shock,8,L_NQ,1.40736316197063
shock,8,pi_Q,0.3
shock,8,pi_NQ,0.7
shock,8,y,0.337251102878793
shock,8,nbar,3.82046267831448
shock,8,Ptot,2.43419867072894
shock,8,Pret,0.264113631357719
shock,8,H,108.484512780798
shock,8,cCheck,4.44089209850063e-16
shock,8,shareq,0.3
shock,8,A,0.131969085
shock,8,A_Q,2
shock,8,xpop,0.790523617
shock,8,h_Q_1,100
shock,8,mig_Q_2,-0.169770862
shock,8,med_Q_2,-35.19815865
shock,8,mig_Q_3,-0.000961563
shock,8,med_Q_3,-2.289550966
shock,8,mig_Q_4,-0.001053653
shock,8,med_Q_4,-7.463068712
shock,8,mig_Q_5,-0.00129891
shock,8,med_Q_5,-6.043675936
shock,8,mig_Q_6,-0.001130352
shock,8,med_Q_6,-6.154514564
shock,8,mig_Q_7,-0.000989635
shock,8,med_Q_7,-6.289017745
shock,8,mig_Q_8,-0.000363642
shock,8,med_Q_8,-6.341836339
shock,8,mig_Q_9,0.000238032
shock,8,med_Q_9,-4.130699336
shock,8,mig_Q_10,0.001046633
shock,8,med_Q_10,-2.826342847
shock,8,mig_Q_11,0.002000112
shock,8,med_Q_11,-1.750153836
shock,8,mig_Q_12,0.002220901
shock,8,med_Q_12,-0.974857703
shock,8,mig_Q_13,0.001653483
shock,8,med_Q_13,-0.562304169
shock,8,mig_Q_14,0.000821593
shock,8,med_Q_14,-0.296263673
shock,8,mig_Q_15,0.000201946
shock,8,med_Q_15,-0.146328037
shock,8,mig_Q_16,3.14556e-05
shock,8,med_Q_16,-0.058888033
shock,8,mig_Q_17,-6.33914e-07
shock,8,med_Q_17,-0.01375456
shock,8,h_NQ_1,100
shock,8,mig_NQ_2,-0.382535723
shock,8,med_NQ_2,-72.50442986
shock,8,mig_NQ_3,0.002225491
shock,8,med_NQ_3,-2.066744664
shock,8,mig_NQ_4,0.002144069
shock,8,med_NQ_4,-2.00582832
shock,8,mig_NQ_5,0.001640193
shock,8,med_NQ_5,-2.479917312
shock,8,mig_NQ_6,0.002636109
shock,8,med_NQ_6,-2.555791581
shock,8,mig_NQ_7,0.003582152
shock,8,med_NQ_7,-2.201934775
shock,8,mig_NQ_8,0.00585776
shock,8,med_NQ_8,-2.408295969
shock,8,mig_NQ_9,0.007653065
shock,8,med_NQ_9,-1.739052953
shock,8,mig_NQ_10,0.008909559
shock,8,med_NQ_10,-1.38170212
shock,8,mig_NQ_11,0.009884682
shock,8,med_NQ_11,-0.959796758
shock,8,mig_NQ_12,0.009346172
shock,8,med_NQ_12,-0.687436263
shock,8,mig_NQ_13,0.006113177
shock,8,med_NQ_13,-0.398007264
shock,8,mig_NQ_14,0.002718189
shock,8,med_NQ_14,-0.210196306
shock,8,mig_NQ_15,0.000621519
shock,8,med_NQ_15,-0.102723103
shock,8,mig_NQ_16,8.85535e-05
shock,8,med_NQ_16,-0.038785348
shock,8,mig_NQ_17,-4.92311e-07
shock,8,med_NQ_17,-0.005344912
shock,9,beta_Q_2,0.96266830069613
shock,9,beta_Q_3,0.969614707442619
shock,9,beta_Q_4,0.968790300004278
shock,9,beta_Q_5,0.964848000001087
shock,9,beta_Q_6,0.959020300055827
shock,9,beta_Q_7,0.946032000001399
shock,9,beta_Q_8,0.917943999970297
shock,9,beta_Q_9,0.873158899942629
shock,9,beta_Q_10,0.799224600206456
shock,9,beta_Q_11,0.684108700263053
shock,9,beta_Q_12,0.524296802675033
shock,9,beta_Q_13,0.349467602064531
shock,9,beta_Q_14,0.192348504105645
shock,9,beta_Q_15,0.0924704818850259
shock,9,beta_Q_16,0.0424817826895312
shock,9,beta_Q_17,0.0212006195287917
shock,9,h_Q_2,26.78688621
shock,9,h_Q_3,32.910650873
shock,9,h_Q_4,32.041320488056
shock,9,h_Q_5,28.4478834783434
shock,9,h_Q_6,24.4023260340395
shock,9,h_Q_7,18.5294989619009
shock,9,h_Q_8,12.1867992544199
shock,9,h_Q_9,7.88387990511878
shock,9,h_Q_10,4.98068986947079
shock,9,h_Q_11,3.16564590534336
shock,9,h_Q_12,2.10215109137966
shock,9,h_Q_13,1.53720245078573
shock,9,h_Q_14,1.23815779997752
shock,9,h_Q_15,1.10188878805701
shock,9,h_Q_16,1.04436624765465
shock,9,h_Q_17,1.02165980522254
shock,9,P_Q_1,0.2266226103
shock,9,P_Q_2,0.0414496791586237
shock,9,P_Q_3,0.0516282473800233
shock,9,P_Q_4,0.0542348667836981
shock,9,P_Q_5,0.0536468613729884
shock,9,P_Q_6,0.0465962209020102
shock,9,P_Q_7,0.0430398818851261
shock,9,P_Q_8,0.0405670228085624
shock,9,P_Q_9,0.0371925523171898
shock,9,P_Q_10,0.0321428766958922
shock,9,P_Q_11,0.0230125536159499
shock,9,P_Q_12,0.0151273569555638
shock,9,P_Q_13,0.007414317282022
shock,9,P_Q_14,0.00240623391610559
shock,9,P_Q_15,0.000495740391943421
shock,9,P_Q_16,5.76669213320421e-05
shock,9,P_Q_17,8.54411595041675e-12
shock,9,L_Q,0.730865938478165
shock,9,beta_NQ_2,0.905323203444421
shock,9,beta_NQ_3,0.921064334809679
shock,9,beta_NQ_4,0.926780500018136
shock,9,beta_NQ_5,0.920391449983453
shock,9,beta_NQ_6,0.910466100140916
shock,9,beta_NQ_7,0.891719300024289
shock,9,beta_NQ_8,0.853882599839066
shock,9,beta_NQ_9,0.800513300016735
shock,9,beta_NQ_10,0.720826100181882
shock,9,beta_NQ_11,0.609624400096542
shock,9,beta_NQ_12,0.445819901310995
shock,9,beta_NQ_13,0.283781100700842
shock,9,beta_NQ_14,0.150601997808238
shock,9,beta_NQ_15,0.0702885184474611
shock,9,beta_NQ_16,0.0318585909122844
shock,9,beta_NQ_17,0.0157289018500441
shock,9,h_NQ_2,10.56224967
shock,9,h_NQ_3,12.6685390672
shock,9,h_NQ_4,13.6575639018
shock,9,h_NQ_5,12.5614569281072
shock,9,h_NQ_6,11.1689538810438
shock,9,h_NQ_7,9.23525614610899
shock,9,h_NQ_8,6.84381188609706
shock,9,h_NQ_9,5.01286551943104
shock,9,h_NQ_10,3.58199674313072
shock,9,h_NQ_11,2.56163551226836
shock,9,h_NQ_12,1.80446753900908
shock,9,h_NQ_13,1.39622118364528
shock,9,h_NQ_14,1.17730439361113
shock,9,h_NQ_15,1.07560120862091
shock,9,h_NQ_16,1.03290686064405
shock,9,h_NQ_17,1.01598024863282
shock,9,P_NQ_1,0.5287860907
shock,9,P_NQ_2,0.0967159191245605
shock,9,P_NQ_3,0.120465910018348
shock,9,P_NQ_4,0.126548024402544
shock,9,P_NQ_5,0.125176018433588
shock,9,P_NQ_6,0.108724515580353
shock,9,P_NQ_7,0.100426401660501
shock,9,P_NQ_8,0.0946563969031318
shock,9,P_NQ_9,0.0867826385589756
shock,9,P_NQ_10,0.0750000478221221
shock,9,P_NQ_11,0.0536959626084339
shock,9,P_NQ_12,0.0352971661651882
shock,9,P_NQ_13,0.017300073645996
shock,9,P_NQ_14,0.00561456349621466
shock,9,P_NQ_15,0.00115672150547207
shock,9,P_NQ_16,0.000134555342037102
shock,9,P_NQ_17,2.20511739353022e-12
shock,9,L_NQ,1.28754834552698
shock,9,pi_Q,0.3
shock,9,pi_NQ,0.7
shock,9,y,0.362722661137903
shock,9,nbar,3.5061144610553
shock,9,Ptot,2.25211569466525
shock,9,Pret,0.268855836375022
shock,9,H,93.4093995538607
shock,9,cCheck,0
shock,9,shareq,0.3
shock,9,A,0.150728864
shock,9,A_Q,2
shock,9,xpop,0.755408701
shock,9,h_Q_1,100
shock,9,mig_Q_2,-0.19193113
shock,9,med_Q_2,-71.21311379
shock,9,mig_Q_3,-0.009200095
shock,9,med_Q_3,-28.63515365
shock,9,mig_Q_4,-0.007755268
shock,9,med_Q_4,-20.50475116
shock,9,mig_Q_5,-0.005120318
shock,9,med_Q_5,-12.72132196
shock,9,mig_Q_6,-0.003191156
shock,9,med_Q_6,-8.823419176
shock,9,mig_Q_7,-0.002573679
shock,9,med_Q_7,-7.368542036
shock,9,mig_Q_8,-0.001661431
shock,9,med_Q_8,-6.959547208
shock,9,mig_Q_9,-0.00081899
shock,9,med_Q_9,-4.624192903
shock,9,mig_Q_10,0.000476816
shock,9,med_Q_10,-3.214228783
shock,9,mig_Q_11,0.001321374
shock,9,med_Q_11,-2.036256931
shock,9,mig_Q_12,0.001775784
shock,9,med_Q_12,-1.226331038
shock,9,mig_Q_13,0.001355033
shock,9,med_Q_13,-0.728337302
shock,9,mig_Q_14,0.000639958
shock,9,med_Q_14,-0.413559148
shock,9,mig_Q_15,0.00017218
shock,9,med_Q_15,-0.205161102
shock,9,mig_Q_16,2.64547e-05
shock,9,med_Q_16,-0.08393171
shock,9,mig_Q_17,-1.87373e-06
shock,9,med_Q_17,-0.026183214
shock,9,h_NQ_1,100
shock,9,mig_NQ_2,-0.434946194
shock,9,med_NQ_2,-87.43775033
shock,9,mig_NQ_3,-0.017322423
shock,9,med_NQ_3,-12.31711967
shock,9,mig_NQ_4,-0.013400922
shock,9,med_NQ_4,-7.058668113
shock,9,mig_NQ_5,-0.006753998
shock,9,med_NQ_5,-5.099828453
shock,9,mig_NQ_6,-0.002069844
shock,9,med_NQ_6,-3.62303007
shock,9,mig_NQ_7,-0.000217596
shock,9,med_NQ_7,-2.662582698
shock,9,mig_NQ_8,0.002687679
shock,9,med_NQ_8,-2.691079973
shock,9,mig_NQ_9,0.005059754
shock,9,med_NQ_9,-1.999631753
shock,9,mig_NQ_10,0.007977919
shock,9,med_NQ_10,-1.609203645
shock,9,mig_NQ_11,0.008290312
shock,9,med_NQ_11,-1.153242308
shock,9,mig_NQ_12,0.008498296
shock,9,med_NQ_12,-0.865696864
shock,9,mig_NQ_13,0.0056578
shock,9,med_NQ_13,-0.518266842
shock,9,mig_NQ_14,0.002352189
shock,9,med_NQ_14,-0.296115928
shock,9,mig_NQ_15,0.000575987
shock,9,med_NQ_15,-0.146449978
shock,9,mig_NQ_16,7.95272e-05
shock,9,med_NQ_16,-0.057316823
shock,9,mig_NQ_17,-3.26447e-06
shock,9,med_NQ_17,-0.014428368
shock,10,beta_Q_2,0.986426700069285
shock,10,beta_Q_3,0.987473200142563
shock,10,beta_Q_4,0.984694600000777
shock,10,beta_Q_5,0.980313000051596
shock,10,beta_Q_6,0.97328560153488
shock,10,beta_Q_7,0.962059500005814
shock,10,beta_Q_8,0.939212103062337
shock,10,beta_Q_9,0.902843200521366
shock,10,beta_Q_10,0.840300099934678
shock,10,beta_Q_11,0.742515600294894
shock,10,beta_Q_12,0.605056707370968
shock,10,beta_Q_13,0.440940987893285
shock,10,beta_Q_14,0.277381426484267
shock,10,beta_Q_15,0.155285704313517
shock,10,beta_Q_16,0.0771783404487145
shock,10,beta_Q_17,0.0382366976780276
shock,10,h_Q_2,73.67405126
shock,10,h_Q_3,79.8288469458
shock,10,h_Q_4,65.33641721554
shock,10,h_Q_5,50.7949408282949
shock,10,h_Q_6,37.4329949397765
shock,10,h_Q_7,26.3570590833587
shock,10,h_Q_8,16.4506423146629
shock,10,h_Q_9,10.2926403463315
shock,10,h_Q_10,6.26174468001641
shock,10,h_Q_11,3.88373043608137
shock,10,h_Q_12,2.53200133323649
shock,10,h_Q_13,1.78871901655207
shock,10,h_Q_14,1.38385588177002
shock,10,h_Q_15,1.18383221897797
shock,10,h_Q_16,1.08363083129587
shock,10,h_Q_17,1.03975676670155
shock,10,P_Q_1,0.228139101
shock,10,P_Q_2,0.0460741171568224
shock,10,P_Q_3,0.0462082265309793
shock,10,P_Q_4,0.0573718052679878
shock,10,P_Q_5,0.0582240677465765
shock,10,P_Q_6,0.0546503800909767
shock,10,P_Q_7,0.0460425580524357
shock,10,P_Q_8,0.0416365793358818
shock,10,P_Q_9,0.0380139590094719
shock,10,P_Q_10,0.0329401667563637
shock,10,P_Q_11,0.0259605915991424
shock,10,P_Q_12,0.0158181112822303
shock,10,P_Q_13,0.00797567816083508
shock,10,P_Q_14,0.00270104683816156
shock,10,P_Q_15,0.000519900609750377
shock,10,P_Q_16,6.34524356009634e-05
shock,10,P_Q_17,1.06309045855739e-06
shock,10,L_Q,0.758746349971318
shock,10,beta_NQ_2,0.965960400004401
shock,10,beta_NQ_3,0.968815599997748
shock,10,beta_NQ_4,0.964758999992157
shock,10,beta_NQ_5,0.955200000144948
shock,10,beta_NQ_6,0.94075630351581
shock,10,beta_NQ_7,0.922422428101573
shock,10,beta_NQ_8,0.889363701409856
shock,10,beta_NQ_9,0.84350539996961
shock,10,beta_NQ_10,0.772416900029399
shock,10,beta_NQ_11,0.674246481443401
shock,10,beta_NQ_12,0.526415033258905
shock,10,beta_NQ_13,0.366288453122011
shock,10,beta_NQ_14,0.221180203623582
shock,10,beta_NQ_15,0.120159597731927
shock,10,beta_NQ_16,0.0586116104771719
shock,10,beta_NQ_17,0.0286947287857468
shock,10,h_NQ_2,29.3775485
shock,10,h_NQ_3,32.0673157066
shock,10,h_NQ_4,28.376039265856
shock,10,h_NQ_5,22.321428572764
shock,10,h_NQ_6,16.8794319055451
shock,10,h_NQ_7,12.8903188534229
shock,10,h_NQ_8,9.03862475718681
shock,10,h_NQ_9,6.38999683537512
shock,10,h_NQ_10,4.39399937904242
shock,10,h_NQ_11,3.0697983132681
shock,10,h_NQ_12,2.11155202702299
shock,10,h_NQ_13,1.5780048862289
shock,10,h_NQ_14,1.28399406397237
shock,10,h_NQ_15,1.13656976573891
shock,10,h_NQ_16,1.06226012444849
shock,10,h_NQ_17,1.02954240843116
shock,10,P_NQ_1,0.532324569
shock,10,P_NQ_2,0.107506275569376
shock,10,P_NQ_3,0.10781919871397
shock,10,P_NQ_4,0.133867544321945
shock,10,P_NQ_5,0.135856164672399
shock,10,P_NQ_6,0.127517561334397
shock,10,P_NQ_7,0.107432634928792
shock,10,P_NQ_8,0.0971520259423504
shock,10,P_NQ_9,0.0886992446526199
shock,10,P_NQ_10,0.0768603999159602
shock,10,P_NQ_11,0.0605747141607732
shock,10,P_NQ_12,0.0369089277508909
shock,10,P_NQ_13,0.0186099156659776
shock,10,P_NQ_14,0.00630244265331665
shock,10,P_NQ_15,0.00121309134987813
shock,10,P_NQ_16,0.000148055517242276
shock,10,P_NQ_17,2.48052576830068e-06
shock,10,L_NQ,1.33610664146556
shock,10,pi_Q,0.3
shock,10,pi_NQ,0.7
shock,10,y,0.171013527056599
shock,10,nbar,3.53184610906598
shock,10,Ptot,2.34113605163933
shock,10,Pret,0.28660003831235
shock,10,H,112.600076891662
shock,10,cCheck,-4.44089209850063e-16
shock,10,shareq,0.3
shock,10,A,0.070701597
shock,10,A_Q,2
shock,10,xpop,0.76046367
shock,10,h_Q_1,100
shock,10,mig_Q_2,-0.172088286
shock,10,med_Q_2,-24.32594874
shock,10,mig_Q_3,0.006018008
shock,10,med_Q_3,53.57769846
shock,10,mig_Q_4,0.00735486
shock,10,med_Q_4,33.08397936
shock,10,mig_Q_5,0.005895665
shock,10,med_Q_5,19.39444675
shock,10,mig_Q_6,0.003201951
shock,10,med_Q_6,9.554069131
shock,10,mig_Q_7,0.001961042
shock,10,med_Q_7,2.44277957
shock,10,mig_Q_8,0.002128378
shock,10,med_Q_8,-1.708266668
shock,10,mig_Q_9,0.002592502
shock,10,med_Q_9,-1.650422923
shock,10,mig_Q_10,0.003214964
shock,10,med_Q_10,-1.464457627
shock,10,mig_Q_11,0.00397137
shock,10,med_Q_11,-0.997345636
shock,10,mig_Q_12,0.003752703
shock,10,med_Q_12,-0.570331654
shock,10,mig_Q_13,0.002689157
shock,10,med_Q_13,-0.271389053
shock,10,mig_Q_14,0.001274914
shock,10,med_Q_14,-0.12260252
shock,10,mig_Q_15,0.000297395
shock,10,med_Q_15,-0.029562425
shock,10,mig_Q_16,4.23925e-05
shock,10,med_Q_16,0.003779819
shock,10,mig_Q_17,-1.59484e-07
shock,10,med_Q_17,0.016277844
shock,10,h_NQ_1,100
shock,10,mig_NQ_2,-0.371216042
shock,10,med_NQ_2,-68.6224515
shock,10,mig_NQ_3,0.018737615
shock,10,med_NQ_3,21.71631103
shock,10,mig_NQ_4,0.022222088
shock,10,med_NQ_4,15.96087098
shock,10,mig_NQ_5,0.019382445
shock,10,med_NQ_5,8.937015949
shock,10,mig_NQ_6,0.01354904
shock,10,med_NQ_6,4.569204116
shock,10,mig_NQ_7,0.010480886
shock,10,med_NQ_7,1.94474405
shock,10,mig_NQ_8,0.011399669
shock,10,med_NQ_8,-0.011926266
shock,10,mig_NQ_9,0.01292554
shock,10,med_NQ_9,-0.316938813
shock,10,mig_NQ_10,0.014305209
shock,10,med_NQ_10,-0.51860883
shock,10,mig_NQ_11,0.014852855
shock,10,med_NQ_11,-0.440558495
shock,10,mig_NQ_12,0.012970199
shock,10,med_NQ_12,-0.398850775
shock,10,mig_NQ_13,0.008593247
shock,10,med_NQ_13,-0.190373302
shock,10,mig_NQ_14,0.003697017
shock,10,med_NQ_14,-0.084302696
shock,10,mig_NQ_15,0.000818452
shock,10,med_NQ_15,-0.01718854
shock,10,mig_NQ_16,0.000111204
shock,10,med_NQ_16,0.00817094
shock,10,mig_NQ_17,3.64118e-07
shock,10,med_NQ_17,0.017293685
shock,11,beta_Q_2,0.993591100002428
shock,11,beta_Q_3,0.991658700496937
shock,11,beta_Q_4,0.988412000144944
shock,11,beta_Q_5,0.983095300000944
shock,11,beta_Q_6,0.975058800018706
shock,11,beta_Q_7,0.962736404057653
shock,11,beta_Q_8,0.941151100012965
shock,11,beta_Q_9,0.907147799994951
shock,11,beta_Q_10,0.848107599906427
shock,11,beta_Q_11,0.750221225887767
shock,11,beta_Q_12,0.616204873850281
shock,11,beta_Q_13,0.447024208628429
shock,11,beta_Q_14,0.279029953486581
shock,11,beta_Q_15,0.149287502194982
shock,11,beta_Q_16,0.0709255058263431
shock,11,beta_Q_17,0.0340335968057298
shock,11,h_Q_2,156.03301659
shock,11,h_Q_3,119.8853895648
shock,11,h_Q_4,86.296168443884
shock,11,h_Q_5,59.1551462052292
shock,11,h_Q_6,40.094301801729
shock,11,h_Q_7,26.835839800981
shock,11,h_Q_8,16.9926710646915
shock,11,h_Q_9,10.7698040533697
shock,11,h_Q_10,6.58360786540487
shock,11,h_Q_11,4.00353912341608
shock,11,h_Q_12,2.60555494335975
shock,11,h_Q_13,1.80839740357176
shock,11,h_Q_14,1.38701295622103
shock,11,h_Q_15,1.17548525513462
shock,11,h_Q_16,1.07633995359841
shock,11,h_Q_17,1.03523269166995
shock,11,P_Q_1,0.2458306653
shock,11,P_Q_2,0.0619474285562033
shock,11,P_Q_3,0.0470410209125907
shock,11,P_Q_4,0.047841618140668
shock,11,P_Q_5,0.0581952385406371
shock,11,P_Q_6,0.0579836048005343
shock,11,P_Q_7,0.0531009223454527
shock,11,P_Q_8,0.0440684367787978
shock,11,P_Q_9,0.0387561435463693
shock,11,P_Q_10,0.033816558554572
shock,11,P_Q_11,0.0269581076929153
shock,11,P_Q_12,0.0185859610743795
shock,11,P_Q_13,0.00903058161539256
shock,11,P_Q_14,0.00325755898543185
shock,11,P_Q_15,0.000714998960647717
shock,11,P_Q_16,9.42372662588089e-05
shock,11,P_Q_17,1.15970085571844e-11
shock,11,L_Q,0.804640346320839
shock,11,beta_NQ_2,0.983665399999646
shock,11,beta_NQ_3,0.978835400001824
shock,11,beta_NQ_4,0.972980100144218
shock,11,beta_NQ_5,0.961216512998593
shock,11,beta_NQ_6,0.944081100012597
shock,11,beta_NQ_7,0.923078700404588
shock,11,beta_NQ_8,0.891839629677109
shock,11,beta_NQ_9,0.849085600046479
shock,11,beta_NQ_10,0.781791099620542
shock,11,beta_NQ_11,0.682715361040902
shock,11,beta_NQ_12,0.537869174743662
shock,11,beta_NQ_13,0.372200304897387
shock,11,beta_NQ_14,0.223064448964196
shock,11,beta_NQ_15,0.115793400331142
shock,11,beta_NQ_16,0.0540179978328478
shock,11,beta_NQ_17,0.025615596515411
shock,11,h_NQ_2,61.21974214
shock,11,h_NQ_3,47.24870775
shock,11,h_NQ_4,37.009759471468
shock,11,h_NQ_5,25.7841607835389
shock,11,h_NQ_6,17.8830413343087
shock,11,h_NQ_7,13.0003003064342
shock,11,h_NQ_8,9.24552793635446
shock,11,h_NQ_9,6.62627290904307
shock,11,h_NQ_10,4.58276448966762
shock,11,h_NQ_11,3.15174253546158
shock,11,h_NQ_12,2.16388859600274
shock,11,h_NQ_13,1.59286473048253
shock,11,h_NQ_14,1.28710051350432
shock,11,h_NQ_15,1.13095740269293
shock,11,h_NQ_16,1.05710256342413
shock,11,h_NQ_17,1.02628900495952
shock,11,P_NQ_1,0.5736048857
shock,11,P_NQ_2,0.14454400060341
shock,11,P_NQ_3,0.109762384869268
shock,11,P_NQ_4,0.111630444331245
shock,11,P_NQ_5,0.135788889355725
shock,11,P_NQ_6,0.135295084287042
shock,11,P_NQ_7,0.123902163551665
shock,11,P_NQ_8,0.102826353852484
shock,11,P_NQ_9,0.0904310065003603
shock,11,P_NQ_10,0.0789053085895259
shock,11,P_NQ_11,0.0629023192056688
shock,11,P_NQ_12,0.0433671901695921
shock,11,P_NQ_13,0.0210713480522659
shock,11,P_NQ_14,0.00760097093641862
shock,11,P_NQ_15,0.00166833197395107
shock,11,P_NQ_16,0.000219884237672283
shock,11,P_NQ_17,2.29125005838702e-11
shock,11,L_NQ,1.4170112233689
shock,11,pi_Q,0.3
shock,11,pi_NQ,0.7
shock,11,y,0.398377425365729
shock,11,nbar,3.88820937616453
shock,11,Ptot,2.49074364932166
shock,11,Pret,0.308193357349202
shock,11,H,136.983936180097
shock,11,cCheck,0
shock,11,shareq,0.3
shock,11,A,0.153982005
shock,11,A_Q,2
shock,11,xpop,0.819435551
shock,11,h_Q_1,100
shock,11,mig_Q_2,-0.163095072
shock,11,med_Q_2,58.03301659
shock,11,mig_Q_3,0.001544065
shock,11,med_Q_3,47.68481933
shock,11,mig_Q_4,0.002340627
shock,11,med_Q_4,8.063898437
shock,11,mig_Q_5,0.001952912
shock,11,med_Q_5,-4.874542666
shock,11,mig_Q_6,0.001314958
shock,11,med_Q_6,-9.68474021
shock,11,mig_Q_7,0.000524005
shock,11,med_Q_7,-9.84849524
shock,11,mig_Q_8,0.000824709
shock,11,med_Q_8,-8.837246837
shock,11,mig_Q_9,0.001164841
shock,11,med_Q_9,-5.351825415
shock,11,mig_Q_10,0.001873425
shock,11,med_Q_10,-3.503179674
shock,11,mig_Q_11,0.00249952
shock,11,med_Q_11,-2.132970663
shock,11,mig_Q_12,0.002878331
shock,11,med_Q_12,-1.200500884
shock,11,mig_Q_13,0.002055728
shock,11,med_Q_13,-0.672963903
shock,11,mig_Q_14,0.001045254
shock,11,med_Q_14,-0.36593168
shock,11,mig_Q_15,0.000295565
shock,11,med_Q_15,-0.180693509
shock,11,mig_Q_16,5.41122e-05
shock,11,med_Q_16,-0.083815621
shock,11,mig_Q_17,-2.4262e-06
shock,11,med_Q_17,-0.026725523
shock,11,h_NQ_1,100
shock,11,mig_NQ_2,-0.369660453
shock,11,med_NQ_2,-36.78025786
shock,11,mig_NQ_3,0.005608628
shock,11,med_NQ_3,18.45871022
shock,11,mig_NQ_4,0.007610902
shock,11,med_NQ_4,5.583790079
shock,11,mig_NQ_5,0.007918611
shock,11,med_NQ_5,-2.024357697
shock,11,mig_NQ_6,0.007487541
shock,11,med_NQ_6,-3.991958667
shock,11,mig_NQ_7,0.006277105
shock,11,med_NQ_7,-3.541542961
shock,11,mig_NQ_8,0.007279668
shock,11,med_NQ_8,-3.38698454
shock,11,mig_NQ_9,0.008482748
shock,11,med_NQ_9,-2.231579353
shock,11,mig_NQ_10,0.010392513
shock,11,med_NQ_10,-1.679432409
shock,11,mig_NQ_11,0.011079465
shock,11,med_NQ_11,-1.154376856
shock,11,mig_NQ_12,0.01147975
shock,11,med_NQ_12,-0.844513751
shock,11,mig_NQ_13,0.007552034
shock,11,med_NQ_13,-0.476456256
shock,11,mig_NQ_14,0.003484826
shock,11,med_NQ_14,-0.259344275
shock,11,mig_NQ_15,0.000911033
shock,11,med_NQ_15,-0.12735678
shock,11,mig_NQ_16,0.000148783
shock,11,med_NQ_16,-0.056735807
shock,11,mig_NQ_17,-4.24839e-06
shock,11,med_NQ_17,-0.014725917
shock,12,beta_Q_2,0.994794700000283
shock,12,beta_Q_3,0.993151300000353
shock,12,beta_Q_4,0.990040699999411
shock,12,beta_Q_5,0.985406799999085
shock,12,beta_Q_6,0.977888601593333
shock,12,beta_Q_7,0.965888600186084
shock,12,beta_Q_8,0.944514900010858
shock,12,beta_Q_9,0.912696100054757
shock,12,beta_Q_10,0.85859640011135
shock,12,beta_Q_11,0.767505400001658
shock,12,beta_Q_12,0.638155199373967
shock,12,beta_Q_13,0.470897593289184
shock,12,beta_Q_14,0.297350425750987
shock,12,beta_Q_15,0.160490828553725
shock,12,beta_Q_16,0.0768615017820746
shock,12,beta_Q_17,0.0364280247042793
shock,12,h_Q_2,192.11188596
shock,12,h_Q_3,146.0131119812
shock,12,h_Q_4,100.408663253504
shock,12,h_Q_5,68.5250664650063
shock,12,h_Q_6,45.2255397711246
shock,12,h_Q_7,29.3157126396944
shock,12,h_Q_8,18.0228565869614
shock,12,h_Q_9,11.4542420253977
shock,12,h_Q_10,7.07195573430226
shock,12,h_Q_11,4.30117516309678
shock,12,h_Q_12,2.76361577694776
shock,12,h_Q_13,1.88998546249255
shock,12,h_Q_14,1.42318386650033
shock,12,h_Q_15,1.19117217809661
shock,12,h_Q_16,1.08326107103193
shock,12,h_Q_17,1.03779881652644
shock,12,P_Q_1,0.264807645
shock,12,P_Q_2,0.0617253131497558
shock,12,P_Q_3,0.0621279115011714
shock,12,P_Q_4,0.0470734635690739
shock,12,P_Q_5,0.0475125439385306
shock,12,P_Q_6,0.0571084784582359
shock,12,P_Q_7,0.0559398941799664
shock,12,P_Q_8,0.0503188094771259
shock,12,P_Q_9,0.040765321473103
shock,12,P_Q_10,0.0343554498847402
shock,12,P_Q_11,0.0278630880141164
shock,12,P_Q_12,0.0195343213501552
shock,12,P_Q_13,0.0108637735408733
shock,12,P_Q_14,0.00375782376809976
shock,12,P_Q_15,0.000857172844187942
shock,12,P_Q_16,0.000128705962949249
shock,12,P_Q_17,5.31239265016876e-11
shock,12,L_Q,0.842522189540832
shock,12,beta_NQ_2,0.9858635999994
shock,12,beta_NQ_3,0.9818701999993
shock,12,beta_NQ_4,0.976348704006461
shock,12,beta_NQ_5,0.966116906483536
shock,12,beta_NQ_6,0.949930801722291
shock,12,beta_NQ_7,0.928669100105706
shock,12,beta_NQ_8,0.896660599994639
shock,12,beta_NQ_9,0.856564299964593
shock,12,beta_NQ_10,0.79491340015851
shock,12,beta_NQ_11,0.702279799376932
shock,12,beta_NQ_12,0.560721899993885
shock,12,beta_NQ_13,0.394610637288873
shock,12,beta_NQ_14,0.238564330831283
shock,12,beta_NQ_15,0.124762311463605
shock,12,beta_NQ_16,0.0583731004118958
shock,12,beta_NQ_17,0.0272748173711475
shock,12,h_NQ_2,70.73936787
shock,12,h_NQ_3,55.1578064822
shock,12,h_NQ_4,42.280973987
shock,12,h_NQ_5,29.5132381610386
shock,12,h_NQ_6,19.9723582498681
shock,12,h_NQ_7,14.0191698136225
shock,12,h_NQ_8,9.67685122930548
shock,12,h_NQ_9,6.97176504662737
shock,12,h_NQ_10,4.87598897486221
shock,12,h_NQ_11,3.35885840987426
shock,12,h_NQ_12,2.27646222275234
shock,12,h_NQ_13,1.65182638508269
shock,12,h_NQ_14,1.31330835787288
shock,12,h_NQ_15,1.14254676423424
shock,12,h_NQ_16,1.06199175063907
shock,12,h_NQ_17,1.02803661115565
shock,12,P_NQ_1,0.617884505
shock,12,P_NQ_2,0.144025731333841
shock,12,P_NQ_3,0.144965127648503
shock,12,P_NQ_4,0.109838085222169
shock,12,P_NQ_5,0.110862607444563
shock,12,P_NQ_6,0.133253115032442
shock,12,P_NQ_7,0.130526425574811
shock,12,P_NQ_8,0.11741056965811
shock,12,P_NQ_9,0.0951190853614283
shock,12,P_NQ_10,0.080162720011709
shock,12,P_NQ_11,0.0650138712417419
shock,12,P_NQ_12,0.0455801145206155
shock,12,P_NQ_13,0.0253487774036651
shock,12,P_NQ_14,0.00876827064221149
shock,12,P_NQ_15,0.00200007027054609
shock,12,P_NQ_16,0.000300312952953359
shock,12,P_NQ_17,3.59123119400391e-11
shock,12,L_NQ,1.48456966356751
shock,12,pi_Q,0.3
shock,12,pi_NQ,0.7
shock,12,y,0.547110480698073
shock,12,nbar,4.23521362313113
shock,12,Ptot,2.61579910552043
shock,12,Pret,0.324534472497601
shock,12,H,155.168545991084
shock,12,cCheck,4.44089209850063e-16
shock,12,shareq,0.3
shock,12,A,0.199187605
shock,12,A_Q,2
shock,12,xpop,0.88269215
shock,12,h_Q_1,100
shock,12,mig_Q_2,-0.182529848
shock,12,med_Q_2,94.11188596
shock,12,mig_Q_3,0.000697205
shock,12,med_Q_3,-6.899244277
shock,12,mig_Q_4,0.000577554
shock,12,med_Q_4,-17.07901852
shock,12,mig_Q_5,0.000479674
shock,12,med_Q_5,-16.04517861
shock,12,mig_Q_6,0.000364699
shock,12,med_Q_6,-12.74650351
shock,12,mig_Q_7,0.000116967
shock,12,med_Q_7,-9.976703126
shock,12,mig_Q_8,0.000342818
shock,12,med_Q_8,-8.276266418
shock,12,mig_Q_9,0.000788736
shock,12,med_Q_9,-5.198575618
shock,12,mig_Q_10,0.00148607
shock,12,med_Q_10,-3.482452238
shock,12,mig_Q_11,0.002493188
shock,12,med_Q_11,-2.150760545
shock,12,mig_Q_12,0.002922604
shock,12,med_Q_12,-1.159852564
shock,12,mig_Q_13,0.002555399
shock,12,med_Q_13,-0.663458382
shock,12,mig_Q_14,0.001238021
shock,12,med_Q_14,-0.349045589
shock,12,mig_Q_15,0.00037086
shock,12,med_Q_15,-0.168100519
shock,12,mig_Q_16,7.79943e-05
shock,12,med_Q_16,-0.068714479
shock,12,mig_Q_17,-3.20718e-06
shock,12,med_Q_17,-0.017014338
shock,12,h_NQ_1,100
shock,12,mig_NQ_2,-0.420209548
shock,12,med_NQ_2,-27.26063213
shock,12,mig_NQ_3,0.003480343
shock,12,med_NQ_3,-4.837540815
shock,12,mig_NQ_4,0.003041469
shock,12,med_NQ_4,-4.022759608
shock,12,mig_NQ_5,0.003561581
shock,12,med_NQ_5,-6.756326121
shock,12,mig_NQ_6,0.005057391
shock,12,med_NQ_6,-5.296119318
shock,12,mig_NQ_7,0.005638415
shock,12,med_NQ_7,-3.506210694
shock,12,mig_NQ_8,0.00690971
shock,12,med_NQ_8,-3.063443071
shock,12,mig_NQ_9,0.007810709
shock,12,med_NQ_9,-2.088852331
shock,12,mig_NQ_10,0.009464564
shock,12,med_NQ_10,-1.617758476
shock,12,mig_NQ_11,0.011144005
shock,12,med_NQ_11,-1.13225079
shock,12,mig_NQ_12,0.011746896
shock,12,med_NQ_12,-0.812245462
shock,12,mig_NQ_13,0.009207496
shock,12,med_NQ_13,-0.468784439
shock,12,mig_NQ_14,0.004068002
shock,12,med_NQ_14,-0.247699078
shock,12,mig_NQ_15,0.001119928
shock,12,med_NQ_15,-0.118811739
shock,12,mig_NQ_16,0.000210193
shock,12,med_NQ_16,-0.046346504
shock,12,mig_NQ_17,-5.63243e-06
shock,12,med_NQ_17,-0.007923901
shock,13,beta_Q_2,0.99543669999992
shock,13,beta_Q_3,0.993858200189183
shock,13,beta_Q_4,0.990898000056964
shock,13,beta_Q_5,0.986666900084058
shock,13,beta_Q_6,0.980067900403587
shock,13,beta_Q_7,0.968515800076275
shock,13,beta_Q_8,0.94732200001555
shock,13,beta_Q_9,0.916073500002183
shock,13,beta_Q_10,0.865978800079766
shock,13,beta_Q_11,0.781981500048058
shock,13,beta_Q_12,0.656456599521037
shock,13,beta_Q_13,0.489528404327301
shock,13,beta_Q_14,0.316434817275691
shock,13,beta_Q_15,0.176402616092727
shock,13,beta_Q_16,0.0835971053138845
shock,13,beta_Q_17,0.0394349000538824
shock,13,h_Q_2,219.1396577
shock,13,h_Q_3,162.8187176408
shock,13,h_Q_4,109.865963531576
shock,13,h_Q_5,75.0013125184339
shock,13,h_Q_6,50.1703282557062
shock,13,h_Q_7,31.7619631457021
shock,13,h_Q_8,18.9832567719005
shock,13,h_Q_9,11.9151876942221
shock,13,h_Q_10,7.46150609388974
shock,13,h_Q_11,4.58676671861621
shock,13,h_Q_12,2.91084037283484
shock,13,h_Q_13,1.9589693814088
shock,13,h_Q_14,1.4629173892427
shock,13,h_Q_15,1.21418532917032
shock,13,h_Q_16,1.09122308853468
shock,13,h_Q_17,1.04105385461129
shock,13,P_Q_1,0.2950376742
shock,13,P_Q_2,0.0600938417655564
shock,13,P_Q_3,0.0632528059976088
shock,13,P_Q_4,0.0631999499921212
shock,13,P_Q_5,0.0475806151004746
shock,13,P_Q_6,0.0475054961501915
shock,13,P_Q_7,0.0560209943167826
shock,13,P_Q_8,0.053701097558009
shock,13,P_Q_9,0.0471131771691711
shock,13,P_Q_10,0.0367819982661882
shock,13,P_Q_11,0.0289928733060244
shock,13,P_Q_12,0.0209122024868229
shock,13,P_Q_13,0.0120588959103256
shock,13,P_Q_14,0.00491457868764098
shock,13,P_Q_15,0.00107203225010121
shock,13,P_Q_16,0.000154475992091097
shock,13,P_Q_17,1.41993639979033e-05
shock,13,L_Q,0.896743243588944
shock,13,beta_NQ_2,0.987370000517705
shock,13,beta_NQ_3,0.983264100037819
shock,13,beta_NQ_4,0.97793440001489
shock,13,beta_NQ_5,0.968845500110594
shock,13,beta_NQ_6,0.954518500483554
shock,13,beta_NQ_7,0.933515000027073
shock,13,beta_NQ_8,0.900877300011999
shock,13,beta_NQ_9,0.8608113206286
shock,13,beta_NQ_10,0.804067599919317
shock,13,beta_NQ_11,0.718815200189958
shock,13,beta_NQ_12,0.580001798526363
shock,13,beta_NQ_13,0.412395592996297
shock,13,beta_NQ_14,0.255122082688129
shock,13,beta_NQ_15,0.1373123384164
shock,13,beta_NQ_16,0.0635136030540818
shock,13,beta_NQ_17,0.0294936500570758
shock,13,h_NQ_2,79.17656374
shock,13,h_NQ_3,59.7517910566
shock,13,h_NQ_4,45.319411208556
shock,13,h_NQ_5,32.09809177126
shock,13,h_NQ_6,21.9869617298179
shock,13,h_NQ_7,15.0409866828707
shock,13,h_NQ_8,10.0885064683501
shock,13,h_NQ_9,7.18448610771937
shock,13,h_NQ_10,5.10380110469482
shock,13,h_NQ_11,3.55638000536496
shock,13,h_NQ_12,2.38096257667678
shock,13,h_NQ_13,1.7018237932973
shock,13,h_NQ_14,1.34250154638103
shock,13,h_NQ_15,1.15916802771542
shock,13,h_NQ_16,1.06782116894955
shock,13,h_NQ_17,1.03038459962629
shock,13,P_NQ_1,0.6884212398
shock,13,P_NQ_2,0.140218964483147
shock,13,P_NQ_3,0.147589880629804
shock,13,P_NQ_4,0.147466550505747
shock,13,P_NQ_5,0.111021439108917
shock,13,P_NQ_6,0.110846162570838
shock,13,P_NQ_7,0.13071565442346
shock,13,P_NQ_8,0.125302564071066
shock,13,P_NQ_9,0.109930758407643
shock,13,P_NQ_10,0.0858246655646206
shock,13,P_NQ_11,0.0676500409273322
shock,13,P_NQ_12,0.0487951394086273
shock,13,P_NQ_13,0.0281373890386799
shock,13,P_NQ_14,0.0114673381186965
shock,13,P_NQ_15,0.00250140671286077
shock,13,P_NQ_16,0.000360443302733435
shock,13,P_NQ_17,3.31310809459929e-05
shock,13,L_NQ,1.58091026197362
shock,13,pi_Q,0.3
shock,13,pi_NQ,0.7
shock,13,y,0.715531264402674
shock,13,nbar,4.62269626244834
shock,13,Ptot,2.79468967666823
shock,13,Pret,0.349670810417689
shock,13,H,174.693858781376
shock,13,cCheck,-1.33226762955019e-15
shock,13,shareq,0.3
shock,13,A,0.245020185
shock,13,A_Q,2
shock,13,xpop,0.983458914
shock,13,h_Q_1,100
shock,13,mig_Q_2,-0.2033354
shock,13,med_Q_2,121.1396577
shock,13,mig_Q_3,0.001950231
shock,13,med_Q_3,-25.4509306
shock,13,mig_Q_4,0.001690789
shock,13,med_Q_4,-33.22688621
shock,13,mig_Q_5,0.001194104
shock,13,med_Q_5,-23.39917747
shock,13,mig_Q_6,0.001043521
shock,13,med_Q_6,-16.98423688
shock,13,mig_Q_7,0.000860566
shock,13,med_Q_7,-12.55906583
shock,13,mig_Q_8,0.000865034
shock,13,med_Q_8,-9.746141615
shock,13,mig_Q_9,0.001187396
shock,13,med_Q_9,-5.747211761
shock,13,mig_Q_10,0.00178104
shock,13,med_Q_10,-3.763651091
shock,13,mig_Q_11,0.00262488
shock,13,med_Q_11,-2.343749901
shock,13,mig_Q_12,0.003131228
shock,13,med_Q_12,-1.304311287
shock,13,mig_Q_13,0.002860231
shock,13,med_Q_13,-0.74937408
shock,13,mig_Q_14,0.001684231
shock,13,med_Q_14,-0.389268364
shock,13,mig_Q_15,0.000468936
shock,13,med_Q_15,-0.18053486
shock,13,mig_Q_16,8.85924e-05
shock,13,med_Q_16,-0.076125646
shock,13,mig_Q_17,9.51086e-06
shock,13,med_Q_17,-0.020541995
shock,13,h_NQ_1,100
shock,13,mig_NQ_2,-0.468930878
shock,13,med_NQ_2,-18.82343626
shock,13,mig_NQ_3,0.006175307
shock,13,med_NQ_3,-9.572789456
shock,13,mig_NQ_4,0.005930036
shock,13,med_NQ_4,-8.735239144
shock,13,mig_NQ_5,0.004905008
shock,13,med_NQ_5,-9.337262736
shock,13,mig_NQ_6,0.005534357
shock,13,med_NQ_6,-6.936011668
shock,13,mig_NQ_7,0.006967604
shock,13,med_NQ_7,-4.531924402
shock,13,mig_NQ_8,0.008264661
shock,13,med_NQ_8,-3.650279949
shock,13,mig_NQ_9,0.009361056
shock,13,med_NQ_9,-2.298828097
shock,13,mig_NQ_10,0.01021323
shock,13,med_NQ_10,-1.728528641
shock,13,mig_NQ_11,0.011353382
shock,13,med_NQ_11,-1.22208919
shock,13,mig_NQ_12,0.012340438
shock,13,med_NQ_12,-0.910718665
shock,13,mig_NQ_13,0.010150991
shock,13,med_NQ_13,-0.529109185
shock,13,mig_NQ_14,0.005420024
shock,13,med_NQ_14,-0.276288311
shock,13,mig_NQ_15,0.001407457
shock,13,med_NQ_15,-0.127874163
shock,13,mig_NQ_16,0.000243693
shock,13,med_NQ_16,-0.05187466
shock,13,mig_NQ_17,2.49401e-05
shock,13,med_NQ_17,-0.010367316
shock,14,beta_Q_2,0.995754800004843
shock,14,beta_Q_3,0.994171300000187
shock,14,beta_Q_4,0.990976500051843
shock,14,beta_Q_5,0.986639900000631
shock,14,beta_Q_6,0.980200900038177
shock,14,beta_Q_7,0.970047399997429
shock,14,beta_Q_8,0.949007699996581
shock,14,beta_Q_9,0.91748150702083
shock,14,beta_Q_10,0.86633560001034
shock,14,beta_Q_11,0.788424382100547
shock,14,beta_Q_12,0.672029899979871
shock,14,beta_Q_13,0.511739889190151
shock,14,beta_Q_14,0.336314032157484
shock,14,beta_Q_15,0.191642504856973
shock,14,beta_Q_16,0.0944234196908989
shock,14,beta_Q_17,0.0447936033192221
shock,14,h_Q_2,235.5601621
shock,14,h_Q_3,171.564842926
shock,14,h_Q_4,110.821743227984
shock,14,h_Q_5,74.8497391509444
shock,14,h_Q_6,50.5073462880652
shock,14,h_Q_7,33.3860833405921
shock,14,h_Q_8,19.6108039827881
shock,14,h_Q_9,12.1184946444625
shock,14,h_Q_10,7.48142362533768
shock,14,h_Q_11,4.72643847201194
shock,14,h_Q_12,3.04905843524389
shock,14,h_Q_13,2.04807990037814
shock,14,h_Q_14,1.50673547978063
shock,14,h_Q_15,1.23707626845785
shock,14,h_Q_16,1.10426881758691
shock,14,h_Q_17,1.04689416076398
shock,14,P_Q_1,0.3198031971
shock,14,P_Q_2,0.0561084727812994
shock,14,P_Q_3,0.0615593454195694
shock,14,P_Q_4,0.0644478859610217
shock,14,P_Q_5,0.0636490937441937
shock,14,P_Q_6,0.0473664005414334
shock,14,P_Q_7,0.0467254316119231
shock,14,P_Q_8,0.0539476863790343
shock,14,P_Q_9,0.050298217393924
shock,14,P_Q_10,0.0425283796329042
shock,14,P_Q_11,0.0313991051789589
shock,14,P_Q_12,0.0222572730208171
shock,14,P_Q_13,0.0132743451143438
shock,14,P_Q_14,0.00564669852393046
shock,14,P_Q_15,0.00150230853749343
shock,14,P_Q_16,0.000191967792911592
shock,14,P_Q_17,2.04586453088367e-05
shock,14,L_Q,0.933254713275563
shock,14,beta_NQ_2,0.988142700004068
shock,14,beta_NQ_3,0.983934500001772
shock,14,beta_NQ_4,0.977790400038823
shock,14,beta_NQ_5,0.968400001242472
shock,14,beta_NQ_6,0.954638500008699
shock,14,beta_NQ_7,0.936549199995969
shock,14,beta_NQ_8,0.903564358072179
shock,14,beta_NQ_9,0.862200001433298
shock,14,beta_NQ_10,0.803860918221978
shock,14,beta_NQ_11,0.726096436615858
shock,14,beta_NQ_12,0.596541539489888
shock,14,beta_NQ_13,0.433744041227652
shock,14,beta_NQ_14,0.272212721431368
shock,14,beta_NQ_15,0.149810141058438
shock,14,beta_NQ_16,0.0716882050066691
shock,14,beta_NQ_17,0.033394703023271
shock,14,h_NQ_2,84.33623169
shock,14,h_NQ_3,62.2451837852
shock,14,h_NQ_4,45.025574525468
shock,14,h_NQ_5,31.6455696143849
shock,14,h_NQ_6,22.0451263768348
shock,14,h_NQ_7,15.7602425802215
shock,14,h_NQ_8,10.3696037822133
shock,14,h_NQ_9,7.25689404998309
shock,14,h_NQ_10,5.09841729756498
shock,14,h_NQ_11,3.65091818560092
shock,14,h_NQ_12,2.47856291125766
shock,14,h_NQ_13,1.76598226414324
shock,14,h_NQ_14,1.37402744643135
shock,14,h_NQ_15,1.17620781145341
shock,14,h_NQ_16,1.07722426816111
shock,14,h_NQ_17,1.03454843757056
shock,14,P_NQ_1,0.7462074599
shock,14,P_NQ_2,0.130919770897725
shock,14,P_NQ_3,0.143638475920757
shock,14,P_NQ_4,0.150378401361977
shock,14,P_NQ_5,0.148514554874325
shock,14,P_NQ_6,0.110521604579769
shock,14,P_NQ_7,0.109026010455316
shock,14,P_NQ_8,0.125877934826308
shock,14,P_NQ_9,0.117362525656164
shock,14,P_NQ_10,0.0992328940701438
shock,14,P_NQ_11,0.0732645811590689
shock,14,P_NQ_12,0.0519336384082348
shock,14,P_NQ_13,0.0309734504517578
shock,14,P_NQ_14,0.0131756082929542
shock,14,P_NQ_15,0.00350538401248975
shock,14,P_NQ_16,0.000447922353037455
shock,14,P_NQ_17,4.77384886362366e-05
shock,14,L_NQ,1.64506818968679
shock,14,pi_Q,0.3
shock,14,pi_NQ,0.7
shock,14,y,1.02666072549525
shock,14,nbar,4.92601130635153
shock,14,Ptot,2.93575422308773
shock,14,Pret,0.389401753682991
shock,14,H,185.670093636066
shock,14,cCheck,0
shock,14,shareq,0.3
shock,14,A,0.336263838
shock,14,A_Q,2
shock,14,xpop,1.066010657
shock,14,h_Q_1,100
shock,14,mig_Q_2,-0.237582856
shock,14,med_Q_2,137.5601621
shock,14,mig_Q_3,0.001834588
shock,14,med_Q_3,-43.19202162
shock,14,mig_Q_4,0.001770807
shock,14,med_Q_4,-48.74060006
shock,14,mig_Q_5,0.001291795
shock,14,med_Q_5,-32.81890511
shock,14,mig_Q_6,0.000734167
shock,14,med_Q_6,-22.99393998
shock,14,mig_Q_7,0.000715608
shock,14,med_Q_7,-15.78083835
shock,14,mig_Q_8,0.000877766
shock,14,med_Q_8,-11.5159199
shock,14,mig_Q_9,0.001104065
shock,14,med_Q_9,-6.485096992
shock,14,mig_Q_10,0.001729367
shock,14,med_Q_10,-4.195460315
shock,14,mig_Q_11,0.002636263
shock,14,med_Q_11,-2.5858375
shock,14,mig_Q_12,0.00322471
shock,14,med_Q_12,-1.445972949
shock,14,mig_Q_13,0.003037228
shock,14,med_Q_13,-0.804543665
shock,14,mig_Q_14,0.001830844
shock,14,med_Q_14,-0.413054514
shock,14,mig_Q_15,0.000635364
shock,14,med_Q_15,-0.196582773
shock,14,mig_Q_16,0.000102349
shock,14,med_Q_16,-0.085632805
shock,14,mig_Q_17,1.43669e-05
shock,14,med_Q_17,-0.022504466
shock,14,h_NQ_1,100
shock,14,mig_NQ_2,-0.548806709
shock,14,med_NQ_2,-13.66376831
shock,14,mig_NQ_3,0.005766202
shock,14,med_NQ_3,-15.34784868
shock,14,mig_NQ_4,0.00604518
shock,14,med_NQ_4,-13.53118071
shock,14,mig_NQ_5,0.005642251
shock,14,med_NQ_5,-12.76745337
shock,14,mig_NQ_6,0.004549587
shock,14,med_NQ_6,-9.411003559
shock,14,mig_NQ_7,0.005549455
shock,14,med_NQ_7,-5.786979915
shock,14,mig_NQ_8,0.008119169
shock,14,med_NQ_8,-4.370563167
shock,14,mig_NQ_9,0.00950066
shock,14,med_NQ_9,-2.629842289
shock,14,mig_NQ_10,0.010841133
shock,14,med_NQ_10,-1.942379088
shock,14,mig_NQ_11,0.011572507
shock,14,med_NQ_11,-1.350806897
shock,14,mig_NQ_12,0.012696493
shock,14,med_NQ_12,-1.006689494
shock,14,mig_NQ_13,0.01085055
shock,14,med_NQ_13,-0.567361061
shock,14,mig_NQ_14,0.005997139
shock,14,med_NQ_14,-0.293759871
shock,14,mig_NQ_15,0.001930777
shock,14,med_NQ_15,-0.139443704
shock,14,mig_NQ_16,0.000289049
shock,14,med_NQ_16,-0.058760399
shock,14,mig_NQ_17,3.71077e-05
shock,14,med_NQ_17,-0.011916308
shock,15,beta_Q_2,0.995943800000819
shock,15,beta_Q_3,0.994638400018662
shock,15,beta_Q_4,0.991469000000774
shock,15,beta_Q_5,0.986982900000344
shock,15,beta_Q_6,0.981193400001437
shock,15,beta_Q_7,0.971546499995241
shock,15,beta_Q_8,0.954140501122299
shock,15,beta_Q_9,0.924845900633453
shock,15,beta_Q_10,0.876465100316861
shock,15,beta_Q_11,0.799466700027591
shock,15,beta_Q_12,0.688078000406597
shock,15,beta_Q_13,0.531831587428912
shock,15,beta_Q_14,0.357684185180722
shock,15,beta_Q_15,0.203602537720793
shock,15,beta_Q_16,0.100828305865785
shock,15,beta_Q_17,0.0474932096030305
shock,15,h_Q_2,246.5361669
shock,15,h_Q_3,186.511489138
shock,15,h_Q_4,117.21955221748
shock,15,h_Q_5,76.8220264134243
shock,15,h_Q_6,53.1728223079256
shock,15,h_Q_7,35.1450612323039
shock,15,h_Q_8,21.8057327237802
shock,15,h_Q_9,13.3059939501323
shock,15,h_Q_10,8.09487845557326
shock,15,h_Q_11,4.98670295683093
shock,15,h_Q_12,3.2059296915717
shock,15,h_Q_13,2.13597624753901
shock,15,h_Q_14,1.55686463237058
shock,15,h_Q_15,1.25565436418501
shock,15,h_Q_16,1.11213465008869
shock,15,h_Q_17,1.04985289623517
shock,15,P_Q_1,0.3220408704
shock,15,P_Q_2,0.0643385065692199
shock,15,P_Q_3,0.0571512833260096
shock,15,P_Q_4,0.0621299456693674
shock,15,P_Q_5,0.0643568587598345
shock,15,P_Q_6,0.062751466974673
shock,15,P_Q_7,0.0461707546924543
shock,15,P_Q_8,0.0447023903853787
shock,15,P_Q_9,0.0503728815993235
shock,15,P_Q_10,0.0452248723454157
shock,15,P_Q_11,0.03596110543381
shock,15,P_Q_12,0.0240711345128732
shock,15,P_Q_13,0.0143779764293479
shock,15,P_Q_14,0.00649612752965496
shock,15,P_Q_15,0.0018348424492982
shock,15,P_Q_16,0.000296447109540962
shock,15,P_Q_17,2.06077291657484e-05
shock,15,L_Q,0.946538327160494
shock,15,beta_NQ_2,0.988587100000126
shock,15,beta_NQ_3,0.985280700071966
shock,15,beta_NQ_4,0.978758600003395
shock,15,beta_NQ_5,0.968898802060581
shock,15,beta_NQ_6,0.956626799989653
shock,15,beta_NQ_7,0.939580000015417
shock,15,beta_NQ_8,0.912634501171517
shock,15,beta_NQ_9,0.873406100396887
shock,15,beta_NQ_10,0.817039600162777
shock,15,beta_NQ_11,0.73878769996807
shock,15,beta_NQ_12,0.613765999741137
shock,15,beta_NQ_13,0.453317998936572
shock,15,beta_NQ_14,0.290875336209447
shock,15,beta_NQ_15,0.159068812728285
shock,15,beta_NQ_16,0.0763640019877916
shock,15,beta_NQ_17,0.0352194375296104
shock,15,h_NQ_2,87.62014913
shock,15,h_NQ_3,67.9380133562
shock,15,h_NQ_4,47.077876229496
shock,15,h_NQ_5,32.1531002049586
shock,15,h_NQ_6,23.0557118160972
shock,15,h_NQ_7,16.5508109932981
shock,15,h_NQ_8,11.4461658196171
shock,15,h_NQ_9,7.89927476256906
shock,15,h_NQ_10,5.46566360898343
shock,15,h_NQ_11,3.82830364361368
shock,15,h_NQ_12,2.58910401288891
shock,15,h_NQ_13,1.82921397603251
shock,15,h_NQ_14,1.41018860486038
shock,15,h_NQ_15,1.18915792450272
shock,15,h_NQ_16,1.08267759322434
shock,15,h_NQ_17,1.03650143379789
shock,15,P_NQ_1,0.7514286976
shock,15,P_NQ_2,0.150123183188763
shock,15,P_NQ_3,0.1333529963186
shock,15,P_NQ_4,0.144969875831524
shock,15,P_NQ_5,0.150166003065779
shock,15,P_NQ_6,0.146420089894685
shock,15,P_NQ_7,0.107731763351454
shock,15,P_NQ_8,0.104305586150229
shock,15,P_NQ_9,0.117536723587663
shock,15,P_NQ_10,0.105524741638815
shock,15,P_NQ_11,0.0839092477794103
shock,15,P_NQ_12,0.0561660670347128
shock,15,P_NQ_13,0.0335485631988433
shock,15,P_NQ_14,0.0151576102395926
shock,15,P_NQ_15,0.00428129173689819
shock,15,P_NQ_16,0.000691709687714465
shock,15,P_NQ_17,4.80847339571705e-05
shock,15,L_NQ,1.66775562473926
shock,15,pi_Q,0.3
shock,15,pi_NQ,0.7
shock,15,y,1.35513057499715
shock,15,nbar,5.05631968634408
shock,15,Ptot,3.00766030695401
shock,15,Pret,0.42761042958905
shock,15,H,193.847292624012
shock,15,cCheck,-4.44089209850063e-16
shock,15,shareq,0.3
shock,15,A,0.435809785
shock,15,A_Q,2
shock,15,xpop,1.073469568
shock,15,h_Q_1,100
shock,15,mig_Q_2,-0.254107062
shock,15,med_Q_2,148.5361669
shock,15,mig_Q_3,0.00136985
shock,15,med_Q_3,-44.33746972
shock,15,mig_Q_4,0.001126081
shock,15,med_Q_4,-50.91399385
shock,15,mig_Q_5,0.000770003
shock,15,med_Q_5,-31.78328195
shock,15,mig_Q_6,0.000362568
shock,15,med_Q_6,-20.17992206
shock,15,mig_Q_7,0.000223101
shock,15,med_Q_7,-14.35213813
shock,15,mig_Q_8,0.000359596
shock,15,med_Q_8,-10.91262895
shock,15,mig_Q_9,0.000876877
shock,15,med_Q_9,-5.912593953
shock,15,mig_Q_10,0.001649736
shock,15,med_Q_10,-3.781246296
shock,15,mig_Q_11,0.002430694
shock,15,med_Q_11,-2.345092196
shock,15,mig_Q_12,0.002969997
shock,15,med_Q_12,-1.425980011
shock,15,mig_Q_13,0.002988042
shock,15,med_Q_13,-0.852101019
shock,15,mig_Q_14,0.002031779
shock,15,med_Q_14,-0.45025367
shock,15,mig_Q_15,0.000752695
shock,15,med_Q_15,-0.220946406
shock,15,mig_Q_16,0.000154594
shock,15,med_Q_16,-0.100200093
shock,15,mig_Q_17,1.20088e-05
shock,15,med_Q_17,-0.032330545
shock,15,h_NQ_1,100
shock,15,mig_NQ_2,-0.587236271
shock,15,med_NQ_2,-10.37985087
shock,15,mig_NQ_3,0.004536517
shock,15,med_NQ_3,-14.7114937
shock,15,mig_NQ_4,0.004521553
shock,15,med_NQ_4,-13.92240388
shock,15,mig_NQ_5,0.004539559
shock,15,med_NQ_5,-11.97196283
shock,15,mig_NQ_6,0.004642378
shock,15,med_NQ_6,-7.956946406
shock,15,mig_NQ_7,0.004222843
shock,15,med_NQ_7,-5.053412856
shock,15,mig_NQ_8,0.005793569
shock,15,med_NQ_8,-3.998871909
shock,15,mig_NQ_9,0.009004768
shock,15,med_NQ_9,-2.262936944
shock,15,mig_NQ_10,0.011181594
shock,15,med_NQ_10,-1.64609256
shock,15,mig_NQ_11,0.011856597
shock,15,med_NQ_11,-1.168145308
shock,15,mig_NQ_12,0.012460701
shock,15,med_NQ_12,-0.988795809
shock,15,mig_NQ_13,0.011022657
shock,15,med_NQ_13,-0.599777677
shock,15,mig_NQ_14,0.006726243
shock,15,med_NQ_14,-0.320474014
shock,15,mig_NQ_15,0.002307452
shock,15,med_NQ_15,-0.157388973
shock,15,mig_NQ_16,0.000440415
shock,15,med_NQ_16,-0.070006062
shock,15,mig_NQ_17,3.31265e-05
shock,15,med_NQ_17,-0.019178349
shock,16,beta_Q_2,0.996367900125476
shock,16,beta_Q_3,0.99519130014795
shock,16,beta_Q_4,0.992379100316725
shock,16,beta_Q_5,0.987635500000372
shock,16,beta_Q_6,0.981419000404811
shock,16,beta_Q_7,0.97284790000392
shock,16,beta_Q_8,0.956876000003725
shock,16,beta_Q_9,0.932060901082042
shock,16,beta_Q_10,0.888214701649101
shock,16,beta_Q_11,0.81449630047874
shock,16,beta_Q_12,0.705271800083121
shock,16,beta_Q_13,0.553437200726719
shock,16,beta_Q_14,0.374711643560468
shock,16,beta_Q_15,0.218074889403826
shock,16,beta_Q_16,0.107752400046906
shock,16,beta_Q_17,0.0502324586580444
shock,16,h_Q_2,275.322816
shock,16,h_Q_3,207.956412382
shock,16,h_Q_4,131.21809762524
shock,16,h_Q_5,80.8767034631304
shock,16,h_Q_6,53.8184166651558
shock,16,h_Q_7,36.829563831767
shock,16,h_Q_8,23.1889435076578
shock,16,h_Q_9,14.7190645703046
shock,16,h_Q_10,8.94572005312967
shock,16,h_Q_11,5.39072805946179
shock,16,h_Q_12,3.39295662969431
shock,16,h_Q_13,2.23932670074027
shock,16,h_Q_14,1.59926126858823
shock,16,h_Q_15,1.27889470372317
shock,16,h_Q_16,1.12076512890131
shock,16,h_Q_17,1.05288050608692
shock,16,P_Q_1,0.3194008092
shock,16,P_Q_2,0.0826164572217474
shock,16,P_Q_3,0.064891756233599
shock,16,P_Q_4,0.0568665687279996
shock,16,P_Q_5,0.061326389673616
shock,16,P_Q_6,0.0628653580599743
shock,16,P_Q_7,0.0607462951088105
shock,16,P_Q_8,0.0441633460194531
shock,16,P_Q_9,0.0419227554964337
shock,16,P_Q_10,0.0457472167242004
shock,16,P_Q_11,0.0388704704531585
shock,16,P_Q_12,0.0280014015193068
shock,16,P_Q_13,0.0160127846791962
shock,16,P_Q_14,0.00728584978367892
shock,16,P_Q_15,0.00220021205039566
shock,16,P_Q_16,0.000364675055693365
shock,16,P_Q_17,2.87895247096415e-05
shock,16,L_Q,0.972218168656634
shock,16,beta_NQ_2,0.989680600164088
shock,16,beta_NQ_3,0.986715900245842
shock,16,beta_NQ_4,0.980932800543132
shock,16,beta_NQ_5,0.970029900004466
shock,16,beta_NQ_6,0.956614903270331
shock,16,beta_NQ_7,0.941724899980929
shock,16,beta_NQ_8,0.917262300033683
shock,16,beta_NQ_9,0.884329000717108
shock,16,beta_NQ_10,0.832550800768387
shock,16,beta_NQ_11,0.756334200212729
shock,16,beta_NQ_12,0.632437799918642
shock,16,beta_NQ_13,0.474787465734491
shock,16,beta_NQ_14,0.30667268796001
shock,16,beta_NQ_15,0.171361734678332
shock,16,beta_NQ_16,0.0819939018545653
shock,16,beta_NQ_17,0.0373887680236216
shock,16,h_NQ_2,96.90485881
shock,16,h_NQ_3,75.2779638774
shock,16,h_NQ_4,52.446085419076
shock,16,h_NQ_5,33.3665887049061
shock,16,h_NQ_6,23.0493879268595
shock,16,h_NQ_7,17.1599877077752
shock,16,h_NQ_8,12.0863886754321
shock,16,h_NQ_9,8.64520925622474
shock,16,h_NQ_10,5.97196044631768
shock,16,h_NQ_11,4.10398176580376
shock,16,h_NQ_12,2.72062796374141
shock,16,h_NQ_13,1.90398580263113
shock,16,h_NQ_14,1.44231982951186
shock,16,h_NQ_15,1.20679914676317
shock,16,h_NQ_16,1.08931738101267
shock,16,h_NQ_17,1.03883573235986
shock,16,P_NQ_1,0.7452685548
shock,16,P_NQ_2,0.192771732017256
shock,16,P_NQ_3,0.151414100029257
shock,16,P_NQ_4,0.132688661983051
shock,16,P_NQ_5,0.143094911028034
shock,16,P_NQ_6,0.146685835980053
shock,16,P_NQ_7,0.141741356065505
shock,16,P_NQ_8,0.103047809106582
shock,16,P_NQ_9,0.0978197702490827
shock,16,P_NQ_10,0.106743503644507
shock,16,P_NQ_11,0.0906977951650646
shock,16,P_NQ_12,0.0653366033508566
shock,16,P_NQ_13,0.0373631651163134
shock,16,P_NQ_14,0.0170002795998074
shock,16,P_NQ_15,0.0051338230646101
shock,16,P_NQ_16,0.000850909570706809
shock,16,P_NQ_17,6.71728261350859e-05
shock,16,L_NQ,1.7130270054633
shock,16,pi_Q,0.3
shock,16,pi_NQ,0.7
shock,16,y,1.79951986546106
shock,16,nbar,5.23849633065215
shock,16,Ptot,3.11103711912879
shock,16,Pret,0.461704652128341
shock,16,H,212.108026226629
shock,16,cCheck,0
shock,16,shareq,0.3
shock,16,A,0.564562457
shock,16,A_Q,2
shock,16,xpop,1.064669364
shock,16,h_Q_1,100
shock,16,mig_Q_2,-0.238118151
shock,16,med_Q_2,177.322816
shock,16,mig_Q_3,0.000898207
shock,16,med_Q_3,-33.64903118
shock,16,mig_Q_4,0.000202843
shock,16,med_Q_4,-51.56316173
shock,16,mig_Q_5,5.19572e-06
shock,16,med_Q_5,-33.99845771
shock,16,mig_Q_6,-0.000281167
shock,16,med_Q_6,-21.46716922
shock,16,mig_Q_7,-0.000219673
shock,16,med_Q_7,-15.27980203
shock,16,mig_Q_8,0.000109959
shock,16,med_Q_8,-11.2532165
shock,16,mig_Q_9,0.000579933
shock,16,med_Q_9,-6.650553499
shock,16,mig_Q_10,0.001597144
shock,16,med_Q_10,-4.094154018
shock,16,mig_Q_11,0.002714691
shock,16,med_Q_11,-2.542252827
shock,16,mig_Q_12,0.003257356
shock,16,med_Q_12,-1.494012268
shock,16,mig_Q_13,0.003210995
shock,16,med_Q_13,-0.902484397
shock,16,mig_Q_14,0.002143075
shock,16,med_Q_14,-0.493995454
shock,16,mig_Q_15,0.000877584
shock,16,med_Q_15,-0.246832636
shock,16,mig_Q_16,0.000179671
shock,16,med_Q_16,-0.109776148
shock,16,mig_Q_17,1.47103e-05
shock,16,med_Q_17,-0.037011451
shock,16,h_NQ_1,100
shock,16,mig_NQ_2,-0.550080985
shock,16,med_NQ_2,-1.09514119
shock,16,mig_NQ_3,0.003500625
shock,16,med_NQ_3,-10.58978227
shock,16,mig_NQ_4,0.00216827
shock,16,med_NQ_4,-14.13316767
shock,16,mig_NQ_5,0.002633772
shock,16,med_NQ_5,-12.76973
shock,16,mig_NQ_6,0.003033013
shock,16,med_NQ_6,-8.460650274
shock,16,mig_NQ_7,0.004167968
shock,16,med_NQ_7,-5.434609872
shock,16,mig_NQ_8,0.004728085
shock,16,med_NQ_8,-4.133406098
shock,16,mig_NQ_9,0.006718635
shock,16,med_NQ_9,-2.572033247
shock,16,mig_NQ_10,0.010711346
shock,16,med_NQ_10,-1.769328821
shock,16,mig_NQ_11,0.012737414
shock,16,med_NQ_11,-1.252368571
shock,16,mig_NQ_12,0.01383596
shock,16,med_NQ_12,-1.031109607
shock,16,mig_NQ_13,0.011902076
shock,16,med_NQ_13,-0.63333613
shock,16,mig_NQ_14,0.00724183
shock,16,med_NQ_14,-0.350309867
shock,16,mig_NQ_15,0.00272272
shock,16,med_NQ_15,-0.175185686
shock,16,mig_NQ_16,0.000523973
shock,16,med_NQ_16,-0.076057385
shock,16,mig_NQ_17,4.28112e-05
shock,16,med_NQ_17,-0.022188309
shock,17,beta_Q_2,0.99632580006316
shock,17,beta_Q_3,0.995348600000026
shock,17,beta_Q_4,0.992990100025498
shock,17,beta_Q_5,0.989174500003026
shock,17,beta_Q_6,0.983061600130601
shock,17,beta_Q_7,0.974372400006731
shock,17,beta_Q_8,0.960187200091938
shock,17,beta_Q_9,0.938341600700665
shock,17,beta_Q_10,0.901011507681763
shock,17,beta_Q_11,0.832555803034897
shock,17,beta_Q_12,0.725557000569642
shock,17,beta_Q_13,0.571257379199914
shock,17,beta_Q_14,0.391596962159212
shock,17,beta_Q_15,0.226707911609078
shock,17,beta_Q_16,0.111483997187932
shock,17,beta_Q_17,0.0511400632691038
shock,17,h_Q_2,272.168091
shock,17,h_Q_3,214.98903556
shock,17,h_Q_4,142.65538742436
shock,17,h_Q_5,92.3744861927352
shock,17,h_Q_6,59.0374533538678
shock,17,h_Q_7,39.0204311018527
shock,17,h_Q_8,25.1175501351317
shock,17,h_Q_9,16.2183903535047
shock,17,h_Q_10,10.1021835828985
shock,17,h_Q_11,5.97213877706707
shock,17,h_Q_12,3.64374387827255
shock,17,h_Q_13,2.33239470010042
shock,17,h_Q_14,1.64364630772546
shock,17,h_Q_15,1.29317239821646
shock,17,h_Q_16,1.12547213164871
shock,17,h_Q_17,1.05389536232329
shock,17,P_Q_1,0.3121457745
shock,17,P_Q_2,0.0809503505609818
shock,17,P_Q_3,0.0829762534761282
shock,17,P_Q_4,0.0644857392690712
shock,17,P_Q_5,0.0562764400389834
shock,17,P_Q_6,0.0600175450519161
shock,17,P_Q_7,0.0608772335716405
shock,17,P_Q_8,0.0583047278787644
shock,17,P_Q_9,0.0417330100856894
shock,17,P_Q_10,0.0382890027655731
shock,17,P_Q_11,0.0399278397790604
shock,17,P_Q_12,0.0309830396665769
shock,17,P_Q_13,0.0191669302732701
shock,17,P_Q_14,0.00854696686512149
shock,17,P_Q_15,0.00258360288578867
shock,17,P_Q_16,0.000466441129042256
shock,17,P_Q_17,4.1562424658737e-05
shock,17,L_Q,1.00087963436899
shock,17,beta_NQ_2,0.989421200000056
shock,17,beta_NQ_3,0.987054500000795
shock,17,beta_NQ_4,0.982480300063609
shock,17,beta_NQ_5,0.973749104257002
shock,17,beta_NQ_6,0.960130800152651
shock,17,beta_NQ_7,0.944543500013259
shock,17,beta_NQ_8,0.922948100035183
shock,17,beta_NQ_9,0.894130500612635
shock,17,beta_NQ_10,0.850068405174139
shock,17,beta_NQ_11,0.777865101497359
shock,17,beta_NQ_12,0.654689100148069
shock,17,beta_NQ_13,0.492618373666824
shock,17,beta_NQ_14,0.321813368040825
shock,17,beta_NQ_15,0.178567506113897
shock,17,beta_NQ_16,0.0848333937639328
shock,17,beta_NQ_17,0.037991978255039
shock,17,h_NQ_2,94.528680002
shock,17,h_NQ_3,77.2469197838
shock,17,h_NQ_4,57.078602939852
shock,17,h_NQ_5,38.0939320106945
shock,17,h_NQ_6,25.082018203808
shock,17,h_NQ_7,18.0321513293223
shock,17,h_NQ_8,12.9782652936197
shock,17,h_NQ_9,9.4455910379235
shock,17,h_NQ_10,6.66970805210024
shock,17,h_NQ_11,4.50176896539132
shock,17,h_NQ_12,2.89594102048769
shock,17,h_NQ_13,1.97090005446658
shock,17,h_NQ_14,1.4745199985785
shock,17,h_NQ_15,1.21738548392162
shock,17,h_NQ_16,1.09269721282791
shock,17,h_NQ_17,1.03949196339242
shock,17,P_NQ_1,0.7283401405
shock,17,P_NQ_2,0.188884152597886
shock,17,P_NQ_3,0.193611256099357
shock,17,P_NQ_4,0.150466727183417
shock,17,P_NQ_5,0.131311693515145
shock,17,P_NQ_6,0.14004093947156
shock,17,P_NQ_7,0.142046879216934
shock,17,P_NQ_8,0.136044367274539
shock,17,P_NQ_9,0.0973770250533109
shock,17,P_NQ_10,0.0893410140518534
shock,17,P_NQ_11,0.093164958456873
shock,17,P_NQ_12,0.0722937780316652
shock,17,P_NQ_13,0.0447229313246529
shock,17,P_NQ_14,0.0199429112769135
shock,17,P_NQ_15,0.00602839540223967
shock,17,P_NQ_16,0.00108836218449834
shock,17,P_NQ_17,9.69766605482363e-05
shock,17,L_NQ,1.76441013857881
shock,17,pi_Q,0.3
shock,17,pi_NQ,0.7
shock,17,y,2.14167080153483
shock,17,nbar,5.49223879435587
shock,17,Ptot,3.19257496852366
shock,17,Pret,0.466684713178336
shock,17,H,221.538252777183
shock,17,cCheck,8.88178419700125e-16
shock,17,shareq,0.3
shock,17,A,0.650022108
shock,17,A_Q,2
shock,17,xpop,1.040485915
shock,17,h_Q_1,100
shock,17,mig_Q_2,-0.237290363
shock,17,med_Q_2,174.168091
shock,17,mig_Q_3,0.000757074
shock,17,med_Q_3,-54.82732412
shock,17,mig_Q_4,8.85166e-05
shock,17,med_Q_4,-61.14189671
shock,17,mig_Q_5,0.000112998
shock,17,med_Q_5,-36.21924948
shock,17,mig_Q_6,-0.000169339
shock,17,med_Q_6,-20.22171604
shock,17,mig_Q_7,-0.000281198
shock,17,med_Q_7,-13.72161723
shock,17,mig_Q_8,0.000178056
shock,17,med_Q_8,-10.97542242
shock,17,mig_Q_9,0.000570082
shock,17,med_Q_9,-6.506774284
shock,17,mig_Q_10,0.001052595
shock,17,med_Q_10,-4.322499696
shock,17,mig_Q_11,0.002666901
shock,17,med_Q_11,-2.794666875
shock,17,mig_Q_12,0.003568793
shock,17,med_Q_12,-1.63916962
shock,17,mig_Q_13,0.003669913
shock,17,med_Q_13,-0.992702797
shock,17,mig_Q_14,0.00254679
shock,17,med_Q_14,-0.550893859
shock,17,mig_Q_15,0.000994742
shock,17,med_Q_15,-0.274103645
shock,17,mig_Q_16,0.000229363
shock,17,med_Q_16,-0.127844678
shock,17,mig_Q_17,2.32439e-05
shock,17,med_Q_17,-0.044454464
shock,17,h_NQ_1,100
shock,17,mig_NQ_2,-0.548693678
shock,17,med_NQ_2,-3.471319998
shock,17,mig_NQ_3,0.003400323
shock,17,med_NQ_3,-17.71984185
shock,17,mig_NQ_4,0.00193967
shock,17,med_NQ_4,-16.69380166
shock,17,mig_NQ_5,0.002599724
shock,17,med_NQ_5,-13.3032317
shock,17,mig_NQ_6,0.003154215
shock,17,med_NQ_6,-7.617238727
shock,17,mig_NQ_7,0.003909175
shock,17,med_NQ_7,-4.556248839
shock,17,mig_NQ_8,0.006030365
shock,17,med_NQ_8,-3.83852266
shock,17,mig_NQ_9,0.006248859
shock,17,med_NQ_9,-2.399069864
shock,17,mig_NQ_10,0.007901086
shock,17,med_NQ_10,-1.802597019
shock,17,mig_NQ_11,0.012431196
shock,17,med_NQ_11,-1.350752272
shock,17,mig_NQ_12,0.014933064
shock,17,med_NQ_12,-1.12596111
shock,17,mig_NQ_13,0.013701931
shock,17,med_NQ_13,-0.69531535
shock,17,mig_NQ_14,0.008484649
shock,17,med_NQ_14,-0.391386088
shock,17,mig_NQ_15,0.003115198
shock,17,med_NQ_15,-0.196087949
shock,17,mig_NQ_16,0.00066742
shock,17,med_NQ_16,-0.089965951
shock,17,mig_NQ_17,6.51622e-05
shock,17,med_NQ_17,-0.02803907
shock,18,beta_Q_2,0.996382900000455
shock,18,beta_Q_3,0.995405400107134
shock,18,beta_Q_4,0.993380500001188
shock,18,beta_Q_5,0.990084700054153
shock,18,beta_Q_6,0.985190900005658
shock,18,beta_Q_7,0.976841400385225
shock,18,beta_Q_8,0.963054200048628
shock,18,beta_Q_9,0.944144400758802
shock,18,beta_Q_10,0.911067102345237
shock,18,beta_Q_11,0.85315692195343
shock,18,beta_Q_12,0.753888407546073
shock,18,beta_Q_13,0.603952401548845
shock,18,beta_Q_14,0.420119299941581
shock,18,beta_Q_15,0.245264077382464
shock,18,beta_Q_16,0.119772406030654
shock,18,beta_Q_17,0.0534203631472869
shock,18,h_Q_2,276.4645711
shock,18,h_Q_3,217.64680276
shock,18,h_Q_4,151.0688118488
shock,18,h_Q_5,100.854235415873
shock,18,h_Q_6,67.5260481988805
shock,18,h_Q_7,43.1805031367904
shock,18,h_Q_8,27.0666760498156
shock,18,h_Q_9,17.9033078154291
shock,18,h_Q_10,11.2444325964346
shock,18,h_Q_11,6.80998970624055
shock,18,h_Q_12,4.06319734552573
shock,18,h_Q_13,2.5249490257071
shock,18,h_Q_14,1.72449264109842
shock,18,h_Q_15,1.32496626257095
shock,18,h_Q_16,1.13606980625214
shock,18,h_Q_17,1.05642904801573
shock,18,P_Q_1,0.3046097499
shock,18,P_Q_2,0.0812825075150471
shock,18,P_Q_3,0.0816832111003845
shock,18,P_Q_4,0.0827084132390017
shock,18,P_Q_5,0.063777378298809
shock,18,P_Q_6,0.0551499521943769
shock,18,P_Q_7,0.0582282214147476
shock,18,P_Q_8,0.0586305814524964
shock,18,P_Q_9,0.0551596756861765
shock,18,P_Q_10,0.0386761103374053
shock,18,P_Q_11,0.0337383344448971
shock,18,P_Q_12,0.0326288056693203
shock,18,P_Q_13,0.0218069940395757
shock,18,P_Q_14,0.01056599366893
shock,18,P_Q_15,0.00325267300858368
shock,18,P_Q_16,0.000583724376853996
shock,18,P_Q_17,5.91850288505332e-05
shock,18,L_Q,1.03071757543241
shock,18,beta_NQ_2,0.9894431000002
shock,18,beta_NQ_3,0.98689610028047
shock,18,beta_NQ_4,0.983239700000899
shock,18,beta_NQ_5,0.975920500101326
shock,18,beta_NQ_6,0.965115406054087
shock,18,beta_NQ_7,0.949608100535751
shock,18,beta_NQ_8,0.927954400058273
shock,18,beta_NQ_9,0.903296400579331
shock,18,beta_NQ_10,0.864080601801062
shock,18,beta_NQ_11,0.8029854137084
shock,18,beta_NQ_12,0.686370602963632
shock,18,beta_NQ_13,0.525801600415975
shock,18,beta_NQ_14,0.348146835606179
shock,18,beta_NQ_15,0.194711129513996
shock,18,beta_NQ_16,0.0917671042914821
shock,18,beta_NQ_17,0.039948965874027
shock,18,h_NQ_2,94.72477716
shock,18,h_NQ_3,76.31315868196
shock,18,h_NQ_4,59.664803138124
shock,18,h_NQ_5,41.529101511055
shock,18,h_NQ_6,28.6659442784806
shock,18,h_NQ_7,19.8444591337318
shock,18,h_NQ_8,13.8800981637358
shock,18,h_NQ_9,10.3408766527473
shock,18,h_NQ_10,7.35730146316503
shock,18,h_NQ_11,5.07576595705824
shock,18,h_NQ_12,3.1884765860835
shock,18,h_NQ_13,2.10882196207793
shock,18,h_NQ_14,1.53408373537725
shock,18,h_NQ_15,1.24179021360693
shock,18,h_NQ_16,1.10103917324319
shock,18,h_NQ_17,1.04160698357135
shock,18,P_NQ_1,0.7107560831
shock,18,P_NQ_2,0.189659181821719
shock,18,P_NQ_3,0.19059416280058
shock,18,P_NQ_4,0.192986297988188
shock,18,P_NQ_5,0.148813885815335
shock,18,P_NQ_6,0.128683219364096
shock,18,P_NQ_7,0.135865849113612
shock,18,P_NQ_8,0.136804691289197
shock,18,P_NQ_9,0.128705912216712
shock,18,P_NQ_10,0.0902442583876702
shock,18,P_NQ_11,0.0787227849633219
shock,18,P_NQ_12,0.0761338788174624
shock,18,P_NQ_13,0.0508829583601892
shock,18,P_NQ_14,0.024654005158245
shock,18,P_NQ_15,0.00758956493136915
shock,18,P_NQ_16,0.00136202224092288
shock,18,P_NQ_17,0.000138097432447068
shock,18,L_NQ,1.81754485059171
shock,18,pi_Q,0.3
shock,18,pi_NQ,0.7
shock,18,y,2.37913729761221
shock,18,nbar,5.70620584192479
shock,18,Ptot,3.27513836517652
shock,18,Pret,0.471039390866044
shock,18,H,229.345812456912
shock,18,cCheck,-4.44089209850063e-16
shock,18,shareq,0.3
shock,18,A,0.703033956
shock,18,A_Q,2
shock,18,xpop,1.015365833
shock,18,h_Q_1,100
shock,18,mig_Q_2,-0.229716381
shock,18,med_Q_2,178.4645711
shock,18,mig_Q_3,0.001109393
shock,18,med_Q_3,-49.07792642
shock,18,mig_Q_4,0.000313815
shock,18,med_Q_4,-59.620443
shock,18,mig_Q_5,-1.02706e-05
shock,18,med_Q_5,-38.94804426
shock,18,mig_Q_6,-0.000173255
shock,18,med_Q_6,-23.00094827
shock,18,mig_Q_7,-0.000251218
shock,18,med_Q_7,-14.67620115
shock,18,mig_Q_8,0.000177041
shock,18,med_Q_8,-11.17334643
shock,18,mig_Q_9,0.000449924
shock,18,med_Q_9,-6.711891317
shock,18,mig_Q_10,0.001074188
shock,18,med_Q_10,-4.64958995
shock,18,mig_Q_11,0.001860603
shock,18,med_Q_11,-3.090150205
shock,18,mig_Q_12,0.003658882
shock,18,med_Q_12,-1.789498656
shock,18,mig_Q_13,0.004107704
shock,18,med_Q_13,-1.045919975
shock,18,mig_Q_14,0.003060282
shock,18,med_Q_14,-0.561254165
shock,18,mig_Q_15,0.001315008
shock,18,med_Q_15,-0.285807119
shock,18,mig_Q_16,0.000295694
shock,18,med_Q_16,-0.131239144
shock,18,mig_Q_17,3.53312e-05
shock,18,med_Q_17,-0.046533641
shock,18,h_NQ_1,100
shock,18,mig_NQ_2,-0.530975994
shock,18,med_NQ_2,-3.27522284
shock,18,mig_NQ_3,0.00415521
shock,18,med_NQ_3,-16.32494772
shock,18,mig_NQ_4,0.002767053
shock,18,med_NQ_4,-16.03717825
shock,18,mig_NQ_5,0.002297045
shock,18,med_NQ_5,-14.40792937
shock,18,mig_NQ_6,0.002606818
shock,18,med_NQ_6,-8.666109092
shock,18,mig_NQ_7,0.00359109
shock,18,med_NQ_7,-4.735918706
shock,18,mig_NQ_8,0.005702794
shock,18,med_NQ_8,-3.791410139
shock,18,mig_NQ_9,0.007064494
shock,18,med_NQ_9,-2.377823335
shock,18,mig_NQ_10,0.007467126
shock,18,med_NQ_10,-1.899377754
shock,18,mig_NQ_11,0.009227528
shock,18,med_NQ_11,-1.460547934
shock,18,mig_NQ_12,0.015139796
shock,18,med_NQ_12,-1.223257
shock,18,mig_NQ_13,0.015269715
shock,18,med_NQ_13,-0.729200238
shock,18,mig_NQ_14,0.010261568
shock,18,med_NQ_14,-0.397398318
shock,18,mig_NQ_15,0.004028409
shock,18,med_NQ_15,-0.203239385
shock,18,mig_NQ_16,0.000850613
shock,18,med_NQ_16,-0.091998601
shock,18,mig_NQ_17,9.67484e-05
shock,18,med_NQ_17,-0.029236285
shock,19,beta_Q_2,0.996112200002019
shock,19,beta_Q_3,0.995198400000949
shock,19,beta_Q_4,0.993417000005918
shock,19,beta_Q_5,0.990831500017762
shock,19,beta_Q_6,0.987090300006913
shock,19,beta_Q_7,0.98076870000953
shock,19,beta_Q_8,0.968726300002532
shock,19,beta_Q_9,0.951335011057293
shock,19,beta_Q_10,0.924336600000898
shock,19,beta_Q_11,0.877013799938162
shock,19,beta_Q_12,0.797342699853427
shock,19,beta_Q_13,0.661059819996658
shock,19,beta_Q_14,0.481390420888964
shock,19,beta_Q_15,0.289655300232739
shock,19,beta_Q_16,0.147666779862596
shock,19,beta_Q_17,0.0825551319466387
shock,19,h_Q_2,257.2148773
shock,19,h_Q_3,208.263912068
shock,19,h_Q_4,151.9064256348
shock,19,h_Q_5,109.069095271824
shock,19,h_Q_6,77.4611339175553
shock,19,h_Q_7,51.9985648649029
shock,19,h_Q_8,31.9757495940546
shock,19,h_Q_9,20.5486489268193
shock,19,h_Q_10,13.2164296081205
shock,19,h_Q_11,8.1309935545059
shock,19,h_Q_12,4.93443857811574
shock,19,h_Q_13,2.95037121461522
shock,19,h_Q_14,1.92823272519296
shock,19,h_Q_15,1.40776724327645
shock,19,h_Q_16,1.17324871231954
shock,19,h_Q_17,1.08998264412709
shock,19,P_Q_1,0.304206375
shock,19,P_Q_2,0.0843752879737753
shock,19,P_Q_3,0.0840883869147266
shock,19,P_Q_4,0.0833506750846026
shock,19,P_Q_5,0.0834729345136919
shock,19,P_Q_6,0.0638592827262049
shock,19,P_Q_7,0.0548095665327333
shock,19,P_Q_8,0.0571965031948342
shock,19,P_Q_9,0.0565060341916074
shock,19,P_Q_10,0.0519861808937078
shock,19,P_Q_11,0.0352513382485919
shock,19,P_Q_12,0.0285759962279203
shock,19,P_Q_13,0.0242772055436565
shock,19,P_Q_14,0.0129899930697368
shock,19,P_Q_15,0.00445065168883907
shock,19,P_Q_16,0.000837368472269033
shock,19,P_Q_17,8.22046681894642e-05
shock,19,L_Q,1.07077786297001
shock,19,beta_NQ_2,0.988462400031308
shock,19,beta_NQ_3,0.986035700002781
shock,19,beta_NQ_4,0.983041900315316
shock,19,beta_NQ_5,0.977549700016488
shock,19,beta_NQ_6,0.969548006130814
shock,19,beta_NQ_7,0.95810829998989
shock,19,beta_NQ_8,0.938648500014802
shock,19,beta_NQ_9,0.914904910233032
shock,19,beta_NQ_10,0.882886651706954
shock,19,beta_NQ_11,0.832672764376174
shock,19,beta_NQ_12,0.736273933328963
shock,19,beta_NQ_13,0.584975870162531
shock,19,beta_NQ_14,0.405078304537439
shock,19,beta_NQ_15,0.232303211906323
shock,19,beta_NQ_16,0.113939246759178
shock,19,beta_NQ_17,0.0621229938868753
shock,19,h_NQ_2,86.67313826
shock,19,h_NQ_3,71.6111799368
shock,19,h_NQ_4,58.9688703383208
shock,19,h_NQ_5,44.5428346153615
shock,19,h_NQ_6,32.8385656048339
shock,19,h_NQ_7,23.871077080911
shock,19,h_NQ_8,16.2995199830572
shock,19,h_NQ_9,11.7515579664611
shock,19,h_NQ_10,8.53873253969239
shock,19,h_NQ_11,5.97630752990173
shock,19,h_NQ_12,3.79180704091707
shock,19,h_NQ_13,2.40949804436183
shock,19,h_NQ_14,1.68089346983638
shock,19,h_NQ_15,1.3025901226697
shock,19,h_NQ_16,1.1285903413348
shock,19,h_NQ_17,1.06623755677833
shock,19,P_NQ_1,0.709814875
shock,19,P_NQ_2,0.196875672206464
shock,19,P_NQ_3,0.19620623292224
shock,19,P_NQ_4,0.194484910453965
shock,19,P_NQ_5,0.194770179445336
shock,19,P_NQ_6,0.149004994835153
shock,19,P_NQ_7,0.127888987511165
shock,19,P_NQ_8,0.13345850950263
shock,19,P_NQ_9,0.131847416223898
shock,19,P_NQ_10,0.121301090083572
shock,19,P_NQ_11,0.0822531231562311
shock,19,P_NQ_12,0.0666773273822516
shock,19,P_NQ_13,0.0566468123280977
shock,19,P_NQ_14,0.0303100559393809
shock,19,P_NQ_15,0.0103848541914058
shock,19,P_NQ_16,0.00195386039658393
shock,19,P_NQ_17,0.000191808380022294
shock,19,L_NQ,1.88745432848356
shock,19,pi_Q,0.3
shock,19,pi_NQ,0.7
shock,19,y,2.86196056174163
shock,19,nbar,5.96807145374534
shock,19,Ptot,3.43438669490348
shock,19,Pret,0.528169870670456
shock,19,H,236.099000249591
shock,19,cCheck,8.88178419700125e-16
shock,19,shareq,0.3
shock,19,A,0.819558266
shock,19,A_Q,2
shock,19,xpop,1.01402125
shock,19,h_Q_1,100
shock,19,mig_Q_2,-0.219132658
shock,19,med_Q_2,159.2148773
shock,19,mig_Q_3,0.00317934
shock,19,med_Q_3,-62.67136761
shock,19,mig_Q_4,0.002208166
shock,19,med_Q_4,-61.38744107
shock,19,mig_Q_5,0.0015846
shock,19,med_Q_5,-38.97834034
shock,19,mig_Q_6,0.00102639
shock,19,med_Q_6,-21.37601679
shock,19,mig_Q_7,0.00093681
shock,19,med_Q_7,-14.17696237
shock,19,mig_Q_8,0.00111957
shock,19,med_Q_8,-10.34114348
shock,19,mig_Q_9,0.001150299
shock,19,med_Q_9,-5.976693602
shock,19,mig_Q_10,0.001732015
shock,19,med_Q_10,-4.328812051
shock,19,mig_Q_11,0.002254547
shock,19,med_Q_11,-2.88855039
shock,19,mig_Q_12,0.003141057
shock,19,med_Q_12,-1.739351334
shock,19,mig_Q_13,0.00457096
shock,19,med_Q_13,-1.031562184
shock,19,mig_Q_14,0.003828454
shock,19,med_Q_14,-0.54621732
shock,19,mig_Q_15,0.001859193
shock,19,med_Q_15,-0.282235545
shock,19,mig_Q_16,0.000447788
shock,19,med_Q_16,-0.125218225
shock,19,mig_Q_17,5.10219e-05
shock,19,med_Q_17,-0.023365766
shock,19,h_NQ_1,100
shock,19,mig_NQ_2,-0.50637703
shock,19,med_NQ_2,-11.32686174
shock,19,mig_NQ_3,0.009032326
shock,19,med_NQ_3,-21.21910168
shock,19,mig_NQ_4,0.007085163
shock,19,med_NQ_4,-15.81802517
shock,19,mig_NQ_5,0.006430895
shock,19,med_NQ_5,-13.92867246
shock,19,mig_NQ_6,0.005382421
shock,19,med_NQ_6,-7.859953876
shock,19,mig_NQ_7,0.00569036
shock,19,med_NQ_7,-4.221548312
shock,19,mig_NQ_8,0.007381197
shock,19,med_NQ_8,-3.148049968
shock,19,mig_NQ_9,0.008272231
shock,19,med_NQ_9,-1.850938234
shock,19,mig_NQ_10,0.010088808
shock,19,med_NQ_10,-1.59532658
shock,19,mig_NQ_11,0.0097883
shock,19,med_NQ_11,-1.233847904
shock,19,mig_NQ_12,0.012644322
shock,19,med_NQ_12,-1.182443597
shock,19,mig_NQ_13,0.016615497
shock,19,med_NQ_13,-0.71520901
shock,19,mig_NQ_14,0.012595315
shock,19,med_NQ_14,-0.385752053
shock,19,mig_NQ_15,0.005584445
shock,19,med_NQ_15,-0.200811938
shock,19,mig_NQ_16,0.001257388
shock,19,med_NQ_16,-0.088364068
shock,19,mig_NQ_17,0.000137397
shock,19,med_NQ_17,-0.012780833
shock,20,beta_Q_2,0.99686690000089
shock,20,beta_Q_3,0.995923099999867
shock,20,beta_Q_4,0.994020400065491
shock,20,beta_Q_5,0.991077199999568
shock,20,beta_Q_6,0.987600799999601
shock,20,beta_Q_7,0.982250200053892
shock,20,beta_Q_8,0.971854300674659
shock,20,beta_Q_9,0.95534820019508
shock,20,beta_Q_10,0.928243700006788
shock,20,beta_Q_11,0.884935700056105
shock,20,beta_Q_12,0.811040599997013
shock,20,beta_Q_13,0.682805199770887
shock,20,beta_Q_14,0.498147923475038
shock,20,beta_Q_15,0.311240966334781
shock,20,beta_Q_16,0.15924903071576
shock,20,beta_Q_17,0.10149318000479
shock,20,h_Q_2,319.1727044
shock,20,h_Q_3,245.284407262
shock,20,h_Q_4,167.23526660664
shock,20,h_Q_5,112.072443622104
shock,20,h_Q_6,80.6503645363875
shock,20,h_Q_7,56.3386630092042
shock,20,h_Q_8,35.5294059376048
shock,20,h_Q_9,22.3955137331735
shock,20,h_Q_10,13.9360585762829
shock,20,h_Q_11,8.69079288695808
shock,20,h_Q_12,5.29214211741578
shock,20,h_Q_13,3.15263679855343
shock,20,h_Q_14,1.99261655732291
shock,20,h_Q_15,1.4518851826891
shock,20,h_Q_16,1.18941279941092
shock,20,h_Q_17,1.11295738707314
shock,20,P_Q_1,0.2986466736
shock,20,P_Q_2,0.0830792994558893
shock,20,P_Q_3,0.0855906775911205
shock,20,P_Q_4,0.0844860560641646
shock,20,P_Q_5,0.0831130224215699
shock,20,P_Q_6,0.0824548264715775
shock,20,P_Q_7,0.0628632507029211
shock,20,P_Q_8,0.0534285085919974
shock,20,P_Q_9,0.0548544919992961
shock,20,P_Q_10,0.0528876515242048
shock,20,P_Q_11,0.0471929850498633
shock,20,P_Q_12,0.0303438642125786
shock,20,P_Q_13,0.0217427779226542
shock,20,P_Q_14,0.0151596551946687
shock,20,P_Q_15,0.00582143134263581
shock,20,P_Q_16,0.00123747840318089
shock,20,P_Q_17,0.000130289864716125
shock,20,L_Q,1.09457913239884
shock,20,beta_NQ_2,0.990822700003447
shock,20,beta_NQ_3,0.988329599999868
shock,20,beta_NQ_4,0.984818300533219
shock,20,beta_NQ_5,0.978250100003701
shock,20,beta_NQ_6,0.970782499999416
shock,20,beta_NQ_7,0.96136910009016
shock,20,beta_NQ_8,0.944761001225175
shock,20,beta_NQ_9,0.921664700262691
shock,20,beta_NQ_10,0.888475800048907
shock,20,beta_NQ_11,0.842666999930868
shock,20,beta_NQ_12,0.752367100266578
shock,20,beta_NQ_13,0.608120299855312
shock,20,beta_NQ_14,0.421178745216301
shock,20,beta_NQ_15,0.250690372101995
shock,20,beta_NQ_16,0.122887109925889
shock,20,beta_NQ_17,0.0762592502847983
shock,20,h_NQ_2,108.96451026
shock,20,h_NQ_3,85.6868659158
shock,20,h_NQ_4,65.868776223064
shock,20,h_NQ_5,45.9772228915544
shock,20,h_NQ_6,34.2260631460543
shock,20,h_NQ_7,25.8860135217372
shock,20,h_NQ_8,18.1031517532928
shock,20,h_NQ_9,12.765636951396
shock,20,h_NQ_10,8.96666374113188
shock,20,h_NQ_11,6.35594566489854
shock,20,h_NQ_12,4.03823563330369
shock,20,h_NQ_13,2.55180352409873
shock,20,h_NQ_14,1.72764803147459
shock,20,h_NQ_15,1.33456130843965
shock,20,h_NQ_16,1.14010408521631
shock,20,h_NQ_17,1.0825547595081
shock,20,P_NQ_1,0.6968422384
shock,20,P_NQ_2,0.193851697920423
shock,20,P_NQ_3,0.199711581257618
shock,20,P_NQ_4,0.197134128065588
shock,20,P_NQ_5,0.193930387872007
shock,20,P_NQ_6,0.192394595134967
shock,20,P_NQ_7,0.146680920291511
shock,20,P_NQ_8,0.124666518295766
shock,20,P_NQ_9,0.127993815656338
shock,20,P_NQ_10,0.12340452784613
shock,20,P_NQ_11,0.110116985001731
shock,20,P_NQ_12,0.0708023845148298
shock,20,P_NQ_13,0.0507331406055446
shock,20,P_NQ_14,0.0353725276953163
shock,20,P_NQ_15,0.0135834873477785
shock,20,P_NQ_16,0.00288744246427267
shock,20,P_NQ_17,0.000304007657472791
shock,20,L_NQ,1.9282720444666
shock,20,pi_Q,0.3
shock,20,pi_NQ,0.7
shock,20,y,3.13577722177972
shock,20,nbar,6.13449117764545
shock,20,Ptot,3.54344332644033
shock,20,Pret,0.581720636647578
shock,20,H,258.231395724349
shock,20,cCheck,4.44089209850063e-16
shock,20,shareq,0.3
shock,20,A,0.880846471
shock,20,A_Q,2
shock,20,xpop,0.995488912
shock,20,h_Q_1,100
shock,20,mig_Q_2,-0.219944382
shock,20,med_Q_2,221.1727044
shock,20,mig_Q_3,0.001620526
shock,20,med_Q_3,-6.786172492
shock,20,mig_Q_4,0.000951223
shock,20,med_Q_4,-36.86336722
shock,20,mig_Q_5,0.000526548
shock,20,med_Q_5,-36.7958535
shock,20,mig_Q_6,5.95025e-05
shock,20,med_Q_6,-26.23734883
shock,20,mig_Q_7,0.000232065
shock,20,med_Q_7,-19.57324823
shock,20,mig_Q_8,0.00033304
shock,20,med_Q_8,-15.42918763
shock,20,mig_Q_9,0.000441456
shock,20,med_Q_9,-8.940720869
shock,20,mig_Q_10,0.000657056
shock,20,med_Q_10,-6.201617372
shock,20,mig_Q_11,0.001600387
shock,20,med_Q_11,-4.261308129
shock,20,mig_Q_12,0.002236467
shock,20,med_Q_12,-2.676231566
shock,20,mig_Q_13,0.002852335
shock,20,med_Q_13,-1.683113008
shock,20,mig_Q_14,0.003472841
shock,20,med_Q_14,-0.898747233
shock,20,mig_Q_15,0.002058811
shock,20,med_Q_15,-0.437782888
shock,20,mig_Q_16,0.000580265
shock,20,med_Q_16,-0.190199099
shock,20,mig_Q_17,6.11608e-05
shock,20,med_Q_17,-0.036826351
shock,20,h_NQ_1,100
shock,20,mig_NQ_2,-0.507773617
shock,20,med_NQ_2,10.96451026
shock,20,mig_NQ_3,0.00558514
shock,20,med_NQ_3,0.747190421
shock,20,mig_NQ_4,0.00425518
shock,20,med_NQ_4,-4.310180115
shock,20,mig_NQ_5,0.003811722
shock,20,med_NQ_5,-11.81227004
shock,20,mig_NQ_6,0.003555556
shock,20,med_NQ_6,-9.425914777
shock,20,mig_NQ_7,0.003917998
shock,20,med_NQ_7,-6.295780771
shock,20,mig_NQ_8,0.004623712
shock,20,med_NQ_8,-5.290503786
shock,20,mig_NQ_9,0.00589197
shock,20,med_NQ_9,-3.207892632
shock,20,mig_NQ_10,0.006998204
shock,20,med_NQ_10,-2.549863066
shock,20,mig_NQ_11,0.009112871
shock,20,med_NQ_11,-2.012012224
shock,20,mig_NQ_12,0.010241554
shock,20,med_NQ_12,-1.818545746
shock,20,mig_NQ_13,0.011728513
shock,20,med_NQ_13,-1.164167376
shock,20,mig_NQ_14,0.012426133
shock,20,med_NQ_14,-0.633660052
shock,20,mig_NQ_15,0.006542364
shock,20,med_NQ_15,-0.312714292
shock,20,mig_NQ_16,0.0017042
shock,20,med_NQ_16,-0.136434235
shock,20,mig_NQ_17,0.000182628
shock,20,med_NQ_17,-0.023463775
shock,21,beta_Q_2,0.997947299999981
shock,21,beta_Q_3,0.997289700000371
shock,21,beta_Q_4,0.995694699999859
shock,21,beta_Q_5,0.992675200002161
shock,21,beta_Q_6,0.988263100000314
shock,21,beta_Q_7,0.983035299999275
shock,21,beta_Q_8,0.975710000020468
shock,21,beta_Q_9,0.963067400033811
shock,21,beta_Q_10,0.942124400015136
shock,21,beta_Q_11,0.902773200004358
shock,21,beta_Q_12,0.83872012138729
shock,21,beta_Q_13,0.721246836124307
shock,21,beta_Q_14,0.542904303027185
shock,21,beta_Q_15,0.338483501623465
shock,21,beta_Q_16,0.208098202732715
shock,21,beta_Q_17,0.124041184802996
shock,21,h_Q_2,487.1632484
shock,21,h_Q_3,368.962845492
shock,21,h_Q_4,232.27185096676
shock,21,h_Q_5,136.522498944507
shock,21,h_Q_6,85.2013734396619
shock,21,h_Q_7,58.9459288956597
shock,21,h_Q_8,41.1692054690201
shock,21,h_Q_9,27.0763499158527
shock,21,h_Q_10,17.27843858451
shock,21,h_Q_11,10.2852299987573
shock,21,h_Q_12,6.20039682521891
shock,21,h_Q_13,3.58740275906747
shock,21,h_Q_14,2.18772567358236
shock,21,h_Q_15,1.51167374817645
shock,21,h_Q_16,1.26278283903532
shock,21,h_Q_17,1.1416056824227
shock,21,P_Q_1,0.3
shock,21,P_Q_2,0.0779479507072097
shock,21,P_Q_3,0.0843684854599265
shock,21,P_Q_4,0.086304972581002
shock,21,P_Q_5,0.0844090928830788
shock,21,P_Q_6,0.0824385544339272
shock,21,P_Q_7,0.081464236797116
shock,21,P_Q_8,0.0617844325500232
shock,21,P_Q_9,0.051761339522472
shock,21,P_Q_10,0.0520161616154193
shock,21,P_Q_11,0.0485687309258955
shock,21,P_Q_12,0.0410272339104912
shock,21,P_Q_13,0.0238991852654904
shock,21,P_Q_14,0.0137862526727491
shock,21,P_Q_15,0.00693893173209077
shock,21,P_Q_16,0.0016386242986931
shock,21,P_Q_17,0.000202575818326078
shock,21,L_Q,1.12415990294596
shock,21,beta_NQ_2,0.987508100006902
shock,21,beta_NQ_3,0.983809800022365
shock,21,beta_NQ_4,0.979681400004373
shock,21,beta_NQ_5,0.970792700009611
shock,21,beta_NQ_6,0.959805900050643
shock,21,beta_NQ_7,0.950309499996999
shock,21,beta_NQ_8,0.9389679003774
shock,21,beta_NQ_9,0.920657802025191
shock,21,beta_NQ_10,0.892753200037244
shock,21,beta_NQ_11,0.845000008029515
shock,21,beta_NQ_12,0.757092334522423
shock,21,beta_NQ_13,0.613769218079616
shock,21,beta_NQ_14,0.427249906787381
shock,21,beta_NQ_15,0.245702599148123
shock,21,beta_NQ_16,0.142008612502477
shock,21,beta_NQ_17,0.0792838006000935
shock,21,h_NQ_2,80.05187361
shock,21,h_NQ_3,61.7657595348
shock,21,h_NQ_4,49.215989287484
shock,21,h_NQ_5,34.2380158386027
shock,21,h_NQ_6,24.8792733337233
shock,21,h_NQ_7,20.1245710931332
shock,21,h_NQ_8,16.3848204403024
shock,21,h_NQ_9,12.6036333702269
shock,21,h_NQ_10,9.32428753436811
shock,21,h_NQ_11,6.45161290630924
shock,21,h_NQ_12,4.11679003560057
shock,21,h_NQ_13,2.58912546863762
shock,21,h_NQ_14,1.74596215561676
shock,21,h_NQ_15,1.3257370328451
shock,21,h_NQ_16,1.16551257727086
shock,21,h_NQ_17,1.08611100851198
shock,21,P_NQ_1,0.7
shock,21,P_NQ_2,0.181878552127933
shock,21,P_NQ_3,0.196859798064987
shock,21,P_NQ_4,0.20137827105093
shock,21,P_NQ_5,0.196954549494304
shock,21,P_NQ_6,0.192356628764244
shock,21,P_NQ_7,0.190083218787113
shock,21,P_NQ_8,0.144163678115238
shock,21,P_NQ_9,0.120776457217861
shock,21,P_NQ_10,0.121371045766577
shock,21,P_NQ_11,0.113327046257984
shock,21,P_NQ_12,0.0957302286958505
shock,21,P_NQ_13,0.0557647853016294
shock,21,P_NQ_14,0.0321679055011255
shock,21,P_NQ_15,0.016190825130127
shock,21,P_NQ_16,0.00382347250288337
shock,21,P_NQ_17,0.000472674197565924
shock,21,L_NQ,1.97967973430105
shock,21,pi_Q,0.3
shock,21,pi_NQ,0.7
shock,21,y,3.67237843165909
shock,21,nbar,6.41309619628984
shock,21,Ptot,3.66185589815026
shock,21,Pret,0.626925679592898
shock,21,H,272.311788865894
shock,21,cCheck,-4.44089209850063e-16
shock,21,shareq,0.3
shock,21,A,1
shock,21,A_Q,2
shock,21,xpop,1
shock,21,h_Q_1,100
shock,21,mig_Q_2,-0.219763033
shock,21,med_Q_2,389.1632484
shock,21,mig_Q_3,0.001627892
shock,21,med_Q_3,56.17359518
shock,21,mig_Q_4,0.001226093
shock,21,med_Q_4,-8.10686815
shock,21,mig_Q_5,0.000676889
shock,21,med_Q_5,-27.36806233
shock,21,mig_Q_6,0.000356067
shock,21,med_Q_6,-24.62962131
shock,21,mig_Q_7,0.000472967
shock,21,med_Q_7,-20.09142835
shock,21,mig_Q_8,0.000690512
shock,21,med_Q_8,-14.04268428
shock,21,mig_Q_9,0.00071851
shock,21,med_Q_9,-7.742467903
shock,21,mig_Q_10,0.001097825
shock,21,med_Q_10,-4.669164874
shock,21,mig_Q_11,0.00176656
shock,21,med_Q_11,-3.372107406
shock,21,mig_Q_12,0.002751807
shock,21,med_Q_12,-2.316580204
shock,21,mig_Q_13,0.003180237
shock,21,med_Q_13,-1.598896516
shock,21,mig_Q_14,0.002955133
shock,21,med_Q_14,-0.901858389
shock,21,mig_Q_15,0.002220626
shock,21,med_Q_15,-0.441090478
shock,21,mig_Q_16,0.000711567
shock,21,med_Q_16,-0.16006464
shock,21,mig_Q_17,7.69802e-05
shock,21,med_Q_17,-0.024018861
shock,21,h_NQ_1,100
shock,21,mig_NQ_2,-0.508568556
shock,21,med_NQ_2,-17.94812639
shock,21,mig_NQ_3,0.005270427
shock,21,med_NQ_3,-45.01946052
shock,21,mig_NQ_4,0.004698651
shock,21,med_NQ_4,-34.75713931
shock,21,mig_NQ_5,0.004108069
shock,21,med_NQ_5,-30.31338486
shock,21,mig_NQ_6,0.004092402
shock,21,med_NQ_6,-20.1784051
shock,21,mig_NQ_7,0.005121
shock,21,med_NQ_7,-13.41697079
shock,21,mig_NQ_8,0.005585265
shock,21,med_NQ_8,-8.983472811
shock,21,mig_NQ_9,0.005875728
shock,21,med_NQ_9,-5.137455348
shock,21,mig_NQ_10,0.007651638
shock,21,med_NQ_10,-3.186036678
shock,21,mig_NQ_11,0.009338123
shock,21,med_NQ_11,-2.33571756
shock,21,mig_NQ_12,0.012881832
shock,21,med_NQ_12,-2.112036716
shock,21,mig_NQ_13,0.012708418
shock,21,med_NQ_13,-1.368345452
shock,21,mig_NQ_14,0.010800185
shock,21,med_NQ_14,-0.754805298
shock,21,mig_NQ_15,0.007323273
shock,21,med_NQ_15,-0.367358038
shock,21,mig_NQ_16,0.002154237
shock,21,med_NQ_16,-0.142357505
shock,21,mig_NQ_17,0.00025248
shock,21,med_NQ_17,-0.031190995
shock,22,beta_Q_2,0.998280799999971
shock,22,beta_Q_3,0.997731699999976
shock,22,beta_Q_4,0.996375300000702
shock,22,beta_Q_5,0.993893399999639
shock,22,beta_Q_6,0.989472500323064
shock,22,beta_Q_7,0.983741699997244
shock,22,beta_Q_8,0.977087400001782
shock,22,beta_Q_9,0.966488200428574
shock,22,beta_Q_10,0.950223624515064
shock,22,beta_Q_11,0.916742552309607
shock,22,beta_Q_12,0.858567121265618
shock,22,beta_Q_13,0.752188914642618
shock,22,beta_Q_14,0.577905800097401
shock,22,beta_Q_15,0.365396350457373
shock,22,beta_Q_16,0.191576039975639
shock,22,beta_Q_17,0.185962103794283
shock,22,h_Q_2,581.6658911
shock,22,h_Q_3,440.858792922
shock,22,h_Q_4,275.88490087216
shock,22,h_Q_5,163.757246247425
shock,22,h_Q_6,94.989313735617
shock,22,h_Q_7,61.5070456208687
shock,22,h_Q_8,43.6441084777465
shock,22,h_Q_9,29.8402354096397
shock,22,h_Q_10,20.0898417965357
shock,22,h_Q_11,12.0109299488199
shock,22,h_Q_12,7.07049067078214
shock,22,h_Q_13,4.03533175071454
shock,22,h_Q_14,2.36913939588612
shock,22,h_Q_15,1.57578161911071
shock,22,h_Q_16,1.23697450221292
shock,22,h_Q_17,1.22844403625461
shock,22,P_Q_1,0.3043458798
shock,22,P_Q_2,0.0753739649999943
shock,22,P_Q_3,0.0801695203764368
shock,22,P_Q_4,0.086004067819464
shock,22,P_Q_5,0.0869474759180272
shock,22,P_Q_6,0.0841801138008459
shock,22,P_Q_7,0.0816496550894621
shock,22,P_Q_8,0.0803410254869814
shock,22,P_Q_9,0.0601671518185152
shock,22,P_Q_10,0.0494825009415887
shock,22,P_Q_11,0.0483919356734959
shock,22,P_Q_12,0.0430212338977937
shock,22,P_Q_13,0.0330275316528737
shock,22,P_Q_14,0.0161896095194786
shock,22,P_Q_15,0.00656592607893797
shock,22,P_Q_16,0.00204585822233309
shock,22,P_Q_17,0.000275074799456871
shock,22,L_Q,1.16044123385281
shock,22,beta_NQ_2,0.989546300000006
shock,22,beta_NQ_3,0.986403899999229
shock,22,beta_NQ_4,0.982873300000434
shock,22,beta_NQ_5,0.975717099998542
shock,22,beta_NQ_6,0.964047001348653
shock,22,beta_NQ_7,0.952375900018
shock,22,beta_NQ_8,0.942323100000106
shock,22,beta_NQ_9,0.927806100634132
shock,22,beta_NQ_10,0.907065229359897
shock,22,beta_NQ_11,0.865680642477568
shock,22,beta_NQ_12,0.783567210970732
shock,22,beta_NQ_13,0.649617903700812
shock,22,beta_NQ_14,0.461536900963361
shock,22,beta_NQ_15,0.268777224537005
shock,22,beta_NQ_16,0.131445915791123
shock,22,beta_NQ_17,0.121206750107924
shock,22,h_NQ_2,95.659909888
shock,22,h_NQ_3,73.5505034488
shock,22,h_NQ_4,58.388364368104
shock,22,h_NQ_5,41.1812427647343
shock,22,h_NQ_6,27.8140906188307
shock,22,h_NQ_7,20.9977721440488
shock,22,h_NQ_8,17.3379637232705
shock,22,h_NQ_9,13.8515857924964
shock,22,h_NQ_10,10.7602318998224
shock,22,h_NQ_11,7.44494094268074
shock,22,h_NQ_12,4.62037177618305
shock,22,h_NQ_13,2.85402707088856
shock,22,h_NQ_14,1.85713747426486
shock,22,h_NQ_15,1.36757092650442
shock,22,h_NQ_16,1.1513387551882
shock,22,h_NQ_17,1.13791818872544
shock,22,P_NQ_1,0.7101403862
shock,22,P_NQ_2,0.175872585004831
shock,22,P_NQ_3,0.187062214997339
shock,22,P_NQ_4,0.200676156572885
shock,22,P_NQ_5,0.202877445476799
shock,22,P_NQ_6,0.196420263646449
shock,22,P_NQ_7,0.190515864702057
shock,22,P_NQ_8,0.187462392841514
shock,22,P_NQ_9,0.140390023025442
shock,22,P_NQ_10,0.115459166670406
shock,22,P_NQ_11,0.112914517647308
shock,22,P_NQ_12,0.100382875015988
shock,22,P_NQ_13,0.077064247613235
shock,22,P_NQ_14,0.0377757643221395
shock,22,P_NQ_15,0.0153204229907777
shock,22,P_NQ_16,0.00477366761199957
shock,22,P_NQ_17,0.000641841431518546
shock,22,L_NQ,2.04365524095332
shock,22,pi_Q,0.3
shock,22,pi_NQ,0.7
shock,22,y,4.20403554094639
shock,22,nbar,6.69087371399402
shock,22,Ptot,3.79392836166637
shock,22,Pret,0.663332174089331
shock,22,H,302.232960706092
shock,22,cCheck,0
shock,22,shareq,0.3
shock,22,A,1.111292532
shock,22,A_Q,2
shock,22,xpop,1.014486266
shock,22,h_Q_1,100
shock,22,mig_Q_2,-0.224010225
shock,22,med_Q_2,483.6658911
shock,22,mig_Q_3,0.002432832
shock,22,med_Q_3,-36.56119051
shock,22,mig_Q_4,0.001998814
shock,22,med_Q_4,-85.69868771
shock,22,mig_Q_5,0.00127467
shock,22,med_Q_5,-63.8691677
shock,22,mig_Q_6,0.000761722
shock,22,med_Q_6,-38.80273523
shock,22,mig_Q_7,0.000609646
shock,22,med_Q_7,-21.99030035
shock,22,mig_Q_8,0.000855555
shock,22,med_Q_8,-14.12290184
shock,22,mig_Q_9,0.000664579
shock,22,med_Q_9,-10.50558595
shock,22,mig_Q_10,0.00071688
shock,22,med_Q_10,-6.444981121
shock,22,mig_Q_11,0.001433139
shock,22,med_Q_11,-4.921939864
shock,22,mig_Q_12,0.002285662
shock,22,med_Q_12,-3.009034728
shock,22,mig_Q_13,0.003436769
shock,22,med_Q_13,-2.041057138
shock,22,mig_Q_14,0.003214639
shock,22,med_Q_14,-1.146515308
shock,22,mig_Q_15,0.001899507
shock,22,med_Q_15,-0.568189541
shock,22,mig_Q_16,0.000601879
shock,22,med_Q_16,-0.244465771
shock,22,mig_Q_17,7.18179e-05
shock,22,med_Q_17,-0.009083146
shock,22,h_NQ_1,100
shock,22,mig_NQ_2,-0.515383085
shock,22,med_NQ_2,-2.340090112
shock,22,mig_NQ_3,0.008128313
shock,22,med_NQ_3,-4.900332689
shock,22,mig_NQ_4,0.007816274
shock,22,med_NQ_4,-2.142079976
shock,22,mig_NQ_5,0.00738089
shock,22,med_NQ_5,-7.050426737
shock,22,mig_NQ_6,0.007382125
shock,22,med_NQ_6,-5.739164903
shock,22,mig_NQ_7,0.007717533
shock,22,med_NQ_7,-3.383915723
shock,22,mig_NQ_8,0.008980352
shock,22,med_NQ_8,-2.384115948
shock,22,mig_NQ_9,0.007664608
shock,22,med_NQ_9,-2.205538239
shock,22,mig_NQ_10,0.007635598
shock,22,med_NQ_10,-1.591328803
shock,22,mig_NQ_11,0.010355983
shock,22,med_NQ_11,-1.692860841
shock,22,mig_NQ_12,0.014583837
shock,22,med_NQ_12,-1.702208872
shock,22,mig_NQ_13,0.01830798
shock,22,med_NQ_13,-1.180427164
shock,22,mig_NQ_14,0.013950265
shock,22,med_NQ_14,-0.680205485
shock,22,mig_NQ_15,0.007416685
shock,22,med_NQ_15,-0.343471986
shock,22,mig_NQ_16,0.002474431
shock,22,med_NQ_16,-0.147883537
shock,22,mig_NQ_17,0.000338702
shock,22,med_NQ_17,-0.004284137
shock,23,beta_Q_2,0.998437700016199
shock,23,beta_Q_3,0.998043699999944
shock,23,beta_Q_4,0.996854699999507
shock,23,beta_Q_5,0.994779900001327
shock,23,beta_Q_6,0.991028999998848
shock,23,beta_Q_7,0.985176100121917
shock,23,beta_Q_8,0.97780249999603
shock,23,beta_Q_9,0.968116499992645
shock,23,beta_Q_10,0.954185100205531
shock,23,beta_Q_11,0.926734308891795
shock,23,beta_Q_12,0.875713916351136
shock,23,beta_Q_13,0.773751701546988
shock,23,beta_Q_14,0.603063500074324
shock,23,beta_Q_15,0.383542360896424
shock,23,beta_Q_16,0.199860006922652
shock,23,beta_Q_17,0.126764098806548
shock,23,h_Q_2,640.0819305
shock,23,h_Q_3,511.169043588
shock,23,h_Q_4,317.93469616356
shock,23,h_Q_5,191.567211404717
shock,23,h_Q_6,111.470293152476
shock,23,h_Q_7,67.4586310309047
shock,23,h_Q_8,45.0501182484513
shock,23,h_Q_9,31.3641852281916
shock,23,h_Q_10,21.8269602544469
shock,23,h_Q_11,13.648951715605
shock,23,h_Q_12,8.04595204384345
shock,23,h_Q_13,4.4199227133665
shock,23,h_Q_14,2.51929464770024
shock,23,h_Q_15,1.6221702609684
shock,23,h_Q_16,1.2497812847285
shock,23,h_Q_17,1.14516592616867
shock,23,P_Q_1,0.3077841666
shock,23,P_Q_2,0.075935203363439
shock,23,P_Q_3,0.077418532235183
shock,23,P_Q_4,0.0820643909159847
shock,23,P_Q_5,0.0867295713788866
shock,23,P_Q_6,0.0866535193933899
shock,23,P_Q_7,0.0832293902564056
shock,23,P_Q_8,0.0800970432024048
shock,23,P_Q_9,0.0776902875434989
shock,23,P_Q_10,0.0572552912777376
shock,23,P_Q_11,0.0460322822078545
shock,23,P_Q_12,0.0431010799036644
shock,23,P_Q_13,0.0350225232321677
shock,23,P_Q_14,0.0226562281050962
shock,23,P_Q_15,0.00835774423374745
shock,23,P_Q_16,0.00203479611697571
shock,23,P_Q_17,0.000373700419089895
shock,23,L_Q,1.18285682036485
shock,23,beta_NQ_2,0.990472600076074
shock,23,beta_NQ_3,0.988217199999898
shock,23,beta_NQ_4,0.985088499999103
shock,23,beta_NQ_5,0.979207900000741
shock,23,beta_NQ_6,0.969464399997845
shock,23,beta_NQ_7,0.956664600400181
shock,23,beta_NQ_8,0.944183200024705
shock,23,beta_NQ_9,0.931204399992527
shock,23,beta_NQ_10,0.914147900140892
shock,23,beta_NQ_11,0.88096120871536
shock,23,beta_NQ_12,0.807341310491864
shock,23,beta_NQ_13,0.675434200748707
shock,23,beta_NQ_14,0.486570798834349
shock,23,beta_NQ_15,0.283754838344068
shock,23,beta_NQ_16,0.137884601826712
shock,23,beta_NQ_17,0.0815321951115927
shock,23,h_NQ_2,104.960429918
shock,23,h_NQ_3,84.86947075324
shock,23,h_NQ_4,67.062334435824
shock,23,h_NQ_5,48.0951900017419
shock,23,h_NQ_6,32.7486605774396
shock,23,h_NQ_7,23.0758225384541
shock,23,h_NQ_8,17.9157529711678
shock,23,h_NQ_9,14.5358133348051
shock,23,h_NQ_10,11.6479387166465
shock,23,h_NQ_11,8.40062231382592
shock,23,h_NQ_12,5.19052604782713
shock,23,h_NQ_13,3.08103934765939
shock,23,h_NQ_14,1.94768820647079
shock,23,h_NQ_15,1.39616972277957
shock,23,h_NQ_16,1.15993751997433
shock,23,h_NQ_17,1.08876599908443
shock,23,P_NQ_1,0.7181630554
shock,23,P_NQ_2,0.177182140644785
shock,23,P_NQ_3,0.180643240751711
shock,23,P_NQ_4,0.191483580559826
shock,23,P_NQ_5,0.202368999530148
shock,23,P_NQ_6,0.202191544953183
shock,23,P_NQ_7,0.19420190737206
shock,23,P_NQ_8,0.186893102225243
shock,23,P_NQ_9,0.181277337717829
shock,23,P_NQ_10,0.133595682435414
shock,23,P_NQ_11,0.107408654583162
shock,23,P_NQ_12,0.100569185671007
shock,23,P_NQ_13,0.0817192148353464
shock,23,P_NQ_14,0.0528645340184855
shock,23,P_NQ_15,0.0195013550892687
shock,23,P_NQ_16,0.00474784203033016
shock,23,P_NQ_17,0.000871989737345923
shock,23,L_NQ,2.08340799861156
shock,23,pi_Q,0.3
shock,23,pi_NQ,0.7
shock,23,y,4.49120456468571
shock,23,nbar,6.96425802399518
shock,23,Ptot,3.90811911794067
shock,23,Pret,0.716112103896693
shock,23,H,328.38673445958
shock,23,cCheck,4.44089209850063e-16
shock,23,shareq,0.3
shock,23,A,1.154384374
shock,23,A_Q,2
shock,23,xpop,1.025947222
shock,23,h_Q_1,100
shock,23,mig_Q_2,-0.227887445
shock,23,med_Q_2,542.0819305
shock,23,mig_Q_3,0.002215538
shock,23,med_Q_3,-58.86352969
shock,23,mig_Q_4,0.002185461
shock,23,med_Q_4,-114.1069209
shock,23,mig_Q_5,0.001250696
shock,23,med_Q_5,-78.79999145
shock,23,mig_Q_6,0.000621383
shock,23,med_Q_6,-49.01180817
shock,23,mig_Q_7,0.000417902
shock,23,med_Q_7,-25.63089643
shock,23,mig_Q_8,0.000318194
shock,23,med_Q_8,-15.22678646
shock,23,mig_Q_9,4.16344e-05
shock,23,med_Q_9,-11.40704108
shock,23,mig_Q_10,8.30422e-05
shock,23,med_Q_10,-7.416470447
shock,23,mig_Q_11,0.000669568
shock,23,med_Q_11,-6.039093245
shock,23,mig_Q_12,0.001553355
shock,23,med_Q_12,-3.724759306
shock,23,mig_Q_13,0.002662428
shock,23,med_Q_13,-2.509158144
shock,23,mig_Q_14,0.003569426
shock,23,med_Q_14,-1.435330468
shock,23,mig_Q_15,0.00244212
shock,23,med_Q_15,-0.699586347
shock,23,mig_Q_16,0.000776922
shock,23,med_Q_16,-0.294484702
shock,23,mig_Q_17,-6.75168e-06
shock,23,med_Q_17,-0.067069086
shock,23,h_NQ_1,100
shock,23,mig_NQ_2,-0.525534651
shock,23,med_NQ_2,6.960429918
shock,23,mig_NQ_3,0.007161837
shock,23,med_NQ_3,-8.877240937
shock,23,mig_NQ_4,0.007625124
shock,23,med_NQ_4,-5.017158944
shock,23,mig_NQ_5,0.006565842
shock,23,med_NQ_5,-9.125407079
shock,23,mig_NQ_6,0.006608152
shock,23,med_NQ_6,-7.608957332
shock,23,mig_NQ_7,0.007135982
shock,23,med_NQ_7,-4.181986268
shock,23,mig_NQ_8,0.007365602
shock,23,med_NQ_8,-2.66206373
shock,23,mig_NQ_9,0.007348586
shock,23,med_NQ_9,-2.455391114
shock,23,mig_NQ_10,0.006252774
shock,23,med_NQ_10,-1.92661536
shock,23,mig_NQ_11,0.007457889
shock,23,med_NQ_11,-2.144404948
shock,23,mig_NQ_12,0.012093072
shock,23,med_NQ_12,-2.105516076
shock,23,mig_NQ_13,0.016508702
shock,23,med_NQ_13,-1.446924993
shock,23,mig_NQ_14,0.01729654
shock,23,med_NQ_14,-0.849258323
shock,23,mig_NQ_15,0.00934809
shock,23,med_NQ_15,-0.423825002
shock,23,mig_NQ_16,0.002734035
shock,23,med_NQ_16,-0.180281988
shock,23,mig_NQ_17,0.000293389
shock,23,med_NQ_17,-0.039545981
shock,24,beta_Q_2,0.998567900006669
shock,24,beta_Q_3,0.998121900000046
shock,24,beta_Q_4,0.99717630000021
shock,24,beta_Q_5,0.995330300172894
shock,24,beta_Q_6,0.992001400384707
shock,24,beta_Q_7,0.986972899997076
shock,24,beta_Q_8,0.979117000019634
shock,24,beta_Q_9,0.968275900014148
shock,24,beta_Q_10,0.955263415083006
shock,24,beta_Q_11,0.930171300143746
shock,24,beta_Q_12,0.885025600511386
shock,24,beta_Q_13,0.790376500426461
shock,24,beta_Q_14,0.617163904442869
shock,24,beta_Q_15,0.391218915190549
shock,24,beta_Q_16,0.198171666851347
shock,24,beta_Q_17,0.161492363992731
shock,24,h_Q_2,698.2752601
shock,24,h_Q_3,532.45301103
shock,24,h_Q_4,354.14527041624
shock,24,h_Q_5,214.146519000289
shock,24,h_Q_6,125.021878876622
shock,24,h_Q_7,76.7630554594268
shock,24,h_Q_8,47.8858401902866
shock,24,h_Q_9,31.5217768134823
shock,24,h_Q_10,22.3530621376278
shock,24,h_Q_11,14.320759258358
shock,24,h_Q_12,8.69758835529285
shock,24,h_Q_13,4.77045751296658
shock,24,h_Q_14,2.61207909009917
shock,24,h_Q_15,1.64262655274624
shock,24,h_Q_16,1.24714419074903
shock,24,h_Q_17,1.19259147503393
shock,24,P_Q_1,0.3120516879
shock,24,P_Q_2,0.0746465224015065
shock,24,P_Q_3,0.0782214153250949
shock,24,P_Q_4,0.0796326387257055
shock,24,P_Q_5,0.082838589589073
shock,24,P_Q_6,0.0864514913939466
shock,24,P_Q_7,0.0856854032978187
shock,24,P_Q_8,0.0817680948658586
shock,24,P_Q_9,0.0778115231248719
shock,24,P_Q_10,0.07441611680469
shock,24,P_Q_11,0.0537302147926726
shock,24,P_Q_12,0.041595451130821
shock,24,P_Q_13,0.035971618913973
shock,24,P_Q_14,0.0248794754418253
shock,24,P_Q_15,0.0119913822164365
shock,24,P_Q_16,0.00284669982041452
shock,24,P_Q_17,0.000390309096023489
shock,24,L_Q,1.1842653950516
shock,24,beta_NQ_2,0.991275700044955
shock,24,beta_NQ_3,0.988687700000473
shock,24,beta_NQ_4,0.986582100316149
shock,24,beta_NQ_5,0.9813840006486
shock,24,beta_NQ_6,0.972817001453876
shock,24,beta_NQ_7,0.962049706233961
shock,24,beta_NQ_8,0.947720700025409
shock,24,beta_NQ_9,0.931685400202676
shock,24,beta_NQ_10,0.916191929635411
shock,24,beta_NQ_11,0.886391599929464
shock,24,beta_NQ_12,0.82058520000954
shock,24,beta_NQ_13,0.695844900463616
shock,24,beta_NQ_14,0.500897139322672
shock,24,beta_NQ_15,0.290317903067518
shock,24,beta_NQ_16,0.136720974510348
shock,24,beta_NQ_17,0.103768538782001
shock,24,h_NQ_2,114.62237658
shock,24,h_NQ_3,88.39935291964
shock,24,h_NQ_4,74.5273105321752
shock,24,h_NQ_5,53.7172324871075
shock,24,h_NQ_6,36.7876981917071
shock,24,h_NQ_7,26.3502528278908
shock,24,h_NQ_8,19.128029641685
shock,24,h_NQ_9,14.6381593467445
shock,24,h_NQ_10,11.932020888109
shock,24,h_NQ_11,8.80216603131353
shock,24,h_NQ_12,5.5736761915494
shock,24,h_NQ_13,3.28779626287059
shock,24,h_NQ_14,2.0035936477062
shock,24,h_NQ_15,1.40908161134137
shock,24,h_NQ_16,1.15837191532398
shock,24,h_NQ_17,1.11578276857485
shock,24,P_NQ_1,0.7281206051
shock,24,P_NQ_2,0.174175218760615
shock,24,P_NQ_3,0.182516634917978
shock,24,P_NQ_4,0.18580948806708
shock,24,P_NQ_5,0.193290045804609
shock,24,P_NQ_6,0.201720145707659
shock,24,P_NQ_7,0.199932606556932
shock,24,P_NQ_8,0.190792220353453
shock,24,P_NQ_9,0.181560223120399
shock,24,P_NQ_10,0.173637605617885
shock,24,P_NQ_11,0.125370502877456
shock,24,P_NQ_12,0.097056049949338
shock,24,P_NQ_13,0.0839337765436449
shock,24,P_NQ_14,0.0580521036425503
shock,24,P_NQ_15,0.0279798753045498
shock,24,P_NQ_16,0.00664228858156514
shock,24,P_NQ_17,0.000910733982775899
shock,24,L_NQ,2.08593770630956
shock,24,pi_Q,0.3
shock,24,pi_NQ,0.7
shock,24,y,4.82575720330798
shock,24,nbar,7.08933309224486
shock,24,Ptot,4.01642875972922
shock,24,Pret,0.819404204716621
shock,24,H,346.811386855874
shock,24,cCheck,4.44089209850063e-16
shock,24,shareq,0.3
shock,24,A,1.225015828
shock,24,A_Q,2
shock,24,xpop,1.040172293
shock,24,h_Q_1,100
shock,24,mig_Q_2,-0.232656793
shock,24,med_Q_2,600.2752601
shock,24,mig_Q_3,0.002434764
shock,24,med_Q_3,-94.82728086
shock,24,mig_Q_4,0.002457611
shock,24,med_Q_4,-146.8003923
shock,24,mig_Q_5,0.001202583
shock,24,med_Q_5,-97.42948324
shock,24,mig_Q_6,0.000499971
shock,24,med_Q_6,-62.7139883
shock,24,mig_Q_7,0.000316427
shock,24,med_Q_7,-32.47783183
shock,24,mig_Q_8,0.000386189
shock,24,med_Q_8,-18.22361822
shock,24,mig_Q_9,0.000268254
shock,24,med_Q_9,-12.62733907
shock,24,mig_Q_10,0.000285202
shock,24,med_Q_10,-8.383839386
shock,24,mig_Q_11,0.000669772
shock,24,med_Q_11,-7.069661791
shock,24,mig_Q_12,0.001284341
shock,24,med_Q_12,-4.678384326
shock,24,mig_Q_13,0.002622085
shock,24,med_Q_13,-3.11457549
shock,24,mig_Q_14,0.00375867
shock,24,med_Q_14,-1.719445169
shock,24,mig_Q_15,0.003301759
shock,24,med_Q_15,-0.826282202
shock,24,mig_Q_16,0.001176321
shock,24,med_Q_16,-0.342582665
shock,24,mig_Q_17,0.00013237
shock,24,med_Q_17,-0.032194184
shock,24,h_NQ_1,100
shock,24,mig_NQ_2,-0.53714561
shock,24,med_NQ_2,16.62237658
shock,24,mig_NQ_3,0.007422196
shock,24,med_NQ_3,-14.4618684
shock,24,mig_NQ_4,0.007859909
shock,24,med_NQ_4,-8.644770806
shock,24,mig_NQ_5,0.005787811
shock,24,med_NQ_5,-12.00385526
shock,24,mig_NQ_6,0.005530605
shock,24,med_NQ_6,-10.34558801
shock,24,mig_NQ_7,0.006503113
shock,24,med_NQ_7,-5.743434538
shock,24,mig_NQ_8,0.007430042
shock,24,med_NQ_8,-3.486276446
shock,24,mig_NQ_9,0.007524544
shock,24,med_NQ_9,-2.919278565
shock,24,mig_NQ_10,0.007923308
shock,24,med_NQ_10,-2.31307618
shock,24,mig_NQ_11,0.007677889
shock,24,med_NQ_11,-2.612813911
shock,24,mig_NQ_12,0.010340606
shock,24,med_NQ_12,-2.658933676
shock,24,mig_NQ_13,0.016005909
shock,24,med_NQ_13,-1.798919264
shock,24,mig_NQ_14,0.01828992
shock,24,med_NQ_14,-1.015824913
shock,24,mig_NQ_15,0.012979308
shock,24,med_NQ_15,-0.499652831
shock,24,mig_NQ_16,0.003953352
shock,24,med_NQ_16,-0.209874413
shock,24,mig_NQ_17,0.000523632
shock,24,med_NQ_17,-0.020956001
shock,25,beta_Q_2,0.998632799999955
shock,25,beta_Q_3,0.998197499999996
shock,25,beta_Q_4,0.997334600000127
shock,25,beta_Q_5,0.995742200032309
shock,25,beta_Q_6,0.992592800009731
shock,25,beta_Q_7,0.987996600040646
shock,25,beta_Q_8,0.980881900094676
shock,25,beta_Q_9,0.969825600035104
shock,25,beta_Q_10,0.955121599992046
shock,25,beta_Q_11,0.930302299960104
shock,25,beta_Q_12,0.88686100819419
shock,25,beta_Q_13,0.801346400895735
shock,25,beta_Q_14,0.630152162749872
shock,25,beta_Q_15,0.401319548696717
shock,25,beta_Q_16,0.209842137382246
shock,25,beta_Q_17,0.141344056412864
shock,25,h_Q_2,731.4218841
shock,25,h_Q_3,554.785020798
shock,25,h_Q_4,375.1782096094
shock,25,h_Q_5,234.863074807915
shock,25,h_Q_6,135.003780060283
shock,25,h_Q_7,83.30972895909
shock,25,h_Q_8,52.3064530302383
shock,25,h_Q_9,33.1406755764809
shock,25,h_Q_10,22.2824343052127
shock,25,h_Q_11,14.3476757398752
shock,25,h_Q_12,8.83868518519084
shock,25,h_Q_13,5.033888157187
shock,25,h_Q_14,2.70381053670725
shock,25,h_Q_15,1.67034002329719
shock,25,h_Q_16,1.26556983069131
shock,25,h_Q_17,1.16461046393405
shock,25,P_Q_1,0.3580272465
shock,25,P_Q_2,0.0703933366798395
shock,25,P_Q_3,0.0768607277677877
shock,25,P_Q_4,0.0803230335146578
shock,25,P_Q_5,0.0802344772064161
shock,25,P_Q_6,0.0823301268782545
shock,25,P_Q_7,0.0851402141701557
shock,25,P_Q_8,0.0839215743224328
shock,25,P_Q_9,0.0793560346486815
shock,25,P_Q_10,0.0744058763130754
shock,25,P_Q_11,0.0696131771198673
shock,25,P_Q_12,0.0486338866124909
shock,25,P_Q_13,0.0350861410984382
shock,25,P_Q_14,0.0261296827780785
shock,25,P_Q_15,0.0135357483928608
shock,25,P_Q_16,0.00411624920168282
shock,25,P_Q_17,0.000597353283576423
shock,25,L_Q,1.22663432893804
shock,25,beta_NQ_2,0.991690600000529
shock,25,beta_NQ_3,0.989144200000644
shock,25,beta_NQ_4,0.987363000003173
shock,25,beta_NQ_5,0.983010700120059
shock,25,beta_NQ_6,0.974850500042407
shock,25,beta_NQ_7,0.965107800119121
shock,25,beta_NQ_8,0.952190900273821
shock,25,beta_NQ_9,0.935068400007744
shock,25,beta_NQ_10,0.916035200054267
shock,25,beta_NQ_11,0.886647899968915
shock,25,beta_NQ_12,0.823275109295727
shock,25,beta_NQ_13,0.709672299606467
shock,25,beta_NQ_14,0.514614910536279
shock,25,beta_NQ_15,0.299465121496327
shock,25,beta_NQ_16,0.146564112237895
shock,25,beta_NQ_17,0.0942485130586051
shock,25,h_NQ_2,120.34563266
shock,25,h_NQ_3,92.1166565384
shock,25,h_NQ_4,79.1327055502472
shock,25,h_NQ_5,58.8605769515317
shock,25,h_NQ_6,39.7622219073654
shock,25,h_NQ_7,28.6597004468729
shock,25,h_NQ_8,20.916520074333
shock,25,h_NQ_9,15.4008217888513
shock,25,h_NQ_10,11.9097526658096
shock,25,h_NQ_11,8.82206857834684
shock,25,h_NQ_12,5.65851217868726
shock,25,h_NQ_13,3.44438370371842
shock,25,h_NQ_14,2.06021854361317
shock,25,h_NQ_15,1.42748063175208
shock,25,h_NQ_16,1.17173415911455
shock,25,h_NQ_17,1.1040555850175
shock,25,P_NQ_1,0.6649077435
shock,25,P_NQ_2,0.164251119537659
shock,25,P_NQ_3,0.179341696433512
shock,25,P_NQ_4,0.187420410020014
shock,25,P_NQ_5,0.187213776757739
shock,25,P_NQ_6,0.192103631770522
shock,25,P_NQ_7,0.198660499919526
shock,25,P_NQ_8,0.19581700584404
shock,25,P_NQ_9,0.185164078175564
shock,25,P_NQ_10,0.173613715165714
shock,25,P_NQ_11,0.162430745051558
shock,25,P_NQ_12,0.113479071178993
shock,25,P_NQ_13,0.0818676604163889
shock,25,P_NQ_14,0.0609692275632601
shock,25,P_NQ_15,0.0315834099981634
shock,25,P_NQ_16,0.00960452181831608
shock,25,P_NQ_17,0.00139380758027739
shock,25,L_NQ,2.01156355743291
shock,25,pi_Q,0.35
shock,25,pi_NQ,0.65
shock,25,y,5.25704929975653
shock,25,nbar,7.17343675368232
shock,25,Ptot,4.05852700721954
shock,25,Pret,0.907060273572742
shock,25,H,353.046277654685
shock,25,cCheck,-1.33226762955019e-15
shock,25,shareq,0.35
shock,25,A,1.323527466
shock,25,A_Q,2
shock,25,xpop,1.02293499
shock,25,h_Q_1,100
shock,25,mig_Q_2,-0.241211462
shock,25,med_Q_2,633.4218841
shock,25,mig_Q_3,0.002354399
shock,25,med_Q_3,-129.5247341
shock,25,mig_Q_4,0.002322492
shock,25,med_Q_4,-146.6257412
shock,25,mig_Q_5,0.000973699
shock,25,med_Q_5,-112.1992902
shock,25,mig_Q_6,0.00015413
shock,25,med_Q_6,-74.85980856
shock,25,mig_Q_7,-0.000185065
shock,25,med_Q_7,-39.21171234
shock,25,mig_Q_8,2.55393e-05
shock,25,med_Q_8,-22.92134132
shock,25,mig_Q_9,0.000181959
shock,25,med_Q_9,-13.78744781
shock,25,mig_Q_10,7.5375e-05
shock,25,med_Q_10,-8.608906972
shock,25,mig_Q_11,0.000393441
shock,25,med_Q_11,-7.558325155
shock,25,mig_Q_12,0.001081271
shock,25,med_Q_12,-5.195658888
shock,25,mig_Q_13,0.002210074
shock,25,med_Q_13,-3.489748431
shock,25,mig_Q_14,0.003929298
shock,25,med_Q_14,-1.971237826
shock,25,mig_Q_15,0.003802427
shock,25,med_Q_15,-0.889497485
shock,25,mig_Q_16,0.001739897
shock,25,med_Q_16,-0.344204191
shock,25,mig_Q_17,0.000137633
shock,25,med_Q_17,-0.057590843
shock,25,h_NQ_1,100
shock,25,mig_NQ_2,-0.557517143
shock,25,med_NQ_2,22.34563266
shock,25,mig_NQ_3,0.0071368
shock,25,med_NQ_3,-20.21327251
shock,25,mig_NQ_4,0.007352765
shock,25,med_NQ_4,-7.498660311
shock,25,mig_NQ_5,0.004863318
shock,25,med_NQ_5,-14.17618737
shock,25,mig_NQ_6,0.004067789
shock,25,med_NQ_6,-12.88066593
shock,25,mig_NQ_7,0.004595693
shock,25,med_NQ_7,-7.392243781
shock,25,mig_NQ_8,0.006336736
shock,25,med_NQ_8,-4.906727697
shock,25,mig_NQ_9,0.007405752
shock,25,med_NQ_9,-3.34464726
shock,25,mig_NQ_10,0.007269704
shock,25,med_NQ_10,-2.435643494
shock,25,mig_NQ_11,0.00851983
shock,25,med_NQ_11,-2.871311892
shock,25,mig_NQ_12,0.010601892
shock,25,med_NQ_12,-2.967610532
shock,25,mig_NQ_13,0.014331703
shock,25,med_NQ_13,-2.017818964
shock,25,mig_NQ_14,0.018927039
shock,25,med_NQ_14,-1.161821794
shock,25,mig_NQ_15,0.014729845
shock,25,med_NQ_15,-0.536041143
shock,25,mig_NQ_16,0.005779086
shock,25,med_NQ_16,-0.20916582
shock,25,mig_NQ_17,0.000704547
shock,25,med_NQ_17,-0.031148892
shock,26,beta_Q_2,0.998746800005888
shock,26,beta_Q_3,0.998359100014445
shock,26,beta_Q_4,0.997555300010877
shock,26,beta_Q_5,0.996150600061289
shock,26,beta_Q_6,0.993290900091443
shock,26,beta_Q_7,0.989111500126182
shock,26,beta_Q_8,0.982749500339779
shock,26,beta_Q_9,0.972941300825321
shock,26,beta_Q_10,0.958661900182128
shock,26,beta_Q_11,0.933837099979108
shock,26,beta_Q_12,0.893199999924377
shock,26,beta_Q_13,0.817945501768439
shock,26,beta_Q_14,0.655981402941068
shock,26,beta_Q_15,0.425457089935023
shock,26,beta_Q_16,0.229895454642405
shock,26,beta_Q_17,0.13414440357822
shock,26,h_Q_2,797.9572295
shock,26,h_Q_3,609.421658818
shock,26,h_Q_4,409.04814498204
shock,26,h_Q_5,259.780745017212
shock,26,h_Q_6,149.051288531757
shock,26,h_Q_7,91.8400146490773
shock,26,h_Q_8,57.9693342699082
shock,26,h_Q_9,36.9566904396335
shock,26,h_Q_10,24.1907586829512
shock,26,h_Q_11,15.1142105261084
shock,26,h_Q_12,9.36329587207771
shock,26,h_Q_13,5.49286068148702
shock,26,h_Q_14,2.90681959504325
shock,26,h_Q_15,1.74050861697311
shock,26,h_Q_16,1.29852439683124
shock,26,h_Q_17,1.15492698707749
shock,26,P_Q_1,0.34953985815
shock,26,P_Q_2,0.123153618648569
shock,26,P_Q_3,0.0725911786904739
shock,26,P_Q_4,0.0789499371840052
shock,26,P_Q_5,0.0809808051051543
shock,26,P_Q_6,0.0798368423876335
shock,26,P_Q_7,0.0812278714366304
shock,26,P_Q_8,0.08359848114969
shock,26,P_Q_9,0.0817341181731439
shock,26,P_Q_10,0.0761853687826729
shock,26,P_Q_11,0.069820434864601
shock,26,P_Q_12,0.0632045634441262
shock,26,P_Q_13,0.0415488109984908
shock,26,P_Q_14,0.026156368695728
shock,26,P_Q_15,0.0147364645000868
shock,26,P_Q_16,0.00488484737382621
shock,26,P_Q_17,0.000902009359372062
shock,26,L_Q,1.26688170016173
shock,26,beta_NQ_2,0.992391500039615
shock,26,beta_NQ_3,0.990140600107284
shock,26,beta_NQ_4,0.98845960007728
shock,26,beta_NQ_5,0.984706600350459
shock,26,beta_NQ_6,0.977306500425687
shock,26,beta_NQ_7,0.968419300456607
shock,26,beta_NQ_8,0.956882800844418
shock,26,beta_NQ_9,0.941672201565522
shock,26,beta_NQ_10,0.922522700192275
shock,26,beta_NQ_11,0.89228950009065
shock,26,beta_NQ_12,0.832520399951811
shock,26,beta_NQ_13,0.730823999974737
shock,26,beta_NQ_14,0.541515399137528
shock,26,beta_NQ_15,0.319759640465486
shock,26,beta_NQ_16,0.161053376295915
shock,26,beta_NQ_17,0.0911675967833154
shock,26,h_NQ_2,131.43195111
shock,26,h_NQ_3,101.4260502668
shock,26,h_NQ_4,86.652109116632
shock,26,h_NQ_5,65.3876835792422
shock,26,h_NQ_6,44.0654813025011
shock,26,h_NQ_7,31.6649092592181
shock,26,h_NQ_8,23.1926006309355
shock,26,h_NQ_9,17.1444834168463
shock,26,h_NQ_10,12.9070063110742
shock,26,h_NQ_11,9.28414593549341
shock,26,h_NQ_12,5.9708764507799
shock,26,h_NQ_13,3.71504145411351
shock,26,h_NQ_14,2.18109833564405
shock,26,h_NQ_15,1.47006744574091
shock,26,h_NQ_16,1.19197083911704
shock,26,h_NQ_17,1.10031288093226
shock,26,P_NQ_1,0.64914545085
shock,26,P_NQ_2,0.117457441096513
shock,26,P_NQ_3,0.169379417234288
shock,26,P_NQ_4,0.184216517416251
shock,26,P_NQ_5,0.188955213470563
shock,26,P_NQ_6,0.18628596288711
shock,26,P_NQ_7,0.189531702452943
shock,26,P_NQ_8,0.19506312326722
shock,26,P_NQ_9,0.190712941348894
shock,26,P_NQ_10,0.177765859394416
shock,26,P_NQ_11,0.162914353957482
shock,26,P_NQ_12,0.147477312385308
shock,26,P_NQ_13,0.0969472264008023
shock,26,P_NQ_14,0.0610315057409944
shock,26,P_NQ_15,0.0343850651397689
shock,26,P_NQ_16,0.0113979774478263
shock,26,P_NQ_17,0.00210467590001522
shock,26,L_NQ,1.93467380304195
shock,26,pi_Q,0.35
shock,26,pi_NQ,0.65
shock,26,y,5.48626236829299
shock,26,nbar,7.18996997285333
shock,26,Ptot,4.0938233253346
shock,26,Pret,0.991462844385517
shock,26,H,405.875811111533
shock,26,cCheck,-4.44089209850063e-16
shock,26,shareq,0.35
shock,26,A,1.379010647
shock,26,A_Q,2
shock,26,xpop,0.998685309
shock,26,h_Q_1,100
shock,26,mig_Q_2,-0.234384133
shock,26,med_Q_2,699.9572295
shock,26,mig_Q_3,0.002324726
shock,26,med_Q_3,-107.3717876
shock,26,mig_Q_4,0.002294074
shock,26,med_Q_4,-134.6411754
shock,26,mig_Q_5,0.000999771
shock,26,med_Q_5,-107.8939004
shock,26,mig_Q_6,0.000196678
shock,26,med_Q_6,-81.11452478
shock,26,mig_Q_7,-0.000114014
shock,26,med_Q_7,-40.46368981
shock,26,mig_Q_8,8.59861e-05
shock,26,med_Q_8,-23.67420011
shock,26,mig_Q_9,0.000344827
shock,26,med_Q_9,-14.30363353
shock,26,mig_Q_10,0.000390706
shock,26,med_Q_10,-8.287103382
shock,26,mig_Q_11,0.000600477
shock,26,med_Q_11,-6.722575093
shock,26,mig_Q_12,0.001467351
shock,26,med_Q_12,-4.697426353
shock,26,mig_Q_13,0.002576221
shock,26,med_Q_13,-3.1690508
shock,26,mig_Q_14,0.004046761
shock,26,med_Q_14,-2.026390799
shock,26,mig_Q_15,0.004250112
shock,26,med_Q_15,-0.909225709
shock,26,mig_Q_16,0.002044477
shock,26,med_Q_16,-0.338408826
shock,26,mig_Q_17,0.000320202
shock,26,med_Q_17,-0.085331447
shock,26,h_NQ_1,100
shock,26,mig_NQ_2,-0.541925318
shock,26,med_NQ_2,33.43195111
shock,26,mig_NQ_3,0.006911375
shock,26,med_NQ_3,-16.51266974
shock,26,mig_NQ_4,0.007141162
shock,26,med_NQ_4,-3.622214291
shock,26,mig_NQ_5,0.004718945
shock,26,med_NQ_5,-12.16236786
shock,26,mig_NQ_6,0.003780519
shock,26,med_NQ_6,-13.61788411
shock,26,mig_NQ_7,0.004130989
shock,26,med_NQ_7,-7.30206821
shock,26,mig_NQ_8,0.005900403
shock,26,med_NQ_8,-4.893905807
shock,26,mig_NQ_9,0.007610647
shock,26,med_NQ_9,-3.353706256
shock,26,mig_NQ_10,0.008149046
shock,26,med_NQ_10,-2.185799042
shock,26,mig_NQ_11,0.008980118
shock,26,med_NQ_11,-2.387411677
shock,26,mig_NQ_12,0.013752123
shock,26,med_NQ_12,-2.674750756
shock,26,mig_NQ_13,0.016414273
shock,26,med_NQ_13,-1.830300481
shock,26,mig_NQ_14,0.018901187
shock,26,med_NQ_14,-1.194397694
shock,26,mig_NQ_15,0.016126908
shock,26,med_NQ_15,-0.548946727
shock,26,mig_NQ_16,0.006768983
shock,26,med_NQ_16,-0.20696018
shock,26,mig_NQ_17,0.001199464
shock,26,med_NQ_17,-0.047986595
shock,27,beta_Q_2,0.998855500007564
shock,27,beta_Q_3,0.998500000009189
shock,27,beta_Q_4,0.997760700011092
shock,27,beta_Q_5,0.996471500016403
shock,27,beta_Q_6,0.993847900026437
shock,27,beta_Q_7,0.99001940004476
shock,27,beta_Q_8,0.984195300066976
shock,27,beta_Q_9,0.975226300158592
shock,27,beta_Q_10,0.962119300161714
shock,27,beta_Q_11,0.93756790014858
shock,27,beta_Q_12,0.895856444026453
shock,27,beta_Q_13,0.822341166340975
shock,27,beta_Q_14,0.667730822348659
shock,27,beta_Q_15,0.438449067544388
shock,27,beta_Q_16,0.242116452619548
shock,27,beta_Q_17,0.1445777199943
shock,27,h_Q_2,873.743993
shock,27,h_Q_3,666.66666671
shock,27,h_Q_4,446.56812394164
shock,27,h_Q_5,283.406546682399
shock,27,h_Q_6,162.546122426868
shock,27,h_Q_7,100.194377071122
shock,27,h_Q_8,63.2723176860957
shock,27,h_Q_9,40.36538753451
shock,27,h_Q_10,26.3986673808408
shock,27,h_Q_11,16.0174013402922
shock,27,h_Q_12,9.60212628958624
shock,27,h_Q_13,5.62876387663616
shock,27,h_Q_14,3.00960336985728
shock,27,h_Q_15,1.78078185914239
shock,27,h_Q_16,1.31946383563364
shock,27,h_Q_17,1.16901324789462
shock,27,P_Q_1,0.337773296
shock,27,P_Q_2,0.124372192801825
shock,27,P_Q_3,0.125259835877508
shock,27,P_Q_4,0.0746922350367189
shock,27,P_Q_5,0.0796663673006478
shock,27,P_Q_6,0.0806514297930284
shock,27,P_Q_7,0.0788774303393698
shock,27,P_Q_8,0.0799005174680123
shock,27,P_Q_9,0.0816407079968005
shock,27,P_Q_10,0.0787471050375768
shock,27,P_Q_11,0.0718390878448502
shock,27,P_Q_12,0.0635935884157816
shock,27,P_Q_13,0.054137092360361
shock,27,P_Q_14,0.0316116043293233
shock,27,P_Q_15,0.015128792508552
shock,27,P_Q_16,0.00544961920606913
shock,27,P_Q_17,0.00114787593753255
shock,27,L_Q,1.30467550814756
shock,27,beta_NQ_2,0.993066100055541
shock,27,beta_NQ_3,0.991006400066706
shock,27,beta_NQ_4,0.989459300068996
shock,27,beta_NQ_5,0.986023900088483
shock,27,beta_NQ_6,0.979247300123177
shock,27,beta_NQ_7,0.971109400161155
shock,27,beta_NQ_8,0.960532100202879
shock,27,beta_NQ_9,0.946569300260194
shock,27,beta_NQ_10,0.928888700277789
shock,27,beta_NQ_11,0.898215800026637
shock,27,beta_NQ_12,0.836512758328164
shock,27,beta_NQ_13,0.736642562623966
shock,27,beta_NQ_14,0.554065978743354
shock,27,beta_NQ_15,0.33112415392031
shock,27,beta_NQ_16,0.170241314755186
shock,27,beta_NQ_17,0.0985201055612787
shock,27,h_NQ_2,144.2189821
shock,27,h_NQ_3,111.1901796878
shock,27,h_NQ_4,94.870359653464
shock,27,h_NQ_5,71.5507187342994
shock,27,h_NQ_6,48.1865010376574
shock,27,h_NQ_7,34.613334438451
shock,27,h_NQ_8,25.3370460500337
shock,27,h_NQ_9,18.7158319073168
shock,27,h_NQ_10,14.0624626435094
shock,27,h_NQ_11,9.82470756885276
shock,27,h_NQ_12,6.11668307678354
shock,27,h_NQ_13,3.7971198827643
shock,27,h_NQ_14,2.24248280003124
shock,27,h_NQ_15,1.49504563893117
shock,27,h_NQ_16,1.20516965082609
shock,27,h_NQ_17,1.1092870753347
shock,27,P_NQ_1,0.627293264
shock,27,P_NQ_2,0.124280171712924
shock,27,P_NQ_3,0.123067596214367
shock,27,P_NQ_4,0.174281880020727
shock,27,P_NQ_5,0.185888185593357
shock,27,P_NQ_6,0.188186669414104
shock,27,P_NQ_7,0.18404733286402
shock,27,P_NQ_8,0.186434543291983
shock,27,P_NQ_9,0.19049498673129
shock,27,P_NQ_10,0.183743246614793
shock,27,P_NQ_11,0.167624536812229
shock,27,P_NQ_12,0.148385044114574
shock,27,P_NQ_13,0.126319879342955
shock,27,P_NQ_14,0.0737604109997068
shock,27,P_NQ_15,0.0353004283328076
shock,27,P_NQ_16,0.0127157638349148
shock,27,P_NQ_17,0.00267837821210875
shock,27,L_NQ,1.85398298596296
shock,27,pi_Q,0.35
shock,27,pi_NQ,0.65
shock,27,y,6.01051108504816
shock,27,nbar,7.36485758140113
shock,27,Ptot,4.11899109636082
shock,27,Pret,1.07218245390413
shock,27,H,459.14902055498
shock,27,cCheck,4.44089209850063e-16
shock,27,shareq,0.35
shock,27,A,1.485581065
shock,27,A_Q,2
shock,27,xpop,0.96506656
shock,27,h_Q_1,100
shock,27,mig_Q_2,-0.224729622
shock,27,med_Q_2,775.743993
shock,27,mig_Q_3,0.0023083
shock,27,med_Q_3,-115.3314182
shock,27,mig_Q_4,0.00227852
shock,27,med_Q_4,-150.6651017
shock,27,mig_Q_5,0.00102034
shock,27,med_Q_5,-117.4606354
shock,27,mig_Q_6,0.000213933
shock,27,med_Q_6,-92.03900769
shock,27,mig_Q_7,-9.01086e-05
shock,27,med_Q_7,-45.87588569
shock,27,mig_Q_8,7.38674e-05
shock,27,med_Q_8,-26.73089667
shock,27,mig_Q_9,0.000304293
shock,27,med_Q_9,-16.44456005
shock,27,mig_Q_10,0.00039172
shock,27,med_Q_10,-9.81888925
shock,27,mig_Q_11,0.000694364
shock,27,med_Q_11,-7.689542169
shock,27,mig_Q_12,0.001229976
shock,27,med_Q_12,-5.209800026
shock,27,mig_Q_13,0.002439204
shock,27,med_Q_13,-3.547266078
shock,27,mig_Q_14,0.004356357
shock,27,med_Q_14,-2.373400098
shock,27,mig_Q_15,0.00400038
shock,27,med_Q_15,-1.067901344
shock,27,mig_Q_16,0.002061773
shock,27,med_Q_16,-0.386234609
shock,27,mig_Q_17,0.000492601
shock,27,med_Q_17,-0.103540661
shock,27,h_NQ_1,100
shock,27,mig_NQ_2,-0.519926256
shock,27,med_NQ_2,46.2189821
shock,27,mig_NQ_3,0.006768215
shock,27,med_NQ_3,-17.6131324
shock,27,mig_NQ_4,0.006857169
shock,27,med_NQ_4,-4.527169608
shock,27,mig_NQ_5,0.004488965
shock,27,med_NQ_5,-13.3683482
shock,27,mig_NQ_6,0.003519511
shock,27,med_NQ_6,-15.89342887
shock,27,mig_NQ_7,0.003644411
shock,27,med_NQ_7,-8.570837238
shock,27,mig_NQ_8,0.005074917
shock,27,med_NQ_8,-5.694565024
shock,27,mig_NQ_9,0.006809466
shock,27,med_NQ_9,-4.012916711
shock,27,mig_NQ_10,0.007806229
shock,27,med_NQ_10,-2.739131105
shock,27,mig_NQ_11,0.009005927
shock,27,med_NQ_11,-2.824158616
shock,27,mig_NQ_12,0.012755521
shock,27,med_NQ_12,-2.98177994
shock,27,mig_NQ_13,0.01853992
shock,27,med_NQ_13,-2.054339039
shock,27,mig_NQ_14,0.021261995
shock,27,med_NQ_14,-1.398257825
shock,27,mig_NQ_15,0.015785016
shock,27,med_NQ_15,-0.64243073
shock,27,mig_NQ_16,0.007177933
shock,27,med_NQ_16,-0.235496446
shock,27,mig_NQ_17,0.001639252
shock,27,med_NQ_17,-0.058844347
shock,28,beta_Q_2,0.998954400006745
shock,28,beta_Q_3,0.998628400008118
shock,28,beta_Q_4,0.997948100010028
shock,28,beta_Q_5,0.996764500014024
shock,28,beta_Q_6,0.994356500022895
shock,28,beta_Q_7,0.990848200038915
shock,28,beta_Q_8,0.985514700064329
shock,28,beta_Q_9,0.977311000091688
shock,28,beta_Q_10,0.96529880023085
shock,28,beta_Q_11,0.942701900190087
shock,28,beta_Q_12,0.901680100356031
shock,28,beta_Q_13,0.826531958927594
shock,28,beta_Q_14,0.674672166675233
shock,28,beta_Q_15,0.449242389033339
shock,28,beta_Q_16,0.254418166790466
shock,28,beta_Q_17,0.155303123380905
shock,28,h_Q_2,956.3886764
shock,28,h_Q_3,729.07553224
shock,28,h_Q_4,487.3531848758
shock,28,h_Q_5,309.071240862807
shock,28,h_Q_6,177.195003048751
shock,28,h_Q_7,109.26812208833
shock,28,h_Q_8,69.0355049396993
shock,28,h_Q_9,44.0742209423738
shock,28,h_Q_10,28.8174472838198
shock,28,h_Q_11,17.452585673224
shock,28,h_Q_12,10.1708810064864
shock,28,h_Q_13,5.76474867179452
shock,28,h_Q_14,3.07382182010343
shock,28,h_Q_15,1.81568049646014
shock,28,h_Q_16,1.34123429695954
shock,28,h_Q_17,1.18385660192097
shock,28,P_Q_1,0.3288373165
shock,28,P_Q_2,0.125515236465283
shock,28,P_Q_3,0.126484639513765
shock,28,P_Q_4,0.127254060528417
shock,28,P_Q_5,0.075452958486617
shock,28,P_Q_6,0.0793964318444837
shock,28,P_Q_7,0.0797579128364461
shock,28,P_Q_8,0.077723687321368
shock,28,P_Q_9,0.0782046680310866
shock,28,P_Q_10,0.0789124908425885
shock,28,P_Q_11,0.0746124309128606
shock,28,P_Q_12,0.0658339387787914
shock,28,P_Q_13,0.0546869566696418
shock,28,P_Q_14,0.0412453562013491
shock,28,P_Q_15,0.0187525644417739
shock,28,P_Q_16,0.0057310365745878
shock,28,P_Q_17,0.00134795551965062
shock,28,L_Q,1.35090549278696
shock,28,beta_NQ_2,0.993680000050041
shock,28,beta_NQ_3,0.991794400059189
shock,28,beta_NQ_4,0.990370500062277
shock,28,beta_NQ_5,0.987225200077893
shock,28,beta_NQ_6,0.981019700111639
shock,28,beta_NQ_7,0.973568900151684
shock,28,beta_NQ_8,0.963873900189963
shock,28,beta_NQ_9,0.951062700236185
shock,28,beta_NQ_10,0.934786300283455
shock,28,beta_NQ_11,0.906378300288754
shock,28,beta_NQ_12,0.845147400050261
shock,28,beta_NQ_13,0.742250658217589
shock,28,beta_NQ_14,0.561476335445756
shock,28,beta_NQ_15,0.340462424467105
shock,28,beta_NQ_16,0.179566010817859
shock,28,beta_NQ_17,0.106128807109109
shock,28,h_NQ_2,158.2278481
shock,28,h_NQ_3,121.867992588
shock,28,h_NQ_4,103.847551798044
shock,28,h_NQ_5,78.2791120003947
shock,28,h_NQ_6,52.6862062296134
shock,28,h_NQ_7,37.8342180279043
shock,28,h_NQ_8,27.680818020682
shock,28,h_NQ_9,20.434310838033
shock,28,h_NQ_10,15.3342012471704
shock,28,h_NQ_11,10.6812843576392
shock,28,h_NQ_12,6.4577540204757
shock,28,h_NQ_13,3.87973745724787
shock,28,h_NQ_14,2.28037845910902
shock,28,h_NQ_15,1.51621377903062
shock,28,h_NQ_16,1.21886708315254
shock,28,h_NQ_17,1.11872941280957
shock,28,P_NQ_1,0.6106978735
shock,28,P_NQ_2,0.132487901271591
shock,28,P_NQ_3,0.129829434568897
shock,28,P_NQ_4,0.128516597611441
shock,28,P_NQ_5,0.17605690105279
shock,28,P_NQ_6,0.185258337867091
shock,28,P_NQ_7,0.186101797653057
shock,28,P_NQ_8,0.181355268172616
shock,28,P_NQ_9,0.182477562188221
shock,28,P_NQ_10,0.184129147634263
shock,28,P_NQ_11,0.174095672257598
shock,28,P_NQ_12,0.153612524652278
shock,28,P_NQ_13,0.12760290115163
shock,28,P_NQ_14,0.0962391315828965
shock,28,P_NQ_15,0.0437559746850923
shock,28,P_NQ_16,0.0133723923307984
shock,28,P_NQ_17,0.00314522539530809
shock,28,L_NQ,1.78607554693798
shock,28,pi_Q,0.35
shock,28,pi_NQ,0.65
shock,28,y,6.61726942168876
shock,28,nbar,7.56501701982159
shock,28,Ptot,4.14848428504428
shock,28,Pret,1.13707569963111
shock,28,H,512.60936947054
shock,28,cCheck,0
shock,28,shareq,0.35
shock,28,A,1.605136168
shock,28,A_Q,2
shock,28,xpop,0.93953519
shock,28,h_Q_1,100
shock,28,mig_Q_2,-0.211871478
shock,28,med_Q_2,858.3886764
shock,28,mig_Q_3,0.002299005
shock,28,med_Q_3,-127.1935809
shock,28,mig_Q_4,0.002274719
shock,28,med_Q_4,-165.9801485
shock,28,mig_Q_5,0.001024275
shock,28,med_Q_5,-128.5655206
shock,28,mig_Q_6,0.00022018
shock,28,med_Q_6,-100.5434127
shock,28,mig_Q_7,-8.85673e-05
shock,28,med_Q_7,-50.02707789
shock,28,mig_Q_8,9.28911e-05
shock,28,med_Q_8,-29.15498459
shock,28,mig_Q_9,0.000283582
shock,28,med_Q_9,-17.93265039
shock,28,mig_Q_10,0.00036439
shock,28,med_Q_10,-10.7406325
shock,28,mig_Q_11,0.000781673
shock,28,med_Q_11,-8.41810836
shock,28,mig_Q_12,0.001476429
shock,28,med_Q_12,-5.526172307
shock,28,mig_Q_13,0.002391331
shock,28,med_Q_13,-3.645335092
shock,28,mig_Q_14,0.005096351
shock,28,med_Q_14,-2.442366779
shock,28,mig_Q_15,0.004892486
shock,28,med_Q_15,-1.133730806
shock,28,mig_Q_16,0.002068107
shock,28,med_Q_16,-0.403931925
shock,28,mig_Q_17,0.000560062
shock,28,med_Q_17,-0.109217957
shock,28,h_NQ_1,100
shock,28,mig_NQ_2,-0.490455774
shock,28,med_NQ_2,60.2278481
shock,28,mig_NQ_3,0.006666989
shock,28,med_NQ_3,-19.46660987
shock,28,mig_NQ_4,0.00674622
shock,28,med_NQ_4,-5.118824296
shock,28,mig_NQ_5,0.004210802
shock,28,med_NQ_5,-14.69384046
shock,28,mig_NQ_6,0.003227834
shock,28,med_NQ_6,-17.43349813
shock,28,mig_NQ_7,0.003351954
shock,28,med_NQ_7,-9.388552989
shock,28,mig_NQ_8,0.004571897
shock,28,med_NQ_8,-6.240249729
shock,28,mig_NQ_9,0.006004347
shock,28,med_NQ_9,-4.395994291
shock,28,mig_NQ_10,0.007180507
shock,28,med_NQ_10,-3.007314022
shock,28,mig_NQ_11,0.009054585
shock,28,med_NQ_11,-3.099929033
shock,28,mig_NQ_12,0.013392461
shock,28,med_NQ_12,-3.170459397
shock,28,mig_NQ_13,0.018296162
shock,28,med_NQ_13,-2.114611958
shock,28,mig_NQ_14,0.026249584
shock,28,med_NQ_14,-1.440799026
shock,28,mig_NQ_15,0.019332121
shock,28,med_NQ_15,-0.681419365
shock,28,mig_NQ_16,0.007362801
shock,28,med_NQ_16,-0.246277643
shock,28,mig_NQ_17,0.001892467
shock,28,med_NQ_17,-0.062336845
shock,29,beta_Q_2,0.999044400005905
shock,29,beta_Q_3,0.998745300007217
shock,29,beta_Q_4,0.99811910000893
shock,29,beta_Q_5,0.997032000013439
shock,29,beta_Q_6,0.9948210000196
shock,29,beta_Q_7,0.991605100033018
shock,29,beta_Q_8,0.986719100056478
shock,29,beta_Q_9,0.979213400095598
shock,29,beta_Q_10,0.968202200108787
shock,29,beta_Q_11,0.947434800357186
shock,29,beta_Q_12,0.909868200300914
shock,29,beta_Q_13,0.835661400953156
shock,29,beta_Q_14,0.681522067623461
shock,29,beta_Q_15,0.457188922774912
shock,29,beta_Q_16,0.265002645124233
shock,29,beta_Q_17,0.166266739332475
shock,29,h_Q_2,1046.4629552
shock,29,h_Q_3,797.003267772
shock,29,h_Q_4,531.6603753952
shock,29,h_Q_5,336.927223778284
shock,29,h_Q_6,193.087468545551
shock,29,h_Q_7,119.119941817776
shock,29,h_Q_8,75.2961018965637
shock,29,h_Q_9,48.1079156609053
shock,29,h_Q_10,31.4487165335264
shock,29,h_Q_11,19.0239931071434
shock,29,h_Q_12,11.0948632857595
shock,29,h_Q_13,6.08499771635664
shock,29,h_Q_14,3.13993430735863
shock,29,h_Q_15,1.84226150870136
shock,29,h_Q_16,1.36054905553093
shock,29,h_Q_17,1.19942434502035
shock,29,P_Q_1,0.32780253135
shock,29,P_Q_2,0.122546236204086
shock,29,P_Q_3,0.127644326767966
shock,29,P_Q_4,0.128501906683215
shock,29,P_Q_5,0.127869163017361
shock,29,P_Q_6,0.0752484837171253
shock,29,P_Q_7,0.0785825158826191
shock,29,P_Q_8,0.078693732846767
shock,29,P_Q_9,0.0762567875868598
shock,29,P_Q_10,0.0758147102228599
shock,29,P_Q_11,0.0751033000660411
shock,29,P_Q_12,0.0688508241933155
shock,29,P_Q_13,0.0571809353827538
shock,29,P_Q_14,0.0419295415451818
shock,29,P_Q_15,0.0244423203564251
shock,29,P_Q_16,0.00731904806789621
shock,29,P_Q_17,0.00149605388024369
shock,29,L_Q,1.4104228124595
shock,29,beta_NQ_2,0.994238100044601
shock,29,beta_NQ_3,0.992511800052943
shock,29,beta_NQ_4,0.991200900055157
shock,29,beta_NQ_5,0.988321000070661
shock,29,beta_NQ_6,0.982638100097602
shock,29,beta_NQ_7,0.975817300135451
shock,29,beta_NQ_8,0.966932700181637
shock,29,beta_NQ_9,0.955183000222458
shock,29,beta_NQ_10,0.940206400257566
shock,29,beta_NQ_11,0.913966000301985
shock,29,beta_NQ_12,0.857334000343112
shock,29,beta_NQ_13,0.754398600126073
shock,29,beta_NQ_14,0.568885938882203
shock,29,beta_NQ_15,0.347110006176202
shock,29,beta_NQ_16,0.187461704283178
shock,29,beta_NQ_17,0.113957001962139
shock,29,h_NQ_2,173.55386244
shock,29,h_NQ_3,133.543441678
shock,29,h_NQ_4,113.64798672324
shock,29,h_NQ_5,85.6237691620831
shock,29,h_NQ_6,57.5973827703868
shock,29,h_NQ_7,41.3518755150211
shock,29,h_NQ_8,30.2413562683462
shock,29,h_NQ_9,22.3129615962684
shock,29,h_NQ_10,16.7241979032724
shock,29,h_NQ_11,11.623311712227
shock,29,h_NQ_12,7.00937854548645
shock,29,h_NQ_13,4.07163803006619
shock,29,h_NQ_14,2.31957155410291
shock,29,h_NQ_15,1.53165157792683
shock,29,h_NQ_16,1.23071121245001
shock,29,h_NQ_17,1.12861339248949
shock,29,P_NQ_1,0.60877612965
shock,29,P_NQ_2,0.12976352497004
shock,29,P_NQ_3,0.138003236556759
shock,29,P_NQ_4,0.135247699036801
shock,29,P_NQ_5,0.130970756790285
shock,29,P_NQ_6,0.175579793273393
shock,29,P_NQ_7,0.183359202241193
shock,29,P_NQ_8,0.183618711536215
shock,29,P_NQ_9,0.177932500050306
shock,29,P_NQ_10,0.176900993242671
shock,29,P_NQ_11,0.17524103486636
shock,29,P_NQ_12,0.160651922768511
shock,29,P_NQ_13,0.133422181533619
shock,29,P_NQ_14,0.0978355923308642
shock,29,P_NQ_15,0.0570320570673217
shock,29,P_NQ_16,0.0170777728236493
shock,29,P_NQ_17,0.00349078704626264
shock,29,L_NQ,1.73697964035401
shock,29,pi_Q,0.35
shock,29,pi_NQ,0.65
shock,29,y,7.29850247609245
shock,29,nbar,7.82367220666387
shock,29,Ptot,4.18018631355497
shock,29,Pret,1.17378907539398
shock,29,H,563.270542632121
shock,29,cCheck,4.44089209850063e-16
shock,29,shareq,0.35
shock,29,A,1.729204302
shock,29,A_Q,2
shock,29,xpop,0.936578661
shock,29,h_Q_1,100
shock,29,mig_Q_2,-0.205947248
shock,29,med_Q_2,948.4629552
shock,29,mig_Q_3,0.002301247
shock,29,med_Q_3,-140.2576351
shock,29,mig_Q_4,0.002276801
shock,29,med_Q_4,-182.8336462
shock,29,mig_Q_5,0.001026833
shock,29,med_Q_5,-140.6788974
shock,29,mig_Q_6,0.000221344
shock,29,med_Q_6,-109.8023475
shock,29,mig_Q_7,-8.72957e-05
shock,29,med_Q_7,-54.53116117
shock,29,mig_Q_8,9.11373e-05
shock,29,med_Q_8,-31.78665775
shock,29,mig_Q_9,0.000296573
shock,29,med_Q_9,-19.54687918
shock,29,mig_Q_10,0.000323838
shock,29,med_Q_10,-11.74401999
shock,29,mig_Q_11,0.000712345
shock,29,med_Q_11,-9.217105231
shock,29,mig_Q_12,0.00157428
shock,29,med_Q_12,-6.008670674
shock,29,mig_Q_13,0.002767081
shock,29,med_Q_13,-3.88246567
shock,29,mig_Q_14,0.005033774
shock,29,med_Q_14,-2.509519391
shock,29,mig_Q_15,0.005913158
shock,29,med_Q_15,-1.170083875
shock,29,mig_Q_16,0.002548055
shock,29,med_Q_16,-0.418817831
shock,29,mig_Q_17,0.000606006
shock,29,med_Q_17,-0.114985266
shock,29,h_NQ_1,100
shock,29,mig_NQ_2,-0.477074738
shock,29,med_NQ_2,75.55386244
shock,29,mig_NQ_3,0.006602478
shock,29,med_NQ_3,-21.51984946
shock,29,mig_NQ_4,0.006668457
shock,29,med_NQ_4,-5.782646013
shock,29,mig_NQ_5,0.004095933
shock,29,med_NQ_5,-16.1468316
shock,29,mig_NQ_6,0.002864505
shock,29,med_NQ_6,-19.11614699
shock,29,mig_NQ_7,0.002997446
shock,29,med_NQ_7,-10.28060659
shock,29,mig_NQ_8,0.004240046
shock,29,med_NQ_8,-6.836177399
shock,29,mig_NQ_9,0.005452269
shock,29,med_NQ_9,-4.814240064
shock,29,mig_NQ_10,0.006323468
shock,29,med_NQ_10,-3.301426718
shock,29,mig_NQ_11,0.008350371
shock,29,med_NQ_11,-3.40420551
shock,29,mig_NQ_12,0.013515418
shock,29,med_NQ_12,-3.458280125
shock,29,mig_NQ_13,0.019403184
shock,29,med_NQ_13,-2.25696091
shock,29,mig_NQ_14,0.026189583
shock,29,med_NQ_14,-1.482571154
shock,29,mig_NQ_15,0.024266249
shock,29,med_NQ_15,-0.703119312
shock,29,mig_NQ_16,0.009220687
shock,29,med_NQ_16,-0.255178291
shock,29,mig_NQ_17,0.002071591
shock,29,med_NQ_17,-0.065876349
shock,30,beta_Q_2,0.999126400005502
shock,30,beta_Q_3,0.998851900006309
shock,30,beta_Q_4,0.998275200007838
shock,30,beta_Q_5,0.997276400011391
shock,30,beta_Q_6,0.995245400020986
shock,30,beta_Q_7,0.99229630002757
shock,30,beta_Q_8,0.987818900046274
shock,30,beta_Q_9,0.980949800081634
shock,30,beta_Q_10,0.970853600122191
shock,30,beta_Q_11,0.951765100113205
shock,30,beta_Q_12,0.917429600723758
shock,30,beta_Q_13,0.848286200025582
shock,30,beta_Q_14,0.692823465951414
shock,30,beta_Q_15,0.465064923564201
shock,30,beta_Q_16,0.272945306709456
shock,30,beta_Q_17,0.175687730710235
shock,30,h_Q_2,1144.688645
shock,30,h_Q_3,871.004267896
shock,30,h_Q_4,579.77736551656
shock,30,h_Q_5,367.161110287296
shock,30,h_Q_6,210.322635002718
shock,30,h_Q_7,129.80775463464
shock,30,h_Q_8,82.0943920814207
shock,30,h_Q_9,52.4928871886324
shock,30,h_Q_10,34.3095545076872
shock,30,h_Q_11,20.7318766728558
shock,30,h_Q_12,12.1108775520006
shock,30,h_Q_13,6.59135818804434
shock,30,h_Q_14,3.25545104302951
shock,30,h_Q_15,1.86938564521145
shock,30,h_Q_16,1.37541232452734
shock,30,h_Q_17,1.21313247442032
shock,30,P_Q_1,0.33057748045
shock,30,P_Q_2,0.116504130252978
shock,30,P_Q_3,0.124698296442405
shock,30,P_Q_4,0.129683222554888
shock,30,P_Q_5,0.129148772025906
shock,30,P_Q_6,0.127429488624601
shock,30,P_Q_7,0.0745318017236529
shock,30,P_Q_8,0.0776285378518718
shock,30,P_Q_9,0.0773485247070974
shock,30,P_Q_10,0.0741589205148262
shock,30,P_Q_11,0.0724341848441332
shock,30,P_Q_12,0.0697571904677483
shock,30,P_Q_13,0.0604866552021655
shock,30,P_Q_14,0.0445467643106978
shock,30,P_Q_15,0.0251025009314876
shock,30,P_Q_16,0.00950757754742656
shock,30,P_Q_17,0.00194407625726675
shock,30,L_Q,1.47116404577742
shock,30,beta_NQ_2,0.994745900040001
shock,30,beta_NQ_3,0.993165000047692
shock,30,beta_NQ_4,0.991957700049225
shock,30,beta_NQ_5,0.989320400062073
shock,30,beta_NQ_6,0.984115800090073
shock,30,beta_NQ_7,0.977871800117743
shock,30,beta_NQ_8,0.96973140016252
shock,30,beta_NQ_9,0.958958900217457
shock,30,beta_NQ_10,0.945184000244609
shock,30,beta_NQ_11,0.920960100271997
shock,30,beta_NQ_12,0.868733300402307
shock,30,beta_NQ_13,0.771350100066914
shock,30,beta_NQ_14,0.581376032066868
shock,30,beta_NQ_15,0.353774709963348
shock,30,beta_NQ_16,0.193102700841009
shock,30,beta_NQ_17,0.120538499654745
shock,30,h_NQ_2,190.32755372
shock,30,h_NQ_3,146.3057790812
shock,30,h_NQ_4,124.34253882244
shock,30,h_NQ_5,93.6364657787752
shock,30,h_NQ_6,62.9556414588415
shock,30,h_NQ_7,45.1912039749791
shock,30,h_NQ_8,33.0375372507207
shock,30,h_NQ_9,24.3658186589793
shock,30,h_NQ_10,18.242848800343
shock,30,h_NQ_11,12.6518378652069
shock,30,h_NQ_12,7.61807830798248
shock,30,h_NQ_13,4.37349852057672
shock,30,h_NQ_14,2.38877676446486
shock,30,h_NQ_15,1.54744793202086
shock,30,h_NQ_16,1.2393150883683
shock,30,h_NQ_17,1.13705943520101
shock,30,P_NQ_1,0.61392960655
shock,30,P_NQ_2,0.116120767495722
shock,30,P_NQ_3,0.135271931749229
shock,30,P_NQ_4,0.143390079285584
shock,30,P_NQ_5,0.137669221169307
shock,30,P_NQ_6,0.131409426620751
shock,30,P_NQ_7,0.173907534830383
shock,30,P_NQ_8,0.181133252526228
shock,30,P_NQ_9,0.180479892782144
shock,30,P_NQ_10,0.173037479361127
shock,30,P_NQ_11,0.169013103243453
shock,30,P_NQ_12,0.162766777446243
shock,30,P_NQ_13,0.141135526644127
shock,30,P_NQ_14,0.103942444009465
shock,30,P_NQ_15,0.0585724980582187
shock,30,P_NQ_16,0.0221843366166156
shock,30,P_NQ_17,0.00453617479117356
shock,30,L_NQ,1.68763333893352
shock,30,pi_Q,0.35
shock,30,pi_NQ,0.65
shock,30,y,7.96702542869879
shock,30,nbar,8.06284568218957
shock,30,Ptot,4.19398817788892
shock,30,Pret,1.19312621024617
shock,30,H,605.06562774652
shock,30,cCheck,-4.44089209850063e-16
shock,30,shareq,0.35
shock,30,A,1.848222955
shock,30,A_Q,2
shock,30,xpop,0.944507087
shock,30,h_Q_1,100
shock,30,mig_Q_2,-0.210985153
shock,30,med_Q_2,1046.688645
shock,30,mig_Q_3,0.002305819
shock,30,med_Q_3,-154.5294282
shock,30,mig_Q_4,0.002278982
shock,30,med_Q_4,-201.2858369
shock,30,mig_Q_5,0.001028259
shock,30,med_Q_5,-153.8660576
shock,30,mig_Q_6,0.00022256
shock,30,med_Q_6,-119.8660443
shock,30,mig_Q_7,-8.49785e-05
shock,30,med_Q_7,-59.41796454
shock,30,mig_Q_8,8.96685e-05
shock,30,med_Q_8,-34.6431509
shock,30,mig_Q_9,0.000290567
shock,30,med_Q_9,-21.29729267
shock,30,mig_Q_10,0.000326931
shock,30,med_Q_10,-12.83620284
shock,30,mig_Q_11,0.00060469
shock,30,med_Q_11,-10.08786553
shock,30,mig_Q_12,0.001423086
shock,30,med_Q_12,-6.532635693
shock,30,mig_Q_13,0.002950679
shock,30,med_Q_13,-4.281607832
shock,30,mig_Q_14,0.005576695
shock,30,med_Q_14,-2.707846719
shock,30,mig_Q_15,0.005932779
shock,30,med_Q_15,-1.207749976
shock,30,mig_Q_16,0.003030298
shock,30,med_Q_16,-0.430003954
shock,30,mig_Q_17,0.000727162
shock,30,med_Q_17,-0.1202056
shock,30,h_NQ_1,100
shock,30,mig_NQ_2,-0.489147655
shock,30,med_NQ_2,92.32755372
shock,30,mig_NQ_3,0.006480102
shock,30,med_NQ_3,-23.77700611
shock,30,mig_NQ_4,0.006601147
shock,30,med_NQ_4,-6.530034022
shock,30,mig_NQ_5,0.00400108
shock,30,med_NQ_5,-17.73856121
shock,30,mig_NQ_6,0.002712571
shock,30,med_NQ_6,-20.95565232
shock,30,mig_NQ_7,0.002573735
shock,30,med_NQ_7,-11.25423114
shock,30,mig_NQ_8,0.003837244
shock,30,med_NQ_8,-7.487300754
shock,30,mig_NQ_9,0.005090421
shock,30,med_NQ_9,-5.270710484
shock,30,mig_NQ_10,0.005744204
shock,30,med_NQ_10,-3.623853564
shock,30,mig_NQ_11,0.00733161
shock,30,med_NQ_11,-3.73787608
shock,30,mig_NQ_12,0.01252668
shock,30,med_NQ_12,-3.77276717
shock,30,mig_NQ_13,0.019939941
shock,30,med_NQ_13,-2.495692454
shock,30,mig_NQ_14,0.028040441
shock,30,med_NQ_14,-1.601428505
shock,30,mig_NQ_15,0.024612785
shock,30,med_NQ_15,-0.725732191
shock,30,mig_NQ_16,0.01149301
shock,30,med_NQ_16,-0.261703458
shock,30,mig_NQ_17,0.002590043
shock,30,med_NQ_17,-0.069037553
shock,31,beta_Q_2,0.999201100004965
shock,31,beta_Q_3,0.99894900000589
shock,31,beta_Q_4,0.9984177000069
shock,31,beta_Q_5,0.997499600010505
shock,31,beta_Q_6,0.995633400017744
shock,31,beta_Q_7,0.992928000032689
shock,31,beta_Q_8,0.988823400037651
shock,31,beta_Q_9,0.9825352000666
shock,31,beta_Q_10,0.973275500101007
shock,31,beta_Q_11,0.955727200158588
shock,31,beta_Q_12,0.924354500154249
shock,31,beta_Q_13,0.860054901228694
shock,31,beta_Q_14,0.706900998811492
shock,31,beta_Q_15,0.475543192940749
shock,31,beta_Q_16,0.280885408102888
shock,31,beta_Q_17,0.182826800014415
shock,31,h_Q_2,1251.721117
shock,31,h_Q_3,951.4747862
shock,31,h_Q_4,631.99140493808
shock,31,h_Q_5,399.936010306229
shock,31,h_Q_6,229.01112998155
shock,31,h_Q_7,141.402715012664
shock,31,h_Q_8,89.4726481319471
shock,31,h_Q_9,57.2580275297922
shock,31,h_Q_10,37.4188478448598
shock,31,h_Q_11,22.5872318775334
shock,31,h_Q_12,13.2195569743987
shock,31,h_Q_13,7.14565930696054
shock,31,h_Q_14,3.41181647128346
shock,31,h_Q_15,1.90673441016892
shock,31,h_Q_16,1.39059893430723
shock,31,h_Q_17,1.22373077603679
shock,31,P_Q_1,0.33042630215
shock,31,P_Q_2,0.113368929964898
shock,31,P_Q_3,0.118682296861769
shock,31,P_Q_4,0.126766262821678
shock,31,P_Q_5,0.130359924331415
shock,31,P_Q_6,0.128756961277142
shock,31,P_Q_7,0.126364715976597
shock,31,P_Q_8,0.0737128536971259
shock,31,P_Q_9,0.0764340116864232
shock,31,P_Q_10,0.0754065566760257
shock,31,P_Q_11,0.0711528644080807
shock,31,P_Q_12,0.067651708280304
shock,31,P_Q_13,0.0619447060263469
shock,31,P_Q_14,0.0479448471009724
shock,31,P_Q_15,0.0272311485391872
shock,31,P_Q_16,0.00990621281591927
shock,31,P_Q_17,0.00253638572385895
shock,31,L_Q,1.52232520857099
shock,31,beta_NQ_2,0.995207700035668
shock,31,beta_NQ_3,0.993759700042608
shock,31,beta_NQ_4,0.992647600044338
shock,31,beta_NQ_5,0.990231900055803
shock,31,beta_NQ_6,0.985464900078365
shock,31,beta_NQ_7,0.979749100110498
shock,31,beta_NQ_8,0.97229120013987
shock,31,beta_NQ_9,0.962417200193784
shock,31,beta_NQ_10,0.949751900245191
shock,31,beta_NQ_11,0.927400800261182
shock,31,beta_NQ_12,0.879296200358413
shock,31,beta_NQ_13,0.787429700165937
shock,31,beta_NQ_14,0.59719125653519
shock,31,beta_NQ_15,0.363096030026061
shock,31,beta_NQ_16,0.198786506105067
shock,31,beta_NQ_17,0.125249499392663
shock,31,h_NQ_2,208.6680717
shock,31,h_NQ_3,160.2487059956
shock,31,h_NQ_4,136.010010339576
shock,31,h_NQ_5,102.374054315991
shock,31,h_NQ_6,68.7989762631997
shock,31,h_NQ_7,49.3805213596646
shock,31,h_NQ_8,36.0896177294795
shock,31,h_NQ_9,26.6079163877063
shock,31,h_NQ_10,19.9012500017997
shock,31,h_NQ_11,13.7742564623362
shock,31,h_NQ_12,8.28474330990278
shock,31,h_NQ_13,4.70432604982283
shock,31,h_NQ_14,2.48256186216518
shock,31,h_NQ_15,1.57009533817557
shock,31,h_NQ_16,1.24810678438044
shock,31,h_NQ_17,1.14318311160093
shock,31,P_NQ_1,0.61364884685
shock,31,P_NQ_2,0.107454047028783
shock,31,P_NQ_3,0.121646719055427
shock,31,P_NQ_4,0.140658415299181
shock,31,P_NQ_5,0.145777446603747
shock,31,P_NQ_6,0.13806819073881
shock,31,P_NQ_7,0.130898545562074
shock,31,P_NQ_8,0.171996657249879
shock,31,P_NQ_9,0.178346025635362
shock,31,P_NQ_10,0.175948635023545
shock,31,P_NQ_11,0.166023348343237
shock,31,P_NQ_12,0.15785398799192
shock,31,P_NQ_13,0.144537649070729
shock,31,P_NQ_14,0.11187127646403
shock,31,P_NQ_15,0.06353933998233
shock,31,P_NQ_16,0.0231144955700468
shock,31,P_NQ_17,0.00591822965160267
shock,31,L_NQ,1.6256479199541
shock,31,pi_Q,0.35
shock,31,pi_NQ,0.65
shock,31,y,8.60609414536097
shock,31,nbar,8.20892154978732
shock,31,Ptot,4.18594854445845
shock,31,Pret,1.21258139166814
shock,31,H,642.700901458795
shock,31,cCheck,4.44089209850063e-16
shock,31,shareq,0.35
shock,31,A,1.971541027
shock,31,A_Q,2
shock,31,xpop,0.944075149
shock,31,h_Q_1,100
shock,31,mig_Q_2,-0.216919758
shock,31,med_Q_2,1153.721117
shock,31,mig_Q_3,0.002311925
shock,31,med_Q_3,-170.3200859
shock,31,mig_Q_4,0.002283046
shock,31,med_Q_4,-221.5927776
shock,31,mig_Q_5,0.001029907
shock,31,med_Q_5,-168.2458079
shock,31,mig_Q_6,0.00022224
shock,31,med_Q_6,-130.8067581
shock,31,mig_Q_7,-8.30941e-05
shock,31,med_Q_7,-64.71346729
shock,31,mig_Q_8,8.89313e-05
shock,31,med_Q_8,-37.73895141
shock,31,mig_Q_9,0.000284313
shock,31,med_Q_9,-23.19447671
shock,31,mig_Q_10,0.000312463
shock,31,med_Q_10,-14.0241816
shock,31,mig_Q_11,0.000570992
shock,31,med_Q_11,-11.03613154
shock,31,mig_Q_12,0.001198443
shock,31,med_Q_12,-7.097682165
shock,31,mig_Q_13,0.002770644
shock,31,med_Q_13,-4.723000694
shock,31,mig_Q_14,0.006038273
shock,31,med_Q_14,-3.047714553
shock,31,mig_Q_15,0.006514011
shock,31,med_Q_15,-1.283607612
shock,31,mig_Q_16,0.003054603
shock,31,med_Q_16,-0.441398998
shock,31,mig_Q_17,0.000866021
shock,31,med_Q_17,-0.124173302
shock,31,h_NQ_1,100
shock,31,mig_NQ_2,-0.503249912
shock,31,med_NQ_2,110.6680717
shock,31,mig_NQ_3,0.006319637
shock,31,med_NQ_3,-26.27229665
shock,31,mig_NQ_4,0.006474381
shock,31,med_NQ_4,-7.36965316
shock,31,mig_NQ_5,0.003918716
shock,31,med_NQ_5,-19.48163373
shock,31,mig_NQ_6,0.002585735
shock,31,med_NQ_6,-22.9647602
shock,31,mig_NQ_7,0.002396973
shock,31,med_NQ_7,-12.31600727
shock,31,mig_NQ_8,0.00335306
shock,31,med_NQ_8,-8.197762166
shock,31,mig_NQ_9,0.004646681
shock,31,med_NQ_9,-5.768870118
shock,31,mig_NQ_10,0.005361928
shock,31,med_NQ_10,-3.977252284
shock,31,mig_NQ_11,0.006662734
shock,31,med_NQ_11,-4.103735362
shock,31,mig_NQ_12,0.011026677
shock,31,med_NQ_12,-4.114057798
shock,31,mig_NQ_13,0.018987479
shock,31,med_NQ_13,-2.761390692
shock,31,mig_NQ_14,0.029818464
shock,31,med_NQ_14,-1.803466688
shock,31,mig_NQ_15,0.026767132
shock,31,med_NQ_15,-0.770905891
shock,31,mig_NQ_16,0.011803988
shock,31,med_NQ_16,-0.268392189
shock,31,mig_NQ_17,0.003244163
shock,31,med_NQ_17,-0.071345675
shock,32,beta_Q_2,0.999269100004051
shock,32,beta_Q_3,0.999037600005409
shock,32,beta_Q_4,0.998547900006572
shock,32,beta_Q_5,0.99770360000889
shock,32,beta_Q_6,0.995988100016699
shock,32,beta_Q_7,0.993505400026843
shock,32,beta_Q_8,0.989741200050571
shock,32,beta_Q_9,0.983982900051167
shock,32,beta_Q_10,0.975488100082098
shock,32,beta_Q_11,0.959352600108905
shock,32,beta_Q_12,0.930694600282621
shock,32,beta_Q_13,0.87094089970365
shock,32,beta_Q_14,0.720448003460304
shock,32,beta_Q_15,0.487967973946839
shock,32,beta_Q_16,0.291303050042397
shock,32,beta_Q_17,0.190079902031803
shock,32,h_Q_2,1368.176221
shock,32,h_Q_3,1039.06899466
shock,32,h_Q_4,688.657806176
shock,32,h_Q_5,435.464204839318
shock,32,h_Q_6,249.258456200104
shock,32,h_Q_7,153.974070801919
shock,32,h_Q_8,97.4772878724105
shock,32,h_Q_9,62.4332743593082
shock,32,h_Q_10,40.7965110391964
shock,32,h_Q_11,24.6018195179626
shock,32,h_Q_12,14.4288900889828
shock,32,h_Q_13,7.74838810391073
shock,32,h_Q_14,3.57715205882133
shock,32,h_Q_15,1.95300216085779
shock,32,h_Q_16,1.41104029496554
shock,32,h_Q_17,1.23468968862108
shock,32,P_Q_1,0.3258606687
shock,32,P_Q_2,0.113990704578853
shock,32,P_Q_3,0.115566259220172
shock,32,P_Q_4,0.120783042864264
shock,32,P_Q_5,0.12748208045945
shock,32,P_Q_6,0.130013201688142
shock,32,P_Q_7,0.127762892451199
shock,32,P_Q_8,0.12504184409677
shock,32,P_Q_9,0.0727043294547856
shock,32,P_Q_10,0.0746869129488298
shock,32,P_Q_11,0.072595159285578
shock,32,P_Q_12,0.0668715004144745
shock,32,P_Q_13,0.0606186892829693
shock,32,P_Q_14,0.0499259085611089
shock,32,P_Q_15,0.0299110906754525
shock,32,P_Q_16,0.01102520827054
shock,32,P_Q_17,0.0027762241893963
shock,32,L_Q,1.56681762702709
shock,32,beta_NQ_2,0.995627800032365
shock,32,beta_NQ_3,0.994301400037895
shock,32,beta_NQ_4,0.993276500039549
shock,32,beta_NQ_5,0.991063400050626
shock,32,beta_NQ_6,0.98669650007128
shock,32,beta_NQ_7,0.981464100096166
shock,32,beta_NQ_8,0.974632000133309
shock,32,beta_NQ_9,0.965583600165624
shock,32,beta_NQ_10,0.953941300216055
shock,32,beta_NQ_11,0.933326700278642
shock,32,beta_NQ_12,0.889069100360612
shock,32,beta_NQ_13,0.802548500099496
shock,32,beta_NQ_14,0.612639979588461
shock,32,beta_NQ_15,0.374459167163718
shock,32,beta_NQ_16,0.206698508885527
shock,32,beta_NQ_17,0.13006720557363
shock,32,h_NQ_2,228.717808
shock,32,h_NQ_3,175.481697256
shock,32,h_NQ_4,148.732059198688
shock,32,h_NQ_5,111.899380082784
shock,32,h_NQ_6,75.1681888196714
shock,32,h_NQ_7,53.9493631179357
shock,32,h_NQ_8,39.4197414064713
shock,32,h_NQ_9,29.0559151938899
shock,32,h_NQ_10,21.7114247689522
shock,32,h_NQ_11,14.9985076527637
shock,32,h_NQ_12,9.01462081008943
shock,32,h_NQ_13,5.06453483170472
shock,32,h_NQ_14,2.58157119482637
shock,32,h_NQ_15,1.59861649092188
shock,32,h_NQ_16,1.26055478441206
shock,32,h_NQ_17,1.14951408369283
shock,32,P_NQ_1,0.6051698133
shock,32,P_NQ_2,0.108946660503129
shock,32,P_NQ_3,0.112990011543688
shock,32,P_NQ_4,0.127060970723637
shock,32,P_NQ_5,0.143050549840546
shock,32,P_NQ_6,0.14613397385104
shock,32,P_NQ_7,0.137520359630233
shock,32,P_NQ_8,0.130423587961113
shock,32,P_NQ_9,0.169643432313118
shock,32,P_NQ_10,0.174269461748363
shock,32,P_NQ_11,0.169388707925698
shock,32,P_NQ_12,0.15603349836899
shock,32,P_NQ_13,0.141443611434475
shock,32,P_NQ_14,0.116493926265191
shock,32,P_NQ_15,0.0697925173580372
shock,32,P_NQ_16,0.0257254813953094
shock,32,P_NQ_17,0.00647785499886228
shock,32,L_NQ,1.5622198162533
shock,32,pi_Q,0.35
shock,32,pi_NQ,0.65
shock,32,y,9.25903018036183
shock,32,nbar,8.30965846149397
shock,32,Ptot,4.16818013630342
shock,32,Pret,1.22803575312327
shock,32,H,684.767975588134
shock,32,cCheck,4.44089209850063e-16
shock,32,shareq,0.35
shock,32,A,2.103087189
shock,32,A_Q,2
shock,32,xpop,0.931030482
shock,32,h_Q_1,100
shock,32,mig_Q_2,-0.21617162
shock,32,med_Q_2,1270.176221
shock,32,mig_Q_3,0.00231648
shock,32,med_Q_3,-187.6177
shock,32,mig_Q_4,0.002288537
shock,32,med_Q_4,-243.7874843
shock,32,mig_Q_5,0.001032784
shock,32,med_Q_5,-183.887372
shock,32,mig_Q_6,0.000222507
shock,32,med_Q_6,-142.6788339
shock,32,mig_Q_7,-8.34996e-05
shock,32,med_Q_7,-70.45683658
shock,32,mig_Q_8,8.9456e-05
shock,32,med_Q_8,-41.09737284
shock,32,mig_Q_9,0.000278856
shock,32,med_Q_9,-25.24992081
shock,32,mig_Q_10,0.000295562
shock,32,med_Q_10,-15.31635594
shock,32,mig_Q_11,0.000527062
shock,32,med_Q_11,-12.06865137
shock,32,mig_Q_12,0.00110103
shock,32,med_Q_12,-7.706597151
shock,32,mig_Q_13,0.002434506
shock,32,med_Q_13,-5.206777731
shock,32,mig_Q_14,0.006137134
shock,32,med_Q_14,-3.425594062
shock,32,mig_Q_15,0.007111245
shock,32,med_Q_15,-1.390577981
shock,32,mig_Q_16,0.003376376
shock,32,med_Q_16,-0.457559427
shock,32,mig_Q_17,0.000965103
shock,32,med_Q_17,-0.128097267
shock,32,h_NQ_1,100
shock,32,mig_NQ_2,-0.501761397
shock,32,med_NQ_2,130.717808
shock,32,mig_NQ_3,0.00620651
shock,32,med_NQ_3,-29.01301301
shock,32,mig_NQ_4,0.006308647
shock,32,med_NQ_4,-8.311672677
shock,32,mig_NQ_5,0.0037661
shock,32,med_NQ_5,-21.39043005
shock,32,mig_NQ_6,0.002475417
shock,32,med_NQ_6,-25.15838441
shock,32,mig_NQ_7,0.002248174
shock,32,med_NQ_7,-13.47363362
shock,32,mig_NQ_8,0.003152084
shock,32,med_NQ_8,-8.973169526
shock,32,mig_NQ_9,0.004110891
shock,32,med_NQ_9,-6.311910181
shock,32,mig_NQ_10,0.004884985
shock,32,med_NQ_10,-4.364333291
shock,32,mig_NQ_11,0.006213803
shock,32,med_NQ_11,-4.504717349
shock,32,mig_NQ_12,0.010049799
shock,32,med_NQ_12,-4.484150523
shock,32,mig_NQ_13,0.017144693
shock,32,med_NQ_13,-3.054513612
shock,32,mig_NQ_14,0.030177306
shock,32,med_NQ_14,-2.028668334
shock,32,mig_NQ_15,0.029172501
shock,32,med_NQ_15,-0.834294134
shock,32,mig_NQ_16,0.013094718
shock,32,med_NQ_16,-0.278138647
shock,32,mig_NQ_17,0.003582776
shock,32,med_NQ_17,-0.073630565
shock,33,beta_Q_2,0.999331100003848
shock,33,beta_Q_3,0.99911830000427
shock,33,beta_Q_4,0.998666800006164
shock,33,beta_Q_5,0.997890200009164
shock,33,beta_Q_6,0.996312500012747
shock,33,beta_Q_7,0.994033200025952
shock,33,beta_Q_8,0.990580000040723
shock,33,beta_Q_9,0.985305400080463
shock,33,beta_Q_10,0.977510000054601
shock,33,beta_Q_11,0.962670300082601
shock,33,beta_Q_12,0.936498500182189
shock,33,beta_Q_13,0.88100390014641
shock,33,beta_Q_14,0.733422297417913
shock,33,beta_Q_15,0.500254993343758
shock,33,beta_Q_16,0.303879367492908
shock,33,beta_Q_17,0.199849538965479
shock,33,h_Q_2,1494.991778
shock,33,h_Q_3,1134.17262098
shock,33,h_Q_4,750.0750079668
shock,33,h_Q_5,473.97857645248
shock,33,h_Q_6,271.186440642532
shock,33,h_Q_7,167.594020346102
shock,33,h_Q_8,106.157112565881
shock,33,h_Q_9,68.0522097349623
shock,33,h_Q_10,44.464206232122
shock,33,h_Q_11,26.7883213184125
shock,33,h_Q_12,15.7476594726033
shock,33,h_Q_13,8.40363674620311
shock,33,h_Q_14,3.75125147483252
shock,33,h_Q_15,2.00101976264491
shock,33,h_Q_16,1.43653247264063
shock,33,h_Q_17,1.24976492106623
shock,33,P_Q_1,0.31836346465
shock,33,P_Q_2,0.114570587138567
shock,33,P_Q_3,0.116199772925383
shock,33,P_Q_4,0.117691332455918
shock,33,P_Q_5,0.121542843685704
shock,33,P_Q_6,0.127193068102984
shock,33,P_Q_7,0.129085604151949
shock,33,P_Q_8,0.126539783896582
shock,33,P_Q_9,0.123316471382086
shock,33,P_Q_10,0.0711997692075917
shock,33,P_Q_11,0.0721264721315673
shock,33,P_Q_12,0.0685634817537442
shock,33,P_Q_13,0.0605398167355155
shock,33,P_Q_14,0.0495108806662957
shock,33,P_Q_15,0.0318012424480195
shock,33,P_Q_16,0.012408367943854
shock,33,P_Q_17,0.00319390850794446
shock,33,L_Q,1.60911075489373
shock,33,beta_NQ_2,0.996010100027693
shock,33,beta_NQ_3,0.994794500034543
shock,33,beta_NQ_4,0.993849800034964
shock,33,beta_NQ_5,0.991821900044768
shock,33,beta_NQ_6,0.987820900065339
shock,33,beta_NQ_7,0.983030700088044
shock,33,beta_NQ_8,0.976772100115308
shock,33,beta_NQ_9,0.968481400160999
shock,33,beta_NQ_10,0.957781700181515
shock,33,beta_NQ_11,0.938775200242247
shock,33,beta_NQ_12,0.898099100429958
shock,33,beta_NQ_13,0.816738200140866
shock,33,beta_NQ_14,0.627654083587172
shock,33,beta_NQ_15,0.385817471492571
shock,33,beta_NQ_16,0.216589118704366
shock,33,beta_NQ_17,0.136997204856169
shock,33,h_NQ_2,250.6328479
shock,33,h_NQ_3,192.10450488
shock,33,h_NQ_4,162.59633832788
shock,33,h_NQ_5,122.277790684714
shock,33,h_NQ_6,82.1078733311287
shock,33,h_NQ_7,58.929949963278
shock,33,h_NQ_8,43.051674915577
shock,33,h_NQ_9,31.7272975323419
shock,33,h_NQ_10,23.6864108600121
shock,33,h_NQ_11,16.3332505785731
shock,33,h_NQ_12,9.8134560187084
shock,33,h_NQ_13,5.45667454688764
shock,33,h_NQ_14,2.68566758207063
shock,33,h_NQ_15,1.62818028292984
shock,33,h_NQ_16,1.27646934510344
shock,33,h_NQ_17,1.15874479372381
shock,33,P_NQ_1,0.59124643435
shock,33,P_NQ_2,0.112442547861876
shock,33,P_NQ_3,0.114474775067714
shock,33,P_NQ_4,0.118422098205543
shock,33,P_NQ_5,0.129494036659101
shock,33,P_NQ_6,0.143418505860939
shock,33,P_NQ_7,0.145543746139188
shock,33,P_NQ_8,0.137014187165466
shock,33,P_NQ_9,0.129825222610009
shock,33,P_NQ_10,0.166132794393891
shock,33,P_NQ_11,0.168295099692934
shock,33,P_NQ_12,0.159981460166747
shock,33,P_NQ_13,0.14125957108131
shock,33,P_NQ_14,0.115525530222135
shock,33,P_NQ_15,0.074202938608895
shock,33,P_NQ_16,0.0289528442692735
shock,33,P_NQ_17,0.00745245247712429
shock,33,L_NQ,1.50737646816107
shock,33,pi_Q,0.35
shock,33,pi_NQ,0.65
shock,33,y,9.97225244282509
shock,33,nbar,8.42460067438544
shock,33,Ptot,4.14753111261585
shock,33,Pret,1.23114663030684
shock,33,H,733.504303221681
shock,33,cCheck,-8.88178419700125e-16
shock,33,shareq,0.35
shock,33,A,2.243410441
shock,33,A_Q,2
shock,33,xpop,0.909609899
shock,33,h_Q_1,100
shock,33,mig_Q_2,-0.21105191
shock,33,med_Q_2,1396.991778
shock,33,mig_Q_3,0.002318773
shock,33,med_Q_3,-206.6400756
shock,33,mig_Q_4,0.002292887
shock,33,med_Q_4,-268.2126068
shock,33,mig_Q_5,0.001037167
shock,33,med_Q_5,-200.9060736
shock,33,mig_Q_6,0.000222433
shock,33,med_Q_6,-155.5684801
shock,33,mig_Q_7,-8.32138e-05
shock,33,med_Q_7,-76.67926673
shock,33,mig_Q_8,8.75854e-05
shock,33,med_Q_8,-44.73747682
shock,33,mig_Q_9,0.000277435
shock,33,med_Q_9,-27.47553238
shock,33,mig_Q_10,0.000277561
shock,33,med_Q_10,-16.72040264
shock,33,mig_Q_11,0.000475388
shock,33,med_Q_11,-13.1922595
shock,33,mig_Q_12,0.000999559
shock,33,med_Q_12,-8.362123655
shock,33,mig_Q_13,0.002298692
shock,33,med_Q_13,-5.736675541
shock,33,mig_Q_14,0.005838267
shock,33,med_Q_14,-3.842168867
shock,33,mig_Q_15,0.007438998
shock,33,med_Q_15,-1.504589255
shock,33,mig_Q_16,0.003695176
shock,33,med_Q_16,-0.477409645
shock,33,mig_Q_17,0.001098238
shock,33,med_Q_17,-0.133054568
shock,33,h_NQ_1,100
shock,33,mig_NQ_2,-0.490081342
shock,33,med_NQ_2,152.6328479
shock,33,mig_NQ_3,0.006148958
shock,33,med_NQ_3,-32.03894696
shock,33,mig_NQ_4,0.006191775
shock,33,med_NQ_4,-9.375724983
shock,33,mig_NQ_5,0.003568559
shock,33,med_NQ_5,-23.47962733
shock,33,mig_NQ_6,0.002271029
shock,33,med_NQ_6,-27.55351915
shock,33,mig_NQ_7,0.002118497
shock,33,med_NQ_7,-14.73487508
shock,33,mig_NQ_8,0.002982444
shock,33,med_NQ_8,-9.81870094
shock,33,mig_NQ_9,0.003890345
shock,33,med_NQ_9,-6.904049046
shock,33,mig_NQ_10,0.004302918
shock,33,med_NQ_10,-4.78838603
shock,33,mig_NQ_11,0.005644758
shock,33,med_NQ_11,-4.943945695
shock,33,mig_NQ_12,0.009383194
shock,33,med_NQ_12,-4.885081481
shock,33,mig_NQ_13,0.016035121
shock,33,med_NQ_13,-3.377653847
shock,33,mig_NQ_14,0.028871519
shock,33,med_NQ_14,-2.277576553
shock,33,mig_NQ_15,0.03058072
shock,33,med_NQ_15,-0.901759488
shock,33,mig_NQ_16,0.014526835
shock,33,med_NQ_16,-0.290174816
shock,33,mig_NQ_17,0.004106411
shock,33,med_NQ_17,-0.076598895
shock,34,beta_Q_2,0.999387600003082
shock,34,beta_Q_3,0.999192000004174
shock,34,beta_Q_4,0.998775500004561
shock,34,beta_Q_5,0.998060900008674
shock,34,beta_Q_6,0.996609400015466
shock,34,beta_Q_7,0.994516100018804
shock,34,beta_Q_8,0.991347000040712
shock,34,beta_Q_9,0.986513900063244
shock,34,beta_Q_10,0.979358000120197
shock,34,beta_Q_11,0.96570680003116
shock,34,beta_Q_12,0.941810400130737
shock,34,beta_Q_13,0.890301199915984
shock,34,beta_Q_14,0.745840599275976
shock,34,beta_Q_15,0.512354776424236
shock,34,beta_Q_16,0.316518299435644
shock,34,beta_Q_17,0.211702231823928
shock,34,h_Q_2,1632.91966
shock,34,h_Q_3,1237.62376284
shock,34,h_Q_4,816.6598610604
shock,34,h_Q_5,515.703161707464
shock,34,h_Q_6,294.93305052343
shock,34,h_Q_7,182.351975749681
shock,34,h_Q_8,115.56685552918
shock,34,h_Q_9,74.1504215845631
shock,34,h_Q_10,48.4449182102631
shock,34,h_Q_11,29.1602999174796
shock,34,h_Q_12,17.1852014350442
shock,34,h_Q_13,9.11586996915126
shock,34,h_Q_14,3.93453870727905
shock,34,h_Q_15,2.05067039033587
shock,34,h_Q_16,1.46309679139201
shock,34,h_Q_17,1.26855610818782
shock,34,P_Q_1,0.31098217185
shock,34,P_Q_2,0.114350002329721
shock,34,P_Q_3,0.116790285252376
shock,34,P_Q_4,0.118340028388835
shock,34,P_Q_5,0.118483816283781
shock,34,P_Q_6,0.121318260451162
shock,34,P_Q_7,0.126351377207528
shock,34,P_Q_8,0.127956569166094
shock,34,P_Q_9,0.124953327398317
shock,34,P_Q_10,0.120813991947436
shock,34,P_Q_11,0.0689577981888842
shock,34,P_Q_12,0.0684328579746452
shock,34,P_Q_13,0.0625715878326659
shock,34,P_Q_14,0.0503068294754212
shock,34,P_Q_15,0.0320200662781614
shock,34,P_Q_16,0.0135383444405928
shock,34,P_Q_17,0.00375145061289325
shock,34,L_Q,1.59001893388529
shock,34,beta_NQ_2,0.996358100025542
shock,34,beta_NQ_3,0.995243800029205
shock,34,beta_NQ_4,0.994372700032295
shock,34,beta_NQ_5,0.992514000039826
shock,34,beta_NQ_6,0.988847600057919
shock,34,beta_NQ_7,0.984461900081442
shock,34,beta_NQ_8,0.978728200106791
shock,34,beta_NQ_9,0.971132900138259
shock,34,beta_NQ_10,0.961300700181115
shock,34,beta_NQ_11,0.943781400192425
shock,34,beta_NQ_12,0.906432000373016
shock,34,beta_NQ_13,0.83003340034535
shock,34,beta_NQ_14,0.642230985309805
shock,34,beta_NQ_15,0.397119873183648
shock,34,beta_NQ_16,0.226629921509611
shock,34,beta_NQ_17,0.145706808057655
shock,34,h_NQ_2,274.581949
shock,34,h_NQ_3,210.251881712
shock,34,h_NQ_4,177.7051161624
shock,34,h_NQ_5,133.582687681322
shock,34,h_NQ_6,89.6667981810199
shock,34,h_NQ_7,64.3579330845062
shock,34,h_NQ_8,47.0105961840124
shock,34,h_NQ_9,34.6415123002654
shock,34,h_NQ_10,25.8402606766951
shock,34,h_NQ_11,17.7877072618119
shock,34,h_NQ_12,10.6874145010016
shock,34,h_NQ_13,5.88350888133423
shock,34,h_NQ_14,2.79509181594989
shock,34,h_NQ_15,1.65870432942921
shock,34,h_NQ_16,1.29304197227125
shock,34,h_NQ_17,1.17055830320137
shock,34,P_NQ_1,0.57753831915
shock,34,P_NQ_2,0.11546746721796
shock,34,P_NQ_3,0.117958809182865
shock,34,P_NQ_4,0.119902564310095
shock,34,P_NQ_5,0.120882148449509
shock,34,P_NQ_6,0.129924564845687
shock,34,P_NQ_7,0.14286370922206
shock,34,P_NQ_8,0.144998010575024
shock,34,P_NQ_9,0.136397757827932
shock,34,P_NQ_10,0.128410656437858
shock,34,P_NQ_11,0.160901527323929
shock,34,P_NQ_12,0.159676666640994
shock,34,P_NQ_13,0.146000372832496
shock,34,P_NQ_14,0.117382738634957
shock,34,P_NQ_15,0.0747135279631427
shock,34,P_NQ_16,0.0315894730785747
shock,34,P_NQ_17,0.00875338073752642
shock,34,L_NQ,1.49188826697959
shock,34,pi_Q,0.35
shock,34,pi_NQ,0.65
shock,34,y,10.6560217065108
shock,34,nbar,8.44542066711349
shock,34,Ptot,4.13328045950913
shock,34,Pret,1.24782127040018
shock,34,H,787.086151785145
shock,34,cCheck,4.44089209850063e-16
shock,34,shareq,0.35
shock,34,A,2.393096413
shock,34,A_Q,2
shock,34,xpop,0.888520491
shock,34,h_Q_1,100
shock,34,mig_Q_2,-0.203800509
shock,34,med_Q_2,1534.91966
shock,34,mig_Q_3,0.002320715
shock,34,med_Q_3,-227.4681796
shock,34,mig_Q_4,0.002295173
shock,34,med_Q_4,-294.8293075
shock,34,mig_Q_5,0.001040789
shock,34,med_Q_5,-219.3703461
shock,34,mig_Q_6,0.000223606
shock,34,med_Q_6,-169.5659544
shock,34,mig_Q_7,-8.27553e-05
shock,34,med_Q_7,-83.41073608
shock,34,mig_Q_8,8.69514e-05
shock,34,med_Q_8,-48.67528441
shock,34,mig_Q_9,0.000272995
shock,34,med_Q_9,-29.88354873
shock,34,mig_Q_10,0.000270908
shock,34,med_Q_10,-18.24624733
shock,34,mig_Q_11,0.000415895
shock,34,med_Q_11,-14.41462219
shock,34,mig_Q_12,0.000886525
shock,34,med_Q_12,-9.067353457
shock,34,mig_Q_13,0.002166893
shock,34,med_Q_13,-6.316836314
shock,34,mig_Q_14,0.005905578
shock,34,med_Q_14,-4.301025304
shock,34,mig_Q_15,0.007252001
shock,34,med_Q_15,-1.625556055
shock,34,mig_Q_16,0.003874603
shock,34,med_Q_16,-0.497902576
shock,34,mig_Q_17,0.001271644
shock,34,med_Q_17,-0.139245715
shock,34,h_NQ_1,100
shock,34,mig_NQ_2,-0.473419953
shock,34,med_NQ_2,176.581949
shock,34,mig_NQ_3,0.006101581
shock,34,med_NQ_3,-35.36830923
shock,34,mig_NQ_4,0.006131832
shock,34,med_NQ_4,-10.55729862
shock,34,mig_NQ_5,0.003428518
shock,34,med_NQ_5,-25.76172388
shock,34,mig_NQ_6,0.002007649
shock,34,med_NQ_6,-30.16543669
shock,34,mig_NQ_7,0.001878915
shock,34,med_NQ_7,-16.10778278
shock,34,mig_NQ_8,0.00283494
shock,34,med_NQ_8,-10.74075478
shock,34,mig_NQ_9,0.003702066
shock,34,med_NQ_9,-7.549129117
shock,34,mig_NQ_10,0.004066434
shock,34,med_NQ_10,-5.252490905
shock,34,mig_NQ_11,0.00494018
shock,34,med_NQ_11,-5.424975381
shock,34,mig_NQ_12,0.008530989
shock,34,med_NQ_12,-5.319171066
shock,34,mig_NQ_13,0.015337403
shock,34,med_NQ_13,-3.733678017
shock,34,mig_NQ_14,0.028720592
shock,34,med_NQ_14,-2.55244924
shock,34,mig_NQ_15,0.03014176
shock,34,med_NQ_15,-0.973249901
shock,34,mig_NQ_16,0.015517924
shock,34,med_NQ_16,-0.302574705
shock,34,mig_NQ_17,0.004786922
shock,34,med_NQ_17,-0.080381655
shock,35,beta_Q_2,0.99943910000293
shock,35,beta_Q_3,0.99925920000321
shock,35,beta_Q_4,0.998875000004838
shock,35,beta_Q_5,0.998217000005663
shock,35,beta_Q_6,0.996881100014151
shock,35,beta_Q_7,0.994957800025594
shock,35,beta_Q_8,0.992048400026808
shock,35,beta_Q_9,0.987618300065522
shock,35,beta_Q_10,0.981047400091141
shock,35,beta_Q_11,0.968486200199883
shock,35,beta_Q_12,0.946671900020683
shock,35,beta_Q_13,0.898886899824713
shock,35,beta_Q_14,0.757719698206412
shock,35,beta_Q_15,0.524262384130702
shock,35,beta_Q_16,0.329157368970759
shock,35,beta_Q_17,0.22375696978696
shock,35,h_Q_2,1782.848993
shock,35,h_Q_3,1349.8920083
shock,35,h_Q_4,888.8888893832
shock,35,h_Q_5,560.852495639192
shock,35,h_Q_6,320.625862073315
shock,35,h_Q_7,198.326127802962
shock,35,h_Q_8,125.760853124688
shock,35,h_Q_9,80.7643539485964
shock,35,h_Q_10,52.7632093128719
shock,35,h_Q_11,31.7321301360578
shock,35,h_Q_12,18.75183994213
shock,35,h_Q_13,9.88991530834334
shock,35,h_Q_14,4.12745069476824
shock,35,h_Q_15,2.10199819013347
shock,35,h_Q_16,1.49066238152915
shock,35,h_Q_17,1.28825625856417
shock,35,P_Q_1,0.30628153255
shock,35,P_Q_2,0.113015538368918
shock,35,P_Q_3,0.116580235528315
shock,35,P_Q_4,0.118944229548617
shock,35,P_Q_5,0.119153239240812
shock,35,P_Q_6,0.118307566058122
shock,35,P_Q_7,0.120572708644956
shock,35,P_Q_8,0.125343742845695
shock,35,P_Q_9,0.126501451086756
shock,35,P_Q_10,0.12263590182918
shock,35,P_Q_11,0.117065577562549
shock,35,P_Q_12,0.0657041245044077
shock,35,P_Q_13,0.0629227495685068
shock,35,P_Q_14,0.0526468205667649
shock,35,P_Q_15,0.0333607233684916
shock,35,P_Q_16,0.0138983629261803
shock,35,P_Q_17,0.00431255073327455
shock,35,L_Q,1.57123597571618
shock,35,beta_NQ_2,0.996674600022679
shock,35,beta_NQ_3,0.995652800027067
shock,35,beta_NQ_4,0.994849500026568
shock,35,beta_NQ_5,0.993145400037061
shock,35,beta_NQ_6,0.98978510005142
shock,35,beta_NQ_7,0.985769000073407
shock,35,beta_NQ_8,0.980516300099409
shock,35,beta_NQ_9,0.973558100129307
shock,35,beta_NQ_10,0.964524000153219
shock,35,beta_NQ_11,0.94837860020566
shock,35,beta_NQ_12,0.914113700281407
shock,35,beta_NQ_13,0.842470900251059
shock,35,beta_NQ_14,0.656369384900565
shock,35,beta_NQ_15,0.408358575984497
shock,35,beta_NQ_16,0.236769321574473
shock,35,beta_NQ_17,0.154645610028818
shock,35,h_NQ_2,300.7157034
shock,35,h_NQ_3,230.03312479
shock,35,h_NQ_4,194.15590714776
shock,35,h_NQ_5,145.887433289152
shock,35,h_NQ_6,97.8962104376959
shock,35,h_NQ_7,70.2691307773995
shock,35,h_NQ_8,51.324953682816
shock,35,h_NQ_9,37.8187649103322
shock,35,h_NQ_10,28.1880707992601
shock,35,h_NQ_11,19.3718109161612
shock,35,h_NQ_12,11.6433004935756
shock,35,h_NQ_13,6.34803347498161
shock,35,h_NQ_14,2.91009325470755
shock,35,h_NQ_15,1.69021273563089
shock,35,h_NQ_16,1.31021982884063
shock,35,h_NQ_17,1.18293581882582
shock,35,P_NQ_1,0.56880856045
shock,35,P_NQ_2,0.115841451360239
shock,35,P_NQ_3,0.120972486853751
shock,35,P_NQ_4,0.12337692757976
shock,35,P_NQ_5,0.122360492718445
shock,35,P_NQ_6,0.121355379384142
shock,35,P_NQ_7,0.129476613975239
shock,35,P_NQ_8,0.142384448987487
shock,35,P_NQ_9,0.144350961524001
shock,35,P_NQ_10,0.134983195103125
shock,35,P_NQ_11,0.12585732813255
shock,35,P_NQ_12,0.153309622275302
shock,35,P_NQ_13,0.146819748567835
shock,35,P_NQ_14,0.122842727299813
shock,35,P_NQ_15,0.0778417302806632
shock,35,P_NQ_16,0.0324295159779932
shock,35,P_NQ_17,0.0100626172905023
shock,35,L_NQ,1.47525208902945
shock,35,pi_Q,0.35
shock,35,pi_NQ,0.65
shock,35,y,11.3868459683162
shock,35,nbar,8.46647360603582
shock,35,Ptot,4.1303208626924
shock,35,Pret,1.27669329598714
shock,35,H,844.964031232813
shock,35,cCheck,1.33226762955019e-15
shock,35,shareq,0.35
shock,35,A,2.552769808
shock,35,A_Q,2
shock,35,xpop,0.875090093
shock,35,h_Q_1,100
shock,35,mig_Q_2,-0.197776188
shock,35,med_Q_2,1684.848993
shock,35,mig_Q_3,0.002322628
shock,35,med_Q_3,-250.3692585
shock,35,mig_Q_4,0.002296954
shock,35,med_Q_4,-323.9823982
shock,35,mig_Q_5,0.001042684
shock,35,med_Q_5,-239.4741682
shock,35,mig_Q_6,0.000225481
shock,35,med_Q_6,-184.7632364
shock,35,mig_Q_7,-8.02546e-05
shock,35,med_Q_7,-90.70826171
shock,35,mig_Q_8,8.56841e-05
shock,35,med_Q_8,-52.94408311
shock,35,mig_Q_9,0.000270517
shock,35,med_Q_9,-32.49116447
shock,35,mig_Q_10,0.000261861
shock,35,med_Q_10,-19.90420384
shock,35,mig_Q_11,0.000394684
shock,35,med_Q_11,-15.74388971
shock,35,mig_Q_12,0.000758953
shock,35,med_Q_12,-9.825253977
shock,35,mig_Q_13,0.001996894
shock,35,med_Q_13,-6.951582098
shock,35,mig_Q_14,0.00597839
shock,35,med_Q_14,-4.806101875
shock,35,mig_Q_15,0.007585779
shock,35,med_Q_15,-1.753849743
shock,35,mig_Q_16,0.003763426
shock,35,med_Q_16,-0.518994601
shock,35,mig_Q_17,0.001446453
shock,35,med_Q_17,-0.145578597
shock,35,h_NQ_1,100
shock,35,mig_NQ_2,-0.459593531
shock,35,med_NQ_2,202.7157034
shock,35,mig_NQ_3,0.006054206
shock,35,med_NQ_3,-39.05718523
shock,35,mig_NQ_4,0.006081908
shock,35,med_NQ_4,-11.89093693
shock,35,mig_NQ_5,0.003355519
shock,35,med_NQ_5,-28.26358055
shock,35,mig_NQ_6,0.001821357
shock,35,med_NQ_6,-33.01482349
shock,35,mig_NQ_7,0.00157083
shock,35,med_NQ_7,-17.60433144
shock,35,mig_NQ_8,0.002559708
shock,35,med_NQ_8,-11.74582074
shock,35,mig_NQ_9,0.003538623
shock,35,med_NQ_9,-8.25161935
shock,35,mig_NQ_10,0.003863935
shock,35,med_NQ_10,-5.760611255
shock,35,mig_NQ_11,0.004665739
shock,35,med_NQ_11,-5.951644547
shock,35,mig_NQ_12,0.007463329
shock,35,med_NQ_12,-5.788652623
shock,35,mig_NQ_13,0.014282782
shock,35,med_NQ_13,-4.125632736
shock,35,mig_NQ_14,0.029076764
shock,35,med_NQ_14,-2.855745449
shock,35,mig_NQ_15,0.031226712
shock,35,med_NQ_15,-1.048977244
shock,35,mig_NQ_16,0.015497195
shock,35,med_NQ_16,-0.315310414
shock,35,mig_NQ_17,0.005459816
shock,35,med_NQ_17,-0.084245314
shock,36,beta_Q_2,0.999486100002423
shock,36,beta_Q_3,0.999320600003142
shock,36,beta_Q_4,0.998965900003381
shock,36,beta_Q_5,0.998359900006839
shock,36,beta_Q_6,0.997129900007867
shock,36,beta_Q_7,0.995362200023692
shock,36,beta_Q_8,0.992690100042264
shock,36,beta_Q_9,0.988628000039784
shock,36,beta_Q_10,0.982592400098441
shock,36,beta_Q_11,0.971031100136121
shock,36,beta_Q_12,0.951120700425128
shock,36,beta_Q_13,0.906811999552915
shock,36,beta_Q_14,0.769077097730359
shock,36,beta_Q_15,0.535973181667229
shock,36,beta_Q_16,0.341780584233152
shock,36,beta_Q_17,0.235953329672189
shock,36,h_Q_2,1945.903872
shock,36,h_Q_3,1471.88695934
shock,36,h_Q_4,967.024465434
shock,36,h_Q_5,609.718920095536
shock,36,h_Q_6,348.419915526408
shock,36,h_Q_7,215.619475131848
shock,36,h_Q_8,136.800777336902
shock,36,h_Q_9,87.9352796021941
shock,36,h_Q_10,57.4461730396245
shock,36,h_Q_11,34.5197781466144
shock,36,h_Q_12,20.4585582033367
shock,36,h_Q_13,10.7309953262874
shock,36,h_Q_14,4.33044964417647
shock,36,h_Q_15,2.15504698187287
shock,36,h_Q_16,1.5192500263308
shock,36,h_Q_17,1.30882048689857
shock,36,P_Q_1,0.3046745849
shock,36,P_Q_2,0.11047863023929
shock,36,P_Q_3,0.115256477458457
shock,36,P_Q_4,0.11874780576391
shock,36,P_Q_5,0.119776218988006
shock,36,P_Q_6,0.11900789120463
shock,36,P_Q_7,0.117633984151572
shock,36,P_Q_8,0.119700435798127
shock,36,P_Q_9,0.124058292233115
shock,36,P_Q_10,0.124359711696418
shock,36,P_Q_11,0.119142948570628
shock,36,P_Q_12,0.111531701738157
shock,36,P_Q_13,0.060835200781464
shock,36,P_Q_14,0.0535830688133666
shock,36,P_Q_15,0.0354778056672334
shock,36,P_Q_16,0.014956384930934
shock,36,P_Q_17,0.00467479957336152
shock,36,L_Q,1.55226418049761
shock,36,beta_NQ_2,0.996962800020183
shock,36,beta_NQ_3,0.996025900024401
shock,36,beta_NQ_4,0.99528450002507
shock,36,beta_NQ_5,0.99372170002992
shock,36,beta_NQ_6,0.990640900048467
shock,36,beta_NQ_7,0.986963100063995
shock,36,beta_NQ_8,0.982150400089985
shock,36,beta_NQ_9,0.975776100121519
shock,36,beta_NQ_10,0.967475600144764
shock,36,beta_NQ_11,0.952598600166567
shock,36,beta_NQ_12,0.921187900336114
shock,36,beta_NQ_13,0.854089100044522
shock,36,beta_NQ_14,0.670069880789206
shock,36,beta_NQ_15,0.419525880663102
shock,36,beta_NQ_16,0.246996423724605
shock,36,beta_NQ_17,0.16376980933831
shock,36,h_NQ_2,329.2506256
shock,36,h_NQ_3,251.629299742
shock,36,h_NQ_4,212.0665889242
shock,36,h_NQ_5,159.278785614805
shock,36,h_NQ_6,106.847880703369
shock,36,h_NQ_7,76.705351728942
shock,36,h_NQ_8,56.0236644018515
shock,36,h_NQ_9,41.2815442631597
shock,36,h_NQ_10,30.7461475031255
shock,36,h_NQ_11,21.0964233032749
shock,36,h_NQ_12,12.6884069838379
shock,36,h_NQ_13,6.85349757070412
shock,36,h_NQ_14,3.03093585348198
shock,36,h_NQ_15,1.7227294546134
shock,36,h_NQ_16,1.32801489591828
shock,36,h_NQ_17,1.19584295926382
shock,36,P_NQ_1,0.5658242291
shock,36,P_NQ_2,0.112137886475979
shock,36,P_NQ_3,0.121339478406022
shock,36,P_NQ_4,0.126381563063424
shock,36,P_NQ_5,0.125825621096544
shock,36,P_NQ_6,0.122833794527667
shock,36,P_NQ_7,0.120981582989035
shock,36,P_NQ_8,0.129158999484401
shock,36,P_NQ_9,0.141850798644216
shock,36,P_NQ_10,0.142918485835093
shock,36,P_NQ_11,0.132442425623189
shock,36,P_NQ_12,0.122102414926777
shock,36,P_NQ_13,0.141948799495424
shock,36,P_NQ_14,0.125027304058726
shock,36,P_NQ_15,0.0827815931902036
shock,36,P_NQ_16,0.0348982366687357
shock,36,P_NQ_17,0.0109078622813561
shock,36,L_NQ,1.45398695434163
shock,36,pi_Q,0.35
shock,36,pi_NQ,0.65
shock,36,y,12.1557864229426
shock,36,nbar,8.47561757910387
shock,36,Ptot,4.13325701837546
shock,36,Pret,1.31758874385107
shock,36,H,903.443095123241
shock,36,cCheck,0
shock,36,shareq,0.35
shock,36,A,2.723097013
shock,36,A_Q,2
shock,36,xpop,0.870498814
shock,36,h_Q_1,100
shock,36,mig_Q_2,-0.195631109
shock,36,med_Q_2,1847.903872
shock,36,mig_Q_3,0.002324661
shock,36,med_Q_3,-275.3050538
shock,36,mig_Q_4,0.002298723
shock,36,med_Q_4,-355.8697027
shock,36,mig_Q_5,0.001044067
shock,36,med_Q_5,-261.3921915
shock,36,mig_Q_6,0.000226279
shock,36,med_Q_6,-201.2155302
shock,36,mig_Q_7,-7.70515e-05
shock,36,med_Q_7,-98.5938697
shock,36,mig_Q_8,8.64731e-05
shock,36,med_Q_8,-57.55882791
shock,36,mig_Q_9,0.000266518
shock,36,med_Q_9,-35.31035646
shock,36,mig_Q_10,0.000255792
shock,36,med_Q_10,-21.70289383
shock,36,mig_Q_11,0.00037177
shock,36,med_Q_11,-17.18816698
shock,36,mig_Q_12,0.000709009
shock,36,med_Q_12,-10.63892933
shock,36,mig_Q_13,0.001774624
shock,36,med_Q_13,-7.645807817
shock,36,mig_Q_14,0.005905262
shock,36,med_Q_14,-5.361667358
shock,36,mig_Q_15,0.007877058
shock,36,med_Q_15,-1.889854699
shock,36,mig_Q_16,0.003975457
shock,36,med_Q_16,-0.5407082
shock,36,mig_Q_17,0.001564944
shock,36,med_Q_17,-0.152028647
shock,36,h_NQ_1,100
shock,36,mig_NQ_2,-0.454779158
shock,36,med_NQ_2,231.2506256
shock,36,mig_NQ_3,0.006001613
shock,36,med_NQ_3,-43.07208959
shock,36,mig_NQ_4,0.006032145
shock,36,med_NQ_4,-13.36587337
shock,36,mig_NQ_5,0.003294393
shock,36,med_NQ_5,-30.99400339
shock,36,mig_NQ_6,0.001723202
shock,36,med_NQ_6,-36.12180392
shock,36,mig_NQ_7,0.001353212
shock,36,med_NQ_7,-19.2329345
shock,36,mig_NQ_8,0.002205069
shock,36,med_NQ_8,-12.84008376
shock,36,mig_NQ_9,0.003231265
shock,36,med_NQ_9,-9.016910346
shock,36,mig_NQ_10,0.003688519
shock,36,med_NQ_10,-6.316242109
shock,36,mig_NQ_11,0.004427252
shock,36,med_NQ_11,-6.52788608
shock,36,mig_NQ_12,0.007054507
shock,36,med_NQ_12,-6.295967714
shock,36,mig_NQ_13,0.012789904
shock,36,med_NQ_13,-4.556936913
shock,36,mig_NQ_14,0.028659316
shock,36,med_NQ_14,-3.190136952
shock,36,mig_NQ_15,0.032617712
shock,36,med_NQ_15,-1.129161935
shock,36,mig_NQ_16,0.016467703
shock,36,med_NQ_16,-0.328393585
shock,36,mig_NQ_17,0.00589278
shock,36,med_NQ_17,-0.088172473
shock,37,beta_Q_2,0.999529100000098
shock,37,beta_Q_3,0.999376700002542
shock,37,beta_Q_4,0.999049100003513
shock,37,beta_Q_5,0.998490700004191
shock,37,beta_Q_6,0.997357800011887
shock,37,beta_Q_7,0.995732500010877
shock,37,beta_Q_8,0.993277400039784
shock,37,beta_Q_9,0.989551500072173
shock,37,beta_Q_10,0.984005600052047
shock,37,beta_Q_11,0.973361400165297
shock,37,beta_Q_12,0.9551919002818
shock,37,beta_Q_13,0.91412480082817
shock,37,beta_Q_14,0.779930496193008
shock,37,beta_Q_15,0.547483280799446
shock,37,beta_Q_16,0.354373080785361
shock,37,beta_Q_17,0.248270248045955
shock,37,h_Q_2,2123.59312
shock,37,h_Q_3,1604.36386936
shock,37,h_Q_4,1051.6352931532
shock,37,h_Q_5,662.55880182532
shock,37,h_Q_6,378.472485593625
shock,37,h_Q_7,234.32923241588
shock,37,h_Q_8,148.751971339211
shock,37,h_Q_9,95.7075181301644
shock,37,h_Q_10,62.5218826301502
shock,37,h_Q_11,37.539510438832
shock,37,h_Q_12,22.3173935436821
shock,37,h_Q_13,11.6448055652699
shock,37,h_Q_14,4.54401896976164
shock,37,h_Q_15,2.20986217529294
shock,37,h_Q_16,1.54888190923541
shock,37,h_Q_17,1.33026519880418
shock,37,P_Q_1,0.30417884595
shock,37,P_Q_2,0.107698168631558
shock,37,P_Q_3,0.112730547058253
shock,37,P_Q_4,0.117437931735507
shock,37,P_Q_5,0.119598556488489
shock,37,P_Q_6,0.119659184262831
shock,37,P_Q_7,0.118380330909621
shock,37,P_Q_8,0.116863002095794
shock,37,P_Q_9,0.118604156446993
shock,37,P_Q_10,0.122143710117451
shock,37,P_Q_11,0.121111220661184
shock,37,P_Q_12,0.113976223695211
shock,37,P_Q_13,0.102854661466717
shock,37,P_Q_14,0.052400454656852
shock,37,P_Q_15,0.0366987868753942
shock,37,P_Q_16,0.0162473891482573
shock,37,P_Q_17,0.00526444182431283
shock,37,L_Q,1.53508511728294
shock,37,beta_NQ_2,0.997225200018129
shock,37,beta_NQ_3,0.996365600021497
shock,37,beta_NQ_4,0.995681300022457
shock,37,beta_NQ_5,0.994247700028777
shock,37,beta_NQ_6,0.991422800037442
shock,37,beta_NQ_7,0.988053900061853
shock,37,beta_NQ_8,0.98364380007684
shock,37,beta_NQ_9,0.977804100110823
shock,37,beta_NQ_10,0.970177700138194
shock,37,beta_NQ_11,0.956470600161471
shock,37,beta_NQ_12,0.927696900263621
shock,37,beta_NQ_13,0.86492770024111
shock,37,beta_NQ_14,0.68333417364961
shock,37,beta_NQ_15,0.43061488215329
shock,37,beta_NQ_16,0.25730062920761
shock,37,beta_NQ_17,0.173067711307281
shock,37,h_NQ_2,360.3863342
shock,37,h_NQ_3,275.148580258
shock,37,h_NQ_4,231.55116125716
shock,37,h_NQ_5,173.843506095716
shock,37,h_NQ_6,116.588163922509
shock,37,h_NQ_7,83.7093277593015
shock,37,h_NQ_8,61.1388953343631
shock,37,h_NQ_9,45.0533657178145
shock,37,h_NQ_10,33.5319542788965
shock,37,h_NQ_11,22.972979177063
shock,37,h_NQ_12,13.8306656192094
shock,37,h_NQ_13,7.40344245316118
shock,37,h_NQ_14,3.15789339829003
shock,37,h_NQ_15,1.75628028341234
shock,37,h_NQ_16,1.34643976052113
shock,37,h_NQ_17,1.20928883499991
shock,37,P_NQ_1,0.56490357105
shock,37,P_NQ_2,0.106396974762798
shock,37,P_NQ_3,0.117634989304071
shock,37,P_NQ_4,0.12674440909864
shock,37,P_NQ_5,0.128821835699825
shock,37,P_NQ_6,0.126289004532238
shock,37,P_NQ_7,0.12247069163965
shock,37,P_NQ_8,0.120777183136201
shock,37,P_NQ_9,0.128865900812486
shock,37,P_NQ_10,0.140588939549327
shock,37,P_NQ_11,0.140364633544435
shock,37,P_NQ_12,0.128695307975247
shock,37,P_NQ_13,0.116656799678074
shock,37,P_NQ_14,0.122267865156069
shock,37,P_NQ_15,0.0856305498421704
shock,37,P_NQ_16,0.0379105774682054
shock,37,P_NQ_17,0.0122836965654821
shock,37,L_NQ,1.43268017158497
shock,37,pi_Q,0.35
shock,37,pi_NQ,0.65
shock,37,y,12.9739277826603
shock,37,nbar,8.4822264377551
shock,37,Ptot,4.13315054183934
shock,37,Pret,1.35509525822439
shock,37,H,961.601229965723
shock,37,cCheck,4.44089209850063e-16
shock,37,shareq,0.35
shock,37,A,2.904788876
shock,37,A_Q,2
shock,37,xpop,0.869082417
shock,37,h_Q_1,100
shock,37,mig_Q_2,-0.196819844
shock,37,med_Q_2,2025.59312
shock,37,mig_Q_3,0.002326976
shock,37,med_Q_3,-302.6219252
shock,37,mig_Q_4,0.002300641
shock,37,med_Q_4,-390.813927
shock,37,mig_Q_5,0.001045509
shock,37,med_Q_5,-285.1251743
shock,37,mig_Q_6,0.000226735
shock,37,med_Q_6,-219.0520561
shock,37,mig_Q_7,-7.56255e-05
shock,37,med_Q_7,-107.1222848
shock,37,mig_Q_8,8.89106e-05
shock,37,med_Q_8,-62.55511429
shock,37,mig_Q_9,0.000264954
shock,37,med_Q_9,-38.35724366
shock,37,mig_Q_10,0.000244975
shock,37,med_Q_10,-23.65469138
shock,37,mig_Q_11,0.000354073
shock,37,med_Q_11,-18.75773914
shock,37,mig_Q_12,0.000656899
shock,37,med_Q_12,-11.51198904
shock,37,mig_Q_13,0.001716376
shock,37,med_Q_13,-8.404581474
shock,37,mig_Q_14,0.005613495
shock,37,med_Q_14,-5.97235645
shock,37,mig_Q_15,0.007979699
shock,37,med_Q_15,-2.033978476
shock,37,mig_Q_16,0.004121764
shock,37,med_Q_16,-0.563064133
shock,37,mig_Q_17,0.001735433
shock,37,med_Q_17,-0.158599827
shock,37,h_NQ_1,100
shock,37,mig_NQ_2,-0.457708733
shock,37,med_NQ_2,262.3863342
shock,37,mig_NQ_3,0.00594275
shock,37,med_NQ_3,-47.51703283
shock,37,mig_NQ_4,0.005977107
shock,37,med_NQ_4,-15.04555249
shock,37,mig_NQ_5,0.003233734
shock,37,med_NQ_5,-33.98175105
shock,37,mig_NQ_6,0.001640998
shock,37,med_NQ_6,-39.50504598
shock,37,mig_NQ_7,0.001238269
shock,37,med_NQ_7,-21.00159533
shock,37,mig_NQ_8,0.001955073
shock,37,med_NQ_8,-14.03234936
shock,37,mig_NQ_9,0.002835636
shock,37,med_NQ_9,-9.849825396
shock,37,mig_NQ_10,0.003351753
shock,37,med_NQ_10,-6.923959099
shock,37,mig_NQ_11,0.004220684
shock,37,med_NQ_11,-7.158245376
shock,37,mig_NQ_12,0.006690948
shock,37,med_NQ_12,-6.843829218
shock,37,mig_NQ_13,0.012370458
shock,37,med_NQ_13,-5.031196391
shock,37,mig_NQ_14,0.02715225
shock,37,med_NQ_14,-3.558534221
shock,37,mig_NQ_15,0.03317836
shock,37,med_NQ_15,-1.214036853
shock,37,mig_NQ_16,0.01746382
shock,37,med_NQ_16,-0.341835105
shock,37,mig_NQ_17,0.006568419
shock,37,med_NQ_17,-0.092165763
shock,38,beta_Q_2,0.999568200000053
shock,38,beta_Q_3,0.999427900002499
shock,38,beta_Q_4,0.999125300002665
shock,38,beta_Q_5,0.998610600004699
shock,38,beta_Q_6,0.99756670000557
shock,38,beta_Q_7,0.996071600020035
shock,38,beta_Q_8,0.993815100014264
shock,38,beta_Q_9,0.990396300068338
shock,38,beta_Q_10,0.985298600117092
shock,38,beta_Q_11,0.97549610006666
shock,38,beta_Q_12,0.958917500358997
shock,38,beta_Q_13,0.920870500447117
shock,38,beta_Q_14,0.790297703474856
shock,38,beta_Q_15,0.558789475281718
shock,38,beta_Q_16,0.366920881115519
shock,38,beta_Q_17,0.260687442821327
shock,38,h_Q_2,2315.886985
shock,38,h_Q_3,1747.9461637
shock,38,h_Q_4,1143.2491136728
shock,38,h_Q_5,719.735137690136
shock,38,h_Q_6,410.964533488813
shock,38,h_Q_7,254.556562981753
shock,38,h_Q_8,161.684101447562
shock,38,h_Q_9,104.126534932427
shock,38,h_Q_10,68.0207330175611
shock,38,h_Q_11,40.8098302475472
shock,38,h_Q_12,24.3412646300554
shock,38,h_Q_13,12.6375119628085
shock,38,h_Q_14,4.76866499096452
shock,38,h_Q_15,2.26649074036641
shock,38,h_Q_16,1.57958115478708
shock,38,h_Q_17,1.35260778505071
shock,38,P_Q_1,0.30227954015
shock,38,P_Q_2,0.105962619131472
shock,38,P_Q_3,0.109960186363324
shock,38,P_Q_4,0.114926038581451
shock,38,P_Q_5,0.118307630665631
shock,38,P_Q_6,0.119509715183957
shock,38,P_Q_7,0.119073686495291
shock,38,P_Q_8,0.117674423901758
shock,38,P_Q_9,0.11590845402683
shock,38,P_Q_10,0.11694217713329
shock,38,P_Q_11,0.119208159701306
shock,38,P_Q_12,0.116297703008804
shock,38,P_Q_13,0.105841894784532
shock,38,P_Q_14,0.0860013871535007
shock,38,P_Q_15,0.036484166830916
shock,38,P_Q_16,0.0171709811661188
shock,38,P_Q_17,0.005974531333937
shock,38,L_Q,1.52104621157657
shock,38,beta_NQ_2,0.997464300015995
shock,38,beta_NQ_3,0.996675100019245
shock,38,beta_NQ_4,0.996043500019936
shock,38,beta_NQ_5,0.994728000025726
shock,38,beta_NQ_6,0.992136900037798
shock,38,beta_NQ_7,0.989050400046141
shock,38,beta_NQ_8,0.985008700077773
shock,38,beta_NQ_9,0.979658700095401
shock,38,beta_NQ_10,0.972651100127127
shock,38,beta_NQ_11,0.960022400159869
shock,38,beta_NQ_12,0.933681600270537
shock,38,beta_NQ_13,0.875026600078505
shock,38,beta_NQ_14,0.696164700086067
shock,38,beta_NQ_15,0.441618881633693
shock,38,beta_NQ_16,0.267671329732066
shock,38,beta_NQ_17,0.182527816656613
shock,38,h_NQ_2,394.368419
shock,38,h_NQ_3,300.760925186
shock,38,h_NQ_4,252.74864150284
shock,38,h_NQ_5,189.681335382017
shock,38,h_NQ_6,127.176304533802
shock,38,h_NQ_7,91.3275370340585
shock,38,h_NQ_8,66.7053558041155
shock,38,h_NQ_9,49.1610663976759
shock,38,h_NQ_10,36.5645419074582
shock,38,h_NQ_11,25.0140078473186
shock,38,h_NQ_12,15.0787714975217
shock,38,h_NQ_13,8.00170275282522
shock,38,h_NQ_14,3.29125681009796
shock,38,h_NQ_15,1.79089123232423
shock,38,h_NQ_16,1.3655070467441
shock,38,h_NQ_17,1.22328319231071
shock,38,P_NQ_1,0.56137628885
shock,38,P_NQ_2,0.102567365631291
shock,38,P_NQ_3,0.111895992600007
shock,38,P_NQ_4,0.123042349078406
shock,38,P_NQ_5,0.129182107237829
shock,38,P_NQ_6,0.129276028055483
shock,38,P_NQ_7,0.125921767463007
shock,38,P_NQ_8,0.122290782522464
shock,38,P_NQ_9,0.120654307870413
shock,38,P_NQ_10,0.127938428276494
shock,38,P_NQ_11,0.138273603386809
shock,38,P_NQ_12,0.136586234445811
shock,38,P_NQ_13,0.123308999758852
shock,38,P_NQ_14,0.107492396808624
shock,38,P_NQ_15,0.0851297693453152
shock,38,P_NQ_16,0.040065629353784
shock,38,P_NQ_17,0.0139405718767597
shock,38,L_NQ,1.41783303283336
shock,38,pi_Q,0.35
shock,38,pi_NQ,0.65
shock,38,y,13.8666442217966
shock,38,nbar,8.50593218647431
shock,38,Ptot,4.12646591817347
shock,38,Pret,1.37665663436485
shock,38,H,1022.76265211615
shock,38,cCheck,0
shock,38,shareq,0.35
shock,38,A,3.098603676
shock,38,A_Q,2
shock,38,xpop,0.863655829
shock,38,h_Q_1,100
shock,38,mig_Q_2,-0.198072989
shock,38,med_Q_2,2217.886985
shock,38,mig_Q_3,0.002329146
shock,38,med_Q_3,-333.1750939
shock,38,mig_Q_4,0.002302687
shock,38,med_Q_4,-429.0274783
shock,38,mig_Q_5,0.001046948
shock,38,med_Q_5,-310.8674496
shock,38,mig_Q_6,0.000227162
shock,38,med_Q_6,-238.3430923
shock,38,mig_Q_7,-7.48522e-05
shock,38,med_Q_7,-116.3464729
shock,38,mig_Q_8,8.99166e-05
shock,38,med_Q_8,-67.95854632
shock,38,mig_Q_9,0.000266495
shock,38,med_Q_9,-41.65039698
shock,38,mig_Q_10,0.000235023
shock,38,med_Q_10,-25.77263475
shock,38,mig_Q_11,0.000318187
shock,38,med_Q_11,-20.46161473
shock,38,mig_Q_12,0.000613246
shock,38,med_Q_12,-12.4474556
shock,38,mig_Q_13,0.001653402
shock,38,med_Q_13,-9.23353371
shock,38,mig_Q_14,0.0057819
shock,38,med_Q_14,-6.643244463
shock,38,mig_Q_15,0.007795794
shock,38,med_Q_15,-2.18664785
shock,38,mig_Q_16,0.004165919
shock,38,med_Q_16,-0.586083777
shock,38,mig_Q_17,0.001940788
shock,38,med_Q_17,-0.165296486
shock,38,h_NQ_1,100
shock,38,mig_NQ_2,-0.460768711
shock,38,med_NQ_2,296.368419
shock,38,mig_NQ_3,0.005885707
shock,38,med_NQ_3,-52.41768233
shock,38,mig_NQ_4,0.00591539
shock,38,med_NQ_4,-16.89696715
shock,38,mig_NQ_5,0.00316677
shock,38,med_NQ_5,-37.23880265
shock,38,mig_NQ_6,0.001559123
shock,38,med_NQ_6,-43.19033144
shock,38,mig_NQ_7,0.001141424
shock,38,med_NQ_7,-22.92886361
shock,38,mig_NQ_8,0.001823246
shock,38,med_NQ_8,-15.3297854
shock,38,mig_NQ_9,0.002557883
shock,38,med_NQ_9,-10.75505103
shock,38,mig_NQ_10,0.002915605
shock,38,med_NQ_10,-7.587756496
shock,38,mig_NQ_11,0.003804416
shock,38,med_NQ_11,-7.847307346
shock,38,mig_NQ_12,0.006370399
shock,38,med_NQ_12,-7.434748096
shock,38,mig_NQ_13,0.011996863
shock,38,med_NQ_13,-5.552349554
shock,38,mig_NQ_14,0.027776819
shock,38,med_NQ_14,-3.964116794
shock,38,mig_NQ_15,0.032479407
shock,38,med_NQ_15,-1.303844298
shock,38,mig_NQ_16,0.018032835
shock,38,med_NQ_16,-0.355647631
shock,38,mig_NQ_17,0.007379475
shock,38,med_NQ_17,-0.096227773
shock,39,beta_Q_2,0.999603899999967
shock,39,beta_Q_3,0.999474600002111
shock,39,beta_Q_4,0.999195000002855
shock,39,beta_Q_5,0.998720500003238
shock,39,beta_Q_6,0.997758200007427
shock,39,beta_Q_7,0.996382400006829
shock,39,beta_Q_8,0.994307500034205
shock,39,beta_Q_9,0.991169500019056
shock,39,beta_Q_10,0.986482100112318
shock,39,beta_Q_11,0.977451700220128
shock,39,beta_Q_12,0.962326900128625
shock,39,beta_Q_13,0.927091300713865
shock,39,beta_Q_14,0.800196801424613
shock,39,beta_Q_15,0.569889304973353
shock,39,beta_Q_16,0.379410572850551
shock,39,beta_Q_17,0.273184741856162
shock,39,h_Q_2,2524.614996
shock,39,h_Q_3,1903.3117627
shock,39,h_Q_4,1242.236025326
shock,39,h_Q_5,781.555294699344
shock,39,h_Q_6,446.070122436333
shock,39,h_Q_7,276.426359719037
shock,39,h_Q_8,175.669741392118
shock,39,h_Q_9,113.243870528611
shock,39,h_Q_10,73.9759877537787
shock,39,h_Q_11,44.3492416972099
shock,39,h_Q_12,26.5441388925962
shock,39,h_Q_13,13.7157843574543
shock,39,h_Q_14,5.00492488155233
shock,39,h_Q_15,2.32498184314523
shock,39,h_Q_16,1.61137104855908
shock,39,h_Q_17,1.37586532669134
shock,39,P_Q_1,0.2981907558
shock,39,P_Q_2,0.105503942844579
shock,39,P_Q_3,0.108232919917332
shock,39,P_Q_4,0.112168688188605
shock,39,P_Q_5,0.115814929343986
shock,39,P_Q_6,0.118247229708591
shock,39,P_Q_7,0.118966148421222
shock,39,P_Q_8,0.118427379053384
shock,39,P_Q_9,0.116811117044974
shock,39,P_Q_10,0.114435538494372
shock,39,P_Q_11,0.114352784726829
shock,39,P_Q_12,0.114845722523172
shock,39,P_Q_13,0.108697186970568
shock,39,P_Q_14,0.0895749433796426
shock,39,P_Q_15,0.0562998570010046
shock,39,P_Q_16,0.0174637696403653
shock,39,P_Q_17,0.00663140917092868
shock,39,L_Q,1.50706747357002
shock,39,beta_NQ_2,0.997681800013747
shock,39,beta_NQ_3,0.996957400016921
shock,39,beta_NQ_4,0.996374000017807
shock,39,beta_NQ_5,0.995166600022802
shock,39,beta_NQ_6,0.992789300033518
shock,39,beta_NQ_7,0.989960900047722
shock,39,beta_NQ_8,0.986256200054668
shock,39,beta_NQ_9,0.981354200099155
shock,39,beta_NQ_10,0.974914800107839
shock,39,beta_NQ_11,0.963279400148988
shock,39,beta_NQ_12,0.939180200282435
shock,39,beta_NQ_13,0.884425600157337
shock,39,beta_NQ_14,0.708567599236426
shock,39,beta_NQ_15,0.452531586785371
shock,39,beta_NQ_16,0.278098627390911
shock,39,beta_NQ_17,0.192138416242411
shock,39,h_NQ_2,431.3691657
shock,39,h_NQ_3,328.66627229
shock,39,h_NQ_4,275.78599011228
shock,39,h_NQ_5,206.893698042783
shock,39,h_NQ_6,138.682790874376
shock,39,h_NQ_7,99.6105228731256
shock,39,h_NQ_8,72.7600808633773
shock,39,h_NQ_9,53.6313808280332
shock,39,h_NQ_10,39.8641429967224
shock,39,h_NQ_11,27.2326704963091
shock,39,h_NQ_12,16.4420139523722
shock,39,h_NQ_13,8.65243513657131
shock,39,h_NQ_14,3.43132746176872
shock,39,h_NQ_15,1.826589110896
shock,39,h_NQ_16,1.38523071767775
shock,39,h_NQ_17,1.23783578780921
shock,39,P_NQ_1,0.5537828322
shock,39,P_NQ_2,0.102386235003342
shock,39,P_NQ_3,0.108066792399278
shock,39,P_NQ_4,0.117308954107516
shock,39,P_NQ_5,0.12548596981723
shock,39,P_NQ_6,0.12963535041529
shock,39,P_NQ_7,0.128905563264652
shock,39,P_NQ_8,0.125745789480232
shock,39,P_NQ_9,0.122214271039607
shock,39,P_NQ_10,0.119964273285234
shock,39,P_NQ_11,0.126083186986681
shock,39,P_NQ_12,0.13482335428537
shock,39,P_NQ_13,0.131187177344643
shock,39,P_NQ_14,0.114274891835034
shock,39,P_NQ_15,0.0818003870627499
shock,39,P_NQ_16,0.0407488005604446
shock,39,P_NQ_17,0.0154732878489193
shock,39,L_NQ,1.40637124957708
shock,39,pi_Q,0.35
shock,39,pi_NQ,0.65
shock,39,y,14.8286926007754
shock,39,nbar,8.53620461412364
shock,39,Ptot,4.11255143916578
shock,39,Pret,1.38665657111596
shock,39,H,1091.59606055427
shock,39,cCheck,-4.44089209850063e-16
shock,39,shareq,0.35
shock,39,A,3.305350285
shock,39,A_Q,2
shock,39,xpop,0.851973588
shock,39,h_Q_1,100
shock,39,mig_Q_2,-0.196645073
shock,39,med_Q_2,2426.614996
shock,39,mig_Q_3,0.002330922
shock,39,med_Q_3,-366.2574826
shock,39,mig_Q_4,0.002304684
shock,39,med_Q_4,-470.7512151
shock,39,mig_Q_5,0.001048569
shock,39,med_Q_5,-338.8288367
shock,39,mig_Q_6,0.000227477
shock,39,med_Q_6,-259.2703125
shock,39,mig_Q_7,-7.40848e-05
shock,39,med_Q_7,-126.3188831
shock,39,mig_Q_8,9.01514e-05
shock,39,med_Q_8,-73.79569033
shock,39,mig_Q_9,0.000266803
shock,39,med_Q_9,-45.20654889
shock,39,mig_Q_10,0.000231101
shock,39,med_Q_10,-28.06801648
shock,39,mig_Q_11,0.000276147
shock,39,med_Q_11,-22.31107666
shock,39,mig_Q_12,0.000534932
shock,39,med_Q_12,-13.44949475
shock,39,mig_Q_13,0.001602063
shock,39,med_Q_13,-10.13865498
shock,39,mig_Q_14,0.005928337
shock,39,med_Q_14,-7.379836842
shock,39,mig_Q_15,0.008243187
shock,39,med_Q_15,-2.348309848
shock,39,mig_Q_16,0.004076967
shock,39,med_Q_16,-0.609789877
shock,39,mig_Q_17,0.00215515
shock,39,med_Q_17,-0.172124205
shock,39,h_NQ_1,100
shock,39,mig_NQ_2,-0.457566572
shock,39,med_NQ_2,333.3691657
shock,39,mig_NQ_3,0.005840453
shock,39,med_NQ_3,-57.81477833
shock,39,mig_NQ_4,0.005855678
shock,39,med_NQ_4,-18.95971657
shock,39,mig_NQ_5,0.0030923
shock,39,med_NQ_5,-40.79997063
shock,39,mig_NQ_6,0.001469015
shock,39,med_NQ_6,-47.2049178
shock,39,mig_NQ_7,0.001045056
shock,39,med_NQ_7,-25.02225557
shock,39,mig_NQ_8,0.001711753
shock,39,med_NQ_8,-16.74090543
shock,39,mig_NQ_9,0.002411042
shock,39,med_NQ_9,-11.73986786
shock,39,mig_NQ_10,0.002609728
shock,39,med_NQ_10,-8.313702073
shock,39,mig_NQ_11,0.00325943
shock,39,med_NQ_11,-8.600580573
shock,39,mig_NQ_12,0.005719835
shock,39,med_NQ_12,-8.071713738
shock,39,mig_NQ_13,0.011670589
shock,39,med_NQ_13,-6.124760931
shock,39,mig_NQ_14,0.028431519
shock,39,med_NQ_14,-4.410341236
shock,39,mig_NQ_15,0.034329715
shock,39,med_NQ_15,-1.398842563
shock,39,mig_NQ_16,0.017962002
shock,39,med_NQ_16,-0.36984269
shock,39,mig_NQ_17,0.008160196
shock,39,med_NQ_17,-0.100361118
shock,40,beta_Q_2,0.999636500000018
shock,40,beta_Q_3,0.999517400001801
shock,40,beta_Q_4,0.999258900002399
shock,40,beta_Q_5,0.998821100004006
shock,40,beta_Q_6,0.997933700004122
shock,40,beta_Q_7,0.996667100011858
shock,40,beta_Q_8,0.994758700007863
shock,40,beta_Q_9,0.991877200059801
shock,40,beta_Q_10,0.987565600018708
shock,40,beta_Q_11,0.979243900216687
shock,40,beta_Q_12,0.965447200497108
shock,40,beta_Q_13,0.932826800056707
shock,40,beta_Q_14,0.809645203400457
shock,40,beta_Q_15,0.580780797150348
shock,40,beta_Q_16,0.391829833419432
shock,40,beta_Q_17,0.285743130665332
shock,40,h_Q_2,2751.031637
shock,40,h_Q_3,2072.10940718
shock,40,h_Q_4,1349.345567646
shock,40,h_Q_5,848.24836761948
shock,40,h_Q_6,483.956830705357
shock,40,h_Q_7,300.039005287607
shock,40,h_Q_8,190.792360384656
shock,40,h_Q_9,123.110258044275
shock,40,h_Q_10,80.4220547980389
shock,40,h_Q_11,48.1786080887031
shock,40,h_Q_12,28.9412148932657
shock,40,h_Q_13,14.8868893847443
shock,40,h_Q_14,5.25334805230518
shock,40,h_Q_15,2.38538582592129
shock,40,h_Q_16,1.64427635728233
shock,40,h_Q_17,1.4000564045879
shock,40,P_Q_1,0.2929314227
shock,40,P_Q_2,0.105343521441618
shock,40,P_Q_3,0.107780707073231
shock,40,P_Q_4,0.110452191417107
shock,40,P_Q_5,0.113075341352431
shock,40,P_Q_6,0.115783091436243
shock,40,P_Q_7,0.117746073031205
shock,40,P_Q_8,0.118379400525404
shock,40,P_Q_9,0.11764789908491
shock,40,P_Q_10,0.115460747058992
shock,40,P_Q_11,0.11210636066693
shock,40,P_Q_12,0.110490503847245
shock,40,P_Q_13,0.107928189275432
shock,40,P_Q_14,0.0930764963377015
shock,40,P_Q_15,0.0597019252256519
shock,40,P_Q_16,0.0256704999961552
shock,40,P_Q_17,0.00711671040103867
shock,40,L_Q,1.49043294172518
shock,40,beta_NQ_2,0.997880000012339
shock,40,beta_NQ_3,0.997214700014544
shock,40,beta_NQ_4,0.996675700015601
shock,40,beta_NQ_5,0.995567100020468
shock,40,beta_NQ_6,0.993385300029785
shock,40,beta_NQ_7,0.990792900042963
shock,40,beta_NQ_8,0.987396500058781
shock,40,beta_NQ_9,0.982904400064859
shock,40,beta_NQ_10,0.976986300116934
shock,40,beta_NQ_11,0.966265800122897
shock,40,beta_NQ_12,0.94422940026924
shock,40,beta_NQ_13,0.893164200252032
shock,40,beta_NQ_14,0.720547299631331
shock,40,beta_NQ_15,0.463347285867549
shock,40,beta_NQ_16,0.288572434125484
shock,40,beta_NQ_17,0.201887813207291
shock,40,h_NQ_2,471.6981132
shock,40,h_NQ_3,359.027752816
shock,40,h_NQ_4,300.8152092442
shock,40,h_NQ_5,225.585959570034
shock,40,h_NQ_6,151.178435931928
shock,40,h_NQ_7,108.611832196889
shock,40,h_NQ_8,79.3430396456631
shock,40,h_NQ_9,58.4945833561098
shock,40,h_NQ_10,43.4523783994725
shock,40,h_NQ_11,29.6435071787879
shock,40,h_NQ_12,17.9305942613829
shock,40,h_NQ_13,9.36015830232477
shock,40,h_NQ_14,3.57842310583989
shock,40,h_NQ_15,1.86340217553335
shock,40,h_NQ_16,1.40562441067808
shock,40,h_NQ_17,1.25295665732419
shock,40,P_NQ_1,0.5440154993
shock,40,P_NQ_2,0.103944074846007
shock,40,P_NQ_3,0.107882656646454
shock,40,P_NQ_4,0.113483234211962
shock,40,P_NQ_5,0.119762306011407
shock,40,P_NQ_6,0.125949941138875
shock,40,P_NQ_7,0.129272999175123
shock,40,P_NQ_8,0.128734729991302
shock,40,P_NQ_9,0.12568763265121
shock,40,P_NQ_10,0.121597467620904
shock,40,P_NQ_11,0.118438773209509
shock,40,P_NQ_12,0.123285795806399
shock,40,P_NQ_13,0.129940690029063
shock,40,P_NQ_14,0.122124837301697
shock,40,P_NQ_15,0.0879131841318347
shock,40,P_NQ_16,0.042046860362196
shock,40,P_NQ_17,0.0166056560034617
shock,40,L_NQ,1.39248467871869
shock,40,pi_Q,0.35
shock,40,pi_NQ,0.65
shock,40,y,15.8447521098948
shock,40,nbar,8.55675869485371
shock,40,Ptot,4.0913774193087
shock,40,Pret,1.39350469727421
shock,40,H,1169.78261142031
shock,40,cCheck,0
shock,40,shareq,0.35
shock,40,A,3.525891547
shock,40,A_Q,2
shock,40,xpop,0.836946922
shock,40,h_Q_1,100
shock,40,mig_Q_2,-0.192729121
shock,40,med_Q_2,2653.031637
shock,40,mig_Q_3,0.002332196
shock,40,med_Q_3,-402.0132889
shock,40,mig_Q_4,0.002306399
shock,40,med_Q_4,-515.8999598
shock,40,mig_Q_5,0.001050173
shock,40,med_Q_5,-369.1429372
shock,40,mig_Q_6,0.000227796
shock,40,med_Q_6,-281.9673581
shock,40,mig_Q_7,-7.33855e-05
shock,40,med_Q_7,-137.1097147
shock,40,mig_Q_8,9.04669e-05
shock,40,med_Q_8,-80.10547214
shock,40,mig_Q_9,0.000266293
shock,40,med_Q_9,-49.04608852
shock,40,mig_Q_10,0.000228671
shock,40,med_Q_10,-30.55693832
shock,40,mig_Q_11,0.000251149
shock,40,med_Q_11,-24.31785991
shock,40,mig_Q_12,0.000445743
shock,40,med_Q_12,-14.52104197
shock,40,mig_Q_13,0.001455719
shock,40,med_Q_13,-11.12636673
shock,40,mig_Q_14,0.006097355
shock,40,med_Q_14,-8.188120618
shock,40,mig_Q_15,0.008654123
shock,40,med_Q_15,-2.519440558
shock,40,mig_Q_16,0.004309739
shock,40,med_Q_16,-0.634205849
shock,40,mig_Q_17,0.002345875
shock,40,med_Q_17,-0.179087223
shock,40,h_NQ_1,100
shock,40,mig_NQ_2,-0.448554978
shock,40,med_NQ_2,373.6981132
shock,40,mig_NQ_3,0.005807942
shock,40,med_NQ_3,-63.71402957
shock,40,mig_NQ_4,0.005808292
shock,40,med_NQ_4,-21.2777376
shock,40,mig_NQ_5,0.003020353
shock,40,med_NQ_5,-44.68431074
shock,40,mig_NQ_6,0.001368813
shock,40,med_NQ_6,-51.57738815
shock,40,mig_NQ_7,0.000939071
shock,40,med_NQ_7,-27.29730286
shock,40,mig_NQ_8,0.001600819
shock,40,med_NQ_8,-18.27527277
shock,40,mig_NQ_9,0.002286474
shock,40,med_NQ_9,-12.81029589
shock,40,mig_NQ_10,0.002448966
shock,40,med_NQ_10,-9.106374812
shock,40,mig_NQ_11,0.00287966
shock,40,med_NQ_11,-9.423352958
shock,40,mig_NQ_12,0.004870963
shock,40,med_NQ_12,-8.757422825
shock,40,mig_NQ_13,0.010699464
shock,40,med_NQ_13,-6.753015371
shock,40,mig_NQ_14,0.029169854
shock,40,med_NQ_14,-4.900963328
shock,40,mig_NQ_15,0.036200186
shock,40,med_NQ_15,-1.499298737
shock,40,mig_NQ_16,0.019298285
shock,40,med_NQ_16,-0.384432918
shock,40,mig_NQ_17,0.008776246
shock,40,med_NQ_17,-0.104569446
