mod,period,variable,value
base,1,beta_Q_2,0.973436404874763
base,1,beta_Q_3,0.970539000001623
base,1,beta_Q_4,0.965744200006298
base,1,beta_Q_5,0.961176300029427
base,1,beta_Q_6,0.955116300619925
base,1,beta_Q_7,0.940183999984989
base,1,beta_Q_8,0.909499218945487
base,1,beta_Q_9,0.85988771100122
base,1,beta_Q_10,0.781753818094209
base,1,beta_Q_11,0.658329466557867
base,1,beta_Q_12,0.512809028093422
base,1,beta_Q_13,0.344799901709008
base,1,beta_Q_14,0.210284003873888
base,1,beta_Q_15,0.118657324974081
base,1,beta_Q_16,0.0591105026749442
base,1,beta_Q_17,0.031131000636637
base,1,h_Q_2,37.64549986
base,1,h_Q_3,33.94317912
base,1,h_Q_4,29.19213681
base,1,h_Q_5,25.75746258
base,1,h_Q_6,22.27980314
base,1,h_Q_7,16.7179349964
base,1,h_Q_8,11.049626084672
base,1,h_Q_9,7.13713214817855
base,1,h_Q_10,4.58198126301498
base,1,h_Q_11,2.92679557875468
base,1,h_Q_12,2.05258307497959
base,1,h_Q_13,1.52625129347999
base,1,h_Q_14,1.26627752601038
base,1,h_Q_15,1.13462803749019
base,1,h_Q_16,1.06282406454038
base,1,h_Q_17,1.03213127924955
base,1,P_Q_1,0.2522852124
base,1,P_Q_2,0.0592788505108232
base,1,P_Q_3,0.0529788315263615
base,1,P_Q_4,0.0516187991809102
base,1,P_Q_5,0.0480152225133509
base,1,P_Q_6,0.042674493190698
base,1,P_Q_7,0.0407094252183056
base,1,P_Q_8,0.0361254806344777
base,1,P_Q_9,0.0316353121871109
base,1,P_Q_10,0.0252264559898656
base,1,P_Q_11,0.0186772111554823
base,1,P_Q_12,0.0112496894086261
base,1,P_Q_13,0.00531388564243535
base,1,P_Q_14,0.00164097968469545
base,1,P_Q_15,0.000304585058292062
base,1,P_Q_16,3.26525318881665e-05
base,1,P_Q_17,2.01287823792251e-06
base,1,L_Q,0.594479919114931
base,1,beta_NQ_2,0.939491000019456
base,1,beta_NQ_3,0.931619200148016
base,1,beta_NQ_4,0.925826700715022
base,1,beta_NQ_5,0.916842509905461
base,1,beta_NQ_6,0.905218099976406
base,1,beta_NQ_7,0.883457900039542
base,1,beta_NQ_8,0.843435236949881
base,1,beta_NQ_9,0.785066520379141
base,1,beta_NQ_10,0.701200501908016
base,1,beta_NQ_11,0.582111699569906
base,1,beta_NQ_12,0.433853272111351
base,1,beta_NQ_13,0.278824341886696
base,1,beta_NQ_14,0.164751615202972
base,1,beta_NQ_15,0.0914522727890728
base,1,beta_NQ_16,0.0448453010253704
base,1,beta_NQ_17,0.0234374042852502
base,1,h_NQ_2,16.52646714
base,1,h_NQ_3,14.62398802
base,1,h_NQ_4,13.48194027
base,1,h_NQ_5,12.02537354
base,1,h_NQ_6,10.5505376
base,1,h_NQ_7,8.58059018639999
base,1,h_NQ_8,6.387123554672
base,1,h_NQ_9,4.65260184817856
base,1,h_NQ_10,3.34672581301498
base,1,h_NQ_11,2.39298395875468
base,1,h_NQ_12,1.76632258497959
base,1,h_NQ_13,1.38662464347999
base,1,h_NQ_14,1.19724704601039
base,1,h_NQ_15,1.10064773749018
base,1,h_NQ_16,1.04695082454037
base,1,h_NQ_17,1.02399989924956
base,1,P_NQ_1,0.5886654956
base,1,P_NQ_2,0.138317317858587
base,1,P_NQ_3,0.123617274894843
base,1,P_NQ_4,0.120443865422124
base,1,P_NQ_5,0.112035520531152
base,1,P_NQ_6,0.0995738157782948
base,1,P_NQ_7,0.0949886588427129
base,1,P_NQ_8,0.0842927891471142
base,1,P_NQ_9,0.0738157284365917
base,1,P_NQ_10,0.0588617313096862
base,1,P_NQ_11,0.0435801576961252
base,1,P_NQ_12,0.026249274286794
base,1,P_NQ_13,0.0123990668323489
base,1,P_NQ_14,0.00382895393095584
base,1,P_NQ_15,0.000710697469347821
base,1,P_NQ_16,7.6189241072e-05
base,1,P_NQ_17,4.69538255498669e-06
base,1,L_NQ,1.13299432302422
base,1,pi_Q,0.3
base,1,pi_NQ,0.7
base,1,y,0.250608831999511
base,1,nbar,4.41705099765903
base,1,Ptot,2.25923033237187
base,1,Pret,0.208158238498408
base,1,H,102.937051194269
base,1,cCheck,0
base,1,shareq,0.3
base,1,A,0.088593872
base,1,A_Q,2
base,1,xpop,0.840950708
base,1,h_Q_1,100
base,1,mig_Q_2,-0.237659925
base,1,med_Q_2,-60.35450014
base,1,mig_Q_3,-0.24086812
base,1,med_Q_3,-62.09682088
base,1,mig_Q_4,-0.23910608
base,1,med_Q_4,-64.92706319
base,1,mig_Q_5,-0.239557717
base,1,med_Q_5,-66.47935342
base,1,mig_Q_6,-0.241717051
base,1,med_Q_6,-68.11227654
base,1,mig_Q_7,-0.240471711
base,1,med_Q_7,-71.86630309
base,1,mig_Q_8,-0.24181671
base,1,med_Q_8,-75.76292724
base,1,mig_Q_9,-0.243039903
base,1,med_Q_9,-77.93917011
base,1,mig_Q_10,-0.246154295
base,1,med_Q_10,-78.79279495
base,1,mig_Q_11,-0.249382162
base,1,med_Q_11,-78.78048511
base,1,mig_Q_12,-0.253462002
base,1,med_Q_12,-78.020552
base,1,mig_Q_13,-0.256024465
base,1,med_Q_13,-76.94542108
base,1,mig_Q_14,-0.256299052
base,1,med_Q_14,-75.6359614
base,1,mig_Q_15,-0.254212866
base,1,med_Q_15,-74.22956611
base,1,mig_Q_16,-0.25103871
base,1,med_Q_16,-72.7940862
base,1,mig_Q_17,-0.247600544
base,1,med_Q_17,-71.34764078
base,1,h_NQ_1,100
base,1,mig_NQ_2,-0.554539825
base,1,med_NQ_2,-81.47353286
base,1,mig_NQ_3,-0.562025612
base,1,med_NQ_3,-81.41601198
base,1,mig_NQ_4,-0.557914186
base,1,med_NQ_4,-80.63725973
base,1,mig_NQ_5,-0.558968005
base,1,med_NQ_5,-80.21144246
base,1,mig_NQ_6,-0.564006454
base,1,med_NQ_6,-79.84154208
base,1,mig_NQ_7,-0.561100659
base,1,med_NQ_7,-80.0036479
base,1,mig_NQ_8,-0.564238989
base,1,med_NQ_8,-80.42542977
base,1,mig_NQ_9,-0.567093107
base,1,med_NQ_9,-80.42370041
base,1,mig_NQ_10,-0.574360021
base,1,med_NQ_10,-80.0280504
base,1,mig_NQ_11,-0.581891713
base,1,med_NQ_11,-79.31429673
base,1,mig_NQ_12,-0.591411339
base,1,med_NQ_12,-78.30681249
base,1,mig_NQ_13,-0.597390418
base,1,med_NQ_13,-77.08504773
base,1,mig_NQ_14,-0.59803112
base,1,med_NQ_14,-75.70499188
base,1,mig_NQ_15,-0.593163355
base,1,med_NQ_15,-74.26354641
base,1,mig_NQ_16,-0.58575699
base,1,med_NQ_16,-72.80995944
base,1,mig_NQ_17,-0.577734604
base,1,med_NQ_17,-71.35577216
base,2,beta_Q_2,0.974250899998791
base,2,beta_Q_3,0.971050702827941
base,2,beta_Q_4,0.966497808579101
base,2,beta_Q_5,0.96060350176663
base,2,beta_Q_6,0.953428799997687
base,2,beta_Q_7,0.938990908940442
base,2,beta_Q_8,0.907364226102163
base,2,beta_Q_9,0.855505422354817
base,2,beta_Q_10,0.777190539425623
base,2,beta_Q_11,0.653229715740918
base,2,beta_Q_12,0.507151509662807
base,2,beta_Q_13,0.340206902132967
base,2,beta_Q_14,0.202952405585477
base,2,beta_Q_15,0.104123564627982
base,2,beta_Q_16,0.0518962985273525
base,2,beta_Q_17,0.0269183031357435
base,2,h_Q_2,38.83630884
base,2,h_Q_3,34.5431495778
base,2,h_Q_4,29.8487860516
base,2,h_Q_5,25.3829654958
base,2,h_Q_6,21.4724980234
base,2,h_Q_7,16.3909974132
base,2,h_Q_8,10.794962634472
base,2,h_Q_9,6.92066906697856
base,2,h_Q_10,4.48813897521498
base,2,h_Q_11,2.88375330475468
base,2,h_Q_12,2.02902109317958
base,2,h_Q_13,1.51562664248
base,2,h_Q_14,1.25463021261039
base,2,h_Q_15,1.11622528649018
base,2,h_Q_16,1.05473693974038
base,2,h_Q_17,1.02766294224957
base,2,P_Q_1,0.2512048092
base,2,P_Q_2,0.058626292161722
base,2,P_Q_3,0.05666953529602
base,2,P_Q_4,0.0510325992696945
base,2,P_Q_5,0.0491409534086693
base,2,P_Q_6,0.0449400987003943
base,2,P_Q_7,0.0398043877053626
base,2,P_Q_8,0.0367541314397686
base,2,P_Q_9,0.0316798898515999
base,2,P_Q_10,0.0259442070888762
base,2,P_Q_11,0.0185558133149537
base,2,P_Q_12,0.0115651525001385
base,2,P_Q_13,0.00532686380235115
base,2,P_Q_14,0.00163190114901927
base,2,P_Q_15,0.000307461259722774
base,2,P_Q_16,3.2879075902921e-05
base,2,P_Q_17,2.36708599099832e-06
base,2,L_Q,0.600165606753088
base,2,beta_NQ_2,0.940730611341604
base,2,beta_NQ_3,0.932728204979504
base,2,beta_NQ_4,0.926524000597335
base,2,beta_NQ_5,0.915284209720587
base,2,beta_NQ_6,0.901399100016695
base,2,beta_NQ_7,0.880705633764917
base,2,beta_NQ_8,0.839248473866308
base,2,beta_NQ_9,0.778419779240567
base,2,beta_NQ_10,0.695314942098422
base,2,beta_NQ_11,0.576616011674913
base,2,beta_NQ_12,0.428372303652876
base,2,beta_NQ_13,0.275077599402946
base,2,beta_NQ_14,0.159037699960351
base,2,beta_NQ_15,0.0800507185687133
base,2,beta_NQ_16,0.0395277962597335
base,2,beta_NQ_17,0.0203578006828232
base,2,h_NQ_2,16.87211276
base,2,h_NQ_3,14.8650697642
base,2,h_NQ_4,13.6098862216
base,2,h_NQ_5,11.8041734866
base,2,h_NQ_6,10.1418952582
base,2,h_NQ_7,8.382623155
base,2,h_NQ_8,6.22077789167199
base,2,h_NQ_9,4.51303454257856
base,2,h_NQ_10,3.28207713121499
base,2,h_NQ_11,2.36192203575468
base,2,h_NQ_12,1.74939037757959
base,2,h_NQ_13,1.37945799228
base,2,h_NQ_14,1.18911394461039
base,2,h_NQ_15,1.08701642209018
base,2,h_NQ_16,1.04115454374037
base,2,h_NQ_17,1.02078085304957
base,2,P_NQ_1,0.5861445548
base,2,P_NQ_2,0.136794680138193
base,2,P_NQ_3,0.132228917030036
base,2,P_NQ_4,0.119076066767275
base,2,P_NQ_5,0.114662224876335
base,2,P_NQ_6,0.104860232025077
base,2,P_NQ_7,0.0928769051864166
base,2,P_NQ_8,0.085759657978555
base,2,P_NQ_9,0.0739197446687776
base,2,P_NQ_10,0.0605364808284439
base,2,P_NQ_11,0.0432968944523086
base,2,P_NQ_12,0.0269854100155926
base,2,P_NQ_13,0.0124293506280187
base,2,P_NQ_14,0.00380778028763909
base,2,P_NQ_15,0.000717429539390566
base,2,P_NQ_16,7.6717841950872e-05
base,2,P_NQ_17,5.52318804519086e-06
base,2,L_NQ,1.14233291572873
base,2,pi_Q,0.3
base,2,pi_NQ,0.7
base,2,y,0.186537854811097
base,2,nbar,2.95888314119421
base,2,Ptot,2.27739791256224
base,2,Pret,0.211222232058345
base,2,H,102.930168581879
base,2,cCheck,0
base,2,shareq,0.3
base,2,A,0.087292616
base,2,A_Q,2
base,2,xpop,0.837349364
base,2,h_Q_1,100
base,2,mig_Q_2,-0.186957318
base,2,med_Q_2,-59.16369116
base,2,mig_Q_3,-0.000862901
base,2,med_Q_3,-2.349440285
base,2,mig_Q_4,-0.0001314
base,2,med_Q_4,-3.415529486
base,2,mig_Q_5,-0.000473813
base,2,med_Q_5,-3.225328578
base,2,mig_Q_6,-0.000920023
base,2,med_Q_6,-3.769815305
base,2,mig_Q_7,-0.000317488
base,2,med_Q_7,-5.443209664
base,2,mig_Q_8,-0.000271059
base,2,med_Q_8,-5.588613662
base,2,mig_Q_9,0.000616033
base,2,med_Q_9,-3.907964496
base,2,mig_Q_10,0.001213181
base,2,med_Q_10,-2.50625053
base,2,mig_Q_11,0.001948494
base,2,med_Q_11,-1.606588333
base,2,mig_Q_12,0.00198731
base,2,med_Q_12,-0.839238574
base,2,mig_Q_13,0.001447972
base,2,med_Q_13,-0.495904771
base,2,mig_Q_14,0.000514476
base,2,med_Q_14,-0.241096055
base,2,mig_Q_15,0.000112747
base,2,med_Q_15,-0.124726689
base,2,mig_Q_16,1.48749e-05
base,2,med_Q_16,-0.057198537
base,2,mig_Q_17,1.35058e-06
base,2,med_Q_17,-0.013904641
base,2,h_NQ_1,100
base,2,mig_NQ_2,-0.416251255
base,2,med_NQ_2,-81.12788724
base,2,mig_NQ_3,0.003369848
base,2,med_NQ_3,-1.330868033
base,2,mig_NQ_4,0.004627893
base,2,med_NQ_4,-0.721622038
base,2,mig_NQ_5,0.004234169
base,2,med_NQ_5,-1.408127978
base,2,mig_NQ_6,0.003443651
base,2,med_NQ_6,-1.642970811
base,2,mig_NQ_7,0.004907631
base,2,med_NQ_7,-1.956903693
base,2,mig_NQ_8,0.005642876
base,2,med_NQ_8,-2.188200491
base,2,mig_NQ_9,0.007744298
base,2,med_NQ_9,-1.746346541
base,2,mig_NQ_10,0.008776855
base,2,med_NQ_10,-1.27747268
base,2,mig_NQ_11,0.009032792
base,2,med_NQ_11,-0.917869261
base,2,mig_NQ_12,0.008078016
base,2,med_NQ_12,-0.595733902
base,2,mig_NQ_13,0.005110414
base,2,med_NQ_13,-0.351538141
base,2,mig_NQ_14,0.001765014
base,2,med_NQ_14,-0.169778206
base,2,mig_NQ_15,0.000367263
base,2,med_NQ_15,-0.086285683
base,2,mig_NQ_16,4.48464e-05
base,2,med_NQ_16,-0.037480239
base,2,mig_NQ_17,3.73751e-06
base,2,med_NQ_17,-0.005230955
base,3,beta_Q_2,0.960919101309252
base,3,beta_Q_3,0.963560499994147
base,3,beta_Q_4,0.964076600018983
base,3,beta_Q_5,0.962424900003693
base,3,beta_Q_6,0.956305900022175
base,3,beta_Q_7,0.942098600001715
base,3,beta_Q_8,0.912940600055841
base,3,beta_Q_9,0.865348500041953
base,3,beta_Q_10,0.785928400220511
base,3,beta_Q_11,0.667295763074705
base,3,beta_Q_12,0.521659103888569
base,3,beta_Q_13,0.359734955973682
base,3,beta_Q_14,0.216027861519063
base,3,beta_Q_15,0.117518946854786
base,3,beta_Q_16,0.057058104084404
base,3,beta_Q_17,0.0293664387910884
base,3,h_Q_2,25.58794705
base,3,h_Q_3,27.4427475632
base,3,h_Q_4,27.837008749244
base,3,h_Q_5,26.613368961568
base,3,h_Q_6,22.886385121884
base,3,h_Q_7,17.270739566932
base,3,h_Q_8,11.486410431936
base,3,h_Q_9,7.42657897978255
base,3,h_Q_10,4.67133426863899
base,3,h_Q_11,3.00566297371068
base,3,h_Q_12,2.09055751265959
base,3,h_Q_13,1.56185183631599
base,3,h_Q_14,1.2755554356304
base,3,h_Q_15,1.13316874435818
base,3,h_Q_16,1.06051073076037
base,3,h_Q_17,1.03024839694558
base,3,P_Q_1,0.251144745
base,3,P_Q_2,0.0586093814471245
base,3,P_Q_3,0.0568679813078364
base,3,P_Q_4,0.0546954727767994
base,3,P_Q_5,0.0489759793627217
base,3,P_Q_6,0.0465539002391698
base,3,P_Q_7,0.0419258031265564
base,3,P_Q_8,0.0362022537457468
base,3,P_Q_9,0.0321353347406637
base,3,P_Q_10,0.0260723886827093
base,3,P_Q_11,0.0191639110217901
base,3,P_Q_12,0.0114416167357
base,3,P_Q_13,0.00554994570476745
base,3,P_Q_14,0.00169309582291336
base,3,P_Q_15,0.000315013364756386
base,3,P_Q_16,3.32503013201689e-05
base,3,P_Q_17,1.62521993197794e-06
base,3,L_Q,0.608630915157013
base,3,beta_NQ_2,0.907806406419834
base,3,beta_NQ_3,0.911270900013759
base,3,beta_NQ_4,0.918945800489104
base,3,beta_NQ_5,0.917890800003294
base,3,beta_NQ_6,0.906938600037125
base,3,beta_NQ_7,0.886138300025991
base,3,beta_NQ_8,0.847883199957314
base,3,beta_NQ_9,0.791712099862338
base,3,beta_NQ_10,0.705827079298838
base,3,beta_NQ_11,0.591640347499391
base,3,beta_NQ_12,0.442583034971192
base,3,beta_NQ_13,0.292314147433582
base,3,beta_NQ_14,0.170047424360433
base,3,beta_NQ_15,0.090590314338219
base,3,beta_NQ_16,0.0434898973154973
base,3,beta_NQ_17,0.0222164146022872
base,3,h_NQ_2,10.8467399
base,3,h_NQ_3,11.2702597008
base,3,h_NQ_4,12.337423602916
base,3,h_NQ_5,12.178903217168
base,3,h_NQ_6,10.745593771868
base,3,h_NQ_7,8.78258448803599
base,3,h_NQ_8,6.5738958459
base,3,h_NQ_9,4.80104700783855
base,3,h_NQ_10,3.39935561472699
base,3,h_NQ_11,2.44881726659069
base,3,h_NQ_12,1.79398841503959
base,3,h_NQ_13,1.413055870028
base,3,h_NQ_14,1.2048880844344
base,3,h_NQ_15,1.09961439571818
base,3,h_NQ_16,1.04546726364838
base,3,h_NQ_17,1.02271751686557
base,3,P_NQ_1,0.586004405
base,3,P_NQ_2,0.136755229371556
base,3,P_NQ_3,0.132691954456042
base,3,P_NQ_4,0.127622769201322
base,3,P_NQ_5,0.114277286667721
base,3,P_NQ_6,0.108625768309441
base,3,P_NQ_7,0.0978268761023816
base,3,P_NQ_8,0.0844719299351259
base,3,P_NQ_9,0.0749824650314133
base,3,P_NQ_10,0.0608355749843013
base,3,P_NQ_11,0.0447157911361322
base,3,P_NQ_12,0.0266971054175509
base,3,P_NQ_13,0.0129498898059934
base,3,P_NQ_14,0.00395055733588084
base,3,P_NQ_15,0.000735031548177291
base,3,P_NQ_16,7.75845086637447e-05
base,3,P_NQ_17,3.79216653525219e-06
base,3,L_NQ,1.15696255402288
base,3,pi_Q,0.3
base,3,pi_NQ,0.7
base,3,y,0.210745153133463
base,3,nbar,2.99868088941935
base,3,Ptot,2.30460570957874
base,3,Pret,0.214236173757124
base,3,H,100.932080792939
base,3,cCheck,4.44089209850063e-16
base,3,shareq,0.3
base,3,A,0.097702667
base,3,A_Q,2
base,3,xpop,0.83714915
base,3,h_Q_1,100
base,3,mig_Q_2,-0.18612713
base,3,med_Q_2,-72.41205295
base,3,mig_Q_3,-6.11209e-05
base,3,med_Q_3,-10.6168351
base,3,mig_Q_4,-7.55089e-05
base,3,med_Q_4,-6.015277837
base,3,mig_Q_5,-4.61142e-05
base,3,med_Q_5,-2.638441369
base,3,mig_Q_6,-0.0002985
base,3,med_Q_6,-1.988921064
base,3,mig_Q_7,-0.000272541
base,3,med_Q_7,-3.772308496
base,3,mig_Q_8,8.51763e-05
base,3,med_Q_8,-4.576767033
base,3,mig_Q_9,0.000691976
base,3,med_Q_9,-3.152484402
base,3,mig_Q_10,0.001451078
base,3,med_Q_10,-2.110921417
base,3,mig_Q_11,0.002216384
base,3,med_Q_11,-1.392713222
base,3,mig_Q_12,0.002031008
base,3,med_Q_12,-0.735520726
base,3,mig_Q_13,0.001615401
base,3,med_Q_13,-0.426588835
base,3,mig_Q_14,0.000611996
base,3,med_Q_14,-0.209758674
base,3,mig_Q_15,0.000145094
base,3,med_Q_15,-0.096368864
base,3,mig_Q_16,1.72942e-05
base,3,med_Q_16,-0.03339005
base,3,mig_Q_17,7.40171e-07
base,3,med_Q_17,-0.003393804
base,3,h_NQ_1,100
base,3,mig_NQ_2,-0.414648896
base,3,med_NQ_2,-87.1532601
base,3,mig_NQ_3,0.005099698
base,3,med_NQ_3,-5.264410804
base,3,mig_NQ_4,0.005109504
base,3,med_NQ_4,-2.230344766
base,3,mig_NQ_5,0.005288843
base,3,med_NQ_5,-1.15878528
base,3,mig_NQ_6,0.005269342
base,3,med_NQ_6,-0.822496245
base,3,mig_NQ_7,0.005475879
base,3,med_NQ_7,-1.156472865
base,3,mig_NQ_8,0.006525129
base,3,med_NQ_8,-1.641074846
base,3,mig_NQ_9,0.008225451
base,3,med_NQ_9,-1.295315326
base,3,mig_NQ_10,0.009438072
base,3,med_NQ_10,-1.023418237
base,3,mig_NQ_11,0.009809487
base,3,med_NQ_11,-0.767618322
base,3,mig_NQ_12,0.008149915
base,3,med_NQ_12,-0.52069518
base,3,mig_NQ_13,0.005526808
base,3,med_NQ_13,-0.3013467
base,3,mig_NQ_14,0.001973822
base,3,med_NQ_14,-0.146980748
base,3,mig_NQ_15,0.000430216
base,3,med_NQ_15,-0.06571727
base,3,mig_NQ_16,4.92261e-05
base,3,med_NQ_16,-0.01980883
base,3,mig_NQ_17,2.23036e-06
base,3,med_NQ_17,0.002386064
base,4,beta_Q_2,0.915780800174138
base,4,beta_Q_3,0.926950699992236
base,4,beta_Q_4,0.946298101104891
base,4,beta_Q_5,0.954726500006618
base,4,beta_Q_6,0.952895600038412
base,4,beta_Q_7,0.940326500011025
base,4,beta_Q_8,0.911711903309846
base,4,beta_Q_9,0.863582103908553
base,4,beta_Q_10,0.782460213878918
base,4,beta_Q_11,0.661729525310679
base,4,beta_Q_12,0.513075047975742
base,4,beta_Q_13,0.34311506784986
base,4,beta_Q_14,0.199175459830733
base,4,beta_Q_15,0.105912526264473
base,4,beta_Q_16,0.0500897023507679
base,4,beta_Q_17,0.0257230038342171
base,4,h_Q_2,11.873777
base,4,h_Q_3,13.689385109
base,4,h_Q_4,18.621315069936
base,4,h_Q_5,22.0879764132591
base,4,h_Q_6,21.2294392893366
base,4,h_Q_7,16.7578573434463
base,4,h_Q_8,11.3265547675934
base,4,h_Q_9,7.33041632029728
base,4,h_Q_10,4.5968599731869
base,4,h_Q_11,2.95621404026621
base,4,h_Q_12,2.05370437323647
base,4,h_Q_13,1.5223360154064
base,4,h_Q_14,1.24871273758967
base,4,h_Q_15,1.11845876491779
base,4,h_Q_16,1.05273097847102
base,4,h_Q_17,1.02640214614517
base,4,P_Q_1,0.2400099309
base,4,P_Q_2,0.0554021626639412
base,4,P_Q_3,0.055098505891539
base,4,P_Q_4,0.054131809069202
base,4,P_Q_5,0.0517083339178659
base,4,P_Q_6,0.047760847023935
base,4,P_Q_7,0.0440058162399414
base,4,P_Q_8,0.0383320361641815
base,4,P_Q_9,0.0332963169770202
base,4,P_Q_10,0.0266317512232805
base,4,P_Q_11,0.0197418465012088
base,4,P_Q_12,0.0120694326506273
base,4,P_Q_13,0.00566622449268478
base,4,P_Q_14,0.00175881790214782
base,4,P_Q_15,0.000324755838033016
base,4,P_Q_16,3.36133653542482e-05
base,4,P_Q_17,1.70191293850399e-06
base,4,L_Q,0.605870154767537
base,4,beta_NQ_2,0.799613500674926
base,4,beta_NQ_3,0.821086499924607
base,4,beta_NQ_4,0.875935005405642
base,4,beta_NQ_5,0.900361491462903
base,4,beta_NQ_6,0.900028300059175
base,4,beta_NQ_7,0.883267142757604
base,4,beta_NQ_8,0.846057803078419
base,4,beta_NQ_9,0.789139704543031
base,4,beta_NQ_10,0.701501812798948
base,4,beta_NQ_11,0.585631017831217
base,4,beta_NQ_12,0.434138626882012
base,4,beta_NQ_13,0.277026944002796
base,4,beta_NQ_14,0.155300276397469
base,4,beta_NQ_15,0.0806001114636423
base,4,beta_NQ_16,0.0376488988536307
base,4,beta_NQ_17,0.0191859183317102
base,4,h_NQ_2,4.99035614
base,4,h_NQ_3,5.589293146
base,4,h_NQ_4,8.06029097678399
base,4,h_NQ_5,10.0362710858577
base,4,h_NQ_6,10.0028308018246
base,4,h_NQ_7,8.56656521243064
base,4,h_NQ_8,6.49594458327527
base,4,h_NQ_9,4.742476413982
base,4,h_NQ_10,3.35010394968178
base,4,h_NQ_11,2.41330794243245
base,4,h_NQ_12,1.76721719825888
base,4,h_NQ_13,1.3831771347388
base,4,h_NQ_14,1.18385253262744
base,4,h_NQ_15,1.08766598574571
base,4,h_NQ_16,1.03912178980382
base,4,h_NQ_17,1.01955142437541
base,4,P_NQ_1,0.5600231721
base,4,P_NQ_2,0.129271716049243
base,4,P_NQ_3,0.128563183951006
base,4,P_NQ_4,0.126307551306071
base,4,P_NQ_5,0.120652779720837
base,4,P_NQ_6,0.111441979386464
base,4,P_NQ_7,0.102680238668745
base,4,P_NQ_8,0.089441420751515
base,4,P_NQ_9,0.0776914080283628
base,4,P_NQ_10,0.0621408002917497
base,4,P_NQ_11,0.0460642887240372
base,4,P_NQ_12,0.0281619995521673
base,4,P_NQ_13,0.0132211826090758
base,4,P_NQ_14,0.00410391040726062
base,4,P_NQ_15,0.000757765230868603
base,4,P_NQ_16,7.84310465538814e-05
base,4,P_NQ_17,3.9709196111885e-06
base,4,L_NQ,1.14788195904595
base,4,pi_Q,0.3
base,4,pi_NQ,0.7
base,4,y,0.215761771027838
base,4,nbar,2.96851189988507
base,4,Ptot,2.28657970147747
base,4,Pret,0.220760492667599
base,4,H,92.5316480411073
base,4,cCheck,0
base,4,shareq,0.3
base,4,A,0.100738932
base,4,A_Q,2
base,4,xpop,0.800033103
base,4,h_Q_1,100
base,4,mig_Q_2,-0.18592762
base,4,med_Q_2,-86.126223
base,4,mig_Q_3,-0.001375179
base,4,med_Q_3,-11.386803
base,4,mig_Q_4,-0.000693281
base,4,med_Q_4,-8.272577542
base,4,mig_Q_5,-0.000931951
base,4,med_Q_5,-5.192292161
base,4,mig_Q_6,0.000924829
base,4,med_Q_6,-4.851662293
base,4,mig_Q_7,0.000147452
base,4,med_Q_7,-5.670800076
base,4,mig_Q_8,5.62683e-05
base,4,med_Q_8,-5.598770008
base,4,mig_Q_9,0.001968751
base,4,med_Q_9,-3.926265903
base,4,mig_Q_10,0.001375679
base,4,med_Q_10,-2.681187427
base,4,mig_Q_11,0.002343852
base,4,med_Q_11,-1.621693543
base,4,mig_Q_12,0.002072404
base,4,med_Q_12,-0.891845341
base,4,mig_Q_13,0.001550275
base,4,med_Q_13,-0.526410347
base,4,mig_Q_14,0.000559875
base,4,med_Q_14,-0.281902062
base,4,mig_Q_15,0.000125785
base,4,med_Q_15,-0.131585562
base,4,mig_Q_16,1.56393e-05
base,4,med_Q_16,-0.057774391
base,4,mig_Q_17,7.2547e-07
base,4,med_Q_17,-0.01289837
base,4,h_NQ_1,100
base,4,mig_NQ_2,-0.402706837
base,4,med_NQ_2,-93.00964386
base,4,mig_NQ_3,0.003942123
base,4,med_NQ_3,-5.040511956
base,4,mig_NQ_4,0.004370837
base,4,med_NQ_4,-2.98456353
base,4,mig_NQ_5,0.003509014
base,4,med_NQ_5,-2.054404045
base,4,mig_NQ_6,0.007799497
base,4,med_NQ_6,-1.932494351
base,4,mig_NQ_7,0.006422785
base,4,med_NQ_7,-1.964116684
base,4,mig_NQ_8,0.006495656
base,4,med_NQ_8,-2.110988215
base,4,mig_NQ_9,0.010813959
base,4,med_NQ_9,-1.699941515
base,4,mig_NQ_10,0.009216146
base,4,med_NQ_10,-1.354922118
base,4,mig_NQ_11,0.010071508
base,4,med_NQ_11,-0.91806056
base,4,mig_NQ_12,0.008371549
base,4,med_NQ_12,-0.632623723
base,4,mig_NQ_13,0.005417241
base,4,med_NQ_13,-0.374931512
base,4,mig_NQ_14,0.001901815
base,4,med_NQ_14,-0.20094222
base,4,mig_NQ_15,0.000399883
base,4,med_NQ_15,-0.093124337
base,4,mig_NQ_16,4.64646e-05
base,4,med_NQ_16,-0.038500318
base,4,mig_NQ_17,2.24727e-06
base,4,med_NQ_17,-0.005006494
base,5,beta_Q_2,0.97831590005436
base,5,beta_Q_3,0.976824400001711
base,5,beta_Q_4,0.972756101044606
base,5,beta_Q_5,0.968474199995295
base,5,beta_Q_6,0.961299800006389
base,5,beta_Q_7,0.947256704690488
base,5,beta_Q_8,0.918899700325678
base,5,beta_Q_9,0.87503910061217
base,5,beta_Q_10,0.80298450290316
base,5,beta_Q_11,0.688932000729511
base,5,beta_Q_12,0.545905601157889
base,5,beta_Q_13,0.382226001756237
base,5,beta_Q_14,0.233474069512069
base,5,beta_Q_15,0.122301810119353
base,5,beta_Q_16,0.0608830171079231
base,5,beta_Q_17,0.0308175007459649
base,5,h_Q_2,46.11673992
base,5,h_Q_3,43.14882894
base,5,h_Q_4,36.70546433682
base,5,h_Q_5,31.7200515085373
base,5,h_Q_6,25.8396597469939
base,5,h_Q_7,18.9597541315499
base,5,h_Q_8,12.3304106175774
base,5,h_Q_9,8.00250318224148
base,5,h_Q_10,5.07574277589133
base,5,h_Q_11,3.21473118072316
base,5,h_Q_12,2.20218527646088
base,5,h_Q_13,1.61871493877174
base,5,h_Q_14,1.30458208009827
base,5,h_Q_15,1.13934367183788
base,5,h_Q_16,1.06483004861944
base,5,h_Q_17,1.0317974169016
base,5,P_Q_1,0.2322511179
base,5,P_Q_2,0.0547375935693415
base,5,P_Q_3,0.052932439462424
base,5,P_Q_4,0.05294098949888
base,5,P_Q_5,0.0523430946116657
base,5,P_Q_6,0.0508873098756514
base,5,P_Q_7,0.0446876891195788
base,5,P_Q_8,0.0408866024808203
base,5,P_Q_9,0.0351519314377626
base,5,P_Q_10,0.0273420413032195
base,5,P_Q_11,0.0205344860951735
base,5,P_Q_12,0.0126792128407374
base,5,P_Q_13,0.0059869172028293
base,5,P_Q_14,0.00185312986883465
base,5,P_Q_15,0.000347917847255657
base,5,P_Q_16,3.53494232637479e-05
base,5,P_Q_17,1.53344172588827e-06
base,5,L_Q,0.606555655363513
base,5,beta_NQ_2,0.949461622802603
base,5,beta_NQ_3,0.945148500061631
base,5,beta_NQ_4,0.939751299968669
base,5,beta_NQ_5,0.931510500004377
base,5,beta_NQ_6,0.91745130001448
base,5,beta_NQ_7,0.895631604059103
base,5,beta_NQ_8,0.857395600286007
base,5,beta_NQ_9,0.804925800395733
base,5,beta_NQ_10,0.726425001123515
base,5,beta_NQ_11,0.61504049989533
base,5,beta_NQ_12,0.466364099355962
base,5,beta_NQ_13,0.31223812072514
base,5,beta_NQ_14,0.183897629855855
base,5,beta_NQ_15,0.0940209412956333
base,5,beta_NQ_16,0.0461569048697826
base,5,beta_NQ_17,0.0231602981609627
base,5,h_NQ_2,19.78693429
base,5,h_NQ_3,18.2310419972
base,5,h_NQ_4,16.59786849308
base,5,h_NQ_5,14.6007782222483
base,5,h_NQ_6,12.1140611561405
base,5,h_NQ_7,9.58144419278814
base,5,h_NQ_8,7.01240635218202
base,5,h_NQ_9,5.12625452360976
base,5,h_NQ_10,3.65530475870236
base,5,h_NQ_11,2.59767585568814
base,5,h_NQ_12,1.8739368895838
base,5,h_NQ_13,1.4539816232937
base,5,h_NQ_14,1.22533462604402
base,5,h_NQ_15,1.10377821897489
base,5,h_NQ_16,1.0483904520308
base,5,h_NQ_17,1.02370941500774
base,5,P_NQ_1,0.5419192751
base,5,P_NQ_2,0.127721053101957
base,5,P_NQ_3,0.123509026870121
base,5,P_NQ_4,0.123528981229091
base,5,P_NQ_5,0.122133897276961
base,5,P_NQ_6,0.118737056229559
base,5,P_NQ_7,0.104271281715934
base,5,P_NQ_8,0.0954020711476459
base,5,P_NQ_9,0.0820211753457595
base,5,P_NQ_10,0.0637980985707992
base,5,P_NQ_11,0.0479138291237038
base,5,P_NQ_12,0.0295848150549501
base,5,P_NQ_13,0.013969466672945
base,5,P_NQ_14,0.00432396731349088
base,5,P_NQ_15,0.000811810636262007
base,5,P_NQ_16,8.24819265317701e-05
base,5,P_NQ_17,3.57876165385333e-06
base,5,L_NQ,1.14609919658716
base,5,pi_Q,0.3
base,5,pi_NQ,0.7
base,5,y,0.172747430193528
base,5,nbar,2.9168032309198
base,5,Ptot,2.28533122205653
base,5,Pret,0.229268636083376
base,5,H,100.915902125387
base,5,cCheck,-4.44089209850063e-16
base,5,shareq,0.3
base,5,A,0.081653838
base,5,A_Q,2
base,5,xpop,0.774170393
base,5,h_Q_1,100
base,5,mig_Q_2,-0.165058893
base,5,med_Q_2,-51.88326008
base,5,mig_Q_3,0.001577366
base,5,med_Q_3,31.51252748
base,5,mig_Q_4,0.000801378
base,5,med_Q_4,23.28986693
base,5,mig_Q_5,0.000662022
base,5,med_Q_5,13.47116274
base,5,mig_Q_6,0.001614666
base,5,med_Q_6,4.193442862
base,5,mig_Q_7,-0.000223101
base,5,med_Q_7,-1.845096372
base,5,mig_Q_8,0.000765976
base,5,med_Q_8,-4.092289579
base,5,mig_Q_9,0.002049071
base,5,med_Q_9,-3.09752049
base,5,mig_Q_10,0.001288998
base,5,med_Q_10,-2.108065218
base,5,mig_Q_11,0.00291147
base,5,med_Q_11,-1.290191593
base,5,mig_Q_12,0.002550164
base,5,med_Q_12,-0.694904483
base,5,mig_Q_13,0.001845713
base,5,med_Q_13,-0.393915347
base,5,mig_Q_14,0.000724557
base,5,med_Q_14,-0.187307215
base,5,mig_Q_15,0.000161637
base,5,med_Q_15,-0.084394811
base,5,mig_Q_16,1.90825e-05
base,5,med_Q_16,-0.031259541
base,5,mig_Q_17,6.68805e-07
base,5,med_Q_17,0.000121058
base,5,h_NQ_1,100
base,5,mig_NQ_2,-0.320081036
base,5,med_NQ_2,-78.21306571
base,5,mig_NQ_3,0.017365766
base,5,med_NQ_3,13.34049298
base,5,mig_NQ_4,0.010915988
base,5,med_NQ_4,11.12036121
base,5,mig_NQ_5,0.008411442
base,5,med_NQ_5,6.701693065
base,5,mig_NQ_6,0.01014614
base,5,med_NQ_6,2.278515492
base,5,mig_NQ_7,0.005838243
base,5,med_NQ_7,-0.221329993
base,5,mig_NQ_8,0.008528654
base,5,med_NQ_8,-1.382827556
base,5,mig_NQ_9,0.011439399
base,5,med_NQ_9,-1.239771168
base,5,mig_NQ_10,0.009297435
base,5,med_NQ_10,-0.992322127
base,5,mig_NQ_11,0.011522249
base,5,med_NQ_11,-0.685426015
base,5,mig_NQ_12,0.009586528
base,5,med_NQ_12,-0.491104894
base,5,mig_NQ_13,0.006167834
base,5,med_NQ_13,-0.277891231
base,5,mig_NQ_14,0.002270714
base,5,med_NQ_14,-0.130178966
base,5,mig_NQ_15,0.000481035
base,5,med_NQ_15,-0.056397263
base,5,mig_NQ_16,5.39529e-05
base,5,med_NQ_16,-0.017522214
base,5,mig_NQ_17,2.07399e-06
base,5,med_NQ_17,0.005370061
base,6,beta_Q_2,0.980093000081986
base,6,beta_Q_3,0.978183700006992
base,6,beta_Q_4,0.973443299999527
base,6,beta_Q_5,0.968100100598134
base,6,beta_Q_6,0.960728801748327
base,6,beta_Q_7,0.947101200015067
base,6,beta_Q_8,0.918668900015711
base,6,beta_Q_9,0.873653601874638
base,6,beta_Q_10,0.800306106442391
base,6,beta_Q_11,0.685122807218345
base,6,beta_Q_12,0.533326745557311
base,6,beta_Q_13,0.364243208418866
base,6,beta_Q_14,0.210392979249286
base,6,beta_Q_15,0.10710457224437
base,6,beta_Q_16,0.0513792132987517
base,6,beta_Q_17,0.0258055017436974
base,6,h_Q_2,50.23358618
base,6,h_Q_3,45.8372868036
base,6,h_Q_4,37.6552809642
base,6,h_Q_5,31.3480606470836
base,6,h_Q_6,25.4639532233665
base,6,h_Q_7,18.9040205110541
base,6,h_Q_8,12.2954195889189
base,6,h_Q_9,7.91474866222584
base,6,h_Q_10,5.00766422959665
base,6,h_Q_11,3.1758412533735
base,6,h_Q_12,2.1428257621087
base,6,h_Q_13,1.57292752993167
base,6,h_Q_14,1.2664518469963
base,6,h_Q_15,1.1199518834963
base,6,h_Q_16,1.05416200440112
base,6,h_Q_17,1.02648906464705
base,6,P_Q_1,0.2354582187
base,6,P_Q_2,0.0635929234469698
base,6,P_Q_3,0.0556168589959095
base,6,P_Q_4,0.0529758844302472
base,6,P_Q_5,0.0517508194518871
base,6,P_Q_6,0.0502920915819097
base,6,P_Q_7,0.0478914644633733
base,6,P_Q_8,0.041124593240228
base,6,P_Q_9,0.0364065528619043
base,6,P_Q_10,0.0293843861916378
base,6,P_Q_11,0.0208241592190559
base,6,P_Q_12,0.013313518976254
base,6,P_Q_13,0.00629877882953141
base,6,P_Q_14,0.00203395992317637
base,6,P_Q_15,0.000382637137344718
base,6,P_Q_16,4.0045288246618e-05
base,6,P_Q_17,1.73611087779998e-06
base,6,L_Q,0.625544331501579
base,6,beta_NQ_2,0.953018000050538
base,6,beta_NQ_3,0.947439199997024
base,6,beta_NQ_4,0.940336200557962
base,6,beta_NQ_5,0.929724029308708
base,6,beta_NQ_6,0.91563551810666
base,6,beta_NQ_7,0.895088600099634
base,6,beta_NQ_8,0.856512600216809
base,6,beta_NQ_9,0.802585803990379
base,6,beta_NQ_10,0.722879507523622
base,6,beta_NQ_11,0.610812705042895
base,6,beta_NQ_12,0.454135636348191
base,6,beta_NQ_13,0.296270685092385
base,6,beta_NQ_14,0.16523660568129
base,6,beta_NQ_15,0.0820849260258682
base,6,beta_NQ_16,0.0388798004271116
base,6,beta_NQ_17,0.0193578988289396
base,6,h_NQ_2,21.28474735
base,6,h_NQ_3,19.0255856062
base,6,h_NQ_4,16.760581795256
base,6,h_NQ_5,14.2296089622184
base,6,h_NQ_6,11.8533269328033
base,6,h_NQ_7,9.53185259401771
base,6,h_NQ_8,6.96925304993238
base,6,h_NQ_9,5.06549174513838
base,6,h_NQ_10,3.60853852513757
base,6,h_NQ_11,2.56945691452831
base,6,h_NQ_12,1.83195646157438
base,6,h_NQ_13,1.42100053779213
base,6,h_NQ_14,1.19794394082783
base,6,h_NQ_15,1.08942537252314
base,6,h_NQ_16,1.04045258559539
base,6,h_NQ_17,1.01974002399018
base,6,P_NQ_1,0.5494025103
base,6,P_NQ_2,0.148383499364456
base,6,P_NQ_3,0.129772670765607
base,6,P_NQ_4,0.123610397559061
base,6,P_NQ_5,0.120751917069742
base,6,P_NQ_6,0.117348222832583
base,6,P_NQ_7,0.111746750132136
base,6,P_NQ_8,0.0959573911794244
base,6,P_NQ_9,0.0849486214779296
base,6,P_NQ_10,0.0685635673926954
base,6,P_NQ_11,0.0485897034373559
base,6,P_NQ_12,0.0310648887659716
base,6,P_NQ_13,0.0146972830547585
base,6,P_NQ_14,0.00474587881150494
base,6,P_NQ_15,0.000892819476945964
base,6,P_NQ_16,9.34391663102231e-05
base,6,P_NQ_17,4.05092601136641e-06
base,6,L_NQ,1.17984763393074
base,6,pi_Q,0.3
base,6,pi_NQ,0.7
base,6,y,0.276496561573202
base,6,nbar,3.05803341297649
base,6,Ptot,2.35796224056105
base,6,Pret,0.240930852707678
base,6,H,103.799297970111
base,6,cCheck,0
base,6,shareq,0.3
base,6,A,0.126438745
base,6,A_Q,2
base,6,xpop,0.784860729
base,6,h_Q_1,100
base,6,mig_Q_2,-0.163622038
base,6,med_Q_2,-47.76641382
base,6,mig_Q_3,0.002147842
base,6,med_Q_3,0.642881682
base,6,mig_Q_4,0.001485531
base,6,med_Q_4,-4.630571397
base,6,mig_Q_5,0.000478837
base,6,med_Q_5,-4.623294403
base,6,mig_Q_6,-2.53148e-05
base,6,med_Q_6,-5.621697255
base,6,mig_Q_7,-0.000311881
base,6,med_Q_7,-6.418846041
base,6,mig_Q_8,6.10891e-05
base,6,med_Q_8,-6.28513946
base,6,mig_Q_9,0.000629177
base,6,med_Q_9,-4.169053743
base,6,mig_Q_10,0.00115793
base,6,med_Q_10,-2.834788889
base,6,mig_Q_11,0.001987352
base,6,med_Q_11,-1.798386667
base,6,mig_Q_12,0.002103628
base,6,med_Q_12,-1.007610795
base,6,mig_Q_13,0.001452454
base,6,med_Q_13,-0.585214041
base,6,mig_Q_14,0.00063617
base,6,med_Q_14,-0.319888793
base,6,mig_Q_15,0.000155996
base,6,med_Q_15,-0.158538555
base,6,mig_Q_16,1.8863e-05
base,6,med_Q_16,-0.062394794
base,6,mig_Q_17,6.4673e-07
base,6,med_Q_17,-0.017044383
base,6,h_NQ_1,100
base,6,mig_NQ_2,-0.366148055
base,6,med_NQ_2,-76.71525265
base,6,mig_NQ_3,0.009057309
base,6,med_NQ_3,-0.365609998
base,6,mig_NQ_4,0.007542629
base,6,med_NQ_4,-1.105839362
base,6,mig_NQ_5,0.005683374
base,6,med_NQ_5,-2.036302161
base,6,mig_NQ_6,0.00529632
base,6,med_NQ_6,-2.455435725
base,6,mig_NQ_7,0.00540209
base,6,med_NQ_7,-2.339927339
base,6,mig_NQ_8,0.006555653
base,6,med_NQ_8,-2.420562259
base,6,mig_NQ_9,0.008157033
base,6,med_NQ_9,-1.80666648
base,6,mig_NQ_10,0.008981335
base,6,med_NQ_10,-1.415190908
base,6,mig_NQ_11,0.009351289
base,6,med_NQ_11,-1.012741749
base,6,mig_NQ_12,0.008719599
base,6,med_NQ_12,-0.713765877
base,6,mig_NQ_13,0.005459776
base,6,med_NQ_13,-0.415457614
base,6,mig_NQ_14,0.002176927
base,6,med_NQ_14,-0.22695805
base,6,mig_NQ_15,0.000486276
base,6,med_NQ_15,-0.111402561
base,6,mig_NQ_16,5.59685e-05
base,6,med_NQ_16,-0.041250069
base,6,mig_NQ_17,2.14062e-06
base,6,med_NQ_17,-0.007682619
base,7,beta_Q_2,0.982471202013489
base,7,beta_Q_3,0.98019100022191
base,7,beta_Q_4,0.975467800055399
base,7,beta_Q_5,0.969921200004865
base,7,beta_Q_6,0.962053899993213
base,7,beta_Q_7,0.948704999989433
base,7,beta_Q_8,0.921555200026118
base,7,beta_Q_9,0.879524100023635
base,7,beta_Q_10,0.809581700101734
base,7,beta_Q_11,0.701822499941256
base,7,beta_Q_12,0.564004501242922
base,7,beta_Q_13,0.398768598629999
base,7,beta_Q_14,0.24479335183729
base,7,beta_Q_15,0.13129522576739
base,7,beta_Q_16,0.063957127400127
base,7,beta_Q_17,0.0320524055387999
base,7,h_Q_2,57.04897084
base,7,h_Q_3,50.4821040984
base,7,h_Q_4,40.762752631528
base,7,h_Q_5,33.246007153916
base,7,h_Q_6,26.3531693591419
base,7,h_Q_7,19.4950774888992
base,7,h_Q_8,12.747817577833
base,7,h_Q_9,8.30041527114052
base,7,h_Q_10,5.25159609398132
base,7,h_Q_11,3.35370710300472
base,7,h_Q_12,2.29360165930603
base,7,h_Q_13,1.66325311286653
base,7,h_Q_14,1.32413518733303
base,7,h_Q_15,1.15113837105638
base,7,h_Q_16,1.06832709982638
base,7,h_Q_17,1.0331137801131
base,7,P_Q_1,0.2358901014
base,7,P_Q_2,0.0657660659596434
base,7,P_Q_3,0.0631562221516183
base,7,P_Q_4,0.0546893617565865
base,7,P_Q_5,0.0511453440461974
base,7,P_Q_6,0.0493387557615056
base,7,P_Q_7,0.0472443532884943
base,7,P_Q_8,0.0440902573787086
base,7,P_Q_9,0.0366807650099546
base,7,P_Q_10,0.0306768565698997
base,7,P_Q_11,0.0224795411560028
base,7,P_Q_12,0.0135552590652664
base,7,P_Q_13,0.00670016886725621
base,7,P_Q_14,0.00213355284357745
base,7,P_Q_15,0.000419747407533996
base,7,P_Q_16,5.2825195095658e-05
base,7,P_Q_17,1.19309975567497e-06
base,7,L_Q,0.639805797841124
base,7,beta_NQ_2,0.957769101087303
base,7,beta_NQ_3,0.951067400044386
base,7,beta_NQ_4,0.944235100027504
base,7,beta_NQ_5,0.933317200014092
base,7,beta_NQ_6,0.917863944448588
base,7,beta_NQ_7,0.897531433097593
base,7,beta_NQ_8,0.860720316055193
base,7,beta_NQ_9,0.810532600003745
base,7,beta_NQ_10,0.734017600170867
base,7,beta_NQ_11,0.628927800124643
base,7,beta_NQ_12,0.484616699454873
base,7,beta_NQ_13,0.327474613926273
base,7,beta_NQ_14,0.193547122720499
base,7,beta_NQ_15,0.101101276818328
base,7,beta_NQ_16,0.0484809100193364
base,7,beta_NQ_17,0.0240461982203856
base,7,h_NQ_2,23.6793438
base,7,h_NQ_3,20.436273568
base,7,h_NQ_4,17.932427027076
base,7,h_NQ_5,14.9963708803509
base,7,h_NQ_6,12.174914554974
base,7,h_NQ_7,9.75908717414728
base,7,h_NQ_8,7.17979204713736
base,7,h_NQ_9,5.27795282993373
base,7,h_NQ_10,3.75964725723561
base,7,h_NQ_11,2.69489333963482
base,7,h_NQ_12,1.94030345723774
base,7,h_NQ_13,1.48692582934289
base,7,h_NQ_14,1.23999617303628
base,7,h_NQ_15,1.11247215501127
base,7,h_NQ_16,1.05095105307268
base,7,h_NQ_17,1.02463866388348
base,7,P_NQ_1,0.5504102366
base,7,P_NQ_2,0.153454152588851
base,7,P_NQ_3,0.147364529930619
base,7,P_NQ_4,0.12760851116399
base,7,P_NQ_5,0.119339141883062
base,7,P_NQ_6,0.115123769148526
base,7,P_NQ_7,0.110236832499397
base,7,P_NQ_8,0.102877266521454
base,7,P_NQ_9,0.0855884569485576
base,7,P_NQ_10,0.0715793326587763
base,7,P_NQ_11,0.0524522630665231
base,7,P_NQ_12,0.0316289318904935
base,7,P_NQ_13,0.0156337248770131
base,7,P_NQ_14,0.00497830716470543
base,7,P_NQ_15,0.000979408111170118
base,7,P_NQ_16,0.000123259043081097
base,7,P_NQ_17,2.78390092809376e-06
base,7,L_NQ,1.20440243740487
base,7,pi_Q,0.3
base,7,pi_NQ,0.7
base,7,y,0.324836822082527
base,7,nbar,3.14241375786493
base,7,Ptot,2.41340127895424
base,7,Pret,0.253397154917079
base,7,H,106.978693574747
base,7,cCheck,-4.44089209850063e-16
base,7,shareq,0.3
base,7,A,0.145740715
base,7,A_Q,2
base,7,xpop,0.786300338
base,7,h_Q_1,100
base,7,mig_Q_2,-0.165004886
base,7,med_Q_2,-40.95102916
base,7,mig_Q_3,0.000950661
base,7,med_Q_3,1.253189642
base,7,mig_Q_4,0.000549503
base,7,med_Q_4,-4.157788436
base,7,mig_Q_5,-0.000140615
base,7,med_Q_5,-3.656168191
base,7,mig_Q_6,-0.000379747
base,7,med_Q_6,-4.367930075
base,7,mig_Q_7,-0.000387347
base,7,med_Q_7,-5.45959667
base,7,mig_Q_8,9.38584e-05
base,7,med_Q_8,-5.778122523
base,7,mig_Q_9,0.000752116
base,7,med_Q_9,-3.749095926
base,7,mig_Q_10,0.00154047
base,7,med_Q_10,-2.504857595
base,7,mig_Q_11,0.002347628
base,7,med_Q_11,-1.553803842
base,7,mig_Q_12,0.002449178
base,7,med_Q_12,-0.818722769
base,7,mig_Q_13,0.00185081
base,7,med_Q_13,-0.436716134
base,7,mig_Q_14,0.000808334
base,7,med_Q_14,-0.217333792
base,7,mig_Q_15,0.000201901
base,7,med_Q_15,-0.089984439
base,7,mig_Q_16,3.31656e-05
base,7,med_Q_16,-0.029225746
base,7,mig_Q_17,1.59711e-07
base,7,med_Q_17,3.50158e-05
base,7,h_NQ_1,100
base,7,mig_NQ_2,-0.370136329
base,7,med_NQ_2,-74.3206562
base,7,mig_NQ_3,0.006780186
base,7,med_NQ_3,-0.422778835
base,7,mig_NQ_4,0.005578571
base,7,med_NQ_4,-0.712646867
base,7,mig_NQ_5,0.004415585
base,7,med_NQ_5,-1.428999279
base,7,mig_NQ_6,0.004559025
base,7,med_NQ_6,-1.770102228
base,7,mig_NQ_7,0.005199776
base,7,med_NQ_7,-1.85717322
base,7,mig_NQ_8,0.007164767
base,7,med_NQ_8,-2.161423495
base,7,mig_NQ_9,0.008574417
base,7,med_NQ_9,-1.551915159
base,7,mig_NQ_10,0.010171715
base,7,med_NQ_10,-1.204534653
base,7,mig_NQ_11,0.010572765
base,7,med_NQ_11,-0.841474415
base,7,mig_NQ_12,0.009562616
base,7,med_NQ_12,-0.577764319
base,7,mig_NQ_13,0.006430109
base,7,med_NQ_13,-0.308391503
base,7,mig_NQ_14,0.002549778
base,7,med_NQ_14,-0.152584354
base,7,mig_NQ_15,0.000589843
base,7,med_NQ_15,-0.061512907
base,7,mig_NQ_16,8.85464e-05
base,7,med_NQ_16,-0.016685812
base,7,mig_NQ_17,9.75115e-07
base,7,med_NQ_17,0.00499513
base,8,beta_Q_2,0.984076900170265
base,8,beta_Q_3,0.981349700005238
base,8,beta_Q_4,0.976195800002336
base,8,beta_Q_5,0.970504804524301
base,8,beta_Q_6,0.962159300001863
base,8,beta_Q_7,0.948815299989353
base,8,beta_Q_8,0.921650599973983
base,8,beta_Q_9,0.880413700421122
base,8,beta_Q_10,0.811607402573308
base,8,beta_Q_11,0.705571507928962
base,8,beta_Q_12,0.56743200160931
base,8,beta_Q_13,0.406678020558233
base,8,beta_Q_14,0.250219899970082
base,8,beta_Q_15,0.131435124972837
base,8,beta_Q_16,0.0647460680280114
base,8,beta_Q_17,0.0321388047175256
base,8,h_Q_2,62.80184135
base,8,h_Q_3,53.6184404572
base,8,h_Q_4,42.009393304432
base,8,h_Q_5,33.9038216428974
base,8,h_Q_6,26.4265724468377
base,8,h_Q_7,19.5370882269591
base,8,h_Q_8,12.7633396001212
base,8,h_Q_9,8.36216189027632
base,8,h_Q_10,5.30806411871771
base,8,h_Q_11,3.3964103361017
base,8,h_Q_12,2.31177525794463
base,8,h_Q_13,1.68542545711991
base,8,h_Q_14,1.33372437760919
base,8,h_Q_15,1.15132444658637
base,8,h_Q_16,1.06922757063525
base,8,h_Q_17,1.03320599782985
base,8,P_Q_1,0.2371570851
base,8,P_Q_2,0.0619843694655418
base,8,P_Q_3,0.0635017429736429
base,8,P_Q_4,0.0605532080820492
base,8,P_Q_5,0.0517454613824486
base,8,P_Q_6,0.0480742257061389
base,8,P_Q_7,0.0458182892841978
base,8,P_Q_8,0.043174637444883
base,8,P_Q_9,0.0390164759408191
base,8,P_Q_10,0.0307427090977912
base,8,P_Q_11,0.0235298201682264
base,8,P_Q_12,0.0148994633978611
base,8,P_Q_13,0.00705889466152286
base,8,P_Q_14,0.00246174979489151
base,8,P_Q_15,0.000482071302284158
base,8,P_Q_16,5.83014384195248e-05
base,8,P_Q_17,1.05926057587226e-06
base,8,L_Q,0.642954028064422
base,8,beta_NQ_2,0.960777500039771
base,8,beta_NQ_3,0.95269410000342
base,8,beta_NQ_4,0.944511400034005
base,8,beta_NQ_5,0.933747900113122
base,8,beta_NQ_6,0.917632100015902
base,8,beta_NQ_7,0.89721959992845
base,8,beta_NQ_8,0.86024950002811
base,8,beta_NQ_9,0.81121900012386
base,8,beta_NQ_10,0.736195901222575
base,8,beta_NQ_11,0.632981405821706
base,8,beta_NQ_12,0.488113801320407
base,8,beta_NQ_13,0.334880909025814
base,8,beta_NQ_14,0.19806959828046
base,8,beta_NQ_15,0.101101897984911
base,8,beta_NQ_16,0.0489212004345328
base,8,beta_NQ_17,0.0239971028930627
base,8,h_NQ_2,25.49557014
base,8,h_NQ_3,21.13901226
base,8,h_NQ_4,18.02171977664
base,8,h_NQ_5,15.0938611745345
base,8,h_NQ_6,12.1406518817439
base,8,h_NQ_7,9.72948148887455
base,8,h_NQ_8,7.15560946166433
base,8,h_NQ_9,5.29714325319461
base,8,h_NQ_10,3.79069165333506
base,8,h_NQ_11,2.7246575540909
base,8,h_NQ_12,1.95355920984212
base,8,h_NQ_13,1.50349012409299
base,8,h_NQ_14,1.24699100675603
base,8,h_NQ_15,1.11247314657556
base,8,h_NQ_16,1.05143736391104
base,8,h_NQ_17,1.02458712001123
base,8,P_NQ_1,0.5533665319
base,8,P_NQ_2,0.144630194537632
base,8,P_NQ_3,0.148170732928693
base,8,P_NQ_4,0.141290830659544
base,8,P_NQ_5,0.120739411337542
base,8,P_NQ_6,0.112173204495897
base,8,P_NQ_7,0.106909353507473
base,8,P_NQ_8,0.100740841309804
base,8,P_NQ_9,0.0910384433149123
base,8,P_NQ_10,0.0717329927717079
base,8,P_NQ_11,0.0549029142234742
base,8,P_NQ_12,0.0347654146062372
base,8,P_NQ_13,0.0164708492597397
base,8,P_NQ_14,0.00574405146734978
base,8,P_NQ_15,0.00112483221074555
base,8,P_NQ_16,0.000136036096509847
base,8,P_NQ_17,2.47160038238312e-06
base,8,L_NQ,1.2105182268343
base,8,pi_Q,0.3
base,8,pi_NQ,0.7
base,8,y,0.296419394332956
base,8,nbar,3.17723367667811
base,8,Ptot,2.43419867072894
base,8,Pret,0.264113631357719
base,8,H,108.484512780798
base,8,cCheck,4.44089209850063e-16
base,8,shareq,0.3
base,8,A,0.131969085
base,8,A_Q,2
base,8,xpop,0.790523617
base,8,h_Q_1,100
base,8,mig_Q_2,-0.169770862
base,8,med_Q_2,-35.19815865
base,8,mig_Q_3,-0.000961563
base,8,med_Q_3,-2.289550966
base,8,mig_Q_4,-0.001053653
base,8,med_Q_4,-7.463068712
base,8,mig_Q_5,-0.00129891
base,8,med_Q_5,-6.043675936
base,8,mig_Q_6,-0.001130352
base,8,med_Q_6,-6.154514564
base,8,mig_Q_7,-0.000989635
base,8,med_Q_7,-6.289017745
base,8,mig_Q_8,-0.000363642
base,8,med_Q_8,-6.341836339
base,8,mig_Q_9,0.000238032
base,8,med_Q_9,-4.130699336
base,8,mig_Q_10,0.001046633
base,8,med_Q_10,-2.826342847
base,8,mig_Q_11,0.002000112
base,8,med_Q_11,-1.750153836
base,8,mig_Q_12,0.002220901
base,8,med_Q_12,-0.974857703
base,8,mig_Q_13,0.001653483
base,8,med_Q_13,-0.562304169
base,8,mig_Q_14,0.000821593
base,8,med_Q_14,-0.296263673
base,8,mig_Q_15,0.000201946
base,8,med_Q_15,-0.146328037
base,8,mig_Q_16,3.14556e-05
base,8,med_Q_16,-0.058888033
base,8,mig_Q_17,-6.33914e-07
base,8,med_Q_17,-0.01375456
base,8,h_NQ_1,100
base,8,mig_NQ_2,-0.382535723
base,8,med_NQ_2,-72.50442986
base,8,mig_NQ_3,0.002225491
base,8,med_NQ_3,-2.066744664
base,8,mig_NQ_4,0.002144069
base,8,med_NQ_4,-2.00582832
base,8,mig_NQ_5,0.001640193
base,8,med_NQ_5,-2.479917312
base,8,mig_NQ_6,0.002636109
base,8,med_NQ_6,-2.555791581
base,8,mig_NQ_7,0.003582152
base,8,med_NQ_7,-2.201934775
base,8,mig_NQ_8,0.00585776
base,8,med_NQ_8,-2.408295969
base,8,mig_NQ_9,0.007653065
base,8,med_NQ_9,-1.739052953
base,8,mig_NQ_10,0.008909559
base,8,med_NQ_10,-1.38170212
base,8,mig_NQ_11,0.009884682
base,8,med_NQ_11,-0.959796758
base,8,mig_NQ_12,0.009346172
base,8,med_NQ_12,-0.687436263
base,8,mig_NQ_13,0.006113177
base,8,med_NQ_13,-0.398007264
base,8,mig_NQ_14,0.002718189
base,8,med_NQ_14,-0.210196306
base,8,mig_NQ_15,0.000621519
base,8,med_NQ_15,-0.102723103
base,8,mig_NQ_16,8.85535e-05
base,8,med_NQ_16,-0.038785348
base,8,mig_NQ_17,-4.92311e-07
base,8,med_NQ_17,-0.005344912
base,9,beta_Q_2,0.96266830069613
base,9,beta_Q_3,0.969614707442619
base,9,beta_Q_4,0.968790300004278
base,9,beta_Q_5,0.964848000001087
base,9,beta_Q_6,0.959020300055827
base,9,beta_Q_7,0.946032000001399
base,9,beta_Q_8,0.917943999970297
base,9,beta_Q_9,0.873158899942629
base,9,beta_Q_10,0.799224600206456
base,9,beta_Q_11,0.684108700263053
base,9,beta_Q_12,0.524296802675033
base,9,beta_Q_13,0.349467602064531
base,9,beta_Q_14,0.192348504105645
base,9,beta_Q_15,0.0924704818850259
base,9,beta_Q_16,0.0424817826895312
base,9,beta_Q_17,0.0212006195287917
base,9,h_Q_2,26.78688621
base,9,h_Q_3,32.910650873
base,9,h_Q_4,32.041320488056
base,9,h_Q_5,28.4478834783434
base,9,h_Q_6,24.4023260340395
base,9,h_Q_7,18.5294989619009
base,9,h_Q_8,12.1867992544199
base,9,h_Q_9,7.88387990511878
base,9,h_Q_10,4.98068986947079
base,9,h_Q_11,3.16564590534336
base,9,h_Q_12,2.10215109137966
base,9,h_Q_13,1.53720245078573
base,9,h_Q_14,1.23815779997752
base,9,h_Q_15,1.10188878805701
base,9,h_Q_16,1.04436624765465
base,9,h_Q_17,1.02165980522254
base,9,P_Q_1,0.2266226103
base,9,P_Q_2,0.0414496791586237
base,9,P_Q_3,0.0516282473800233
base,9,P_Q_4,0.0542348667836981
base,9,P_Q_5,0.0536468613729884
base,9,P_Q_6,0.0465962209020102
base,9,P_Q_7,0.0430398818851261
base,9,P_Q_8,0.0405670228085624
base,9,P_Q_9,0.0371925523171898
base,9,P_Q_10,0.0321428766958922
base,9,P_Q_11,0.0230125536159499
base,9,P_Q_12,0.0151273569555638
base,9,P_Q_13,0.007414317282022
base,9,P_Q_14,0.00240623391610559
base,9,P_Q_15,0.000495740391943421
base,9,P_Q_16,5.76669213320421e-05
base,9,P_Q_17,8.54411595041675e-12
base,9,L_Q,0.585020664151676
base,9,beta_NQ_2,0.905323203444421
base,9,beta_NQ_3,0.921064334809679
base,9,beta_NQ_4,0.926780500018136
base,9,beta_NQ_5,0.920391449983453
base,9,beta_NQ_6,0.910466100140916
base,9,beta_NQ_7,0.891719300024289
base,9,beta_NQ_8,0.853882599839066
base,9,beta_NQ_9,0.800513300016735
base,9,beta_NQ_10,0.720826100181882
base,9,beta_NQ_11,0.609624400096542
base,9,beta_NQ_12,0.445819901310995
base,9,beta_NQ_13,0.283781100700842
base,9,beta_NQ_14,0.150601997808238
base,9,beta_NQ_15,0.0702885184474611
base,9,beta_NQ_16,0.0318585909122844
base,9,beta_NQ_17,0.0157289018500441
base,9,h_NQ_2,10.56224967
base,9,h_NQ_3,12.6685390672
base,9,h_NQ_4,13.6575639018
base,9,h_NQ_5,12.5614569281072
base,9,h_NQ_6,11.1689538810438
base,9,h_NQ_7,9.23525614610899
base,9,h_NQ_8,6.84381188609706
base,9,h_NQ_9,5.01286551943104
base,9,h_NQ_10,3.58199674313072
base,9,h_NQ_11,2.56163551226836
base,9,h_NQ_12,1.80446753900908
base,9,h_NQ_13,1.39622118364528
base,9,h_NQ_14,1.17730439361113
base,9,h_NQ_15,1.07560120862091
base,9,h_NQ_16,1.03290686064405
base,9,h_NQ_17,1.01598024863282
base,9,P_NQ_1,0.5287860907
base,9,P_NQ_2,0.0967159191245605
base,9,P_NQ_3,0.120465910018348
base,9,P_NQ_4,0.126548024402544
base,9,P_NQ_5,0.125176018433588
base,9,P_NQ_6,0.108724515580353
base,9,P_NQ_7,0.100426401660501
base,9,P_NQ_8,0.0946563969031318
base,9,P_NQ_9,0.0867826385589756
base,9,P_NQ_10,0.0750000478221221
base,9,P_NQ_11,0.0536959626084339
base,9,P_NQ_12,0.0352971661651882
base,9,P_NQ_13,0.017300073645996
base,9,P_NQ_14,0.00561456349621466
base,9,P_NQ_15,0.00115672150547207
base,9,P_NQ_16,0.000134555342037102
base,9,P_NQ_17,2.20511739353022e-12
base,9,L_NQ,1.10719952706635
base,9,pi_Q,0.3
base,9,pi_NQ,0.7
base,9,y,0.31809386776128
base,9,nbar,2.90649657453114
base,9,Ptot,2.25211569466525
base,9,Pret,0.268855836375022
base,9,H,93.4093995538607
base,9,cCheck,0
base,9,shareq,0.3
base,9,A,0.150728864
base,9,A_Q,2
base,9,xpop,0.755408701
base,9,h_Q_1,100
base,9,mig_Q_2,-0.19193113
base,9,med_Q_2,-71.21311379
base,9,mig_Q_3,-0.009200095
base,9,med_Q_3,-28.63515365
base,9,mig_Q_4,-0.007755268
base,9,med_Q_4,-20.50475116
base,9,mig_Q_5,-0.005120318
base,9,med_Q_5,-12.72132196
base,9,mig_Q_6,-0.003191156
base,9,med_Q_6,-8.823419176
base,9,mig_Q_7,-0.002573679
base,9,med_Q_7,-7.368542036
base,9,mig_Q_8,-0.001661431
base,9,med_Q_8,-6.959547208
base,9,mig_Q_9,-0.00081899
base,9,med_Q_9,-4.624192903
base,9,mig_Q_10,0.000476816
base,9,med_Q_10,-3.214228783
base,9,mig_Q_11,0.001321374
base,9,med_Q_11,-2.036256931
base,9,mig_Q_12,0.001775784
base,9,med_Q_12,-1.226331038
base,9,mig_Q_13,0.001355033
base,9,med_Q_13,-0.728337302
base,9,mig_Q_14,0.000639958
base,9,med_Q_14,-0.413559148
base,9,mig_Q_15,0.00017218
base,9,med_Q_15,-0.205161102
base,9,mig_Q_16,2.64547e-05
base,9,med_Q_16,-0.08393171
base,9,mig_Q_17,-1.87373e-06
base,9,med_Q_17,-0.026183214
base,9,h_NQ_1,100
base,9,mig_NQ_2,-0.434946194
base,9,med_NQ_2,-87.43775033
base,9,mig_NQ_3,-0.017322423
base,9,med_NQ_3,-12.31711967
base,9,mig_NQ_4,-0.013400922
base,9,med_NQ_4,-7.058668113
base,9,mig_NQ_5,-0.006753998
base,9,med_NQ_5,-5.099828453
base,9,mig_NQ_6,-0.002069844
base,9,med_NQ_6,-3.62303007
base,9,mig_NQ_7,-0.000217596
base,9,med_NQ_7,-2.662582698
base,9,mig_NQ_8,0.002687679
base,9,med_NQ_8,-2.691079973
base,9,mig_NQ_9,0.005059754
base,9,med_NQ_9,-1.999631753
base,9,mig_NQ_10,0.007977919
base,9,med_NQ_10,-1.609203645
base,9,mig_NQ_11,0.008290312
base,9,med_NQ_11,-1.153242308
base,9,mig_NQ_12,0.008498296
base,9,med_NQ_12,-0.865696864
base,9,mig_NQ_13,0.0056578
base,9,med_NQ_13,-0.518266842
base,9,mig_NQ_14,0.002352189
base,9,med_NQ_14,-0.296115928
base,9,mig_NQ_15,0.000575987
base,9,med_NQ_15,-0.146449978
base,9,mig_NQ_16,7.95272e-05
base,9,med_NQ_16,-0.057316823
base,9,mig_NQ_17,-3.26447e-06
base,9,med_NQ_17,-0.014428368
base,10,beta_Q_2,0.986426700069285
base,10,beta_Q_3,0.987473200142563
base,10,beta_Q_4,0.984694600000777
base,10,beta_Q_5,0.980313000051596
base,10,beta_Q_6,0.97328560153488
base,10,beta_Q_7,0.962059500005814
base,10,beta_Q_8,0.939212103062337
base,10,beta_Q_9,0.902843200521366
base,10,beta_Q_10,0.840300099934678
base,10,beta_Q_11,0.742515600294894
base,10,beta_Q_12,0.605056707370968
base,10,beta_Q_13,0.440940987893285
base,10,beta_Q_14,0.277381426484267
base,10,beta_Q_15,0.155285704313517
base,10,beta_Q_16,0.0771783404487145
base,10,beta_Q_17,0.0382366976780276
base,10,h_Q_2,73.67405126
base,10,h_Q_3,79.8288469458
base,10,h_Q_4,65.33641721554
base,10,h_Q_5,50.7949408282949
base,10,h_Q_6,37.4329949397765
base,10,h_Q_7,26.3570590833587
base,10,h_Q_8,16.4506423146629
base,10,h_Q_9,10.2926403463315
base,10,h_Q_10,6.26174468001641
base,10,h_Q_11,3.88373043608137
base,10,h_Q_12,2.53200133323649
base,10,h_Q_13,1.78871901655207
base,10,h_Q_14,1.38385588177002
base,10,h_Q_15,1.18383221897797
base,10,h_Q_16,1.08363083129587
base,10,h_Q_17,1.03975676670155
base,10,P_Q_1,0.228139101
base,10,P_Q_2,0.0460741171568224
base,10,P_Q_3,0.0462082265309793
base,10,P_Q_4,0.0573718052679878
base,10,P_Q_5,0.0582240677465765
base,10,P_Q_6,0.0546503800909767
base,10,P_Q_7,0.0460425580524357
base,10,P_Q_8,0.0416365793358818
base,10,P_Q_9,0.0380139590094719
base,10,P_Q_10,0.0329401667563637
base,10,P_Q_11,0.0259605915991424
base,10,P_Q_12,0.0158181112822303
base,10,P_Q_13,0.00797567816083508
base,10,P_Q_14,0.00270104683816156
base,10,P_Q_15,0.000519900609750377
base,10,P_Q_16,6.34524356009634e-05
base,10,P_Q_17,1.06309045855739e-06
base,10,L_Q,0.609275499576717
base,10,beta_NQ_2,0.965960400004401
base,10,beta_NQ_3,0.968815599997748
base,10,beta_NQ_4,0.964758999992157
base,10,beta_NQ_5,0.955200000144948
base,10,beta_NQ_6,0.94075630351581
base,10,beta_NQ_7,0.922422428101573
base,10,beta_NQ_8,0.889363701409856
base,10,beta_NQ_9,0.84350539996961
base,10,beta_NQ_10,0.772416900029399
base,10,beta_NQ_11,0.674246481443401
base,10,beta_NQ_12,0.526415033258905
base,10,beta_NQ_13,0.366288453122011
base,10,beta_NQ_14,0.221180203623582
base,10,beta_NQ_15,0.120159597731927
base,10,beta_NQ_16,0.0586116104771719
base,10,beta_NQ_17,0.0286947287857468
base,10,h_NQ_2,29.3775485
base,10,h_NQ_3,32.0673157066
base,10,h_NQ_4,28.376039265856
base,10,h_NQ_5,22.321428572764
base,10,h_NQ_6,16.8794319055451
base,10,h_NQ_7,12.8903188534229
base,10,h_NQ_8,9.03862475718681
base,10,h_NQ_9,6.38999683537512
base,10,h_NQ_10,4.39399937904242
base,10,h_NQ_11,3.0697983132681
base,10,h_NQ_12,2.11155202702299
base,10,h_NQ_13,1.5780048862289
base,10,h_NQ_14,1.28399406397237
base,10,h_NQ_15,1.13656976573891
base,10,h_NQ_16,1.06226012444849
base,10,h_NQ_17,1.02954240843116
base,10,P_NQ_1,0.532324569
base,10,P_NQ_2,0.107506275569376
base,10,P_NQ_3,0.10781919871397
base,10,P_NQ_4,0.133867544321945
base,10,P_NQ_5,0.135856164672399
base,10,P_NQ_6,0.127517561334397
base,10,P_NQ_7,0.107432634928792
base,10,P_NQ_8,0.0971520259423504
base,10,P_NQ_9,0.0886992446526199
base,10,P_NQ_10,0.0768603999159602
base,10,P_NQ_11,0.0605747141607732
base,10,P_NQ_12,0.0369089277508909
base,10,P_NQ_13,0.0186099156659776
base,10,P_NQ_14,0.00630244265331665
base,10,P_NQ_15,0.00121309134987813
base,10,P_NQ_16,0.000148055517242276
base,10,P_NQ_17,2.48052576830068e-06
base,10,L_NQ,1.14988767579142
base,10,pi_Q,0.3
base,10,pi_NQ,0.7
base,10,y,0.150183600302503
base,10,nbar,2.93372216662271
base,10,Ptot,2.34113605163933
base,10,Pret,0.28660003831235
base,10,H,112.600076891662
base,10,cCheck,-4.44089209850063e-16
base,10,shareq,0.3
base,10,A,0.070701597
base,10,A_Q,2
base,10,xpop,0.76046367
base,10,h_Q_1,100
base,10,mig_Q_2,-0.172088286
base,10,med_Q_2,-24.32594874
base,10,mig_Q_3,0.006018008
base,10,med_Q_3,53.57769846
base,10,mig_Q_4,0.00735486
base,10,med_Q_4,33.08397936
base,10,mig_Q_5,0.005895665
base,10,med_Q_5,19.39444675
base,10,mig_Q_6,0.003201951
base,10,med_Q_6,9.554069131
base,10,mig_Q_7,0.001961042
base,10,med_Q_7,2.44277957
base,10,mig_Q_8,0.002128378
base,10,med_Q_8,-1.708266668
base,10,mig_Q_9,0.002592502
base,10,med_Q_9,-1.650422923
base,10,mig_Q_10,0.003214964
base,10,med_Q_10,-1.464457627
base,10,mig_Q_11,0.00397137
base,10,med_Q_11,-0.997345636
base,10,mig_Q_12,0.003752703
base,10,med_Q_12,-0.570331654
base,10,mig_Q_13,0.002689157
base,10,med_Q_13,-0.271389053
base,10,mig_Q_14,0.001274914
base,10,med_Q_14,-0.12260252
base,10,mig_Q_15,0.000297395
base,10,med_Q_15,-0.029562425
base,10,mig_Q_16,4.23925e-05
base,10,med_Q_16,0.003779819
base,10,mig_Q_17,-1.59484e-07
base,10,med_Q_17,0.016277844
base,10,h_NQ_1,100
base,10,mig_NQ_2,-0.371216042
base,10,med_NQ_2,-68.6224515
base,10,mig_NQ_3,0.018737615
base,10,med_NQ_3,21.71631103
base,10,mig_NQ_4,0.022222088
base,10,med_NQ_4,15.96087098
base,10,mig_NQ_5,0.019382445
base,10,med_NQ_5,8.937015949
base,10,mig_NQ_6,0.01354904
base,10,med_NQ_6,4.569204116
base,10,mig_NQ_7,0.010480886
base,10,med_NQ_7,1.94474405
base,10,mig_NQ_8,0.011399669
base,10,med_NQ_8,-0.011926266
base,10,mig_NQ_9,0.01292554
base,10,med_NQ_9,-0.316938813
base,10,mig_NQ_10,0.014305209
base,10,med_NQ_10,-0.51860883
base,10,mig_NQ_11,0.014852855
base,10,med_NQ_11,-0.440558495
base,10,mig_NQ_12,0.012970199
base,10,med_NQ_12,-0.398850775
base,10,mig_NQ_13,0.008593247
base,10,med_NQ_13,-0.190373302
base,10,mig_NQ_14,0.003697017
base,10,med_NQ_14,-0.084302696
base,10,mig_NQ_15,0.000818452
base,10,med_NQ_15,-0.01718854
base,10,mig_NQ_16,0.000111204
base,10,med_NQ_16,0.00817094
base,10,mig_NQ_17,3.64118e-07
base,10,med_NQ_17,0.017293685
base,11,beta_Q_2,0.993591100002428
base,11,beta_Q_3,0.991658700496937
base,11,beta_Q_4,0.988412000144944
base,11,beta_Q_5,0.983095300000944
base,11,beta_Q_6,0.975058800018706
base,11,beta_Q_7,0.962736404057653
base,11,beta_Q_8,0.941151100012965
base,11,beta_Q_9,0.907147799994951
base,11,beta_Q_10,0.848107599906427
base,11,beta_Q_11,0.750221225887767
base,11,beta_Q_12,0.616204873850281
base,11,beta_Q_13,0.447024208628429
base,11,beta_Q_14,0.279029953486581
base,11,beta_Q_15,0.149287502194982
base,11,beta_Q_16,0.0709255058263431
base,11,beta_Q_17,0.0340335968057298
base,11,h_Q_2,156.03301659
base,11,h_Q_3,119.8853895648
base,11,h_Q_4,86.296168443884
base,11,h_Q_5,59.1551462052292
base,11,h_Q_6,40.094301801729
base,11,h_Q_7,26.835839800981
base,11,h_Q_8,16.9926710646915
base,11,h_Q_9,10.7698040533697
base,11,h_Q_10,6.58360786540487
base,11,h_Q_11,4.00353912341608
base,11,h_Q_12,2.60555494335975
base,11,h_Q_13,1.80839740357176
base,11,h_Q_14,1.38701295622103
base,11,h_Q_15,1.17548525513462
base,11,h_Q_16,1.07633995359841
base,11,h_Q_17,1.03523269166995
base,11,P_Q_1,0.2458306653
base,11,P_Q_2,0.0619474285562033
base,11,P_Q_3,0.0470410209125907
base,11,P_Q_4,0.047841618140668
base,11,P_Q_5,0.0581952385406371
base,11,P_Q_6,0.0579836048005343
base,11,P_Q_7,0.0531009223454527
base,11,P_Q_8,0.0440684367787978
base,11,P_Q_9,0.0387561435463693
base,11,P_Q_10,0.033816558554572
base,11,P_Q_11,0.0269581076929153
base,11,P_Q_12,0.0185859610743795
base,11,P_Q_13,0.00903058161539256
base,11,P_Q_14,0.00325755898543185
base,11,P_Q_15,0.000714998960647717
base,11,P_Q_16,9.42372662588089e-05
base,11,P_Q_17,1.15970085571844e-11
base,11,L_Q,0.64487774970061
base,11,beta_NQ_2,0.983665399999646
base,11,beta_NQ_3,0.978835400001824
base,11,beta_NQ_4,0.972980100144218
base,11,beta_NQ_5,0.961216512998593
base,11,beta_NQ_6,0.944081100012597
base,11,beta_NQ_7,0.923078700404588
base,11,beta_NQ_8,0.891839629677109
base,11,beta_NQ_9,0.849085600046479
base,11,beta_NQ_10,0.781791099620542
base,11,beta_NQ_11,0.682715361040902
base,11,beta_NQ_12,0.537869174743662
base,11,beta_NQ_13,0.372200304897387
base,11,beta_NQ_14,0.223064448964196
base,11,beta_NQ_15,0.115793400331142
base,11,beta_NQ_16,0.0540179978328478
base,11,beta_NQ_17,0.025615596515411
base,11,h_NQ_2,61.21974214
base,11,h_NQ_3,47.24870775
base,11,h_NQ_4,37.009759471468
base,11,h_NQ_5,25.7841607835389
base,11,h_NQ_6,17.8830413343087
base,11,h_NQ_7,13.0003003064342
base,11,h_NQ_8,9.24552793635446
base,11,h_NQ_9,6.62627290904307
base,11,h_NQ_10,4.58276448966762
base,11,h_NQ_11,3.15174253546158
base,11,h_NQ_12,2.16388859600274
base,11,h_NQ_13,1.59286473048253
base,11,h_NQ_14,1.28710051350432
base,11,h_NQ_15,1.13095740269293
base,11,h_NQ_16,1.05710256342413
base,11,h_NQ_17,1.02628900495952
base,11,P_NQ_1,0.5736048857
base,11,P_NQ_2,0.14454400060341
base,11,P_NQ_3,0.109762384869268
base,11,P_NQ_4,0.111630444331245
base,11,P_NQ_5,0.135788889355725
base,11,P_NQ_6,0.135295084287042
base,11,P_NQ_7,0.123902163551665
base,11,P_NQ_8,0.102826353852484
base,11,P_NQ_9,0.0904310065003603
base,11,P_NQ_10,0.0789053085895259
base,11,P_NQ_11,0.0629023192056688
base,11,P_NQ_12,0.0433671901695921
base,11,P_NQ_13,0.0210713480522659
base,11,P_NQ_14,0.00760097093641862
base,11,P_NQ_15,0.00166833197395107
base,11,P_NQ_16,0.000219884237672283
base,11,P_NQ_17,2.29125005838702e-11
base,11,L_NQ,1.21846068525891
base,11,pi_Q,0.3
base,11,pi_NQ,0.7
base,11,y,0.349509062668887
base,11,nbar,3.22518743143824
base,11,Ptot,2.49074364932166
base,11,Pret,0.308193357349202
base,11,H,136.983936180097
base,11,cCheck,0
base,11,shareq,0.3
base,11,A,0.153982005
base,11,A_Q,2
base,11,xpop,0.819435551
base,11,h_Q_1,100
base,11,mig_Q_2,-0.163095072
base,11,med_Q_2,58.03301659
base,11,mig_Q_3,0.001544065
base,11,med_Q_3,47.68481933
base,11,mig_Q_4,0.002340627
base,11,med_Q_4,8.063898437
base,11,mig_Q_5,0.001952912
base,11,med_Q_5,-4.874542666
base,11,mig_Q_6,0.001314958
base,11,med_Q_6,-9.68474021
base,11,mig_Q_7,0.000524005
base,11,med_Q_7,-9.84849524
base,11,mig_Q_8,0.000824709
base,11,med_Q_8,-8.837246837
base,11,mig_Q_9,0.001164841
base,11,med_Q_9,-5.351825415
base,11,mig_Q_10,0.001873425
base,11,med_Q_10,-3.503179674
base,11,mig_Q_11,0.00249952
base,11,med_Q_11,-2.132970663
base,11,mig_Q_12,0.002878331
base,11,med_Q_12,-1.200500884
base,11,mig_Q_13,0.002055728
base,11,med_Q_13,-0.672963903
base,11,mig_Q_14,0.001045254
base,11,med_Q_14,-0.36593168
base,11,mig_Q_15,0.000295565
base,11,med_Q_15,-0.180693509
base,11,mig_Q_16,5.41122e-05
base,11,med_Q_16,-0.083815621
base,11,mig_Q_17,-2.4262e-06
base,11,med_Q_17,-0.026725523
base,11,h_NQ_1,100
base,11,mig_NQ_2,-0.369660453
base,11,med_NQ_2,-36.78025786
base,11,mig_NQ_3,0.005608628
base,11,med_NQ_3,18.45871022
base,11,mig_NQ_4,0.007610902
base,11,med_NQ_4,5.583790079
base,11,mig_NQ_5,0.007918611
base,11,med_NQ_5,-2.024357697
base,11,mig_NQ_6,0.007487541
base,11,med_NQ_6,-3.991958667
base,11,mig_NQ_7,0.006277105
base,11,med_NQ_7,-3.541542961
base,11,mig_NQ_8,0.007279668
base,11,med_NQ_8,-3.38698454
base,11,mig_NQ_9,0.008482748
base,11,med_NQ_9,-2.231579353
base,11,mig_NQ_10,0.010392513
base,11,med_NQ_10,-1.679432409
base,11,mig_NQ_11,0.011079465
base,11,med_NQ_11,-1.154376856
base,11,mig_NQ_12,0.01147975
base,11,med_NQ_12,-0.844513751
base,11,mig_NQ_13,0.007552034
base,11,med_NQ_13,-0.476456256
base,11,mig_NQ_14,0.003484826
base,11,med_NQ_14,-0.259344275
base,11,mig_NQ_15,0.000911033
base,11,med_NQ_15,-0.12735678
base,11,mig_NQ_16,0.000148783
base,11,med_NQ_16,-0.056735807
base,11,mig_NQ_17,-4.24839e-06
base,11,med_NQ_17,-0.014725917
base,12,beta_Q_2,0.994794700000283
base,12,beta_Q_3,0.993151300000353
base,12,beta_Q_4,0.990040699999411
base,12,beta_Q_5,0.985406799999085
base,12,beta_Q_6,0.977888601593333
base,12,beta_Q_7,0.965888600186084
base,12,beta_Q_8,0.944514900010858
base,12,beta_Q_9,0.912696100054757
base,12,beta_Q_10,0.85859640011135
base,12,beta_Q_11,0.767505400001658
base,12,beta_Q_12,0.638155199373967
base,12,beta_Q_13,0.470897593289184
base,12,beta_Q_14,0.297350425750987
base,12,beta_Q_15,0.160490828553725
base,12,beta_Q_16,0.0768615017820746
base,12,beta_Q_17,0.0364280247042793
base,12,h_Q_2,192.11188596
base,12,h_Q_3,146.0131119812
base,12,h_Q_4,100.408663253504
base,12,h_Q_5,68.5250664650063
base,12,h_Q_6,45.2255397711246
base,12,h_Q_7,29.3157126396944
base,12,h_Q_8,18.0228565869614
base,12,h_Q_9,11.4542420253977
base,12,h_Q_10,7.07195573430226
base,12,h_Q_11,4.30117516309678
base,12,h_Q_12,2.76361577694776
base,12,h_Q_13,1.88998546249255
base,12,h_Q_14,1.42318386650033
base,12,h_Q_15,1.19117217809661
base,12,h_Q_16,1.08326107103193
base,12,h_Q_17,1.03779881652644
base,12,P_Q_1,0.264807645
base,12,P_Q_2,0.0617253131497558
base,12,P_Q_3,0.0621279115011714
base,12,P_Q_4,0.0470734635690739
base,12,P_Q_5,0.0475125439385306
base,12,P_Q_6,0.0571084784582359
base,12,P_Q_7,0.0559398941799664
base,12,P_Q_8,0.0503188094771259
base,12,P_Q_9,0.040765321473103
base,12,P_Q_10,0.0343554498847402
base,12,P_Q_11,0.0278630880141164
base,12,P_Q_12,0.0195343213501552
base,12,P_Q_13,0.0108637735408733
base,12,P_Q_14,0.00375782376809976
base,12,P_Q_15,0.000857172844187942
base,12,P_Q_16,0.000128705962949249
base,12,P_Q_17,5.31239265016876e-11
base,12,L_Q,0.673752050679904
base,12,beta_NQ_2,0.9858635999994
base,12,beta_NQ_3,0.9818701999993
base,12,beta_NQ_4,0.976348704006461
base,12,beta_NQ_5,0.966116906483536
base,12,beta_NQ_6,0.949930801722291
base,12,beta_NQ_7,0.928669100105706
base,12,beta_NQ_8,0.896660599994639
base,12,beta_NQ_9,0.856564299964593
base,12,beta_NQ_10,0.79491340015851
base,12,beta_NQ_11,0.702279799376932
base,12,beta_NQ_12,0.560721899993885
base,12,beta_NQ_13,0.394610637288873
base,12,beta_NQ_14,0.238564330831283
base,12,beta_NQ_15,0.124762311463605
base,12,beta_NQ_16,0.0583731004118958
base,12,beta_NQ_17,0.0272748173711475
base,12,h_NQ_2,70.73936787
base,12,h_NQ_3,55.1578064822
base,12,h_NQ_4,42.280973987
base,12,h_NQ_5,29.5132381610386
base,12,h_NQ_6,19.9723582498681
base,12,h_NQ_7,14.0191698136225
base,12,h_NQ_8,9.67685122930548
base,12,h_NQ_9,6.97176504662737
base,12,h_NQ_10,4.87598897486221
base,12,h_NQ_11,3.35885840987426
base,12,h_NQ_12,2.27646222275234
base,12,h_NQ_13,1.65182638508269
base,12,h_NQ_14,1.31330835787288
base,12,h_NQ_15,1.14254676423424
base,12,h_NQ_16,1.06199175063907
base,12,h_NQ_17,1.02803661115565
base,12,P_NQ_1,0.617884505
base,12,P_NQ_2,0.144025731333841
base,12,P_NQ_3,0.144965127648503
base,12,P_NQ_4,0.109838085222169
base,12,P_NQ_5,0.110862607444563
base,12,P_NQ_6,0.133253115032442
base,12,P_NQ_7,0.130526425574811
base,12,P_NQ_8,0.11741056965811
base,12,P_NQ_9,0.0951190853614283
base,12,P_NQ_10,0.080162720011709
base,12,P_NQ_11,0.0650138712417419
base,12,P_NQ_12,0.0455801145206155
base,12,P_NQ_13,0.0253487774036651
base,12,P_NQ_14,0.00876827064221149
base,12,P_NQ_15,0.00200007027054609
base,12,P_NQ_16,0.000300312952953359
base,12,P_NQ_17,3.59123119400391e-11
base,12,L_NQ,1.27628793028872
base,12,pi_Q,0.3
base,12,pi_NQ,0.7
base,12,y,0.479589473186861
base,12,nbar,3.50875732004263
base,12,Ptot,2.61579910552043
base,12,Pret,0.324534472497601
base,12,H,155.168545991084
base,12,cCheck,4.44089209850063e-16
base,12,shareq,0.3
base,12,A,0.199187605
base,12,A_Q,2
base,12,xpop,0.88269215
base,12,h_Q_1,100
base,12,mig_Q_2,-0.182529848
base,12,med_Q_2,94.11188596
base,12,mig_Q_3,0.000697205
base,12,med_Q_3,-6.899244277
base,12,mig_Q_4,0.000577554
base,12,med_Q_4,-17.07901852
base,12,mig_Q_5,0.000479674
base,12,med_Q_5,-16.04517861
base,12,mig_Q_6,0.000364699
base,12,med_Q_6,-12.74650351
base,12,mig_Q_7,0.000116967
base,12,med_Q_7,-9.976703126
base,12,mig_Q_8,0.000342818
base,12,med_Q_8,-8.276266418
base,12,mig_Q_9,0.000788736
base,12,med_Q_9,-5.198575618
base,12,mig_Q_10,0.00148607
base,12,med_Q_10,-3.482452238
base,12,mig_Q_11,0.002493188
base,12,med_Q_11,-2.150760545
base,12,mig_Q_12,0.002922604
base,12,med_Q_12,-1.159852564
base,12,mig_Q_13,0.002555399
base,12,med_Q_13,-0.663458382
base,12,mig_Q_14,0.001238021
base,12,med_Q_14,-0.349045589
base,12,mig_Q_15,0.00037086
base,12,med_Q_15,-0.168100519
base,12,mig_Q_16,7.79943e-05
base,12,med_Q_16,-0.068714479
base,12,mig_Q_17,-3.20718e-06
base,12,med_Q_17,-0.017014338
base,12,h_NQ_1,100
base,12,mig_NQ_2,-0.420209548
base,12,med_NQ_2,-27.26063213
base,12,mig_NQ_3,0.003480343
base,12,med_NQ_3,-4.837540815
base,12,mig_NQ_4,0.003041469
base,12,med_NQ_4,-4.022759608
base,12,mig_NQ_5,0.003561581
base,12,med_NQ_5,-6.756326121
base,12,mig_NQ_6,0.005057391
base,12,med_NQ_6,-5.296119318
base,12,mig_NQ_7,0.005638415
base,12,med_NQ_7,-3.506210694
base,12,mig_NQ_8,0.00690971
base,12,med_NQ_8,-3.063443071
base,12,mig_NQ_9,0.007810709
base,12,med_NQ_9,-2.088852331
base,12,mig_NQ_10,0.009464564
base,12,med_NQ_10,-1.617758476
base,12,mig_NQ_11,0.011144005
base,12,med_NQ_11,-1.13225079
base,12,mig_NQ_12,0.011746896
base,12,med_NQ_12,-0.812245462
base,12,mig_NQ_13,0.009207496
base,12,med_NQ_13,-0.468784439
base,12,mig_NQ_14,0.004068002
base,12,med_NQ_14,-0.247699078
base,12,mig_NQ_15,0.001119928
base,12,med_NQ_15,-0.118811739
base,12,mig_NQ_16,0.000210193
base,12,med_NQ_16,-0.046346504
base,12,mig_NQ_17,-5.63243e-06
base,12,med_NQ_17,-0.007923901
base,13,beta_Q_2,0.99543669999992
base,13,beta_Q_3,0.993858200189183
base,13,beta_Q_4,0.990898000056964
base,13,beta_Q_5,0.986666900084058
base,13,beta_Q_6,0.980067900403587
base,13,beta_Q_7,0.968515800076275
base,13,beta_Q_8,0.94732200001555
base,13,beta_Q_9,0.916073500002183
base,13,beta_Q_10,0.865978800079766
base,13,beta_Q_11,0.781981500048058
base,13,beta_Q_12,0.656456599521037
base,13,beta_Q_13,0.489528404327301
base,13,beta_Q_14,0.316434817275691
base,13,beta_Q_15,0.176402616092727
base,13,beta_Q_16,0.0835971053138845
base,13,beta_Q_17,0.0394349000538824
base,13,h_Q_2,219.1396577
base,13,h_Q_3,162.8187176408
base,13,h_Q_4,109.865963531576
base,13,h_Q_5,75.0013125184339
base,13,h_Q_6,50.1703282557062
base,13,h_Q_7,31.7619631457021
base,13,h_Q_8,18.9832567719005
base,13,h_Q_9,11.9151876942221
base,13,h_Q_10,7.46150609388974
base,13,h_Q_11,4.58676671861621
base,13,h_Q_12,2.91084037283484
base,13,h_Q_13,1.9589693814088
base,13,h_Q_14,1.4629173892427
base,13,h_Q_15,1.21418532917032
base,13,h_Q_16,1.09122308853468
base,13,h_Q_17,1.04105385461129
base,13,P_Q_1,0.2950376742
base,13,P_Q_2,0.0600938417655564
base,13,P_Q_3,0.0632528059976088
base,13,P_Q_4,0.0631999499921212
base,13,P_Q_5,0.0475806151004746
base,13,P_Q_6,0.0475054961501915
base,13,P_Q_7,0.0560209943167826
base,13,P_Q_8,0.053701097558009
base,13,P_Q_9,0.0471131771691711
base,13,P_Q_10,0.0367819982661882
base,13,P_Q_11,0.0289928733060244
base,13,P_Q_12,0.0209122024868229
base,13,P_Q_13,0.0120588959103256
base,13,P_Q_14,0.00491457868764098
base,13,P_Q_15,0.00107203225010121
base,13,P_Q_16,0.000154475992091097
base,13,P_Q_17,1.41993639979033e-05
base,13,L_Q,0.713459623484356
base,13,beta_NQ_2,0.987370000517705
base,13,beta_NQ_3,0.983264100037819
base,13,beta_NQ_4,0.97793440001489
base,13,beta_NQ_5,0.968845500110594
base,13,beta_NQ_6,0.954518500483554
base,13,beta_NQ_7,0.933515000027073
base,13,beta_NQ_8,0.900877300011999
base,13,beta_NQ_9,0.8608113206286
base,13,beta_NQ_10,0.804067599919317
base,13,beta_NQ_11,0.718815200189958
base,13,beta_NQ_12,0.580001798526363
base,13,beta_NQ_13,0.412395592996297
base,13,beta_NQ_14,0.255122082688129
base,13,beta_NQ_15,0.1373123384164
base,13,beta_NQ_16,0.0635136030540818
base,13,beta_NQ_17,0.0294936500570758
base,13,h_NQ_2,79.17656374
base,13,h_NQ_3,59.7517910566
base,13,h_NQ_4,45.319411208556
base,13,h_NQ_5,32.09809177126
base,13,h_NQ_6,21.9869617298179
base,13,h_NQ_7,15.0409866828707
base,13,h_NQ_8,10.0885064683501
base,13,h_NQ_9,7.18448610771937
base,13,h_NQ_10,5.10380110469482
base,13,h_NQ_11,3.55638000536496
base,13,h_NQ_12,2.38096257667678
base,13,h_NQ_13,1.7018237932973
base,13,h_NQ_14,1.34250154638103
base,13,h_NQ_15,1.15916802771542
base,13,h_NQ_16,1.06782116894955
base,13,h_NQ_17,1.03038459962629
base,13,P_NQ_1,0.6884212398
base,13,P_NQ_2,0.140218964483147
base,13,P_NQ_3,0.147589880629804
base,13,P_NQ_4,0.147466550505747
base,13,P_NQ_5,0.111021439108917
base,13,P_NQ_6,0.110846162570838
base,13,P_NQ_7,0.13071565442346
base,13,P_NQ_8,0.125302564071066
base,13,P_NQ_9,0.109930758407643
base,13,P_NQ_10,0.0858246655646206
base,13,P_NQ_11,0.0676500409273322
base,13,P_NQ_12,0.0487951394086273
base,13,P_NQ_13,0.0281373890386799
base,13,P_NQ_14,0.0114673381186965
base,13,P_NQ_15,0.00250140671286077
base,13,P_NQ_16,0.000360443302733435
base,13,P_NQ_17,3.31310809459929e-05
base,13,L_NQ,1.35781155962384
base,13,pi_Q,0.3
base,13,pi_NQ,0.7
base,13,y,0.62588539738724
base,13,nbar,3.81809807180104
base,13,Ptot,2.79468967666823
base,13,Pret,0.349670810417689
base,13,H,174.693858781376
base,13,cCheck,-1.33226762955019e-15
base,13,shareq,0.3
base,13,A,0.245020185
base,13,A_Q,2
base,13,xpop,0.983458914
base,13,h_Q_1,100
base,13,mig_Q_2,-0.2033354
base,13,med_Q_2,121.1396577
base,13,mig_Q_3,0.001950231
base,13,med_Q_3,-25.4509306
base,13,mig_Q_4,0.001690789
base,13,med_Q_4,-33.22688621
base,13,mig_Q_5,0.001194104
base,13,med_Q_5,-23.39917747
base,13,mig_Q_6,0.001043521
base,13,med_Q_6,-16.98423688
base,13,mig_Q_7,0.000860566
base,13,med_Q_7,-12.55906583
base,13,mig_Q_8,0.000865034
base,13,med_Q_8,-9.746141615
base,13,mig_Q_9,0.001187396
base,13,med_Q_9,-5.747211761
base,13,mig_Q_10,0.00178104
base,13,med_Q_10,-3.763651091
base,13,mig_Q_11,0.00262488
base,13,med_Q_11,-2.343749901
base,13,mig_Q_12,0.003131228
base,13,med_Q_12,-1.304311287
base,13,mig_Q_13,0.002860231
base,13,med_Q_13,-0.74937408
base,13,mig_Q_14,0.001684231
base,13,med_Q_14,-0.389268364
base,13,mig_Q_15,0.000468936
base,13,med_Q_15,-0.18053486
base,13,mig_Q_16,8.85924e-05
base,13,med_Q_16,-0.076125646
base,13,mig_Q_17,9.51086e-06
base,13,med_Q_17,-0.020541995
base,13,h_NQ_1,100
base,13,mig_NQ_2,-0.468930878
base,13,med_NQ_2,-18.82343626
base,13,mig_NQ_3,0.006175307
base,13,med_NQ_3,-9.572789456
base,13,mig_NQ_4,0.005930036
base,13,med_NQ_4,-8.735239144
base,13,mig_NQ_5,0.004905008
base,13,med_NQ_5,-9.337262736
base,13,mig_NQ_6,0.005534357
base,13,med_NQ_6,-6.936011668
base,13,mig_NQ_7,0.006967604
base,13,med_NQ_7,-4.531924402
base,13,mig_NQ_8,0.008264661
base,13,med_NQ_8,-3.650279949
base,13,mig_NQ_9,0.009361056
base,13,med_NQ_9,-2.298828097
base,13,mig_NQ_10,0.01021323
base,13,med_NQ_10,-1.728528641
base,13,mig_NQ_11,0.011353382
base,13,med_NQ_11,-1.22208919
base,13,mig_NQ_12,0.012340438
base,13,med_NQ_12,-0.910718665
base,13,mig_NQ_13,0.010150991
base,13,med_NQ_13,-0.529109185
base,13,mig_NQ_14,0.005420024
base,13,med_NQ_14,-0.276288311
base,13,mig_NQ_15,0.001407457
base,13,med_NQ_15,-0.127874163
base,13,mig_NQ_16,0.000243693
base,13,med_NQ_16,-0.05187466
base,13,mig_NQ_17,2.49401e-05
base,13,med_NQ_17,-0.010367316
base,14,beta_Q_2,0.995754800004843
base,14,beta_Q_3,0.994171300000187
base,14,beta_Q_4,0.990976500051843
base,14,beta_Q_5,0.986639900000631
base,14,beta_Q_6,0.980200900038177
base,14,beta_Q_7,0.970047399997429
base,14,beta_Q_8,0.949007699996581
base,14,beta_Q_9,0.91748150702083
base,14,beta_Q_10,0.86633560001034
base,14,beta_Q_11,0.788424382100547
base,14,beta_Q_12,0.672029899979871
base,14,beta_Q_13,0.511739889190151
base,14,beta_Q_14,0.336314032157484
base,14,beta_Q_15,0.191642504856973
base,14,beta_Q_16,0.0944234196908989
base,14,beta_Q_17,0.0447936033192221
base,14,h_Q_2,235.5601621
base,14,h_Q_3,171.564842926
base,14,h_Q_4,110.821743227984
base,14,h_Q_5,74.8497391509444
base,14,h_Q_6,50.5073462880652
base,14,h_Q_7,33.3860833405921
base,14,h_Q_8,19.6108039827881
base,14,h_Q_9,12.1184946444625
base,14,h_Q_10,7.48142362533768
base,14,h_Q_11,4.72643847201194
base,14,h_Q_12,3.04905843524389
base,14,h_Q_13,2.04807990037814
base,14,h_Q_14,1.50673547978063
base,14,h_Q_15,1.23707626845785
base,14,h_Q_16,1.10426881758691
base,14,h_Q_17,1.04689416076398
base,14,P_Q_1,0.3198031971
base,14,P_Q_2,0.0561084727812994
base,14,P_Q_3,0.0615593454195694
base,14,P_Q_4,0.0644478859610217
base,14,P_Q_5,0.0636490937441937
base,14,P_Q_6,0.0473664005414334
base,14,P_Q_7,0.0467254316119231
base,14,P_Q_8,0.0539476863790343
base,14,P_Q_9,0.050298217393924
base,14,P_Q_10,0.0425283796329042
base,14,P_Q_11,0.0313991051789589
base,14,P_Q_12,0.0222572730208171
base,14,P_Q_13,0.0132743451143438
base,14,P_Q_14,0.00564669852393046
base,14,P_Q_15,0.00150230853749343
base,14,P_Q_16,0.000191967792911592
base,14,P_Q_17,2.04586453088367e-05
base,14,L_Q,0.737644223443022
base,14,beta_NQ_2,0.988142700004068
base,14,beta_NQ_3,0.983934500001772
base,14,beta_NQ_4,0.977790400038823
base,14,beta_NQ_5,0.968400001242472
base,14,beta_NQ_6,0.954638500008699
base,14,beta_NQ_7,0.936549199995969
base,14,beta_NQ_8,0.903564358072179
base,14,beta_NQ_9,0.862200001433298
base,14,beta_NQ_10,0.803860918221978
base,14,beta_NQ_11,0.726096436615858
base,14,beta_NQ_12,0.596541539489888
base,14,beta_NQ_13,0.433744041227652
base,14,beta_NQ_14,0.272212721431368
base,14,beta_NQ_15,0.149810141058438
base,14,beta_NQ_16,0.0716882050066691
base,14,beta_NQ_17,0.033394703023271
base,14,h_NQ_2,84.33623169
base,14,h_NQ_3,62.2451837852
base,14,h_NQ_4,45.025574525468
base,14,h_NQ_5,31.6455696143849
base,14,h_NQ_6,22.0451263768348
base,14,h_NQ_7,15.7602425802215
base,14,h_NQ_8,10.3696037822133
base,14,h_NQ_9,7.25689404998309
base,14,h_NQ_10,5.09841729756498
base,14,h_NQ_11,3.65091818560092
base,14,h_NQ_12,2.47856291125766
base,14,h_NQ_13,1.76598226414324
base,14,h_NQ_14,1.37402744643135
base,14,h_NQ_15,1.17620781145341
base,14,h_NQ_16,1.07722426816111
base,14,h_NQ_17,1.03454843757056
base,14,P_NQ_1,0.7462074599
base,14,P_NQ_2,0.130919770897725
base,14,P_NQ_3,0.143638475920757
base,14,P_NQ_4,0.150378401361977
base,14,P_NQ_5,0.148514554874325
base,14,P_NQ_6,0.110521604579769
base,14,P_NQ_7,0.109026010455316
base,14,P_NQ_8,0.125877934826308
base,14,P_NQ_9,0.117362525656164
base,14,P_NQ_10,0.0992328940701438
base,14,P_NQ_11,0.0732645811590689
base,14,P_NQ_12,0.0519336384082348
base,14,P_NQ_13,0.0309734504517578
base,14,P_NQ_14,0.0131756082929542
base,14,P_NQ_15,0.00350538401248975
base,14,P_NQ_16,0.000447922353037455
base,14,P_NQ_17,4.77384886362366e-05
base,14,L_NQ,1.41029811036659
base,14,pi_Q,0.3
base,14,pi_NQ,0.7
base,14,y,0.895371677124216
base,14,nbar,4.05139467253644
base,14,Ptot,2.93575422308773
base,14,Pret,0.389401753682991
base,14,H,185.670093636066
base,14,cCheck,0
base,14,shareq,0.3
base,14,A,0.336263838
base,14,A_Q,2
base,14,xpop,1.066010657
base,14,h_Q_1,100
base,14,mig_Q_2,-0.237582856
base,14,med_Q_2,137.5601621
base,14,mig_Q_3,0.001834588
base,14,med_Q_3,-43.19202162
base,14,mig_Q_4,0.001770807
base,14,med_Q_4,-48.74060006
base,14,mig_Q_5,0.001291795
base,14,med_Q_5,-32.81890511
base,14,mig_Q_6,0.000734167
base,14,med_Q_6,-22.99393998
base,14,mig_Q_7,0.000715608
base,14,med_Q_7,-15.78083835
base,14,mig_Q_8,0.000877766
base,14,med_Q_8,-11.5159199
base,14,mig_Q_9,0.001104065
base,14,med_Q_9,-6.485096992
base,14,mig_Q_10,0.001729367
base,14,med_Q_10,-4.195460315
base,14,mig_Q_11,0.002636263
base,14,med_Q_11,-2.5858375
base,14,mig_Q_12,0.00322471
base,14,med_Q_12,-1.445972949
base,14,mig_Q_13,0.003037228
base,14,med_Q_13,-0.804543665
base,14,mig_Q_14,0.001830844
base,14,med_Q_14,-0.413054514
base,14,mig_Q_15,0.000635364
base,14,med_Q_15,-0.196582773
base,14,mig_Q_16,0.000102349
base,14,med_Q_16,-0.085632805
base,14,mig_Q_17,1.43669e-05
base,14,med_Q_17,-0.022504466
base,14,h_NQ_1,100
base,14,mig_NQ_2,-0.548806709
base,14,med_NQ_2,-13.66376831
base,14,mig_NQ_3,0.005766202
base,14,med_NQ_3,-15.34784868
base,14,mig_NQ_4,0.00604518
base,14,med_NQ_4,-13.53118071
base,14,mig_NQ_5,0.005642251
base,14,med_NQ_5,-12.76745337
base,14,mig_NQ_6,0.004549587
base,14,med_NQ_6,-9.411003559
base,14,mig_NQ_7,0.005549455
base,14,med_NQ_7,-5.786979915
base,14,mig_NQ_8,0.008119169
base,14,med_NQ_8,-4.370563167
base,14,mig_NQ_9,0.00950066
base,14,med_NQ_9,-2.629842289
base,14,mig_NQ_10,0.010841133
base,14,med_NQ_10,-1.942379088
base,14,mig_NQ_11,0.011572507
base,14,med_NQ_11,-1.350806897
base,14,mig_NQ_12,0.012696493
base,14,med_NQ_12,-1.006689494
base,14,mig_NQ_13,0.01085055
base,14,med_NQ_13,-0.567361061
base,14,mig_NQ_14,0.005997139
base,14,med_NQ_14,-0.293759871
base,14,mig_NQ_15,0.001930777
base,14,med_NQ_15,-0.139443704
base,14,mig_NQ_16,0.000289049
base,14,med_NQ_16,-0.058760399
base,14,mig_NQ_17,3.71077e-05
base,14,med_NQ_17,-0.011916308
base,15,beta_Q_2,0.995943800000819
base,15,beta_Q_3,0.994638400018662
base,15,beta_Q_4,0.991469000000774
base,15,beta_Q_5,0.986982900000344
base,15,beta_Q_6,0.981193400001437
base,15,beta_Q_7,0.971546499995241
base,15,beta_Q_8,0.954140501122299
base,15,beta_Q_9,0.924845900633453
base,15,beta_Q_10,0.876465100316861
base,15,beta_Q_11,0.799466700027591
base,15,beta_Q_12,0.688078000406597
base,15,beta_Q_13,0.531831587428912
base,15,beta_Q_14,0.357684185180722
base,15,beta_Q_15,0.203602537720793
base,15,beta_Q_16,0.100828305865785
base,15,beta_Q_17,0.0474932096030305
base,15,h_Q_2,246.5361669
base,15,h_Q_3,186.511489138
base,15,h_Q_4,117.21955221748
base,15,h_Q_5,76.8220264134243
base,15,h_Q_6,53.1728223079256
base,15,h_Q_7,35.1450612323039
base,15,h_Q_8,21.8057327237802
base,15,h_Q_9,13.3059939501323
base,15,h_Q_10,8.09487845557326
base,15,h_Q_11,4.98670295683093
base,15,h_Q_12,3.2059296915717
base,15,h_Q_13,2.13597624753901
base,15,h_Q_14,1.55686463237058
base,15,h_Q_15,1.25565436418501
base,15,h_Q_16,1.11213465008869
base,15,h_Q_17,1.04985289623517
base,15,P_Q_1,0.3220408704
base,15,P_Q_2,0.0643385065692199
base,15,P_Q_3,0.0571512833260096
base,15,P_Q_4,0.0621299456693674
base,15,P_Q_5,0.0643568587598345
base,15,P_Q_6,0.062751466974673
base,15,P_Q_7,0.0461707546924543
base,15,P_Q_8,0.0447023903853787
base,15,P_Q_9,0.0503728815993235
base,15,P_Q_10,0.0452248723454157
base,15,P_Q_11,0.03596110543381
base,15,P_Q_12,0.0240711345128732
base,15,P_Q_13,0.0143779764293479
base,15,P_Q_14,0.00649612752965496
base,15,P_Q_15,0.0018348424492982
base,15,P_Q_16,0.000296447109540962
base,15,P_Q_17,2.06077291657484e-05
base,15,L_Q,0.747703510728542
base,15,beta_NQ_2,0.988587100000126
base,15,beta_NQ_3,0.985280700071966
base,15,beta_NQ_4,0.978758600003395
base,15,beta_NQ_5,0.968898802060581
base,15,beta_NQ_6,0.956626799989653
base,15,beta_NQ_7,0.939580000015417
base,15,beta_NQ_8,0.912634501171517
base,15,beta_NQ_9,0.873406100396887
base,15,beta_NQ_10,0.817039600162777
base,15,beta_NQ_11,0.73878769996807
base,15,beta_NQ_12,0.613765999741137
base,15,beta_NQ_13,0.453317998936572
base,15,beta_NQ_14,0.290875336209447
base,15,beta_NQ_15,0.159068812728285
base,15,beta_NQ_16,0.0763640019877916
base,15,beta_NQ_17,0.0352194375296104
base,15,h_NQ_2,87.62014913
base,15,h_NQ_3,67.9380133562
base,15,h_NQ_4,47.077876229496
base,15,h_NQ_5,32.1531002049586
base,15,h_NQ_6,23.0557118160972
base,15,h_NQ_7,16.5508109932981
base,15,h_NQ_8,11.4461658196171
base,15,h_NQ_9,7.89927476256906
base,15,h_NQ_10,5.46566360898343
base,15,h_NQ_11,3.82830364361368
base,15,h_NQ_12,2.58910401288891
base,15,h_NQ_13,1.82921397603251
base,15,h_NQ_14,1.41018860486038
base,15,h_NQ_15,1.18915792450272
base,15,h_NQ_16,1.08267759322434
base,15,h_NQ_17,1.03650143379789
base,15,P_NQ_1,0.7514286976
base,15,P_NQ_2,0.150123183188763
base,15,P_NQ_3,0.1333529963186
base,15,P_NQ_4,0.144969875831524
base,15,P_NQ_5,0.150166003065779
base,15,P_NQ_6,0.146420089894685
base,15,P_NQ_7,0.107731763351454
base,15,P_NQ_8,0.104305586150229
base,15,P_NQ_9,0.117536723587663
base,15,P_NQ_10,0.105524741638815
base,15,P_NQ_11,0.0839092477794103
base,15,P_NQ_12,0.0561660670347128
base,15,P_NQ_13,0.0335485631988433
base,15,P_NQ_14,0.0151576102395926
base,15,P_NQ_15,0.00428129173689819
base,15,P_NQ_16,0.000691709687714465
base,15,P_NQ_17,4.80847339571705e-05
base,15,L_NQ,1.42825967753731
base,15,pi_Q,0.3
base,15,pi_NQ,0.7
base,15,y,1.18116143790509
base,15,nbar,4.15517171047554
base,15,Ptot,3.00766030695401
base,15,Pret,0.42761042958905
base,15,H,193.847292624012
base,15,cCheck,-4.44089209850063e-16
base,15,shareq,0.3
base,15,A,0.435809785
base,15,A_Q,2
base,15,xpop,1.073469568
base,15,h_Q_1,100
base,15,mig_Q_2,-0.254107062
base,15,med_Q_2,148.5361669
base,15,mig_Q_3,0.00136985
base,15,med_Q_3,-44.33746972
base,15,mig_Q_4,0.001126081
base,15,med_Q_4,-50.91399385
base,15,mig_Q_5,0.000770003
base,15,med_Q_5,-31.78328195
base,15,mig_Q_6,0.000362568
base,15,med_Q_6,-20.17992206
base,15,mig_Q_7,0.000223101
base,15,med_Q_7,-14.35213813
base,15,mig_Q_8,0.000359596
base,15,med_Q_8,-10.91262895
base,15,mig_Q_9,0.000876877
base,15,med_Q_9,-5.912593953
base,15,mig_Q_10,0.001649736
base,15,med_Q_10,-3.781246296
base,15,mig_Q_11,0.002430694
base,15,med_Q_11,-2.345092196
base,15,mig_Q_12,0.002969997
base,15,med_Q_12,-1.425980011
base,15,mig_Q_13,0.002988042
base,15,med_Q_13,-0.852101019
base,15,mig_Q_14,0.002031779
base,15,med_Q_14,-0.45025367
base,15,mig_Q_15,0.000752695
base,15,med_Q_15,-0.220946406
base,15,mig_Q_16,0.000154594
base,15,med_Q_16,-0.100200093
base,15,mig_Q_17,1.20088e-05
base,15,med_Q_17,-0.032330545
base,15,h_NQ_1,100
base,15,mig_NQ_2,-0.587236271
base,15,med_NQ_2,-10.37985087
base,15,mig_NQ_3,0.004536517
base,15,med_NQ_3,-14.7114937
base,15,mig_NQ_4,0.004521553
base,15,med_NQ_4,-13.92240388
base,15,mig_NQ_5,0.004539559
base,15,med_NQ_5,-11.97196283
base,15,mig_NQ_6,0.004642378
base,15,med_NQ_6,-7.956946406
base,15,mig_NQ_7,0.004222843
base,15,med_NQ_7,-5.053412856
base,15,mig_NQ_8,0.005793569
base,15,med_NQ_8,-3.998871909
base,15,mig_NQ_9,0.009004768
base,15,med_NQ_9,-2.262936944
base,15,mig_NQ_10,0.011181594
base,15,med_NQ_10,-1.64609256
base,15,mig_NQ_11,0.011856597
base,15,med_NQ_11,-1.168145308
base,15,mig_NQ_12,0.012460701
base,15,med_NQ_12,-0.988795809
base,15,mig_NQ_13,0.011022657
base,15,med_NQ_13,-0.599777677
base,15,mig_NQ_14,0.006726243
base,15,med_NQ_14,-0.320474014
base,15,mig_NQ_15,0.002307452
base,15,med_NQ_15,-0.157388973
base,15,mig_NQ_16,0.000440415
base,15,med_NQ_16,-0.070006062
base,15,mig_NQ_17,3.31265e-05
base,15,med_NQ_17,-0.019178349
base,16,beta_Q_2,0.996367900125476
base,16,beta_Q_3,0.99519130014795
base,16,beta_Q_4,0.992379100316725
base,16,beta_Q_5,0.987635500000372
base,16,beta_Q_6,0.981419000404811
base,16,beta_Q_7,0.97284790000392
base,16,beta_Q_8,0.956876000003725
base,16,beta_Q_9,0.932060901082042
base,16,beta_Q_10,0.888214701649101
base,16,beta_Q_11,0.81449630047874
base,16,beta_Q_12,0.705271800083121
base,16,beta_Q_13,0.553437200726719
base,16,beta_Q_14,0.374711643560468
base,16,beta_Q_15,0.218074889403826
base,16,beta_Q_16,0.107752400046906
base,16,beta_Q_17,0.0502324586580444
base,16,h_Q_2,275.322816
base,16,h_Q_3,207.956412382
base,16,h_Q_4,131.21809762524
base,16,h_Q_5,80.8767034631304
base,16,h_Q_6,53.8184166651558
base,16,h_Q_7,36.829563831767
base,16,h_Q_8,23.1889435076578
base,16,h_Q_9,14.7190645703046
base,16,h_Q_10,8.94572005312967
base,16,h_Q_11,5.39072805946179
base,16,h_Q_12,3.39295662969431
base,16,h_Q_13,2.23932670074027
base,16,h_Q_14,1.59926126858823
base,16,h_Q_15,1.27889470372317
base,16,h_Q_16,1.12076512890131
base,16,h_Q_17,1.05288050608692
base,16,P_Q_1,0.3194008092
base,16,P_Q_2,0.0826164572217474
base,16,P_Q_3,0.064891756233599
base,16,P_Q_4,0.0568665687279996
base,16,P_Q_5,0.061326389673616
base,16,P_Q_6,0.0628653580599743
base,16,P_Q_7,0.0607462951088105
base,16,P_Q_8,0.0441633460194531
base,16,P_Q_9,0.0419227554964337
base,16,P_Q_10,0.0457472167242004
base,16,P_Q_11,0.0388704704531585
base,16,P_Q_12,0.0280014015193068
base,16,P_Q_13,0.0160127846791962
base,16,P_Q_14,0.00728584978367892
base,16,P_Q_15,0.00220021205039566
base,16,P_Q_16,0.000364675055693365
base,16,P_Q_17,2.87895247096415e-05
base,16,L_Q,0.771068123299518
base,16,beta_NQ_2,0.989680600164088
base,16,beta_NQ_3,0.986715900245842
base,16,beta_NQ_4,0.980932800543132
base,16,beta_NQ_5,0.970029900004466
base,16,beta_NQ_6,0.956614903270331
base,16,beta_NQ_7,0.941724899980929
base,16,beta_NQ_8,0.917262300033683
base,16,beta_NQ_9,0.884329000717108
base,16,beta_NQ_10,0.832550800768387
base,16,beta_NQ_11,0.756334200212729
base,16,beta_NQ_12,0.632437799918642
base,16,beta_NQ_13,0.474787465734491
base,16,beta_NQ_14,0.30667268796001
base,16,beta_NQ_15,0.171361734678332
base,16,beta_NQ_16,0.0819939018545653
base,16,beta_NQ_17,0.0373887680236216
base,16,h_NQ_2,96.90485881
base,16,h_NQ_3,75.2779638774
base,16,h_NQ_4,52.446085419076
base,16,h_NQ_5,33.3665887049061
base,16,h_NQ_6,23.0493879268595
base,16,h_NQ_7,17.1599877077752
base,16,h_NQ_8,12.0863886754321
base,16,h_NQ_9,8.64520925622474
base,16,h_NQ_10,5.97196044631768
base,16,h_NQ_11,4.10398176580376
base,16,h_NQ_12,2.72062796374141
base,16,h_NQ_13,1.90398580263113
base,16,h_NQ_14,1.44231982951186
base,16,h_NQ_15,1.20679914676317
base,16,h_NQ_16,1.08931738101267
base,16,h_NQ_17,1.03883573235986
base,16,P_NQ_1,0.7452685548
base,16,P_NQ_2,0.192771732017256
base,16,P_NQ_3,0.151414100029257
base,16,P_NQ_4,0.132688661983051
base,16,P_NQ_5,0.143094911028034
base,16,P_NQ_6,0.146685835980053
base,16,P_NQ_7,0.141741356065505
base,16,P_NQ_8,0.103047809106582
base,16,P_NQ_9,0.0978197702490827
base,16,P_NQ_10,0.106743503644507
base,16,P_NQ_11,0.0906977951650646
base,16,P_NQ_12,0.0653366033508566
base,16,P_NQ_13,0.0373631651163134
base,16,P_NQ_14,0.0170002795998074
base,16,P_NQ_15,0.0051338230646101
base,16,P_NQ_16,0.000850909570706809
base,16,P_NQ_17,6.71728261350859e-05
base,16,L_NQ,1.46637971884011
base,16,pi_Q,0.3
base,16,pi_NQ,0.7
base,16,y,1.57048496811764
base,16,nbar,4.31266191362563
base,16,Ptot,3.11103711912879
base,16,Pret,0.461704652128341
base,16,H,212.108026226629
base,16,cCheck,0
base,16,shareq,0.3
base,16,A,0.564562457
base,16,A_Q,2
base,16,xpop,1.064669364
base,16,h_Q_1,100
base,16,mig_Q_2,-0.238118151
base,16,med_Q_2,177.322816
base,16,mig_Q_3,0.000898207
base,16,med_Q_3,-33.64903118
base,16,mig_Q_4,0.000202843
base,16,med_Q_4,-51.56316173
base,16,mig_Q_5,5.19572e-06
base,16,med_Q_5,-33.99845771
base,16,mig_Q_6,-0.000281167
base,16,med_Q_6,-21.46716922
base,16,mig_Q_7,-0.000219673
base,16,med_Q_7,-15.27980203
base,16,mig_Q_8,0.000109959
base,16,med_Q_8,-11.2532165
base,16,mig_Q_9,0.000579933
base,16,med_Q_9,-6.650553499
base,16,mig_Q_10,0.001597144
base,16,med_Q_10,-4.094154018
base,16,mig_Q_11,0.002714691
base,16,med_Q_11,-2.542252827
base,16,mig_Q_12,0.003257356
base,16,med_Q_12,-1.494012268
base,16,mig_Q_13,0.003210995
base,16,med_Q_13,-0.902484397
base,16,mig_Q_14,0.002143075
base,16,med_Q_14,-0.493995454
base,16,mig_Q_15,0.000877584
base,16,med_Q_15,-0.246832636
base,16,mig_Q_16,0.000179671
base,16,med_Q_16,-0.109776148
base,16,mig_Q_17,1.47103e-05
base,16,med_Q_17,-0.037011451
base,16,h_NQ_1,100
base,16,mig_NQ_2,-0.550080985
base,16,med_NQ_2,-1.09514119
base,16,mig_NQ_3,0.003500625
base,16,med_NQ_3,-10.58978227
base,16,mig_NQ_4,0.00216827
base,16,med_NQ_4,-14.13316767
base,16,mig_NQ_5,0.002633772
base,16,med_NQ_5,-12.76973
base,16,mig_NQ_6,0.003033013
base,16,med_NQ_6,-8.460650274
base,16,mig_NQ_7,0.004167968
base,16,med_NQ_7,-5.434609872
base,16,mig_NQ_8,0.004728085
base,16,med_NQ_8,-4.133406098
base,16,mig_NQ_9,0.006718635
base,16,med_NQ_9,-2.572033247
base,16,mig_NQ_10,0.010711346
base,16,med_NQ_10,-1.769328821
base,16,mig_NQ_11,0.012737414
base,16,med_NQ_11,-1.252368571
base,16,mig_NQ_12,0.01383596
base,16,med_NQ_12,-1.031109607
base,16,mig_NQ_13,0.011902076
base,16,med_NQ_13,-0.63333613
base,16,mig_NQ_14,0.00724183
base,16,med_NQ_14,-0.350309867
base,16,mig_NQ_15,0.00272272
base,16,med_NQ_15,-0.175185686
base,16,mig_NQ_16,0.000523973
base,16,med_NQ_16,-0.076057385
base,16,mig_NQ_17,4.28112e-05
base,16,med_NQ_17,-0.022188309
base,17,beta_Q_2,0.99632580006316
base,17,beta_Q_3,0.995348600000026
base,17,beta_Q_4,0.992990100025498
base,17,beta_Q_5,0.989174500003026
base,17,beta_Q_6,0.983061600130601
base,17,beta_Q_7,0.974372400006731
base,17,beta_Q_8,0.960187200091938
base,17,beta_Q_9,0.938341600700665
base,17,beta_Q_10,0.901011507681763
base,17,beta_Q_11,0.832555803034897
base,17,beta_Q_12,0.725557000569642
base,17,beta_Q_13,0.571257379199914
base,17,beta_Q_14,0.391596962159212
base,17,beta_Q_15,0.226707911609078
base,17,beta_Q_16,0.111483997187932
base,17,beta_Q_17,0.0511400632691038
base,17,h_Q_2,272.168091
base,17,h_Q_3,214.98903556
base,17,h_Q_4,142.65538742436
base,17,h_Q_5,92.3744861927352
base,17,h_Q_6,59.0374533538678
base,17,h_Q_7,39.0204311018527
base,17,h_Q_8,25.1175501351317
base,17,h_Q_9,16.2183903535047
base,17,h_Q_10,10.1021835828985
base,17,h_Q_11,5.97213877706707
base,17,h_Q_12,3.64374387827255
base,17,h_Q_13,2.33239470010042
base,17,h_Q_14,1.64364630772546
base,17,h_Q_15,1.29317239821646
base,17,h_Q_16,1.12547213164871
base,17,h_Q_17,1.05389536232329
base,17,P_Q_1,0.3121457745
base,17,P_Q_2,0.0809503505609818
base,17,P_Q_3,0.0829762534761282
base,17,P_Q_4,0.0644857392690712
base,17,P_Q_5,0.0562764400389834
base,17,P_Q_6,0.0600175450519161
base,17,P_Q_7,0.0608772335716405
base,17,P_Q_8,0.0583047278787644
base,17,P_Q_9,0.0417330100856894
base,17,P_Q_10,0.0382890027655731
base,17,P_Q_11,0.0399278397790604
base,17,P_Q_12,0.0309830396665769
base,17,P_Q_13,0.0191669302732701
base,17,P_Q_14,0.00854696686512149
base,17,P_Q_15,0.00258360288578867
base,17,P_Q_16,0.000466441129042256
base,17,P_Q_17,4.1562424658737e-05
base,17,L_Q,0.800740901271587
base,17,beta_NQ_2,0.989421200000056
base,17,beta_NQ_3,0.987054500000795
base,17,beta_NQ_4,0.982480300063609
base,17,beta_NQ_5,0.973749104257002
base,17,beta_NQ_6,0.960130800152651
base,17,beta_NQ_7,0.944543500013259
base,17,beta_NQ_8,0.922948100035183
base,17,beta_NQ_9,0.894130500612635
base,17,beta_NQ_10,0.850068405174139
base,17,beta_NQ_11,0.777865101497359
base,17,beta_NQ_12,0.654689100148069
base,17,beta_NQ_13,0.492618373666824
base,17,beta_NQ_14,0.321813368040825
base,17,beta_NQ_15,0.178567506113897
base,17,beta_NQ_16,0.0848333937639328
base,17,beta_NQ_17,0.037991978255039
base,17,h_NQ_2,94.528680002
base,17,h_NQ_3,77.2469197838
base,17,h_NQ_4,57.078602939852
base,17,h_NQ_5,38.0939320106945
base,17,h_NQ_6,25.082018203808
base,17,h_NQ_7,18.0321513293223
base,17,h_NQ_8,12.9782652936197
base,17,h_NQ_9,9.4455910379235
base,17,h_NQ_10,6.66970805210024
base,17,h_NQ_11,4.50176896539132
base,17,h_NQ_12,2.89594102048769
base,17,h_NQ_13,1.97090005446658
base,17,h_NQ_14,1.4745199985785
base,17,h_NQ_15,1.21738548392162
base,17,h_NQ_16,1.09269721282791
base,17,h_NQ_17,1.03949196339242
base,17,P_NQ_1,0.7283401405
base,17,P_NQ_2,0.188884152597886
base,17,P_NQ_3,0.193611256099357
base,17,P_NQ_4,0.150466727183417
base,17,P_NQ_5,0.131311693515145
base,17,P_NQ_6,0.14004093947156
base,17,P_NQ_7,0.142046879216934
base,17,P_NQ_8,0.136044367274539
base,17,P_NQ_9,0.0973770250533109
base,17,P_NQ_10,0.0893410140518534
base,17,P_NQ_11,0.093164958456873
base,17,P_NQ_12,0.0722937780316652
base,17,P_NQ_13,0.0447229313246529
base,17,P_NQ_14,0.0199429112769135
base,17,P_NQ_15,0.00602839540223967
base,17,P_NQ_16,0.00108836218449834
base,17,P_NQ_17,9.69766605482363e-05
base,17,L_NQ,1.51446053275305
base,17,pi_Q,0.3
base,17,pi_NQ,0.7
base,17,y,1.87662897713507
base,17,nbar,4.54764053568269
base,17,Ptot,3.19257496852366
base,17,Pret,0.466684713178336
base,17,H,221.538252777183
base,17,cCheck,8.88178419700125e-16
base,17,shareq,0.3
base,17,A,0.650022108
base,17,A_Q,2
base,17,xpop,1.040485915
base,17,h_Q_1,100
base,17,mig_Q_2,-0.237290363
base,17,med_Q_2,174.168091
base,17,mig_Q_3,0.000757074
base,17,med_Q_3,-54.82732412
base,17,mig_Q_4,8.85166e-05
base,17,med_Q_4,-61.14189671
base,17,mig_Q_5,0.000112998
base,17,med_Q_5,-36.21924948
base,17,mig_Q_6,-0.000169339
base,17,med_Q_6,-20.22171604
base,17,mig_Q_7,-0.000281198
base,17,med_Q_7,-13.72161723
base,17,mig_Q_8,0.000178056
base,17,med_Q_8,-10.97542242
base,17,mig_Q_9,0.000570082
base,17,med_Q_9,-6.506774284
base,17,mig_Q_10,0.001052595
base,17,med_Q_10,-4.322499696
base,17,mig_Q_11,0.002666901
base,17,med_Q_11,-2.794666875
base,17,mig_Q_12,0.003568793
base,17,med_Q_12,-1.63916962
base,17,mig_Q_13,0.003669913
base,17,med_Q_13,-0.992702797
base,17,mig_Q_14,0.00254679
base,17,med_Q_14,-0.550893859
base,17,mig_Q_15,0.000994742
base,17,med_Q_15,-0.274103645
base,17,mig_Q_16,0.000229363
base,17,med_Q_16,-0.127844678
base,17,mig_Q_17,2.32439e-05
base,17,med_Q_17,-0.044454464
base,17,h_NQ_1,100
base,17,mig_NQ_2,-0.548693678
base,17,med_NQ_2,-3.471319998
base,17,mig_NQ_3,0.003400323
base,17,med_NQ_3,-17.71984185
base,17,mig_NQ_4,0.00193967
base,17,med_NQ_4,-16.69380166
base,17,mig_NQ_5,0.002599724
base,17,med_NQ_5,-13.3032317
base,17,mig_NQ_6,0.003154215
base,17,med_NQ_6,-7.617238727
base,17,mig_NQ_7,0.003909175
base,17,med_NQ_7,-4.556248839
base,17,mig_NQ_8,0.006030365
base,17,med_NQ_8,-3.83852266
base,17,mig_NQ_9,0.006248859
base,17,med_NQ_9,-2.399069864
base,17,mig_NQ_10,0.007901086
base,17,med_NQ_10,-1.802597019
base,17,mig_NQ_11,0.012431196
base,17,med_NQ_11,-1.350752272
base,17,mig_NQ_12,0.014933064
base,17,med_NQ_12,-1.12596111
base,17,mig_NQ_13,0.013701931
base,17,med_NQ_13,-0.69531535
base,17,mig_NQ_14,0.008484649
base,17,med_NQ_14,-0.391386088
base,17,mig_NQ_15,0.003115198
base,17,med_NQ_15,-0.196087949
base,17,mig_NQ_16,0.00066742
base,17,med_NQ_16,-0.089965951
base,17,mig_NQ_17,6.51622e-05
base,17,med_NQ_17,-0.02803907
base,18,beta_Q_2,0.996382900000455
base,18,beta_Q_3,0.995405400107134
base,18,beta_Q_4,0.993380500001188
base,18,beta_Q_5,0.990084700054153
base,18,beta_Q_6,0.985190900005658
base,18,beta_Q_7,0.976841400385225
base,18,beta_Q_8,0.963054200048628
base,18,beta_Q_9,0.944144400758802
base,18,beta_Q_10,0.911067102345237
base,18,beta_Q_11,0.85315692195343
base,18,beta_Q_12,0.753888407546073
base,18,beta_Q_13,0.603952401548845
base,18,beta_Q_14,0.420119299941581
base,18,beta_Q_15,0.245264077382464
base,18,beta_Q_16,0.119772406030654
base,18,beta_Q_17,0.0534203631472869
base,18,h_Q_2,276.4645711
base,18,h_Q_3,217.64680276
base,18,h_Q_4,151.0688118488
base,18,h_Q_5,100.854235415873
base,18,h_Q_6,67.5260481988805
base,18,h_Q_7,43.1805031367904
base,18,h_Q_8,27.0666760498156
base,18,h_Q_9,17.9033078154291
base,18,h_Q_10,11.2444325964346
base,18,h_Q_11,6.80998970624055
base,18,h_Q_12,4.06319734552573
base,18,h_Q_13,2.5249490257071
base,18,h_Q_14,1.72449264109842
base,18,h_Q_15,1.32496626257095
base,18,h_Q_16,1.13606980625214
base,18,h_Q_17,1.05642904801573
base,18,P_Q_1,0.3046097499
base,18,P_Q_2,0.0812825075150471
base,18,P_Q_3,0.0816832111003845
base,18,P_Q_4,0.0827084132390017
base,18,P_Q_5,0.063777378298809
base,18,P_Q_6,0.0551499521943769
base,18,P_Q_7,0.0582282214147476
base,18,P_Q_8,0.0586305814524964
base,18,P_Q_9,0.0551596756861765
base,18,P_Q_10,0.0386761103374053
base,18,P_Q_11,0.0337383344448971
base,18,P_Q_12,0.0326288056693203
base,18,P_Q_13,0.0218069940395757
base,18,P_Q_14,0.01056599366893
base,18,P_Q_15,0.00325267300858368
base,18,P_Q_16,0.000583724376853996
base,18,P_Q_17,5.91850288505332e-05
base,18,L_Q,0.831708991406108
base,18,beta_NQ_2,0.9894431000002
base,18,beta_NQ_3,0.98689610028047
base,18,beta_NQ_4,0.983239700000899
base,18,beta_NQ_5,0.975920500101326
base,18,beta_NQ_6,0.965115406054087
base,18,beta_NQ_7,0.949608100535751
base,18,beta_NQ_8,0.927954400058273
base,18,beta_NQ_9,0.903296400579331
base,18,beta_NQ_10,0.864080601801062
base,18,beta_NQ_11,0.8029854137084
base,18,beta_NQ_12,0.686370602963632
base,18,beta_NQ_13,0.525801600415975
base,18,beta_NQ_14,0.348146835606179
base,18,beta_NQ_15,0.194711129513996
base,18,beta_NQ_16,0.0917671042914821
base,18,beta_NQ_17,0.039948965874027
base,18,h_NQ_2,94.72477716
base,18,h_NQ_3,76.31315868196
base,18,h_NQ_4,59.664803138124
base,18,h_NQ_5,41.529101511055
base,18,h_NQ_6,28.6659442784806
base,18,h_NQ_7,19.8444591337318
base,18,h_NQ_8,13.8800981637358
base,18,h_NQ_9,10.3408766527473
base,18,h_NQ_10,7.35730146316503
base,18,h_NQ_11,5.07576595705824
base,18,h_NQ_12,3.1884765860835
base,18,h_NQ_13,2.10882196207793
base,18,h_NQ_14,1.53408373537725
base,18,h_NQ_15,1.24179021360693
base,18,h_NQ_16,1.10103917324319
base,18,h_NQ_17,1.04160698357135
base,18,P_NQ_1,0.7107560831
base,18,P_NQ_2,0.189659181821719
base,18,P_NQ_3,0.19059416280058
base,18,P_NQ_4,0.192986297988188
base,18,P_NQ_5,0.148813885815335
base,18,P_NQ_6,0.128683219364096
base,18,P_NQ_7,0.135865849113612
base,18,P_NQ_8,0.136804691289197
base,18,P_NQ_9,0.128705912216712
base,18,P_NQ_10,0.0902442583876702
base,18,P_NQ_11,0.0787227849633219
base,18,P_NQ_12,0.0761338788174624
base,18,P_NQ_13,0.0508829583601892
base,18,P_NQ_14,0.024654005158245
base,18,P_NQ_15,0.00758956493136915
base,18,P_NQ_16,0.00136202224092288
base,18,P_NQ_17,0.000138097432447068
base,18,L_NQ,1.56502035907775
base,18,pi_Q,0.3
base,18,pi_NQ,0.7
base,18,y,2.09335193855063
base,18,nbar,4.75281985144696
base,18,Ptot,3.27513836517652
base,18,Pret,0.471039390866044
base,18,H,229.345812456912
base,18,cCheck,-4.44089209850063e-16
base,18,shareq,0.3
base,18,A,0.703033956
base,18,A_Q,2
base,18,xpop,1.015365833
base,18,h_Q_1,100
base,18,mig_Q_2,-0.229716381
base,18,med_Q_2,178.4645711
base,18,mig_Q_3,0.001109393
base,18,med_Q_3,-49.07792642
base,18,mig_Q_4,0.000313815
base,18,med_Q_4,-59.620443
base,18,mig_Q_5,-1.02706e-05
base,18,med_Q_5,-38.94804426
base,18,mig_Q_6,-0.000173255
base,18,med_Q_6,-23.00094827
base,18,mig_Q_7,-0.000251218
base,18,med_Q_7,-14.67620115
base,18,mig_Q_8,0.000177041
base,18,med_Q_8,-11.17334643
base,18,mig_Q_9,0.000449924
base,18,med_Q_9,-6.711891317
base,18,mig_Q_10,0.001074188
base,18,med_Q_10,-4.64958995
base,18,mig_Q_11,0.001860603
base,18,med_Q_11,-3.090150205
base,18,mig_Q_12,0.003658882
base,18,med_Q_12,-1.789498656
base,18,mig_Q_13,0.004107704
base,18,med_Q_13,-1.045919975
base,18,mig_Q_14,0.003060282
base,18,med_Q_14,-0.561254165
base,18,mig_Q_15,0.001315008
base,18,med_Q_15,-0.285807119
base,18,mig_Q_16,0.000295694
base,18,med_Q_16,-0.131239144
base,18,mig_Q_17,3.53312e-05
base,18,med_Q_17,-0.046533641
base,18,h_NQ_1,100
base,18,mig_NQ_2,-0.530975994
base,18,med_NQ_2,-3.27522284
base,18,mig_NQ_3,0.00415521
base,18,med_NQ_3,-16.32494772
base,18,mig_NQ_4,0.002767053
base,18,med_NQ_4,-16.03717825
base,18,mig_NQ_5,0.002297045
base,18,med_NQ_5,-14.40792937
base,18,mig_NQ_6,0.002606818
base,18,med_NQ_6,-8.666109092
base,18,mig_NQ_7,0.00359109
base,18,med_NQ_7,-4.735918706
base,18,mig_NQ_8,0.005702794
base,18,med_NQ_8,-3.791410139
base,18,mig_NQ_9,0.007064494
base,18,med_NQ_9,-2.377823335
base,18,mig_NQ_10,0.007467126
base,18,med_NQ_10,-1.899377754
base,18,mig_NQ_11,0.009227528
base,18,med_NQ_11,-1.460547934
base,18,mig_NQ_12,0.015139796
base,18,med_NQ_12,-1.223257
base,18,mig_NQ_13,0.015269715
base,18,med_NQ_13,-0.729200238
base,18,mig_NQ_14,0.010261568
base,18,med_NQ_14,-0.397398318
base,18,mig_NQ_15,0.004028409
base,18,med_NQ_15,-0.203239385
base,18,mig_NQ_16,0.000850613
base,18,med_NQ_16,-0.091998601
base,18,mig_NQ_17,9.67484e-05
base,18,med_NQ_17,-0.029236285
base,19,beta_Q_2,0.996112200002019
base,19,beta_Q_3,0.995198400000949
base,19,beta_Q_4,0.993417000005918
base,19,beta_Q_5,0.990831500017762
base,19,beta_Q_6,0.987090300006913
base,19,beta_Q_7,0.98076870000953
base,19,beta_Q_8,0.968726300002532
base,19,beta_Q_9,0.951335011057293
base,19,beta_Q_10,0.924336600000898
base,19,beta_Q_11,0.877013799938162
base,19,beta_Q_12,0.797342699853427
base,19,beta_Q_13,0.661059819996658
base,19,beta_Q_14,0.481390420888964
base,19,beta_Q_15,0.289655300232739
base,19,beta_Q_16,0.147666779862596
base,19,beta_Q_17,0.0825551319466387
base,19,h_Q_2,257.2148773
base,19,h_Q_3,208.263912068
base,19,h_Q_4,151.9064256348
base,19,h_Q_5,109.069095271824
base,19,h_Q_6,77.4611339175553
base,19,h_Q_7,51.9985648649029
base,19,h_Q_8,31.9757495940546
base,19,h_Q_9,20.5486489268193
base,19,h_Q_10,13.2164296081205
base,19,h_Q_11,8.1309935545059
base,19,h_Q_12,4.93443857811574
base,19,h_Q_13,2.95037121461522
base,19,h_Q_14,1.92823272519296
base,19,h_Q_15,1.40776724327645
base,19,h_Q_16,1.17324871231954
base,19,h_Q_17,1.08998264412709
base,19,P_Q_1,0.304206375
base,19,P_Q_2,0.0843752879737753
base,19,P_Q_3,0.0840883869147266
base,19,P_Q_4,0.0833506750846026
base,19,P_Q_5,0.0834729345136919
base,19,P_Q_6,0.0638592827262049
base,19,P_Q_7,0.0548095665327333
base,19,P_Q_8,0.0571965031948342
base,19,P_Q_9,0.0565060341916074
base,19,P_Q_10,0.0519861808937078
base,19,P_Q_11,0.0352513382485919
base,19,P_Q_12,0.0285759962279203
base,19,P_Q_13,0.0242772055436565
base,19,P_Q_14,0.0129899930697368
base,19,P_Q_15,0.00445065168883907
base,19,P_Q_16,0.000837368472269033
base,19,P_Q_17,8.22046681894642e-05
base,19,L_Q,0.867095763900222
base,19,beta_NQ_2,0.988462400031308
base,19,beta_NQ_3,0.986035700002781
base,19,beta_NQ_4,0.983041900315316
base,19,beta_NQ_5,0.977549700016488
base,19,beta_NQ_6,0.969548006130814
base,19,beta_NQ_7,0.95810829998989
base,19,beta_NQ_8,0.938648500014802
base,19,beta_NQ_9,0.914904910233032
base,19,beta_NQ_10,0.882886651706954
base,19,beta_NQ_11,0.832672764376174
base,19,beta_NQ_12,0.736273933328963
base,19,beta_NQ_13,0.584975870162531
base,19,beta_NQ_14,0.405078304537439
base,19,beta_NQ_15,0.232303211906323
base,19,beta_NQ_16,0.113939246759178
base,19,beta_NQ_17,0.0621229938868753
base,19,h_NQ_2,86.67313826
base,19,h_NQ_3,71.6111799368
base,19,h_NQ_4,58.9688703383208
base,19,h_NQ_5,44.5428346153615
base,19,h_NQ_6,32.8385656048339
base,19,h_NQ_7,23.871077080911
base,19,h_NQ_8,16.2995199830572
base,19,h_NQ_9,11.7515579664611
base,19,h_NQ_10,8.53873253969239
base,19,h_NQ_11,5.97630752990173
base,19,h_NQ_12,3.79180704091707
base,19,h_NQ_13,2.40949804436183
base,19,h_NQ_14,1.68089346983638
base,19,h_NQ_15,1.3025901226697
base,19,h_NQ_16,1.1285903413348
base,19,h_NQ_17,1.06623755677833
base,19,P_NQ_1,0.709814875
base,19,P_NQ_2,0.196875672206464
base,19,P_NQ_3,0.19620623292224
base,19,P_NQ_4,0.194484910453965
base,19,P_NQ_5,0.194770179445336
base,19,P_NQ_6,0.149004994835153
base,19,P_NQ_7,0.127888987511165
base,19,P_NQ_8,0.13345850950263
base,19,P_NQ_9,0.131847416223898
base,19,P_NQ_10,0.121301090083572
base,19,P_NQ_11,0.0822531231562311
base,19,P_NQ_12,0.0666773273822516
base,19,P_NQ_13,0.0566468123280977
base,19,P_NQ_14,0.0303100559393809
base,19,P_NQ_15,0.0103848541914058
base,19,P_NQ_16,0.00195386039658393
base,19,P_NQ_17,0.000191808380022294
base,19,L_NQ,1.62586238294589
base,19,pi_Q,0.3
base,19,pi_NQ,0.7
base,19,y,2.52168534374572
base,19,nbar,4.98082764043348
base,19,Ptot,3.43438669490348
base,19,Pret,0.528169870670456
base,19,H,236.099000249591
base,19,cCheck,8.88178419700125e-16
base,19,shareq,0.3
base,19,A,0.819558266
base,19,A_Q,2
base,19,xpop,1.01402125
base,19,h_Q_1,100
base,19,mig_Q_2,-0.219132658
base,19,med_Q_2,159.2148773
base,19,mig_Q_3,0.00317934
base,19,med_Q_3,-62.67136761
base,19,mig_Q_4,0.002208166
base,19,med_Q_4,-61.38744107
base,19,mig_Q_5,0.0015846
base,19,med_Q_5,-38.97834034
base,19,mig_Q_6,0.00102639
base,19,med_Q_6,-21.37601679
base,19,mig_Q_7,0.00093681
base,19,med_Q_7,-14.17696237
base,19,mig_Q_8,0.00111957
base,19,med_Q_8,-10.34114348
base,19,mig_Q_9,0.001150299
base,19,med_Q_9,-5.976693602
base,19,mig_Q_10,0.001732015
base,19,med_Q_10,-4.328812051
base,19,mig_Q_11,0.002254547
base,19,med_Q_11,-2.88855039
base,19,mig_Q_12,0.003141057
base,19,med_Q_12,-1.739351334
base,19,mig_Q_13,0.00457096
base,19,med_Q_13,-1.031562184
base,19,mig_Q_14,0.003828454
base,19,med_Q_14,-0.54621732
base,19,mig_Q_15,0.001859193
base,19,med_Q_15,-0.282235545
base,19,mig_Q_16,0.000447788
base,19,med_Q_16,-0.125218225
base,19,mig_Q_17,5.10219e-05
base,19,med_Q_17,-0.023365766
base,19,h_NQ_1,100
base,19,mig_NQ_2,-0.50637703
base,19,med_NQ_2,-11.32686174
base,19,mig_NQ_3,0.009032326
base,19,med_NQ_3,-21.21910168
base,19,mig_NQ_4,0.007085163
base,19,med_NQ_4,-15.81802517
base,19,mig_NQ_5,0.006430895
base,19,med_NQ_5,-13.92867246
base,19,mig_NQ_6,0.005382421
base,19,med_NQ_6,-7.859953876
base,19,mig_NQ_7,0.00569036
base,19,med_NQ_7,-4.221548312
base,19,mig_NQ_8,0.007381197
base,19,med_NQ_8,-3.148049968
base,19,mig_NQ_9,0.008272231
base,19,med_NQ_9,-1.850938234
base,19,mig_NQ_10,0.010088808
base,19,med_NQ_10,-1.59532658
base,19,mig_NQ_11,0.0097883
base,19,med_NQ_11,-1.233847904
base,19,mig_NQ_12,0.012644322
base,19,med_NQ_12,-1.182443597
base,19,mig_NQ_13,0.016615497
base,19,med_NQ_13,-0.71520901
base,19,mig_NQ_14,0.012595315
base,19,med_NQ_14,-0.385752053
base,19,mig_NQ_15,0.005584445
base,19,med_NQ_15,-0.200811938
base,19,mig_NQ_16,0.001257388
base,19,med_NQ_16,-0.088364068
base,19,mig_NQ_17,0.000137397
base,19,med_NQ_17,-0.012780833
base,20,beta_Q_2,0.99686690000089
base,20,beta_Q_3,0.995923099999867
base,20,beta_Q_4,0.994020400065491
base,20,beta_Q_5,0.991077199999568
base,20,beta_Q_6,0.987600799999601
base,20,beta_Q_7,0.982250200053892
base,20,beta_Q_8,0.971854300674659
base,20,beta_Q_9,0.95534820019508
base,20,beta_Q_10,0.928243700006788
base,20,beta_Q_11,0.884935700056105
base,20,beta_Q_12,0.811040599997013
base,20,beta_Q_13,0.682805199770887
base,20,beta_Q_14,0.498147923475038
base,20,beta_Q_15,0.311240966334781
base,20,beta_Q_16,0.15924903071576
base,20,beta_Q_17,0.10149318000479
base,20,h_Q_2,319.1727044
base,20,h_Q_3,245.284407262
base,20,h_Q_4,167.23526660664
base,20,h_Q_5,112.072443622104
base,20,h_Q_6,80.6503645363875
base,20,h_Q_7,56.3386630092042
base,20,h_Q_8,35.5294059376048
base,20,h_Q_9,22.3955137331735
base,20,h_Q_10,13.9360585762829
base,20,h_Q_11,8.69079288695808
base,20,h_Q_12,5.29214211741578
base,20,h_Q_13,3.15263679855343
base,20,h_Q_14,1.99261655732291
base,20,h_Q_15,1.4518851826891
base,20,h_Q_16,1.18941279941092
base,20,h_Q_17,1.11295738707314
base,20,P_Q_1,0.2986466736
base,20,P_Q_2,0.0830792994558893
base,20,P_Q_3,0.0855906775911205
base,20,P_Q_4,0.0844860560641646
base,20,P_Q_5,0.0831130224215699
base,20,P_Q_6,0.0824548264715775
base,20,P_Q_7,0.0628632507029211
base,20,P_Q_8,0.0534285085919974
base,20,P_Q_9,0.0548544919992961
base,20,P_Q_10,0.0528876515242048
base,20,P_Q_11,0.0471929850498633
base,20,P_Q_12,0.0303438642125786
base,20,P_Q_13,0.0217427779226542
base,20,P_Q_14,0.0151596551946687
base,20,P_Q_15,0.00582143134263581
base,20,P_Q_16,0.00123747840318089
base,20,P_Q_17,0.000130289864716125
base,20,L_Q,0.889342754491419
base,20,beta_NQ_2,0.990822700003447
base,20,beta_NQ_3,0.988329599999868
base,20,beta_NQ_4,0.984818300533219
base,20,beta_NQ_5,0.978250100003701
base,20,beta_NQ_6,0.970782499999416
base,20,beta_NQ_7,0.96136910009016
base,20,beta_NQ_8,0.944761001225175
base,20,beta_NQ_9,0.921664700262691
base,20,beta_NQ_10,0.888475800048907
base,20,beta_NQ_11,0.842666999930868
base,20,beta_NQ_12,0.752367100266578
base,20,beta_NQ_13,0.608120299855312
base,20,beta_NQ_14,0.421178745216301
base,20,beta_NQ_15,0.250690372101995
base,20,beta_NQ_16,0.122887109925889
base,20,beta_NQ_17,0.0762592502847983
base,20,h_NQ_2,108.96451026
base,20,h_NQ_3,85.6868659158
base,20,h_NQ_4,65.868776223064
base,20,h_NQ_5,45.9772228915544
base,20,h_NQ_6,34.2260631460543
base,20,h_NQ_7,25.8860135217372
base,20,h_NQ_8,18.1031517532928
base,20,h_NQ_9,12.765636951396
base,20,h_NQ_10,8.96666374113188
base,20,h_NQ_11,6.35594566489854
base,20,h_NQ_12,4.03823563330369
base,20,h_NQ_13,2.55180352409873
base,20,h_NQ_14,1.72764803147459
base,20,h_NQ_15,1.33456130843965
base,20,h_NQ_16,1.14010408521631
base,20,h_NQ_17,1.0825547595081
base,20,P_NQ_1,0.6968422384
base,20,P_NQ_2,0.193851697920423
base,20,P_NQ_3,0.199711581257618
base,20,P_NQ_4,0.197134128065588
base,20,P_NQ_5,0.193930387872007
base,20,P_NQ_6,0.192394595134967
base,20,P_NQ_7,0.146680920291511
base,20,P_NQ_8,0.124666518295766
base,20,P_NQ_9,0.127993815656338
base,20,P_NQ_10,0.12340452784613
base,20,P_NQ_11,0.110116985001731
base,20,P_NQ_12,0.0708023845148298
base,20,P_NQ_13,0.0507331406055446
base,20,P_NQ_14,0.0353725276953163
base,20,P_NQ_15,0.0135834873477785
base,20,P_NQ_16,0.00288744246427267
base,20,P_NQ_17,0.000304007657472791
base,20,L_NQ,1.6622240007852
base,20,pi_Q,0.3
base,20,pi_NQ,0.7
base,20,y,2.76691983551042
base,20,nbar,5.1302396667806
base,20,Ptot,3.54344332644033
base,20,Pret,0.581720636647578
base,20,H,258.231395724349
base,20,cCheck,4.44089209850063e-16
base,20,shareq,0.3
base,20,A,0.880846471
base,20,A_Q,2
base,20,xpop,0.995488912
base,20,h_Q_1,100
base,20,mig_Q_2,-0.219944382
base,20,med_Q_2,221.1727044
base,20,mig_Q_3,0.001620526
base,20,med_Q_3,-6.786172492
base,20,mig_Q_4,0.000951223
base,20,med_Q_4,-36.86336722
base,20,mig_Q_5,0.000526548
base,20,med_Q_5,-36.7958535
base,20,mig_Q_6,5.95025e-05
base,20,med_Q_6,-26.23734883
base,20,mig_Q_7,0.000232065
base,20,med_Q_7,-19.57324823
base,20,mig_Q_8,0.00033304
base,20,med_Q_8,-15.42918763
base,20,mig_Q_9,0.000441456
base,20,med_Q_9,-8.940720869
base,20,mig_Q_10,0.000657056
base,20,med_Q_10,-6.201617372
base,20,mig_Q_11,0.001600387
base,20,med_Q_11,-4.261308129
base,20,mig_Q_12,0.002236467
base,20,med_Q_12,-2.676231566
base,20,mig_Q_13,0.002852335
base,20,med_Q_13,-1.683113008
base,20,mig_Q_14,0.003472841
base,20,med_Q_14,-0.898747233
base,20,mig_Q_15,0.002058811
base,20,med_Q_15,-0.437782888
base,20,mig_Q_16,0.000580265
base,20,med_Q_16,-0.190199099
base,20,mig_Q_17,6.11608e-05
base,20,med_Q_17,-0.036826351
base,20,h_NQ_1,100
base,20,mig_NQ_2,-0.507773617
base,20,med_NQ_2,10.96451026
base,20,mig_NQ_3,0.00558514
base,20,med_NQ_3,0.747190421
base,20,mig_NQ_4,0.00425518
base,20,med_NQ_4,-4.310180115
base,20,mig_NQ_5,0.003811722
base,20,med_NQ_5,-11.81227004
base,20,mig_NQ_6,0.003555556
base,20,med_NQ_6,-9.425914777
base,20,mig_NQ_7,0.003917998
base,20,med_NQ_7,-6.295780771
base,20,mig_NQ_8,0.004623712
base,20,med_NQ_8,-5.290503786
base,20,mig_NQ_9,0.00589197
base,20,med_NQ_9,-3.207892632
base,20,mig_NQ_10,0.006998204
base,20,med_NQ_10,-2.549863066
base,20,mig_NQ_11,0.009112871
base,20,med_NQ_11,-2.012012224
base,20,mig_NQ_12,0.010241554
base,20,med_NQ_12,-1.818545746
base,20,mig_NQ_13,0.011728513
base,20,med_NQ_13,-1.164167376
base,20,mig_NQ_14,0.012426133
base,20,med_NQ_14,-0.633660052
base,20,mig_NQ_15,0.006542364
base,20,med_NQ_15,-0.312714292
base,20,mig_NQ_16,0.0017042
base,20,med_NQ_16,-0.136434235
base,20,mig_NQ_17,0.000182628
base,20,med_NQ_17,-0.023463775
base,21,beta_Q_2,0.997947299999981
base,21,beta_Q_3,0.997289700000371
base,21,beta_Q_4,0.995694699999859
base,21,beta_Q_5,0.992675200002161
base,21,beta_Q_6,0.988263100000314
base,21,beta_Q_7,0.983035299999275
base,21,beta_Q_8,0.975710000020468
base,21,beta_Q_9,0.963067400033811
base,21,beta_Q_10,0.942124400015136
base,21,beta_Q_11,0.902773200004358
base,21,beta_Q_12,0.83872012138729
base,21,beta_Q_13,0.721246836124307
base,21,beta_Q_14,0.542904303027185
base,21,beta_Q_15,0.338483501623465
base,21,beta_Q_16,0.208098202732715
base,21,beta_Q_17,0.124041184802996
base,21,h_Q_2,487.1632484
base,21,h_Q_3,368.962845492
base,21,h_Q_4,232.27185096676
base,21,h_Q_5,136.522498944507
base,21,h_Q_6,85.2013734396619
base,21,h_Q_7,58.9459288956597
base,21,h_Q_8,41.1692054690201
base,21,h_Q_9,27.0763499158527
base,21,h_Q_10,17.27843858451
base,21,h_Q_11,10.2852299987573
base,21,h_Q_12,6.20039682521891
base,21,h_Q_13,3.58740275906747
base,21,h_Q_14,2.18772567358236
base,21,h_Q_15,1.51167374817645
base,21,h_Q_16,1.26278283903532
base,21,h_Q_17,1.1416056824227
base,21,P_Q_1,0.3
base,21,P_Q_2,0.0779479507072097
base,21,P_Q_3,0.0843684854599265
base,21,P_Q_4,0.086304972581002
base,21,P_Q_5,0.0844090928830788
base,21,P_Q_6,0.0824385544339272
base,21,P_Q_7,0.081464236797116
base,21,P_Q_8,0.0617844325500232
base,21,P_Q_9,0.051761339522472
base,21,P_Q_10,0.0520161616154193
base,21,P_Q_11,0.0485687309258955
base,21,P_Q_12,0.0410272339104912
base,21,P_Q_13,0.0238991852654904
base,21,P_Q_14,0.0137862526727491
base,21,P_Q_15,0.00693893173209077
base,21,P_Q_16,0.0016386242986931
base,21,P_Q_17,0.000202575818326078
base,21,L_Q,0.915544414631239
base,21,beta_NQ_2,0.987508100006902
base,21,beta_NQ_3,0.983809800022365
base,21,beta_NQ_4,0.979681400004373
base,21,beta_NQ_5,0.970792700009611
base,21,beta_NQ_6,0.959805900050643
base,21,beta_NQ_7,0.950309499996999
base,21,beta_NQ_8,0.9389679003774
base,21,beta_NQ_9,0.920657802025191
base,21,beta_NQ_10,0.892753200037244
base,21,beta_NQ_11,0.845000008029515
base,21,beta_NQ_12,0.757092334522423
base,21,beta_NQ_13,0.613769218079616
base,21,beta_NQ_14,0.427249906787381
base,21,beta_NQ_15,0.245702599148123
base,21,beta_NQ_16,0.142008612502477
base,21,beta_NQ_17,0.0792838006000935
base,21,h_NQ_2,80.05187361
base,21,h_NQ_3,61.7657595348
base,21,h_NQ_4,49.215989287484
base,21,h_NQ_5,34.2380158386027
base,21,h_NQ_6,24.8792733337233
base,21,h_NQ_7,20.1245710931332
base,21,h_NQ_8,16.3848204403024
base,21,h_NQ_9,12.6036333702269
base,21,h_NQ_10,9.32428753436811
base,21,h_NQ_11,6.45161290630924
base,21,h_NQ_12,4.11679003560057
base,21,h_NQ_13,2.58912546863762
base,21,h_NQ_14,1.74596215561676
base,21,h_NQ_15,1.3257370328451
base,21,h_NQ_16,1.16551257727086
base,21,h_NQ_17,1.08611100851198
base,21,P_NQ_1,0.7
base,21,P_NQ_2,0.181878552127933
base,21,P_NQ_3,0.196859798064987
base,21,P_NQ_4,0.20137827105093
base,21,P_NQ_5,0.196954549494304
base,21,P_NQ_6,0.192356628764244
base,21,P_NQ_7,0.190083218787113
base,21,P_NQ_8,0.144163678115238
base,21,P_NQ_9,0.120776457217861
base,21,P_NQ_10,0.121371045766577
base,21,P_NQ_11,0.113327046257984
base,21,P_NQ_12,0.0957302286958505
base,21,P_NQ_13,0.0557647853016294
base,21,P_NQ_14,0.0321679055011255
base,21,P_NQ_15,0.016190825130127
base,21,P_NQ_16,0.00382347250288337
base,21,P_NQ_17,0.000472674197565924
base,21,L_NQ,1.70893495717584
base,21,pi_Q,0.3
base,21,pi_NQ,0.7
base,21,y,3.2446963460344
base,21,nbar,5.37339363734719
base,21,Ptot,3.66185589815026
base,21,Pret,0.626925679592898
base,21,H,272.311788865894
base,21,cCheck,-4.44089209850063e-16
base,21,shareq,0.3
base,21,A,1
base,21,A_Q,2
base,21,xpop,1
base,21,h_Q_1,100
base,21,mig_Q_2,-0.219763033
base,21,med_Q_2,389.1632484
base,21,mig_Q_3,0.001627892
base,21,med_Q_3,56.17359518
base,21,mig_Q_4,0.001226093
base,21,med_Q_4,-8.10686815
base,21,mig_Q_5,0.000676889
base,21,med_Q_5,-27.36806233
base,21,mig_Q_6,0.000356067
base,21,med_Q_6,-24.62962131
base,21,mig_Q_7,0.000472967
base,21,med_Q_7,-20.09142835
base,21,mig_Q_8,0.000690512
base,21,med_Q_8,-14.04268428
base,21,mig_Q_9,0.00071851
base,21,med_Q_9,-7.742467903
base,21,mig_Q_10,0.001097825
base,21,med_Q_10,-4.669164874
base,21,mig_Q_11,0.00176656
base,21,med_Q_11,-3.372107406
base,21,mig_Q_12,0.002751807
base,21,med_Q_12,-2.316580204
base,21,mig_Q_13,0.003180237
base,21,med_Q_13,-1.598896516
base,21,mig_Q_14,0.002955133
base,21,med_Q_14,-0.901858389
base,21,mig_Q_15,0.002220626
base,21,med_Q_15,-0.441090478
base,21,mig_Q_16,0.000711567
base,21,med_Q_16,-0.16006464
base,21,mig_Q_17,7.69802e-05
base,21,med_Q_17,-0.024018861
base,21,h_NQ_1,100
base,21,mig_NQ_2,-0.508568556
base,21,med_NQ_2,-17.94812639
base,21,mig_NQ_3,0.005270427
base,21,med_NQ_3,-45.01946052
base,21,mig_NQ_4,0.004698651
base,21,med_NQ_4,-34.75713931
base,21,mig_NQ_5,0.004108069
base,21,med_NQ_5,-30.31338486
base,21,mig_NQ_6,0.004092402
base,21,med_NQ_6,-20.1784051
base,21,mig_NQ_7,0.005121
base,21,med_NQ_7,-13.41697079
base,21,mig_NQ_8,0.005585265
base,21,med_NQ_8,-8.983472811
base,21,mig_NQ_9,0.005875728
base,21,med_NQ_9,-5.137455348
base,21,mig_NQ_10,0.007651638
base,21,med_NQ_10,-3.186036678
base,21,mig_NQ_11,0.009338123
base,21,med_NQ_11,-2.33571756
base,21,mig_NQ_12,0.012881832
base,21,med_NQ_12,-2.112036716
base,21,mig_NQ_13,0.012708418
base,21,med_NQ_13,-1.368345452
base,21,mig_NQ_14,0.010800185
base,21,med_NQ_14,-0.754805298
base,21,mig_NQ_15,0.007323273
base,21,med_NQ_15,-0.367358038
base,21,mig_NQ_16,0.002154237
base,21,med_NQ_16,-0.142357505
base,21,mig_NQ_17,0.00025248
base,21,med_NQ_17,-0.031190995
base,22,beta_Q_2,0.998280799999971
base,22,beta_Q_3,0.997731699999976
base,22,beta_Q_4,0.996375300000702
base,22,beta_Q_5,0.993893399999639
base,22,beta_Q_6,0.989472500323064
base,22,beta_Q_7,0.983741699997244
base,22,beta_Q_8,0.977087400001782
base,22,beta_Q_9,0.966488200428574
base,22,beta_Q_10,0.950223624515064
base,22,beta_Q_11,0.916742552309607
base,22,beta_Q_12,0.858567121265618
base,22,beta_Q_13,0.752188914642618
base,22,beta_Q_14,0.577905800097401
base,22,beta_Q_15,0.365396350457373
base,22,beta_Q_16,0.191576039975639
base,22,beta_Q_17,0.185962103794283
base,22,h_Q_2,581.6658911
base,22,h_Q_3,440.858792922
base,22,h_Q_4,275.88490087216
base,22,h_Q_5,163.757246247425
base,22,h_Q_6,94.989313735617
base,22,h_Q_7,61.5070456208687
base,22,h_Q_8,43.6441084777465
base,22,h_Q_9,29.8402354096397
base,22,h_Q_10,20.0898417965357
base,22,h_Q_11,12.0109299488199
base,22,h_Q_12,7.07049067078214
base,22,h_Q_13,4.03533175071454
base,22,h_Q_14,2.36913939588612
base,22,h_Q_15,1.57578161911071
base,22,h_Q_16,1.23697450221292
base,22,h_Q_17,1.22844403625461
base,22,P_Q_1,0.3043458798
base,22,P_Q_2,0.0753739649999943
base,22,P_Q_3,0.0801695203764368
base,22,P_Q_4,0.086004067819464
base,22,P_Q_5,0.0869474759180272
base,22,P_Q_6,0.0841801138008459
base,22,P_Q_7,0.0816496550894621
base,22,P_Q_8,0.0803410254869814
base,22,P_Q_9,0.0601671518185152
base,22,P_Q_10,0.0494825009415887
base,22,P_Q_11,0.0483919356734959
base,22,P_Q_12,0.0430212338977937
base,22,P_Q_13,0.0330275316528737
base,22,P_Q_14,0.0161896095194786
base,22,P_Q_15,0.00656592607893797
base,22,P_Q_16,0.00204585822233309
base,22,P_Q_17,0.000275074799456871
base,22,L_Q,0.94872135208228
base,22,beta_NQ_2,0.989546300000006
base,22,beta_NQ_3,0.986403899999229
base,22,beta_NQ_4,0.982873300000434
base,22,beta_NQ_5,0.975717099998542
base,22,beta_NQ_6,0.964047001348653
base,22,beta_NQ_7,0.952375900018
base,22,beta_NQ_8,0.942323100000106
base,22,beta_NQ_9,0.927806100634132
base,22,beta_NQ_10,0.907065229359897
base,22,beta_NQ_11,0.865680642477568
base,22,beta_NQ_12,0.783567210970732
base,22,beta_NQ_13,0.649617903700812
base,22,beta_NQ_14,0.461536900963361
base,22,beta_NQ_15,0.268777224537005
base,22,beta_NQ_16,0.131445915791123
base,22,beta_NQ_17,0.121206750107924
base,22,h_NQ_2,95.659909888
base,22,h_NQ_3,73.5505034488
base,22,h_NQ_4,58.388364368104
base,22,h_NQ_5,41.1812427647343
base,22,h_NQ_6,27.8140906188307
base,22,h_NQ_7,20.9977721440488
base,22,h_NQ_8,17.3379637232705
base,22,h_NQ_9,13.8515857924964
base,22,h_NQ_10,10.7602318998224
base,22,h_NQ_11,7.44494094268074
base,22,h_NQ_12,4.62037177618305
base,22,h_NQ_13,2.85402707088856
base,22,h_NQ_14,1.85713747426486
base,22,h_NQ_15,1.36757092650442
base,22,h_NQ_16,1.1513387551882
base,22,h_NQ_17,1.13791818872544
base,22,P_NQ_1,0.7101403862
base,22,P_NQ_2,0.175872585004831
base,22,P_NQ_3,0.187062214997339
base,22,P_NQ_4,0.200676156572885
base,22,P_NQ_5,0.202877445476799
base,22,P_NQ_6,0.196420263646449
base,22,P_NQ_7,0.190515864702057
base,22,P_NQ_8,0.187462392841514
base,22,P_NQ_9,0.140390023025442
base,22,P_NQ_10,0.115459166670406
base,22,P_NQ_11,0.112914517647308
base,22,P_NQ_12,0.100382875015988
base,22,P_NQ_13,0.077064247613235
base,22,P_NQ_14,0.0377757643221395
base,22,P_NQ_15,0.0153204229907777
base,22,P_NQ_16,0.00477366761199957
base,22,P_NQ_17,0.000641841431518546
base,22,L_NQ,1.76930007566412
base,22,pi_Q,0.3
base,22,pi_NQ,0.7
base,22,y,3.7232324296547
base,22,nbar,5.62511072432766
base,22,Ptot,3.79392836166637
base,22,Pret,0.663332174089331
base,22,H,302.232960706092
base,22,cCheck,0
base,22,shareq,0.3
base,22,A,1.111292532
base,22,A_Q,2
base,22,xpop,1.014486266
base,22,h_Q_1,100
base,22,mig_Q_2,-0.224010225
base,22,med_Q_2,483.6658911
base,22,mig_Q_3,0.002432832
base,22,med_Q_3,-36.56119051
base,22,mig_Q_4,0.001998814
base,22,med_Q_4,-85.69868771
base,22,mig_Q_5,0.00127467
base,22,med_Q_5,-63.8691677
base,22,mig_Q_6,0.000761722
base,22,med_Q_6,-38.80273523
base,22,mig_Q_7,0.000609646
base,22,med_Q_7,-21.99030035
base,22,mig_Q_8,0.000855555
base,22,med_Q_8,-14.12290184
base,22,mig_Q_9,0.000664579
base,22,med_Q_9,-10.50558595
base,22,mig_Q_10,0.00071688
base,22,med_Q_10,-6.444981121
base,22,mig_Q_11,0.001433139
base,22,med_Q_11,-4.921939864
base,22,mig_Q_12,0.002285662
base,22,med_Q_12,-3.009034728
base,22,mig_Q_13,0.003436769
base,22,med_Q_13,-2.041057138
base,22,mig_Q_14,0.003214639
base,22,med_Q_14,-1.146515308
base,22,mig_Q_15,0.001899507
base,22,med_Q_15,-0.568189541
base,22,mig_Q_16,0.000601879
base,22,med_Q_16,-0.244465771
base,22,mig_Q_17,7.18179e-05
base,22,med_Q_17,-0.009083146
base,22,h_NQ_1,100
base,22,mig_NQ_2,-0.515383085
base,22,med_NQ_2,-2.340090112
base,22,mig_NQ_3,0.008128313
base,22,med_NQ_3,-4.900332689
base,22,mig_NQ_4,0.007816274
base,22,med_NQ_4,-2.142079976
base,22,mig_NQ_5,0.00738089
base,22,med_NQ_5,-7.050426737
base,22,mig_NQ_6,0.007382125
base,22,med_NQ_6,-5.739164903
base,22,mig_NQ_7,0.007717533
base,22,med_NQ_7,-3.383915723
base,22,mig_NQ_8,0.008980352
base,22,med_NQ_8,-2.384115948
base,22,mig_NQ_9,0.007664608
base,22,med_NQ_9,-2.205538239
base,22,mig_NQ_10,0.007635598
base,22,med_NQ_10,-1.591328803
base,22,mig_NQ_11,0.010355983
base,22,med_NQ_11,-1.692860841
base,22,mig_NQ_12,0.014583837
base,22,med_NQ_12,-1.702208872
base,22,mig_NQ_13,0.01830798
base,22,med_NQ_13,-1.180427164
base,22,mig_NQ_14,0.013950265
base,22,med_NQ_14,-0.680205485
base,22,mig_NQ_15,0.007416685
base,22,med_NQ_15,-0.343471986
base,22,mig_NQ_16,0.002474431
base,22,med_NQ_16,-0.147883537
base,22,mig_NQ_17,0.000338702
base,22,med_NQ_17,-0.004284137
base,23,beta_Q_2,0.998437700016199
base,23,beta_Q_3,0.998043699999944
base,23,beta_Q_4,0.996854699999507
base,23,beta_Q_5,0.994779900001327
base,23,beta_Q_6,0.991028999998848
base,23,beta_Q_7,0.985176100121917
base,23,beta_Q_8,0.97780249999603
base,23,beta_Q_9,0.968116499992645
base,23,beta_Q_10,0.954185100205531
base,23,beta_Q_11,0.926734308891795
base,23,beta_Q_12,0.875713916351136
base,23,beta_Q_13,0.773751701546988
base,23,beta_Q_14,0.603063500074324
base,23,beta_Q_15,0.383542360896424
base,23,beta_Q_16,0.199860006922652
base,23,beta_Q_17,0.126764098806548
base,23,h_Q_2,640.0819305
base,23,h_Q_3,511.169043588
base,23,h_Q_4,317.93469616356
base,23,h_Q_5,191.567211404717
base,23,h_Q_6,111.470293152476
base,23,h_Q_7,67.4586310309047
base,23,h_Q_8,45.0501182484513
base,23,h_Q_9,31.3641852281916
base,23,h_Q_10,21.8269602544469
base,23,h_Q_11,13.648951715605
base,23,h_Q_12,8.04595204384345
base,23,h_Q_13,4.4199227133665
base,23,h_Q_14,2.51929464770024
base,23,h_Q_15,1.6221702609684
base,23,h_Q_16,1.2497812847285
base,23,h_Q_17,1.14516592616867
base,23,P_Q_1,0.3077841666
base,23,P_Q_2,0.075935203363439
base,23,P_Q_3,0.077418532235183
base,23,P_Q_4,0.0820643909159847
base,23,P_Q_5,0.0867295713788866
base,23,P_Q_6,0.0866535193933899
base,23,P_Q_7,0.0832293902564056
base,23,P_Q_8,0.0800970432024048
base,23,P_Q_9,0.0776902875434989
base,23,P_Q_10,0.0572552912777376
base,23,P_Q_11,0.0460322822078545
base,23,P_Q_12,0.0431010799036644
base,23,P_Q_13,0.0350225232321677
base,23,P_Q_14,0.0226562281050962
base,23,P_Q_15,0.00835774423374745
base,23,P_Q_16,0.00203479611697571
base,23,P_Q_17,0.000373700419089895
base,23,L_Q,0.969818634210103
base,23,beta_NQ_2,0.990472600076074
base,23,beta_NQ_3,0.988217199999898
base,23,beta_NQ_4,0.985088499999103
base,23,beta_NQ_5,0.979207900000741
base,23,beta_NQ_6,0.969464399997845
base,23,beta_NQ_7,0.956664600400181
base,23,beta_NQ_8,0.944183200024705
base,23,beta_NQ_9,0.931204399992527
base,23,beta_NQ_10,0.914147900140892
base,23,beta_NQ_11,0.88096120871536
base,23,beta_NQ_12,0.807341310491864
base,23,beta_NQ_13,0.675434200748707
base,23,beta_NQ_14,0.486570798834349
base,23,beta_NQ_15,0.283754838344068
base,23,beta_NQ_16,0.137884601826712
base,23,beta_NQ_17,0.0815321951115927
base,23,h_NQ_2,104.960429918
base,23,h_NQ_3,84.86947075324
base,23,h_NQ_4,67.062334435824
base,23,h_NQ_5,48.0951900017419
base,23,h_NQ_6,32.7486605774396
base,23,h_NQ_7,23.0758225384541
base,23,h_NQ_8,17.9157529711678
base,23,h_NQ_9,14.5358133348051
base,23,h_NQ_10,11.6479387166465
base,23,h_NQ_11,8.40062231382592
base,23,h_NQ_12,5.19052604782713
base,23,h_NQ_13,3.08103934765939
base,23,h_NQ_14,1.94768820647079
base,23,h_NQ_15,1.39616972277957
base,23,h_NQ_16,1.15993751997433
base,23,h_NQ_17,1.08876599908443
base,23,P_NQ_1,0.7181630554
base,23,P_NQ_2,0.177182140644785
base,23,P_NQ_3,0.180643240751711
base,23,P_NQ_4,0.191483580559826
base,23,P_NQ_5,0.202368999530148
base,23,P_NQ_6,0.202191544953183
base,23,P_NQ_7,0.19420190737206
base,23,P_NQ_8,0.186893102225243
base,23,P_NQ_9,0.181277337717829
base,23,P_NQ_10,0.133595682435414
base,23,P_NQ_11,0.107408654583162
base,23,P_NQ_12,0.100569185671007
base,23,P_NQ_13,0.0817192148353464
base,23,P_NQ_14,0.0528645340184855
base,23,P_NQ_15,0.0195013550892687
base,23,P_NQ_16,0.00474784203033016
base,23,P_NQ_17,0.000871989737345923
base,23,L_NQ,1.80803758777512
base,23,pi_Q,0.3
base,23,pi_NQ,0.7
base,23,y,3.98489491657363
base,23,nbar,5.8703816136699
base,23,Ptot,3.90811911794067
base,23,Pret,0.716112103896693
base,23,H,328.38673445958
base,23,cCheck,4.44089209850063e-16
base,23,shareq,0.3
base,23,A,1.154384374
base,23,A_Q,2
base,23,xpop,1.025947222
base,23,h_Q_1,100
base,23,mig_Q_2,-0.227887445
base,23,med_Q_2,542.0819305
base,23,mig_Q_3,0.002215538
base,23,med_Q_3,-58.86352969
base,23,mig_Q_4,0.002185461
base,23,med_Q_4,-114.1069209
base,23,mig_Q_5,0.001250696
base,23,med_Q_5,-78.79999145
base,23,mig_Q_6,0.000621383
base,23,med_Q_6,-49.01180817
base,23,mig_Q_7,0.000417902
base,23,med_Q_7,-25.63089643
base,23,mig_Q_8,0.000318194
base,23,med_Q_8,-15.22678646
base,23,mig_Q_9,4.16344e-05
base,23,med_Q_9,-11.40704108
base,23,mig_Q_10,8.30422e-05
base,23,med_Q_10,-7.416470447
base,23,mig_Q_11,0.000669568
base,23,med_Q_11,-6.039093245
base,23,mig_Q_12,0.001553355
base,23,med_Q_12,-3.724759306
base,23,mig_Q_13,0.002662428
base,23,med_Q_13,-2.509158144
base,23,mig_Q_14,0.003569426
base,23,med_Q_14,-1.435330468
base,23,mig_Q_15,0.00244212
base,23,med_Q_15,-0.699586347
base,23,mig_Q_16,0.000776922
base,23,med_Q_16,-0.294484702
base,23,mig_Q_17,-6.75168e-06
base,23,med_Q_17,-0.067069086
base,23,h_NQ_1,100
base,23,mig_NQ_2,-0.525534651
base,23,med_NQ_2,6.960429918
base,23,mig_NQ_3,0.007161837
base,23,med_NQ_3,-8.877240937
base,23,mig_NQ_4,0.007625124
base,23,med_NQ_4,-5.017158944
base,23,mig_NQ_5,0.006565842
base,23,med_NQ_5,-9.125407079
base,23,mig_NQ_6,0.006608152
base,23,med_NQ_6,-7.608957332
base,23,mig_NQ_7,0.007135982
base,23,med_NQ_7,-4.181986268
base,23,mig_NQ_8,0.007365602
base,23,med_NQ_8,-2.66206373
base,23,mig_NQ_9,0.007348586
base,23,med_NQ_9,-2.455391114
base,23,mig_NQ_10,0.006252774
base,23,med_NQ_10,-1.92661536
base,23,mig_NQ_11,0.007457889
base,23,med_NQ_11,-2.144404948
base,23,mig_NQ_12,0.012093072
base,23,med_NQ_12,-2.105516076
base,23,mig_NQ_13,0.016508702
base,23,med_NQ_13,-1.446924993
base,23,mig_NQ_14,0.01729654
base,23,med_NQ_14,-0.849258323
base,23,mig_NQ_15,0.00934809
base,23,med_NQ_15,-0.423825002
base,23,mig_NQ_16,0.002734035
base,23,med_NQ_16,-0.180281988
base,23,mig_NQ_17,0.000293389
base,23,med_NQ_17,-0.039545981
base,24,beta_Q_2,0.998567900006669
base,24,beta_Q_3,0.998121900000046
base,24,beta_Q_4,0.99717630000021
base,24,beta_Q_5,0.995330300172894
base,24,beta_Q_6,0.992001400384707
base,24,beta_Q_7,0.986972899997076
base,24,beta_Q_8,0.979117000019634
base,24,beta_Q_9,0.968275900014148
base,24,beta_Q_10,0.955263415083006
base,24,beta_Q_11,0.930171300143746
base,24,beta_Q_12,0.885025600511386
base,24,beta_Q_13,0.790376500426461
base,24,beta_Q_14,0.617163904442869
base,24,beta_Q_15,0.391218915190549
base,24,beta_Q_16,0.198171666851347
base,24,beta_Q_17,0.161492363992731
base,24,h_Q_2,698.2752601
base,24,h_Q_3,532.45301103
base,24,h_Q_4,354.14527041624
base,24,h_Q_5,214.146519000289
base,24,h_Q_6,125.021878876622
base,24,h_Q_7,76.7630554594268
base,24,h_Q_8,47.8858401902866
base,24,h_Q_9,31.5217768134823
base,24,h_Q_10,22.3530621376278
base,24,h_Q_11,14.320759258358
base,24,h_Q_12,8.69758835529285
base,24,h_Q_13,4.77045751296658
base,24,h_Q_14,2.61207909009917
base,24,h_Q_15,1.64262655274624
base,24,h_Q_16,1.24714419074903
base,24,h_Q_17,1.19259147503393
base,24,P_Q_1,0.3120516879
base,24,P_Q_2,0.0746465224015065
base,24,P_Q_3,0.0782214153250949
base,24,P_Q_4,0.0796326387257055
base,24,P_Q_5,0.082838589589073
base,24,P_Q_6,0.0864514913939466
base,24,P_Q_7,0.0856854032978187
base,24,P_Q_8,0.0817680948658586
base,24,P_Q_9,0.0778115231248719
base,24,P_Q_10,0.07441611680469
base,24,P_Q_11,0.0537302147926726
base,24,P_Q_12,0.041595451130821
base,24,P_Q_13,0.035971618913973
base,24,P_Q_14,0.0248794754418253
base,24,P_Q_15,0.0119913822164365
base,24,P_Q_16,0.00284669982041452
base,24,P_Q_17,0.000390309096023489
base,24,L_Q,0.969895022041203
base,24,beta_NQ_2,0.991275700044955
base,24,beta_NQ_3,0.988687700000473
base,24,beta_NQ_4,0.986582100316149
base,24,beta_NQ_5,0.9813840006486
base,24,beta_NQ_6,0.972817001453876
base,24,beta_NQ_7,0.962049706233961
base,24,beta_NQ_8,0.947720700025409
base,24,beta_NQ_9,0.931685400202676
base,24,beta_NQ_10,0.916191929635411
base,24,beta_NQ_11,0.886391599929464
base,24,beta_NQ_12,0.82058520000954
base,24,beta_NQ_13,0.695844900463616
base,24,beta_NQ_14,0.500897139322672
base,24,beta_NQ_15,0.290317903067518
base,24,beta_NQ_16,0.136720974510348
base,24,beta_NQ_17,0.103768538782001
base,24,h_NQ_2,114.62237658
base,24,h_NQ_3,88.39935291964
base,24,h_NQ_4,74.5273105321752
base,24,h_NQ_5,53.7172324871075
base,24,h_NQ_6,36.7876981917071
base,24,h_NQ_7,26.3502528278908
base,24,h_NQ_8,19.128029641685
base,24,h_NQ_9,14.6381593467445
base,24,h_NQ_10,11.932020888109
base,24,h_NQ_11,8.80216603131353
base,24,h_NQ_12,5.5736761915494
base,24,h_NQ_13,3.28779626287059
base,24,h_NQ_14,2.0035936477062
base,24,h_NQ_15,1.40908161134137
base,24,h_NQ_16,1.15837191532398
base,24,h_NQ_17,1.11578276857485
base,24,P_NQ_1,0.7281206051
base,24,P_NQ_2,0.174175218760615
base,24,P_NQ_3,0.182516634917978
base,24,P_NQ_4,0.18580948806708
base,24,P_NQ_5,0.193290045804609
base,24,P_NQ_6,0.201720145707659
base,24,P_NQ_7,0.199932606556932
base,24,P_NQ_8,0.190792220353453
base,24,P_NQ_9,0.181560223120399
base,24,P_NQ_10,0.173637605617885
base,24,P_NQ_11,0.125370502877456
base,24,P_NQ_12,0.097056049949338
base,24,P_NQ_13,0.0839337765436449
base,24,P_NQ_14,0.0580521036425503
base,24,P_NQ_15,0.0279798753045498
base,24,P_NQ_16,0.00664228858156514
base,24,P_NQ_17,0.000910733982775899
base,24,L_NQ,1.81014940946708
base,24,pi_Q,0.3
base,24,pi_NQ,0.7
base,24,y,4.27997064626958
base,24,nbar,5.97229921082561
base,24,Ptot,4.01642875972922
base,24,Pret,0.819404204716621
base,24,H,346.811386855874
base,24,cCheck,4.44089209850063e-16
base,24,shareq,0.3
base,24,A,1.225015828
base,24,A_Q,2
base,24,xpop,1.040172293
base,24,h_Q_1,100
base,24,mig_Q_2,-0.232656793
base,24,med_Q_2,600.2752601
base,24,mig_Q_3,0.002434764
base,24,med_Q_3,-94.82728086
base,24,mig_Q_4,0.002457611
base,24,med_Q_4,-146.8003923
base,24,mig_Q_5,0.001202583
base,24,med_Q_5,-97.42948324
base,24,mig_Q_6,0.000499971
base,24,med_Q_6,-62.7139883
base,24,mig_Q_7,0.000316427
base,24,med_Q_7,-32.47783183
base,24,mig_Q_8,0.000386189
base,24,med_Q_8,-18.22361822
base,24,mig_Q_9,0.000268254
base,24,med_Q_9,-12.62733907
base,24,mig_Q_10,0.000285202
base,24,med_Q_10,-8.383839386
base,24,mig_Q_11,0.000669772
base,24,med_Q_11,-7.069661791
base,24,mig_Q_12,0.001284341
base,24,med_Q_12,-4.678384326
base,24,mig_Q_13,0.002622085
base,24,med_Q_13,-3.11457549
base,24,mig_Q_14,0.00375867
base,24,med_Q_14,-1.719445169
base,24,mig_Q_15,0.003301759
base,24,med_Q_15,-0.826282202
base,24,mig_Q_16,0.001176321
base,24,med_Q_16,-0.342582665
base,24,mig_Q_17,0.00013237
base,24,med_Q_17,-0.032194184
base,24,h_NQ_1,100
base,24,mig_NQ_2,-0.53714561
base,24,med_NQ_2,16.62237658
base,24,mig_NQ_3,0.007422196
base,24,med_NQ_3,-14.4618684
base,24,mig_NQ_4,0.007859909
base,24,med_NQ_4,-8.644770806
base,24,mig_NQ_5,0.005787811
base,24,med_NQ_5,-12.00385526
base,24,mig_NQ_6,0.005530605
base,24,med_NQ_6,-10.34558801
base,24,mig_NQ_7,0.006503113
base,24,med_NQ_7,-5.743434538
base,24,mig_NQ_8,0.007430042
base,24,med_NQ_8,-3.486276446
base,24,mig_NQ_9,0.007524544
base,24,med_NQ_9,-2.919278565
base,24,mig_NQ_10,0.007923308
base,24,med_NQ_10,-2.31307618
base,24,mig_NQ_11,0.007677889
base,24,med_NQ_11,-2.612813911
base,24,mig_NQ_12,0.010340606
base,24,med_NQ_12,-2.658933676
base,24,mig_NQ_13,0.016005909
base,24,med_NQ_13,-1.798919264
base,24,mig_NQ_14,0.01828992
base,24,med_NQ_14,-1.015824913
base,24,mig_NQ_15,0.012979308
base,24,med_NQ_15,-0.499652831
base,24,mig_NQ_16,0.003953352
base,24,med_NQ_16,-0.209874413
base,24,mig_NQ_17,0.000523632
base,24,med_NQ_17,-0.020956001
base,25,beta_Q_2,0.998632799999955
base,25,beta_Q_3,0.998197499999996
base,25,beta_Q_4,0.997334600000127
base,25,beta_Q_5,0.995742200032309
base,25,beta_Q_6,0.992592800009731
base,25,beta_Q_7,0.987996600040646
base,25,beta_Q_8,0.980881900094676
base,25,beta_Q_9,0.969825600035104
base,25,beta_Q_10,0.955121599992046
base,25,beta_Q_11,0.930302299960104
base,25,beta_Q_12,0.88686100819419
base,25,beta_Q_13,0.801346400895735
base,25,beta_Q_14,0.630152162749872
base,25,beta_Q_15,0.401319548696717
base,25,beta_Q_16,0.209842137382246
base,25,beta_Q_17,0.141344056412864
base,25,h_Q_2,731.4218841
base,25,h_Q_3,554.785020798
base,25,h_Q_4,375.1782096094
base,25,h_Q_5,234.863074807915
base,25,h_Q_6,135.003780060283
base,25,h_Q_7,83.30972895909
base,25,h_Q_8,52.3064530302383
base,25,h_Q_9,33.1406755764809
base,25,h_Q_10,22.2824343052127
base,25,h_Q_11,14.3476757398752
base,25,h_Q_12,8.83868518519084
base,25,h_Q_13,5.033888157187
base,25,h_Q_14,2.70381053670725
base,25,h_Q_15,1.67034002329719
base,25,h_Q_16,1.26556983069131
base,25,h_Q_17,1.16461046393405
base,25,P_Q_1,0.306880497
base,25,P_Q_2,0.0703933366798395
base,25,P_Q_3,0.0768607277677877
base,25,P_Q_4,0.0803230335146578
base,25,P_Q_5,0.0802344772064161
base,25,P_Q_6,0.0823301268782545
base,25,P_Q_7,0.0851402141701557
base,25,P_Q_8,0.0839215743224328
base,25,P_Q_9,0.0793560346486815
base,25,P_Q_10,0.0744058763130754
base,25,P_Q_11,0.0696131771198673
base,25,P_Q_12,0.0486338866124909
base,25,P_Q_13,0.0350861410984382
base,25,P_Q_14,0.0261296827780785
base,25,P_Q_15,0.0135357483928608
base,25,P_Q_16,0.00411624920168282
base,25,P_Q_17,0.000597353283576423
base,25,L_Q,0.956953962056609
base,25,beta_NQ_2,0.991690600000529
base,25,beta_NQ_3,0.989144200000644
base,25,beta_NQ_4,0.987363000003173
base,25,beta_NQ_5,0.983010700120059
base,25,beta_NQ_6,0.974850500042407
base,25,beta_NQ_7,0.965107800119121
base,25,beta_NQ_8,0.952190900273821
base,25,beta_NQ_9,0.935068400007744
base,25,beta_NQ_10,0.916035200054267
base,25,beta_NQ_11,0.886647899968915
base,25,beta_NQ_12,0.823275109295727
base,25,beta_NQ_13,0.709672299606467
base,25,beta_NQ_14,0.514614910536279
base,25,beta_NQ_15,0.299465121496327
base,25,beta_NQ_16,0.146564112237895
base,25,beta_NQ_17,0.0942485130586051
base,25,h_NQ_2,120.34563266
base,25,h_NQ_3,92.1166565384
base,25,h_NQ_4,79.1327055502472
base,25,h_NQ_5,58.8605769515317
base,25,h_NQ_6,39.7622219073654
base,25,h_NQ_7,28.6597004468729
base,25,h_NQ_8,20.916520074333
base,25,h_NQ_9,15.4008217888513
base,25,h_NQ_10,11.9097526658096
base,25,h_NQ_11,8.82206857834684
base,25,h_NQ_12,5.65851217868726
base,25,h_NQ_13,3.44438370371842
base,25,h_NQ_14,2.06021854361317
base,25,h_NQ_15,1.42748063175208
base,25,h_NQ_16,1.17173415911455
base,25,h_NQ_17,1.1040555850175
base,25,P_NQ_1,0.716054493
base,25,P_NQ_2,0.164251119537659
base,25,P_NQ_3,0.179341696433512
base,25,P_NQ_4,0.187420410020014
base,25,P_NQ_5,0.187213776757739
base,25,P_NQ_6,0.192103631770522
base,25,P_NQ_7,0.198660499919526
base,25,P_NQ_8,0.19581700584404
base,25,P_NQ_9,0.185164078175564
base,25,P_NQ_10,0.173613715165714
base,25,P_NQ_11,0.162430745051558
base,25,P_NQ_12,0.113479071178993
base,25,P_NQ_13,0.0818676604163889
base,25,P_NQ_14,0.0609692275632601
base,25,P_NQ_15,0.0315834099981634
base,25,P_NQ_16,0.00960452181831608
base,25,P_NQ_17,0.00139380758027739
base,25,L_NQ,1.78590090440416
base,25,pi_Q,0.3
base,25,pi_NQ,0.7
base,25,y,4.61593315796385
base,25,nbar,5.95714173163588
base,25,Ptot,4.05852700721954
base,25,Pret,0.907060273572742
base,25,H,353.046277654685
base,25,cCheck,-1.33226762955019e-15
base,25,shareq,0.3
base,25,A,1.323527466
base,25,A_Q,2
base,25,xpop,1.02293499
base,25,h_Q_1,100
base,25,mig_Q_2,-0.241211462
base,25,med_Q_2,633.4218841
base,25,mig_Q_3,0.002354399
base,25,med_Q_3,-129.5247341
base,25,mig_Q_4,0.002322492
base,25,med_Q_4,-146.6257412
base,25,mig_Q_5,0.000973699
base,25,med_Q_5,-112.1992902
base,25,mig_Q_6,0.00015413
base,25,med_Q_6,-74.85980856
base,25,mig_Q_7,-0.000185065
base,25,med_Q_7,-39.21171234
base,25,mig_Q_8,2.55393e-05
base,25,med_Q_8,-22.92134132
base,25,mig_Q_9,0.000181959
base,25,med_Q_9,-13.78744781
base,25,mig_Q_10,7.5375e-05
base,25,med_Q_10,-8.608906972
base,25,mig_Q_11,0.000393441
base,25,med_Q_11,-7.558325155
base,25,mig_Q_12,0.001081271
base,25,med_Q_12,-5.195658888
base,25,mig_Q_13,0.002210074
base,25,med_Q_13,-3.489748431
base,25,mig_Q_14,0.003929298
base,25,med_Q_14,-1.971237826
base,25,mig_Q_15,0.003802427
base,25,med_Q_15,-0.889497485
base,25,mig_Q_16,0.001739897
base,25,med_Q_16,-0.344204191
base,25,mig_Q_17,0.000137633
base,25,med_Q_17,-0.057590843
base,25,h_NQ_1,100
base,25,mig_NQ_2,-0.557517143
base,25,med_NQ_2,22.34563266
base,25,mig_NQ_3,0.0071368
base,25,med_NQ_3,-20.21327251
base,25,mig_NQ_4,0.007352765
base,25,med_NQ_4,-7.498660311
base,25,mig_NQ_5,0.004863318
base,25,med_NQ_5,-14.17618737
base,25,mig_NQ_6,0.004067789
base,25,med_NQ_6,-12.88066593
base,25,mig_NQ_7,0.004595693
base,25,med_NQ_7,-7.392243781
base,25,mig_NQ_8,0.006336736
base,25,med_NQ_8,-4.906727697
base,25,mig_NQ_9,0.007405752
base,25,med_NQ_9,-3.34464726
base,25,mig_NQ_10,0.007269704
base,25,med_NQ_10,-2.435643494
base,25,mig_NQ_11,0.00851983
base,25,med_NQ_11,-2.871311892
base,25,mig_NQ_12,0.010601892
base,25,med_NQ_12,-2.967610532
base,25,mig_NQ_13,0.014331703
base,25,med_NQ_13,-2.017818964
base,25,mig_NQ_14,0.018927039
base,25,med_NQ_14,-1.161821794
base,25,mig_NQ_15,0.014729845
base,25,med_NQ_15,-0.536041143
base,25,mig_NQ_16,0.005779086
base,25,med_NQ_16,-0.20916582
base,25,mig_NQ_17,0.000704547
base,25,med_NQ_17,-0.031148892
base,26,beta_Q_2,0.998746800005888
base,26,beta_Q_3,0.998359100014445
base,26,beta_Q_4,0.997555300010877
base,26,beta_Q_5,0.996150600061289
base,26,beta_Q_6,0.993290900091443
base,26,beta_Q_7,0.989111500126182
base,26,beta_Q_8,0.982749500339779
base,26,beta_Q_9,0.972941300825321
base,26,beta_Q_10,0.958661900182128
base,26,beta_Q_11,0.933837099979108
base,26,beta_Q_12,0.893199999924377
base,26,beta_Q_13,0.817945501768439
base,26,beta_Q_14,0.655981402941068
base,26,beta_Q_15,0.425457089935023
base,26,beta_Q_16,0.229895454642405
base,26,beta_Q_17,0.13414440357822
base,26,h_Q_2,797.9572295
base,26,h_Q_3,609.421658818
base,26,h_Q_4,409.04814498204
base,26,h_Q_5,259.780745017212
base,26,h_Q_6,149.051288531757
base,26,h_Q_7,91.8400146490773
base,26,h_Q_8,57.9693342699082
base,26,h_Q_9,36.9566904396335
base,26,h_Q_10,24.1907586829512
base,26,h_Q_11,15.1142105261084
base,26,h_Q_12,9.36329587207771
base,26,h_Q_13,5.49286068148702
base,26,h_Q_14,2.90681959504325
base,26,h_Q_15,1.74050861697311
base,26,h_Q_16,1.29852439683124
base,26,h_Q_17,1.15492698707749
base,26,P_Q_1,0.2996055927
base,26,P_Q_2,0.0720767969844878
base,26,P_Q_3,0.0725911786904739
base,26,P_Q_4,0.0789499371840052
base,26,P_Q_5,0.0809808051051543
base,26,P_Q_6,0.0798368423876335
base,26,P_Q_7,0.0812278714366304
base,26,P_Q_8,0.08359848114969
base,26,P_Q_9,0.0817341181731439
base,26,P_Q_10,0.0761853687826729
base,26,P_Q_11,0.069820434864601
base,26,P_Q_12,0.0632045634441262
base,26,P_Q_13,0.0415488109984908
base,26,P_Q_14,0.026156368695728
base,26,P_Q_15,0.0147364645000868
base,26,P_Q_16,0.00488484737382621
base,26,P_Q_17,0.000902009359372062
base,26,L_Q,0.943122720576561
base,26,beta_NQ_2,0.992391500039615
base,26,beta_NQ_3,0.990140600107284
base,26,beta_NQ_4,0.98845960007728
base,26,beta_NQ_5,0.984706600350459
base,26,beta_NQ_6,0.977306500425687
base,26,beta_NQ_7,0.968419300456607
base,26,beta_NQ_8,0.956882800844418
base,26,beta_NQ_9,0.941672201565522
base,26,beta_NQ_10,0.922522700192275
base,26,beta_NQ_11,0.89228950009065
base,26,beta_NQ_12,0.832520399951811
base,26,beta_NQ_13,0.730823999974737
base,26,beta_NQ_14,0.541515399137528
base,26,beta_NQ_15,0.319759640465486
base,26,beta_NQ_16,0.161053376295915
base,26,beta_NQ_17,0.0911675967833154
base,26,h_NQ_2,131.43195111
base,26,h_NQ_3,101.4260502668
base,26,h_NQ_4,86.652109116632
base,26,h_NQ_5,65.3876835792422
base,26,h_NQ_6,44.0654813025011
base,26,h_NQ_7,31.6649092592181
base,26,h_NQ_8,23.1926006309355
base,26,h_NQ_9,17.1444834168463
base,26,h_NQ_10,12.9070063110742
base,26,h_NQ_11,9.28414593549341
base,26,h_NQ_12,5.9708764507799
base,26,h_NQ_13,3.71504145411351
base,26,h_NQ_14,2.18109833564405
base,26,h_NQ_15,1.47006744574091
base,26,h_NQ_16,1.19197083911704
base,26,h_NQ_17,1.10031288093226
base,26,P_NQ_1,0.6990797163
base,26,P_NQ_2,0.168179191796244
base,26,P_NQ_3,0.169379417234288
base,26,P_NQ_4,0.184216517416251
base,26,P_NQ_5,0.188955213470563
base,26,P_NQ_6,0.18628596288711
base,26,P_NQ_7,0.189531702452943
base,26,P_NQ_8,0.19506312326722
base,26,P_NQ_9,0.190712941348894
base,26,P_NQ_10,0.177765859394416
base,26,P_NQ_11,0.162914353957482
base,26,P_NQ_12,0.147477312385308
base,26,P_NQ_13,0.0969472264008023
base,26,P_NQ_14,0.0610315057409944
base,26,P_NQ_15,0.0343850651397689
base,26,P_NQ_16,0.0113979774478263
base,26,P_NQ_17,0.00210467590001522
base,26,L_NQ,1.75892245737666
base,26,pi_Q,0.3
base,26,pi_NQ,0.7
base,26,y,4.7714739708535
base,26,nbar,5.89008202112342
base,26,Ptot,4.09346825437025
base,26,Pret,0.991462844385517
base,26,H,371.785150662977
base,26,cCheck,-4.44089209850063e-16
base,26,shareq,0.3
base,26,A,1.379010647
base,26,A_Q,2
base,26,xpop,0.998685309
base,26,h_Q_1,100
base,26,mig_Q_2,-0.234384133
base,26,med_Q_2,699.9572295
base,26,mig_Q_3,0.002324726
base,26,med_Q_3,-107.3717876
base,26,mig_Q_4,0.002294074
base,26,med_Q_4,-134.6411754
base,26,mig_Q_5,0.000999771
base,26,med_Q_5,-107.8939004
base,26,mig_Q_6,0.000196678
base,26,med_Q_6,-81.11452478
base,26,mig_Q_7,-0.000114014
base,26,med_Q_7,-40.46368981
base,26,mig_Q_8,8.59861e-05
base,26,med_Q_8,-23.67420011
base,26,mig_Q_9,0.000344827
base,26,med_Q_9,-14.30363353
base,26,mig_Q_10,0.000390706
base,26,med_Q_10,-8.287103382
base,26,mig_Q_11,0.000600477
base,26,med_Q_11,-6.722575093
base,26,mig_Q_12,0.001467351
base,26,med_Q_12,-4.697426353
base,26,mig_Q_13,0.002576221
base,26,med_Q_13,-3.1690508
base,26,mig_Q_14,0.004046761
base,26,med_Q_14,-2.026390799
base,26,mig_Q_15,0.004250112
base,26,med_Q_15,-0.909225709
base,26,mig_Q_16,0.002044477
base,26,med_Q_16,-0.338408826
base,26,mig_Q_17,0.000320202
base,26,med_Q_17,-0.085331447
base,26,h_NQ_1,100
base,26,mig_NQ_2,-0.541925318
base,26,med_NQ_2,33.43195111
base,26,mig_NQ_3,0.006911375
base,26,med_NQ_3,-16.51266974
base,26,mig_NQ_4,0.007141162
base,26,med_NQ_4,-3.622214291
base,26,mig_NQ_5,0.004718945
base,26,med_NQ_5,-12.16236786
base,26,mig_NQ_6,0.003780519
base,26,med_NQ_6,-13.61788411
base,26,mig_NQ_7,0.004130989
base,26,med_NQ_7,-7.30206821
base,26,mig_NQ_8,0.005900403
base,26,med_NQ_8,-4.893905807
base,26,mig_NQ_9,0.007610647
base,26,med_NQ_9,-3.353706256
base,26,mig_NQ_10,0.008149046
base,26,med_NQ_10,-2.185799042
base,26,mig_NQ_11,0.008980118
base,26,med_NQ_11,-2.387411677
base,26,mig_NQ_12,0.013752123
base,26,med_NQ_12,-2.674750756
base,26,mig_NQ_13,0.016414273
base,26,med_NQ_13,-1.830300481
base,26,mig_NQ_14,0.018901187
base,26,med_NQ_14,-1.194397694
base,26,mig_NQ_15,0.016126908
base,26,med_NQ_15,-0.548946727
base,26,mig_NQ_16,0.006768983
base,26,med_NQ_16,-0.20696018
base,26,mig_NQ_17,0.001199464
base,26,med_NQ_17,-0.047986595
base,27,beta_Q_2,0.998855500007564
base,27,beta_Q_3,0.998500000009189
base,27,beta_Q_4,0.997760700011092
base,27,beta_Q_5,0.996471500016403
base,27,beta_Q_6,0.993847900026437
base,27,beta_Q_7,0.99001940004476
base,27,beta_Q_8,0.984195300066976
base,27,beta_Q_9,0.975226300158592
base,27,beta_Q_10,0.962119300161714
base,27,beta_Q_11,0.93756790014858
base,27,beta_Q_12,0.895856444026453
base,27,beta_Q_13,0.822341166340975
base,27,beta_Q_14,0.667730822348659
base,27,beta_Q_15,0.438449067544388
base,27,beta_Q_16,0.242116452619548
base,27,beta_Q_17,0.1445777199943
base,27,h_Q_2,873.743993
base,27,h_Q_3,666.66666671
base,27,h_Q_4,446.56812394164
base,27,h_Q_5,283.406546682399
base,27,h_Q_6,162.546122426868
base,27,h_Q_7,100.194377071122
base,27,h_Q_8,63.2723176860957
base,27,h_Q_9,40.36538753451
base,27,h_Q_10,26.3986673808408
base,27,h_Q_11,16.0174013402922
base,27,h_Q_12,9.60212628958624
base,27,h_Q_13,5.62876387663616
base,27,h_Q_14,3.00960336985728
base,27,h_Q_15,1.78078185914239
base,27,h_Q_16,1.31946383563364
base,27,h_Q_17,1.16901324789462
base,27,P_Q_1,0.289519968
base,27,P_Q_2,0.0745005049729924
base,27,P_Q_3,0.0742668261693571
base,27,P_Q_4,0.0746922350367189
base,27,P_Q_5,0.0796663673006478
base,27,P_Q_6,0.0806514297930284
base,27,P_Q_7,0.0788774303393698
base,27,P_Q_8,0.0799005174680123
base,27,P_Q_9,0.0816407079968005
base,27,P_Q_10,0.0787471050375768
base,27,P_Q_11,0.0718390878448502
base,27,P_Q_12,0.0635935884157816
base,27,P_Q_13,0.054137092360361
base,27,P_Q_14,0.0316116043293233
base,27,P_Q_15,0.015128792508552
base,27,P_Q_16,0.00544961920606913
base,27,P_Q_17,0.00114787593753255
base,27,L_Q,0.927712150635566
base,27,beta_NQ_2,0.993066100055541
base,27,beta_NQ_3,0.991006400066706
base,27,beta_NQ_4,0.989459300068996
base,27,beta_NQ_5,0.986023900088483
base,27,beta_NQ_6,0.979247300123177
base,27,beta_NQ_7,0.971109400161155
base,27,beta_NQ_8,0.960532100202879
base,27,beta_NQ_9,0.946569300260194
base,27,beta_NQ_10,0.928888700277789
base,27,beta_NQ_11,0.898215800026637
base,27,beta_NQ_12,0.836512758328164
base,27,beta_NQ_13,0.736642562623966
base,27,beta_NQ_14,0.554065978743354
base,27,beta_NQ_15,0.33112415392031
base,27,beta_NQ_16,0.170241314755186
base,27,beta_NQ_17,0.0985201055612787
base,27,h_NQ_2,144.2189821
base,27,h_NQ_3,111.1901796878
base,27,h_NQ_4,94.870359653464
base,27,h_NQ_5,71.5507187342994
base,27,h_NQ_6,48.1865010376574
base,27,h_NQ_7,34.613334438451
base,27,h_NQ_8,25.3370460500337
base,27,h_NQ_9,18.7158319073168
base,27,h_NQ_10,14.0624626435094
base,27,h_NQ_11,9.82470756885276
base,27,h_NQ_12,6.11668307678354
base,27,h_NQ_13,3.7971198827643
base,27,h_NQ_14,2.24248280003124
base,27,h_NQ_15,1.49504563893117
base,27,h_NQ_16,1.20516965082609
base,27,h_NQ_17,1.1092870753347
base,27,P_NQ_1,0.675546592
base,27,P_NQ_2,0.173834512306226
base,27,P_NQ_3,0.173289260890691
base,27,P_NQ_4,0.174281880020727
base,27,P_NQ_5,0.185888185593357
base,27,P_NQ_6,0.188186669414104
base,27,P_NQ_7,0.18404733286402
base,27,P_NQ_8,0.186434543291983
base,27,P_NQ_9,0.19049498673129
base,27,P_NQ_10,0.183743246614793
base,27,P_NQ_11,0.167624536812229
base,27,P_NQ_12,0.148385044114574
base,27,P_NQ_13,0.126319879342955
base,27,P_NQ_14,0.0737604109997068
base,27,P_NQ_15,0.0353004283328076
base,27,P_NQ_16,0.0127157638349148
base,27,P_NQ_17,0.00267837821210875
base,27,L_NQ,1.72772446569329
base,27,pi_Q,0.3
base,27,pi_NQ,0.7
base,27,y,5.11569982432256
base,27,nbar,5.84999214379323
base,27,Ptot,4.11790240409346
base,27,Pret,1.07218245390413
base,27,H,394.309425564707
base,27,cCheck,4.44089209850063e-16
base,27,shareq,0.3
base,27,A,1.485581065
base,27,A_Q,2
base,27,xpop,0.96506656
base,27,h_Q_1,100
base,27,mig_Q_2,-0.224729622
base,27,med_Q_2,775.743993
base,27,mig_Q_3,0.0023083
base,27,med_Q_3,-115.3314182
base,27,mig_Q_4,0.00227852
base,27,med_Q_4,-150.6651017
base,27,mig_Q_5,0.00102034
base,27,med_Q_5,-117.4606354
base,27,mig_Q_6,0.000213933
base,27,med_Q_6,-92.03900769
base,27,mig_Q_7,-9.01086e-05
base,27,med_Q_7,-45.87588569
base,27,mig_Q_8,7.38674e-05
base,27,med_Q_8,-26.73089667
base,27,mig_Q_9,0.000304293
base,27,med_Q_9,-16.44456005
base,27,mig_Q_10,0.00039172
base,27,med_Q_10,-9.81888925
base,27,mig_Q_11,0.000694364
base,27,med_Q_11,-7.689542169
base,27,mig_Q_12,0.001229976
base,27,med_Q_12,-5.209800026
base,27,mig_Q_13,0.002439204
base,27,med_Q_13,-3.547266078
base,27,mig_Q_14,0.004356357
base,27,med_Q_14,-2.373400098
base,27,mig_Q_15,0.00400038
base,27,med_Q_15,-1.067901344
base,27,mig_Q_16,0.002061773
base,27,med_Q_16,-0.386234609
base,27,mig_Q_17,0.000492601
base,27,med_Q_17,-0.103540661
base,27,h_NQ_1,100
base,27,mig_NQ_2,-0.519926256
base,27,med_NQ_2,46.2189821
base,27,mig_NQ_3,0.006768215
base,27,med_NQ_3,-17.6131324
base,27,mig_NQ_4,0.006857169
base,27,med_NQ_4,-4.527169608
base,27,mig_NQ_5,0.004488965
base,27,med_NQ_5,-13.3683482
base,27,mig_NQ_6,0.003519511
base,27,med_NQ_6,-15.89342887
base,27,mig_NQ_7,0.003644411
base,27,med_NQ_7,-8.570837238
base,27,mig_NQ_8,0.005074917
base,27,med_NQ_8,-5.694565024
base,27,mig_NQ_9,0.006809466
base,27,med_NQ_9,-4.012916711
base,27,mig_NQ_10,0.007806229
base,27,med_NQ_10,-2.739131105
base,27,mig_NQ_11,0.009005927
base,27,med_NQ_11,-2.824158616
base,27,mig_NQ_12,0.012755521
base,27,med_NQ_12,-2.98177994
base,27,mig_NQ_13,0.01853992
base,27,med_NQ_13,-2.054339039
base,27,mig_NQ_14,0.021261995
base,27,med_NQ_14,-1.398257825
base,27,mig_NQ_15,0.015785016
base,27,med_NQ_15,-0.64243073
base,27,mig_NQ_16,0.007177933
base,27,med_NQ_16,-0.235496446
base,27,mig_NQ_17,0.001639252
base,27,med_NQ_17,-0.058844347
base,28,beta_Q_2,0.998954400006745
base,28,beta_Q_3,0.998628400008118
base,28,beta_Q_4,0.997948100010028
base,28,beta_Q_5,0.996764500014024
base,28,beta_Q_6,0.994356500022895
base,28,beta_Q_7,0.990848200038915
base,28,beta_Q_8,0.985514700064329
base,28,beta_Q_9,0.977311000091688
base,28,beta_Q_10,0.96529880023085
base,28,beta_Q_11,0.942701900190087
base,28,beta_Q_12,0.901680100356031
base,28,beta_Q_13,0.826531958927594
base,28,beta_Q_14,0.674672166675233
base,28,beta_Q_15,0.449242389033339
base,28,beta_Q_16,0.254418166790466
base,28,beta_Q_17,0.155303123380905
base,28,h_Q_2,956.3886764
base,28,h_Q_3,729.07553224
base,28,h_Q_4,487.3531848758
base,28,h_Q_5,309.071240862807
base,28,h_Q_6,177.195003048751
base,28,h_Q_7,109.26812208833
base,28,h_Q_8,69.0355049396993
base,28,h_Q_9,44.0742209423738
base,28,h_Q_10,28.8174472838198
base,28,h_Q_11,17.452585673224
base,28,h_Q_12,10.1708810064864
base,28,h_Q_13,5.76474867179452
base,28,h_Q_14,3.07382182010343
base,28,h_Q_15,1.81568049646014
base,28,h_Q_16,1.34123429695954
base,28,h_Q_17,1.18385660192097
base,28,P_Q_1,0.281860557
base,28,P_Q_2,0.077317134398814
base,28,P_Q_3,0.0766877592162175
base,28,P_Q_4,0.0763752394663398
base,28,P_Q_5,0.075452958486617
base,28,P_Q_6,0.0793964318444837
base,28,P_Q_7,0.0797579128364461
base,28,P_Q_8,0.077723687321368
base,28,P_Q_9,0.0782046680310866
base,28,P_Q_10,0.0789124908425885
base,28,P_Q_11,0.0746124309128606
base,28,P_Q_12,0.0658339387787914
base,28,P_Q_13,0.0546869566696418
base,28,P_Q_14,0.0412453562013491
base,28,P_Q_15,0.0187525644417739
base,28,P_Q_16,0.0057310365745878
base,28,P_Q_17,0.00134795551965062
base,28,L_Q,0.917825562267674
base,28,beta_NQ_2,0.993680000050041
base,28,beta_NQ_3,0.991794400059189
base,28,beta_NQ_4,0.990370500062277
base,28,beta_NQ_5,0.987225200077893
base,28,beta_NQ_6,0.981019700111639
base,28,beta_NQ_7,0.973568900151684
base,28,beta_NQ_8,0.963873900189963
base,28,beta_NQ_9,0.951062700236185
base,28,beta_NQ_10,0.934786300283455
base,28,beta_NQ_11,0.906378300288754
base,28,beta_NQ_12,0.845147400050261
base,28,beta_NQ_13,0.742250658217589
base,28,beta_NQ_14,0.561476335445756
base,28,beta_NQ_15,0.340462424467105
base,28,beta_NQ_16,0.179566010817859
base,28,beta_NQ_17,0.106128807109109
base,28,h_NQ_2,158.2278481
base,28,h_NQ_3,121.867992588
base,28,h_NQ_4,103.847551798044
base,28,h_NQ_5,78.2791120003947
base,28,h_NQ_6,52.6862062296134
base,28,h_NQ_7,37.8342180279043
base,28,h_NQ_8,27.680818020682
base,28,h_NQ_9,20.434310838033
base,28,h_NQ_10,15.3342012471704
base,28,h_NQ_11,10.6812843576392
base,28,h_NQ_12,6.4577540204757
base,28,h_NQ_13,3.87973745724787
base,28,h_NQ_14,2.28037845910902
base,28,h_NQ_15,1.51621377903062
base,28,h_NQ_16,1.21886708315254
base,28,h_NQ_17,1.11872941280957
base,28,P_NQ_1,0.657674633
base,28,P_NQ_2,0.180406645523252
base,28,P_NQ_3,0.178938103247944
base,28,P_NQ_4,0.178208890790377
base,28,P_NQ_5,0.17605690105279
base,28,P_NQ_6,0.185258337867091
base,28,P_NQ_7,0.186101797653057
base,28,P_NQ_8,0.181355268172616
base,28,P_NQ_9,0.182477562188221
base,28,P_NQ_10,0.184129147634263
base,28,P_NQ_11,0.174095672257598
base,28,P_NQ_12,0.153612524652278
base,28,P_NQ_13,0.12760290115163
base,28,P_NQ_14,0.0962391315828965
base,28,P_NQ_15,0.0437559746850923
base,28,P_NQ_16,0.0133723923307984
base,28,P_NQ_17,0.00314522539530809
base,28,L_NQ,1.70695191858398
base,28,pi_Q,0.3
base,28,pi_NQ,0.7
base,28,y,5.52883301930304
base,28,nbar,5.85216498646481
base,28,Ptot,4.14633018772783
base,28,Pret,1.13707569963111
base,28,H,424.138885583085
base,28,cCheck,-1.33226762955019e-15
base,28,shareq,0.3
base,28,A,1.605136168
base,28,A_Q,2
base,28,xpop,0.93953519
base,28,h_Q_1,100
base,28,mig_Q_2,-0.211871478
base,28,med_Q_2,858.3886764
base,28,mig_Q_3,0.002299005
base,28,med_Q_3,-127.1935809
base,28,mig_Q_4,0.002274719
base,28,med_Q_4,-165.9801485
base,28,mig_Q_5,0.001024275
base,28,med_Q_5,-128.5655206
base,28,mig_Q_6,0.00022018
base,28,med_Q_6,-100.5434127
base,28,mig_Q_7,-8.85673e-05
base,28,med_Q_7,-50.02707789
base,28,mig_Q_8,9.28911e-05
base,28,med_Q_8,-29.15498459
base,28,mig_Q_9,0.000283582
base,28,med_Q_9,-17.93265039
base,28,mig_Q_10,0.00036439
base,28,med_Q_10,-10.7406325
base,28,mig_Q_11,0.000781673
base,28,med_Q_11,-8.41810836
base,28,mig_Q_12,0.001476429
base,28,med_Q_12,-5.526172307
base,28,mig_Q_13,0.002391331
base,28,med_Q_13,-3.645335092
base,28,mig_Q_14,0.005096351
base,28,med_Q_14,-2.442366779
base,28,mig_Q_15,0.004892486
base,28,med_Q_15,-1.133730806
base,28,mig_Q_16,0.002068107
base,28,med_Q_16,-0.403931925
base,28,mig_Q_17,0.000560062
base,28,med_Q_17,-0.109217957
base,28,h_NQ_1,100
base,28,mig_NQ_2,-0.490455774
base,28,med_NQ_2,60.2278481
base,28,mig_NQ_3,0.006666989
base,28,med_NQ_3,-19.46660987
base,28,mig_NQ_4,0.00674622
base,28,med_NQ_4,-5.118824296
base,28,mig_NQ_5,0.004210802
base,28,med_NQ_5,-14.69384046
base,28,mig_NQ_6,0.003227834
base,28,med_NQ_6,-17.43349813
base,28,mig_NQ_7,0.003351954
base,28,med_NQ_7,-9.388552989
base,28,mig_NQ_8,0.004571897
base,28,med_NQ_8,-6.240249729
base,28,mig_NQ_9,0.006004347
base,28,med_NQ_9,-4.395994291
base,28,mig_NQ_10,0.007180507
base,28,med_NQ_10,-3.007314022
base,28,mig_NQ_11,0.009054585
base,28,med_NQ_11,-3.099929033
base,28,mig_NQ_12,0.013392461
base,28,med_NQ_12,-3.170459397
base,28,mig_NQ_13,0.018296162
base,28,med_NQ_13,-2.114611958
base,28,mig_NQ_14,0.026249584
base,28,med_NQ_14,-1.440799026
base,28,mig_NQ_15,0.019332121
base,28,med_NQ_15,-0.681419365
base,28,mig_NQ_16,0.007362801
base,28,med_NQ_16,-0.246277643
base,28,mig_NQ_17,0.001892467
base,28,med_NQ_17,-0.062336845
base,29,beta_Q_2,0.999044400005905
base,29,beta_Q_3,0.998745300007217
base,29,beta_Q_4,0.99811910000893
base,29,beta_Q_5,0.997032000013439
base,29,beta_Q_6,0.9948210000196
base,29,beta_Q_7,0.991605100033018
base,29,beta_Q_8,0.986719100056478
base,29,beta_Q_9,0.979213400095598
base,29,beta_Q_10,0.968202200108787
base,29,beta_Q_11,0.947434800357186
base,29,beta_Q_12,0.909868200300914
base,29,beta_Q_13,0.835661400953156
base,29,beta_Q_14,0.681522067623461
base,29,beta_Q_15,0.457188922774912
base,29,beta_Q_16,0.265002645124233
base,29,beta_Q_17,0.166266739332475
base,29,h_Q_2,1046.4629552
base,29,h_Q_3,797.003267772
base,29,h_Q_4,531.6603753952
base,29,h_Q_5,336.927223778284
base,29,h_Q_6,193.087468545551
base,29,h_Q_7,119.119941817776
base,29,h_Q_8,75.2961018965637
base,29,h_Q_9,48.1079156609053
base,29,h_Q_10,31.4487165335264
base,29,h_Q_11,19.0239931071434
base,29,h_Q_12,11.0948632857595
base,29,h_Q_13,6.08499771635664
base,29,h_Q_14,3.13993430735863
base,29,h_Q_15,1.84226150870136
base,29,h_Q_16,1.36054905553093
base,29,h_Q_17,1.19942434502035
base,29,P_Q_1,0.2809735983
base,29,P_Q_2,0.0756185956035018
base,29,P_Q_3,0.0795123332179003
base,29,P_Q_4,0.0788072046038508
base,29,P_Q_5,0.0771549603801176
base,29,P_Q_6,0.0752484837171253
base,29,P_Q_7,0.0785825158826191
base,29,P_Q_8,0.078693732846767
base,29,P_Q_9,0.0762567875868598
base,29,P_Q_10,0.0758147102228599
base,29,P_Q_11,0.0751033000660411
base,29,P_Q_12,0.0688508241933155
base,29,P_Q_13,0.0571809353827538
base,29,P_Q_14,0.0419295415451818
base,29,P_Q_15,0.0244423203564251
base,29,P_Q_16,0.00731904806789621
base,29,P_Q_17,0.00149605388024369
base,29,L_Q,0.915768947439328
base,29,beta_NQ_2,0.994238100044601
base,29,beta_NQ_3,0.992511800052943
base,29,beta_NQ_4,0.991200900055157
base,29,beta_NQ_5,0.988321000070661
base,29,beta_NQ_6,0.982638100097602
base,29,beta_NQ_7,0.975817300135451
base,29,beta_NQ_8,0.966932700181637
base,29,beta_NQ_9,0.955183000222458
base,29,beta_NQ_10,0.940206400257566
base,29,beta_NQ_11,0.913966000301985
base,29,beta_NQ_12,0.857334000343112
base,29,beta_NQ_13,0.754398600126073
base,29,beta_NQ_14,0.568885938882203
base,29,beta_NQ_15,0.347110006176202
base,29,beta_NQ_16,0.187461704283178
base,29,beta_NQ_17,0.113957001962139
base,29,h_NQ_2,173.55386244
base,29,h_NQ_3,133.543441678
base,29,h_NQ_4,113.64798672324
base,29,h_NQ_5,85.6237691620831
base,29,h_NQ_6,57.5973827703868
base,29,h_NQ_7,41.3518755150211
base,29,h_NQ_8,30.2413562683462
base,29,h_NQ_9,22.3129615962684
base,29,h_NQ_10,16.7241979032724
base,29,h_NQ_11,11.623311712227
base,29,h_NQ_12,7.00937854548645
base,29,h_NQ_13,4.07163803006619
base,29,h_NQ_14,2.31957155410291
base,29,h_NQ_15,1.53165157792683
base,29,h_NQ_16,1.23071121245001
base,29,h_NQ_17,1.12861339248949
base,29,P_NQ_1,0.6556050627
base,29,P_NQ_2,0.17644339135235
base,29,P_NQ_3,0.185528778763424
base,29,P_NQ_4,0.183883475793862
base,29,P_NQ_5,0.180028240866189
base,29,P_NQ_6,0.175579793273393
base,29,P_NQ_7,0.183359202241193
base,29,P_NQ_8,0.183618711536215
base,29,P_NQ_9,0.177932500050306
base,29,P_NQ_10,0.176900993242671
base,29,P_NQ_11,0.17524103486636
base,29,P_NQ_12,0.160651922768511
base,29,P_NQ_13,0.133422181533619
base,29,P_NQ_14,0.0978355923308642
base,29,P_NQ_15,0.0570320570673217
base,29,P_NQ_16,0.0170777728236493
base,29,P_NQ_17,0.00349078704626264
base,29,L_NQ,1.7028819761871
base,29,pi_Q,0.3
base,29,pi_NQ,0.7
base,29,y,6.00756374094108
base,29,nbar,5.92441985427371
base,29,Ptot,4.17661644410965
base,29,Pret,1.17378907539398
base,29,H,456.469489947597
base,29,cCheck,4.44089209850063e-16
base,29,shareq,0.3
base,29,A,1.729204302
base,29,A_Q,2
base,29,xpop,0.936578661
base,29,h_Q_1,100
base,29,mig_Q_2,-0.205947248
base,29,med_Q_2,948.4629552
base,29,mig_Q_3,0.002301247
base,29,med_Q_3,-140.2576351
base,29,mig_Q_4,0.002276801
base,29,med_Q_4,-182.8336462
base,29,mig_Q_5,0.001026833
base,29,med_Q_5,-140.6788974
base,29,mig_Q_6,0.000221344
base,29,med_Q_6,-109.8023475
base,29,mig_Q_7,-8.72957e-05
base,29,med_Q_7,-54.53116117
base,29,mig_Q_8,9.11373e-05
base,29,med_Q_8,-31.78665775
base,29,mig_Q_9,0.000296573
base,29,med_Q_9,-19.54687918
base,29,mig_Q_10,0.000323838
base,29,med_Q_10,-11.74401999
base,29,mig_Q_11,0.000712345
base,29,med_Q_11,-9.217105231
base,29,mig_Q_12,0.00157428
base,29,med_Q_12,-6.008670674
base,29,mig_Q_13,0.002767081
base,29,med_Q_13,-3.88246567
base,29,mig_Q_14,0.005033774
base,29,med_Q_14,-2.509519391
base,29,mig_Q_15,0.005913158
base,29,med_Q_15,-1.170083875
base,29,mig_Q_16,0.002548055
base,29,med_Q_16,-0.418817831
base,29,mig_Q_17,0.000606006
base,29,med_Q_17,-0.114985266
base,29,h_NQ_1,100
base,29,mig_NQ_2,-0.477074738
base,29,med_NQ_2,75.55386244
base,29,mig_NQ_3,0.006602478
base,29,med_NQ_3,-21.51984946
base,29,mig_NQ_4,0.006668457
base,29,med_NQ_4,-5.782646013
base,29,mig_NQ_5,0.004095933
base,29,med_NQ_5,-16.1468316
base,29,mig_NQ_6,0.002864505
base,29,med_NQ_6,-19.11614699
base,29,mig_NQ_7,0.002997446
base,29,med_NQ_7,-10.28060659
base,29,mig_NQ_8,0.004240046
base,29,med_NQ_8,-6.836177399
base,29,mig_NQ_9,0.005452269
base,29,med_NQ_9,-4.814240064
base,29,mig_NQ_10,0.006323468
base,29,med_NQ_10,-3.301426718
base,29,mig_NQ_11,0.008350371
base,29,med_NQ_11,-3.40420551
base,29,mig_NQ_12,0.013515418
base,29,med_NQ_12,-3.458280125
base,29,mig_NQ_13,0.019403184
base,29,med_NQ_13,-2.25696091
base,29,mig_NQ_14,0.026189583
base,29,med_NQ_14,-1.482571154
base,29,mig_NQ_15,0.024266249
base,29,med_NQ_15,-0.703119312
base,29,mig_NQ_16,0.009220687
base,29,med_NQ_16,-0.255178291
base,29,mig_NQ_17,0.002071591
base,29,med_NQ_17,-0.065876349
base,30,beta_Q_2,0.999126400005502
base,30,beta_Q_3,0.998851900006309
base,30,beta_Q_4,0.998275200007838
base,30,beta_Q_5,0.997276400011391
base,30,beta_Q_6,0.995245400020986
base,30,beta_Q_7,0.99229630002757
base,30,beta_Q_8,0.987818900046274
base,30,beta_Q_9,0.980949800081634
base,30,beta_Q_10,0.970853600122191
base,30,beta_Q_11,0.951765100113205
base,30,beta_Q_12,0.917429600723758
base,30,beta_Q_13,0.848286200025582
base,30,beta_Q_14,0.692823465951414
base,30,beta_Q_15,0.465064923564201
base,30,beta_Q_16,0.272945306709456
base,30,beta_Q_17,0.175687730710235
base,30,h_Q_2,1144.688645
base,30,h_Q_3,871.004267896
base,30,h_Q_4,579.77736551656
base,30,h_Q_5,367.161110287296
base,30,h_Q_6,210.322635002718
base,30,h_Q_7,129.80775463464
base,30,h_Q_8,82.0943920814207
base,30,h_Q_9,52.4928871886324
base,30,h_Q_10,34.3095545076872
base,30,h_Q_11,20.7318766728558
base,30,h_Q_12,12.1108775520006
base,30,h_Q_13,6.59135818804434
base,30,h_Q_14,3.25545104302951
base,30,h_Q_15,1.86938564521145
base,30,h_Q_16,1.37541232452734
base,30,h_Q_17,1.21313247442032
base,30,P_Q_1,0.2833521261
base,30,P_Q_2,0.0697199469311237
base,30,P_Q_3,0.0778295359521438
base,30,P_Q_4,0.0816417604710608
base,30,P_Q_5,0.0796015638216456
base,30,P_Q_6,0.0769779348418212
base,30,P_Q_7,0.0745318017236529
base,30,P_Q_8,0.0776285378518718
base,30,P_Q_9,0.0773485247070974
base,30,P_Q_10,0.0741589205148262
base,30,P_Q_11,0.0724341848441332
base,30,P_Q_12,0.0697571904677483
base,30,P_Q_13,0.0604866552021655
base,30,P_Q_14,0.0445467643106978
base,30,P_Q_15,0.0251025009314876
base,30,P_Q_16,0.00950757754742656
base,30,P_Q_17,0.00194407625726675
base,30,L_Q,0.912571912085523
base,30,beta_NQ_2,0.994745900040001
base,30,beta_NQ_3,0.993165000047692
base,30,beta_NQ_4,0.991957700049225
base,30,beta_NQ_5,0.989320400062073
base,30,beta_NQ_6,0.984115800090073
base,30,beta_NQ_7,0.977871800117743
base,30,beta_NQ_8,0.96973140016252
base,30,beta_NQ_9,0.958958900217457
base,30,beta_NQ_10,0.945184000244609
base,30,beta_NQ_11,0.920960100271997
base,30,beta_NQ_12,0.868733300402307
base,30,beta_NQ_13,0.771350100066914
base,30,beta_NQ_14,0.581376032066868
base,30,beta_NQ_15,0.353774709963348
base,30,beta_NQ_16,0.193102700841009
base,30,beta_NQ_17,0.120538499654745
base,30,h_NQ_2,190.32755372
base,30,h_NQ_3,146.3057790812
base,30,h_NQ_4,124.34253882244
base,30,h_NQ_5,93.6364657787752
base,30,h_NQ_6,62.9556414588415
base,30,h_NQ_7,45.1912039749791
base,30,h_NQ_8,33.0375372507207
base,30,h_NQ_9,24.3658186589793
base,30,h_NQ_10,18.242848800343
base,30,h_NQ_11,12.6518378652069
base,30,h_NQ_12,7.61807830798248
base,30,h_NQ_13,4.37349852057672
base,30,h_NQ_14,2.38877676446486
base,30,h_NQ_15,1.54744793202086
base,30,h_NQ_16,1.2393150883683
base,30,h_NQ_17,1.13705943520101
base,30,P_NQ_1,0.6611549609
base,30,P_NQ_2,0.16267987691847
base,30,P_NQ_3,0.181602249958567
base,30,P_NQ_4,0.19049743949644
base,30,P_NQ_5,0.185736980693059
base,30,P_NQ_6,0.179615179568666
base,30,P_NQ_7,0.173907534830383
base,30,P_NQ_8,0.181133252526228
base,30,P_NQ_9,0.180479892782144
base,30,P_NQ_10,0.173037479361127
base,30,P_NQ_11,0.169013103243453
base,30,P_NQ_12,0.162766777446243
base,30,P_NQ_13,0.141135526644127
base,30,P_NQ_14,0.103942444009465
base,30,P_NQ_15,0.0585724980582187
base,30,P_NQ_16,0.0221843366166156
base,30,P_NQ_17,0.00453617479117356
base,30,L_NQ,1.69863873016934
base,30,pi_Q,0.3
base,30,pi_NQ,0.7
base,30,y,6.47380149346744
base,30,nbar,5.99406509609712
base,30,Ptot,4.18856531032055
base,30,Pret,1.19312621024617
base,30,H,483.066192569273
base,30,cCheck,0
base,30,shareq,0.3
base,30,A,1.848222955
base,30,A_Q,2
base,30,xpop,0.944507087
base,30,h_Q_1,100
base,30,mig_Q_2,-0.210985153
base,30,med_Q_2,1046.688645
base,30,mig_Q_3,0.002305819
base,30,med_Q_3,-154.5294282
base,30,mig_Q_4,0.002278982
base,30,med_Q_4,-201.2858369
base,30,mig_Q_5,0.001028259
base,30,med_Q_5,-153.8660576
base,30,mig_Q_6,0.00022256
base,30,med_Q_6,-119.8660443
base,30,mig_Q_7,-8.49785e-05
base,30,med_Q_7,-59.41796454
base,30,mig_Q_8,8.96685e-05
base,30,med_Q_8,-34.6431509
base,30,mig_Q_9,0.000290567
base,30,med_Q_9,-21.29729267
base,30,mig_Q_10,0.000326931
base,30,med_Q_10,-12.83620284
base,30,mig_Q_11,0.00060469
base,30,med_Q_11,-10.08786553
base,30,mig_Q_12,0.001423086
base,30,med_Q_12,-6.532635693
base,30,mig_Q_13,0.002950679
base,30,med_Q_13,-4.281607832
base,30,mig_Q_14,0.005576695
base,30,med_Q_14,-2.707846719
base,30,mig_Q_15,0.005932779
base,30,med_Q_15,-1.207749976
base,30,mig_Q_16,0.003030298
base,30,med_Q_16,-0.430003954
base,30,mig_Q_17,0.000727162
base,30,med_Q_17,-0.1202056
base,30,h_NQ_1,100
base,30,mig_NQ_2,-0.489147655
base,30,med_NQ_2,92.32755372
base,30,mig_NQ_3,0.006480102
base,30,med_NQ_3,-23.77700611
base,30,mig_NQ_4,0.006601147
base,30,med_NQ_4,-6.530034022
base,30,mig_NQ_5,0.00400108
base,30,med_NQ_5,-17.73856121
base,30,mig_NQ_6,0.002712571
base,30,med_NQ_6,-20.95565232
base,30,mig_NQ_7,0.002573735
base,30,med_NQ_7,-11.25423114
base,30,mig_NQ_8,0.003837244
base,30,med_NQ_8,-7.487300754
base,30,mig_NQ_9,0.005090421
base,30,med_NQ_9,-5.270710484
base,30,mig_NQ_10,0.005744204
base,30,med_NQ_10,-3.623853564
base,30,mig_NQ_11,0.00733161
base,30,med_NQ_11,-3.73787608
base,30,mig_NQ_12,0.01252668
base,30,med_NQ_12,-3.77276717
base,30,mig_NQ_13,0.019939941
base,30,med_NQ_13,-2.495692454
base,30,mig_NQ_14,0.028040441
base,30,med_NQ_14,-1.601428505
base,30,mig_NQ_15,0.024612785
base,30,med_NQ_15,-0.725732191
base,30,mig_NQ_16,0.01149301
base,30,med_NQ_16,-0.261703458
base,30,mig_NQ_17,0.002590043
base,30,med_NQ_17,-0.069037553
base,31,beta_Q_2,0.999201100004965
base,31,beta_Q_3,0.99894900000589
base,31,beta_Q_4,0.9984177000069
base,31,beta_Q_5,0.997499600010505
base,31,beta_Q_6,0.995633400017744
base,31,beta_Q_7,0.992928000032689
base,31,beta_Q_8,0.988823400037651
base,31,beta_Q_9,0.9825352000666
base,31,beta_Q_10,0.973275500101007
base,31,beta_Q_11,0.955727200158588
base,31,beta_Q_12,0.924354500154249
base,31,beta_Q_13,0.860054901228694
base,31,beta_Q_14,0.706900998811492
base,31,beta_Q_15,0.475543192940749
base,31,beta_Q_16,0.280885408102888
base,31,beta_Q_17,0.182826800014415
base,31,h_Q_2,1251.721117
base,31,h_Q_3,951.4747862
base,31,h_Q_4,631.99140493808
base,31,h_Q_5,399.936010306229
base,31,h_Q_6,229.01112998155
base,31,h_Q_7,141.402715012664
base,31,h_Q_8,89.4726481319471
base,31,h_Q_9,57.2580275297922
base,31,h_Q_10,37.4188478448598
base,31,h_Q_11,22.5872318775334
base,31,h_Q_12,13.2195569743987
base,31,h_Q_13,7.14565930696054
base,31,h_Q_14,3.41181647128346
base,31,h_Q_15,1.90673441016892
base,31,h_Q_16,1.39059893430723
base,31,h_Q_17,1.22373077603679
base,31,P_Q_1,0.2832225447
base,31,P_Q_2,0.0661848316841979
base,31,P_Q_3,0.071951826460492
base,31,P_Q_4,0.0799783415691436
base,31,P_Q_5,0.0824493079731718
base,31,P_Q_6,0.0794453302279697
base,31,P_Q_7,0.0763018258273025
base,31,P_Q_8,0.0737128536971259
base,31,P_Q_9,0.0764340116864232
base,31,P_Q_10,0.0754065566760257
base,31,P_Q_11,0.0711528644080807
base,31,P_Q_12,0.067651708280304
base,31,P_Q_13,0.0619447060263469
base,31,P_Q_14,0.0479448471009724
base,31,P_Q_15,0.0272311485391872
base,31,P_Q_16,0.00990621281591927
base,31,P_Q_17,0.00253638572385895
base,31,L_Q,0.902768233955872
base,31,beta_NQ_2,0.995207700035668
base,31,beta_NQ_3,0.993759700042608
base,31,beta_NQ_4,0.992647600044338
base,31,beta_NQ_5,0.990231900055803
base,31,beta_NQ_6,0.985464900078365
base,31,beta_NQ_7,0.979749100110498
base,31,beta_NQ_8,0.97229120013987
base,31,beta_NQ_9,0.962417200193784
base,31,beta_NQ_10,0.949751900245191
base,31,beta_NQ_11,0.927400800261182
base,31,beta_NQ_12,0.879296200358413
base,31,beta_NQ_13,0.787429700165937
base,31,beta_NQ_14,0.59719125653519
base,31,beta_NQ_15,0.363096030026061
base,31,beta_NQ_16,0.198786506105067
base,31,beta_NQ_17,0.125249499392663
base,31,h_NQ_2,208.6680717
base,31,h_NQ_3,160.2487059956
base,31,h_NQ_4,136.010010339576
base,31,h_NQ_5,102.374054315991
base,31,h_NQ_6,68.7989762631997
base,31,h_NQ_7,49.3805213596646
base,31,h_NQ_8,36.0896177294795
base,31,h_NQ_9,26.6079163877063
base,31,h_NQ_10,19.9012500017997
base,31,h_NQ_11,13.7742564623362
base,31,h_NQ_12,8.28474330990278
base,31,h_NQ_13,4.70432604982283
base,31,h_NQ_14,2.48256186216518
base,31,h_NQ_15,1.57009533817557
base,31,h_NQ_16,1.24810678438044
base,31,h_NQ_17,1.14318311160093
base,31,P_NQ_1,0.6608526043
base,31,P_NQ_2,0.154431274646382
base,31,P_NQ_3,0.16788759696749
base,31,P_NQ_4,0.186616131192665
base,31,P_NQ_5,0.192381719053419
base,31,P_NQ_6,0.185372432361064
base,31,P_NQ_7,0.178037591973283
base,31,P_NQ_8,0.171996657249879
base,31,P_NQ_9,0.178346025635362
base,31,P_NQ_10,0.175948635023545
base,31,P_NQ_11,0.166023348343237
base,31,P_NQ_12,0.15785398799192
base,31,P_NQ_13,0.144537649070729
base,31,P_NQ_14,0.11187127646403
base,31,P_NQ_15,0.06353933998233
base,31,P_NQ_16,0.0231144955700468
base,31,P_NQ_17,0.00591822965160267
base,31,L_NQ,1.68193837691446
base,31,pi_Q,0.3
base,31,pi_NQ,0.7
base,31,y,6.91047667392249
base,31,nbar,5.99992719455681
base,31,Ptot,4.17818429887351
base,31,Pret,1.21258139166814
base,31,H,505.890719307676
base,31,cCheck,4.44089209850063e-16
base,31,shareq,0.3
base,31,A,1.971541027
base,31,A_Q,2
base,31,xpop,0.944075149
base,31,h_Q_1,100
base,31,mig_Q_2,-0.216919758
base,31,med_Q_2,1153.721117
base,31,mig_Q_3,0.002311925
base,31,med_Q_3,-170.3200859
base,31,mig_Q_4,0.002283046
base,31,med_Q_4,-221.5927776
base,31,mig_Q_5,0.001029907
base,31,med_Q_5,-168.2458079
base,31,mig_Q_6,0.00022224
base,31,med_Q_6,-130.8067581
base,31,mig_Q_7,-8.30941e-05
base,31,med_Q_7,-64.71346729
base,31,mig_Q_8,8.89313e-05
base,31,med_Q_8,-37.73895141
base,31,mig_Q_9,0.000284313
base,31,med_Q_9,-23.19447671
base,31,mig_Q_10,0.000312463
base,31,med_Q_10,-14.0241816
base,31,mig_Q_11,0.000570992
base,31,med_Q_11,-11.03613154
base,31,mig_Q_12,0.001198443
base,31,med_Q_12,-7.097682165
base,31,mig_Q_13,0.002770644
base,31,med_Q_13,-4.723000694
base,31,mig_Q_14,0.006038273
base,31,med_Q_14,-3.047714553
base,31,mig_Q_15,0.006514011
base,31,med_Q_15,-1.283607612
base,31,mig_Q_16,0.003054603
base,31,med_Q_16,-0.441398998
base,31,mig_Q_17,0.000866021
base,31,med_Q_17,-0.124173302
base,31,h_NQ_1,100
base,31,mig_NQ_2,-0.503249912
base,31,med_NQ_2,110.6680717
base,31,mig_NQ_3,0.006319637
base,31,med_NQ_3,-26.27229665
base,31,mig_NQ_4,0.006474381
base,31,med_NQ_4,-7.36965316
base,31,mig_NQ_5,0.003918716
base,31,med_NQ_5,-19.48163373
base,31,mig_NQ_6,0.002585735
base,31,med_NQ_6,-22.9647602
base,31,mig_NQ_7,0.002396973
base,31,med_NQ_7,-12.31600727
base,31,mig_NQ_8,0.00335306
base,31,med_NQ_8,-8.197762166
base,31,mig_NQ_9,0.004646681
base,31,med_NQ_9,-5.768870118
base,31,mig_NQ_10,0.005361928
base,31,med_NQ_10,-3.977252284
base,31,mig_NQ_11,0.006662734
base,31,med_NQ_11,-4.103735362
base,31,mig_NQ_12,0.011026677
base,31,med_NQ_12,-4.114057798
base,31,mig_NQ_13,0.018987479
base,31,med_NQ_13,-2.761390692
base,31,mig_NQ_14,0.029818464
base,31,med_NQ_14,-1.803466688
base,31,mig_NQ_15,0.026767132
base,31,med_NQ_15,-0.770905891
base,31,mig_NQ_16,0.011803988
base,31,med_NQ_16,-0.268392189
base,31,mig_NQ_17,0.003244163
base,31,med_NQ_17,-0.071345675
base,32,beta_Q_2,0.999269100004051
base,32,beta_Q_3,0.999037600005409
base,32,beta_Q_4,0.998547900006572
base,32,beta_Q_5,0.99770360000889
base,32,beta_Q_6,0.995988100016699
base,32,beta_Q_7,0.993505400026843
base,32,beta_Q_8,0.989741200050571
base,32,beta_Q_9,0.983982900051167
base,32,beta_Q_10,0.975488100082098
base,32,beta_Q_11,0.959352600108905
base,32,beta_Q_12,0.930694600282621
base,32,beta_Q_13,0.87094089970365
base,32,beta_Q_14,0.720448003460304
base,32,beta_Q_15,0.487967973946839
base,32,beta_Q_16,0.291303050042397
base,32,beta_Q_17,0.190079902031803
base,32,h_Q_2,1368.176221
base,32,h_Q_3,1039.06899466
base,32,h_Q_4,688.657806176
base,32,h_Q_5,435.464204839318
base,32,h_Q_6,249.258456200104
base,32,h_Q_7,153.974070801919
base,32,h_Q_8,97.4772878724105
base,32,h_Q_9,62.4332743593082
base,32,h_Q_10,40.7965110391964
base,32,h_Q_11,24.6018195179626
base,32,h_Q_12,14.4288900889828
base,32,h_Q_13,7.74838810391073
base,32,h_Q_14,3.57715205882133
base,32,h_Q_15,1.95300216085779
base,32,h_Q_16,1.41104029496554
base,32,h_Q_17,1.23468968862108
base,32,P_Q_1,0.2793091446
base,32,P_Q_2,0.0668246582104452
base,32,P_Q_3,0.0684317514264877
base,32,P_Q_4,0.07412651408598
base,32,P_Q_5,0.0808111477247242
base,32,P_Q_6,0.0823117918264391
base,32,P_Q_7,0.0787999932551945
base,32,P_Q_8,0.0755384868436339
base,32,P_Q_9,0.0727043294547856
base,32,P_Q_10,0.0746869129488298
base,32,P_Q_11,0.072595159285578
base,32,P_Q_12,0.0668715004144745
base,32,P_Q_13,0.0606186892829693
base,32,P_Q_14,0.0499259085611089
base,32,P_Q_15,0.0299110906754525
base,32,P_Q_16,0.01102520827054
base,32,P_Q_17,0.0027762241893963
base,32,L_Q,0.892261796649194
base,32,beta_NQ_2,0.995627800032365
base,32,beta_NQ_3,0.994301400037895
base,32,beta_NQ_4,0.993276500039549
base,32,beta_NQ_5,0.991063400050626
base,32,beta_NQ_6,0.98669650007128
base,32,beta_NQ_7,0.981464100096166
base,32,beta_NQ_8,0.974632000133309
base,32,beta_NQ_9,0.965583600165624
base,32,beta_NQ_10,0.953941300216055
base,32,beta_NQ_11,0.933326700278642
base,32,beta_NQ_12,0.889069100360612
base,32,beta_NQ_13,0.802548500099496
base,32,beta_NQ_14,0.612639979588461
base,32,beta_NQ_15,0.374459167163718
base,32,beta_NQ_16,0.206698508885527
base,32,beta_NQ_17,0.13006720557363
base,32,h_NQ_2,228.717808
base,32,h_NQ_3,175.481697256
base,32,h_NQ_4,148.732059198688
base,32,h_NQ_5,111.899380082784
base,32,h_NQ_6,75.1681888196714
base,32,h_NQ_7,53.9493631179357
base,32,h_NQ_8,39.4197414064713
base,32,h_NQ_9,29.0559151938899
base,32,h_NQ_10,21.7114247689522
base,32,h_NQ_11,14.9985076527637
base,32,h_NQ_12,9.01462081008943
base,32,h_NQ_13,5.06453483170472
base,32,h_NQ_14,2.58157119482637
base,32,h_NQ_15,1.59861649092188
base,32,h_NQ_16,1.26055478441206
base,32,h_NQ_17,1.14951408369283
base,32,P_NQ_1,0.6517213374
base,32,P_NQ_2,0.155924203387985
base,32,P_NQ_3,0.159674087169786
base,32,P_NQ_4,0.17296186720699
base,32,P_NQ_5,0.188559346171975
base,32,P_NQ_6,0.192060848543882
base,32,P_NQ_7,0.183866647791046
base,32,P_NQ_8,0.176256467969716
base,32,P_NQ_9,0.169643432313118
base,32,P_NQ_10,0.174269461748363
base,32,P_NQ_11,0.169388707925698
base,32,P_NQ_12,0.15603349836899
base,32,P_NQ_13,0.141443611434475
base,32,P_NQ_14,0.116493926265191
base,32,P_NQ_15,0.0697925173580372
base,32,P_NQ_16,0.0257254813953094
base,32,P_NQ_17,0.00647785499886228
base,32,L_NQ,1.66226011840622
base,32,pi_Q,0.3
base,32,pi_NQ,0.7
base,32,y,7.35865376511896
base,32,nbar,5.98492485580779
base,32,Ptot,4.15756180850546
base,32,Pret,1.22803575312327
base,32,H,533.167609229056
base,32,cCheck,0
base,32,shareq,0.3
base,32,A,2.103087189
base,32,A_Q,2
base,32,xpop,0.931030482
base,32,h_Q_1,100
base,32,mig_Q_2,-0.21617162
base,32,med_Q_2,1270.176221
base,32,mig_Q_3,0.00231648
base,32,med_Q_3,-187.6177
base,32,mig_Q_4,0.002288537
base,32,med_Q_4,-243.7874843
base,32,mig_Q_5,0.001032784
base,32,med_Q_5,-183.887372
base,32,mig_Q_6,0.000222507
base,32,med_Q_6,-142.6788339
base,32,mig_Q_7,-8.34996e-05
base,32,med_Q_7,-70.45683658
base,32,mig_Q_8,8.9456e-05
base,32,med_Q_8,-41.09737284
base,32,mig_Q_9,0.000278856
base,32,med_Q_9,-25.24992081
base,32,mig_Q_10,0.000295562
base,32,med_Q_10,-15.31635594
base,32,mig_Q_11,0.000527062
base,32,med_Q_11,-12.06865137
base,32,mig_Q_12,0.00110103
base,32,med_Q_12,-7.706597151
base,32,mig_Q_13,0.002434506
base,32,med_Q_13,-5.206777731
base,32,mig_Q_14,0.006137134
base,32,med_Q_14,-3.425594062
base,32,mig_Q_15,0.007111245
base,32,med_Q_15,-1.390577981
base,32,mig_Q_16,0.003376376
base,32,med_Q_16,-0.457559427
base,32,mig_Q_17,0.000965103
base,32,med_Q_17,-0.128097267
base,32,h_NQ_1,100
base,32,mig_NQ_2,-0.501761397
base,32,med_NQ_2,130.717808
base,32,mig_NQ_3,0.00620651
base,32,med_NQ_3,-29.01301301
base,32,mig_NQ_4,0.006308647
base,32,med_NQ_4,-8.311672677
base,32,mig_NQ_5,0.0037661
base,32,med_NQ_5,-21.39043005
base,32,mig_NQ_6,0.002475417
base,32,med_NQ_6,-25.15838441
base,32,mig_NQ_7,0.002248174
base,32,med_NQ_7,-13.47363362
base,32,mig_NQ_8,0.003152084
base,32,med_NQ_8,-8.973169526
base,32,mig_NQ_9,0.004110891
base,32,med_NQ_9,-6.311910181
base,32,mig_NQ_10,0.004884985
base,32,med_NQ_10,-4.364333291
base,32,mig_NQ_11,0.006213803
base,32,med_NQ_11,-4.504717349
base,32,mig_NQ_12,0.010049799
base,32,med_NQ_12,-4.484150523
base,32,mig_NQ_13,0.017144693
base,32,med_NQ_13,-3.054513612
base,32,mig_NQ_14,0.030177306
base,32,med_NQ_14,-2.028668334
base,32,mig_NQ_15,0.029172501
base,32,med_NQ_15,-0.834294134
base,32,mig_NQ_16,0.013094718
base,32,med_NQ_16,-0.278138647
base,32,mig_NQ_17,0.003582776
base,32,med_NQ_17,-0.073630565
base,33,beta_Q_2,0.999331100003848
base,33,beta_Q_3,0.99911830000427
base,33,beta_Q_4,0.998666800006164
base,33,beta_Q_5,0.997890200009164
base,33,beta_Q_6,0.996312500012747
base,33,beta_Q_7,0.994033200025952
base,33,beta_Q_8,0.990580000040723
base,33,beta_Q_9,0.985305400080463
base,33,beta_Q_10,0.977510000054601
base,33,beta_Q_11,0.962670300082601
base,33,beta_Q_12,0.936498500182189
base,33,beta_Q_13,0.88100390014641
base,33,beta_Q_14,0.733422297417913
base,33,beta_Q_15,0.500254993343758
base,33,beta_Q_16,0.303879367492908
base,33,beta_Q_17,0.199849538965479
base,33,h_Q_2,1494.991778
base,33,h_Q_3,1134.17262098
base,33,h_Q_4,750.0750079668
base,33,h_Q_5,473.97857645248
base,33,h_Q_6,271.186440642532
base,33,h_Q_7,167.594020346102
base,33,h_Q_8,106.157112565881
base,33,h_Q_9,68.0522097349623
base,33,h_Q_10,44.464206232122
base,33,h_Q_11,26.7883213184125
base,33,h_Q_12,15.7476594726033
base,33,h_Q_13,8.40363674620311
base,33,h_Q_14,3.75125147483252
base,33,h_Q_15,2.00101976264491
base,33,h_Q_16,1.43653247264063
base,33,h_Q_17,1.24976492106623
base,33,P_Q_1,0.2728829697
base,33,P_Q_2,0.0680530875473432
base,33,P_Q_3,0.0690791191597449
base,33,P_Q_4,0.070625268680691
base,33,P_Q_5,0.074993456959692
base,33,P_Q_6,0.0807093744825169
base,33,P_Q_7,0.0816939958654526
base,33,P_Q_8,0.0780791852883731
base,33,P_Q_9,0.0746060143498758
base,33,P_Q_10,0.0711997692075917
base,33,P_Q_11,0.0721264721315673
base,33,P_Q_12,0.0685634817537442
base,33,P_Q_13,0.0605398167355155
base,33,P_Q_14,0.0495108806662957
base,33,P_Q_15,0.0318012424480195
base,33,P_Q_16,0.012408367943854
base,33,P_Q_17,0.00319390850794446
base,33,L_Q,0.886011074216984
base,33,beta_NQ_2,0.996010100027693
base,33,beta_NQ_3,0.994794500034543
base,33,beta_NQ_4,0.993849800034964
base,33,beta_NQ_5,0.991821900044768
base,33,beta_NQ_6,0.987820900065339
base,33,beta_NQ_7,0.983030700088044
base,33,beta_NQ_8,0.976772100115308
base,33,beta_NQ_9,0.968481400160999
base,33,beta_NQ_10,0.957781700181515
base,33,beta_NQ_11,0.938775200242247
base,33,beta_NQ_12,0.898099100429958
base,33,beta_NQ_13,0.816738200140866
base,33,beta_NQ_14,0.627654083587172
base,33,beta_NQ_15,0.385817471492571
base,33,beta_NQ_16,0.216589118704366
base,33,beta_NQ_17,0.136997204856169
base,33,h_NQ_2,250.6328479
base,33,h_NQ_3,192.10450488
base,33,h_NQ_4,162.59633832788
base,33,h_NQ_5,122.277790684714
base,33,h_NQ_6,82.1078733311287
base,33,h_NQ_7,58.929949963278
base,33,h_NQ_8,43.051674915577
base,33,h_NQ_9,31.7272975323419
base,33,h_NQ_10,23.6864108600121
base,33,h_NQ_11,16.3332505785731
base,33,h_NQ_12,9.8134560187084
base,33,h_NQ_13,5.45667454688764
base,33,h_NQ_14,2.68566758207063
base,33,h_NQ_15,1.62818028292984
base,33,h_NQ_16,1.27646934510344
base,33,h_NQ_17,1.15874479372381
base,33,P_NQ_1,0.6367269293
base,33,P_NQ_2,0.158790539389713
base,33,P_NQ_3,0.161184611728467
base,33,P_NQ_4,0.164792293451015
base,33,P_NQ_5,0.174984735193265
base,33,P_NQ_6,0.188321875923617
base,33,P_NQ_7,0.190619324879827
base,33,P_NQ_8,0.182184762694394
base,33,P_NQ_9,0.174080699894675
base,33,P_NQ_10,0.166132794393891
base,33,P_NQ_11,0.168295099692934
base,33,P_NQ_12,0.159981460166747
base,33,P_NQ_13,0.14125957108131
base,33,P_NQ_14,0.115525530222135
base,33,P_NQ_15,0.074202938608895
base,33,P_NQ_16,0.0289528442692735
base,33,P_NQ_17,0.00745245247712429
base,33,L_NQ,1.64887152505308
base,33,pi_Q,0.3
base,33,pi_NQ,0.7
base,33,y,7.86588921763762
base,33,nbar,6.00262973703011
base,33,Ptot,4.1335548747955
base,33,Pret,1.23114663030684
base,33,H,567.527611829157
base,33,cCheck,0
base,33,shareq,0.3
base,33,A,2.243410441
base,33,A_Q,2
base,33,xpop,0.909609899
base,33,h_Q_1,100
base,33,mig_Q_2,-0.21105191
base,33,med_Q_2,1396.991778
base,33,mig_Q_3,0.002318773
base,33,med_Q_3,-206.6400756
base,33,mig_Q_4,0.002292887
base,33,med_Q_4,-268.2126068
base,33,mig_Q_5,0.001037167
base,33,med_Q_5,-200.9060736
base,33,mig_Q_6,0.000222433
base,33,med_Q_6,-155.5684801
base,33,mig_Q_7,-8.32138e-05
base,33,med_Q_7,-76.67926673
base,33,mig_Q_8,8.75854e-05
base,33,med_Q_8,-44.73747682
base,33,mig_Q_9,0.000277435
base,33,med_Q_9,-27.47553238
base,33,mig_Q_10,0.000277561
base,33,med_Q_10,-16.72040264
base,33,mig_Q_11,0.000475388
base,33,med_Q_11,-13.1922595
base,33,mig_Q_12,0.000999559
base,33,med_Q_12,-8.362123655
base,33,mig_Q_13,0.002298692
base,33,med_Q_13,-5.736675541
base,33,mig_Q_14,0.005838267
base,33,med_Q_14,-3.842168867
base,33,mig_Q_15,0.007438998
base,33,med_Q_15,-1.504589255
base,33,mig_Q_16,0.003695176
base,33,med_Q_16,-0.477409645
base,33,mig_Q_17,0.001098238
base,33,med_Q_17,-0.133054568
base,33,h_NQ_1,100
base,33,mig_NQ_2,-0.490081342
base,33,med_NQ_2,152.6328479
base,33,mig_NQ_3,0.006148958
base,33,med_NQ_3,-32.03894696
base,33,mig_NQ_4,0.006191775
base,33,med_NQ_4,-9.375724983
base,33,mig_NQ_5,0.003568559
base,33,med_NQ_5,-23.47962733
base,33,mig_NQ_6,0.002271029
base,33,med_NQ_6,-27.55351915
base,33,mig_NQ_7,0.002118497
base,33,med_NQ_7,-14.73487508
base,33,mig_NQ_8,0.002982444
base,33,med_NQ_8,-9.81870094
base,33,mig_NQ_9,0.003890345
base,33,med_NQ_9,-6.904049046
base,33,mig_NQ_10,0.004302918
base,33,med_NQ_10,-4.78838603
base,33,mig_NQ_11,0.005644758
base,33,med_NQ_11,-4.943945695
base,33,mig_NQ_12,0.009383194
base,33,med_NQ_12,-4.885081481
base,33,mig_NQ_13,0.016035121
base,33,med_NQ_13,-3.377653847
base,33,mig_NQ_14,0.028871519
base,33,med_NQ_14,-2.277576553
base,33,mig_NQ_15,0.03058072
base,33,med_NQ_15,-0.901759488
base,33,mig_NQ_16,0.014526835
base,33,med_NQ_16,-0.290174816
base,33,mig_NQ_17,0.004106411
base,33,med_NQ_17,-0.076598895
base,34,beta_Q_2,0.999387600003082
base,34,beta_Q_3,0.999192000004174
base,34,beta_Q_4,0.998775500004561
base,34,beta_Q_5,0.998060900008674
base,34,beta_Q_6,0.996609400015466
base,34,beta_Q_7,0.994516100018804
base,34,beta_Q_8,0.991347000040712
base,34,beta_Q_9,0.986513900063244
base,34,beta_Q_10,0.979358000120197
base,34,beta_Q_11,0.96570680003116
base,34,beta_Q_12,0.941810400130737
base,34,beta_Q_13,0.890301199915984
base,34,beta_Q_14,0.745840599275976
base,34,beta_Q_15,0.512354776424236
base,34,beta_Q_16,0.316518299435644
base,34,beta_Q_17,0.211702231823928
base,34,h_Q_2,1632.91966
base,34,h_Q_3,1237.62376284
base,34,h_Q_4,816.6598610604
base,34,h_Q_5,515.703161707464
base,34,h_Q_6,294.93305052343
base,34,h_Q_7,182.351975749681
base,34,h_Q_8,115.56685552918
base,34,h_Q_9,74.1504215845631
base,34,h_Q_10,48.4449182102631
base,34,h_Q_11,29.1602999174796
base,34,h_Q_12,17.1852014350442
base,34,h_Q_13,9.11586996915126
base,34,h_Q_14,3.93453870727905
base,34,h_Q_15,2.05067039033587
base,34,h_Q_16,1.46309679139201
base,34,h_Q_17,1.26855610818782
base,34,P_Q_1,0.2665561473
base,34,P_Q_2,0.0688999292826177
base,34,P_Q_3,0.0703138001403434
base,34,P_Q_4,0.071282195878507
base,34,P_Q_5,0.0715170524894757
base,34,P_Q_6,0.0749405245881091
base,34,P_Q_7,0.0801450424889491
base,34,P_Q_8,0.0810113898277268
base,34,P_Q_9,0.0772048378985171
base,34,P_Q_10,0.0731990330912207
base,34,P_Q_11,0.0689577981888842
base,34,P_Q_12,0.0684328579746452
base,34,P_Q_13,0.0625715878326659
base,34,P_Q_14,0.0503068294754212
base,34,P_Q_15,0.0320200662781614
base,34,P_Q_16,0.0135383444405928
base,34,P_Q_17,0.00375145061289325
base,34,L_Q,0.878629177833159
base,34,beta_NQ_2,0.996358100025542
base,34,beta_NQ_3,0.995243800029205
base,34,beta_NQ_4,0.994372700032295
base,34,beta_NQ_5,0.992514000039826
base,34,beta_NQ_6,0.988847600057919
base,34,beta_NQ_7,0.984461900081442
base,34,beta_NQ_8,0.978728200106791
base,34,beta_NQ_9,0.971132900138259
base,34,beta_NQ_10,0.961300700181115
base,34,beta_NQ_11,0.943781400192425
base,34,beta_NQ_12,0.906432000373016
base,34,beta_NQ_13,0.83003340034535
base,34,beta_NQ_14,0.642230985309805
base,34,beta_NQ_15,0.397119873183648
base,34,beta_NQ_16,0.226629921509611
base,34,beta_NQ_17,0.145706808057655
base,34,h_NQ_2,274.581949
base,34,h_NQ_3,210.251881712
base,34,h_NQ_4,177.7051161624
base,34,h_NQ_5,133.582687681322
base,34,h_NQ_6,89.6667981810199
base,34,h_NQ_7,64.3579330845062
base,34,h_NQ_8,47.0105961840124
base,34,h_NQ_9,34.6415123002654
base,34,h_NQ_10,25.8402606766951
base,34,h_NQ_11,17.7877072618119
base,34,h_NQ_12,10.6874145010016
base,34,h_NQ_13,5.88350888133423
base,34,h_NQ_14,2.79509181594989
base,34,h_NQ_15,1.65870432942921
base,34,h_NQ_16,1.29304197227125
base,34,h_NQ_17,1.17055830320137
base,34,P_NQ_1,0.6219643437
base,34,P_NQ_2,0.160766499542419
base,34,P_NQ_3,0.164065536242405
base,34,P_NQ_4,0.16632512613505
base,34,P_NQ_5,0.166873123603321
base,34,P_NQ_6,0.174861227616306
base,34,P_NQ_7,0.187005100531087
base,34,P_NQ_8,0.189026578285431
base,34,P_NQ_9,0.180144620062266
base,34,P_NQ_10,0.17079774271391
base,34,P_NQ_11,0.160901527323929
base,34,P_NQ_12,0.159676666640994
base,34,P_NQ_13,0.146000372832496
base,34,P_NQ_14,0.117382738634957
base,34,P_NQ_15,0.0747135279631427
base,34,P_NQ_16,0.0315894730785747
base,34,P_NQ_17,0.00875338073752642
base,34,L_NQ,1.63341441558191
base,34,pi_Q,0.3
base,34,pi_NQ,0.7
base,34,y,8.41193777486132
base,34,nbar,6.0243246125736
base,34,Ptot,4.11549647343254
base,34,Pret,1.24259339782001
base,34,H,608.609148681408
base,34,cCheck,-4.44089209850063e-16
base,34,shareq,0.3
base,34,A,2.393096413
base,34,A_Q,2
base,34,xpop,0.888520491
base,34,h_Q_1,100
base,34,mig_Q_2,-0.203800509
base,34,med_Q_2,1534.91966
base,34,mig_Q_3,0.002320715
base,34,med_Q_3,-227.4681796
base,34,mig_Q_4,0.002295173
base,34,med_Q_4,-294.8293075
base,34,mig_Q_5,0.001040789
base,34,med_Q_5,-219.3703461
base,34,mig_Q_6,0.000223606
base,34,med_Q_6,-169.5659544
base,34,mig_Q_7,-8.27553e-05
base,34,med_Q_7,-83.41073608
base,34,mig_Q_8,8.69514e-05
base,34,med_Q_8,-48.67528441
base,34,mig_Q_9,0.000272995
base,34,med_Q_9,-29.88354873
base,34,mig_Q_10,0.000270908
base,34,med_Q_10,-18.24624733
base,34,mig_Q_11,0.000415895
base,34,med_Q_11,-14.41462219
base,34,mig_Q_12,0.000886525
base,34,med_Q_12,-9.067353457
base,34,mig_Q_13,0.002166893
base,34,med_Q_13,-6.316836314
base,34,mig_Q_14,0.005905578
base,34,med_Q_14,-4.301025304
base,34,mig_Q_15,0.007252001
base,34,med_Q_15,-1.625556055
base,34,mig_Q_16,0.003874603
base,34,med_Q_16,-0.497902576
base,34,mig_Q_17,0.001271644
base,34,med_Q_17,-0.139245715
base,34,h_NQ_1,100
base,34,mig_NQ_2,-0.473419953
base,34,med_NQ_2,176.581949
base,34,mig_NQ_3,0.006101581
base,34,med_NQ_3,-35.36830923
base,34,mig_NQ_4,0.006131832
base,34,med_NQ_4,-10.55729862
base,34,mig_NQ_5,0.003428518
base,34,med_NQ_5,-25.76172388
base,34,mig_NQ_6,0.002007649
base,34,med_NQ_6,-30.16543669
base,34,mig_NQ_7,0.001878915
base,34,med_NQ_7,-16.10778278
base,34,mig_NQ_8,0.00283494
base,34,med_NQ_8,-10.74075478
base,34,mig_NQ_9,0.003702066
base,34,med_NQ_9,-7.549129117
base,34,mig_NQ_10,0.004066434
base,34,med_NQ_10,-5.252490905
base,34,mig_NQ_11,0.00494018
base,34,med_NQ_11,-5.424975381
base,34,mig_NQ_12,0.008530989
base,34,med_NQ_12,-5.319171066
base,34,mig_NQ_13,0.015337403
base,34,med_NQ_13,-3.733678017
base,34,mig_NQ_14,0.028720592
base,34,med_NQ_14,-2.55244924
base,34,mig_NQ_15,0.03014176
base,34,med_NQ_15,-0.973249901
base,34,mig_NQ_16,0.015517924
base,34,med_NQ_16,-0.302574705
base,34,mig_NQ_17,0.004786922
base,34,med_NQ_17,-0.080381655
base,35,beta_Q_2,0.99943910000293
base,35,beta_Q_3,0.99925920000321
base,35,beta_Q_4,0.998875000004838
base,35,beta_Q_5,0.998217000005663
base,35,beta_Q_6,0.996881100014151
base,35,beta_Q_7,0.994957800025594
base,35,beta_Q_8,0.992048400026808
base,35,beta_Q_9,0.987618300065522
base,35,beta_Q_10,0.981047400091141
base,35,beta_Q_11,0.968486200199883
base,35,beta_Q_12,0.946671900020683
base,35,beta_Q_13,0.898886899824713
base,35,beta_Q_14,0.757719698206412
base,35,beta_Q_15,0.524262384130702
base,35,beta_Q_16,0.329157368970759
base,35,beta_Q_17,0.22375696978696
base,35,h_Q_2,1782.848993
base,35,h_Q_3,1349.8920083
base,35,h_Q_4,888.8888893832
base,35,h_Q_5,560.852495639192
base,35,h_Q_6,320.625862073315
base,35,h_Q_7,198.326127802962
base,35,h_Q_8,125.760853124688
base,35,h_Q_9,80.7643539485964
base,35,h_Q_10,52.7632093128719
base,35,h_Q_11,31.7321301360578
base,35,h_Q_12,18.75183994213
base,35,h_Q_13,9.88991530834334
base,35,h_Q_14,4.12745069476824
base,35,h_Q_15,2.10199819013347
base,35,h_Q_16,1.49066238152915
base,35,h_Q_17,1.28825625856417
base,35,P_Q_1,0.2625270279
base,35,P_Q_2,0.0686167203162151
base,35,P_Q_3,0.0711668861400449
base,35,P_Q_4,0.0725246548923922
base,35,P_Q_5,0.0721866565730973
base,35,P_Q_6,0.071500047772411
base,35,P_Q_7,0.0744493036467295
base,35,P_Q_8,0.0795372315395551
base,35,P_Q_9,0.0801893791284946
base,35,P_Q_10,0.0758730366438957
base,35,P_Q_11,0.0710834880118977
base,35,P_Q_12,0.0657041245044077
base,35,P_Q_13,0.0629227495685068
base,35,P_Q_14,0.0526468205667649
base,35,P_Q_15,0.0333607233684916
base,35,P_Q_16,0.0138983629261803
base,35,P_Q_17,0.00431255073327455
base,35,L_Q,0.869643440049441
base,35,beta_NQ_2,0.996674600022679
base,35,beta_NQ_3,0.995652800027067
base,35,beta_NQ_4,0.994849500026568
base,35,beta_NQ_5,0.993145400037061
base,35,beta_NQ_6,0.98978510005142
base,35,beta_NQ_7,0.985769000073407
base,35,beta_NQ_8,0.980516300099409
base,35,beta_NQ_9,0.973558100129307
base,35,beta_NQ_10,0.964524000153219
base,35,beta_NQ_11,0.94837860020566
base,35,beta_NQ_12,0.914113700281407
base,35,beta_NQ_13,0.842470900251059
base,35,beta_NQ_14,0.656369384900565
base,35,beta_NQ_15,0.408358575984497
base,35,beta_NQ_16,0.236769321574473
base,35,beta_NQ_17,0.154645610028818
base,35,h_NQ_2,300.7157034
base,35,h_NQ_3,230.03312479
base,35,h_NQ_4,194.15590714776
base,35,h_NQ_5,145.887433289152
base,35,h_NQ_6,97.8962104376959
base,35,h_NQ_7,70.2691307773995
base,35,h_NQ_8,51.324953682816
base,35,h_NQ_9,37.8187649103322
base,35,h_NQ_10,28.1880707992601
base,35,h_NQ_11,19.3718109161612
base,35,h_NQ_12,11.6433004935756
base,35,h_NQ_13,6.34803347498161
base,35,h_NQ_14,2.91009325470755
base,35,h_NQ_15,1.69021273563089
base,35,h_NQ_16,1.31021982884063
base,35,h_NQ_17,1.18293581882582
base,35,P_NQ_1,0.6125630651
base,35,P_NQ_2,0.160105680772565
base,35,P_NQ_3,0.16605606792199
base,35,P_NQ_4,0.169224198255606
base,35,P_NQ_5,0.168435535247427
base,35,P_NQ_6,0.166833444789312
base,35,P_NQ_7,0.173715046389722
base,35,P_NQ_8,0.18558687345358
base,35,P_NQ_9,0.187108552173542
base,35,P_NQ_10,0.177037084399717
base,35,P_NQ_11,0.165861471768239
base,35,P_NQ_12,0.153309622275302
base,35,P_NQ_13,0.146819748567835
base,35,P_NQ_14,0.122842727299813
base,35,P_NQ_15,0.0778417302806632
base,35,P_NQ_16,0.0324295159779932
base,35,P_NQ_17,0.0100626172905023
base,35,L_NQ,1.61604842148214
base,35,pi_Q,0.3
base,35,pi_NQ,0.7
base,35,y,8.99519562544978
base,35,nbar,6.04542841279498
base,35,Ptot,4.10833274619617
base,35,Pret,1.26600637418349
base,35,H,653.94523096878
base,35,cCheck,4.44089209850063e-16
base,35,shareq,0.3
base,35,A,2.552769808
base,35,A_Q,2
base,35,xpop,0.875090093
base,35,h_Q_1,100
base,35,mig_Q_2,-0.197776188
base,35,med_Q_2,1684.848993
base,35,mig_Q_3,0.002322628
base,35,med_Q_3,-250.3692585
base,35,mig_Q_4,0.002296954
base,35,med_Q_4,-323.9823982
base,35,mig_Q_5,0.001042684
base,35,med_Q_5,-239.4741682
base,35,mig_Q_6,0.000225481
base,35,med_Q_6,-184.7632364
base,35,mig_Q_7,-8.02546e-05
base,35,med_Q_7,-90.70826171
base,35,mig_Q_8,8.56841e-05
base,35,med_Q_8,-52.94408311
base,35,mig_Q_9,0.000270517
base,35,med_Q_9,-32.49116447
base,35,mig_Q_10,0.000261861
base,35,med_Q_10,-19.90420384
base,35,mig_Q_11,0.000394684
base,35,med_Q_11,-15.74388971
base,35,mig_Q_12,0.000758953
base,35,med_Q_12,-9.825253977
base,35,mig_Q_13,0.001996894
base,35,med_Q_13,-6.951582098
base,35,mig_Q_14,0.00597839
base,35,med_Q_14,-4.806101875
base,35,mig_Q_15,0.007585779
base,35,med_Q_15,-1.753849743
base,35,mig_Q_16,0.003763426
base,35,med_Q_16,-0.518994601
base,35,mig_Q_17,0.001446453
base,35,med_Q_17,-0.145578597
base,35,h_NQ_1,100
base,35,mig_NQ_2,-0.459593531
base,35,med_NQ_2,202.7157034
base,35,mig_NQ_3,0.006054206
base,35,med_NQ_3,-39.05718523
base,35,mig_NQ_4,0.006081908
base,35,med_NQ_4,-11.89093693
base,35,mig_NQ_5,0.003355519
base,35,med_NQ_5,-28.26358055
base,35,mig_NQ_6,0.001821357
base,35,med_NQ_6,-33.01482349
base,35,mig_NQ_7,0.00157083
base,35,med_NQ_7,-17.60433144
base,35,mig_NQ_8,0.002559708
base,35,med_NQ_8,-11.74582074
base,35,mig_NQ_9,0.003538623
base,35,med_NQ_9,-8.25161935
base,35,mig_NQ_10,0.003863935
base,35,med_NQ_10,-5.760611255
base,35,mig_NQ_11,0.004665739
base,35,med_NQ_11,-5.951644547
base,35,mig_NQ_12,0.007463329
base,35,med_NQ_12,-5.788652623
base,35,mig_NQ_13,0.014282782
base,35,med_NQ_13,-4.125632736
base,35,mig_NQ_14,0.029076764
base,35,med_NQ_14,-2.855745449
base,35,mig_NQ_15,0.031226712
base,35,med_NQ_15,-1.048977244
base,35,mig_NQ_16,0.015497195
base,35,med_NQ_16,-0.315310414
base,35,mig_NQ_17,0.005459816
base,35,med_NQ_17,-0.084245314
base,36,beta_Q_2,0.999486100002423
base,36,beta_Q_3,0.999320600003142
base,36,beta_Q_4,0.998965900003381
base,36,beta_Q_5,0.998359900006839
base,36,beta_Q_6,0.997129900007867
base,36,beta_Q_7,0.995362200023692
base,36,beta_Q_8,0.992690100042264
base,36,beta_Q_9,0.988628000039784
base,36,beta_Q_10,0.982592400098441
base,36,beta_Q_11,0.971031100136121
base,36,beta_Q_12,0.951120700425128
base,36,beta_Q_13,0.906811999552915
base,36,beta_Q_14,0.769077097730359
base,36,beta_Q_15,0.535973181667229
base,36,beta_Q_16,0.341780584233152
base,36,beta_Q_17,0.235953329672189
base,36,h_Q_2,1945.903872
base,36,h_Q_3,1471.88695934
base,36,h_Q_4,967.024465434
base,36,h_Q_5,609.718920095536
base,36,h_Q_6,348.419915526408
base,36,h_Q_7,215.619475131848
base,36,h_Q_8,136.800777336902
base,36,h_Q_9,87.9352796021941
base,36,h_Q_10,57.4461730396245
base,36,h_Q_11,34.5197781466144
base,36,h_Q_12,20.4585582033367
base,36,h_Q_13,10.7309953262874
base,36,h_Q_14,4.33044964417647
base,36,h_Q_15,2.15504698187287
base,36,h_Q_16,1.5192500263308
base,36,h_Q_17,1.30882048689857
base,36,P_Q_1,0.2611496442
base,36,P_Q_2,0.0667486674908202
base,36,P_Q_3,0.0708905500500251
base,36,P_Q_4,0.0733855463934816
base,36,P_Q_5,0.0734394104331298
base,36,P_Q_6,0.0721877926109329
base,36,P_Q_7,0.0710624787333629
base,36,P_Q_8,0.073943785665848
base,36,P_Q_9,0.0788189434050132
base,36,P_Q_10,0.0789253739089324
base,36,P_Q_11,0.073853758956873
base,36,P_Q_12,0.0680017496563207
base,36,P_Q_13,0.060835200781464
base,36,P_Q_14,0.0535830688133666
base,36,P_Q_15,0.0354778056672334
base,36,P_Q_16,0.014956384930934
base,36,P_Q_17,0.00467479957336152
base,36,L_Q,0.85714663367392
base,36,beta_NQ_2,0.996962800020183
base,36,beta_NQ_3,0.996025900024401
base,36,beta_NQ_4,0.99528450002507
base,36,beta_NQ_5,0.99372170002992
base,36,beta_NQ_6,0.990640900048467
base,36,beta_NQ_7,0.986963100063995
base,36,beta_NQ_8,0.982150400089985
base,36,beta_NQ_9,0.975776100121519
base,36,beta_NQ_10,0.967475600144764
base,36,beta_NQ_11,0.952598600166567
base,36,beta_NQ_12,0.921187900336114
base,36,beta_NQ_13,0.854089100044522
base,36,beta_NQ_14,0.670069880789206
base,36,beta_NQ_15,0.419525880663102
base,36,beta_NQ_16,0.246996423724605
base,36,beta_NQ_17,0.16376980933831
base,36,h_NQ_2,329.2506256
base,36,h_NQ_3,251.629299742
base,36,h_NQ_4,212.0665889242
base,36,h_NQ_5,159.278785614805
base,36,h_NQ_6,106.847880703369
base,36,h_NQ_7,76.705351728942
base,36,h_NQ_8,56.0236644018515
base,36,h_NQ_9,41.2815442631597
base,36,h_NQ_10,30.7461475031255
base,36,h_NQ_11,21.0964233032749
base,36,h_NQ_12,12.6884069838379
base,36,h_NQ_13,6.85349757070412
base,36,h_NQ_14,3.03093585348198
base,36,h_NQ_15,1.7227294546134
base,36,h_NQ_16,1.32801489591828
base,36,h_NQ_17,1.19584295926382
base,36,P_NQ_1,0.6093491698
base,36,P_NQ_2,0.155746889897208
base,36,P_NQ_3,0.165411282361445
base,36,P_NQ_4,0.17123294114857
base,36,P_NQ_5,0.171358627072515
base,36,P_NQ_6,0.168438185107089
base,36,P_NQ_7,0.165812450048762
base,36,P_NQ_8,0.172535503557647
base,36,P_NQ_9,0.183910868928406
base,36,P_NQ_10,0.184159208205302
base,36,P_NQ_11,0.172325434287495
base,36,P_NQ_12,0.158670750692186
base,36,P_NQ_13,0.141948799495424
base,36,P_NQ_14,0.125027304058726
base,36,P_NQ_15,0.0827815931902036
base,36,P_NQ_16,0.0348982366687357
base,36,P_NQ_17,0.0109078622813561
base,36,L_NQ,1.59367479596328
base,36,pi_Q,0.3
base,36,pi_NQ,0.7
base,36,y,9.59643059924136
base,36,nbar,6.04637615062536
base,36,Ptot,4.10645006807217
base,36,Pret,1.30102733116791
base,36,H,699.025744112581
base,36,cCheck,0
base,36,shareq,0.3
base,36,A,2.723097013
base,36,A_Q,2
base,36,xpop,0.870498814
base,36,h_Q_1,100
base,36,mig_Q_2,-0.195631109
base,36,med_Q_2,1847.903872
base,36,mig_Q_3,0.002324661
base,36,med_Q_3,-275.3050538
base,36,mig_Q_4,0.002298723
base,36,med_Q_4,-355.8697027
base,36,mig_Q_5,0.001044067
base,36,med_Q_5,-261.3921915
base,36,mig_Q_6,0.000226279
base,36,med_Q_6,-201.2155302
base,36,mig_Q_7,-7.70515e-05
base,36,med_Q_7,-98.5938697
base,36,mig_Q_8,8.64731e-05
base,36,med_Q_8,-57.55882791
base,36,mig_Q_9,0.000266518
base,36,med_Q_9,-35.31035646
base,36,mig_Q_10,0.000255792
base,36,med_Q_10,-21.70289383
base,36,mig_Q_11,0.00037177
base,36,med_Q_11,-17.18816698
base,36,mig_Q_12,0.000709009
base,36,med_Q_12,-10.63892933
base,36,mig_Q_13,0.001774624
base,36,med_Q_13,-7.645807817
base,36,mig_Q_14,0.005905262
base,36,med_Q_14,-5.361667358
base,36,mig_Q_15,0.007877058
base,36,med_Q_15,-1.889854699
base,36,mig_Q_16,0.003975457
base,36,med_Q_16,-0.5407082
base,36,mig_Q_17,0.001564944
base,36,med_Q_17,-0.152028647
base,36,h_NQ_1,100
base,36,mig_NQ_2,-0.454779158
base,36,med_NQ_2,231.2506256
base,36,mig_NQ_3,0.006001613
base,36,med_NQ_3,-43.07208959
base,36,mig_NQ_4,0.006032145
base,36,med_NQ_4,-13.36587337
base,36,mig_NQ_5,0.003294393
base,36,med_NQ_5,-30.99400339
base,36,mig_NQ_6,0.001723202
base,36,med_NQ_6,-36.12180392
base,36,mig_NQ_7,0.001353212
base,36,med_NQ_7,-19.2329345
base,36,mig_NQ_8,0.002205069
base,36,med_NQ_8,-12.84008376
base,36,mig_NQ_9,0.003231265
base,36,med_NQ_9,-9.016910346
base,36,mig_NQ_10,0.003688519
base,36,med_NQ_10,-6.316242109
base,36,mig_NQ_11,0.004427252
base,36,med_NQ_11,-6.52788608
base,36,mig_NQ_12,0.007054507
base,36,med_NQ_12,-6.295967714
base,36,mig_NQ_13,0.012789904
base,36,med_NQ_13,-4.556936913
base,36,mig_NQ_14,0.028659316
base,36,med_NQ_14,-3.190136952
base,36,mig_NQ_15,0.032617712
base,36,med_NQ_15,-1.129161935
base,36,mig_NQ_16,0.016467703
base,36,med_NQ_16,-0.328393585
base,36,mig_NQ_17,0.00589278
base,36,med_NQ_17,-0.088172473
base,37,beta_Q_2,0.999529100000098
base,37,beta_Q_3,0.999376700002542
base,37,beta_Q_4,0.999049100003513
base,37,beta_Q_5,0.998490700004191
base,37,beta_Q_6,0.997357800011887
base,37,beta_Q_7,0.995732500010877
base,37,beta_Q_8,0.993277400039784
base,37,beta_Q_9,0.989551500072173
base,37,beta_Q_10,0.984005600052047
base,37,beta_Q_11,0.973361400165297
base,37,beta_Q_12,0.9551919002818
base,37,beta_Q_13,0.91412480082817
base,37,beta_Q_14,0.779930496193008
base,37,beta_Q_15,0.547483280799446
base,37,beta_Q_16,0.354373080785361
base,37,beta_Q_17,0.248270248045955
base,37,h_Q_2,2123.59312
base,37,h_Q_3,1604.36386936
base,37,h_Q_4,1051.6352931532
base,37,h_Q_5,662.55880182532
base,37,h_Q_6,378.472485593625
base,37,h_Q_7,234.32923241588
base,37,h_Q_8,148.751971339211
base,37,h_Q_9,95.7075181301644
base,37,h_Q_10,62.5218826301502
base,37,h_Q_11,37.539510438832
base,37,h_Q_12,22.3173935436821
base,37,h_Q_13,11.6448055652699
base,37,h_Q_14,4.54401896976164
base,37,h_Q_15,2.20986217529294
base,37,h_Q_16,1.54888190923541
base,37,h_Q_17,1.33026519880418
base,37,P_Q_1,0.2607247251
base,37,P_Q_2,0.0641955953984785
base,37,P_Q_3,0.0690302944463367
base,37,P_Q_4,0.0731178831324581
base,37,P_Q_5,0.0743106957593436
base,37,P_Q_6,0.0734553669818235
base,37,P_Q_7,0.0717773745680722
base,37,P_Q_8,0.0706319297230733
base,37,P_Q_9,0.0733678509381978
base,37,P_Q_10,0.0776918697735551
base,37,P_Q_11,0.0769930656554453
base,37,P_Q_12,0.0709007379480897
base,37,P_Q_13,0.0633811785789449
base,37,P_Q_14,0.052400454656852
base,37,P_Q_15,0.0366987868753942
base,37,P_Q_16,0.0162473891482573
base,37,P_Q_17,0.00526444182431283
base,37,L_Q,0.844460615614255
base,37,beta_NQ_2,0.997225200018129
base,37,beta_NQ_3,0.996365600021497
base,37,beta_NQ_4,0.995681300022457
base,37,beta_NQ_5,0.994247700028777
base,37,beta_NQ_6,0.991422800037442
base,37,beta_NQ_7,0.988053900061853
base,37,beta_NQ_8,0.98364380007684
base,37,beta_NQ_9,0.977804100110823
base,37,beta_NQ_10,0.970177700138194
base,37,beta_NQ_11,0.956470600161471
base,37,beta_NQ_12,0.927696900263621
base,37,beta_NQ_13,0.86492770024111
base,37,beta_NQ_14,0.68333417364961
base,37,beta_NQ_15,0.43061488215329
base,37,beta_NQ_16,0.25730062920761
base,37,beta_NQ_17,0.173067711307281
base,37,h_NQ_2,360.3863342
base,37,h_NQ_3,275.148580258
base,37,h_NQ_4,231.55116125716
base,37,h_NQ_5,173.843506095716
base,37,h_NQ_6,116.588163922509
base,37,h_NQ_7,83.7093277593015
base,37,h_NQ_8,61.1388953343631
base,37,h_NQ_9,45.0533657178145
base,37,h_NQ_10,33.5319542788965
base,37,h_NQ_11,22.972979177063
base,37,h_NQ_12,13.8306656192094
base,37,h_NQ_13,7.40344245316118
base,37,h_NQ_14,3.15789339829003
base,37,h_NQ_15,1.75628028341234
base,37,h_NQ_16,1.34643976052113
base,37,h_NQ_17,1.20928883499991
base,37,P_NQ_1,0.6083576919
base,37,P_NQ_2,0.149789721513782
base,37,P_NQ_3,0.161070686185868
base,37,P_NQ_4,0.170608392463616
base,37,P_NQ_5,0.17339162337928
base,37,P_NQ_6,0.171395862554186
base,37,P_NQ_7,0.167480542342446
base,37,P_NQ_8,0.164807837155293
base,37,P_NQ_9,0.171191656793983
base,37,P_NQ_10,0.181281031289654
base,37,P_NQ_11,0.179650487944154
base,37,P_NQ_12,0.165435052985807
base,37,P_NQ_13,0.147889416662077
base,37,P_NQ_14,0.122267865156069
base,37,P_NQ_15,0.0856305498421704
base,37,P_NQ_16,0.0379105774682054
base,37,P_NQ_17,0.0122836965654821
base,37,L_NQ,1.57148721886977
base,37,pi_Q,0.3
base,37,pi_NQ,0.7
base,37,y,10.2285572700468
base,37,nbar,6.03948248690484
base,37,Ptot,4.10063233271071
base,37,Pret,1.33192660237447
base,37,H,742.000155202481
base,37,cCheck,0
base,37,shareq,0.3
base,37,A,2.904788876
base,37,A_Q,2
base,37,xpop,0.869082417
base,37,h_Q_1,100
base,37,mig_Q_2,-0.196819844
base,37,med_Q_2,2025.59312
base,37,mig_Q_3,0.002326976
base,37,med_Q_3,-302.6219252
base,37,mig_Q_4,0.002300641
base,37,med_Q_4,-390.813927
base,37,mig_Q_5,0.001045509
base,37,med_Q_5,-285.1251743
base,37,mig_Q_6,0.000226735
base,37,med_Q_6,-219.0520561
base,37,mig_Q_7,-7.56255e-05
base,37,med_Q_7,-107.1222848
base,37,mig_Q_8,8.89106e-05
base,37,med_Q_8,-62.55511429
base,37,mig_Q_9,0.000264954
base,37,med_Q_9,-38.35724366
base,37,mig_Q_10,0.000244975
base,37,med_Q_10,-23.65469138
base,37,mig_Q_11,0.000354073
base,37,med_Q_11,-18.75773914
base,37,mig_Q_12,0.000656899
base,37,med_Q_12,-11.51198904
base,37,mig_Q_13,0.001716376
base,37,med_Q_13,-8.404581474
base,37,mig_Q_14,0.005613495
base,37,med_Q_14,-5.97235645
base,37,mig_Q_15,0.007979699
base,37,med_Q_15,-2.033978476
base,37,mig_Q_16,0.004121764
base,37,med_Q_16,-0.563064133
base,37,mig_Q_17,0.001735433
base,37,med_Q_17,-0.158599827
base,37,h_NQ_1,100
base,37,mig_NQ_2,-0.457708733
base,37,med_NQ_2,262.3863342
base,37,mig_NQ_3,0.00594275
base,37,med_NQ_3,-47.51703283
base,37,mig_NQ_4,0.005977107
base,37,med_NQ_4,-15.04555249
base,37,mig_NQ_5,0.003233734
base,37,med_NQ_5,-33.98175105
base,37,mig_NQ_6,0.001640998
base,37,med_NQ_6,-39.50504598
base,37,mig_NQ_7,0.001238269
base,37,med_NQ_7,-21.00159533
base,37,mig_NQ_8,0.001955073
base,37,med_NQ_8,-14.03234936
base,37,mig_NQ_9,0.002835636
base,37,med_NQ_9,-9.849825396
base,37,mig_NQ_10,0.003351753
base,37,med_NQ_10,-6.923959099
base,37,mig_NQ_11,0.004220684
base,37,med_NQ_11,-7.158245376
base,37,mig_NQ_12,0.006690948
base,37,med_NQ_12,-6.843829218
base,37,mig_NQ_13,0.012370458
base,37,med_NQ_13,-5.031196391
base,37,mig_NQ_14,0.02715225
base,37,med_NQ_14,-3.558534221
base,37,mig_NQ_15,0.03317836
base,37,med_NQ_15,-1.214036853
base,37,mig_NQ_16,0.01746382
base,37,med_NQ_16,-0.341835105
base,37,mig_NQ_17,0.006568419
base,37,med_NQ_17,-0.092165763
base,38,beta_Q_2,0.999568200000053
base,38,beta_Q_3,0.999427900002499
base,38,beta_Q_4,0.999125300002665
base,38,beta_Q_5,0.998610600004699
base,38,beta_Q_6,0.99756670000557
base,38,beta_Q_7,0.996071600020035
base,38,beta_Q_8,0.993815100014264
base,38,beta_Q_9,0.990396300068338
base,38,beta_Q_10,0.985298600117092
base,38,beta_Q_11,0.97549610006666
base,38,beta_Q_12,0.958917500358997
base,38,beta_Q_13,0.920870500447117
base,38,beta_Q_14,0.790297703474856
base,38,beta_Q_15,0.558789475281718
base,38,beta_Q_16,0.366920881115519
base,38,beta_Q_17,0.260687442821327
base,38,h_Q_2,2315.886985
base,38,h_Q_3,1747.9461637
base,38,h_Q_4,1143.2491136728
base,38,h_Q_5,719.735137690136
base,38,h_Q_6,410.964533488813
base,38,h_Q_7,254.556562981753
base,38,h_Q_8,161.684101447562
base,38,h_Q_9,104.126534932427
base,38,h_Q_10,68.0207330175611
base,38,h_Q_11,40.8098302475472
base,38,h_Q_12,24.3412646300554
base,38,h_Q_13,12.6375119628085
base,38,h_Q_14,4.76866499096452
base,38,h_Q_15,2.26649074036641
base,38,h_Q_16,1.57958115478708
base,38,h_Q_17,1.35260778505071
base,38,P_Q_1,0.2590967487
base,38,P_Q_2,0.0625289608269759
base,38,P_Q_3,0.0664847282840298
base,38,P_Q_4,0.0712673405395902
base,38,P_Q_5,0.0740544743117527
base,38,P_Q_6,0.0743415140398916
base,38,P_Q_7,0.0730670440040275
base,38,P_Q_8,0.0713847605926565
base,38,P_Q_9,0.0701604270104594
base,38,P_Q_10,0.0724293991869704
base,38,P_Q_11,0.0759404541442475
base,38,P_Q_12,0.0741563986919462
base,38,P_Q_13,0.0664655249553677
base,38,P_Q_14,0.0552148140583742
base,38,P_Q_15,0.036484166830916
base,38,P_Q_16,0.0171709811661188
base,38,P_Q_17,0.005974531333937
base,38,L_Q,0.835891870569041
base,38,beta_NQ_2,0.997464300015995
base,38,beta_NQ_3,0.996675100019245
base,38,beta_NQ_4,0.996043500019936
base,38,beta_NQ_5,0.994728000025726
base,38,beta_NQ_6,0.992136900037798
base,38,beta_NQ_7,0.989050400046141
base,38,beta_NQ_8,0.985008700077773
base,38,beta_NQ_9,0.979658700095401
base,38,beta_NQ_10,0.972651100127127
base,38,beta_NQ_11,0.960022400159869
base,38,beta_NQ_12,0.933681600270537
base,38,beta_NQ_13,0.875026600078505
base,38,beta_NQ_14,0.696164700086067
base,38,beta_NQ_15,0.441618881633693
base,38,beta_NQ_16,0.267671329732066
base,38,beta_NQ_17,0.182527816656613
base,38,h_NQ_2,394.368419
base,38,h_NQ_3,300.760925186
base,38,h_NQ_4,252.74864150284
base,38,h_NQ_5,189.681335382017
base,38,h_NQ_6,127.176304533802
base,38,h_NQ_7,91.3275370340585
base,38,h_NQ_8,66.7053558041155
base,38,h_NQ_9,49.1610663976759
base,38,h_NQ_10,36.5645419074582
base,38,h_NQ_11,25.0140078473186
base,38,h_NQ_12,15.0787714975217
base,38,h_NQ_13,8.00170275282522
base,38,h_NQ_14,3.29125681009796
base,38,h_NQ_15,1.79089123232423
base,38,h_NQ_16,1.3655070467441
base,38,h_NQ_17,1.22328319231071
base,38,P_NQ_1,0.6045590803
base,38,P_NQ_2,0.145900909987545
base,38,P_NQ_3,0.155131032753132
base,38,P_NQ_4,0.166290460217054
base,38,P_NQ_5,0.172793771812557
base,38,P_NQ_6,0.173463531753724
base,38,P_NQ_7,0.170489774451129
base,38,P_NQ_8,0.166564443108653
base,38,P_NQ_9,0.163707661900842
base,38,P_NQ_10,0.169001932871234
base,38,P_NQ_11,0.177194392795506
base,38,P_NQ_12,0.173031599796639
base,38,P_NQ_13,0.15508622291828
base,38,P_NQ_14,0.128834711326304
base,38,P_NQ_15,0.0851297693453152
base,38,P_NQ_16,0.040065629353784
base,38,P_NQ_17,0.0139405718767597
base,38,L_NQ,1.55611189306161
base,38,pi_Q,0.3
base,38,pi_NQ,0.7
base,38,y,10.9256576713303
base,38,nbar,6.05105075642315
base,38,Ptot,4.08740776524572
base,38,Pret,1.3461211006517
base,38,H,785.95316188164
base,38,cCheck,-1.33226762955019e-15
base,38,shareq,0.3
base,38,A,3.098603676
base,38,A_Q,2
base,38,xpop,0.863655829
base,38,h_Q_1,100
base,38,mig_Q_2,-0.198072989
base,38,med_Q_2,2217.886985
base,38,mig_Q_3,0.002329146
base,38,med_Q_3,-333.1750939
base,38,mig_Q_4,0.002302687
base,38,med_Q_4,-429.0274783
base,38,mig_Q_5,0.001046948
base,38,med_Q_5,-310.8674496
base,38,mig_Q_6,0.000227162
base,38,med_Q_6,-238.3430923
base,38,mig_Q_7,-7.48522e-05
base,38,med_Q_7,-116.3464729
base,38,mig_Q_8,8.99166e-05
base,38,med_Q_8,-67.95854632
base,38,mig_Q_9,0.000266495
base,38,med_Q_9,-41.65039698
base,38,mig_Q_10,0.000235023
base,38,med_Q_10,-25.77263475
base,38,mig_Q_11,0.000318187
base,38,med_Q_11,-20.46161473
base,38,mig_Q_12,0.000613246
base,38,med_Q_12,-12.4474556
base,38,mig_Q_13,0.001653402
base,38,med_Q_13,-9.23353371
base,38,mig_Q_14,0.0057819
base,38,med_Q_14,-6.643244463
base,38,mig_Q_15,0.007795794
base,38,med_Q_15,-2.18664785
base,38,mig_Q_16,0.004165919
base,38,med_Q_16,-0.586083777
base,38,mig_Q_17,0.001940788
base,38,med_Q_17,-0.165296486
base,38,h_NQ_1,100
base,38,mig_NQ_2,-0.460768711
base,38,med_NQ_2,296.368419
base,38,mig_NQ_3,0.005885707
base,38,med_NQ_3,-52.41768233
base,38,mig_NQ_4,0.00591539
base,38,med_NQ_4,-16.89696715
base,38,mig_NQ_5,0.00316677
base,38,med_NQ_5,-37.23880265
base,38,mig_NQ_6,0.001559123
base,38,med_NQ_6,-43.19033144
base,38,mig_NQ_7,0.001141424
base,38,med_NQ_7,-22.92886361
base,38,mig_NQ_8,0.001823246
base,38,med_NQ_8,-15.3297854
base,38,mig_NQ_9,0.002557883
base,38,med_NQ_9,-10.75505103
base,38,mig_NQ_10,0.002915605
base,38,med_NQ_10,-7.587756496
base,38,mig_NQ_11,0.003804416
base,38,med_NQ_11,-7.847307346
base,38,mig_NQ_12,0.006370399
base,38,med_NQ_12,-7.434748096
base,38,mig_NQ_13,0.011996863
base,38,med_NQ_13,-5.552349554
base,38,mig_NQ_14,0.027776819
base,38,med_NQ_14,-3.964116794
base,38,mig_NQ_15,0.032479407
base,38,med_NQ_15,-1.303844298
base,38,mig_NQ_16,0.018032835
base,38,med_NQ_16,-0.355647631
base,38,mig_NQ_17,0.007379475
base,38,med_NQ_17,-0.096227773
base,39,beta_Q_2,0.999603899999967
base,39,beta_Q_3,0.999474600002111
base,39,beta_Q_4,0.999195000002855
base,39,beta_Q_5,0.998720500003238
base,39,beta_Q_6,0.997758200007427
base,39,beta_Q_7,0.996382400006829
base,39,beta_Q_8,0.994307500034205
base,39,beta_Q_9,0.991169500019056
base,39,beta_Q_10,0.986482100112318
base,39,beta_Q_11,0.977451700220128
base,39,beta_Q_12,0.962326900128625
base,39,beta_Q_13,0.927091300713865
base,39,beta_Q_14,0.800196801424613
base,39,beta_Q_15,0.569889304973353
base,39,beta_Q_16,0.379410572850551
base,39,beta_Q_17,0.273184741856162
base,39,h_Q_2,2524.614996
base,39,h_Q_3,1903.3117627
base,39,h_Q_4,1242.236025326
base,39,h_Q_5,781.555294699344
base,39,h_Q_6,446.070122436333
base,39,h_Q_7,276.426359719037
base,39,h_Q_8,175.669741392118
base,39,h_Q_9,113.243870528611
base,39,h_Q_10,73.9759877537787
base,39,h_Q_11,44.3492416972099
base,39,h_Q_12,26.5441388925962
base,39,h_Q_13,13.7157843574543
base,39,h_Q_14,5.00492488155233
base,39,h_Q_15,2.32498184314523
base,39,h_Q_16,1.61137104855908
base,39,h_Q_17,1.37586532669134
base,39,P_Q_1,0.2555920764
base,39,P_Q_2,0.0623397977239251
base,39,P_Q_3,0.0648241100086431
base,39,P_Q_4,0.068731258092377
base,39,P_Q_5,0.0722168906969794
base,39,P_Q_6,0.0741017545598225
base,39,P_Q_7,0.0739753860376267
base,39,P_Q_8,0.0727052830446092
base,39,P_Q_9,0.0709660057722311
base,39,P_Q_10,0.0693600715170231
base,39,P_Q_11,0.070930743437061
base,39,P_Q_12,0.0733555624641289
base,39,P_Q_13,0.0698905029748084
base,39,P_Q_14,0.0584558887324778
base,39,P_Q_15,0.0390966439754565
base,39,P_Q_16,0.0174637696403653
base,39,P_Q_17,0.00663140917092868
base,39,L_Q,0.829752358317115
base,39,beta_NQ_2,0.997681800013747
base,39,beta_NQ_3,0.996957400016921
base,39,beta_NQ_4,0.996374000017807
base,39,beta_NQ_5,0.995166600022802
base,39,beta_NQ_6,0.992789300033518
base,39,beta_NQ_7,0.989960900047722
base,39,beta_NQ_8,0.986256200054668
base,39,beta_NQ_9,0.981354200099155
base,39,beta_NQ_10,0.974914800107839
base,39,beta_NQ_11,0.963279400148988
base,39,beta_NQ_12,0.939180200282435
base,39,beta_NQ_13,0.884425600157337
base,39,beta_NQ_14,0.708567599236426
base,39,beta_NQ_15,0.452531586785371
base,39,beta_NQ_16,0.278098627390911
base,39,beta_NQ_17,0.192138416242411
base,39,h_NQ_2,431.3691657
base,39,h_NQ_3,328.66627229
base,39,h_NQ_4,275.78599011228
base,39,h_NQ_5,206.893698042783
base,39,h_NQ_6,138.682790874376
base,39,h_NQ_7,99.6105228731256
base,39,h_NQ_8,72.7600808633773
base,39,h_NQ_9,53.6313808280332
base,39,h_NQ_10,39.8641429967224
base,39,h_NQ_11,27.2326704963091
base,39,h_NQ_12,16.4420139523722
base,39,h_NQ_13,8.65243513657131
base,39,h_NQ_14,3.43132746176872
base,39,h_NQ_15,1.826589110896
base,39,h_NQ_16,1.38523071767775
base,39,h_NQ_17,1.23783578780921
base,39,P_NQ_1,0.5963815116
base,39,P_NQ_2,0.145459527849753
base,39,P_NQ_3,0.151256257054735
base,39,P_NQ_4,0.160372934825137
base,39,P_NQ_5,0.168506076915068
base,39,P_NQ_6,0.172904092111949
base,39,P_NQ_7,0.172609231474437
base,39,P_NQ_8,0.169645664108659
base,39,P_NQ_9,0.165587347817938
base,39,P_NQ_10,0.161840165447094
base,39,P_NQ_11,0.165505071226699
base,39,P_NQ_12,0.171162979224274
base,39,P_NQ_13,0.163077841476197
base,39,P_NQ_14,0.136397072865385
base,39,P_NQ_15,0.0912255561315218
base,39,P_NQ_16,0.0407488005604446
base,39,P_NQ_17,0.0154732878489193
base,39,L_NQ,1.54418649458351
base,39,pi_Q,0.3
base,39,pi_NQ,0.7
base,39,y,11.6871592264147
base,39,nbar,6.07518130293234
base,39,Ptot,4.06879057278667
base,39,Pret,1.35061536669278
base,39,H,836.043352616406
base,39,cCheck,4.44089209850063e-16
base,39,shareq,0.3
base,39,A,3.305350285
base,39,A_Q,2
base,39,xpop,0.851973588
base,39,h_Q_1,100
base,39,mig_Q_2,-0.196645073
base,39,med_Q_2,2426.614996
base,39,mig_Q_3,0.002330922
base,39,med_Q_3,-366.2574826
base,39,mig_Q_4,0.002304684
base,39,med_Q_4,-470.7512151
base,39,mig_Q_5,0.001048569
base,39,med_Q_5,-338.8288367
base,39,mig_Q_6,0.000227477
base,39,med_Q_6,-259.2703125
base,39,mig_Q_7,-7.40848e-05
base,39,med_Q_7,-126.3188831
base,39,mig_Q_8,9.01514e-05
base,39,med_Q_8,-73.79569033
base,39,mig_Q_9,0.000266803
base,39,med_Q_9,-45.20654889
base,39,mig_Q_10,0.000231101
base,39,med_Q_10,-28.06801648
base,39,mig_Q_11,0.000276147
base,39,med_Q_11,-22.31107666
base,39,mig_Q_12,0.000534932
base,39,med_Q_12,-13.44949475
base,39,mig_Q_13,0.001602063
base,39,med_Q_13,-10.13865498
base,39,mig_Q_14,0.005928337
base,39,med_Q_14,-7.379836842
base,39,mig_Q_15,0.008243187
base,39,med_Q_15,-2.348309848
base,39,mig_Q_16,0.004076967
base,39,med_Q_16,-0.609789877
base,39,mig_Q_17,0.00215515
base,39,med_Q_17,-0.172124205
base,39,h_NQ_1,100
base,39,mig_NQ_2,-0.457566572
base,39,med_NQ_2,333.3691657
base,39,mig_NQ_3,0.005840453
base,39,med_NQ_3,-57.81477833
base,39,mig_NQ_4,0.005855678
base,39,med_NQ_4,-18.95971657
base,39,mig_NQ_5,0.0030923
base,39,med_NQ_5,-40.79997063
base,39,mig_NQ_6,0.001469015
base,39,med_NQ_6,-47.2049178
base,39,mig_NQ_7,0.001045056
base,39,med_NQ_7,-25.02225557
base,39,mig_NQ_8,0.001711753
base,39,med_NQ_8,-16.74090543
base,39,mig_NQ_9,0.002411042
base,39,med_NQ_9,-11.73986786
base,39,mig_NQ_10,0.002609728
base,39,med_NQ_10,-8.313702073
base,39,mig_NQ_11,0.00325943
base,39,med_NQ_11,-8.600580573
base,39,mig_NQ_12,0.005719835
base,39,med_NQ_12,-8.071713738
base,39,mig_NQ_13,0.011670589
base,39,med_NQ_13,-6.124760931
base,39,mig_NQ_14,0.028431519
base,39,med_NQ_14,-4.410341236
base,39,mig_NQ_15,0.034329715
base,39,med_NQ_15,-1.398842563
base,39,mig_NQ_16,0.017962002
base,39,med_NQ_16,-0.36984269
base,39,mig_NQ_17,0.008160196
base,39,med_NQ_17,-0.100361118
base,40,beta_Q_2,0.999636500000018
base,40,beta_Q_3,0.999517400001801
base,40,beta_Q_4,0.999258900002399
base,40,beta_Q_5,0.998821100004006
base,40,beta_Q_6,0.997933700004122
base,40,beta_Q_7,0.996667100011858
base,40,beta_Q_8,0.994758700007863
base,40,beta_Q_9,0.991877200059801
base,40,beta_Q_10,0.987565600018708
base,40,beta_Q_11,0.979243900216687
base,40,beta_Q_12,0.965447200497108
base,40,beta_Q_13,0.932826800056707
base,40,beta_Q_14,0.809645203400457
base,40,beta_Q_15,0.580780797150348
base,40,beta_Q_16,0.391829833419432
base,40,beta_Q_17,0.285743130665332
base,40,h_Q_2,2751.031637
base,40,h_Q_3,2072.10940718
base,40,h_Q_4,1349.345567646
base,40,h_Q_5,848.24836761948
base,40,h_Q_6,483.956830705357
base,40,h_Q_7,300.039005287607
base,40,h_Q_8,190.792360384656
base,40,h_Q_9,123.110258044275
base,40,h_Q_10,80.4220547980389
base,40,h_Q_11,48.1786080887031
base,40,h_Q_12,28.9412148932657
base,40,h_Q_13,14.8868893847443
base,40,h_Q_14,5.25334805230518
base,40,h_Q_15,2.38538582592129
base,40,h_Q_16,1.64427635728233
base,40,h_Q_17,1.4000564045879
base,40,P_Q_1,0.2510840766
base,40,P_Q_2,0.0627617153785294
base,40,P_Q_3,0.0646392403943325
base,40,P_Q_4,0.0670783256002712
base,40,P_Q_5,0.0696934894478703
base,40,P_Q_6,0.0722827908719513
base,40,P_Q_7,0.0737602985530329
base,40,P_Q_8,0.0736447480551378
base,40,P_Q_9,0.0723295520440693
base,40,P_Q_10,0.0702353654107734
base,40,P_Q_11,0.0680472688317039
base,40,P_Q_12,0.0687043054556057
base,40,P_Q_13,0.0694630228194664
base,40,P_Q_14,0.0620235119303991
base,40,P_Q_15,0.0419675088013514
base,40,P_Q_16,0.019143419087262
base,40,P_Q_17,0.00711671040103867
base,40,L_Q,0.822427286465141
base,40,beta_NQ_2,0.997880000012339
base,40,beta_NQ_3,0.997214700014544
base,40,beta_NQ_4,0.996675700015601
base,40,beta_NQ_5,0.995567100020468
base,40,beta_NQ_6,0.993385300029785
base,40,beta_NQ_7,0.990792900042963
base,40,beta_NQ_8,0.987396500058781
base,40,beta_NQ_9,0.982904400064859
base,40,beta_NQ_10,0.976986300116934
base,40,beta_NQ_11,0.966265800122897
base,40,beta_NQ_12,0.94422940026924
base,40,beta_NQ_13,0.893164200252032
base,40,beta_NQ_14,0.720547299631331
base,40,beta_NQ_15,0.463347285867549
base,40,beta_NQ_16,0.288572434125484
base,40,beta_NQ_17,0.201887813207291
base,40,h_NQ_2,471.6981132
base,40,h_NQ_3,359.027752816
base,40,h_NQ_4,300.8152092442
base,40,h_NQ_5,225.585959570034
base,40,h_NQ_6,151.178435931928
base,40,h_NQ_7,108.611832196889
base,40,h_NQ_8,79.3430396456631
base,40,h_NQ_9,58.4945833561098
base,40,h_NQ_10,43.4523783994725
base,40,h_NQ_11,29.6435071787879
base,40,h_NQ_12,17.9305942613829
base,40,h_NQ_13,9.36015830232477
base,40,h_NQ_14,3.57842310583989
base,40,h_NQ_15,1.86340217553335
base,40,h_NQ_16,1.40562441067808
base,40,h_NQ_17,1.25295665732419
base,40,P_NQ_1,0.5858628454
base,40,P_NQ_2,0.146444001988007
base,40,P_NQ_3,0.150824894692779
base,40,P_NQ_4,0.156516093869348
base,40,P_NQ_5,0.16261814128561
base,40,P_NQ_6,0.168659843151905
base,40,P_NQ_7,0.172107361649079
base,40,P_NQ_8,0.171837743728334
base,40,P_NQ_9,0.168768959001643
base,40,P_NQ_10,0.163882522098312
base,40,P_NQ_11,0.158776957491889
base,40,P_NQ_12,0.16031004894245
base,40,P_NQ_13,0.162080384625146
base,40,P_NQ_14,0.144721528623448
base,40,P_NQ_15,0.0979241698166527
base,40,P_NQ_16,0.0446679869431487
base,40,P_NQ_17,0.0166056560034617
base,40,L_NQ,1.52966388835447
base,40,pi_Q,0.3
base,40,pi_NQ,0.7
base,40,y,12.4949454815277
base,40,nbar,6.0946755942587
base,40,Ptot,4.04658448899401
base,40,Pret,1.35567036728211
base,40,H,894.682346444007
base,40,cCheck,-4.44089209850063e-16
base,40,shareq,0.3
base,40,A,3.525891547
base,40,A_Q,2
base,40,xpop,0.836946922
base,40,h_Q_1,100
base,40,mig_Q_2,-0.192729121
base,40,med_Q_2,2653.031637
base,40,mig_Q_3,0.002332196
base,40,med_Q_3,-402.0132889
base,40,mig_Q_4,0.002306399
base,40,med_Q_4,-515.8999598
base,40,mig_Q_5,0.001050173
base,40,med_Q_5,-369.1429372
base,40,mig_Q_6,0.000227796
base,40,med_Q_6,-281.9673581
base,40,mig_Q_7,-7.33855e-05
base,40,med_Q_7,-137.1097147
base,40,mig_Q_8,9.04669e-05
base,40,med_Q_8,-80.10547214
base,40,mig_Q_9,0.000266293
base,40,med_Q_9,-49.04608852
base,40,mig_Q_10,0.000228671
base,40,med_Q_10,-30.55693832
base,40,mig_Q_11,0.000251149
base,40,med_Q_11,-24.31785991
base,40,mig_Q_12,0.000445743
base,40,med_Q_12,-14.52104197
base,40,mig_Q_13,0.001455719
base,40,med_Q_13,-11.12636673
base,40,mig_Q_14,0.006097355
base,40,med_Q_14,-8.188120618
base,40,mig_Q_15,0.008654123
base,40,med_Q_15,-2.519440558
base,40,mig_Q_16,0.004309739
base,40,med_Q_16,-0.634205849
base,40,mig_Q_17,0.002345875
base,40,med_Q_17,-0.179087223
base,40,h_NQ_1,100
base,40,mig_NQ_2,-0.448554978
base,40,med_NQ_2,373.6981132
base,40,mig_NQ_3,0.005807942
base,40,med_NQ_3,-63.71402957
base,40,mig_NQ_4,0.005808292
base,40,med_NQ_4,-21.2777376
base,40,mig_NQ_5,0.003020353
base,40,med_NQ_5,-44.68431074
base,40,mig_NQ_6,0.001368813
base,40,med_NQ_6,-51.57738815
base,40,mig_NQ_7,0.000939071
base,40,med_NQ_7,-27.29730286
base,40,mig_NQ_8,0.001600819
base,40,med_NQ_8,-18.27527277
base,40,mig_NQ_9,0.002286474
base,40,med_NQ_9,-12.81029589
base,40,mig_NQ_10,0.002448966
base,40,med_NQ_10,-9.106374812
base,40,mig_NQ_11,0.00287966
base,40,med_NQ_11,-9.423352958
base,40,mig_NQ_12,0.004870963
base,40,med_NQ_12,-8.757422825
base,40,mig_NQ_13,0.010699464
base,40,med_NQ_13,-6.753015371
base,40,mig_NQ_14,0.029169854
base,40,med_NQ_14,-4.900963328
base,40,mig_NQ_15,0.036200186
base,40,med_NQ_15,-1.499298737
base,40,mig_NQ_16,0.019298285
base,40,med_NQ_16,-0.384432918
base,40,mig_NQ_17,0.008776246
base,40,med_NQ_17,-0.104569446
45-65,1,beta_Q_2,0.973436404874763
45-65,1,beta_Q_3,0.970539000001623
45-65,1,beta_Q_4,0.965744200006298
45-65,1,beta_Q_5,0.961176300029427
45-65,1,beta_Q_6,0.955116300619925
45-65,1,beta_Q_7,0.940183999984989
45-65,1,beta_Q_8,0.909499218945487
45-65,1,beta_Q_9,0.85988771100122
45-65,1,beta_Q_10,0.781753818094209
45-65,1,beta_Q_11,0.658329466557867
45-65,1,beta_Q_12,0.512809028093422
45-65,1,beta_Q_13,0.344799901709008
45-65,1,beta_Q_14,0.210284003873888
45-65,1,beta_Q_15,0.118657324974081
45-65,1,beta_Q_16,0.0591105026749442
45-65,1,beta_Q_17,0.031131000636637
45-65,1,h_Q_2,37.64549986
45-65,1,h_Q_3,33.94317912
45-65,1,h_Q_4,29.19213681
45-65,1,h_Q_5,25.75746258
45-65,1,h_Q_6,22.27980314
45-65,1,h_Q_7,16.7179349964
45-65,1,h_Q_8,11.049626084672
45-65,1,h_Q_9,7.13713214817855
45-65,1,h_Q_10,4.58198126301498
45-65,1,h_Q_11,2.92679557875468
45-65,1,h_Q_12,2.05258307497959
45-65,1,h_Q_13,1.52625129347999
45-65,1,h_Q_14,1.26627752601038
45-65,1,h_Q_15,1.13462803749019
45-65,1,h_Q_16,1.06282406454038
45-65,1,h_Q_17,1.03213127924955
45-65,1,P_Q_1,0.2522852124
45-65,1,P_Q_2,0.0592788505108232
45-65,1,P_Q_3,0.0529788315263615
45-65,1,P_Q_4,0.0516187991809102
45-65,1,P_Q_5,0.0480152225133509
45-65,1,P_Q_6,0.042674493190698
45-65,1,P_Q_7,0.0407094252183056
45-65,1,P_Q_8,0.0361254806344777
45-65,1,P_Q_9,0.0316353121871109
45-65,1,P_Q_10,0.0252264559898656
45-65,1,P_Q_11,0.0186772111554823
45-65,1,P_Q_12,0.0112496894086261
45-65,1,P_Q_13,0.00531388564243535
45-65,1,P_Q_14,0.00164097968469545
45-65,1,P_Q_15,0.000304585058292062
45-65,1,P_Q_16,3.26525318881665e-05
45-65,1,P_Q_17,2.01287823792251e-06
45-65,1,L_Q,0.594479919114931
45-65,1,beta_NQ_2,0.939491000019456
45-65,1,beta_NQ_3,0.931619200148016
45-65,1,beta_NQ_4,0.925826700715022
45-65,1,beta_NQ_5,0.916842509905461
45-65,1,beta_NQ_6,0.905218099976406
45-65,1,beta_NQ_7,0.883457900039542
45-65,1,beta_NQ_8,0.843435236949881
45-65,1,beta_NQ_9,0.785066520379141
45-65,1,beta_NQ_10,0.701200501908016
45-65,1,beta_NQ_11,0.582111699569906
45-65,1,beta_NQ_12,0.433853272111351
45-65,1,beta_NQ_13,0.278824341886696
45-65,1,beta_NQ_14,0.164751615202972
45-65,1,beta_NQ_15,0.0914522727890728
45-65,1,beta_NQ_16,0.0448453010253704
45-65,1,beta_NQ_17,0.0234374042852502
45-65,1,h_NQ_2,16.52646714
45-65,1,h_NQ_3,14.62398802
45-65,1,h_NQ_4,13.48194027
45-65,1,h_NQ_5,12.02537354
45-65,1,h_NQ_6,10.5505376
45-65,1,h_NQ_7,8.58059018639999
45-65,1,h_NQ_8,6.387123554672
45-65,1,h_NQ_9,4.65260184817856
45-65,1,h_NQ_10,3.34672581301498
45-65,1,h_NQ_11,2.39298395875468
45-65,1,h_NQ_12,1.76632258497959
45-65,1,h_NQ_13,1.38662464347999
45-65,1,h_NQ_14,1.19724704601039
45-65,1,h_NQ_15,1.10064773749018
45-65,1,h_NQ_16,1.04695082454037
45-65,1,h_NQ_17,1.02399989924956
45-65,1,P_NQ_1,0.5886654956
45-65,1,P_NQ_2,0.138317317858587
45-65,1,P_NQ_3,0.123617274894843
45-65,1,P_NQ_4,0.120443865422124
45-65,1,P_NQ_5,0.112035520531152
45-65,1,P_NQ_6,0.0995738157782948
45-65,1,P_NQ_7,0.0949886588427129
45-65,1,P_NQ_8,0.0842927891471142
45-65,1,P_NQ_9,0.0738157284365917
45-65,1,P_NQ_10,0.0588617313096862
45-65,1,P_NQ_11,0.0435801576961252
45-65,1,P_NQ_12,0.026249274286794
45-65,1,P_NQ_13,0.0123990668323489
45-65,1,P_NQ_14,0.00382895393095584
45-65,1,P_NQ_15,0.000710697469347821
45-65,1,P_NQ_16,7.6189241072e-05
45-65,1,P_NQ_17,4.69538255498669e-06
45-65,1,L_NQ,1.13299432302422
45-65,1,pi_Q,0.3
45-65,1,pi_NQ,0.7
45-65,1,y,0.250608831999511
45-65,1,nbar,4.41705099765903
45-65,1,Ptot,2.25923033237187
45-65,1,Pret,0.208158238498408
45-65,1,H,102.937051194269
45-65,1,cCheck,0
45-65,1,shareq,0.3
45-65,1,A,0.088593872
45-65,1,A_Q,2
45-65,1,xpop,0.840950708
45-65,1,h_Q_1,100
45-65,1,mig_Q_2,-0.237659925
45-65,1,med_Q_2,-60.35450014
45-65,1,mig_Q_3,-0.24086812
45-65,1,med_Q_3,-62.09682088
45-65,1,mig_Q_4,-0.23910608
45-65,1,med_Q_4,-64.92706319
45-65,1,mig_Q_5,-0.239557717
45-65,1,med_Q_5,-66.47935342
45-65,1,mig_Q_6,-0.241717051
45-65,1,med_Q_6,-68.11227654
45-65,1,mig_Q_7,-0.240471711
45-65,1,med_Q_7,-71.86630309
45-65,1,mig_Q_8,-0.24181671
45-65,1,med_Q_8,-75.76292724
45-65,1,mig_Q_9,-0.243039903
45-65,1,med_Q_9,-77.93917011
45-65,1,mig_Q_10,-0.246154295
45-65,1,med_Q_10,-78.79279495
45-65,1,mig_Q_11,-0.249382162
45-65,1,med_Q_11,-78.78048511
45-65,1,mig_Q_12,-0.253462002
45-65,1,med_Q_12,-78.020552
45-65,1,mig_Q_13,-0.256024465
45-65,1,med_Q_13,-76.94542108
45-65,1,mig_Q_14,-0.256299052
45-65,1,med_Q_14,-75.6359614
45-65,1,mig_Q_15,-0.254212866
45-65,1,med_Q_15,-74.22956611
45-65,1,mig_Q_16,-0.25103871
45-65,1,med_Q_16,-72.7940862
45-65,1,mig_Q_17,-0.247600544
45-65,1,med_Q_17,-71.34764078
45-65,1,h_NQ_1,100
45-65,1,mig_NQ_2,-0.554539825
45-65,1,med_NQ_2,-81.47353286
45-65,1,mig_NQ_3,-0.562025612
45-65,1,med_NQ_3,-81.41601198
45-65,1,mig_NQ_4,-0.557914186
45-65,1,med_NQ_4,-80.63725973
45-65,1,mig_NQ_5,-0.558968005
45-65,1,med_NQ_5,-80.21144246
45-65,1,mig_NQ_6,-0.564006454
45-65,1,med_NQ_6,-79.84154208
45-65,1,mig_NQ_7,-0.561100659
45-65,1,med_NQ_7,-80.0036479
45-65,1,mig_NQ_8,-0.564238989
45-65,1,med_NQ_8,-80.42542977
45-65,1,mig_NQ_9,-0.567093107
45-65,1,med_NQ_9,-80.42370041
45-65,1,mig_NQ_10,-0.574360021
45-65,1,med_NQ_10,-80.0280504
45-65,1,mig_NQ_11,-0.581891713
45-65,1,med_NQ_11,-79.31429673
45-65,1,mig_NQ_12,-0.591411339
45-65,1,med_NQ_12,-78.30681249
45-65,1,mig_NQ_13,-0.597390418
45-65,1,med_NQ_13,-77.08504773
45-65,1,mig_NQ_14,-0.59803112
45-65,1,med_NQ_14,-75.70499188
45-65,1,mig_NQ_15,-0.593163355
45-65,1,med_NQ_15,-74.26354641
45-65,1,mig_NQ_16,-0.58575699
45-65,1,med_NQ_16,-72.80995944
45-65,1,mig_NQ_17,-0.577734604
45-65,1,med_NQ_17,-71.35577216
45-65,2,beta_Q_2,0.974250899998791
45-65,2,beta_Q_3,0.971050702827941
45-65,2,beta_Q_4,0.966497808579101
45-65,2,beta_Q_5,0.96060350176663
45-65,2,beta_Q_6,0.953428799997687
45-65,2,beta_Q_7,0.938990908940442
45-65,2,beta_Q_8,0.907364226102163
45-65,2,beta_Q_9,0.855505422354817
45-65,2,beta_Q_10,0.777190539425623
45-65,2,beta_Q_11,0.653229715740918
45-65,2,beta_Q_12,0.507151509662807
45-65,2,beta_Q_13,0.340206902132967
45-65,2,beta_Q_14,0.202952405585477
45-65,2,beta_Q_15,0.104123564627982
45-65,2,beta_Q_16,0.0518962985273525
45-65,2,beta_Q_17,0.0269183031357435
45-65,2,h_Q_2,38.83630884
45-65,2,h_Q_3,34.5431495778
45-65,2,h_Q_4,29.8487860516
45-65,2,h_Q_5,25.3829654958
45-65,2,h_Q_6,21.4724980234
45-65,2,h_Q_7,16.3909974132
45-65,2,h_Q_8,10.794962634472
45-65,2,h_Q_9,6.92066906697856
45-65,2,h_Q_10,4.48813897521498
45-65,2,h_Q_11,2.88375330475468
45-65,2,h_Q_12,2.02902109317958
45-65,2,h_Q_13,1.51562664248
45-65,2,h_Q_14,1.25463021261039
45-65,2,h_Q_15,1.11622528649018
45-65,2,h_Q_16,1.05473693974038
45-65,2,h_Q_17,1.02766294224957
45-65,2,P_Q_1,0.2512048092
45-65,2,P_Q_2,0.058626292161722
45-65,2,P_Q_3,0.05666953529602
45-65,2,P_Q_4,0.0510325992696945
45-65,2,P_Q_5,0.0491409534086693
45-65,2,P_Q_6,0.0449400987003943
45-65,2,P_Q_7,0.0398043877053626
45-65,2,P_Q_8,0.0367541314397686
45-65,2,P_Q_9,0.0316798898515999
45-65,2,P_Q_10,0.0259442070888762
45-65,2,P_Q_11,0.0185558133149537
45-65,2,P_Q_12,0.0115651525001385
45-65,2,P_Q_13,0.00532686380235115
45-65,2,P_Q_14,0.00163190114901927
45-65,2,P_Q_15,0.000307461259722774
45-65,2,P_Q_16,3.2879075902921e-05
45-65,2,P_Q_17,2.36708599099832e-06
45-65,2,L_Q,0.600165606753088
45-65,2,beta_NQ_2,0.940730611341604
45-65,2,beta_NQ_3,0.932728204979504
45-65,2,beta_NQ_4,0.926524000597335
45-65,2,beta_NQ_5,0.915284209720587
45-65,2,beta_NQ_6,0.901399100016695
45-65,2,beta_NQ_7,0.880705633764917
45-65,2,beta_NQ_8,0.839248473866308
45-65,2,beta_NQ_9,0.778419779240567
45-65,2,beta_NQ_10,0.695314942098422
45-65,2,beta_NQ_11,0.576616011674913
45-65,2,beta_NQ_12,0.428372303652876
45-65,2,beta_NQ_13,0.275077599402946
45-65,2,beta_NQ_14,0.159037699960351
45-65,2,beta_NQ_15,0.0800507185687133
45-65,2,beta_NQ_16,0.0395277962597335
45-65,2,beta_NQ_17,0.0203578006828232
45-65,2,h_NQ_2,16.87211276
45-65,2,h_NQ_3,14.8650697642
45-65,2,h_NQ_4,13.6098862216
45-65,2,h_NQ_5,11.8041734866
45-65,2,h_NQ_6,10.1418952582
45-65,2,h_NQ_7,8.382623155
45-65,2,h_NQ_8,6.22077789167199
45-65,2,h_NQ_9,4.51303454257856
45-65,2,h_NQ_10,3.28207713121499
45-65,2,h_NQ_11,2.36192203575468
45-65,2,h_NQ_12,1.74939037757959
45-65,2,h_NQ_13,1.37945799228
45-65,2,h_NQ_14,1.18911394461039
45-65,2,h_NQ_15,1.08701642209018
45-65,2,h_NQ_16,1.04115454374037
45-65,2,h_NQ_17,1.02078085304957
45-65,2,P_NQ_1,0.5861445548
45-65,2,P_NQ_2,0.136794680138193
45-65,2,P_NQ_3,0.132228917030036
45-65,2,P_NQ_4,0.119076066767275
45-65,2,P_NQ_5,0.114662224876335
45-65,2,P_NQ_6,0.104860232025077
45-65,2,P_NQ_7,0.0928769051864166
45-65,2,P_NQ_8,0.085759657978555
45-65,2,P_NQ_9,0.0739197446687776
45-65,2,P_NQ_10,0.0605364808284439
45-65,2,P_NQ_11,0.0432968944523086
45-65,2,P_NQ_12,0.0269854100155926
45-65,2,P_NQ_13,0.0124293506280187
45-65,2,P_NQ_14,0.00380778028763909
45-65,2,P_NQ_15,0.000717429539390566
45-65,2,P_NQ_16,7.6717841950872e-05
45-65,2,P_NQ_17,5.52318804519086e-06
45-65,2,L_NQ,1.14233291572873
45-65,2,pi_Q,0.3
45-65,2,pi_NQ,0.7
45-65,2,y,0.186537854811097
45-65,2,nbar,2.95888314119421
45-65,2,Ptot,2.27739791256224
45-65,2,Pret,0.211222232058345
45-65,2,H,102.930168581879
45-65,2,cCheck,0
45-65,2,shareq,0.3
45-65,2,A,0.087292616
45-65,2,A_Q,2
45-65,2,xpop,0.837349364
45-65,2,h_Q_1,100
45-65,2,mig_Q_2,-0.186957318
45-65,2,med_Q_2,-59.16369116
45-65,2,mig_Q_3,-0.000862901
45-65,2,med_Q_3,-2.349440285
45-65,2,mig_Q_4,-0.0001314
45-65,2,med_Q_4,-3.415529486
45-65,2,mig_Q_5,-0.000473813
45-65,2,med_Q_5,-3.225328578
45-65,2,mig_Q_6,-0.000920023
45-65,2,med_Q_6,-3.769815305
45-65,2,mig_Q_7,-0.000317488
45-65,2,med_Q_7,-5.443209664
45-65,2,mig_Q_8,-0.000271059
45-65,2,med_Q_8,-5.588613662
45-65,2,mig_Q_9,0.000616033
45-65,2,med_Q_9,-3.907964496
45-65,2,mig_Q_10,0.001213181
45-65,2,med_Q_10,-2.50625053
45-65,2,mig_Q_11,0.001948494
45-65,2,med_Q_11,-1.606588333
45-65,2,mig_Q_12,0.00198731
45-65,2,med_Q_12,-0.839238574
45-65,2,mig_Q_13,0.001447972
45-65,2,med_Q_13,-0.495904771
45-65,2,mig_Q_14,0.000514476
45-65,2,med_Q_14,-0.241096055
45-65,2,mig_Q_15,0.000112747
45-65,2,med_Q_15,-0.124726689
45-65,2,mig_Q_16,1.48749e-05
45-65,2,med_Q_16,-0.057198537
45-65,2,mig_Q_17,1.35058e-06
45-65,2,med_Q_17,-0.013904641
45-65,2,h_NQ_1,100
45-65,2,mig_NQ_2,-0.416251255
45-65,2,med_NQ_2,-81.12788724
45-65,2,mig_NQ_3,0.003369848
45-65,2,med_NQ_3,-1.330868033
45-65,2,mig_NQ_4,0.004627893
45-65,2,med_NQ_4,-0.721622038
45-65,2,mig_NQ_5,0.004234169
45-65,2,med_NQ_5,-1.408127978
45-65,2,mig_NQ_6,0.003443651
45-65,2,med_NQ_6,-1.642970811
45-65,2,mig_NQ_7,0.004907631
45-65,2,med_NQ_7,-1.956903693
45-65,2,mig_NQ_8,0.005642876
45-65,2,med_NQ_8,-2.188200491
45-65,2,mig_NQ_9,0.007744298
45-65,2,med_NQ_9,-1.746346541
45-65,2,mig_NQ_10,0.008776855
45-65,2,med_NQ_10,-1.27747268
45-65,2,mig_NQ_11,0.009032792
45-65,2,med_NQ_11,-0.917869261
45-65,2,mig_NQ_12,0.008078016
45-65,2,med_NQ_12,-0.595733902
45-65,2,mig_NQ_13,0.005110414
45-65,2,med_NQ_13,-0.351538141
45-65,2,mig_NQ_14,0.001765014
45-65,2,med_NQ_14,-0.169778206
45-65,2,mig_NQ_15,0.000367263
45-65,2,med_NQ_15,-0.086285683
45-65,2,mig_NQ_16,4.48464e-05
45-65,2,med_NQ_16,-0.037480239
45-65,2,mig_NQ_17,3.73751e-06
45-65,2,med_NQ_17,-0.005230955
45-65,3,beta_Q_2,0.960919101309252
45-65,3,beta_Q_3,0.963560499994147
45-65,3,beta_Q_4,0.964076600018983
45-65,3,beta_Q_5,0.962424900003693
45-65,3,beta_Q_6,0.956305900022175
45-65,3,beta_Q_7,0.942098600001715
45-65,3,beta_Q_8,0.912940600055841
45-65,3,beta_Q_9,0.865348500041953
45-65,3,beta_Q_10,0.785928400220511
45-65,3,beta_Q_11,0.667295763074705
45-65,3,beta_Q_12,0.521659103888569
45-65,3,beta_Q_13,0.359734955973682
45-65,3,beta_Q_14,0.216027861519063
45-65,3,beta_Q_15,0.117518946854786
45-65,3,beta_Q_16,0.057058104084404
45-65,3,beta_Q_17,0.0293664387910884
45-65,3,h_Q_2,25.58794705
45-65,3,h_Q_3,27.4427475632
45-65,3,h_Q_4,27.837008749244
45-65,3,h_Q_5,26.613368961568
45-65,3,h_Q_6,22.886385121884
45-65,3,h_Q_7,17.270739566932
45-65,3,h_Q_8,11.486410431936
45-65,3,h_Q_9,7.42657897978255
45-65,3,h_Q_10,4.67133426863899
45-65,3,h_Q_11,3.00566297371068
45-65,3,h_Q_12,2.09055751265959
45-65,3,h_Q_13,1.56185183631599
45-65,3,h_Q_14,1.2755554356304
45-65,3,h_Q_15,1.13316874435818
45-65,3,h_Q_16,1.06051073076037
45-65,3,h_Q_17,1.03024839694558
45-65,3,P_Q_1,0.251144745
45-65,3,P_Q_2,0.0586093814471245
45-65,3,P_Q_3,0.0568679813078364
45-65,3,P_Q_4,0.0546954727767994
45-65,3,P_Q_5,0.0489759793627217
45-65,3,P_Q_6,0.0465539002391698
45-65,3,P_Q_7,0.0419258031265564
45-65,3,P_Q_8,0.0362022537457468
45-65,3,P_Q_9,0.0321353347406637
45-65,3,P_Q_10,0.0260723886827093
45-65,3,P_Q_11,0.0191639110217901
45-65,3,P_Q_12,0.0114416167357
45-65,3,P_Q_13,0.00554994570476745
45-65,3,P_Q_14,0.00169309582291336
45-65,3,P_Q_15,0.000315013364756386
45-65,3,P_Q_16,3.32503013201689e-05
45-65,3,P_Q_17,1.62521993197794e-06
45-65,3,L_Q,0.608630915157013
45-65,3,beta_NQ_2,0.907806406419834
45-65,3,beta_NQ_3,0.911270900013759
45-65,3,beta_NQ_4,0.918945800489104
45-65,3,beta_NQ_5,0.917890800003294
45-65,3,beta_NQ_6,0.906938600037125
45-65,3,beta_NQ_7,0.886138300025991
45-65,3,beta_NQ_8,0.847883199957314
45-65,3,beta_NQ_9,0.791712099862338
45-65,3,beta_NQ_10,0.705827079298838
45-65,3,beta_NQ_11,0.591640347499391
45-65,3,beta_NQ_12,0.442583034971192
45-65,3,beta_NQ_13,0.292314147433582
45-65,3,beta_NQ_14,0.170047424360433
45-65,3,beta_NQ_15,0.090590314338219
45-65,3,beta_NQ_16,0.0434898973154973
45-65,3,beta_NQ_17,0.0222164146022872
45-65,3,h_NQ_2,10.8467399
45-65,3,h_NQ_3,11.2702597008
45-65,3,h_NQ_4,12.337423602916
45-65,3,h_NQ_5,12.178903217168
45-65,3,h_NQ_6,10.745593771868
45-65,3,h_NQ_7,8.78258448803599
45-65,3,h_NQ_8,6.5738958459
45-65,3,h_NQ_9,4.80104700783855
45-65,3,h_NQ_10,3.39935561472699
45-65,3,h_NQ_11,2.44881726659069
45-65,3,h_NQ_12,1.79398841503959
45-65,3,h_NQ_13,1.413055870028
45-65,3,h_NQ_14,1.2048880844344
45-65,3,h_NQ_15,1.09961439571818
45-65,3,h_NQ_16,1.04546726364838
45-65,3,h_NQ_17,1.02271751686557
45-65,3,P_NQ_1,0.586004405
45-65,3,P_NQ_2,0.136755229371556
45-65,3,P_NQ_3,0.132691954456042
45-65,3,P_NQ_4,0.127622769201322
45-65,3,P_NQ_5,0.114277286667721
45-65,3,P_NQ_6,0.108625768309441
45-65,3,P_NQ_7,0.0978268761023816
45-65,3,P_NQ_8,0.0844719299351259
45-65,3,P_NQ_9,0.0749824650314133
45-65,3,P_NQ_10,0.0608355749843013
45-65,3,P_NQ_11,0.0447157911361322
45-65,3,P_NQ_12,0.0266971054175509
45-65,3,P_NQ_13,0.0129498898059934
45-65,3,P_NQ_14,0.00395055733588084
45-65,3,P_NQ_15,0.000735031548177291
45-65,3,P_NQ_16,7.75845086637447e-05
45-65,3,P_NQ_17,3.79216653525219e-06
45-65,3,L_NQ,1.15696255402288
45-65,3,pi_Q,0.3
45-65,3,pi_NQ,0.7
45-65,3,y,0.210745153133463
45-65,3,nbar,2.99868088941935
45-65,3,Ptot,2.30460570957874
45-65,3,Pret,0.214236173757124
45-65,3,H,100.932080792939
45-65,3,cCheck,4.44089209850063e-16
45-65,3,shareq,0.3
45-65,3,A,0.097702667
45-65,3,A_Q,2
45-65,3,xpop,0.83714915
45-65,3,h_Q_1,100
45-65,3,mig_Q_2,-0.18612713
45-65,3,med_Q_2,-72.41205295
45-65,3,mig_Q_3,-6.11209e-05
45-65,3,med_Q_3,-10.6168351
45-65,3,mig_Q_4,-7.55089e-05
45-65,3,med_Q_4,-6.015277837
45-65,3,mig_Q_5,-4.61142e-05
45-65,3,med_Q_5,-2.638441369
45-65,3,mig_Q_6,-0.0002985
45-65,3,med_Q_6,-1.988921064
45-65,3,mig_Q_7,-0.000272541
45-65,3,med_Q_7,-3.772308496
45-65,3,mig_Q_8,8.51763e-05
45-65,3,med_Q_8,-4.576767033
45-65,3,mig_Q_9,0.000691976
45-65,3,med_Q_9,-3.152484402
45-65,3,mig_Q_10,0.001451078
45-65,3,med_Q_10,-2.110921417
45-65,3,mig_Q_11,0.002216384
45-65,3,med_Q_11,-1.392713222
45-65,3,mig_Q_12,0.002031008
45-65,3,med_Q_12,-0.735520726
45-65,3,mig_Q_13,0.001615401
45-65,3,med_Q_13,-0.426588835
45-65,3,mig_Q_14,0.000611996
45-65,3,med_Q_14,-0.209758674
45-65,3,mig_Q_15,0.000145094
45-65,3,med_Q_15,-0.096368864
45-65,3,mig_Q_16,1.72942e-05
45-65,3,med_Q_16,-0.03339005
45-65,3,mig_Q_17,7.40171e-07
45-65,3,med_Q_17,-0.003393804
45-65,3,h_NQ_1,100
45-65,3,mig_NQ_2,-0.414648896
45-65,3,med_NQ_2,-87.1532601
45-65,3,mig_NQ_3,0.005099698
45-65,3,med_NQ_3,-5.264410804
45-65,3,mig_NQ_4,0.005109504
45-65,3,med_NQ_4,-2.230344766
45-65,3,mig_NQ_5,0.005288843
45-65,3,med_NQ_5,-1.15878528
45-65,3,mig_NQ_6,0.005269342
45-65,3,med_NQ_6,-0.822496245
45-65,3,mig_NQ_7,0.005475879
45-65,3,med_NQ_7,-1.156472865
45-65,3,mig_NQ_8,0.006525129
45-65,3,med_NQ_8,-1.641074846
45-65,3,mig_NQ_9,0.008225451
45-65,3,med_NQ_9,-1.295315326
45-65,3,mig_NQ_10,0.009438072
45-65,3,med_NQ_10,-1.023418237
45-65,3,mig_NQ_11,0.009809487
45-65,3,med_NQ_11,-0.767618322
45-65,3,mig_NQ_12,0.008149915
45-65,3,med_NQ_12,-0.52069518
45-65,3,mig_NQ_13,0.005526808
45-65,3,med_NQ_13,-0.3013467
45-65,3,mig_NQ_14,0.001973822
45-65,3,med_NQ_14,-0.146980748
45-65,3,mig_NQ_15,0.000430216
45-65,3,med_NQ_15,-0.06571727
45-65,3,mig_NQ_16,4.92261e-05
45-65,3,med_NQ_16,-0.01980883
45-65,3,mig_NQ_17,2.23036e-06
45-65,3,med_NQ_17,0.002386064
45-65,4,beta_Q_2,0.915780800174138
45-65,4,beta_Q_3,0.926950699992236
45-65,4,beta_Q_4,0.946298101104891
45-65,4,beta_Q_5,0.954726500006618
45-65,4,beta_Q_6,0.952895600038412
45-65,4,beta_Q_7,0.940326500011025
45-65,4,beta_Q_8,0.911711903309846
45-65,4,beta_Q_9,0.863582103908553
45-65,4,beta_Q_10,0.782460213878918
45-65,4,beta_Q_11,0.661729525310679
45-65,4,beta_Q_12,0.513075047975742
45-65,4,beta_Q_13,0.34311506784986
45-65,4,beta_Q_14,0.199175459830733
45-65,4,beta_Q_15,0.105912526264473
45-65,4,beta_Q_16,0.0500897023507679
45-65,4,beta_Q_17,0.0257230038342171
45-65,4,h_Q_2,11.873777
45-65,4,h_Q_3,13.689385109
45-65,4,h_Q_4,18.621315069936
45-65,4,h_Q_5,22.0879764132591
45-65,4,h_Q_6,21.2294392893366
45-65,4,h_Q_7,16.7578573434463
45-65,4,h_Q_8,11.3265547675934
45-65,4,h_Q_9,7.33041632029728
45-65,4,h_Q_10,4.5968599731869
45-65,4,h_Q_11,2.95621404026621
45-65,4,h_Q_12,2.05370437323647
45-65,4,h_Q_13,1.5223360154064
45-65,4,h_Q_14,1.24871273758967
45-65,4,h_Q_15,1.11845876491779
45-65,4,h_Q_16,1.05273097847102
45-65,4,h_Q_17,1.02640214614517
45-65,4,P_Q_1,0.2400099309
45-65,4,P_Q_2,0.0554021626639412
45-65,4,P_Q_3,0.055098505891539
45-65,4,P_Q_4,0.054131809069202
45-65,4,P_Q_5,0.0517083339178659
45-65,4,P_Q_6,0.047760847023935
45-65,4,P_Q_7,0.0440058162399414
45-65,4,P_Q_8,0.0383320361641815
45-65,4,P_Q_9,0.0332963169770202
45-65,4,P_Q_10,0.0266317512232805
45-65,4,P_Q_11,0.0197418465012088
45-65,4,P_Q_12,0.0120694326506273
45-65,4,P_Q_13,0.00566622449268478
45-65,4,P_Q_14,0.00175881790214782
45-65,4,P_Q_15,0.000324755838033016
45-65,4,P_Q_16,3.36133653542482e-05
45-65,4,P_Q_17,1.70191293850399e-06
45-65,4,L_Q,0.605870154767537
45-65,4,beta_NQ_2,0.799613500674926
45-65,4,beta_NQ_3,0.821086499924607
45-65,4,beta_NQ_4,0.875935005405642
45-65,4,beta_NQ_5,0.900361491462903
45-65,4,beta_NQ_6,0.900028300059175
45-65,4,beta_NQ_7,0.883267142757604
45-65,4,beta_NQ_8,0.846057803078419
45-65,4,beta_NQ_9,0.789139704543031
45-65,4,beta_NQ_10,0.701501812798948
45-65,4,beta_NQ_11,0.585631017831217
45-65,4,beta_NQ_12,0.434138626882012
45-65,4,beta_NQ_13,0.277026944002796
45-65,4,beta_NQ_14,0.155300276397469
45-65,4,beta_NQ_15,0.0806001114636423
45-65,4,beta_NQ_16,0.0376488988536307
45-65,4,beta_NQ_17,0.0191859183317102
45-65,4,h_NQ_2,4.99035614
45-65,4,h_NQ_3,5.589293146
45-65,4,h_NQ_4,8.06029097678399
45-65,4,h_NQ_5,10.0362710858577
45-65,4,h_NQ_6,10.0028308018246
45-65,4,h_NQ_7,8.56656521243064
45-65,4,h_NQ_8,6.49594458327527
45-65,4,h_NQ_9,4.742476413982
45-65,4,h_NQ_10,3.35010394968178
45-65,4,h_NQ_11,2.41330794243245
45-65,4,h_NQ_12,1.76721719825888
45-65,4,h_NQ_13,1.3831771347388
45-65,4,h_NQ_14,1.18385253262744
45-65,4,h_NQ_15,1.08766598574571
45-65,4,h_NQ_16,1.03912178980382
45-65,4,h_NQ_17,1.01955142437541
45-65,4,P_NQ_1,0.5600231721
45-65,4,P_NQ_2,0.129271716049243
45-65,4,P_NQ_3,0.128563183951006
45-65,4,P_NQ_4,0.126307551306071
45-65,4,P_NQ_5,0.120652779720837
45-65,4,P_NQ_6,0.111441979386464
45-65,4,P_NQ_7,0.102680238668745
45-65,4,P_NQ_8,0.089441420751515
45-65,4,P_NQ_9,0.0776914080283628
45-65,4,P_NQ_10,0.0621408002917497
45-65,4,P_NQ_11,0.0460642887240372
45-65,4,P_NQ_12,0.0281619995521673
45-65,4,P_NQ_13,0.0132211826090758
45-65,4,P_NQ_14,0.00410391040726062
45-65,4,P_NQ_15,0.000757765230868603
45-65,4,P_NQ_16,7.84310465538814e-05
45-65,4,P_NQ_17,3.9709196111885e-06
45-65,4,L_NQ,1.14788195904595
45-65,4,pi_Q,0.3
45-65,4,pi_NQ,0.7
45-65,4,y,0.215761771027838
45-65,4,nbar,2.96851189988507
45-65,4,Ptot,2.28657970147747
45-65,4,Pret,0.220760492667599
45-65,4,H,92.5316480411073
45-65,4,cCheck,0
45-65,4,shareq,0.3
45-65,4,A,0.100738932
45-65,4,A_Q,2
45-65,4,xpop,0.800033103
45-65,4,h_Q_1,100
45-65,4,mig_Q_2,-0.18592762
45-65,4,med_Q_2,-86.126223
45-65,4,mig_Q_3,-0.001375179
45-65,4,med_Q_3,-11.386803
45-65,4,mig_Q_4,-0.000693281
45-65,4,med_Q_4,-8.272577542
45-65,4,mig_Q_5,-0.000931951
45-65,4,med_Q_5,-5.192292161
45-65,4,mig_Q_6,0.000924829
45-65,4,med_Q_6,-4.851662293
45-65,4,mig_Q_7,0.000147452
45-65,4,med_Q_7,-5.670800076
45-65,4,mig_Q_8,5.62683e-05
45-65,4,med_Q_8,-5.598770008
45-65,4,mig_Q_9,0.001968751
45-65,4,med_Q_9,-3.926265903
45-65,4,mig_Q_10,0.001375679
45-65,4,med_Q_10,-2.681187427
45-65,4,mig_Q_11,0.002343852
45-65,4,med_Q_11,-1.621693543
45-65,4,mig_Q_12,0.002072404
45-65,4,med_Q_12,-0.891845341
45-65,4,mig_Q_13,0.001550275
45-65,4,med_Q_13,-0.526410347
45-65,4,mig_Q_14,0.000559875
45-65,4,med_Q_14,-0.281902062
45-65,4,mig_Q_15,0.000125785
45-65,4,med_Q_15,-0.131585562
45-65,4,mig_Q_16,1.56393e-05
45-65,4,med_Q_16,-0.057774391
45-65,4,mig_Q_17,7.2547e-07
45-65,4,med_Q_17,-0.01289837
45-65,4,h_NQ_1,100
45-65,4,mig_NQ_2,-0.402706837
45-65,4,med_NQ_2,-93.00964386
45-65,4,mig_NQ_3,0.003942123
45-65,4,med_NQ_3,-5.040511956
45-65,4,mig_NQ_4,0.004370837
45-65,4,med_NQ_4,-2.98456353
45-65,4,mig_NQ_5,0.003509014
45-65,4,med_NQ_5,-2.054404045
45-65,4,mig_NQ_6,0.007799497
45-65,4,med_NQ_6,-1.932494351
45-65,4,mig_NQ_7,0.006422785
45-65,4,med_NQ_7,-1.964116684
45-65,4,mig_NQ_8,0.006495656
45-65,4,med_NQ_8,-2.110988215
45-65,4,mig_NQ_9,0.010813959
45-65,4,med_NQ_9,-1.699941515
45-65,4,mig_NQ_10,0.009216146
45-65,4,med_NQ_10,-1.354922118
45-65,4,mig_NQ_11,0.010071508
45-65,4,med_NQ_11,-0.91806056
45-65,4,mig_NQ_12,0.008371549
45-65,4,med_NQ_12,-0.632623723
45-65,4,mig_NQ_13,0.005417241
45-65,4,med_NQ_13,-0.374931512
45-65,4,mig_NQ_14,0.001901815
45-65,4,med_NQ_14,-0.20094222
45-65,4,mig_NQ_15,0.000399883
45-65,4,med_NQ_15,-0.093124337
45-65,4,mig_NQ_16,4.64646e-05
45-65,4,med_NQ_16,-0.038500318
45-65,4,mig_NQ_17,2.24727e-06
45-65,4,med_NQ_17,-0.005006494
45-65,5,beta_Q_2,0.97831590005436
45-65,5,beta_Q_3,0.976824400001711
45-65,5,beta_Q_4,0.972756101044606
45-65,5,beta_Q_5,0.968474199995295
45-65,5,beta_Q_6,0.961299800006389
45-65,5,beta_Q_7,0.947256704690488
45-65,5,beta_Q_8,0.918899700325678
45-65,5,beta_Q_9,0.87503910061217
45-65,5,beta_Q_10,0.80298450290316
45-65,5,beta_Q_11,0.688932000729511
45-65,5,beta_Q_12,0.545905601157889
45-65,5,beta_Q_13,0.382226001756237
45-65,5,beta_Q_14,0.233474069512069
45-65,5,beta_Q_15,0.122301810119353
45-65,5,beta_Q_16,0.0608830171079231
45-65,5,beta_Q_17,0.0308175007459649
45-65,5,h_Q_2,46.11673992
45-65,5,h_Q_3,43.14882894
45-65,5,h_Q_4,36.70546433682
45-65,5,h_Q_5,31.7200515085373
45-65,5,h_Q_6,25.8396597469939
45-65,5,h_Q_7,18.9597541315499
45-65,5,h_Q_8,12.3304106175774
45-65,5,h_Q_9,8.00250318224148
45-65,5,h_Q_10,5.07574277589133
45-65,5,h_Q_11,3.21473118072316
45-65,5,h_Q_12,2.20218527646088
45-65,5,h_Q_13,1.61871493877174
45-65,5,h_Q_14,1.30458208009827
45-65,5,h_Q_15,1.13934367183788
45-65,5,h_Q_16,1.06483004861944
45-65,5,h_Q_17,1.0317974169016
45-65,5,P_Q_1,0.2322511179
45-65,5,P_Q_2,0.0547375935693415
45-65,5,P_Q_3,0.052932439462424
45-65,5,P_Q_4,0.05294098949888
45-65,5,P_Q_5,0.0523430946116657
45-65,5,P_Q_6,0.0508873098756514
45-65,5,P_Q_7,0.0446876891195788
45-65,5,P_Q_8,0.0408866024808203
45-65,5,P_Q_9,0.0351519314377626
45-65,5,P_Q_10,0.0273420413032195
45-65,5,P_Q_11,0.0205344860951735
45-65,5,P_Q_12,0.0126792128407374
45-65,5,P_Q_13,0.0059869172028293
45-65,5,P_Q_14,0.00185312986883465
45-65,5,P_Q_15,0.000347917847255657
45-65,5,P_Q_16,3.53494232637479e-05
45-65,5,P_Q_17,1.53344172588827e-06
45-65,5,L_Q,0.606555655363513
45-65,5,beta_NQ_2,0.949461622802603
45-65,5,beta_NQ_3,0.945148500061631
45-65,5,beta_NQ_4,0.939751299968669
45-65,5,beta_NQ_5,0.931510500004377
45-65,5,beta_NQ_6,0.91745130001448
45-65,5,beta_NQ_7,0.895631604059103
45-65,5,beta_NQ_8,0.857395600286007
45-65,5,beta_NQ_9,0.804925800395733
45-65,5,beta_NQ_10,0.726425001123515
45-65,5,beta_NQ_11,0.61504049989533
45-65,5,beta_NQ_12,0.466364099355962
45-65,5,beta_NQ_13,0.31223812072514
45-65,5,beta_NQ_14,0.183897629855855
45-65,5,beta_NQ_15,0.0940209412956333
45-65,5,beta_NQ_16,0.0461569048697826
45-65,5,beta_NQ_17,0.0231602981609627
45-65,5,h_NQ_2,19.78693429
45-65,5,h_NQ_3,18.2310419972
45-65,5,h_NQ_4,16.59786849308
45-65,5,h_NQ_5,14.6007782222483
45-65,5,h_NQ_6,12.1140611561405
45-65,5,h_NQ_7,9.58144419278814
45-65,5,h_NQ_8,7.01240635218202
45-65,5,h_NQ_9,5.12625452360976
45-65,5,h_NQ_10,3.65530475870236
45-65,5,h_NQ_11,2.59767585568814
45-65,5,h_NQ_12,1.8739368895838
45-65,5,h_NQ_13,1.4539816232937
45-65,5,h_NQ_14,1.22533462604402
45-65,5,h_NQ_15,1.10377821897489
45-65,5,h_NQ_16,1.0483904520308
45-65,5,h_NQ_17,1.02370941500774
45-65,5,P_NQ_1,0.5419192751
45-65,5,P_NQ_2,0.127721053101957
45-65,5,P_NQ_3,0.123509026870121
45-65,5,P_NQ_4,0.123528981229091
45-65,5,P_NQ_5,0.122133897276961
45-65,5,P_NQ_6,0.118737056229559
45-65,5,P_NQ_7,0.104271281715934
45-65,5,P_NQ_8,0.0954020711476459
45-65,5,P_NQ_9,0.0820211753457595
45-65,5,P_NQ_10,0.0637980985707992
45-65,5,P_NQ_11,0.0479138291237038
45-65,5,P_NQ_12,0.0295848150549501
45-65,5,P_NQ_13,0.013969466672945
45-65,5,P_NQ_14,0.00432396731349088
45-65,5,P_NQ_15,0.000811810636262007
45-65,5,P_NQ_16,8.24819265317701e-05
45-65,5,P_NQ_17,3.57876165385333e-06
45-65,5,L_NQ,1.14609919658716
45-65,5,pi_Q,0.3
45-65,5,pi_NQ,0.7
45-65,5,y,0.172747430193528
45-65,5,nbar,2.9168032309198
45-65,5,Ptot,2.28533122205653
45-65,5,Pret,0.229268636083376
45-65,5,H,100.915902125387
45-65,5,cCheck,-4.44089209850063e-16
45-65,5,shareq,0.3
45-65,5,A,0.081653838
45-65,5,A_Q,2
45-65,5,xpop,0.774170393
45-65,5,h_Q_1,100
45-65,5,mig_Q_2,-0.165058893
45-65,5,med_Q_2,-51.88326008
45-65,5,mig_Q_3,0.001577366
45-65,5,med_Q_3,31.51252748
45-65,5,mig_Q_4,0.000801378
45-65,5,med_Q_4,23.28986693
45-65,5,mig_Q_5,0.000662022
45-65,5,med_Q_5,13.47116274
45-65,5,mig_Q_6,0.001614666
45-65,5,med_Q_6,4.193442862
45-65,5,mig_Q_7,-0.000223101
45-65,5,med_Q_7,-1.845096372
45-65,5,mig_Q_8,0.000765976
45-65,5,med_Q_8,-4.092289579
45-65,5,mig_Q_9,0.002049071
45-65,5,med_Q_9,-3.09752049
45-65,5,mig_Q_10,0.001288998
45-65,5,med_Q_10,-2.108065218
45-65,5,mig_Q_11,0.00291147
45-65,5,med_Q_11,-1.290191593
45-65,5,mig_Q_12,0.002550164
45-65,5,med_Q_12,-0.694904483
45-65,5,mig_Q_13,0.001845713
45-65,5,med_Q_13,-0.393915347
45-65,5,mig_Q_14,0.000724557
45-65,5,med_Q_14,-0.187307215
45-65,5,mig_Q_15,0.000161637
45-65,5,med_Q_15,-0.084394811
45-65,5,mig_Q_16,1.90825e-05
45-65,5,med_Q_16,-0.031259541
45-65,5,mig_Q_17,6.68805e-07
45-65,5,med_Q_17,0.000121058
45-65,5,h_NQ_1,100
45-65,5,mig_NQ_2,-0.320081036
45-65,5,med_NQ_2,-78.21306571
45-65,5,mig_NQ_3,0.017365766
45-65,5,med_NQ_3,13.34049298
45-65,5,mig_NQ_4,0.010915988
45-65,5,med_NQ_4,11.12036121
45-65,5,mig_NQ_5,0.008411442
45-65,5,med_NQ_5,6.701693065
45-65,5,mig_NQ_6,0.01014614
45-65,5,med_NQ_6,2.278515492
45-65,5,mig_NQ_7,0.005838243
45-65,5,med_NQ_7,-0.221329993
45-65,5,mig_NQ_8,0.008528654
45-65,5,med_NQ_8,-1.382827556
45-65,5,mig_NQ_9,0.011439399
45-65,5,med_NQ_9,-1.239771168
45-65,5,mig_NQ_10,0.009297435
45-65,5,med_NQ_10,-0.992322127
45-65,5,mig_NQ_11,0.011522249
45-65,5,med_NQ_11,-0.685426015
45-65,5,mig_NQ_12,0.009586528
45-65,5,med_NQ_12,-0.491104894
45-65,5,mig_NQ_13,0.006167834
45-65,5,med_NQ_13,-0.277891231
45-65,5,mig_NQ_14,0.002270714
45-65,5,med_NQ_14,-0.130178966
45-65,5,mig_NQ_15,0.000481035
45-65,5,med_NQ_15,-0.056397263
45-65,5,mig_NQ_16,5.39529e-05
45-65,5,med_NQ_16,-0.017522214
45-65,5,mig_NQ_17,2.07399e-06
45-65,5,med_NQ_17,0.005370061
45-65,6,beta_Q_2,0.980093000081986
45-65,6,beta_Q_3,0.978183700006992
45-65,6,beta_Q_4,0.973443299999527
45-65,6,beta_Q_5,0.968100100598134
45-65,6,beta_Q_6,0.960728801748327
45-65,6,beta_Q_7,0.947101200015067
45-65,6,beta_Q_8,0.918668900015711
45-65,6,beta_Q_9,0.873653601874638
45-65,6,beta_Q_10,0.800306106442391
45-65,6,beta_Q_11,0.685122807218345
45-65,6,beta_Q_12,0.533326745557311
45-65,6,beta_Q_13,0.364243208418866
45-65,6,beta_Q_14,0.210392979249286
45-65,6,beta_Q_15,0.10710457224437
45-65,6,beta_Q_16,0.0513792132987517
45-65,6,beta_Q_17,0.0258055017436974
45-65,6,h_Q_2,50.23358618
45-65,6,h_Q_3,45.8372868036
45-65,6,h_Q_4,37.6552809642
45-65,6,h_Q_5,31.3480606470836
45-65,6,h_Q_6,25.4639532233665
45-65,6,h_Q_7,18.9040205110541
45-65,6,h_Q_8,12.2954195889189
45-65,6,h_Q_9,7.91474866222584
45-65,6,h_Q_10,5.00766422959665
45-65,6,h_Q_11,3.1758412533735
45-65,6,h_Q_12,2.1428257621087
45-65,6,h_Q_13,1.57292752993167
45-65,6,h_Q_14,1.2664518469963
45-65,6,h_Q_15,1.1199518834963
45-65,6,h_Q_16,1.05416200440112
45-65,6,h_Q_17,1.02648906464705
45-65,6,P_Q_1,0.2354582187
45-65,6,P_Q_2,0.0635929234469698
45-65,6,P_Q_3,0.0556168589959095
45-65,6,P_Q_4,0.0529758844302472
45-65,6,P_Q_5,0.0517508194518871
45-65,6,P_Q_6,0.0502920915819097
45-65,6,P_Q_7,0.0478914644633733
45-65,6,P_Q_8,0.041124593240228
45-65,6,P_Q_9,0.0364065528619043
45-65,6,P_Q_10,0.0293843861916378
45-65,6,P_Q_11,0.0208241592190559
45-65,6,P_Q_12,0.013313518976254
45-65,6,P_Q_13,0.00629877882953141
45-65,6,P_Q_14,0.00203395992317637
45-65,6,P_Q_15,0.000382637137344718
45-65,6,P_Q_16,4.0045288246618e-05
45-65,6,P_Q_17,1.73611087779998e-06
45-65,6,L_Q,0.625544331501579
45-65,6,beta_NQ_2,0.953018000050538
45-65,6,beta_NQ_3,0.947439199997024
45-65,6,beta_NQ_4,0.940336200557962
45-65,6,beta_NQ_5,0.929724029308708
45-65,6,beta_NQ_6,0.91563551810666
45-65,6,beta_NQ_7,0.895088600099634
45-65,6,beta_NQ_8,0.856512600216809
45-65,6,beta_NQ_9,0.802585803990379
45-65,6,beta_NQ_10,0.722879507523622
45-65,6,beta_NQ_11,0.610812705042895
45-65,6,beta_NQ_12,0.454135636348191
45-65,6,beta_NQ_13,0.296270685092385
45-65,6,beta_NQ_14,0.16523660568129
45-65,6,beta_NQ_15,0.0820849260258682
45-65,6,beta_NQ_16,0.0388798004271116
45-65,6,beta_NQ_17,0.0193578988289396
45-65,6,h_NQ_2,21.28474735
45-65,6,h_NQ_3,19.0255856062
45-65,6,h_NQ_4,16.760581795256
45-65,6,h_NQ_5,14.2296089622184
45-65,6,h_NQ_6,11.8533269328033
45-65,6,h_NQ_7,9.53185259401771
45-65,6,h_NQ_8,6.96925304993238
45-65,6,h_NQ_9,5.06549174513838
45-65,6,h_NQ_10,3.60853852513757
45-65,6,h_NQ_11,2.56945691452831
45-65,6,h_NQ_12,1.83195646157438
45-65,6,h_NQ_13,1.42100053779213
45-65,6,h_NQ_14,1.19794394082783
45-65,6,h_NQ_15,1.08942537252314
45-65,6,h_NQ_16,1.04045258559539
45-65,6,h_NQ_17,1.01974002399018
45-65,6,P_NQ_1,0.5494025103
45-65,6,P_NQ_2,0.148383499364456
45-65,6,P_NQ_3,0.129772670765607
45-65,6,P_NQ_4,0.123610397559061
45-65,6,P_NQ_5,0.120751917069742
45-65,6,P_NQ_6,0.117348222832583
45-65,6,P_NQ_7,0.111746750132136
45-65,6,P_NQ_8,0.0959573911794244
45-65,6,P_NQ_9,0.0849486214779296
45-65,6,P_NQ_10,0.0685635673926954
45-65,6,P_NQ_11,0.0485897034373559
45-65,6,P_NQ_12,0.0310648887659716
45-65,6,P_NQ_13,0.0146972830547585
45-65,6,P_NQ_14,0.00474587881150494
45-65,6,P_NQ_15,0.000892819476945964
45-65,6,P_NQ_16,9.34391663102231e-05
45-65,6,P_NQ_17,4.05092601136641e-06
45-65,6,L_NQ,1.17984763393074
45-65,6,pi_Q,0.3
45-65,6,pi_NQ,0.7
45-65,6,y,0.276496561573202
45-65,6,nbar,3.05803341297649
45-65,6,Ptot,2.35796224056105
45-65,6,Pret,0.240930852707678
45-65,6,H,103.799297970111
45-65,6,cCheck,0
45-65,6,shareq,0.3
45-65,6,A,0.126438745
45-65,6,A_Q,2
45-65,6,xpop,0.784860729
45-65,6,h_Q_1,100
45-65,6,mig_Q_2,-0.163622038
45-65,6,med_Q_2,-47.76641382
45-65,6,mig_Q_3,0.002147842
45-65,6,med_Q_3,0.642881682
45-65,6,mig_Q_4,0.001485531
45-65,6,med_Q_4,-4.630571397
45-65,6,mig_Q_5,0.000478837
45-65,6,med_Q_5,-4.623294403
45-65,6,mig_Q_6,-2.53148e-05
45-65,6,med_Q_6,-5.621697255
45-65,6,mig_Q_7,-0.000311881
45-65,6,med_Q_7,-6.418846041
45-65,6,mig_Q_8,6.10891e-05
45-65,6,med_Q_8,-6.28513946
45-65,6,mig_Q_9,0.000629177
45-65,6,med_Q_9,-4.169053743
45-65,6,mig_Q_10,0.00115793
45-65,6,med_Q_10,-2.834788889
45-65,6,mig_Q_11,0.001987352
45-65,6,med_Q_11,-1.798386667
45-65,6,mig_Q_12,0.002103628
45-65,6,med_Q_12,-1.007610795
45-65,6,mig_Q_13,0.001452454
45-65,6,med_Q_13,-0.585214041
45-65,6,mig_Q_14,0.00063617
45-65,6,med_Q_14,-0.319888793
45-65,6,mig_Q_15,0.000155996
45-65,6,med_Q_15,-0.158538555
45-65,6,mig_Q_16,1.8863e-05
45-65,6,med_Q_16,-0.062394794
45-65,6,mig_Q_17,6.4673e-07
45-65,6,med_Q_17,-0.017044383
45-65,6,h_NQ_1,100
45-65,6,mig_NQ_2,-0.366148055
45-65,6,med_NQ_2,-76.71525265
45-65,6,mig_NQ_3,0.009057309
45-65,6,med_NQ_3,-0.365609998
45-65,6,mig_NQ_4,0.007542629
45-65,6,med_NQ_4,-1.105839362
45-65,6,mig_NQ_5,0.005683374
45-65,6,med_NQ_5,-2.036302161
45-65,6,mig_NQ_6,0.00529632
45-65,6,med_NQ_6,-2.455435725
45-65,6,mig_NQ_7,0.00540209
45-65,6,med_NQ_7,-2.339927339
45-65,6,mig_NQ_8,0.006555653
45-65,6,med_NQ_8,-2.420562259
45-65,6,mig_NQ_9,0.008157033
45-65,6,med_NQ_9,-1.80666648
45-65,6,mig_NQ_10,0.008981335
45-65,6,med_NQ_10,-1.415190908
45-65,6,mig_NQ_11,0.009351289
45-65,6,med_NQ_11,-1.012741749
45-65,6,mig_NQ_12,0.008719599
45-65,6,med_NQ_12,-0.713765877
45-65,6,mig_NQ_13,0.005459776
45-65,6,med_NQ_13,-0.415457614
45-65,6,mig_NQ_14,0.002176927
45-65,6,med_NQ_14,-0.22695805
45-65,6,mig_NQ_15,0.000486276
45-65,6,med_NQ_15,-0.111402561
45-65,6,mig_NQ_16,5.59685e-05
45-65,6,med_NQ_16,-0.041250069
45-65,6,mig_NQ_17,2.14062e-06
45-65,6,med_NQ_17,-0.007682619
45-65,7,beta_Q_2,0.982471202013489
45-65,7,beta_Q_3,0.98019100022191
45-65,7,beta_Q_4,0.975467800055399
45-65,7,beta_Q_5,0.969921200004865
45-65,7,beta_Q_6,0.962053899993213
45-65,7,beta_Q_7,0.948704999989433
45-65,7,beta_Q_8,0.921555200026118
45-65,7,beta_Q_9,0.879524100023635
45-65,7,beta_Q_10,0.809581700101734
45-65,7,beta_Q_11,0.701822499941256
45-65,7,beta_Q_12,0.564004501242922
45-65,7,beta_Q_13,0.398768598629999
45-65,7,beta_Q_14,0.24479335183729
45-65,7,beta_Q_15,0.13129522576739
45-65,7,beta_Q_16,0.063957127400127
45-65,7,beta_Q_17,0.0320524055387999
45-65,7,h_Q_2,57.04897084
45-65,7,h_Q_3,50.4821040984
45-65,7,h_Q_4,40.762752631528
45-65,7,h_Q_5,33.246007153916
45-65,7,h_Q_6,26.3531693591419
45-65,7,h_Q_7,19.4950774888992
45-65,7,h_Q_8,12.747817577833
45-65,7,h_Q_9,8.30041527114052
45-65,7,h_Q_10,5.25159609398132
45-65,7,h_Q_11,3.35370710300472
45-65,7,h_Q_12,2.29360165930603
45-65,7,h_Q_13,1.66325311286653
45-65,7,h_Q_14,1.32413518733303
45-65,7,h_Q_15,1.15113837105638
45-65,7,h_Q_16,1.06832709982638
45-65,7,h_Q_17,1.0331137801131
45-65,7,P_Q_1,0.2358901014
45-65,7,P_Q_2,0.0657660659596434
45-65,7,P_Q_3,0.0631562221516183
45-65,7,P_Q_4,0.0546893617565865
45-65,7,P_Q_5,0.0511453440461974
45-65,7,P_Q_6,0.0493387557615056
45-65,7,P_Q_7,0.0472443532884943
45-65,7,P_Q_8,0.0440902573787086
45-65,7,P_Q_9,0.0366807650099546
45-65,7,P_Q_10,0.0306768565698997
45-65,7,P_Q_11,0.0224795411560028
45-65,7,P_Q_12,0.0135552590652664
45-65,7,P_Q_13,0.00670016886725621
45-65,7,P_Q_14,0.00213355284357745
45-65,7,P_Q_15,0.000419747407533996
45-65,7,P_Q_16,5.2825195095658e-05
45-65,7,P_Q_17,1.19309975567497e-06
45-65,7,L_Q,0.639805797841124
45-65,7,beta_NQ_2,0.957769101087303
45-65,7,beta_NQ_3,0.951067400044386
45-65,7,beta_NQ_4,0.944235100027504
45-65,7,beta_NQ_5,0.933317200014092
45-65,7,beta_NQ_6,0.917863944448588
45-65,7,beta_NQ_7,0.897531433097593
45-65,7,beta_NQ_8,0.860720316055193
45-65,7,beta_NQ_9,0.810532600003745
45-65,7,beta_NQ_10,0.734017600170867
45-65,7,beta_NQ_11,0.628927800124643
45-65,7,beta_NQ_12,0.484616699454873
45-65,7,beta_NQ_13,0.327474613926273
45-65,7,beta_NQ_14,0.193547122720499
45-65,7,beta_NQ_15,0.101101276818328
45-65,7,beta_NQ_16,0.0484809100193364
45-65,7,beta_NQ_17,0.0240461982203856
45-65,7,h_NQ_2,23.6793438
45-65,7,h_NQ_3,20.436273568
45-65,7,h_NQ_4,17.932427027076
45-65,7,h_NQ_5,14.9963708803509
45-65,7,h_NQ_6,12.174914554974
45-65,7,h_NQ_7,9.75908717414728
45-65,7,h_NQ_8,7.17979204713736
45-65,7,h_NQ_9,5.27795282993373
45-65,7,h_NQ_10,3.75964725723561
45-65,7,h_NQ_11,2.69489333963482
45-65,7,h_NQ_12,1.94030345723774
45-65,7,h_NQ_13,1.48692582934289
45-65,7,h_NQ_14,1.23999617303628
45-65,7,h_NQ_15,1.11247215501127
45-65,7,h_NQ_16,1.05095105307268
45-65,7,h_NQ_17,1.02463866388348
45-65,7,P_NQ_1,0.5504102366
45-65,7,P_NQ_2,0.153454152588851
45-65,7,P_NQ_3,0.147364529930619
45-65,7,P_NQ_4,0.12760851116399
45-65,7,P_NQ_5,0.119339141883062
45-65,7,P_NQ_6,0.115123769148526
45-65,7,P_NQ_7,0.110236832499397
45-65,7,P_NQ_8,0.102877266521454
45-65,7,P_NQ_9,0.0855884569485576
45-65,7,P_NQ_10,0.0715793326587763
45-65,7,P_NQ_11,0.0524522630665231
45-65,7,P_NQ_12,0.0316289318904935
45-65,7,P_NQ_13,0.0156337248770131
45-65,7,P_NQ_14,0.00497830716470543
45-65,7,P_NQ_15,0.000979408111170118
45-65,7,P_NQ_16,0.000123259043081097
45-65,7,P_NQ_17,2.78390092809376e-06
45-65,7,L_NQ,1.20440243740487
45-65,7,pi_Q,0.3
45-65,7,pi_NQ,0.7
45-65,7,y,0.324836822082527
45-65,7,nbar,3.14241375786493
45-65,7,Ptot,2.41340127895424
45-65,7,Pret,0.253397154917079
45-65,7,H,106.978693574747
45-65,7,cCheck,-4.44089209850063e-16
45-65,7,shareq,0.3
45-65,7,A,0.145740715
45-65,7,A_Q,2
45-65,7,xpop,0.786300338
45-65,7,h_Q_1,100
45-65,7,mig_Q_2,-0.165004886
45-65,7,med_Q_2,-40.95102916
45-65,7,mig_Q_3,0.000950661
45-65,7,med_Q_3,1.253189642
45-65,7,mig_Q_4,0.000549503
45-65,7,med_Q_4,-4.157788436
45-65,7,mig_Q_5,-0.000140615
45-65,7,med_Q_5,-3.656168191
45-65,7,mig_Q_6,-0.000379747
45-65,7,med_Q_6,-4.367930075
45-65,7,mig_Q_7,-0.000387347
45-65,7,med_Q_7,-5.45959667
45-65,7,mig_Q_8,9.38584e-05
45-65,7,med_Q_8,-5.778122523
45-65,7,mig_Q_9,0.000752116
45-65,7,med_Q_9,-3.749095926
45-65,7,mig_Q_10,0.00154047
45-65,7,med_Q_10,-2.504857595
45-65,7,mig_Q_11,0.002347628
45-65,7,med_Q_11,-1.553803842
45-65,7,mig_Q_12,0.002449178
45-65,7,med_Q_12,-0.818722769
45-65,7,mig_Q_13,0.00185081
45-65,7,med_Q_13,-0.436716134
45-65,7,mig_Q_14,0.000808334
45-65,7,med_Q_14,-0.217333792
45-65,7,mig_Q_15,0.000201901
45-65,7,med_Q_15,-0.089984439
45-65,7,mig_Q_16,3.31656e-05
45-65,7,med_Q_16,-0.029225746
45-65,7,mig_Q_17,1.59711e-07
45-65,7,med_Q_17,3.50158e-05
45-65,7,h_NQ_1,100
45-65,7,mig_NQ_2,-0.370136329
45-65,7,med_NQ_2,-74.3206562
45-65,7,mig_NQ_3,0.006780186
45-65,7,med_NQ_3,-0.422778835
45-65,7,mig_NQ_4,0.005578571
45-65,7,med_NQ_4,-0.712646867
45-65,7,mig_NQ_5,0.004415585
45-65,7,med_NQ_5,-1.428999279
45-65,7,mig_NQ_6,0.004559025
45-65,7,med_NQ_6,-1.770102228
45-65,7,mig_NQ_7,0.005199776
45-65,7,med_NQ_7,-1.85717322
45-65,7,mig_NQ_8,0.007164767
45-65,7,med_NQ_8,-2.161423495
45-65,7,mig_NQ_9,0.008574417
45-65,7,med_NQ_9,-1.551915159
45-65,7,mig_NQ_10,0.010171715
45-65,7,med_NQ_10,-1.204534653
45-65,7,mig_NQ_11,0.010572765
45-65,7,med_NQ_11,-0.841474415
45-65,7,mig_NQ_12,0.009562616
45-65,7,med_NQ_12,-0.577764319
45-65,7,mig_NQ_13,0.006430109
45-65,7,med_NQ_13,-0.308391503
45-65,7,mig_NQ_14,0.002549778
45-65,7,med_NQ_14,-0.152584354
45-65,7,mig_NQ_15,0.000589843
45-65,7,med_NQ_15,-0.061512907
45-65,7,mig_NQ_16,8.85464e-05
45-65,7,med_NQ_16,-0.016685812
45-65,7,mig_NQ_17,9.75115e-07
45-65,7,med_NQ_17,0.00499513
45-65,8,beta_Q_2,0.984076900170265
45-65,8,beta_Q_3,0.981349700005238
45-65,8,beta_Q_4,0.976195800002336
45-65,8,beta_Q_5,0.970504804524301
45-65,8,beta_Q_6,0.962159300001863
45-65,8,beta_Q_7,0.948815299989353
45-65,8,beta_Q_8,0.921650599973983
45-65,8,beta_Q_9,0.880413700421122
45-65,8,beta_Q_10,0.811607402573308
45-65,8,beta_Q_11,0.705571507928962
45-65,8,beta_Q_12,0.56743200160931
45-65,8,beta_Q_13,0.406678020558233
45-65,8,beta_Q_14,0.250219899970082
45-65,8,beta_Q_15,0.131435124972837
45-65,8,beta_Q_16,0.0647460680280114
45-65,8,beta_Q_17,0.0321388047175256
45-65,8,h_Q_2,62.80184135
45-65,8,h_Q_3,53.6184404572
45-65,8,h_Q_4,42.009393304432
45-65,8,h_Q_5,33.9038216428974
45-65,8,h_Q_6,26.4265724468377
45-65,8,h_Q_7,19.5370882269591
45-65,8,h_Q_8,12.7633396001212
45-65,8,h_Q_9,8.36216189027632
45-65,8,h_Q_10,5.30806411871771
45-65,8,h_Q_11,3.3964103361017
45-65,8,h_Q_12,2.31177525794463
45-65,8,h_Q_13,1.68542545711991
45-65,8,h_Q_14,1.33372437760919
45-65,8,h_Q_15,1.15132444658637
45-65,8,h_Q_16,1.06922757063525
45-65,8,h_Q_17,1.03320599782985
45-65,8,P_Q_1,0.2371570851
45-65,8,P_Q_2,0.0619843694655418
45-65,8,P_Q_3,0.0635017429736429
45-65,8,P_Q_4,0.0605532080820492
45-65,8,P_Q_5,0.0517454613824486
45-65,8,P_Q_6,0.0480742257061389
45-65,8,P_Q_7,0.0458182892841978
45-65,8,P_Q_8,0.043174637444883
45-65,8,P_Q_9,0.0390164759408191
45-65,8,P_Q_10,0.0307427090977912
45-65,8,P_Q_11,0.0235298201682264
45-65,8,P_Q_12,0.0148994633978611
45-65,8,P_Q_13,0.00705889466152286
45-65,8,P_Q_14,0.00246174979489151
45-65,8,P_Q_15,0.000482071302284158
45-65,8,P_Q_16,5.83014384195248e-05
45-65,8,P_Q_17,1.05926057587226e-06
45-65,8,L_Q,0.642954028064422
45-65,8,beta_NQ_2,0.960777500039771
45-65,8,beta_NQ_3,0.95269410000342
45-65,8,beta_NQ_4,0.944511400034005
45-65,8,beta_NQ_5,0.933747900113122
45-65,8,beta_NQ_6,0.917632100015902
45-65,8,beta_NQ_7,0.89721959992845
45-65,8,beta_NQ_8,0.86024950002811
45-65,8,beta_NQ_9,0.81121900012386
45-65,8,beta_NQ_10,0.736195901222575
45-65,8,beta_NQ_11,0.632981405821706
45-65,8,beta_NQ_12,0.488113801320407
45-65,8,beta_NQ_13,0.334880909025814
45-65,8,beta_NQ_14,0.19806959828046
45-65,8,beta_NQ_15,0.101101897984911
45-65,8,beta_NQ_16,0.0489212004345328
45-65,8,beta_NQ_17,0.0239971028930627
45-65,8,h_NQ_2,25.49557014
45-65,8,h_NQ_3,21.13901226
45-65,8,h_NQ_4,18.02171977664
45-65,8,h_NQ_5,15.0938611745345
45-65,8,h_NQ_6,12.1406518817439
45-65,8,h_NQ_7,9.72948148887455
45-65,8,h_NQ_8,7.15560946166433
45-65,8,h_NQ_9,5.29714325319461
45-65,8,h_NQ_10,3.79069165333506
45-65,8,h_NQ_11,2.7246575540909
45-65,8,h_NQ_12,1.95355920984212
45-65,8,h_NQ_13,1.50349012409299
45-65,8,h_NQ_14,1.24699100675603
45-65,8,h_NQ_15,1.11247314657556
45-65,8,h_NQ_16,1.05143736391104
45-65,8,h_NQ_17,1.02458712001123
45-65,8,P_NQ_1,0.5533665319
45-65,8,P_NQ_2,0.144630194537632
45-65,8,P_NQ_3,0.148170732928693
45-65,8,P_NQ_4,0.141290830659544
45-65,8,P_NQ_5,0.120739411337542
45-65,8,P_NQ_6,0.112173204495897
45-65,8,P_NQ_7,0.106909353507473
45-65,8,P_NQ_8,0.100740841309804
45-65,8,P_NQ_9,0.0910384433149123
45-65,8,P_NQ_10,0.0717329927717079
45-65,8,P_NQ_11,0.0549029142234742
45-65,8,P_NQ_12,0.0347654146062372
45-65,8,P_NQ_13,0.0164708492597397
45-65,8,P_NQ_14,0.00574405146734978
45-65,8,P_NQ_15,0.00112483221074555
45-65,8,P_NQ_16,0.000136036096509847
45-65,8,P_NQ_17,2.47160038238312e-06
45-65,8,L_NQ,1.2105182268343
45-65,8,pi_Q,0.3
45-65,8,pi_NQ,0.7
45-65,8,y,0.296419394332956
45-65,8,nbar,3.17723367667811
45-65,8,Ptot,2.43419867072894
45-65,8,Pret,0.264113631357719
45-65,8,H,108.484512780798
45-65,8,cCheck,4.44089209850063e-16
45-65,8,shareq,0.3
45-65,8,A,0.131969085
45-65,8,A_Q,2
45-65,8,xpop,0.790523617
45-65,8,h_Q_1,100
45-65,8,mig_Q_2,-0.169770862
45-65,8,med_Q_2,-35.19815865
45-65,8,mig_Q_3,-0.000961563
45-65,8,med_Q_3,-2.289550966
45-65,8,mig_Q_4,-0.001053653
45-65,8,med_Q_4,-7.463068712
45-65,8,mig_Q_5,-0.00129891
45-65,8,med_Q_5,-6.043675936
45-65,8,mig_Q_6,-0.001130352
45-65,8,med_Q_6,-6.154514564
45-65,8,mig_Q_7,-0.000989635
45-65,8,med_Q_7,-6.289017745
45-65,8,mig_Q_8,-0.000363642
45-65,8,med_Q_8,-6.341836339
45-65,8,mig_Q_9,0.000238032
45-65,8,med_Q_9,-4.130699336
45-65,8,mig_Q_10,0.001046633
45-65,8,med_Q_10,-2.826342847
45-65,8,mig_Q_11,0.002000112
45-65,8,med_Q_11,-1.750153836
45-65,8,mig_Q_12,0.002220901
45-65,8,med_Q_12,-0.974857703
45-65,8,mig_Q_13,0.001653483
45-65,8,med_Q_13,-0.562304169
45-65,8,mig_Q_14,0.000821593
45-65,8,med_Q_14,-0.296263673
45-65,8,mig_Q_15,0.000201946
45-65,8,med_Q_15,-0.146328037
45-65,8,mig_Q_16,3.14556e-05
45-65,8,med_Q_16,-0.058888033
45-65,8,mig_Q_17,-6.33914e-07
45-65,8,med_Q_17,-0.01375456
45-65,8,h_NQ_1,100
45-65,8,mig_NQ_2,-0.382535723
45-65,8,med_NQ_2,-72.50442986
45-65,8,mig_NQ_3,0.002225491
45-65,8,med_NQ_3,-2.066744664
45-65,8,mig_NQ_4,0.002144069
45-65,8,med_NQ_4,-2.00582832
45-65,8,mig_NQ_5,0.001640193
45-65,8,med_NQ_5,-2.479917312
45-65,8,mig_NQ_6,0.002636109
45-65,8,med_NQ_6,-2.555791581
45-65,8,mig_NQ_7,0.003582152
45-65,8,med_NQ_7,-2.201934775
45-65,8,mig_NQ_8,0.00585776
45-65,8,med_NQ_8,-2.408295969
45-65,8,mig_NQ_9,0.007653065
45-65,8,med_NQ_9,-1.739052953
45-65,8,mig_NQ_10,0.008909559
45-65,8,med_NQ_10,-1.38170212
45-65,8,mig_NQ_11,0.009884682
45-65,8,med_NQ_11,-0.959796758
45-65,8,mig_NQ_12,0.009346172
45-65,8,med_NQ_12,-0.687436263
45-65,8,mig_NQ_13,0.006113177
45-65,8,med_NQ_13,-0.398007264
45-65,8,mig_NQ_14,0.002718189
45-65,8,med_NQ_14,-0.210196306
45-65,8,mig_NQ_15,0.000621519
45-65,8,med_NQ_15,-0.102723103
45-65,8,mig_NQ_16,8.85535e-05
45-65,8,med_NQ_16,-0.038785348
45-65,8,mig_NQ_17,-4.92311e-07
45-65,8,med_NQ_17,-0.005344912
45-65,9,beta_Q_2,0.96266830069613
45-65,9,beta_Q_3,0.969614707442619
45-65,9,beta_Q_4,0.968790300004278
45-65,9,beta_Q_5,0.964848000001087
45-65,9,beta_Q_6,0.959020300055827
45-65,9,beta_Q_7,0.946032000001399
45-65,9,beta_Q_8,0.917943999970297
45-65,9,beta_Q_9,0.873158899942629
45-65,9,beta_Q_10,0.799224600206456
45-65,9,beta_Q_11,0.684108700263053
45-65,9,beta_Q_12,0.524296802675033
45-65,9,beta_Q_13,0.349467602064531
45-65,9,beta_Q_14,0.192348504105645
45-65,9,beta_Q_15,0.0924704818850259
45-65,9,beta_Q_16,0.0424817826895312
45-65,9,beta_Q_17,0.0212006195287917
45-65,9,h_Q_2,26.78688621
45-65,9,h_Q_3,32.910650873
45-65,9,h_Q_4,32.041320488056
45-65,9,h_Q_5,28.4478834783434
45-65,9,h_Q_6,24.4023260340395
45-65,9,h_Q_7,18.5294989619009
45-65,9,h_Q_8,12.1867992544199
45-65,9,h_Q_9,7.88387990511878
45-65,9,h_Q_10,4.98068986947079
45-65,9,h_Q_11,3.16564590534336
45-65,9,h_Q_12,2.10215109137966
45-65,9,h_Q_13,1.53720245078573
45-65,9,h_Q_14,1.23815779997752
45-65,9,h_Q_15,1.10188878805701
45-65,9,h_Q_16,1.04436624765465
45-65,9,h_Q_17,1.02165980522254
45-65,9,P_Q_1,0.2266226103
45-65,9,P_Q_2,0.0414496791586237
45-65,9,P_Q_3,0.0516282473800233
45-65,9,P_Q_4,0.0542348667836981
45-65,9,P_Q_5,0.0536468613729884
45-65,9,P_Q_6,0.0465962209020102
45-65,9,P_Q_7,0.0430398818851261
45-65,9,P_Q_8,0.0405670228085624
45-65,9,P_Q_9,0.0371925523171898
45-65,9,P_Q_10,0.0321428766958922
45-65,9,P_Q_11,0.0230125536159499
45-65,9,P_Q_12,0.0151273569555638
45-65,9,P_Q_13,0.007414317282022
45-65,9,P_Q_14,0.00240623391610559
45-65,9,P_Q_15,0.000495740391943421
45-65,9,P_Q_16,5.76669213320421e-05
45-65,9,P_Q_17,8.54411595041675e-12
45-65,9,L_Q,0.585020664151676
45-65,9,beta_NQ_2,0.905323203444421
45-65,9,beta_NQ_3,0.921064334809679
45-65,9,beta_NQ_4,0.926780500018136
45-65,9,beta_NQ_5,0.920391449983453
45-65,9,beta_NQ_6,0.910466100140916
45-65,9,beta_NQ_7,0.891719300024289
45-65,9,beta_NQ_8,0.853882599839066
45-65,9,beta_NQ_9,0.800513300016735
45-65,9,beta_NQ_10,0.720826100181882
45-65,9,beta_NQ_11,0.609624400096542
45-65,9,beta_NQ_12,0.445819901310995
45-65,9,beta_NQ_13,0.283781100700842
45-65,9,beta_NQ_14,0.150601997808238
45-65,9,beta_NQ_15,0.0702885184474611
45-65,9,beta_NQ_16,0.0318585909122844
45-65,9,beta_NQ_17,0.0157289018500441
45-65,9,h_NQ_2,10.56224967
45-65,9,h_NQ_3,12.6685390672
45-65,9,h_NQ_4,13.6575639018
45-65,9,h_NQ_5,12.5614569281072
45-65,9,h_NQ_6,11.1689538810438
45-65,9,h_NQ_7,9.23525614610899
45-65,9,h_NQ_8,6.84381188609706
45-65,9,h_NQ_9,5.01286551943104
45-65,9,h_NQ_10,3.58199674313072
45-65,9,h_NQ_11,2.56163551226836
45-65,9,h_NQ_12,1.80446753900908
45-65,9,h_NQ_13,1.39622118364528
45-65,9,h_NQ_14,1.17730439361113
45-65,9,h_NQ_15,1.07560120862091
45-65,9,h_NQ_16,1.03290686064405
45-65,9,h_NQ_17,1.01598024863282
45-65,9,P_NQ_1,0.5287860907
45-65,9,P_NQ_2,0.0967159191245605
45-65,9,P_NQ_3,0.120465910018348
45-65,9,P_NQ_4,0.126548024402544
45-65,9,P_NQ_5,0.125176018433588
45-65,9,P_NQ_6,0.108724515580353
45-65,9,P_NQ_7,0.100426401660501
45-65,9,P_NQ_8,0.0946563969031318
45-65,9,P_NQ_9,0.0867826385589756
45-65,9,P_NQ_10,0.0750000478221221
45-65,9,P_NQ_11,0.0536959626084339
45-65,9,P_NQ_12,0.0352971661651882
45-65,9,P_NQ_13,0.017300073645996
45-65,9,P_NQ_14,0.00561456349621466
45-65,9,P_NQ_15,0.00115672150547207
45-65,9,P_NQ_16,0.000134555342037102
45-65,9,P_NQ_17,2.20511739353022e-12
45-65,9,L_NQ,1.10719952706635
45-65,9,pi_Q,0.3
45-65,9,pi_NQ,0.7
45-65,9,y,0.31809386776128
45-65,9,nbar,2.90649657453114
45-65,9,Ptot,2.25211569466525
45-65,9,Pret,0.268855836375022
45-65,9,H,93.4093995538607
45-65,9,cCheck,0
45-65,9,shareq,0.3
45-65,9,A,0.150728864
45-65,9,A_Q,2
45-65,9,xpop,0.755408701
45-65,9,h_Q_1,100
45-65,9,mig_Q_2,-0.19193113
45-65,9,med_Q_2,-71.21311379
45-65,9,mig_Q_3,-0.009200095
45-65,9,med_Q_3,-28.63515365
45-65,9,mig_Q_4,-0.007755268
45-65,9,med_Q_4,-20.50475116
45-65,9,mig_Q_5,-0.005120318
45-65,9,med_Q_5,-12.72132196
45-65,9,mig_Q_6,-0.003191156
45-65,9,med_Q_6,-8.823419176
45-65,9,mig_Q_7,-0.002573679
45-65,9,med_Q_7,-7.368542036
45-65,9,mig_Q_8,-0.001661431
45-65,9,med_Q_8,-6.959547208
45-65,9,mig_Q_9,-0.00081899
45-65,9,med_Q_9,-4.624192903
45-65,9,mig_Q_10,0.000476816
45-65,9,med_Q_10,-3.214228783
45-65,9,mig_Q_11,0.001321374
45-65,9,med_Q_11,-2.036256931
45-65,9,mig_Q_12,0.001775784
45-65,9,med_Q_12,-1.226331038
45-65,9,mig_Q_13,0.001355033
45-65,9,med_Q_13,-0.728337302
45-65,9,mig_Q_14,0.000639958
45-65,9,med_Q_14,-0.413559148
45-65,9,mig_Q_15,0.00017218
45-65,9,med_Q_15,-0.205161102
45-65,9,mig_Q_16,2.64547e-05
45-65,9,med_Q_16,-0.08393171
45-65,9,mig_Q_17,-1.87373e-06
45-65,9,med_Q_17,-0.026183214
45-65,9,h_NQ_1,100
45-65,9,mig_NQ_2,-0.434946194
45-65,9,med_NQ_2,-87.43775033
45-65,9,mig_NQ_3,-0.017322423
45-65,9,med_NQ_3,-12.31711967
45-65,9,mig_NQ_4,-0.013400922
45-65,9,med_NQ_4,-7.058668113
45-65,9,mig_NQ_5,-0.006753998
45-65,9,med_NQ_5,-5.099828453
45-65,9,mig_NQ_6,-0.002069844
45-65,9,med_NQ_6,-3.62303007
45-65,9,mig_NQ_7,-0.000217596
45-65,9,med_NQ_7,-2.662582698
45-65,9,mig_NQ_8,0.002687679
45-65,9,med_NQ_8,-2.691079973
45-65,9,mig_NQ_9,0.005059754
45-65,9,med_NQ_9,-1.999631753
45-65,9,mig_NQ_10,0.007977919
45-65,9,med_NQ_10,-1.609203645
45-65,9,mig_NQ_11,0.008290312
45-65,9,med_NQ_11,-1.153242308
45-65,9,mig_NQ_12,0.008498296
45-65,9,med_NQ_12,-0.865696864
45-65,9,mig_NQ_13,0.0056578
45-65,9,med_NQ_13,-0.518266842
45-65,9,mig_NQ_14,0.002352189
45-65,9,med_NQ_14,-0.296115928
45-65,9,mig_NQ_15,0.000575987
45-65,9,med_NQ_15,-0.146449978
45-65,9,mig_NQ_16,7.95272e-05
45-65,9,med_NQ_16,-0.057316823
45-65,9,mig_NQ_17,-3.26447e-06
45-65,9,med_NQ_17,-0.014428368
45-65,10,beta_Q_2,0.986426700069285
45-65,10,beta_Q_3,0.987473200142563
45-65,10,beta_Q_4,0.984694600000777
45-65,10,beta_Q_5,0.980313000051596
45-65,10,beta_Q_6,0.97328560153488
45-65,10,beta_Q_7,0.962059500005814
45-65,10,beta_Q_8,0.939212103062337
45-65,10,beta_Q_9,0.902843200521366
45-65,10,beta_Q_10,0.840300099934678
45-65,10,beta_Q_11,0.742515600294894
45-65,10,beta_Q_12,0.605056707370968
45-65,10,beta_Q_13,0.440940987893285
45-65,10,beta_Q_14,0.277381426484267
45-65,10,beta_Q_15,0.155285704313517
45-65,10,beta_Q_16,0.0771783404487145
45-65,10,beta_Q_17,0.0382366976780276
45-65,10,h_Q_2,73.67405126
45-65,10,h_Q_3,79.8288469458
45-65,10,h_Q_4,65.33641721554
45-65,10,h_Q_5,50.7949408282949
45-65,10,h_Q_6,37.4329949397765
45-65,10,h_Q_7,26.3570590833587
45-65,10,h_Q_8,16.4506423146629
45-65,10,h_Q_9,10.2926403463315
45-65,10,h_Q_10,6.26174468001641
45-65,10,h_Q_11,3.88373043608137
45-65,10,h_Q_12,2.53200133323649
45-65,10,h_Q_13,1.78871901655207
45-65,10,h_Q_14,1.38385588177002
45-65,10,h_Q_15,1.18383221897797
45-65,10,h_Q_16,1.08363083129587
45-65,10,h_Q_17,1.03975676670155
45-65,10,P_Q_1,0.228139101
45-65,10,P_Q_2,0.0460741171568224
45-65,10,P_Q_3,0.0462082265309793
45-65,10,P_Q_4,0.0573718052679878
45-65,10,P_Q_5,0.0582240677465765
45-65,10,P_Q_6,0.0546503800909767
45-65,10,P_Q_7,0.0460425580524357
45-65,10,P_Q_8,0.0416365793358818
45-65,10,P_Q_9,0.0380139590094719
45-65,10,P_Q_10,0.0329401667563637
45-65,10,P_Q_11,0.0259605915991424
45-65,10,P_Q_12,0.0158181112822303
45-65,10,P_Q_13,0.00797567816083508
45-65,10,P_Q_14,0.00270104683816156
45-65,10,P_Q_15,0.000519900609750377
45-65,10,P_Q_16,6.34524356009634e-05
45-65,10,P_Q_17,1.06309045855739e-06
45-65,10,L_Q,0.609275499576717
45-65,10,beta_NQ_2,0.965960400004401
45-65,10,beta_NQ_3,0.968815599997748
45-65,10,beta_NQ_4,0.964758999992157
45-65,10,beta_NQ_5,0.955200000144948
45-65,10,beta_NQ_6,0.94075630351581
45-65,10,beta_NQ_7,0.922422428101573
45-65,10,beta_NQ_8,0.889363701409856
45-65,10,beta_NQ_9,0.84350539996961
45-65,10,beta_NQ_10,0.772416900029399
45-65,10,beta_NQ_11,0.674246481443401
45-65,10,beta_NQ_12,0.526415033258905
45-65,10,beta_NQ_13,0.366288453122011
45-65,10,beta_NQ_14,0.221180203623582
45-65,10,beta_NQ_15,0.120159597731927
45-65,10,beta_NQ_16,0.0586116104771719
45-65,10,beta_NQ_17,0.0286947287857468
45-65,10,h_NQ_2,29.3775485
45-65,10,h_NQ_3,32.0673157066
45-65,10,h_NQ_4,28.376039265856
45-65,10,h_NQ_5,22.321428572764
45-65,10,h_NQ_6,16.8794319055451
45-65,10,h_NQ_7,12.8903188534229
45-65,10,h_NQ_8,9.03862475718681
45-65,10,h_NQ_9,6.38999683537512
45-65,10,h_NQ_10,4.39399937904242
45-65,10,h_NQ_11,3.0697983132681
45-65,10,h_NQ_12,2.11155202702299
45-65,10,h_NQ_13,1.5780048862289
45-65,10,h_NQ_14,1.28399406397237
45-65,10,h_NQ_15,1.13656976573891
45-65,10,h_NQ_16,1.06226012444849
45-65,10,h_NQ_17,1.02954240843116
45-65,10,P_NQ_1,0.532324569
45-65,10,P_NQ_2,0.107506275569376
45-65,10,P_NQ_3,0.10781919871397
45-65,10,P_NQ_4,0.133867544321945
45-65,10,P_NQ_5,0.135856164672399
45-65,10,P_NQ_6,0.127517561334397
45-65,10,P_NQ_7,0.107432634928792
45-65,10,P_NQ_8,0.0971520259423504
45-65,10,P_NQ_9,0.0886992446526199
45-65,10,P_NQ_10,0.0768603999159602
45-65,10,P_NQ_11,0.0605747141607732
45-65,10,P_NQ_12,0.0369089277508909
45-65,10,P_NQ_13,0.0186099156659776
45-65,10,P_NQ_14,0.00630244265331665
45-65,10,P_NQ_15,0.00121309134987813
45-65,10,P_NQ_16,0.000148055517242276
45-65,10,P_NQ_17,2.48052576830068e-06
45-65,10,L_NQ,1.14988767579142
45-65,10,pi_Q,0.3
45-65,10,pi_NQ,0.7
45-65,10,y,0.150183600302503
45-65,10,nbar,2.93372216662271
45-65,10,Ptot,2.34113605163933
45-65,10,Pret,0.28660003831235
45-65,10,H,112.600076891662
45-65,10,cCheck,-4.44089209850063e-16
45-65,10,shareq,0.3
45-65,10,A,0.070701597
45-65,10,A_Q,2
45-65,10,xpop,0.76046367
45-65,10,h_Q_1,100
45-65,10,mig_Q_2,-0.172088286
45-65,10,med_Q_2,-24.32594874
45-65,10,mig_Q_3,0.006018008
45-65,10,med_Q_3,53.57769846
45-65,10,mig_Q_4,0.00735486
45-65,10,med_Q_4,33.08397936
45-65,10,mig_Q_5,0.005895665
45-65,10,med_Q_5,19.39444675
45-65,10,mig_Q_6,0.003201951
45-65,10,med_Q_6,9.554069131
45-65,10,mig_Q_7,0.001961042
45-65,10,med_Q_7,2.44277957
45-65,10,mig_Q_8,0.002128378
45-65,10,med_Q_8,-1.708266668
45-65,10,mig_Q_9,0.002592502
45-65,10,med_Q_9,-1.650422923
45-65,10,mig_Q_10,0.003214964
45-65,10,med_Q_10,-1.464457627
45-65,10,mig_Q_11,0.00397137
45-65,10,med_Q_11,-0.997345636
45-65,10,mig_Q_12,0.003752703
45-65,10,med_Q_12,-0.570331654
45-65,10,mig_Q_13,0.002689157
45-65,10,med_Q_13,-0.271389053
45-65,10,mig_Q_14,0.001274914
45-65,10,med_Q_14,-0.12260252
45-65,10,mig_Q_15,0.000297395
45-65,10,med_Q_15,-0.029562425
45-65,10,mig_Q_16,4.23925e-05
45-65,10,med_Q_16,0.003779819
45-65,10,mig_Q_17,-1.59484e-07
45-65,10,med_Q_17,0.016277844
45-65,10,h_NQ_1,100
45-65,10,mig_NQ_2,-0.371216042
45-65,10,med_NQ_2,-68.6224515
45-65,10,mig_NQ_3,0.018737615
45-65,10,med_NQ_3,21.71631103
45-65,10,mig_NQ_4,0.022222088
45-65,10,med_NQ_4,15.96087098
45-65,10,mig_NQ_5,0.019382445
45-65,10,med_NQ_5,8.937015949
45-65,10,mig_NQ_6,0.01354904
45-65,10,med_NQ_6,4.569204116
45-65,10,mig_NQ_7,0.010480886
45-65,10,med_NQ_7,1.94474405
45-65,10,mig_NQ_8,0.011399669
45-65,10,med_NQ_8,-0.011926266
45-65,10,mig_NQ_9,0.01292554
45-65,10,med_NQ_9,-0.316938813
45-65,10,mig_NQ_10,0.014305209
45-65,10,med_NQ_10,-0.51860883
45-65,10,mig_NQ_11,0.014852855
45-65,10,med_NQ_11,-0.440558495
45-65,10,mig_NQ_12,0.012970199
45-65,10,med_NQ_12,-0.398850775
45-65,10,mig_NQ_13,0.008593247
45-65,10,med_NQ_13,-0.190373302
45-65,10,mig_NQ_14,0.003697017
45-65,10,med_NQ_14,-0.084302696
45-65,10,mig_NQ_15,0.000818452
45-65,10,med_NQ_15,-0.01718854
45-65,10,mig_NQ_16,0.000111204
45-65,10,med_NQ_16,0.00817094
45-65,10,mig_NQ_17,3.64118e-07
45-65,10,med_NQ_17,0.017293685
45-65,11,beta_Q_2,0.993591100002428
45-65,11,beta_Q_3,0.991658700496937
45-65,11,beta_Q_4,0.988412000144944
45-65,11,beta_Q_5,0.983095300000944
45-65,11,beta_Q_6,0.975058800018706
45-65,11,beta_Q_7,0.962736404057653
45-65,11,beta_Q_8,0.941151100012965
45-65,11,beta_Q_9,0.907147799994951
45-65,11,beta_Q_10,0.848107599906427
45-65,11,beta_Q_11,0.750221225887767
45-65,11,beta_Q_12,0.616204873850281
45-65,11,beta_Q_13,0.447024208628429
45-65,11,beta_Q_14,0.279029953486581
45-65,11,beta_Q_15,0.149287502194982
45-65,11,beta_Q_16,0.0709255058263431
45-65,11,beta_Q_17,0.0340335968057298
45-65,11,h_Q_2,156.03301659
45-65,11,h_Q_3,119.8853895648
45-65,11,h_Q_4,86.296168443884
45-65,11,h_Q_5,59.1551462052292
45-65,11,h_Q_6,40.094301801729
45-65,11,h_Q_7,26.835839800981
45-65,11,h_Q_8,16.9926710646915
45-65,11,h_Q_9,10.7698040533697
45-65,11,h_Q_10,6.58360786540487
45-65,11,h_Q_11,4.00353912341608
45-65,11,h_Q_12,2.60555494335975
45-65,11,h_Q_13,1.80839740357176
45-65,11,h_Q_14,1.38701295622103
45-65,11,h_Q_15,1.17548525513462
45-65,11,h_Q_16,1.07633995359841
45-65,11,h_Q_17,1.03523269166995
45-65,11,P_Q_1,0.2458306653
45-65,11,P_Q_2,0.0619474285562033
45-65,11,P_Q_3,0.0470410209125907
45-65,11,P_Q_4,0.047841618140668
45-65,11,P_Q_5,0.0581952385406371
45-65,11,P_Q_6,0.0579836048005343
45-65,11,P_Q_7,0.0531009223454527
45-65,11,P_Q_8,0.0440684367787978
45-65,11,P_Q_9,0.0387561435463693
45-65,11,P_Q_10,0.033816558554572
45-65,11,P_Q_11,0.0269581076929153
45-65,11,P_Q_12,0.0185859610743795
45-65,11,P_Q_13,0.00903058161539256
45-65,11,P_Q_14,0.00325755898543185
45-65,11,P_Q_15,0.000714998960647717
45-65,11,P_Q_16,9.42372662588089e-05
45-65,11,P_Q_17,1.15970085571844e-11
45-65,11,L_Q,0.64487774970061
45-65,11,beta_NQ_2,0.983665399999646
45-65,11,beta_NQ_3,0.978835400001824
45-65,11,beta_NQ_4,0.972980100144218
45-65,11,beta_NQ_5,0.961216512998593
45-65,11,beta_NQ_6,0.944081100012597
45-65,11,beta_NQ_7,0.923078700404588
45-65,11,beta_NQ_8,0.891839629677109
45-65,11,beta_NQ_9,0.849085600046479
45-65,11,beta_NQ_10,0.781791099620542
45-65,11,beta_NQ_11,0.682715361040902
45-65,11,beta_NQ_12,0.537869174743662
45-65,11,beta_NQ_13,0.372200304897387
45-65,11,beta_NQ_14,0.223064448964196
45-65,11,beta_NQ_15,0.115793400331142
45-65,11,beta_NQ_16,0.0540179978328478
45-65,11,beta_NQ_17,0.025615596515411
45-65,11,h_NQ_2,61.21974214
45-65,11,h_NQ_3,47.24870775
45-65,11,h_NQ_4,37.009759471468
45-65,11,h_NQ_5,25.7841607835389
45-65,11,h_NQ_6,17.8830413343087
45-65,11,h_NQ_7,13.0003003064342
45-65,11,h_NQ_8,9.24552793635446
45-65,11,h_NQ_9,6.62627290904307
45-65,11,h_NQ_10,4.58276448966762
45-65,11,h_NQ_11,3.15174253546158
45-65,11,h_NQ_12,2.16388859600274
45-65,11,h_NQ_13,1.59286473048253
45-65,11,h_NQ_14,1.28710051350432
45-65,11,h_NQ_15,1.13095740269293
45-65,11,h_NQ_16,1.05710256342413
45-65,11,h_NQ_17,1.02628900495952
45-65,11,P_NQ_1,0.5736048857
45-65,11,P_NQ_2,0.14454400060341
45-65,11,P_NQ_3,0.109762384869268
45-65,11,P_NQ_4,0.111630444331245
45-65,11,P_NQ_5,0.135788889355725
45-65,11,P_NQ_6,0.135295084287042
45-65,11,P_NQ_7,0.123902163551665
45-65,11,P_NQ_8,0.102826353852484
45-65,11,P_NQ_9,0.0904310065003603
45-65,11,P_NQ_10,0.0789053085895259
45-65,11,P_NQ_11,0.0629023192056688
45-65,11,P_NQ_12,0.0433671901695921
45-65,11,P_NQ_13,0.0210713480522659
45-65,11,P_NQ_14,0.00760097093641862
45-65,11,P_NQ_15,0.00166833197395107
45-65,11,P_NQ_16,0.000219884237672283
45-65,11,P_NQ_17,2.29125005838702e-11
45-65,11,L_NQ,1.21846068525891
45-65,11,pi_Q,0.3
45-65,11,pi_NQ,0.7
45-65,11,y,0.349509062668887
45-65,11,nbar,3.22518743143824
45-65,11,Ptot,2.49074364932166
45-65,11,Pret,0.308193357349202
45-65,11,H,136.983936180097
45-65,11,cCheck,0
45-65,11,shareq,0.3
45-65,11,A,0.153982005
45-65,11,A_Q,2
45-65,11,xpop,0.819435551
45-65,11,h_Q_1,100
45-65,11,mig_Q_2,-0.163095072
45-65,11,med_Q_2,58.03301659
45-65,11,mig_Q_3,0.001544065
45-65,11,med_Q_3,47.68481933
45-65,11,mig_Q_4,0.002340627
45-65,11,med_Q_4,8.063898437
45-65,11,mig_Q_5,0.001952912
45-65,11,med_Q_5,-4.874542666
45-65,11,mig_Q_6,0.001314958
45-65,11,med_Q_6,-9.68474021
45-65,11,mig_Q_7,0.000524005
45-65,11,med_Q_7,-9.84849524
45-65,11,mig_Q_8,0.000824709
45-65,11,med_Q_8,-8.837246837
45-65,11,mig_Q_9,0.001164841
45-65,11,med_Q_9,-5.351825415
45-65,11,mig_Q_10,0.001873425
45-65,11,med_Q_10,-3.503179674
45-65,11,mig_Q_11,0.00249952
45-65,11,med_Q_11,-2.132970663
45-65,11,mig_Q_12,0.002878331
45-65,11,med_Q_12,-1.200500884
45-65,11,mig_Q_13,0.002055728
45-65,11,med_Q_13,-0.672963903
45-65,11,mig_Q_14,0.001045254
45-65,11,med_Q_14,-0.36593168
45-65,11,mig_Q_15,0.000295565
45-65,11,med_Q_15,-0.180693509
45-65,11,mig_Q_16,5.41122e-05
45-65,11,med_Q_16,-0.083815621
45-65,11,mig_Q_17,-2.4262e-06
45-65,11,med_Q_17,-0.026725523
45-65,11,h_NQ_1,100
45-65,11,mig_NQ_2,-0.369660453
45-65,11,med_NQ_2,-36.78025786
45-65,11,mig_NQ_3,0.005608628
45-65,11,med_NQ_3,18.45871022
45-65,11,mig_NQ_4,0.007610902
45-65,11,med_NQ_4,5.583790079
45-65,11,mig_NQ_5,0.007918611
45-65,11,med_NQ_5,-2.024357697
45-65,11,mig_NQ_6,0.007487541
45-65,11,med_NQ_6,-3.991958667
45-65,11,mig_NQ_7,0.006277105
45-65,11,med_NQ_7,-3.541542961
45-65,11,mig_NQ_8,0.007279668
45-65,11,med_NQ_8,-3.38698454
45-65,11,mig_NQ_9,0.008482748
45-65,11,med_NQ_9,-2.231579353
45-65,11,mig_NQ_10,0.010392513
45-65,11,med_NQ_10,-1.679432409
45-65,11,mig_NQ_11,0.011079465
45-65,11,med_NQ_11,-1.154376856
45-65,11,mig_NQ_12,0.01147975
45-65,11,med_NQ_12,-0.844513751
45-65,11,mig_NQ_13,0.007552034
45-65,11,med_NQ_13,-0.476456256
45-65,11,mig_NQ_14,0.003484826
45-65,11,med_NQ_14,-0.259344275
45-65,11,mig_NQ_15,0.000911033
45-65,11,med_NQ_15,-0.12735678
45-65,11,mig_NQ_16,0.000148783
45-65,11,med_NQ_16,-0.056735807
45-65,11,mig_NQ_17,-4.24839e-06
45-65,11,med_NQ_17,-0.014725917
45-65,12,beta_Q_2,0.994794700000283
45-65,12,beta_Q_3,0.993151300000353
45-65,12,beta_Q_4,0.990040699999411
45-65,12,beta_Q_5,0.985406799999085
45-65,12,beta_Q_6,0.977888601593333
45-65,12,beta_Q_7,0.965888600186084
45-65,12,beta_Q_8,0.944514900010858
45-65,12,beta_Q_9,0.912696100054757
45-65,12,beta_Q_10,0.85859640011135
45-65,12,beta_Q_11,0.767505400001658
45-65,12,beta_Q_12,0.638155199373967
45-65,12,beta_Q_13,0.470897593289184
45-65,12,beta_Q_14,0.297350425750987
45-65,12,beta_Q_15,0.160490828553725
45-65,12,beta_Q_16,0.0768615017820746
45-65,12,beta_Q_17,0.0364280247042793
45-65,12,h_Q_2,192.11188596
45-65,12,h_Q_3,146.0131119812
45-65,12,h_Q_4,100.408663253504
45-65,12,h_Q_5,68.5250664650063
45-65,12,h_Q_6,45.2255397711246
45-65,12,h_Q_7,29.3157126396944
45-65,12,h_Q_8,18.0228565869614
45-65,12,h_Q_9,11.4542420253977
45-65,12,h_Q_10,7.07195573430226
45-65,12,h_Q_11,4.30117516309678
45-65,12,h_Q_12,2.76361577694776
45-65,12,h_Q_13,1.88998546249255
45-65,12,h_Q_14,1.42318386650033
45-65,12,h_Q_15,1.19117217809661
45-65,12,h_Q_16,1.08326107103193
45-65,12,h_Q_17,1.03779881652644
45-65,12,P_Q_1,0.264807645
45-65,12,P_Q_2,0.0617253131497558
45-65,12,P_Q_3,0.0621279115011714
45-65,12,P_Q_4,0.0470734635690739
45-65,12,P_Q_5,0.0475125439385306
45-65,12,P_Q_6,0.0571084784582359
45-65,12,P_Q_7,0.0559398941799664
45-65,12,P_Q_8,0.0503188094771259
45-65,12,P_Q_9,0.040765321473103
45-65,12,P_Q_10,0.0343554498847402
45-65,12,P_Q_11,0.0278630880141164
45-65,12,P_Q_12,0.0195343213501552
45-65,12,P_Q_13,0.0108637735408733
45-65,12,P_Q_14,0.00375782376809976
45-65,12,P_Q_15,0.000857172844187942
45-65,12,P_Q_16,0.000128705962949249
45-65,12,P_Q_17,5.31239265016876e-11
45-65,12,L_Q,0.673752050679904
45-65,12,beta_NQ_2,0.9858635999994
45-65,12,beta_NQ_3,0.9818701999993
45-65,12,beta_NQ_4,0.976348704006461
45-65,12,beta_NQ_5,0.966116906483536
45-65,12,beta_NQ_6,0.949930801722291
45-65,12,beta_NQ_7,0.928669100105706
45-65,12,beta_NQ_8,0.896660599994639
45-65,12,beta_NQ_9,0.856564299964593
45-65,12,beta_NQ_10,0.79491340015851
45-65,12,beta_NQ_11,0.702279799376932
45-65,12,beta_NQ_12,0.560721899993885
45-65,12,beta_NQ_13,0.394610637288873
45-65,12,beta_NQ_14,0.238564330831283
45-65,12,beta_NQ_15,0.124762311463605
45-65,12,beta_NQ_16,0.0583731004118958
45-65,12,beta_NQ_17,0.0272748173711475
45-65,12,h_NQ_2,70.73936787
45-65,12,h_NQ_3,55.1578064822
45-65,12,h_NQ_4,42.280973987
45-65,12,h_NQ_5,29.5132381610386
45-65,12,h_NQ_6,19.9723582498681
45-65,12,h_NQ_7,14.0191698136225
45-65,12,h_NQ_8,9.67685122930548
45-65,12,h_NQ_9,6.97176504662737
45-65,12,h_NQ_10,4.87598897486221
45-65,12,h_NQ_11,3.35885840987426
45-65,12,h_NQ_12,2.27646222275234
45-65,12,h_NQ_13,1.65182638508269
45-65,12,h_NQ_14,1.31330835787288
45-65,12,h_NQ_15,1.14254676423424
45-65,12,h_NQ_16,1.06199175063907
45-65,12,h_NQ_17,1.02803661115565
45-65,12,P_NQ_1,0.617884505
45-65,12,P_NQ_2,0.144025731333841
45-65,12,P_NQ_3,0.144965127648503
45-65,12,P_NQ_4,0.109838085222169
45-65,12,P_NQ_5,0.110862607444563
45-65,12,P_NQ_6,0.133253115032442
45-65,12,P_NQ_7,0.130526425574811
45-65,12,P_NQ_8,0.11741056965811
45-65,12,P_NQ_9,0.0951190853614283
45-65,12,P_NQ_10,0.080162720011709
45-65,12,P_NQ_11,0.0650138712417419
45-65,12,P_NQ_12,0.0455801145206155
45-65,12,P_NQ_13,0.0253487774036651
45-65,12,P_NQ_14,0.00876827064221149
45-65,12,P_NQ_15,0.00200007027054609
45-65,12,P_NQ_16,0.000300312952953359
45-65,12,P_NQ_17,3.59123119400391e-11
45-65,12,L_NQ,1.27628793028872
45-65,12,pi_Q,0.3
45-65,12,pi_NQ,0.7
45-65,12,y,0.479589473186861
45-65,12,nbar,3.50875732004263
45-65,12,Ptot,2.61579910552043
45-65,12,Pret,0.324534472497601
45-65,12,H,155.168545991084
45-65,12,cCheck,4.44089209850063e-16
45-65,12,shareq,0.3
45-65,12,A,0.199187605
45-65,12,A_Q,2
45-65,12,xpop,0.88269215
45-65,12,h_Q_1,100
45-65,12,mig_Q_2,-0.182529848
45-65,12,med_Q_2,94.11188596
45-65,12,mig_Q_3,0.000697205
45-65,12,med_Q_3,-6.899244277
45-65,12,mig_Q_4,0.000577554
45-65,12,med_Q_4,-17.07901852
45-65,12,mig_Q_5,0.000479674
45-65,12,med_Q_5,-16.04517861
45-65,12,mig_Q_6,0.000364699
45-65,12,med_Q_6,-12.74650351
45-65,12,mig_Q_7,0.000116967
45-65,12,med_Q_7,-9.976703126
45-65,12,mig_Q_8,0.000342818
45-65,12,med_Q_8,-8.276266418
45-65,12,mig_Q_9,0.000788736
45-65,12,med_Q_9,-5.198575618
45-65,12,mig_Q_10,0.00148607
45-65,12,med_Q_10,-3.482452238
45-65,12,mig_Q_11,0.002493188
45-65,12,med_Q_11,-2.150760545
45-65,12,mig_Q_12,0.002922604
45-65,12,med_Q_12,-1.159852564
45-65,12,mig_Q_13,0.002555399
45-65,12,med_Q_13,-0.663458382
45-65,12,mig_Q_14,0.001238021
45-65,12,med_Q_14,-0.349045589
45-65,12,mig_Q_15,0.00037086
45-65,12,med_Q_15,-0.168100519
45-65,12,mig_Q_16,7.79943e-05
45-65,12,med_Q_16,-0.068714479
45-65,12,mig_Q_17,-3.20718e-06
45-65,12,med_Q_17,-0.017014338
45-65,12,h_NQ_1,100
45-65,12,mig_NQ_2,-0.420209548
45-65,12,med_NQ_2,-27.26063213
45-65,12,mig_NQ_3,0.003480343
45-65,12,med_NQ_3,-4.837540815
45-65,12,mig_NQ_4,0.003041469
45-65,12,med_NQ_4,-4.022759608
45-65,12,mig_NQ_5,0.003561581
45-65,12,med_NQ_5,-6.756326121
45-65,12,mig_NQ_6,0.005057391
45-65,12,med_NQ_6,-5.296119318
45-65,12,mig_NQ_7,0.005638415
45-65,12,med_NQ_7,-3.506210694
45-65,12,mig_NQ_8,0.00690971
45-65,12,med_NQ_8,-3.063443071
45-65,12,mig_NQ_9,0.007810709
45-65,12,med_NQ_9,-2.088852331
45-65,12,mig_NQ_10,0.009464564
45-65,12,med_NQ_10,-1.617758476
45-65,12,mig_NQ_11,0.011144005
45-65,12,med_NQ_11,-1.13225079
45-65,12,mig_NQ_12,0.011746896
45-65,12,med_NQ_12,-0.812245462
45-65,12,mig_NQ_13,0.009207496
45-65,12,med_NQ_13,-0.468784439
45-65,12,mig_NQ_14,0.004068002
45-65,12,med_NQ_14,-0.247699078
45-65,12,mig_NQ_15,0.001119928
45-65,12,med_NQ_15,-0.118811739
45-65,12,mig_NQ_16,0.000210193
45-65,12,med_NQ_16,-0.046346504
45-65,12,mig_NQ_17,-5.63243e-06
45-65,12,med_NQ_17,-0.007923901
45-65,13,beta_Q_2,0.99543669999992
45-65,13,beta_Q_3,0.993858200189183
45-65,13,beta_Q_4,0.990898000056964
45-65,13,beta_Q_5,0.986666900084058
45-65,13,beta_Q_6,0.980067900403587
45-65,13,beta_Q_7,0.968515800076275
45-65,13,beta_Q_8,0.94732200001555
45-65,13,beta_Q_9,0.916073500002183
45-65,13,beta_Q_10,0.865978800079766
45-65,13,beta_Q_11,0.781981500048058
45-65,13,beta_Q_12,0.656456599521037
45-65,13,beta_Q_13,0.489528404327301
45-65,13,beta_Q_14,0.316434817275691
45-65,13,beta_Q_15,0.176402616092727
45-65,13,beta_Q_16,0.0835971053138845
45-65,13,beta_Q_17,0.0394349000538824
45-65,13,h_Q_2,219.1396577
45-65,13,h_Q_3,162.8187176408
45-65,13,h_Q_4,109.865963531576
45-65,13,h_Q_5,75.0013125184339
45-65,13,h_Q_6,50.1703282557062
45-65,13,h_Q_7,31.7619631457021
45-65,13,h_Q_8,18.9832567719005
45-65,13,h_Q_9,11.9151876942221
45-65,13,h_Q_10,7.46150609388974
45-65,13,h_Q_11,4.58676671861621
45-65,13,h_Q_12,2.91084037283484
45-65,13,h_Q_13,1.9589693814088
45-65,13,h_Q_14,1.4629173892427
45-65,13,h_Q_15,1.21418532917032
45-65,13,h_Q_16,1.09122308853468
45-65,13,h_Q_17,1.04105385461129
45-65,13,P_Q_1,0.2950376742
45-65,13,P_Q_2,0.0600938417655564
45-65,13,P_Q_3,0.0632528059976088
45-65,13,P_Q_4,0.0631999499921212
45-65,13,P_Q_5,0.0475806151004746
45-65,13,P_Q_6,0.0475054961501915
45-65,13,P_Q_7,0.0560209943167826
45-65,13,P_Q_8,0.053701097558009
45-65,13,P_Q_9,0.0471131771691711
45-65,13,P_Q_10,0.0367819982661882
45-65,13,P_Q_11,0.0289928733060244
45-65,13,P_Q_12,0.0209122024868229
45-65,13,P_Q_13,0.0120588959103256
45-65,13,P_Q_14,0.00491457868764098
45-65,13,P_Q_15,0.00107203225010121
45-65,13,P_Q_16,0.000154475992091097
45-65,13,P_Q_17,1.41993639979033e-05
45-65,13,L_Q,0.713459623484356
45-65,13,beta_NQ_2,0.987370000517705
45-65,13,beta_NQ_3,0.983264100037819
45-65,13,beta_NQ_4,0.97793440001489
45-65,13,beta_NQ_5,0.968845500110594
45-65,13,beta_NQ_6,0.954518500483554
45-65,13,beta_NQ_7,0.933515000027073
45-65,13,beta_NQ_8,0.900877300011999
45-65,13,beta_NQ_9,0.8608113206286
45-65,13,beta_NQ_10,0.804067599919317
45-65,13,beta_NQ_11,0.718815200189958
45-65,13,beta_NQ_12,0.580001798526363
45-65,13,beta_NQ_13,0.412395592996297
45-65,13,beta_NQ_14,0.255122082688129
45-65,13,beta_NQ_15,0.1373123384164
45-65,13,beta_NQ_16,0.0635136030540818
45-65,13,beta_NQ_17,0.0294936500570758
45-65,13,h_NQ_2,79.17656374
45-65,13,h_NQ_3,59.7517910566
45-65,13,h_NQ_4,45.319411208556
45-65,13,h_NQ_5,32.09809177126
45-65,13,h_NQ_6,21.9869617298179
45-65,13,h_NQ_7,15.0409866828707
45-65,13,h_NQ_8,10.0885064683501
45-65,13,h_NQ_9,7.18448610771937
45-65,13,h_NQ_10,5.10380110469482
45-65,13,h_NQ_11,3.55638000536496
45-65,13,h_NQ_12,2.38096257667678
45-65,13,h_NQ_13,1.7018237932973
45-65,13,h_NQ_14,1.34250154638103
45-65,13,h_NQ_15,1.15916802771542
45-65,13,h_NQ_16,1.06782116894955
45-65,13,h_NQ_17,1.03038459962629
45-65,13,P_NQ_1,0.6884212398
45-65,13,P_NQ_2,0.140218964483147
45-65,13,P_NQ_3,0.147589880629804
45-65,13,P_NQ_4,0.147466550505747
45-65,13,P_NQ_5,0.111021439108917
45-65,13,P_NQ_6,0.110846162570838
45-65,13,P_NQ_7,0.13071565442346
45-65,13,P_NQ_8,0.125302564071066
45-65,13,P_NQ_9,0.109930758407643
45-65,13,P_NQ_10,0.0858246655646206
45-65,13,P_NQ_11,0.0676500409273322
45-65,13,P_NQ_12,0.0487951394086273
45-65,13,P_NQ_13,0.0281373890386799
45-65,13,P_NQ_14,0.0114673381186965
45-65,13,P_NQ_15,0.00250140671286077
45-65,13,P_NQ_16,0.000360443302733435
45-65,13,P_NQ_17,3.31310809459929e-05
45-65,13,L_NQ,1.35781155962384
45-65,13,pi_Q,0.3
45-65,13,pi_NQ,0.7
45-65,13,y,0.62588539738724
45-65,13,nbar,3.81809807180104
45-65,13,Ptot,2.79468967666823
45-65,13,Pret,0.349670810417689
45-65,13,H,174.693858781376
45-65,13,cCheck,-1.33226762955019e-15
45-65,13,shareq,0.3
45-65,13,A,0.245020185
45-65,13,A_Q,2
45-65,13,xpop,0.983458914
45-65,13,h_Q_1,100
45-65,13,mig_Q_2,-0.2033354
45-65,13,med_Q_2,121.1396577
45-65,13,mig_Q_3,0.001950231
45-65,13,med_Q_3,-25.4509306
45-65,13,mig_Q_4,0.001690789
45-65,13,med_Q_4,-33.22688621
45-65,13,mig_Q_5,0.001194104
45-65,13,med_Q_5,-23.39917747
45-65,13,mig_Q_6,0.001043521
45-65,13,med_Q_6,-16.98423688
45-65,13,mig_Q_7,0.000860566
45-65,13,med_Q_7,-12.55906583
45-65,13,mig_Q_8,0.000865034
45-65,13,med_Q_8,-9.746141615
45-65,13,mig_Q_9,0.001187396
45-65,13,med_Q_9,-5.747211761
45-65,13,mig_Q_10,0.00178104
45-65,13,med_Q_10,-3.763651091
45-65,13,mig_Q_11,0.00262488
45-65,13,med_Q_11,-2.343749901
45-65,13,mig_Q_12,0.003131228
45-65,13,med_Q_12,-1.304311287
45-65,13,mig_Q_13,0.002860231
45-65,13,med_Q_13,-0.74937408
45-65,13,mig_Q_14,0.001684231
45-65,13,med_Q_14,-0.389268364
45-65,13,mig_Q_15,0.000468936
45-65,13,med_Q_15,-0.18053486
45-65,13,mig_Q_16,8.85924e-05
45-65,13,med_Q_16,-0.076125646
45-65,13,mig_Q_17,9.51086e-06
45-65,13,med_Q_17,-0.020541995
45-65,13,h_NQ_1,100
45-65,13,mig_NQ_2,-0.468930878
45-65,13,med_NQ_2,-18.82343626
45-65,13,mig_NQ_3,0.006175307
45-65,13,med_NQ_3,-9.572789456
45-65,13,mig_NQ_4,0.005930036
45-65,13,med_NQ_4,-8.735239144
45-65,13,mig_NQ_5,0.004905008
45-65,13,med_NQ_5,-9.337262736
45-65,13,mig_NQ_6,0.005534357
45-65,13,med_NQ_6,-6.936011668
45-65,13,mig_NQ_7,0.006967604
45-65,13,med_NQ_7,-4.531924402
45-65,13,mig_NQ_8,0.008264661
45-65,13,med_NQ_8,-3.650279949
45-65,13,mig_NQ_9,0.009361056
45-65,13,med_NQ_9,-2.298828097
45-65,13,mig_NQ_10,0.01021323
45-65,13,med_NQ_10,-1.728528641
45-65,13,mig_NQ_11,0.011353382
45-65,13,med_NQ_11,-1.22208919
45-65,13,mig_NQ_12,0.012340438
45-65,13,med_NQ_12,-0.910718665
45-65,13,mig_NQ_13,0.010150991
45-65,13,med_NQ_13,-0.529109185
45-65,13,mig_NQ_14,0.005420024
45-65,13,med_NQ_14,-0.276288311
45-65,13,mig_NQ_15,0.001407457
45-65,13,med_NQ_15,-0.127874163
45-65,13,mig_NQ_16,0.000243693
45-65,13,med_NQ_16,-0.05187466
45-65,13,mig_NQ_17,2.49401e-05
45-65,13,med_NQ_17,-0.010367316
45-65,14,beta_Q_2,0.995754800004843
45-65,14,beta_Q_3,0.994171300000187
45-65,14,beta_Q_4,0.990976500051843
45-65,14,beta_Q_5,0.986639900000631
45-65,14,beta_Q_6,0.980200900038177
45-65,14,beta_Q_7,0.970047399997429
45-65,14,beta_Q_8,0.949007699996581
45-65,14,beta_Q_9,0.91748150702083
45-65,14,beta_Q_10,0.86633560001034
45-65,14,beta_Q_11,0.788424382100547
45-65,14,beta_Q_12,0.672029899979871
45-65,14,beta_Q_13,0.511739889190151
45-65,14,beta_Q_14,0.336314032157484
45-65,14,beta_Q_15,0.191642504856973
45-65,14,beta_Q_16,0.0944234196908989
45-65,14,beta_Q_17,0.0447936033192221
45-65,14,h_Q_2,235.5601621
45-65,14,h_Q_3,171.564842926
45-65,14,h_Q_4,110.821743227984
45-65,14,h_Q_5,74.8497391509444
45-65,14,h_Q_6,50.5073462880652
45-65,14,h_Q_7,33.3860833405921
45-65,14,h_Q_8,19.6108039827881
45-65,14,h_Q_9,12.1184946444625
45-65,14,h_Q_10,7.48142362533768
45-65,14,h_Q_11,4.72643847201194
45-65,14,h_Q_12,3.04905843524389
45-65,14,h_Q_13,2.04807990037814
45-65,14,h_Q_14,1.50673547978063
45-65,14,h_Q_15,1.23707626845785
45-65,14,h_Q_16,1.10426881758691
45-65,14,h_Q_17,1.04689416076398
45-65,14,P_Q_1,0.3198031971
45-65,14,P_Q_2,0.0561084727812994
45-65,14,P_Q_3,0.0615593454195694
45-65,14,P_Q_4,0.0644478859610217
45-65,14,P_Q_5,0.0636490937441937
45-65,14,P_Q_6,0.0473664005414334
45-65,14,P_Q_7,0.0467254316119231
45-65,14,P_Q_8,0.0539476863790343
45-65,14,P_Q_9,0.050298217393924
45-65,14,P_Q_10,0.0425283796329042
45-65,14,P_Q_11,0.0313991051789589
45-65,14,P_Q_12,0.0222572730208171
45-65,14,P_Q_13,0.0132743451143438
45-65,14,P_Q_14,0.00564669852393046
45-65,14,P_Q_15,0.00150230853749343
45-65,14,P_Q_16,0.000191967792911592
45-65,14,P_Q_17,2.04586453088367e-05
45-65,14,L_Q,0.737644223443022
45-65,14,beta_NQ_2,0.988142700004068
45-65,14,beta_NQ_3,0.983934500001772
45-65,14,beta_NQ_4,0.977790400038823
45-65,14,beta_NQ_5,0.968400001242472
45-65,14,beta_NQ_6,0.954638500008699
45-65,14,beta_NQ_7,0.936549199995969
45-65,14,beta_NQ_8,0.903564358072179
45-65,14,beta_NQ_9,0.862200001433298
45-65,14,beta_NQ_10,0.803860918221978
45-65,14,beta_NQ_11,0.726096436615858
45-65,14,beta_NQ_12,0.596541539489888
45-65,14,beta_NQ_13,0.433744041227652
45-65,14,beta_NQ_14,0.272212721431368
45-65,14,beta_NQ_15,0.149810141058438
45-65,14,beta_NQ_16,0.0716882050066691
45-65,14,beta_NQ_17,0.033394703023271
45-65,14,h_NQ_2,84.33623169
45-65,14,h_NQ_3,62.2451837852
45-65,14,h_NQ_4,45.025574525468
45-65,14,h_NQ_5,31.6455696143849
45-65,14,h_NQ_6,22.0451263768348
45-65,14,h_NQ_7,15.7602425802215
45-65,14,h_NQ_8,10.3696037822133
45-65,14,h_NQ_9,7.25689404998309
45-65,14,h_NQ_10,5.09841729756498
45-65,14,h_NQ_11,3.65091818560092
45-65,14,h_NQ_12,2.47856291125766
45-65,14,h_NQ_13,1.76598226414324
45-65,14,h_NQ_14,1.37402744643135
45-65,14,h_NQ_15,1.17620781145341
45-65,14,h_NQ_16,1.07722426816111
45-65,14,h_NQ_17,1.03454843757056
45-65,14,P_NQ_1,0.7462074599
45-65,14,P_NQ_2,0.130919770897725
45-65,14,P_NQ_3,0.143638475920757
45-65,14,P_NQ_4,0.150378401361977
45-65,14,P_NQ_5,0.148514554874325
45-65,14,P_NQ_6,0.110521604579769
45-65,14,P_NQ_7,0.109026010455316
45-65,14,P_NQ_8,0.125877934826308
45-65,14,P_NQ_9,0.117362525656164
45-65,14,P_NQ_10,0.0992328940701438
45-65,14,P_NQ_11,0.0732645811590689
45-65,14,P_NQ_12,0.0519336384082348
45-65,14,P_NQ_13,0.0309734504517578
45-65,14,P_NQ_14,0.0131756082929542
45-65,14,P_NQ_15,0.00350538401248975
45-65,14,P_NQ_16,0.000447922353037455
45-65,14,P_NQ_17,4.77384886362366e-05
45-65,14,L_NQ,1.41029811036659
45-65,14,pi_Q,0.3
45-65,14,pi_NQ,0.7
45-65,14,y,0.895371677124216
45-65,14,nbar,4.05139467253644
45-65,14,Ptot,2.93575422308773
45-65,14,Pret,0.389401753682991
45-65,14,H,185.670093636066
45-65,14,cCheck,0
45-65,14,shareq,0.3
45-65,14,A,0.336263838
45-65,14,A_Q,2
45-65,14,xpop,1.066010657
45-65,14,h_Q_1,100
45-65,14,mig_Q_2,-0.237582856
45-65,14,med_Q_2,137.5601621
45-65,14,mig_Q_3,0.001834588
45-65,14,med_Q_3,-43.19202162
45-65,14,mig_Q_4,0.001770807
45-65,14,med_Q_4,-48.74060006
45-65,14,mig_Q_5,0.001291795
45-65,14,med_Q_5,-32.81890511
45-65,14,mig_Q_6,0.000734167
45-65,14,med_Q_6,-22.99393998
45-65,14,mig_Q_7,0.000715608
45-65,14,med_Q_7,-15.78083835
45-65,14,mig_Q_8,0.000877766
45-65,14,med_Q_8,-11.5159199
45-65,14,mig_Q_9,0.001104065
45-65,14,med_Q_9,-6.485096992
45-65,14,mig_Q_10,0.001729367
45-65,14,med_Q_10,-4.195460315
45-65,14,mig_Q_11,0.002636263
45-65,14,med_Q_11,-2.5858375
45-65,14,mig_Q_12,0.00322471
45-65,14,med_Q_12,-1.445972949
45-65,14,mig_Q_13,0.003037228
45-65,14,med_Q_13,-0.804543665
45-65,14,mig_Q_14,0.001830844
45-65,14,med_Q_14,-0.413054514
45-65,14,mig_Q_15,0.000635364
45-65,14,med_Q_15,-0.196582773
45-65,14,mig_Q_16,0.000102349
45-65,14,med_Q_16,-0.085632805
45-65,14,mig_Q_17,1.43669e-05
45-65,14,med_Q_17,-0.022504466
45-65,14,h_NQ_1,100
45-65,14,mig_NQ_2,-0.548806709
45-65,14,med_NQ_2,-13.66376831
45-65,14,mig_NQ_3,0.005766202
45-65,14,med_NQ_3,-15.34784868
45-65,14,mig_NQ_4,0.00604518
45-65,14,med_NQ_4,-13.53118071
45-65,14,mig_NQ_5,0.005642251
45-65,14,med_NQ_5,-12.76745337
45-65,14,mig_NQ_6,0.004549587
45-65,14,med_NQ_6,-9.411003559
45-65,14,mig_NQ_7,0.005549455
45-65,14,med_NQ_7,-5.786979915
45-65,14,mig_NQ_8,0.008119169
45-65,14,med_NQ_8,-4.370563167
45-65,14,mig_NQ_9,0.00950066
45-65,14,med_NQ_9,-2.629842289
45-65,14,mig_NQ_10,0.010841133
45-65,14,med_NQ_10,-1.942379088
45-65,14,mig_NQ_11,0.011572507
45-65,14,med_NQ_11,-1.350806897
45-65,14,mig_NQ_12,0.012696493
45-65,14,med_NQ_12,-1.006689494
45-65,14,mig_NQ_13,0.01085055
45-65,14,med_NQ_13,-0.567361061
45-65,14,mig_NQ_14,0.005997139
45-65,14,med_NQ_14,-0.293759871
45-65,14,mig_NQ_15,0.001930777
45-65,14,med_NQ_15,-0.139443704
45-65,14,mig_NQ_16,0.000289049
45-65,14,med_NQ_16,-0.058760399
45-65,14,mig_NQ_17,3.71077e-05
45-65,14,med_NQ_17,-0.011916308
45-65,15,beta_Q_2,0.995943800000819
45-65,15,beta_Q_3,0.994638400018662
45-65,15,beta_Q_4,0.991469000000774
45-65,15,beta_Q_5,0.986982900000344
45-65,15,beta_Q_6,0.981193400001437
45-65,15,beta_Q_7,0.971546499995241
45-65,15,beta_Q_8,0.954140501122299
45-65,15,beta_Q_9,0.924845900633453
45-65,15,beta_Q_10,0.876465100316861
45-65,15,beta_Q_11,0.799466700027591
45-65,15,beta_Q_12,0.688078000406597
45-65,15,beta_Q_13,0.531831587428912
45-65,15,beta_Q_14,0.357684185180722
45-65,15,beta_Q_15,0.203602537720793
45-65,15,beta_Q_16,0.100828305865785
45-65,15,beta_Q_17,0.0474932096030305
45-65,15,h_Q_2,246.5361669
45-65,15,h_Q_3,186.511489138
45-65,15,h_Q_4,117.21955221748
45-65,15,h_Q_5,76.8220264134243
45-65,15,h_Q_6,53.1728223079256
45-65,15,h_Q_7,35.1450612323039
45-65,15,h_Q_8,21.8057327237802
45-65,15,h_Q_9,13.3059939501323
45-65,15,h_Q_10,8.09487845557326
45-65,15,h_Q_11,4.98670295683093
45-65,15,h_Q_12,3.2059296915717
45-65,15,h_Q_13,2.13597624753901
45-65,15,h_Q_14,1.55686463237058
45-65,15,h_Q_15,1.25565436418501
45-65,15,h_Q_16,1.11213465008869
45-65,15,h_Q_17,1.04985289623517
45-65,15,P_Q_1,0.3220408704
45-65,15,P_Q_2,0.0643385065692199
45-65,15,P_Q_3,0.0571512833260096
45-65,15,P_Q_4,0.0621299456693674
45-65,15,P_Q_5,0.0643568587598345
45-65,15,P_Q_6,0.062751466974673
45-65,15,P_Q_7,0.0461707546924543
45-65,15,P_Q_8,0.0447023903853787
45-65,15,P_Q_9,0.0503728815993235
45-65,15,P_Q_10,0.0452248723454157
45-65,15,P_Q_11,0.03596110543381
45-65,15,P_Q_12,0.0240711345128732
45-65,15,P_Q_13,0.0143779764293479
45-65,15,P_Q_14,0.00649612752965496
45-65,15,P_Q_15,0.0018348424492982
45-65,15,P_Q_16,0.000296447109540962
45-65,15,P_Q_17,2.06077291657484e-05
45-65,15,L_Q,0.747703510728542
45-65,15,beta_NQ_2,0.988587100000126
45-65,15,beta_NQ_3,0.985280700071966
45-65,15,beta_NQ_4,0.978758600003395
45-65,15,beta_NQ_5,0.968898802060581
45-65,15,beta_NQ_6,0.956626799989653
45-65,15,beta_NQ_7,0.939580000015417
45-65,15,beta_NQ_8,0.912634501171517
45-65,15,beta_NQ_9,0.873406100396887
45-65,15,beta_NQ_10,0.817039600162777
45-65,15,beta_NQ_11,0.73878769996807
45-65,15,beta_NQ_12,0.613765999741137
45-65,15,beta_NQ_13,0.453317998936572
45-65,15,beta_NQ_14,0.290875336209447
45-65,15,beta_NQ_15,0.159068812728285
45-65,15,beta_NQ_16,0.0763640019877916
45-65,15,beta_NQ_17,0.0352194375296104
45-65,15,h_NQ_2,87.62014913
45-65,15,h_NQ_3,67.9380133562
45-65,15,h_NQ_4,47.077876229496
45-65,15,h_NQ_5,32.1531002049586
45-65,15,h_NQ_6,23.0557118160972
45-65,15,h_NQ_7,16.5508109932981
45-65,15,h_NQ_8,11.4461658196171
45-65,15,h_NQ_9,7.89927476256906
45-65,15,h_NQ_10,5.46566360898343
45-65,15,h_NQ_11,3.82830364361368
45-65,15,h_NQ_12,2.58910401288891
45-65,15,h_NQ_13,1.82921397603251
45-65,15,h_NQ_14,1.41018860486038
45-65,15,h_NQ_15,1.18915792450272
45-65,15,h_NQ_16,1.08267759322434
45-65,15,h_NQ_17,1.03650143379789
45-65,15,P_NQ_1,0.7514286976
45-65,15,P_NQ_2,0.150123183188763
45-65,15,P_NQ_3,0.1333529963186
45-65,15,P_NQ_4,0.144969875831524
45-65,15,P_NQ_5,0.150166003065779
45-65,15,P_NQ_6,0.146420089894685
45-65,15,P_NQ_7,0.107731763351454
45-65,15,P_NQ_8,0.104305586150229
45-65,15,P_NQ_9,0.117536723587663
45-65,15,P_NQ_10,0.105524741638815
45-65,15,P_NQ_11,0.0839092477794103
45-65,15,P_NQ_12,0.0561660670347128
45-65,15,P_NQ_13,0.0335485631988433
45-65,15,P_NQ_14,0.0151576102395926
45-65,15,P_NQ_15,0.00428129173689819
45-65,15,P_NQ_16,0.000691709687714465
45-65,15,P_NQ_17,4.80847339571705e-05
45-65,15,L_NQ,1.42825967753731
45-65,15,pi_Q,0.3
45-65,15,pi_NQ,0.7
45-65,15,y,1.18116143790509
45-65,15,nbar,4.15517171047554
45-65,15,Ptot,3.00766030695401
45-65,15,Pret,0.42761042958905
45-65,15,H,193.847292624012
45-65,15,cCheck,-4.44089209850063e-16
45-65,15,shareq,0.3
45-65,15,A,0.435809785
45-65,15,A_Q,2
45-65,15,xpop,1.073469568
45-65,15,h_Q_1,100
45-65,15,mig_Q_2,-0.254107062
45-65,15,med_Q_2,148.5361669
45-65,15,mig_Q_3,0.00136985
45-65,15,med_Q_3,-44.33746972
45-65,15,mig_Q_4,0.001126081
45-65,15,med_Q_4,-50.91399385
45-65,15,mig_Q_5,0.000770003
45-65,15,med_Q_5,-31.78328195
45-65,15,mig_Q_6,0.000362568
45-65,15,med_Q_6,-20.17992206
45-65,15,mig_Q_7,0.000223101
45-65,15,med_Q_7,-14.35213813
45-65,15,mig_Q_8,0.000359596
45-65,15,med_Q_8,-10.91262895
45-65,15,mig_Q_9,0.000876877
45-65,15,med_Q_9,-5.912593953
45-65,15,mig_Q_10,0.001649736
45-65,15,med_Q_10,-3.781246296
45-65,15,mig_Q_11,0.002430694
45-65,15,med_Q_11,-2.345092196
45-65,15,mig_Q_12,0.002969997
45-65,15,med_Q_12,-1.425980011
45-65,15,mig_Q_13,0.002988042
45-65,15,med_Q_13,-0.852101019
45-65,15,mig_Q_14,0.002031779
45-65,15,med_Q_14,-0.45025367
45-65,15,mig_Q_15,0.000752695
45-65,15,med_Q_15,-0.220946406
45-65,15,mig_Q_16,0.000154594
45-65,15,med_Q_16,-0.100200093
45-65,15,mig_Q_17,1.20088e-05
45-65,15,med_Q_17,-0.032330545
45-65,15,h_NQ_1,100
45-65,15,mig_NQ_2,-0.587236271
45-65,15,med_NQ_2,-10.37985087
45-65,15,mig_NQ_3,0.004536517
45-65,15,med_NQ_3,-14.7114937
45-65,15,mig_NQ_4,0.004521553
45-65,15,med_NQ_4,-13.92240388
45-65,15,mig_NQ_5,0.004539559
45-65,15,med_NQ_5,-11.97196283
45-65,15,mig_NQ_6,0.004642378
45-65,15,med_NQ_6,-7.956946406
45-65,15,mig_NQ_7,0.004222843
45-65,15,med_NQ_7,-5.053412856
45-65,15,mig_NQ_8,0.005793569
45-65,15,med_NQ_8,-3.998871909
45-65,15,mig_NQ_9,0.009004768
45-65,15,med_NQ_9,-2.262936944
45-65,15,mig_NQ_10,0.011181594
45-65,15,med_NQ_10,-1.64609256
45-65,15,mig_NQ_11,0.011856597
45-65,15,med_NQ_11,-1.168145308
45-65,15,mig_NQ_12,0.012460701
45-65,15,med_NQ_12,-0.988795809
45-65,15,mig_NQ_13,0.011022657
45-65,15,med_NQ_13,-0.599777677
45-65,15,mig_NQ_14,0.006726243
45-65,15,med_NQ_14,-0.320474014
45-65,15,mig_NQ_15,0.002307452
45-65,15,med_NQ_15,-0.157388973
45-65,15,mig_NQ_16,0.000440415
45-65,15,med_NQ_16,-0.070006062
45-65,15,mig_NQ_17,3.31265e-05
45-65,15,med_NQ_17,-0.019178349
45-65,16,beta_Q_2,0.996367900125476
45-65,16,beta_Q_3,0.99519130014795
45-65,16,beta_Q_4,0.992379100316725
45-65,16,beta_Q_5,0.987635500000372
45-65,16,beta_Q_6,0.981419000404811
45-65,16,beta_Q_7,0.97284790000392
45-65,16,beta_Q_8,0.956876000003725
45-65,16,beta_Q_9,0.932060901082042
45-65,16,beta_Q_10,0.888214701649101
45-65,16,beta_Q_11,0.81449630047874
45-65,16,beta_Q_12,0.705271800083121
45-65,16,beta_Q_13,0.553437200726719
45-65,16,beta_Q_14,0.374711643560468
45-65,16,beta_Q_15,0.218074889403826
45-65,16,beta_Q_16,0.107752400046906
45-65,16,beta_Q_17,0.0502324586580444
45-65,16,h_Q_2,275.322816
45-65,16,h_Q_3,207.956412382
45-65,16,h_Q_4,131.21809762524
45-65,16,h_Q_5,80.8767034631304
45-65,16,h_Q_6,53.8184166651558
45-65,16,h_Q_7,36.829563831767
45-65,16,h_Q_8,23.1889435076578
45-65,16,h_Q_9,14.7190645703046
45-65,16,h_Q_10,8.94572005312967
45-65,16,h_Q_11,5.39072805946179
45-65,16,h_Q_12,3.39295662969431
45-65,16,h_Q_13,2.23932670074027
45-65,16,h_Q_14,1.59926126858823
45-65,16,h_Q_15,1.27889470372317
45-65,16,h_Q_16,1.12076512890131
45-65,16,h_Q_17,1.05288050608692
45-65,16,P_Q_1,0.3194008092
45-65,16,P_Q_2,0.0826164572217474
45-65,16,P_Q_3,0.064891756233599
45-65,16,P_Q_4,0.0568665687279996
45-65,16,P_Q_5,0.061326389673616
45-65,16,P_Q_6,0.0628653580599743
45-65,16,P_Q_7,0.0607462951088105
45-65,16,P_Q_8,0.0441633460194531
45-65,16,P_Q_9,0.0419227554964337
45-65,16,P_Q_10,0.0457472167242004
45-65,16,P_Q_11,0.0388704704531585
45-65,16,P_Q_12,0.0280014015193068
45-65,16,P_Q_13,0.0160127846791962
45-65,16,P_Q_14,0.00728584978367892
45-65,16,P_Q_15,0.00220021205039566
45-65,16,P_Q_16,0.000364675055693365
45-65,16,P_Q_17,2.87895247096415e-05
45-65,16,L_Q,0.771068123299518
45-65,16,beta_NQ_2,0.989680600164088
45-65,16,beta_NQ_3,0.986715900245842
45-65,16,beta_NQ_4,0.980932800543132
45-65,16,beta_NQ_5,0.970029900004466
45-65,16,beta_NQ_6,0.956614903270331
45-65,16,beta_NQ_7,0.941724899980929
45-65,16,beta_NQ_8,0.917262300033683
45-65,16,beta_NQ_9,0.884329000717108
45-65,16,beta_NQ_10,0.832550800768387
45-65,16,beta_NQ_11,0.756334200212729
45-65,16,beta_NQ_12,0.632437799918642
45-65,16,beta_NQ_13,0.474787465734491
45-65,16,beta_NQ_14,0.30667268796001
45-65,16,beta_NQ_15,0.171361734678332
45-65,16,beta_NQ_16,0.0819939018545653
45-65,16,beta_NQ_17,0.0373887680236216
45-65,16,h_NQ_2,96.90485881
45-65,16,h_NQ_3,75.2779638774
45-65,16,h_NQ_4,52.446085419076
45-65,16,h_NQ_5,33.3665887049061
45-65,16,h_NQ_6,23.0493879268595
45-65,16,h_NQ_7,17.1599877077752
45-65,16,h_NQ_8,12.0863886754321
45-65,16,h_NQ_9,8.64520925622474
45-65,16,h_NQ_10,5.97196044631768
45-65,16,h_NQ_11,4.10398176580376
45-65,16,h_NQ_12,2.72062796374141
45-65,16,h_NQ_13,1.90398580263113
45-65,16,h_NQ_14,1.44231982951186
45-65,16,h_NQ_15,1.20679914676317
45-65,16,h_NQ_16,1.08931738101267
45-65,16,h_NQ_17,1.03883573235986
45-65,16,P_NQ_1,0.7452685548
45-65,16,P_NQ_2,0.192771732017256
45-65,16,P_NQ_3,0.151414100029257
45-65,16,P_NQ_4,0.132688661983051
45-65,16,P_NQ_5,0.143094911028034
45-65,16,P_NQ_6,0.146685835980053
45-65,16,P_NQ_7,0.141741356065505
45-65,16,P_NQ_8,0.103047809106582
45-65,16,P_NQ_9,0.0978197702490827
45-65,16,P_NQ_10,0.106743503644507
45-65,16,P_NQ_11,0.0906977951650646
45-65,16,P_NQ_12,0.0653366033508566
45-65,16,P_NQ_13,0.0373631651163134
45-65,16,P_NQ_14,0.0170002795998074
45-65,16,P_NQ_15,0.0051338230646101
45-65,16,P_NQ_16,0.000850909570706809
45-65,16,P_NQ_17,6.71728261350859e-05
45-65,16,L_NQ,1.46637971884011
45-65,16,pi_Q,0.3
45-65,16,pi_NQ,0.7
45-65,16,y,1.57048496811764
45-65,16,nbar,4.31266191362563
45-65,16,Ptot,3.11103711912879
45-65,16,Pret,0.461704652128341
45-65,16,H,212.108026226629
45-65,16,cCheck,0
45-65,16,shareq,0.3
45-65,16,A,0.564562457
45-65,16,A_Q,2
45-65,16,xpop,1.064669364
45-65,16,h_Q_1,100
45-65,16,mig_Q_2,-0.238118151
45-65,16,med_Q_2,177.322816
45-65,16,mig_Q_3,0.000898207
45-65,16,med_Q_3,-33.64903118
45-65,16,mig_Q_4,0.000202843
45-65,16,med_Q_4,-51.56316173
45-65,16,mig_Q_5,5.19572e-06
45-65,16,med_Q_5,-33.99845771
45-65,16,mig_Q_6,-0.000281167
45-65,16,med_Q_6,-21.46716922
45-65,16,mig_Q_7,-0.000219673
45-65,16,med_Q_7,-15.27980203
45-65,16,mig_Q_8,0.000109959
45-65,16,med_Q_8,-11.2532165
45-65,16,mig_Q_9,0.000579933
45-65,16,med_Q_9,-6.650553499
45-65,16,mig_Q_10,0.001597144
45-65,16,med_Q_10,-4.094154018
45-65,16,mig_Q_11,0.002714691
45-65,16,med_Q_11,-2.542252827
45-65,16,mig_Q_12,0.003257356
45-65,16,med_Q_12,-1.494012268
45-65,16,mig_Q_13,0.003210995
45-65,16,med_Q_13,-0.902484397
45-65,16,mig_Q_14,0.002143075
45-65,16,med_Q_14,-0.493995454
45-65,16,mig_Q_15,0.000877584
45-65,16,med_Q_15,-0.246832636
45-65,16,mig_Q_16,0.000179671
45-65,16,med_Q_16,-0.109776148
45-65,16,mig_Q_17,1.47103e-05
45-65,16,med_Q_17,-0.037011451
45-65,16,h_NQ_1,100
45-65,16,mig_NQ_2,-0.550080985
45-65,16,med_NQ_2,-1.09514119
45-65,16,mig_NQ_3,0.003500625
45-65,16,med_NQ_3,-10.58978227
45-65,16,mig_NQ_4,0.00216827
45-65,16,med_NQ_4,-14.13316767
45-65,16,mig_NQ_5,0.002633772
45-65,16,med_NQ_5,-12.76973
45-65,16,mig_NQ_6,0.003033013
45-65,16,med_NQ_6,-8.460650274
45-65,16,mig_NQ_7,0.004167968
45-65,16,med_NQ_7,-5.434609872
45-65,16,mig_NQ_8,0.004728085
45-65,16,med_NQ_8,-4.133406098
45-65,16,mig_NQ_9,0.006718635
45-65,16,med_NQ_9,-2.572033247
45-65,16,mig_NQ_10,0.010711346
45-65,16,med_NQ_10,-1.769328821
45-65,16,mig_NQ_11,0.012737414
45-65,16,med_NQ_11,-1.252368571
45-65,16,mig_NQ_12,0.01383596
45-65,16,med_NQ_12,-1.031109607
45-65,16,mig_NQ_13,0.011902076
45-65,16,med_NQ_13,-0.63333613
45-65,16,mig_NQ_14,0.00724183
45-65,16,med_NQ_14,-0.350309867
45-65,16,mig_NQ_15,0.00272272
45-65,16,med_NQ_15,-0.175185686
45-65,16,mig_NQ_16,0.000523973
45-65,16,med_NQ_16,-0.076057385
45-65,16,mig_NQ_17,4.28112e-05
45-65,16,med_NQ_17,-0.022188309
45-65,17,beta_Q_2,0.99632580006316
45-65,17,beta_Q_3,0.995348600000026
45-65,17,beta_Q_4,0.992990100025498
45-65,17,beta_Q_5,0.989174500003026
45-65,17,beta_Q_6,0.983061600130601
45-65,17,beta_Q_7,0.974372400006731
45-65,17,beta_Q_8,0.960187200091938
45-65,17,beta_Q_9,0.938341600700665
45-65,17,beta_Q_10,0.901011507681763
45-65,17,beta_Q_11,0.832555803034897
45-65,17,beta_Q_12,0.725557000569642
45-65,17,beta_Q_13,0.571257379199914
45-65,17,beta_Q_14,0.391596962159212
45-65,17,beta_Q_15,0.226707911609078
45-65,17,beta_Q_16,0.111483997187932
45-65,17,beta_Q_17,0.0511400632691038
45-65,17,h_Q_2,272.168091
45-65,17,h_Q_3,214.98903556
45-65,17,h_Q_4,142.65538742436
45-65,17,h_Q_5,92.3744861927352
45-65,17,h_Q_6,59.0374533538678
45-65,17,h_Q_7,39.0204311018527
45-65,17,h_Q_8,25.1175501351317
45-65,17,h_Q_9,16.2183903535047
45-65,17,h_Q_10,10.1021835828985
45-65,17,h_Q_11,5.97213877706707
45-65,17,h_Q_12,3.64374387827255
45-65,17,h_Q_13,2.33239470010042
45-65,17,h_Q_14,1.64364630772546
45-65,17,h_Q_15,1.29317239821646
45-65,17,h_Q_16,1.12547213164871
45-65,17,h_Q_17,1.05389536232329
45-65,17,P_Q_1,0.3121457745
45-65,17,P_Q_2,0.0809503505609818
45-65,17,P_Q_3,0.0829762534761282
45-65,17,P_Q_4,0.0644857392690712
45-65,17,P_Q_5,0.0562764400389834
45-65,17,P_Q_6,0.0600175450519161
45-65,17,P_Q_7,0.0608772335716405
45-65,17,P_Q_8,0.0583047278787644
45-65,17,P_Q_9,0.0417330100856894
45-65,17,P_Q_10,0.0382890027655731
45-65,17,P_Q_11,0.0399278397790604
45-65,17,P_Q_12,0.0309830396665769
45-65,17,P_Q_13,0.0191669302732701
45-65,17,P_Q_14,0.00854696686512149
45-65,17,P_Q_15,0.00258360288578867
45-65,17,P_Q_16,0.000466441129042256
45-65,17,P_Q_17,4.1562424658737e-05
45-65,17,L_Q,0.800740901271587
45-65,17,beta_NQ_2,0.989421200000056
45-65,17,beta_NQ_3,0.987054500000795
45-65,17,beta_NQ_4,0.982480300063609
45-65,17,beta_NQ_5,0.973749104257002
45-65,17,beta_NQ_6,0.960130800152651
45-65,17,beta_NQ_7,0.944543500013259
45-65,17,beta_NQ_8,0.922948100035183
45-65,17,beta_NQ_9,0.894130500612635
45-65,17,beta_NQ_10,0.850068405174139
45-65,17,beta_NQ_11,0.777865101497359
45-65,17,beta_NQ_12,0.654689100148069
45-65,17,beta_NQ_13,0.492618373666824
45-65,17,beta_NQ_14,0.321813368040825
45-65,17,beta_NQ_15,0.178567506113897
45-65,17,beta_NQ_16,0.0848333937639328
45-65,17,beta_NQ_17,0.037991978255039
45-65,17,h_NQ_2,94.528680002
45-65,17,h_NQ_3,77.2469197838
45-65,17,h_NQ_4,57.078602939852
45-65,17,h_NQ_5,38.0939320106945
45-65,17,h_NQ_6,25.082018203808
45-65,17,h_NQ_7,18.0321513293223
45-65,17,h_NQ_8,12.9782652936197
45-65,17,h_NQ_9,9.4455910379235
45-65,17,h_NQ_10,6.66970805210024
45-65,17,h_NQ_11,4.50176896539132
45-65,17,h_NQ_12,2.89594102048769
45-65,17,h_NQ_13,1.97090005446658
45-65,17,h_NQ_14,1.4745199985785
45-65,17,h_NQ_15,1.21738548392162
45-65,17,h_NQ_16,1.09269721282791
45-65,17,h_NQ_17,1.03949196339242
45-65,17,P_NQ_1,0.7283401405
45-65,17,P_NQ_2,0.188884152597886
45-65,17,P_NQ_3,0.193611256099357
45-65,17,P_NQ_4,0.150466727183417
45-65,17,P_NQ_5,0.131311693515145
45-65,17,P_NQ_6,0.14004093947156
45-65,17,P_NQ_7,0.142046879216934
45-65,17,P_NQ_8,0.136044367274539
45-65,17,P_NQ_9,0.0973770250533109
45-65,17,P_NQ_10,0.0893410140518534
45-65,17,P_NQ_11,0.093164958456873
45-65,17,P_NQ_12,0.0722937780316652
45-65,17,P_NQ_13,0.0447229313246529
45-65,17,P_NQ_14,0.0199429112769135
45-65,17,P_NQ_15,0.00602839540223967
45-65,17,P_NQ_16,0.00108836218449834
45-65,17,P_NQ_17,9.69766605482363e-05
45-65,17,L_NQ,1.51446053275305
45-65,17,pi_Q,0.3
45-65,17,pi_NQ,0.7
45-65,17,y,1.87662897713507
45-65,17,nbar,4.54764053568269
45-65,17,Ptot,3.19257496852366
45-65,17,Pret,0.466684713178336
45-65,17,H,221.538252777183
45-65,17,cCheck,8.88178419700125e-16
45-65,17,shareq,0.3
45-65,17,A,0.650022108
45-65,17,A_Q,2
45-65,17,xpop,1.040485915
45-65,17,h_Q_1,100
45-65,17,mig_Q_2,-0.237290363
45-65,17,med_Q_2,174.168091
45-65,17,mig_Q_3,0.000757074
45-65,17,med_Q_3,-54.82732412
45-65,17,mig_Q_4,8.85166e-05
45-65,17,med_Q_4,-61.14189671
45-65,17,mig_Q_5,0.000112998
45-65,17,med_Q_5,-36.21924948
45-65,17,mig_Q_6,-0.000169339
45-65,17,med_Q_6,-20.22171604
45-65,17,mig_Q_7,-0.000281198
45-65,17,med_Q_7,-13.72161723
45-65,17,mig_Q_8,0.000178056
45-65,17,med_Q_8,-10.97542242
45-65,17,mig_Q_9,0.000570082
45-65,17,med_Q_9,-6.506774284
45-65,17,mig_Q_10,0.001052595
45-65,17,med_Q_10,-4.322499696
45-65,17,mig_Q_11,0.002666901
45-65,17,med_Q_11,-2.794666875
45-65,17,mig_Q_12,0.003568793
45-65,17,med_Q_12,-1.63916962
45-65,17,mig_Q_13,0.003669913
45-65,17,med_Q_13,-0.992702797
45-65,17,mig_Q_14,0.00254679
45-65,17,med_Q_14,-0.550893859
45-65,17,mig_Q_15,0.000994742
45-65,17,med_Q_15,-0.274103645
45-65,17,mig_Q_16,0.000229363
45-65,17,med_Q_16,-0.127844678
45-65,17,mig_Q_17,2.32439e-05
45-65,17,med_Q_17,-0.044454464
45-65,17,h_NQ_1,100
45-65,17,mig_NQ_2,-0.548693678
45-65,17,med_NQ_2,-3.471319998
45-65,17,mig_NQ_3,0.003400323
45-65,17,med_NQ_3,-17.71984185
45-65,17,mig_NQ_4,0.00193967
45-65,17,med_NQ_4,-16.69380166
45-65,17,mig_NQ_5,0.002599724
45-65,17,med_NQ_5,-13.3032317
45-65,17,mig_NQ_6,0.003154215
45-65,17,med_NQ_6,-7.617238727
45-65,17,mig_NQ_7,0.003909175
45-65,17,med_NQ_7,-4.556248839
45-65,17,mig_NQ_8,0.006030365
45-65,17,med_NQ_8,-3.83852266
45-65,17,mig_NQ_9,0.006248859
45-65,17,med_NQ_9,-2.399069864
45-65,17,mig_NQ_10,0.007901086
45-65,17,med_NQ_10,-1.802597019
45-65,17,mig_NQ_11,0.012431196
45-65,17,med_NQ_11,-1.350752272
45-65,17,mig_NQ_12,0.014933064
45-65,17,med_NQ_12,-1.12596111
45-65,17,mig_NQ_13,0.013701931
45-65,17,med_NQ_13,-0.69531535
45-65,17,mig_NQ_14,0.008484649
45-65,17,med_NQ_14,-0.391386088
45-65,17,mig_NQ_15,0.003115198
45-65,17,med_NQ_15,-0.196087949
45-65,17,mig_NQ_16,0.00066742
45-65,17,med_NQ_16,-0.089965951
45-65,17,mig_NQ_17,6.51622e-05
45-65,17,med_NQ_17,-0.02803907
45-65,18,beta_Q_2,0.996382900000455
45-65,18,beta_Q_3,0.995405400107134
45-65,18,beta_Q_4,0.993380500001188
45-65,18,beta_Q_5,0.990084700054153
45-65,18,beta_Q_6,0.985190900005658
45-65,18,beta_Q_7,0.976841400385225
45-65,18,beta_Q_8,0.963054200048628
45-65,18,beta_Q_9,0.944144400758802
45-65,18,beta_Q_10,0.911067102345237
45-65,18,beta_Q_11,0.85315692195343
45-65,18,beta_Q_12,0.753888407546073
45-65,18,beta_Q_13,0.603952401548845
45-65,18,beta_Q_14,0.420119299941581
45-65,18,beta_Q_15,0.245264077382464
45-65,18,beta_Q_16,0.119772406030654
45-65,18,beta_Q_17,0.0534203631472869
45-65,18,h_Q_2,276.4645711
45-65,18,h_Q_3,217.64680276
45-65,18,h_Q_4,151.0688118488
45-65,18,h_Q_5,100.854235415873
45-65,18,h_Q_6,67.5260481988805
45-65,18,h_Q_7,43.1805031367904
45-65,18,h_Q_8,27.0666760498156
45-65,18,h_Q_9,17.9033078154291
45-65,18,h_Q_10,11.2444325964346
45-65,18,h_Q_11,6.80998970624055
45-65,18,h_Q_12,4.06319734552573
45-65,18,h_Q_13,2.5249490257071
45-65,18,h_Q_14,1.72449264109842
45-65,18,h_Q_15,1.32496626257095
45-65,18,h_Q_16,1.13606980625214
45-65,18,h_Q_17,1.05642904801573
45-65,18,P_Q_1,0.3046097499
45-65,18,P_Q_2,0.0812825075150471
45-65,18,P_Q_3,0.0816832111003845
45-65,18,P_Q_4,0.0827084132390017
45-65,18,P_Q_5,0.063777378298809
45-65,18,P_Q_6,0.0551499521943769
45-65,18,P_Q_7,0.0582282214147476
45-65,18,P_Q_8,0.0586305814524964
45-65,18,P_Q_9,0.0551596756861765
45-65,18,P_Q_10,0.0386761103374053
45-65,18,P_Q_11,0.0337383344448971
45-65,18,P_Q_12,0.0326288056693203
45-65,18,P_Q_13,0.0218069940395757
45-65,18,P_Q_14,0.01056599366893
45-65,18,P_Q_15,0.00325267300858368
45-65,18,P_Q_16,0.000583724376853996
45-65,18,P_Q_17,5.91850288505332e-05
45-65,18,L_Q,0.831708991406108
45-65,18,beta_NQ_2,0.9894431000002
45-65,18,beta_NQ_3,0.98689610028047
45-65,18,beta_NQ_4,0.983239700000899
45-65,18,beta_NQ_5,0.975920500101326
45-65,18,beta_NQ_6,0.965115406054087
45-65,18,beta_NQ_7,0.949608100535751
45-65,18,beta_NQ_8,0.927954400058273
45-65,18,beta_NQ_9,0.903296400579331
45-65,18,beta_NQ_10,0.864080601801062
45-65,18,beta_NQ_11,0.8029854137084
45-65,18,beta_NQ_12,0.686370602963632
45-65,18,beta_NQ_13,0.525801600415975
45-65,18,beta_NQ_14,0.348146835606179
45-65,18,beta_NQ_15,0.194711129513996
45-65,18,beta_NQ_16,0.0917671042914821
45-65,18,beta_NQ_17,0.039948965874027
45-65,18,h_NQ_2,94.72477716
45-65,18,h_NQ_3,76.31315868196
45-65,18,h_NQ_4,59.664803138124
45-65,18,h_NQ_5,41.529101511055
45-65,18,h_NQ_6,28.6659442784806
45-65,18,h_NQ_7,19.8444591337318
45-65,18,h_NQ_8,13.8800981637358
45-65,18,h_NQ_9,10.3408766527473
45-65,18,h_NQ_10,7.35730146316503
45-65,18,h_NQ_11,5.07576595705824
45-65,18,h_NQ_12,3.1884765860835
45-65,18,h_NQ_13,2.10882196207793
45-65,18,h_NQ_14,1.53408373537725
45-65,18,h_NQ_15,1.24179021360693
45-65,18,h_NQ_16,1.10103917324319
45-65,18,h_NQ_17,1.04160698357135
45-65,18,P_NQ_1,0.7107560831
45-65,18,P_NQ_2,0.189659181821719
45-65,18,P_NQ_3,0.19059416280058
45-65,18,P_NQ_4,0.192986297988188
45-65,18,P_NQ_5,0.148813885815335
45-65,18,P_NQ_6,0.128683219364096
45-65,18,P_NQ_7,0.135865849113612
45-65,18,P_NQ_8,0.136804691289197
45-65,18,P_NQ_9,0.128705912216712
45-65,18,P_NQ_10,0.0902442583876702
45-65,18,P_NQ_11,0.0787227849633219
45-65,18,P_NQ_12,0.0761338788174624
45-65,18,P_NQ_13,0.0508829583601892
45-65,18,P_NQ_14,0.024654005158245
45-65,18,P_NQ_15,0.00758956493136915
45-65,18,P_NQ_16,0.00136202224092288
45-65,18,P_NQ_17,0.000138097432447068
45-65,18,L_NQ,1.56502035907775
45-65,18,pi_Q,0.3
45-65,18,pi_NQ,0.7
45-65,18,y,2.09335193855063
45-65,18,nbar,4.75281985144696
45-65,18,Ptot,3.27513836517652
45-65,18,Pret,0.471039390866044
45-65,18,H,229.345812456912
45-65,18,cCheck,-4.44089209850063e-16
45-65,18,shareq,0.3
45-65,18,A,0.703033956
45-65,18,A_Q,2
45-65,18,xpop,1.015365833
45-65,18,h_Q_1,100
45-65,18,mig_Q_2,-0.229716381
45-65,18,med_Q_2,178.4645711
45-65,18,mig_Q_3,0.001109393
45-65,18,med_Q_3,-49.07792642
45-65,18,mig_Q_4,0.000313815
45-65,18,med_Q_4,-59.620443
45-65,18,mig_Q_5,-1.02706e-05
45-65,18,med_Q_5,-38.94804426
45-65,18,mig_Q_6,-0.000173255
45-65,18,med_Q_6,-23.00094827
45-65,18,mig_Q_7,-0.000251218
45-65,18,med_Q_7,-14.67620115
45-65,18,mig_Q_8,0.000177041
45-65,18,med_Q_8,-11.17334643
45-65,18,mig_Q_9,0.000449924
45-65,18,med_Q_9,-6.711891317
45-65,18,mig_Q_10,0.001074188
45-65,18,med_Q_10,-4.64958995
45-65,18,mig_Q_11,0.001860603
45-65,18,med_Q_11,-3.090150205
45-65,18,mig_Q_12,0.003658882
45-65,18,med_Q_12,-1.789498656
45-65,18,mig_Q_13,0.004107704
45-65,18,med_Q_13,-1.045919975
45-65,18,mig_Q_14,0.003060282
45-65,18,med_Q_14,-0.561254165
45-65,18,mig_Q_15,0.001315008
45-65,18,med_Q_15,-0.285807119
45-65,18,mig_Q_16,0.000295694
45-65,18,med_Q_16,-0.131239144
45-65,18,mig_Q_17,3.53312e-05
45-65,18,med_Q_17,-0.046533641
45-65,18,h_NQ_1,100
45-65,18,mig_NQ_2,-0.530975994
45-65,18,med_NQ_2,-3.27522284
45-65,18,mig_NQ_3,0.00415521
45-65,18,med_NQ_3,-16.32494772
45-65,18,mig_NQ_4,0.002767053
45-65,18,med_NQ_4,-16.03717825
45-65,18,mig_NQ_5,0.002297045
45-65,18,med_NQ_5,-14.40792937
45-65,18,mig_NQ_6,0.002606818
45-65,18,med_NQ_6,-8.666109092
45-65,18,mig_NQ_7,0.00359109
45-65,18,med_NQ_7,-4.735918706
45-65,18,mig_NQ_8,0.005702794
45-65,18,med_NQ_8,-3.791410139
45-65,18,mig_NQ_9,0.007064494
45-65,18,med_NQ_9,-2.377823335
45-65,18,mig_NQ_10,0.007467126
45-65,18,med_NQ_10,-1.899377754
45-65,18,mig_NQ_11,0.009227528
45-65,18,med_NQ_11,-1.460547934
45-65,18,mig_NQ_12,0.015139796
45-65,18,med_NQ_12,-1.223257
45-65,18,mig_NQ_13,0.015269715
45-65,18,med_NQ_13,-0.729200238
45-65,18,mig_NQ_14,0.010261568
45-65,18,med_NQ_14,-0.397398318
45-65,18,mig_NQ_15,0.004028409
45-65,18,med_NQ_15,-0.203239385
45-65,18,mig_NQ_16,0.000850613
45-65,18,med_NQ_16,-0.091998601
45-65,18,mig_NQ_17,9.67484e-05
45-65,18,med_NQ_17,-0.029236285
45-65,19,beta_Q_2,0.996112200002019
45-65,19,beta_Q_3,0.995198400000949
45-65,19,beta_Q_4,0.993417000005918
45-65,19,beta_Q_5,0.990831500017762
45-65,19,beta_Q_6,0.987090300006913
45-65,19,beta_Q_7,0.98076870000953
45-65,19,beta_Q_8,0.968726300002532
45-65,19,beta_Q_9,0.951335011057293
45-65,19,beta_Q_10,0.924336600000898
45-65,19,beta_Q_11,0.877013799938162
45-65,19,beta_Q_12,0.797342699853427
45-65,19,beta_Q_13,0.661059819996658
45-65,19,beta_Q_14,0.481390420888964
45-65,19,beta_Q_15,0.289655300232739
45-65,19,beta_Q_16,0.147666779862596
45-65,19,beta_Q_17,0.0825551319466387
45-65,19,h_Q_2,257.2148773
45-65,19,h_Q_3,208.263912068
45-65,19,h_Q_4,151.9064256348
45-65,19,h_Q_5,109.069095271824
45-65,19,h_Q_6,77.4611339175553
45-65,19,h_Q_7,51.9985648649029
45-65,19,h_Q_8,31.9757495940546
45-65,19,h_Q_9,20.5486489268193
45-65,19,h_Q_10,13.2164296081205
45-65,19,h_Q_11,8.1309935545059
45-65,19,h_Q_12,4.93443857811574
45-65,19,h_Q_13,2.95037121461522
45-65,19,h_Q_14,1.92823272519296
45-65,19,h_Q_15,1.40776724327645
45-65,19,h_Q_16,1.17324871231954
45-65,19,h_Q_17,1.08998264412709
45-65,19,P_Q_1,0.304206375
45-65,19,P_Q_2,0.0843752879737753
45-65,19,P_Q_3,0.0840883869147266
45-65,19,P_Q_4,0.0833506750846026
45-65,19,P_Q_5,0.0834729345136919
45-65,19,P_Q_6,0.0638592827262049
45-65,19,P_Q_7,0.0548095665327333
45-65,19,P_Q_8,0.0571965031948342
45-65,19,P_Q_9,0.0565060341916074
45-65,19,P_Q_10,0.0519861808937078
45-65,19,P_Q_11,0.0352513382485919
45-65,19,P_Q_12,0.0285759962279203
45-65,19,P_Q_13,0.0242772055436565
45-65,19,P_Q_14,0.0129899930697368
45-65,19,P_Q_15,0.00445065168883907
45-65,19,P_Q_16,0.000837368472269033
45-65,19,P_Q_17,8.22046681894642e-05
45-65,19,L_Q,0.867095763900222
45-65,19,beta_NQ_2,0.988462400031308
45-65,19,beta_NQ_3,0.986035700002781
45-65,19,beta_NQ_4,0.983041900315316
45-65,19,beta_NQ_5,0.977549700016488
45-65,19,beta_NQ_6,0.969548006130814
45-65,19,beta_NQ_7,0.95810829998989
45-65,19,beta_NQ_8,0.938648500014802
45-65,19,beta_NQ_9,0.914904910233032
45-65,19,beta_NQ_10,0.882886651706954
45-65,19,beta_NQ_11,0.832672764376174
45-65,19,beta_NQ_12,0.736273933328963
45-65,19,beta_NQ_13,0.584975870162531
45-65,19,beta_NQ_14,0.405078304537439
45-65,19,beta_NQ_15,0.232303211906323
45-65,19,beta_NQ_16,0.113939246759178
45-65,19,beta_NQ_17,0.0621229938868753
45-65,19,h_NQ_2,86.67313826
45-65,19,h_NQ_3,71.6111799368
45-65,19,h_NQ_4,58.9688703383208
45-65,19,h_NQ_5,44.5428346153615
45-65,19,h_NQ_6,32.8385656048339
45-65,19,h_NQ_7,23.871077080911
45-65,19,h_NQ_8,16.2995199830572
45-65,19,h_NQ_9,11.7515579664611
45-65,19,h_NQ_10,8.53873253969239
45-65,19,h_NQ_11,5.97630752990173
45-65,19,h_NQ_12,3.79180704091707
45-65,19,h_NQ_13,2.40949804436183
45-65,19,h_NQ_14,1.68089346983638
45-65,19,h_NQ_15,1.3025901226697
45-65,19,h_NQ_16,1.1285903413348
45-65,19,h_NQ_17,1.06623755677833
45-65,19,P_NQ_1,0.709814875
45-65,19,P_NQ_2,0.196875672206464
45-65,19,P_NQ_3,0.19620623292224
45-65,19,P_NQ_4,0.194484910453965
45-65,19,P_NQ_5,0.194770179445336
45-65,19,P_NQ_6,0.149004994835153
45-65,19,P_NQ_7,0.127888987511165
45-65,19,P_NQ_8,0.13345850950263
45-65,19,P_NQ_9,0.131847416223898
45-65,19,P_NQ_10,0.121301090083572
45-65,19,P_NQ_11,0.0822531231562311
45-65,19,P_NQ_12,0.0666773273822516
45-65,19,P_NQ_13,0.0566468123280977
45-65,19,P_NQ_14,0.0303100559393809
45-65,19,P_NQ_15,0.0103848541914058
45-65,19,P_NQ_16,0.00195386039658393
45-65,19,P_NQ_17,0.000191808380022294
45-65,19,L_NQ,1.62586238294589
45-65,19,pi_Q,0.3
45-65,19,pi_NQ,0.7
45-65,19,y,2.52168534374572
45-65,19,nbar,4.98082764043348
45-65,19,Ptot,3.43438669490348
45-65,19,Pret,0.528169870670456
45-65,19,H,236.099000249591
45-65,19,cCheck,8.88178419700125e-16
45-65,19,shareq,0.3
45-65,19,A,0.819558266
45-65,19,A_Q,2
45-65,19,xpop,1.01402125
45-65,19,h_Q_1,100
45-65,19,mig_Q_2,-0.219132658
45-65,19,med_Q_2,159.2148773
45-65,19,mig_Q_3,0.00317934
45-65,19,med_Q_3,-62.67136761
45-65,19,mig_Q_4,0.002208166
45-65,19,med_Q_4,-61.38744107
45-65,19,mig_Q_5,0.0015846
45-65,19,med_Q_5,-38.97834034
45-65,19,mig_Q_6,0.00102639
45-65,19,med_Q_6,-21.37601679
45-65,19,mig_Q_7,0.00093681
45-65,19,med_Q_7,-14.17696237
45-65,19,mig_Q_8,0.00111957
45-65,19,med_Q_8,-10.34114348
45-65,19,mig_Q_9,0.001150299
45-65,19,med_Q_9,-5.976693602
45-65,19,mig_Q_10,0.001732015
45-65,19,med_Q_10,-4.328812051
45-65,19,mig_Q_11,0.002254547
45-65,19,med_Q_11,-2.88855039
45-65,19,mig_Q_12,0.003141057
45-65,19,med_Q_12,-1.739351334
45-65,19,mig_Q_13,0.00457096
45-65,19,med_Q_13,-1.031562184
45-65,19,mig_Q_14,0.003828454
45-65,19,med_Q_14,-0.54621732
45-65,19,mig_Q_15,0.001859193
45-65,19,med_Q_15,-0.282235545
45-65,19,mig_Q_16,0.000447788
45-65,19,med_Q_16,-0.125218225
45-65,19,mig_Q_17,5.10219e-05
45-65,19,med_Q_17,-0.023365766
45-65,19,h_NQ_1,100
45-65,19,mig_NQ_2,-0.50637703
45-65,19,med_NQ_2,-11.32686174
45-65,19,mig_NQ_3,0.009032326
45-65,19,med_NQ_3,-21.21910168
45-65,19,mig_NQ_4,0.007085163
45-65,19,med_NQ_4,-15.81802517
45-65,19,mig_NQ_5,0.006430895
45-65,19,med_NQ_5,-13.92867246
45-65,19,mig_NQ_6,0.005382421
45-65,19,med_NQ_6,-7.859953876
45-65,19,mig_NQ_7,0.00569036
45-65,19,med_NQ_7,-4.221548312
45-65,19,mig_NQ_8,0.007381197
45-65,19,med_NQ_8,-3.148049968
45-65,19,mig_NQ_9,0.008272231
45-65,19,med_NQ_9,-1.850938234
45-65,19,mig_NQ_10,0.010088808
45-65,19,med_NQ_10,-1.59532658
45-65,19,mig_NQ_11,0.0097883
45-65,19,med_NQ_11,-1.233847904
45-65,19,mig_NQ_12,0.012644322
45-65,19,med_NQ_12,-1.182443597
45-65,19,mig_NQ_13,0.016615497
45-65,19,med_NQ_13,-0.71520901
45-65,19,mig_NQ_14,0.012595315
45-65,19,med_NQ_14,-0.385752053
45-65,19,mig_NQ_15,0.005584445
45-65,19,med_NQ_15,-0.200811938
45-65,19,mig_NQ_16,0.001257388
45-65,19,med_NQ_16,-0.088364068
45-65,19,mig_NQ_17,0.000137397
45-65,19,med_NQ_17,-0.012780833
45-65,20,beta_Q_2,0.99686690000089
45-65,20,beta_Q_3,0.995923099999867
45-65,20,beta_Q_4,0.994020400065491
45-65,20,beta_Q_5,0.991077199999568
45-65,20,beta_Q_6,0.987600799999601
45-65,20,beta_Q_7,0.982250200053892
45-65,20,beta_Q_8,0.971854300674659
45-65,20,beta_Q_9,0.95534820019508
45-65,20,beta_Q_10,0.928243700006788
45-65,20,beta_Q_11,0.884935700056105
45-65,20,beta_Q_12,0.811040599997013
45-65,20,beta_Q_13,0.682805199770887
45-65,20,beta_Q_14,0.498147923475038
45-65,20,beta_Q_15,0.311240966334781
45-65,20,beta_Q_16,0.15924903071576
45-65,20,beta_Q_17,0.10149318000479
45-65,20,h_Q_2,319.1727044
45-65,20,h_Q_3,245.284407262
45-65,20,h_Q_4,167.23526660664
45-65,20,h_Q_5,112.072443622104
45-65,20,h_Q_6,80.6503645363875
45-65,20,h_Q_7,56.3386630092042
45-65,20,h_Q_8,35.5294059376048
45-65,20,h_Q_9,22.3955137331735
45-65,20,h_Q_10,13.9360585762829
45-65,20,h_Q_11,8.69079288695808
45-65,20,h_Q_12,5.29214211741578
45-65,20,h_Q_13,3.15263679855343
45-65,20,h_Q_14,1.99261655732291
45-65,20,h_Q_15,1.4518851826891
45-65,20,h_Q_16,1.18941279941092
45-65,20,h_Q_17,1.11295738707314
45-65,20,P_Q_1,0.2986466736
45-65,20,P_Q_2,0.0830792994558893
45-65,20,P_Q_3,0.0855906775911205
45-65,20,P_Q_4,0.0844860560641646
45-65,20,P_Q_5,0.0831130224215699
45-65,20,P_Q_6,0.0824548264715775
45-65,20,P_Q_7,0.0628632507029211
45-65,20,P_Q_8,0.0534285085919974
45-65,20,P_Q_9,0.0548544919992961
45-65,20,P_Q_10,0.0528876515242048
45-65,20,P_Q_11,0.0471929850498633
45-65,20,P_Q_12,0.0303438642125786
45-65,20,P_Q_13,0.0217427779226542
45-65,20,P_Q_14,0.0151596551946687
45-65,20,P_Q_15,0.00582143134263581
45-65,20,P_Q_16,0.00123747840318089
45-65,20,P_Q_17,0.000130289864716125
45-65,20,L_Q,0.889342754491419
45-65,20,beta_NQ_2,0.990822700003447
45-65,20,beta_NQ_3,0.988329599999868
45-65,20,beta_NQ_4,0.984818300533219
45-65,20,beta_NQ_5,0.978250100003701
45-65,20,beta_NQ_6,0.970782499999416
45-65,20,beta_NQ_7,0.96136910009016
45-65,20,beta_NQ_8,0.944761001225175
45-65,20,beta_NQ_9,0.921664700262691
45-65,20,beta_NQ_10,0.888475800048907
45-65,20,beta_NQ_11,0.842666999930868
45-65,20,beta_NQ_12,0.752367100266578
45-65,20,beta_NQ_13,0.608120299855312
45-65,20,beta_NQ_14,0.421178745216301
45-65,20,beta_NQ_15,0.250690372101995
45-65,20,beta_NQ_16,0.122887109925889
45-65,20,beta_NQ_17,0.0762592502847983
45-65,20,h_NQ_2,108.96451026
45-65,20,h_NQ_3,85.6868659158
45-65,20,h_NQ_4,65.868776223064
45-65,20,h_NQ_5,45.9772228915544
45-65,20,h_NQ_6,34.2260631460543
45-65,20,h_NQ_7,25.8860135217372
45-65,20,h_NQ_8,18.1031517532928
45-65,20,h_NQ_9,12.765636951396
45-65,20,h_NQ_10,8.96666374113188
45-65,20,h_NQ_11,6.35594566489854
45-65,20,h_NQ_12,4.03823563330369
45-65,20,h_NQ_13,2.55180352409873
45-65,20,h_NQ_14,1.72764803147459
45-65,20,h_NQ_15,1.33456130843965
45-65,20,h_NQ_16,1.14010408521631
45-65,20,h_NQ_17,1.0825547595081
45-65,20,P_NQ_1,0.6968422384
45-65,20,P_NQ_2,0.193851697920423
45-65,20,P_NQ_3,0.199711581257618
45-65,20,P_NQ_4,0.197134128065588
45-65,20,P_NQ_5,0.193930387872007
45-65,20,P_NQ_6,0.192394595134967
45-65,20,P_NQ_7,0.146680920291511
45-65,20,P_NQ_8,0.124666518295766
45-65,20,P_NQ_9,0.127993815656338
45-65,20,P_NQ_10,0.12340452784613
45-65,20,P_NQ_11,0.110116985001731
45-65,20,P_NQ_12,0.0708023845148298
45-65,20,P_NQ_13,0.0507331406055446
45-65,20,P_NQ_14,0.0353725276953163
45-65,20,P_NQ_15,0.0135834873477785
45-65,20,P_NQ_16,0.00288744246427267
45-65,20,P_NQ_17,0.000304007657472791
45-65,20,L_NQ,1.6622240007852
45-65,20,pi_Q,0.3
45-65,20,pi_NQ,0.7
45-65,20,y,2.76691983551042
45-65,20,nbar,5.1302396667806
45-65,20,Ptot,3.54344332644033
45-65,20,Pret,0.581720636647578
45-65,20,H,258.231395724349
45-65,20,cCheck,4.44089209850063e-16
45-65,20,shareq,0.3
45-65,20,A,0.880846471
45-65,20,A_Q,2
45-65,20,xpop,0.995488912
45-65,20,h_Q_1,100
45-65,20,mig_Q_2,-0.219944382
45-65,20,med_Q_2,221.1727044
45-65,20,mig_Q_3,0.001620526
45-65,20,med_Q_3,-6.786172492
45-65,20,mig_Q_4,0.000951223
45-65,20,med_Q_4,-36.86336722
45-65,20,mig_Q_5,0.000526548
45-65,20,med_Q_5,-36.7958535
45-65,20,mig_Q_6,5.95025e-05
45-65,20,med_Q_6,-26.23734883
45-65,20,mig_Q_7,0.000232065
45-65,20,med_Q_7,-19.57324823
45-65,20,mig_Q_8,0.00033304
45-65,20,med_Q_8,-15.42918763
45-65,20,mig_Q_9,0.000441456
45-65,20,med_Q_9,-8.940720869
45-65,20,mig_Q_10,0.000657056
45-65,20,med_Q_10,-6.201617372
45-65,20,mig_Q_11,0.001600387
45-65,20,med_Q_11,-4.261308129
45-65,20,mig_Q_12,0.002236467
45-65,20,med_Q_12,-2.676231566
45-65,20,mig_Q_13,0.002852335
45-65,20,med_Q_13,-1.683113008
45-65,20,mig_Q_14,0.003472841
45-65,20,med_Q_14,-0.898747233
45-65,20,mig_Q_15,0.002058811
45-65,20,med_Q_15,-0.437782888
45-65,20,mig_Q_16,0.000580265
45-65,20,med_Q_16,-0.190199099
45-65,20,mig_Q_17,6.11608e-05
45-65,20,med_Q_17,-0.036826351
45-65,20,h_NQ_1,100
45-65,20,mig_NQ_2,-0.507773617
45-65,20,med_NQ_2,10.96451026
45-65,20,mig_NQ_3,0.00558514
45-65,20,med_NQ_3,0.747190421
45-65,20,mig_NQ_4,0.00425518
45-65,20,med_NQ_4,-4.310180115
45-65,20,mig_NQ_5,0.003811722
45-65,20,med_NQ_5,-11.81227004
45-65,20,mig_NQ_6,0.003555556
45-65,20,med_NQ_6,-9.425914777
45-65,20,mig_NQ_7,0.003917998
45-65,20,med_NQ_7,-6.295780771
45-65,20,mig_NQ_8,0.004623712
45-65,20,med_NQ_8,-5.290503786
45-65,20,mig_NQ_9,0.00589197
45-65,20,med_NQ_9,-3.207892632
45-65,20,mig_NQ_10,0.006998204
45-65,20,med_NQ_10,-2.549863066
45-65,20,mig_NQ_11,0.009112871
45-65,20,med_NQ_11,-2.012012224
45-65,20,mig_NQ_12,0.010241554
45-65,20,med_NQ_12,-1.818545746
45-65,20,mig_NQ_13,0.011728513
45-65,20,med_NQ_13,-1.164167376
45-65,20,mig_NQ_14,0.012426133
45-65,20,med_NQ_14,-0.633660052
45-65,20,mig_NQ_15,0.006542364
45-65,20,med_NQ_15,-0.312714292
45-65,20,mig_NQ_16,0.0017042
45-65,20,med_NQ_16,-0.136434235
45-65,20,mig_NQ_17,0.000182628
45-65,20,med_NQ_17,-0.023463775
45-65,21,beta_Q_2,0.997947299999981
45-65,21,beta_Q_3,0.997289700000371
45-65,21,beta_Q_4,0.995694699999859
45-65,21,beta_Q_5,0.992675200002161
45-65,21,beta_Q_6,0.988263100000314
45-65,21,beta_Q_7,0.983035299999275
45-65,21,beta_Q_8,0.975710000020468
45-65,21,beta_Q_9,0.963067400033811
45-65,21,beta_Q_10,0.942124400015136
45-65,21,beta_Q_11,0.902773200004358
45-65,21,beta_Q_12,0.83872012138729
45-65,21,beta_Q_13,0.721246836124307
45-65,21,beta_Q_14,0.542904303027185
45-65,21,beta_Q_15,0.338483501623465
45-65,21,beta_Q_16,0.208098202732715
45-65,21,beta_Q_17,0.124041184802996
45-65,21,h_Q_2,487.1632484
45-65,21,h_Q_3,368.962845492
45-65,21,h_Q_4,232.27185096676
45-65,21,h_Q_5,136.522498944507
45-65,21,h_Q_6,85.2013734396619
45-65,21,h_Q_7,58.9459288956597
45-65,21,h_Q_8,41.1692054690201
45-65,21,h_Q_9,27.0763499158527
45-65,21,h_Q_10,17.27843858451
45-65,21,h_Q_11,10.2852299987573
45-65,21,h_Q_12,6.20039682521891
45-65,21,h_Q_13,3.58740275906747
45-65,21,h_Q_14,2.18772567358236
45-65,21,h_Q_15,1.51167374817645
45-65,21,h_Q_16,1.26278283903532
45-65,21,h_Q_17,1.1416056824227
45-65,21,P_Q_1,0.3
45-65,21,P_Q_2,0.0779479507072097
45-65,21,P_Q_3,0.0843684854599265
45-65,21,P_Q_4,0.086304972581002
45-65,21,P_Q_5,0.0844090928830788
45-65,21,P_Q_6,0.0824385544339272
45-65,21,P_Q_7,0.081464236797116
45-65,21,P_Q_8,0.0617844325500232
45-65,21,P_Q_9,0.051761339522472
45-65,21,P_Q_10,0.0520161616154193
45-65,21,P_Q_11,0.0485687309258955
45-65,21,P_Q_12,0.0410272339104912
45-65,21,P_Q_13,0.0238991852654904
45-65,21,P_Q_14,0.0137862526727491
45-65,21,P_Q_15,0.00693893173209077
45-65,21,P_Q_16,0.0016386242986931
45-65,21,P_Q_17,0.000202575818326078
45-65,21,L_Q,0.915544414631239
45-65,21,beta_NQ_2,0.987508100006902
45-65,21,beta_NQ_3,0.983809800022365
45-65,21,beta_NQ_4,0.979681400004373
45-65,21,beta_NQ_5,0.970792700009611
45-65,21,beta_NQ_6,0.959805900050643
45-65,21,beta_NQ_7,0.950309499996999
45-65,21,beta_NQ_8,0.9389679003774
45-65,21,beta_NQ_9,0.920657802025191
45-65,21,beta_NQ_10,0.892753200037244
45-65,21,beta_NQ_11,0.845000008029515
45-65,21,beta_NQ_12,0.757092334522423
45-65,21,beta_NQ_13,0.613769218079616
45-65,21,beta_NQ_14,0.427249906787381
45-65,21,beta_NQ_15,0.245702599148123
45-65,21,beta_NQ_16,0.142008612502477
45-65,21,beta_NQ_17,0.0792838006000935
45-65,21,h_NQ_2,80.05187361
45-65,21,h_NQ_3,61.7657595348
45-65,21,h_NQ_4,49.215989287484
45-65,21,h_NQ_5,34.2380158386027
45-65,21,h_NQ_6,24.8792733337233
45-65,21,h_NQ_7,20.1245710931332
45-65,21,h_NQ_8,16.3848204403024
45-65,21,h_NQ_9,12.6036333702269
45-65,21,h_NQ_10,9.32428753436811
45-65,21,h_NQ_11,6.45161290630924
45-65,21,h_NQ_12,4.11679003560057
45-65,21,h_NQ_13,2.58912546863762
45-65,21,h_NQ_14,1.74596215561676
45-65,21,h_NQ_15,1.3257370328451
45-65,21,h_NQ_16,1.16551257727086
45-65,21,h_NQ_17,1.08611100851198
45-65,21,P_NQ_1,0.7
45-65,21,P_NQ_2,0.181878552127933
45-65,21,P_NQ_3,0.196859798064987
45-65,21,P_NQ_4,0.20137827105093
45-65,21,P_NQ_5,0.196954549494304
45-65,21,P_NQ_6,0.192356628764244
45-65,21,P_NQ_7,0.190083218787113
45-65,21,P_NQ_8,0.144163678115238
45-65,21,P_NQ_9,0.120776457217861
45-65,21,P_NQ_10,0.121371045766577
45-65,21,P_NQ_11,0.113327046257984
45-65,21,P_NQ_12,0.0957302286958505
45-65,21,P_NQ_13,0.0557647853016294
45-65,21,P_NQ_14,0.0321679055011255
45-65,21,P_NQ_15,0.016190825130127
45-65,21,P_NQ_16,0.00382347250288337
45-65,21,P_NQ_17,0.000472674197565924
45-65,21,L_NQ,1.70893495717584
45-65,21,pi_Q,0.3
45-65,21,pi_NQ,0.7
45-65,21,y,3.2446963460344
45-65,21,nbar,5.37339363734719
45-65,21,Ptot,3.66185589815026
45-65,21,Pret,0.626925679592898
45-65,21,H,272.311788865894
45-65,21,cCheck,-4.44089209850063e-16
45-65,21,shareq,0.3
45-65,21,A,1
45-65,21,A_Q,2
45-65,21,xpop,1
45-65,21,h_Q_1,100
45-65,21,mig_Q_2,-0.219763033
45-65,21,med_Q_2,389.1632484
45-65,21,mig_Q_3,0.001627892
45-65,21,med_Q_3,56.17359518
45-65,21,mig_Q_4,0.001226093
45-65,21,med_Q_4,-8.10686815
45-65,21,mig_Q_5,0.000676889
45-65,21,med_Q_5,-27.36806233
45-65,21,mig_Q_6,0.000356067
45-65,21,med_Q_6,-24.62962131
45-65,21,mig_Q_7,0.000472967
45-65,21,med_Q_7,-20.09142835
45-65,21,mig_Q_8,0.000690512
45-65,21,med_Q_8,-14.04268428
45-65,21,mig_Q_9,0.00071851
45-65,21,med_Q_9,-7.742467903
45-65,21,mig_Q_10,0.001097825
45-65,21,med_Q_10,-4.669164874
45-65,21,mig_Q_11,0.00176656
45-65,21,med_Q_11,-3.372107406
45-65,21,mig_Q_12,0.002751807
45-65,21,med_Q_12,-2.316580204
45-65,21,mig_Q_13,0.003180237
45-65,21,med_Q_13,-1.598896516
45-65,21,mig_Q_14,0.002955133
45-65,21,med_Q_14,-0.901858389
45-65,21,mig_Q_15,0.002220626
45-65,21,med_Q_15,-0.441090478
45-65,21,mig_Q_16,0.000711567
45-65,21,med_Q_16,-0.16006464
45-65,21,mig_Q_17,7.69802e-05
45-65,21,med_Q_17,-0.024018861
45-65,21,h_NQ_1,100
45-65,21,mig_NQ_2,-0.508568556
45-65,21,med_NQ_2,-17.94812639
45-65,21,mig_NQ_3,0.005270427
45-65,21,med_NQ_3,-45.01946052
45-65,21,mig_NQ_4,0.004698651
45-65,21,med_NQ_4,-34.75713931
45-65,21,mig_NQ_5,0.004108069
45-65,21,med_NQ_5,-30.31338486
45-65,21,mig_NQ_6,0.004092402
45-65,21,med_NQ_6,-20.1784051
45-65,21,mig_NQ_7,0.005121
45-65,21,med_NQ_7,-13.41697079
45-65,21,mig_NQ_8,0.005585265
45-65,21,med_NQ_8,-8.983472811
45-65,21,mig_NQ_9,0.005875728
45-65,21,med_NQ_9,-5.137455348
45-65,21,mig_NQ_10,0.007651638
45-65,21,med_NQ_10,-3.186036678
45-65,21,mig_NQ_11,0.009338123
45-65,21,med_NQ_11,-2.33571756
45-65,21,mig_NQ_12,0.012881832
45-65,21,med_NQ_12,-2.112036716
45-65,21,mig_NQ_13,0.012708418
45-65,21,med_NQ_13,-1.368345452
45-65,21,mig_NQ_14,0.010800185
45-65,21,med_NQ_14,-0.754805298
45-65,21,mig_NQ_15,0.007323273
45-65,21,med_NQ_15,-0.367358038
45-65,21,mig_NQ_16,0.002154237
45-65,21,med_NQ_16,-0.142357505
45-65,21,mig_NQ_17,0.00025248
45-65,21,med_NQ_17,-0.031190995
45-65,22,beta_Q_2,0.998280799999971
45-65,22,beta_Q_3,0.997731699999976
45-65,22,beta_Q_4,0.996375300000702
45-65,22,beta_Q_5,0.993893399999639
45-65,22,beta_Q_6,0.989472500323064
45-65,22,beta_Q_7,0.983741699997244
45-65,22,beta_Q_8,0.977087400001782
45-65,22,beta_Q_9,0.966488200428574
45-65,22,beta_Q_10,0.950223624515064
45-65,22,beta_Q_11,0.916742552309607
45-65,22,beta_Q_12,0.858567121265618
45-65,22,beta_Q_13,0.752188914642618
45-65,22,beta_Q_14,0.577905800097401
45-65,22,beta_Q_15,0.365396350457373
45-65,22,beta_Q_16,0.191576039975639
45-65,22,beta_Q_17,0.185962103794283
45-65,22,h_Q_2,581.6658911
45-65,22,h_Q_3,440.858792922
45-65,22,h_Q_4,275.88490087216
45-65,22,h_Q_5,163.757246247425
45-65,22,h_Q_6,94.989313735617
45-65,22,h_Q_7,61.5070456208687
45-65,22,h_Q_8,43.6441084777465
45-65,22,h_Q_9,29.8402354096397
45-65,22,h_Q_10,20.0898417965357
45-65,22,h_Q_11,12.0109299488199
45-65,22,h_Q_12,7.07049067078214
45-65,22,h_Q_13,4.03533175071454
45-65,22,h_Q_14,2.36913939588612
45-65,22,h_Q_15,1.57578161911071
45-65,22,h_Q_16,1.23697450221292
45-65,22,h_Q_17,1.22844403625461
45-65,22,P_Q_1,0.3043458798
45-65,22,P_Q_2,0.0753739649999943
45-65,22,P_Q_3,0.0801695203764368
45-65,22,P_Q_4,0.086004067819464
45-65,22,P_Q_5,0.0869474759180272
45-65,22,P_Q_6,0.0841801138008459
45-65,22,P_Q_7,0.0816496550894621
45-65,22,P_Q_8,0.0803410254869814
45-65,22,P_Q_9,0.0601671518185152
45-65,22,P_Q_10,0.0494825009415887
45-65,22,P_Q_11,0.0483919356734959
45-65,22,P_Q_12,0.0430212338977937
45-65,22,P_Q_13,0.0330275316528737
45-65,22,P_Q_14,0.0161896095194786
45-65,22,P_Q_15,0.00656592607893797
45-65,22,P_Q_16,0.00204585822233309
45-65,22,P_Q_17,0.000275074799456871
45-65,22,L_Q,0.94872135208228
45-65,22,beta_NQ_2,0.989546300000006
45-65,22,beta_NQ_3,0.986403899999229
45-65,22,beta_NQ_4,0.982873300000434
45-65,22,beta_NQ_5,0.975717099998542
45-65,22,beta_NQ_6,0.964047001348653
45-65,22,beta_NQ_7,0.952375900018
45-65,22,beta_NQ_8,0.942323100000106
45-65,22,beta_NQ_9,0.927806100634132
45-65,22,beta_NQ_10,0.907065229359897
45-65,22,beta_NQ_11,0.865680642477568
45-65,22,beta_NQ_12,0.783567210970732
45-65,22,beta_NQ_13,0.649617903700812
45-65,22,beta_NQ_14,0.461536900963361
45-65,22,beta_NQ_15,0.268777224537005
45-65,22,beta_NQ_16,0.131445915791123
45-65,22,beta_NQ_17,0.121206750107924
45-65,22,h_NQ_2,95.659909888
45-65,22,h_NQ_3,73.5505034488
45-65,22,h_NQ_4,58.388364368104
45-65,22,h_NQ_5,41.1812427647343
45-65,22,h_NQ_6,27.8140906188307
45-65,22,h_NQ_7,20.9977721440488
45-65,22,h_NQ_8,17.3379637232705
45-65,22,h_NQ_9,13.8515857924964
45-65,22,h_NQ_10,10.7602318998224
45-65,22,h_NQ_11,7.44494094268074
45-65,22,h_NQ_12,4.62037177618305
45-65,22,h_NQ_13,2.85402707088856
45-65,22,h_NQ_14,1.85713747426486
45-65,22,h_NQ_15,1.36757092650442
45-65,22,h_NQ_16,1.1513387551882
45-65,22,h_NQ_17,1.13791818872544
45-65,22,P_NQ_1,0.7101403862
45-65,22,P_NQ_2,0.175872585004831
45-65,22,P_NQ_3,0.187062214997339
45-65,22,P_NQ_4,0.200676156572885
45-65,22,P_NQ_5,0.202877445476799
45-65,22,P_NQ_6,0.196420263646449
45-65,22,P_NQ_7,0.190515864702057
45-65,22,P_NQ_8,0.187462392841514
45-65,22,P_NQ_9,0.140390023025442
45-65,22,P_NQ_10,0.115459166670406
45-65,22,P_NQ_11,0.112914517647308
45-65,22,P_NQ_12,0.100382875015988
45-65,22,P_NQ_13,0.077064247613235
45-65,22,P_NQ_14,0.0377757643221395
45-65,22,P_NQ_15,0.0153204229907777
45-65,22,P_NQ_16,0.00477366761199957
45-65,22,P_NQ_17,0.000641841431518546
45-65,22,L_NQ,1.76930007566412
45-65,22,pi_Q,0.3
45-65,22,pi_NQ,0.7
45-65,22,y,3.7232324296547
45-65,22,nbar,5.62511072432766
45-65,22,Ptot,3.79392836166637
45-65,22,Pret,0.663332174089331
45-65,22,H,302.232960706092
45-65,22,cCheck,0
45-65,22,shareq,0.3
45-65,22,A,1.111292532
45-65,22,A_Q,2
45-65,22,xpop,1.014486266
45-65,22,h_Q_1,100
45-65,22,mig_Q_2,-0.224010225
45-65,22,med_Q_2,483.6658911
45-65,22,mig_Q_3,0.002432832
45-65,22,med_Q_3,-36.56119051
45-65,22,mig_Q_4,0.001998814
45-65,22,med_Q_4,-85.69868771
45-65,22,mig_Q_5,0.00127467
45-65,22,med_Q_5,-63.8691677
45-65,22,mig_Q_6,0.000761722
45-65,22,med_Q_6,-38.80273523
45-65,22,mig_Q_7,0.000609646
45-65,22,med_Q_7,-21.99030035
45-65,22,mig_Q_8,0.000855555
45-65,22,med_Q_8,-14.12290184
45-65,22,mig_Q_9,0.000664579
45-65,22,med_Q_9,-10.50558595
45-65,22,mig_Q_10,0.00071688
45-65,22,med_Q_10,-6.444981121
45-65,22,mig_Q_11,0.001433139
45-65,22,med_Q_11,-4.921939864
45-65,22,mig_Q_12,0.002285662
45-65,22,med_Q_12,-3.009034728
45-65,22,mig_Q_13,0.003436769
45-65,22,med_Q_13,-2.041057138
45-65,22,mig_Q_14,0.003214639
45-65,22,med_Q_14,-1.146515308
45-65,22,mig_Q_15,0.001899507
45-65,22,med_Q_15,-0.568189541
45-65,22,mig_Q_16,0.000601879
45-65,22,med_Q_16,-0.244465771
45-65,22,mig_Q_17,7.18179e-05
45-65,22,med_Q_17,-0.009083146
45-65,22,h_NQ_1,100
45-65,22,mig_NQ_2,-0.515383085
45-65,22,med_NQ_2,-2.340090112
45-65,22,mig_NQ_3,0.008128313
45-65,22,med_NQ_3,-4.900332689
45-65,22,mig_NQ_4,0.007816274
45-65,22,med_NQ_4,-2.142079976
45-65,22,mig_NQ_5,0.00738089
45-65,22,med_NQ_5,-7.050426737
45-65,22,mig_NQ_6,0.007382125
45-65,22,med_NQ_6,-5.739164903
45-65,22,mig_NQ_7,0.007717533
45-65,22,med_NQ_7,-3.383915723
45-65,22,mig_NQ_8,0.008980352
45-65,22,med_NQ_8,-2.384115948
45-65,22,mig_NQ_9,0.007664608
45-65,22,med_NQ_9,-2.205538239
45-65,22,mig_NQ_10,0.007635598
45-65,22,med_NQ_10,-1.591328803
45-65,22,mig_NQ_11,0.010355983
45-65,22,med_NQ_11,-1.692860841
45-65,22,mig_NQ_12,0.014583837
45-65,22,med_NQ_12,-1.702208872
45-65,22,mig_NQ_13,0.01830798
45-65,22,med_NQ_13,-1.180427164
45-65,22,mig_NQ_14,0.013950265
45-65,22,med_NQ_14,-0.680205485
45-65,22,mig_NQ_15,0.007416685
45-65,22,med_NQ_15,-0.343471986
45-65,22,mig_NQ_16,0.002474431
45-65,22,med_NQ_16,-0.147883537
45-65,22,mig_NQ_17,0.000338702
45-65,22,med_NQ_17,-0.004284137
45-65,23,beta_Q_2,0.998437700016199
45-65,23,beta_Q_3,0.998043699999944
45-65,23,beta_Q_4,0.996854699999507
45-65,23,beta_Q_5,0.994779900001327
45-65,23,beta_Q_6,0.991028999998848
45-65,23,beta_Q_7,0.985176100121917
45-65,23,beta_Q_8,0.97780249999603
45-65,23,beta_Q_9,0.968116499992645
45-65,23,beta_Q_10,0.954185100205531
45-65,23,beta_Q_11,0.926734308891795
45-65,23,beta_Q_12,0.875713916351136
45-65,23,beta_Q_13,0.773751701546988
45-65,23,beta_Q_14,0.603063500074324
45-65,23,beta_Q_15,0.383542360896424
45-65,23,beta_Q_16,0.199860006922652
45-65,23,beta_Q_17,0.126764098806548
45-65,23,h_Q_2,640.0819305
45-65,23,h_Q_3,511.169043588
45-65,23,h_Q_4,317.93469616356
45-65,23,h_Q_5,191.567211404717
45-65,23,h_Q_6,111.470293152476
45-65,23,h_Q_7,67.4586310309047
45-65,23,h_Q_8,45.0501182484513
45-65,23,h_Q_9,31.3641852281916
45-65,23,h_Q_10,21.8269602544469
45-65,23,h_Q_11,13.648951715605
45-65,23,h_Q_12,8.04595204384345
45-65,23,h_Q_13,4.4199227133665
45-65,23,h_Q_14,2.51929464770024
45-65,23,h_Q_15,1.6221702609684
45-65,23,h_Q_16,1.2497812847285
45-65,23,h_Q_17,1.14516592616867
45-65,23,P_Q_1,0.3077841666
45-65,23,P_Q_2,0.075935203363439
45-65,23,P_Q_3,0.077418532235183
45-65,23,P_Q_4,0.0820643909159847
45-65,23,P_Q_5,0.0867295713788866
45-65,23,P_Q_6,0.0866535193933899
45-65,23,P_Q_7,0.0832293902564056
45-65,23,P_Q_8,0.0800970432024048
45-65,23,P_Q_9,0.0776902875434989
45-65,23,P_Q_10,0.0572552912777376
45-65,23,P_Q_11,0.0460322822078545
45-65,23,P_Q_12,0.0431010799036644
45-65,23,P_Q_13,0.0350225232321677
45-65,23,P_Q_14,0.0226562281050962
45-65,23,P_Q_15,0.00835774423374745
45-65,23,P_Q_16,0.00203479611697571
45-65,23,P_Q_17,0.000373700419089895
45-65,23,L_Q,0.969818634210103
45-65,23,beta_NQ_2,0.990472600076074
45-65,23,beta_NQ_3,0.988217199999898
45-65,23,beta_NQ_4,0.985088499999103
45-65,23,beta_NQ_5,0.979207900000741
45-65,23,beta_NQ_6,0.969464399997845
45-65,23,beta_NQ_7,0.956664600400181
45-65,23,beta_NQ_8,0.944183200024705
45-65,23,beta_NQ_9,0.931204399992527
45-65,23,beta_NQ_10,0.914147900140892
45-65,23,beta_NQ_11,0.88096120871536
45-65,23,beta_NQ_12,0.807341310491864
45-65,23,beta_NQ_13,0.675434200748707
45-65,23,beta_NQ_14,0.486570798834349
45-65,23,beta_NQ_15,0.283754838344068
45-65,23,beta_NQ_16,0.137884601826712
45-65,23,beta_NQ_17,0.0815321951115927
45-65,23,h_NQ_2,104.960429918
45-65,23,h_NQ_3,84.86947075324
45-65,23,h_NQ_4,67.062334435824
45-65,23,h_NQ_5,48.0951900017419
45-65,23,h_NQ_6,32.7486605774396
45-65,23,h_NQ_7,23.0758225384541
45-65,23,h_NQ_8,17.9157529711678
45-65,23,h_NQ_9,14.5358133348051
45-65,23,h_NQ_10,11.6479387166465
45-65,23,h_NQ_11,8.40062231382592
45-65,23,h_NQ_12,5.19052604782713
45-65,23,h_NQ_13,3.08103934765939
45-65,23,h_NQ_14,1.94768820647079
45-65,23,h_NQ_15,1.39616972277957
45-65,23,h_NQ_16,1.15993751997433
45-65,23,h_NQ_17,1.08876599908443
45-65,23,P_NQ_1,0.7181630554
45-65,23,P_NQ_2,0.177182140644785
45-65,23,P_NQ_3,0.180643240751711
45-65,23,P_NQ_4,0.191483580559826
45-65,23,P_NQ_5,0.202368999530148
45-65,23,P_NQ_6,0.202191544953183
45-65,23,P_NQ_7,0.19420190737206
45-65,23,P_NQ_8,0.186893102225243
45-65,23,P_NQ_9,0.181277337717829
45-65,23,P_NQ_10,0.133595682435414
45-65,23,P_NQ_11,0.107408654583162
45-65,23,P_NQ_12,0.100569185671007
45-65,23,P_NQ_13,0.0817192148353464
45-65,23,P_NQ_14,0.0528645340184855
45-65,23,P_NQ_15,0.0195013550892687
45-65,23,P_NQ_16,0.00474784203033016
45-65,23,P_NQ_17,0.000871989737345923
45-65,23,L_NQ,1.80803758777512
45-65,23,pi_Q,0.3
45-65,23,pi_NQ,0.7
45-65,23,y,3.98489491657363
45-65,23,nbar,5.8703816136699
45-65,23,Ptot,3.90811911794067
45-65,23,Pret,0.716112103896693
45-65,23,H,328.38673445958
45-65,23,cCheck,4.44089209850063e-16
45-65,23,shareq,0.3
45-65,23,A,1.154384374
45-65,23,A_Q,2
45-65,23,xpop,1.025947222
45-65,23,h_Q_1,100
45-65,23,mig_Q_2,-0.227887445
45-65,23,med_Q_2,542.0819305
45-65,23,mig_Q_3,0.002215538
45-65,23,med_Q_3,-58.86352969
45-65,23,mig_Q_4,0.002185461
45-65,23,med_Q_4,-114.1069209
45-65,23,mig_Q_5,0.001250696
45-65,23,med_Q_5,-78.79999145
45-65,23,mig_Q_6,0.000621383
45-65,23,med_Q_6,-49.01180817
45-65,23,mig_Q_7,0.000417902
45-65,23,med_Q_7,-25.63089643
45-65,23,mig_Q_8,0.000318194
45-65,23,med_Q_8,-15.22678646
45-65,23,mig_Q_9,4.16344e-05
45-65,23,med_Q_9,-11.40704108
45-65,23,mig_Q_10,8.30422e-05
45-65,23,med_Q_10,-7.416470447
45-65,23,mig_Q_11,0.000669568
45-65,23,med_Q_11,-6.039093245
45-65,23,mig_Q_12,0.001553355
45-65,23,med_Q_12,-3.724759306
45-65,23,mig_Q_13,0.002662428
45-65,23,med_Q_13,-2.509158144
45-65,23,mig_Q_14,0.003569426
45-65,23,med_Q_14,-1.435330468
45-65,23,mig_Q_15,0.00244212
45-65,23,med_Q_15,-0.699586347
45-65,23,mig_Q_16,0.000776922
45-65,23,med_Q_16,-0.294484702
45-65,23,mig_Q_17,-6.75168e-06
45-65,23,med_Q_17,-0.067069086
45-65,23,h_NQ_1,100
45-65,23,mig_NQ_2,-0.525534651
45-65,23,med_NQ_2,6.960429918
45-65,23,mig_NQ_3,0.007161837
45-65,23,med_NQ_3,-8.877240937
45-65,23,mig_NQ_4,0.007625124
45-65,23,med_NQ_4,-5.017158944
45-65,23,mig_NQ_5,0.006565842
45-65,23,med_NQ_5,-9.125407079
45-65,23,mig_NQ_6,0.006608152
45-65,23,med_NQ_6,-7.608957332
45-65,23,mig_NQ_7,0.007135982
45-65,23,med_NQ_7,-4.181986268
45-65,23,mig_NQ_8,0.007365602
45-65,23,med_NQ_8,-2.66206373
45-65,23,mig_NQ_9,0.007348586
45-65,23,med_NQ_9,-2.455391114
45-65,23,mig_NQ_10,0.006252774
45-65,23,med_NQ_10,-1.92661536
45-65,23,mig_NQ_11,0.007457889
45-65,23,med_NQ_11,-2.144404948
45-65,23,mig_NQ_12,0.012093072
45-65,23,med_NQ_12,-2.105516076
45-65,23,mig_NQ_13,0.016508702
45-65,23,med_NQ_13,-1.446924993
45-65,23,mig_NQ_14,0.01729654
45-65,23,med_NQ_14,-0.849258323
45-65,23,mig_NQ_15,0.00934809
45-65,23,med_NQ_15,-0.423825002
45-65,23,mig_NQ_16,0.002734035
45-65,23,med_NQ_16,-0.180281988
45-65,23,mig_NQ_17,0.000293389
45-65,23,med_NQ_17,-0.039545981
45-65,24,beta_Q_2,0.998567900006669
45-65,24,beta_Q_3,0.998121900000046
45-65,24,beta_Q_4,0.99717630000021
45-65,24,beta_Q_5,0.995330300172894
45-65,24,beta_Q_6,0.992001400384707
45-65,24,beta_Q_7,0.986972899997076
45-65,24,beta_Q_8,0.979117000019634
45-65,24,beta_Q_9,0.968275900014148
45-65,24,beta_Q_10,0.955263415083006
45-65,24,beta_Q_11,0.930171300143746
45-65,24,beta_Q_12,0.885025600511386
45-65,24,beta_Q_13,0.790376500426461
45-65,24,beta_Q_14,0.617163904442869
45-65,24,beta_Q_15,0.391218915190549
45-65,24,beta_Q_16,0.198171666851347
45-65,24,beta_Q_17,0.161492363992731
45-65,24,h_Q_2,698.2752601
45-65,24,h_Q_3,532.45301103
45-65,24,h_Q_4,354.14527041624
45-65,24,h_Q_5,214.146519000289
45-65,24,h_Q_6,125.021878876622
45-65,24,h_Q_7,76.7630554594268
45-65,24,h_Q_8,47.8858401902866
45-65,24,h_Q_9,31.5217768134823
45-65,24,h_Q_10,22.3530621376278
45-65,24,h_Q_11,14.320759258358
45-65,24,h_Q_12,8.69758835529285
45-65,24,h_Q_13,4.77045751296658
45-65,24,h_Q_14,2.61207909009917
45-65,24,h_Q_15,1.64262655274624
45-65,24,h_Q_16,1.24714419074903
45-65,24,h_Q_17,1.19259147503393
45-65,24,P_Q_1,0.3120516879
45-65,24,P_Q_2,0.0746465224015065
45-65,24,P_Q_3,0.0782214153250949
45-65,24,P_Q_4,0.0796326387257055
45-65,24,P_Q_5,0.082838589589073
45-65,24,P_Q_6,0.0864514913939466
45-65,24,P_Q_7,0.0856854032978187
45-65,24,P_Q_8,0.0817680948658586
45-65,24,P_Q_9,0.0778115231248719
45-65,24,P_Q_10,0.07441611680469
45-65,24,P_Q_11,0.0537302147926726
45-65,24,P_Q_12,0.041595451130821
45-65,24,P_Q_13,0.035971618913973
45-65,24,P_Q_14,0.0248794754418253
45-65,24,P_Q_15,0.0119913822164365
45-65,24,P_Q_16,0.00284669982041452
45-65,24,P_Q_17,0.000390309096023489
45-65,24,L_Q,0.969895022041203
45-65,24,beta_NQ_2,0.991275700044955
45-65,24,beta_NQ_3,0.988687700000473
45-65,24,beta_NQ_4,0.986582100316149
45-65,24,beta_NQ_5,0.9813840006486
45-65,24,beta_NQ_6,0.972817001453876
45-65,24,beta_NQ_7,0.962049706233961
45-65,24,beta_NQ_8,0.947720700025409
45-65,24,beta_NQ_9,0.931685400202676
45-65,24,beta_NQ_10,0.916191929635411
45-65,24,beta_NQ_11,0.886391599929464
45-65,24,beta_NQ_12,0.82058520000954
45-65,24,beta_NQ_13,0.695844900463616
45-65,24,beta_NQ_14,0.500897139322672
45-65,24,beta_NQ_15,0.290317903067518
45-65,24,beta_NQ_16,0.136720974510348
45-65,24,beta_NQ_17,0.103768538782001
45-65,24,h_NQ_2,114.62237658
45-65,24,h_NQ_3,88.39935291964
45-65,24,h_NQ_4,74.5273105321752
45-65,24,h_NQ_5,53.7172324871075
45-65,24,h_NQ_6,36.7876981917071
45-65,24,h_NQ_7,26.3502528278908
45-65,24,h_NQ_8,19.128029641685
45-65,24,h_NQ_9,14.6381593467445
45-65,24,h_NQ_10,11.932020888109
45-65,24,h_NQ_11,8.80216603131353
45-65,24,h_NQ_12,5.5736761915494
45-65,24,h_NQ_13,3.28779626287059
45-65,24,h_NQ_14,2.0035936477062
45-65,24,h_NQ_15,1.40908161134137
45-65,24,h_NQ_16,1.15837191532398
45-65,24,h_NQ_17,1.11578276857485
45-65,24,P_NQ_1,0.7281206051
45-65,24,P_NQ_2,0.174175218760615
45-65,24,P_NQ_3,0.182516634917978
45-65,24,P_NQ_4,0.18580948806708
45-65,24,P_NQ_5,0.193290045804609
45-65,24,P_NQ_6,0.201720145707659
45-65,24,P_NQ_7,0.199932606556932
45-65,24,P_NQ_8,0.190792220353453
45-65,24,P_NQ_9,0.181560223120399
45-65,24,P_NQ_10,0.173637605617885
45-65,24,P_NQ_11,0.125370502877456
45-65,24,P_NQ_12,0.097056049949338
45-65,24,P_NQ_13,0.0839337765436449
45-65,24,P_NQ_14,0.0580521036425503
45-65,24,P_NQ_15,0.0279798753045498
45-65,24,P_NQ_16,0.00664228858156514
45-65,24,P_NQ_17,0.000910733982775899
45-65,24,L_NQ,1.81014940946708
45-65,24,pi_Q,0.3
45-65,24,pi_NQ,0.7
45-65,24,y,4.27997064626958
45-65,24,nbar,5.97229921082561
45-65,24,Ptot,4.01642875972922
45-65,24,Pret,0.819404204716621
45-65,24,H,346.811386855874
45-65,24,cCheck,4.44089209850063e-16
45-65,24,shareq,0.3
45-65,24,A,1.225015828
45-65,24,A_Q,2
45-65,24,xpop,1.040172293
45-65,24,h_Q_1,100
45-65,24,mig_Q_2,-0.232656793
45-65,24,med_Q_2,600.2752601
45-65,24,mig_Q_3,0.002434764
45-65,24,med_Q_3,-94.82728086
45-65,24,mig_Q_4,0.002457611
45-65,24,med_Q_4,-146.8003923
45-65,24,mig_Q_5,0.001202583
45-65,24,med_Q_5,-97.42948324
45-65,24,mig_Q_6,0.000499971
45-65,24,med_Q_6,-62.7139883
45-65,24,mig_Q_7,0.000316427
45-65,24,med_Q_7,-32.47783183
45-65,24,mig_Q_8,0.000386189
45-65,24,med_Q_8,-18.22361822
45-65,24,mig_Q_9,0.000268254
45-65,24,med_Q_9,-12.62733907
45-65,24,mig_Q_10,0.000285202
45-65,24,med_Q_10,-8.383839386
45-65,24,mig_Q_11,0.000669772
45-65,24,med_Q_11,-7.069661791
45-65,24,mig_Q_12,0.001284341
45-65,24,med_Q_12,-4.678384326
45-65,24,mig_Q_13,0.002622085
45-65,24,med_Q_13,-3.11457549
45-65,24,mig_Q_14,0.00375867
45-65,24,med_Q_14,-1.719445169
45-65,24,mig_Q_15,0.003301759
45-65,24,med_Q_15,-0.826282202
45-65,24,mig_Q_16,0.001176321
45-65,24,med_Q_16,-0.342582665
45-65,24,mig_Q_17,0.00013237
45-65,24,med_Q_17,-0.032194184
45-65,24,h_NQ_1,100
45-65,24,mig_NQ_2,-0.53714561
45-65,24,med_NQ_2,16.62237658
45-65,24,mig_NQ_3,0.007422196
45-65,24,med_NQ_3,-14.4618684
45-65,24,mig_NQ_4,0.007859909
45-65,24,med_NQ_4,-8.644770806
45-65,24,mig_NQ_5,0.005787811
45-65,24,med_NQ_5,-12.00385526
45-65,24,mig_NQ_6,0.005530605
45-65,24,med_NQ_6,-10.34558801
45-65,24,mig_NQ_7,0.006503113
45-65,24,med_NQ_7,-5.743434538
45-65,24,mig_NQ_8,0.007430042
45-65,24,med_NQ_8,-3.486276446
45-65,24,mig_NQ_9,0.007524544
45-65,24,med_NQ_9,-2.919278565
45-65,24,mig_NQ_10,0.007923308
45-65,24,med_NQ_10,-2.31307618
45-65,24,mig_NQ_11,0.007677889
45-65,24,med_NQ_11,-2.612813911
45-65,24,mig_NQ_12,0.010340606
45-65,24,med_NQ_12,-2.658933676
45-65,24,mig_NQ_13,0.016005909
45-65,24,med_NQ_13,-1.798919264
45-65,24,mig_NQ_14,0.01828992
45-65,24,med_NQ_14,-1.015824913
45-65,24,mig_NQ_15,0.012979308
45-65,24,med_NQ_15,-0.499652831
45-65,24,mig_NQ_16,0.003953352
45-65,24,med_NQ_16,-0.209874413
45-65,24,mig_NQ_17,0.000523632
45-65,24,med_NQ_17,-0.020956001
45-65,25,beta_Q_2,0.998632799999955
45-65,25,beta_Q_3,0.998197499999996
45-65,25,beta_Q_4,0.997334600000127
45-65,25,beta_Q_5,0.995742200032309
45-65,25,beta_Q_6,0.992592800009731
45-65,25,beta_Q_7,0.987996600040646
45-65,25,beta_Q_8,0.980881900094676
45-65,25,beta_Q_9,0.969825600035104
45-65,25,beta_Q_10,0.955121599992046
45-65,25,beta_Q_11,0.930302299960104
45-65,25,beta_Q_12,0.88686100819419
45-65,25,beta_Q_13,0.801346400895735
45-65,25,beta_Q_14,0.630152162749872
45-65,25,beta_Q_15,0.401319548696717
45-65,25,beta_Q_16,0.209842137382246
45-65,25,beta_Q_17,0.141344056412864
45-65,25,h_Q_2,731.4218841
45-65,25,h_Q_3,554.785020798
45-65,25,h_Q_4,375.1782096094
45-65,25,h_Q_5,234.863074807915
45-65,25,h_Q_6,135.003780060283
45-65,25,h_Q_7,83.30972895909
45-65,25,h_Q_8,52.3064530302383
45-65,25,h_Q_9,33.1406755764809
45-65,25,h_Q_10,22.2824343052127
45-65,25,h_Q_11,14.3476757398752
45-65,25,h_Q_12,8.83868518519084
45-65,25,h_Q_13,5.033888157187
45-65,25,h_Q_14,2.70381053670725
45-65,25,h_Q_15,1.67034002329719
45-65,25,h_Q_16,1.26556983069131
45-65,25,h_Q_17,1.16461046393405
45-65,25,P_Q_1,0.306880497
45-65,25,P_Q_2,0.0703933366798395
45-65,25,P_Q_3,0.0768607277677877
45-65,25,P_Q_4,0.0803230335146578
45-65,25,P_Q_5,0.0802344772064161
45-65,25,P_Q_6,0.0823301268782545
45-65,25,P_Q_7,0.0851402141701557
45-65,25,P_Q_8,0.0839215743224328
45-65,25,P_Q_9,0.0793560346486815
45-65,25,P_Q_10,0.0744058763130754
45-65,25,P_Q_11,0.0696131771198673
45-65,25,P_Q_12,0.0486338866124909
45-65,25,P_Q_13,0.0350861410984382
45-65,25,P_Q_14,0.0261296827780785
45-65,25,P_Q_15,0.0135357483928608
45-65,25,P_Q_16,0.00411624920168282
45-65,25,P_Q_17,0.000597353283576423
45-65,25,L_Q,0.956953962056609
45-65,25,beta_NQ_2,0.991690600000529
45-65,25,beta_NQ_3,0.989144200000644
45-65,25,beta_NQ_4,0.987363000003173
45-65,25,beta_NQ_5,0.983010700120059
45-65,25,beta_NQ_6,0.974850500042407
45-65,25,beta_NQ_7,0.965107800119121
45-65,25,beta_NQ_8,0.952190900273821
45-65,25,beta_NQ_9,0.935068400007744
45-65,25,beta_NQ_10,0.916035200054267
45-65,25,beta_NQ_11,0.886647899968915
45-65,25,beta_NQ_12,0.823275109295727
45-65,25,beta_NQ_13,0.709672299606467
45-65,25,beta_NQ_14,0.514614910536279
45-65,25,beta_NQ_15,0.299465121496327
45-65,25,beta_NQ_16,0.146564112237895
45-65,25,beta_NQ_17,0.0942485130586051
45-65,25,h_NQ_2,120.34563266
45-65,25,h_NQ_3,92.1166565384
45-65,25,h_NQ_4,79.1327055502472
45-65,25,h_NQ_5,58.8605769515317
45-65,25,h_NQ_6,39.7622219073654
45-65,25,h_NQ_7,28.6597004468729
45-65,25,h_NQ_8,20.916520074333
45-65,25,h_NQ_9,15.4008217888513
45-65,25,h_NQ_10,11.9097526658096
45-65,25,h_NQ_11,8.82206857834684
45-65,25,h_NQ_12,5.65851217868726
45-65,25,h_NQ_13,3.44438370371842
45-65,25,h_NQ_14,2.06021854361317
45-65,25,h_NQ_15,1.42748063175208
45-65,25,h_NQ_16,1.17173415911455
45-65,25,h_NQ_17,1.1040555850175
45-65,25,P_NQ_1,0.716054493
45-65,25,P_NQ_2,0.164251119537659
45-65,25,P_NQ_3,0.179341696433512
45-65,25,P_NQ_4,0.187420410020014
45-65,25,P_NQ_5,0.187213776757739
45-65,25,P_NQ_6,0.192103631770522
45-65,25,P_NQ_7,0.198660499919526
45-65,25,P_NQ_8,0.19581700584404
45-65,25,P_NQ_9,0.185164078175564
45-65,25,P_NQ_10,0.173613715165714
45-65,25,P_NQ_11,0.162430745051558
45-65,25,P_NQ_12,0.113479071178993
45-65,25,P_NQ_13,0.0818676604163889
45-65,25,P_NQ_14,0.0609692275632601
45-65,25,P_NQ_15,0.0315834099981634
45-65,25,P_NQ_16,0.00960452181831608
45-65,25,P_NQ_17,0.00139380758027739
45-65,25,L_NQ,1.78590090440416
45-65,25,pi_Q,0.3
45-65,25,pi_NQ,0.7
45-65,25,y,4.61593315796385
45-65,25,nbar,5.95714173163588
45-65,25,Ptot,4.05852700721954
45-65,25,Pret,0.907060273572742
45-65,25,H,353.046277654685
45-65,25,cCheck,-1.33226762955019e-15
45-65,25,shareq,0.3
45-65,25,A,1.323527466
45-65,25,A_Q,2
45-65,25,xpop,1.02293499
45-65,25,h_Q_1,100
45-65,25,mig_Q_2,-0.241211462
45-65,25,med_Q_2,633.4218841
45-65,25,mig_Q_3,0.002354399
45-65,25,med_Q_3,-129.5247341
45-65,25,mig_Q_4,0.002322492
45-65,25,med_Q_4,-146.6257412
45-65,25,mig_Q_5,0.000973699
45-65,25,med_Q_5,-112.1992902
45-65,25,mig_Q_6,0.00015413
45-65,25,med_Q_6,-74.85980856
45-65,25,mig_Q_7,-0.000185065
45-65,25,med_Q_7,-39.21171234
45-65,25,mig_Q_8,2.55393e-05
45-65,25,med_Q_8,-22.92134132
45-65,25,mig_Q_9,0.000181959
45-65,25,med_Q_9,-13.78744781
45-65,25,mig_Q_10,7.5375e-05
45-65,25,med_Q_10,-8.608906972
45-65,25,mig_Q_11,0.000393441
45-65,25,med_Q_11,-7.558325155
45-65,25,mig_Q_12,0.001081271
45-65,25,med_Q_12,-5.195658888
45-65,25,mig_Q_13,0.002210074
45-65,25,med_Q_13,-3.489748431
45-65,25,mig_Q_14,0.003929298
45-65,25,med_Q_14,-1.971237826
45-65,25,mig_Q_15,0.003802427
45-65,25,med_Q_15,-0.889497485
45-65,25,mig_Q_16,0.001739897
45-65,25,med_Q_16,-0.344204191
45-65,25,mig_Q_17,0.000137633
45-65,25,med_Q_17,-0.057590843
45-65,25,h_NQ_1,100
45-65,25,mig_NQ_2,-0.557517143
45-65,25,med_NQ_2,22.34563266
45-65,25,mig_NQ_3,0.0071368
45-65,25,med_NQ_3,-20.21327251
45-65,25,mig_NQ_4,0.007352765
45-65,25,med_NQ_4,-7.498660311
45-65,25,mig_NQ_5,0.004863318
45-65,25,med_NQ_5,-14.17618737
45-65,25,mig_NQ_6,0.004067789
45-65,25,med_NQ_6,-12.88066593
45-65,25,mig_NQ_7,0.004595693
45-65,25,med_NQ_7,-7.392243781
45-65,25,mig_NQ_8,0.006336736
45-65,25,med_NQ_8,-4.906727697
45-65,25,mig_NQ_9,0.007405752
45-65,25,med_NQ_9,-3.34464726
45-65,25,mig_NQ_10,0.007269704
45-65,25,med_NQ_10,-2.435643494
45-65,25,mig_NQ_11,0.00851983
45-65,25,med_NQ_11,-2.871311892
45-65,25,mig_NQ_12,0.010601892
45-65,25,med_NQ_12,-2.967610532
45-65,25,mig_NQ_13,0.014331703
45-65,25,med_NQ_13,-2.017818964
45-65,25,mig_NQ_14,0.018927039
45-65,25,med_NQ_14,-1.161821794
45-65,25,mig_NQ_15,0.014729845
45-65,25,med_NQ_15,-0.536041143
45-65,25,mig_NQ_16,0.005779086
45-65,25,med_NQ_16,-0.20916582
45-65,25,mig_NQ_17,0.000704547
45-65,25,med_NQ_17,-0.031148892
45-65,26,beta_Q_2,0.998746800005888
45-65,26,beta_Q_3,0.998359100014445
45-65,26,beta_Q_4,0.997555300010877
45-65,26,beta_Q_5,0.996150600061289
45-65,26,beta_Q_6,0.993290900091443
45-65,26,beta_Q_7,0.989111500126182
45-65,26,beta_Q_8,0.982749500339779
45-65,26,beta_Q_9,0.972941300825321
45-65,26,beta_Q_10,0.958661900182128
45-65,26,beta_Q_11,0.933837099979108
45-65,26,beta_Q_12,0.893199999924377
45-65,26,beta_Q_13,0.817945501768439
45-65,26,beta_Q_14,0.655981402941068
45-65,26,beta_Q_15,0.425457089935023
45-65,26,beta_Q_16,0.229895454642405
45-65,26,beta_Q_17,0.13414440357822
45-65,26,h_Q_2,797.9572295
45-65,26,h_Q_3,609.421658818
45-65,26,h_Q_4,409.04814498204
45-65,26,h_Q_5,259.780745017212
45-65,26,h_Q_6,149.051288531757
45-65,26,h_Q_7,91.8400146490773
45-65,26,h_Q_8,57.9693342699082
45-65,26,h_Q_9,36.9566904396335
45-65,26,h_Q_10,24.1907586829512
45-65,26,h_Q_11,15.1142105261084
45-65,26,h_Q_12,9.36329587207771
45-65,26,h_Q_13,5.49286068148702
45-65,26,h_Q_14,2.90681959504325
45-65,26,h_Q_15,1.74050861697311
45-65,26,h_Q_16,1.29852439683124
45-65,26,h_Q_17,1.15492698707749
45-65,26,P_Q_1,0.2996055927
45-65,26,P_Q_2,0.0720767969844878
45-65,26,P_Q_3,0.0725911786904739
45-65,26,P_Q_4,0.0789499371840052
45-65,26,P_Q_5,0.0809808051051543
45-65,26,P_Q_6,0.0798368423876335
45-65,26,P_Q_7,0.0812278714366304
45-65,26,P_Q_8,0.08359848114969
45-65,26,P_Q_9,0.0817341181731439
45-65,26,P_Q_10,0.0761853687826729
45-65,26,P_Q_11,0.069820434864601
45-65,26,P_Q_12,0.0632045634441262
45-65,26,P_Q_13,0.0415488109984908
45-65,26,P_Q_14,0.026156368695728
45-65,26,P_Q_15,0.0147364645000868
45-65,26,P_Q_16,0.00488484737382621
45-65,26,P_Q_17,0.000902009359372062
45-65,26,L_Q,0.943122720576561
45-65,26,beta_NQ_2,0.992391500039615
45-65,26,beta_NQ_3,0.990140600107284
45-65,26,beta_NQ_4,0.98845960007728
45-65,26,beta_NQ_5,0.984706600350459
45-65,26,beta_NQ_6,0.977306500425687
45-65,26,beta_NQ_7,0.968419300456607
45-65,26,beta_NQ_8,0.956882800844418
45-65,26,beta_NQ_9,0.941672201565522
45-65,26,beta_NQ_10,0.922522700192275
45-65,26,beta_NQ_11,0.89228950009065
45-65,26,beta_NQ_12,0.832520399951811
45-65,26,beta_NQ_13,0.730823999974737
45-65,26,beta_NQ_14,0.541515399137528
45-65,26,beta_NQ_15,0.319759640465486
45-65,26,beta_NQ_16,0.161053376295915
45-65,26,beta_NQ_17,0.0911675967833154
45-65,26,h_NQ_2,131.43195111
45-65,26,h_NQ_3,101.4260502668
45-65,26,h_NQ_4,86.652109116632
45-65,26,h_NQ_5,65.3876835792422
45-65,26,h_NQ_6,44.0654813025011
45-65,26,h_NQ_7,31.6649092592181
45-65,26,h_NQ_8,23.1926006309355
45-65,26,h_NQ_9,17.1444834168463
45-65,26,h_NQ_10,12.9070063110742
45-65,26,h_NQ_11,9.28414593549341
45-65,26,h_NQ_12,5.9708764507799
45-65,26,h_NQ_13,3.71504145411351
45-65,26,h_NQ_14,2.18109833564405
45-65,26,h_NQ_15,1.47006744574091
45-65,26,h_NQ_16,1.19197083911704
45-65,26,h_NQ_17,1.10031288093226
45-65,26,P_NQ_1,0.6990797163
45-65,26,P_NQ_2,0.168179191796244
45-65,26,P_NQ_3,0.169379417234288
45-65,26,P_NQ_4,0.184216517416251
45-65,26,P_NQ_5,0.188955213470563
45-65,26,P_NQ_6,0.18628596288711
45-65,26,P_NQ_7,0.189531702452943
45-65,26,P_NQ_8,0.19506312326722
45-65,26,P_NQ_9,0.190712941348894
45-65,26,P_NQ_10,0.177765859394416
45-65,26,P_NQ_11,0.162914353957482
45-65,26,P_NQ_12,0.147477312385308
45-65,26,P_NQ_13,0.0969472264008023
45-65,26,P_NQ_14,0.0610315057409944
45-65,26,P_NQ_15,0.0343850651397689
45-65,26,P_NQ_16,0.0113979774478263
45-65,26,P_NQ_17,0.00210467590001522
45-65,26,L_NQ,1.75892245737666
45-65,26,pi_Q,0.3
45-65,26,pi_NQ,0.7
45-65,26,y,4.7714739708535
45-65,26,nbar,5.89008202112342
45-65,26,Ptot,4.09346825437025
45-65,26,Pret,0.991462844385517
45-65,26,H,371.785150662977
45-65,26,cCheck,-4.44089209850063e-16
45-65,26,shareq,0.3
45-65,26,A,1.379010647
45-65,26,A_Q,2
45-65,26,xpop,0.998685309
45-65,26,h_Q_1,100
45-65,26,mig_Q_2,-0.234384133
45-65,26,med_Q_2,699.9572295
45-65,26,mig_Q_3,0.002324726
45-65,26,med_Q_3,-107.3717876
45-65,26,mig_Q_4,0.002294074
45-65,26,med_Q_4,-134.6411754
45-65,26,mig_Q_5,0.000999771
45-65,26,med_Q_5,-107.8939004
45-65,26,mig_Q_6,0.000196678
45-65,26,med_Q_6,-81.11452478
45-65,26,mig_Q_7,-0.000114014
45-65,26,med_Q_7,-40.46368981
45-65,26,mig_Q_8,8.59861e-05
45-65,26,med_Q_8,-23.67420011
45-65,26,mig_Q_9,0.000344827
45-65,26,med_Q_9,-14.30363353
45-65,26,mig_Q_10,0.000390706
45-65,26,med_Q_10,-8.287103382
45-65,26,mig_Q_11,0.000600477
45-65,26,med_Q_11,-6.722575093
45-65,26,mig_Q_12,0.001467351
45-65,26,med_Q_12,-4.697426353
45-65,26,mig_Q_13,0.002576221
45-65,26,med_Q_13,-3.1690508
45-65,26,mig_Q_14,0.004046761
45-65,26,med_Q_14,-2.026390799
45-65,26,mig_Q_15,0.004250112
45-65,26,med_Q_15,-0.909225709
45-65,26,mig_Q_16,0.002044477
45-65,26,med_Q_16,-0.338408826
45-65,26,mig_Q_17,0.000320202
45-65,26,med_Q_17,-0.085331447
45-65,26,h_NQ_1,100
45-65,26,mig_NQ_2,-0.541925318
45-65,26,med_NQ_2,33.43195111
45-65,26,mig_NQ_3,0.006911375
45-65,26,med_NQ_3,-16.51266974
45-65,26,mig_NQ_4,0.007141162
45-65,26,med_NQ_4,-3.622214291
45-65,26,mig_NQ_5,0.004718945
45-65,26,med_NQ_5,-12.16236786
45-65,26,mig_NQ_6,0.003780519
45-65,26,med_NQ_6,-13.61788411
45-65,26,mig_NQ_7,0.004130989
45-65,26,med_NQ_7,-7.30206821
45-65,26,mig_NQ_8,0.005900403
45-65,26,med_NQ_8,-4.893905807
45-65,26,mig_NQ_9,0.007610647
45-65,26,med_NQ_9,-3.353706256
45-65,26,mig_NQ_10,0.008149046
45-65,26,med_NQ_10,-2.185799042
45-65,26,mig_NQ_11,0.008980118
45-65,26,med_NQ_11,-2.387411677
45-65,26,mig_NQ_12,0.013752123
45-65,26,med_NQ_12,-2.674750756
45-65,26,mig_NQ_13,0.016414273
45-65,26,med_NQ_13,-1.830300481
45-65,26,mig_NQ_14,0.018901187
45-65,26,med_NQ_14,-1.194397694
45-65,26,mig_NQ_15,0.016126908
45-65,26,med_NQ_15,-0.548946727
45-65,26,mig_NQ_16,0.006768983
45-65,26,med_NQ_16,-0.20696018
45-65,26,mig_NQ_17,0.001199464
45-65,26,med_NQ_17,-0.047986595
45-65,27,beta_Q_2,0.998855500007564
45-65,27,beta_Q_3,0.998500000009189
45-65,27,beta_Q_4,0.997760700011092
45-65,27,beta_Q_5,0.996471500016403
45-65,27,beta_Q_6,0.995205346068521
45-65,27,beta_Q_7,0.991878655679983
45-65,27,beta_Q_8,0.986951603124665
45-65,27,beta_Q_9,0.97941864590409
45-65,27,beta_Q_10,0.962119300161714
45-65,27,beta_Q_11,0.93756790014858
45-65,27,beta_Q_12,0.895856444026453
45-65,27,beta_Q_13,0.822341166340975
45-65,27,beta_Q_14,0.667730822348659
45-65,27,beta_Q_15,0.438449067544388
45-65,27,beta_Q_16,0.242116452619548
45-65,27,beta_Q_17,0.1445777199943
45-65,27,h_Q_2,873.743993
45-65,27,h_Q_3,666.66666671
45-65,27,h_Q_4,446.56812394164
45-65,27,h_Q_5,283.406546682399
45-65,27,h_Q_6,208.565626276868
45-65,27,h_Q_7,123.132319921122
45-65,27,h_Q_8,76.6377660160957
45-65,27,h_Q_9,48.58766755951
45-65,27,h_Q_10,26.3986673808408
45-65,27,h_Q_11,16.0174013402922
45-65,27,h_Q_12,9.60212628958624
45-65,27,h_Q_13,5.62876387663616
45-65,27,h_Q_14,3.00960336985728
45-65,27,h_Q_15,1.78078185914239
45-65,27,h_Q_16,1.31946383563364
45-65,27,h_Q_17,1.16901324789462
45-65,27,P_Q_1,0.289519968
45-65,27,P_Q_2,0.0745005049729924
45-65,27,P_Q_3,0.0742668261693571
45-65,27,P_Q_4,0.0746922350367189
45-65,27,P_Q_5,0.0796663673006478
45-65,27,P_Q_6,0.0806514297930284
45-65,27,P_Q_7,0.0788774303393698
45-65,27,P_Q_8,0.0799005174680123
45-65,27,P_Q_9,0.0816407079968005
45-65,27,P_Q_10,0.0787471050375768
45-65,27,P_Q_11,0.0718390878448502
45-65,27,P_Q_12,0.0635935884157816
45-65,27,P_Q_13,0.054137092360361
45-65,27,P_Q_14,0.0316116043293233
45-65,27,P_Q_15,0.015128792508552
45-65,27,P_Q_16,0.00544961920606913
45-65,27,P_Q_17,0.00114787593753255
45-65,27,L_Q,0.927712150635566
45-65,27,beta_NQ_2,0.993066100055541
45-65,27,beta_NQ_3,0.991006400066706
45-65,27,beta_NQ_4,0.989459300068996
45-65,27,beta_NQ_5,0.986023900088483
45-65,27,beta_NQ_6,0.982185235772105
45-65,27,beta_NQ_7,0.974292235062959
45-65,27,beta_NQ_8,0.964519289584004
45-65,27,beta_NQ_9,0.951742785798282
45-65,27,beta_NQ_10,0.928888700277789
45-65,27,beta_NQ_11,0.898215800026637
45-65,27,beta_NQ_12,0.836512758328164
45-65,27,beta_NQ_13,0.736642562623966
45-65,27,beta_NQ_14,0.554065978743354
45-65,27,beta_NQ_15,0.33112415392031
45-65,27,beta_NQ_16,0.170241314755186
45-65,27,beta_NQ_17,0.0985201055612787
45-65,27,h_NQ_2,144.2189821
45-65,27,h_NQ_3,111.1901796878
45-65,27,h_NQ_4,94.870359653464
45-65,27,h_NQ_5,71.5507187342994
45-65,27,h_NQ_6,56.1332154726574
45-65,27,h_NQ_7,38.8987530574511
45-65,27,h_NQ_8,28.1843285620337
45-65,27,h_NQ_9,20.7222902633168
45-65,27,h_NQ_10,14.0624626435094
45-65,27,h_NQ_11,9.82470756885276
45-65,27,h_NQ_12,6.11668307678354
45-65,27,h_NQ_13,3.7971198827643
45-65,27,h_NQ_14,2.24248280003124
45-65,27,h_NQ_15,1.49504563893117
45-65,27,h_NQ_16,1.20516965082609
45-65,27,h_NQ_17,1.1092870753347
45-65,27,P_NQ_1,0.675546592
45-65,27,P_NQ_2,0.173834512306226
45-65,27,P_NQ_3,0.173289260890691
45-65,27,P_NQ_4,0.174281880020727
45-65,27,P_NQ_5,0.185888185593357
45-65,27,P_NQ_6,0.188186669414104
45-65,27,P_NQ_7,0.18404733286402
45-65,27,P_NQ_8,0.186434543291983
45-65,27,P_NQ_9,0.19049498673129
45-65,27,P_NQ_10,0.183743246614793
45-65,27,P_NQ_11,0.167624536812229
45-65,27,P_NQ_12,0.148385044114574
45-65,27,P_NQ_13,0.126319879342955
45-65,27,P_NQ_14,0.0737604109997068
45-65,27,P_NQ_15,0.0353004283328076
45-65,27,P_NQ_16,0.0127157638349148
45-65,27,P_NQ_17,0.00267837821210875
45-65,27,L_NQ,1.72772446569329
45-65,27,pi_Q,0.3
45-65,27,pi_NQ,0.7
45-65,27,y,5.11569982432256
45-65,27,nbar,5.84999214379323
45-65,27,Ptot,4.11790240409346
45-65,27,Pret,1.07218245390413
45-65,27,H,404.766667000194
45-65,27,cCheck,4.44089209850063e-16
45-65,27,shareq,0.3
45-65,27,A,1.485581065
45-65,27,A_Q,2
45-65,27,xpop,0.96506656
45-65,27,h_Q_1,100
45-65,27,mig_Q_2,-0.224729622
45-65,27,med_Q_2,775.743993
45-65,27,mig_Q_3,0.0023083
45-65,27,med_Q_3,-115.3314182
45-65,27,mig_Q_4,0.00227852
45-65,27,med_Q_4,-150.6651017
45-65,27,mig_Q_5,0.00102034
45-65,27,med_Q_5,-117.4606354
45-65,27,mig_Q_6,0.000213933
45-65,27,med_Q_6,-46.01950384
45-65,27,mig_Q_7,-9.01086e-05
45-65,27,med_Q_7,-22.93794284
45-65,27,mig_Q_8,7.38674e-05
45-65,27,med_Q_8,-13.36544834
45-65,27,mig_Q_9,0.000304293
45-65,27,med_Q_9,-8.222280025
45-65,27,mig_Q_10,0.00039172
45-65,27,med_Q_10,-9.81888925
45-65,27,mig_Q_11,0.000694364
45-65,27,med_Q_11,-7.689542169
45-65,27,mig_Q_12,0.001229976
45-65,27,med_Q_12,-5.209800026
45-65,27,mig_Q_13,0.002439204
45-65,27,med_Q_13,-3.547266078
45-65,27,mig_Q_14,0.004356357
45-65,27,med_Q_14,-2.373400098
45-65,27,mig_Q_15,0.00400038
45-65,27,med_Q_15,-1.067901344
45-65,27,mig_Q_16,0.002061773
45-65,27,med_Q_16,-0.386234609
45-65,27,mig_Q_17,0.000492601
45-65,27,med_Q_17,-0.103540661
45-65,27,h_NQ_1,100
45-65,27,mig_NQ_2,-0.519926256
45-65,27,med_NQ_2,46.2189821
45-65,27,mig_NQ_3,0.006768215
45-65,27,med_NQ_3,-17.6131324
45-65,27,mig_NQ_4,0.006857169
45-65,27,med_NQ_4,-4.527169608
45-65,27,mig_NQ_5,0.004488965
45-65,27,med_NQ_5,-13.3683482
45-65,27,mig_NQ_6,0.003519511
45-65,27,med_NQ_6,-7.946714435
45-65,27,mig_NQ_7,0.003644411
45-65,27,med_NQ_7,-4.285418619
45-65,27,mig_NQ_8,0.005074917
45-65,27,med_NQ_8,-2.847282512
45-65,27,mig_NQ_9,0.006809466
45-65,27,med_NQ_9,-2.006458355
45-65,27,mig_NQ_10,0.007806229
45-65,27,med_NQ_10,-2.739131105
45-65,27,mig_NQ_11,0.009005927
45-65,27,med_NQ_11,-2.824158616
45-65,27,mig_NQ_12,0.012755521
45-65,27,med_NQ_12,-2.98177994
45-65,27,mig_NQ_13,0.01853992
45-65,27,med_NQ_13,-2.054339039
45-65,27,mig_NQ_14,0.021261995
45-65,27,med_NQ_14,-1.398257825
45-65,27,mig_NQ_15,0.015785016
45-65,27,med_NQ_15,-0.64243073
45-65,27,mig_NQ_16,0.007177933
45-65,27,med_NQ_16,-0.235496446
45-65,27,mig_NQ_17,0.001639252
45-65,27,med_NQ_17,-0.058844347
45-65,28,beta_Q_2,0.998954400006745
45-65,28,beta_Q_3,0.998628400008118
45-65,28,beta_Q_4,0.997948100010028
45-65,28,beta_Q_5,0.996764500014024
45-65,28,beta_Q_6,0.995603752311686
45-65,28,beta_Q_7,0.994425266581134
45-65,28,beta_Q_8,0.990574234704379
45-65,28,beta_Q_9,0.984880257169144
45-65,28,beta_Q_10,0.972881563104798
45-65,28,beta_Q_11,0.942701900190087
45-65,28,beta_Q_12,0.901680100356031
45-65,28,beta_Q_13,0.826531958927594
45-65,28,beta_Q_14,0.674672166675233
45-65,28,beta_Q_15,0.449242389033339
45-65,28,beta_Q_16,0.254418166790466
45-65,28,beta_Q_17,0.155303123380905
45-65,28,h_Q_2,956.3886764
45-65,28,h_Q_3,729.07553224
45-65,28,h_Q_4,487.3531848758
45-65,28,h_Q_5,309.071240862807
45-65,28,h_Q_6,227.466709418751
45-65,28,h_Q_7,179.38077480133
45-65,28,h_Q_8,106.092181232699
45-65,28,h_Q_9,66.1386855027738
45-65,28,h_Q_10,36.8752817083198
45-65,28,h_Q_11,17.452585673224
45-65,28,h_Q_12,10.1708810064864
45-65,28,h_Q_13,5.76474867179452
45-65,28,h_Q_14,3.07382182010343
45-65,28,h_Q_15,1.81568049646014
45-65,28,h_Q_16,1.34123429695954
45-65,28,h_Q_17,1.18385660192097
45-65,28,P_Q_1,0.281860557
45-65,28,P_Q_2,0.077317134398814
45-65,28,P_Q_3,0.0766877592162175
45-65,28,P_Q_4,0.0763752394663398
45-65,28,P_Q_5,0.075452958486617
45-65,28,P_Q_6,0.0795045746394631
45-65,28,P_Q_7,0.0799078644617776
45-65,28,P_Q_8,0.0779410974237951
45-65,28,P_Q_9,0.0785396386255567
45-65,28,P_Q_10,0.0789124908425885
45-65,28,P_Q_11,0.0746124309128606
45-65,28,P_Q_12,0.0658339387787914
45-65,28,P_Q_13,0.0546869566696418
45-65,28,P_Q_14,0.0412453562013491
45-65,28,P_Q_15,0.0187525644417739
45-65,28,P_Q_16,0.0057310365745878
45-65,28,P_Q_17,0.00134795551965062
45-65,28,L_Q,0.918803402933677
45-65,28,beta_NQ_2,0.993680000050041
45-65,28,beta_NQ_3,0.991794400059189
45-65,28,beta_NQ_4,0.990370500062277
45-65,28,beta_NQ_5,0.987225200077893
45-65,28,beta_NQ_6,0.983714139015746
45-65,28,beta_NQ_7,0.980125714720355
45-65,28,beta_NQ_8,0.971429104591762
45-65,28,beta_NQ_9,0.960664989576971
45-65,28,beta_NQ_10,0.942198304055824
45-65,28,beta_NQ_11,0.906378300288754
45-65,28,beta_NQ_12,0.845147400050261
45-65,28,beta_NQ_13,0.742250658217589
45-65,28,beta_NQ_14,0.561476335445756
45-65,28,beta_NQ_15,0.340462424467105
45-65,28,beta_NQ_16,0.179566010817859
45-65,28,beta_NQ_17,0.106128807109109
45-65,28,h_NQ_2,158.2278481
45-65,28,h_NQ_3,121.867992588
45-65,28,h_NQ_4,103.847551798044
45-65,28,h_NQ_5,78.2791120003947
45-65,28,h_NQ_6,61.4029552956134
45-65,28,h_NQ_7,50.3162746682043
45-65,28,h_NQ_8,35.000653132302
45-65,28,h_NQ_9,25.422644844793
45-65,28,h_NQ_10,17.3005304360504
45-65,28,h_NQ_11,10.6812843576392
45-65,28,h_NQ_12,6.4577540204757
45-65,28,h_NQ_13,3.87973745724787
45-65,28,h_NQ_14,2.28037845910902
45-65,28,h_NQ_15,1.51621377903062
45-65,28,h_NQ_16,1.21886708315254
45-65,28,h_NQ_17,1.11872941280957
45-65,28,P_NQ_1,0.657674633
45-65,28,P_NQ_2,0.180406645523252
45-65,28,P_NQ_3,0.178938103247944
45-65,28,P_NQ_4,0.178208890790377
45-65,28,P_NQ_5,0.17605690105279
45-65,28,P_NQ_6,0.185804465394261
45-65,28,P_NQ_7,0.186700764752522
45-65,28,P_NQ_8,0.182089099743836
45-65,28,P_NQ_9,0.183442078601742
45-65,28,P_NQ_10,0.184129147634263
45-65,28,P_NQ_11,0.174095672257598
45-65,28,P_NQ_12,0.153612524652278
45-65,28,P_NQ_13,0.12760290115163
45-65,28,P_NQ_14,0.0962391315828965
45-65,28,P_NQ_15,0.0437559746850923
45-65,28,P_NQ_16,0.0133723923307984
45-65,28,P_NQ_17,0.00314522539530809
45-65,28,L_NQ,1.70952125684682
45-65,28,pi_Q,0.3
45-65,28,pi_NQ,0.7
45-65,28,y,5.55410655915184
45-65,28,nbar,5.89041890746244
45-65,28,Ptot,4.14998410545641
45-65,28,Pret,1.13707569963111
45-65,28,H,444.714171625313
45-65,28,cCheck,-8.88178419700125e-16
45-65,28,shareq,0.3
45-65,28,A,1.605136168
45-65,28,A_Q,2
45-65,28,xpop,0.93953519
45-65,28,h_Q_1,100
45-65,28,mig_Q_2,-0.211871478
45-65,28,med_Q_2,858.3886764
45-65,28,mig_Q_3,0.002299005
45-65,28,med_Q_3,-127.1935809
45-65,28,mig_Q_4,0.002274719
45-65,28,med_Q_4,-165.9801485
45-65,28,mig_Q_5,0.001024275
45-65,28,med_Q_5,-128.5655206
45-65,28,mig_Q_6,0.00022018
45-65,28,med_Q_6,-50.27170633
45-65,28,mig_Q_7,-8.85673e-05
45-65,28,med_Q_7,-25.01353895
45-65,28,mig_Q_8,9.28911e-05
45-65,28,med_Q_8,-14.57749229
45-65,28,mig_Q_9,0.000283582
45-65,28,med_Q_9,-8.966325193
45-65,28,mig_Q_10,0.00036439
45-65,28,med_Q_10,-10.7406325
45-65,28,mig_Q_11,0.000781673
45-65,28,med_Q_11,-8.41810836
45-65,28,mig_Q_12,0.001476429
45-65,28,med_Q_12,-5.526172307
45-65,28,mig_Q_13,0.002391331
45-65,28,med_Q_13,-3.645335092
45-65,28,mig_Q_14,0.005096351
45-65,28,med_Q_14,-2.442366779
45-65,28,mig_Q_15,0.004892486
45-65,28,med_Q_15,-1.133730806
45-65,28,mig_Q_16,0.002068107
45-65,28,med_Q_16,-0.403931925
45-65,28,mig_Q_17,0.000560062
45-65,28,med_Q_17,-0.109217957
45-65,28,h_NQ_1,100
45-65,28,mig_NQ_2,-0.490455774
45-65,28,med_NQ_2,60.2278481
45-65,28,mig_NQ_3,0.006666989
45-65,28,med_NQ_3,-19.46660987
45-65,28,mig_NQ_4,0.00674622
45-65,28,med_NQ_4,-5.118824296
45-65,28,mig_NQ_5,0.004210802
45-65,28,med_NQ_5,-14.69384046
45-65,28,mig_NQ_6,0.003227834
45-65,28,med_NQ_6,-8.716749064
45-65,28,mig_NQ_7,0.003351954
45-65,28,med_NQ_7,-4.694276495
45-65,28,mig_NQ_8,0.004571897
45-65,28,med_NQ_8,-3.120124864
45-65,28,mig_NQ_9,0.006004347
45-65,28,med_NQ_9,-2.197997146
45-65,28,mig_NQ_10,0.007180507
45-65,28,med_NQ_10,-3.007314022
45-65,28,mig_NQ_11,0.009054585
45-65,28,med_NQ_11,-3.099929033
45-65,28,mig_NQ_12,0.013392461
45-65,28,med_NQ_12,-3.170459397
45-65,28,mig_NQ_13,0.018296162
45-65,28,med_NQ_13,-2.114611958
45-65,28,mig_NQ_14,0.026249584
45-65,28,med_NQ_14,-1.440799026
45-65,28,mig_NQ_15,0.019332121
45-65,28,med_NQ_15,-0.681419365
45-65,28,mig_NQ_16,0.007362801
45-65,28,med_NQ_16,-0.246277643
45-65,28,mig_NQ_17,0.001892467
45-65,28,med_NQ_17,-0.062336845
45-65,29,beta_Q_2,0.999044400005905
45-65,29,beta_Q_3,0.998745300007217
45-65,29,beta_Q_4,0.99811910000893
45-65,29,beta_Q_5,0.997032000013439
45-65,29,beta_Q_6,0.995967557278779
45-65,29,beta_Q_7,0.99488887900464
45-65,29,beta_Q_8,0.993746085046909
45-65,29,beta_Q_9,0.98938393916296
45-65,29,beta_Q_10,0.981157634182072
45-65,29,beta_Q_11,0.962853825241526
45-65,29,beta_Q_12,0.909868200300914
45-65,29,beta_Q_13,0.835661400953156
45-65,29,beta_Q_14,0.681522067623461
45-65,29,beta_Q_15,0.457188922774912
45-65,29,beta_Q_16,0.265002645124233
45-65,29,beta_Q_17,0.166266739332475
45-65,29,h_Q_2,1046.4629552
45-65,29,h_Q_3,797.003267772
45-65,29,h_Q_4,531.6603753952
45-65,29,h_Q_5,336.927223778284
45-65,29,h_Q_6,247.988642305551
45-65,29,h_Q_7,195.651794650376
45-65,29,h_Q_8,159.899830425304
45-65,29,h_Q_9,94.1968980160453
45-65,29,h_Q_10,53.0718918027184
45-65,29,h_Q_11,26.9206708431534
45-65,29,h_Q_12,11.0948632857595
45-65,29,h_Q_13,6.08499771635664
45-65,29,h_Q_14,3.13993430735863
45-65,29,h_Q_15,1.84226150870136
45-65,29,h_Q_16,1.36054905553093
45-65,29,h_Q_17,1.19942434502035
45-65,29,P_Q_1,0.2809735983
45-65,29,P_Q_2,0.0756185956035018
45-65,29,P_Q_3,0.0795123332179003
45-65,29,P_Q_4,0.0788072046038508
45-65,29,P_Q_5,0.0771549603801176
45-65,29,P_Q_6,0.0753425925922937
45-65,29,P_Q_7,0.0789740621302678
45-65,29,P_Q_8,0.0792458089860865
45-65,29,P_Q_9,0.0770592210747927
45-65,29,P_Q_10,0.0767336043917176
45-65,29,P_Q_11,0.0751033000660411
45-65,29,P_Q_12,0.0688508241933155
45-65,29,P_Q_13,0.0571809353827538
45-65,29,P_Q_14,0.0419295415451818
45-65,29,P_Q_15,0.0244423203564251
45-65,29,P_Q_16,0.00731904806789621
45-65,29,P_Q_17,0.00149605388024369
45-65,29,L_Q,0.917993279281895
45-65,29,beta_NQ_2,0.994238100044601
45-65,29,beta_NQ_3,0.992511800052943
45-65,29,beta_NQ_4,0.991200900055157
45-65,29,beta_NQ_5,0.988321000070661
45-65,29,beta_NQ_6,0.985109177278396
45-65,29,beta_NQ_7,0.981829610407077
45-65,29,beta_NQ_8,0.978209643673094
45-65,29,beta_NQ_9,0.968645668508557
45-65,29,beta_NQ_10,0.953731047871897
45-65,29,beta_NQ_11,0.926200973951803
45-65,29,beta_NQ_12,0.857334000343112
45-65,29,beta_NQ_13,0.754398600126073
45-65,29,beta_NQ_14,0.568885938882203
45-65,29,beta_NQ_15,0.347110006176202
45-65,29,beta_NQ_16,0.187461704283178
45-65,29,beta_NQ_17,0.113957001962139
45-65,29,h_NQ_2,173.55386244
45-65,29,h_NQ_3,133.543441678
45-65,29,h_NQ_4,113.64798672324
45-65,29,h_NQ_5,85.6237691620831
45-65,29,h_NQ_6,67.1554562673868
45-65,29,h_NQ_7,55.0345928967011
45-65,29,h_NQ_8,45.8918604758402
45-65,29,h_NQ_9,31.893520037656
45-65,29,h_NQ_10,21.6127652298972
45-65,29,h_NQ_11,13.5503143173294
45-65,29,h_NQ_12,7.00937854548645
45-65,29,h_NQ_13,4.07163803006619
45-65,29,h_NQ_14,2.31957155410291
45-65,29,h_NQ_15,1.53165157792683
45-65,29,h_NQ_16,1.23071121245001
45-65,29,h_NQ_17,1.12861339248949
45-65,29,P_NQ_1,0.6556050627
45-65,29,P_NQ_2,0.17644339135235
45-65,29,P_NQ_3,0.185528778763424
45-65,29,P_NQ_4,0.183883475793862
45-65,29,P_NQ_5,0.180028240866189
45-65,29,P_NQ_6,0.176054167836926
45-65,29,P_NQ_7,0.185109180442783
45-65,29,P_NQ_8,0.18560660273014
45-65,29,P_NQ_9,0.180378892107492
45-65,29,P_NQ_10,0.179162283351036
45-65,29,P_NQ_11,0.17524103486636
45-65,29,P_NQ_12,0.160651922768511
45-65,29,P_NQ_13,0.133422181533619
45-65,29,P_NQ_14,0.0978355923308642
45-65,29,P_NQ_15,0.0570320570673217
45-65,29,P_NQ_16,0.0170777728236493
45-65,29,P_NQ_17,0.00349078704626264
45-65,29,L_NQ,1.70891944557268
45-65,29,pi_Q,0.3
45-65,29,pi_NQ,0.7
45-65,29,y,6.06013437596021
45-65,29,nbar,5.99862002125687
45-65,29,Ptot,4.18829542915318
45-65,29,Pret,1.1769692596712
45-65,29,H,486.113867903697
45-65,29,cCheck,8.88178419700125e-16
45-65,29,shareq,0.3
45-65,29,A,1.729204302
45-65,29,A_Q,2
45-65,29,xpop,0.936578661
45-65,29,h_Q_1,100
45-65,29,mig_Q_2,-0.205947248
45-65,29,med_Q_2,948.4629552
45-65,29,mig_Q_3,0.002301247
45-65,29,med_Q_3,-140.2576351
45-65,29,mig_Q_4,0.002276801
45-65,29,med_Q_4,-182.8336462
45-65,29,mig_Q_5,0.001026833
45-65,29,med_Q_5,-140.6788974
45-65,29,mig_Q_6,0.000221344
45-65,29,med_Q_6,-54.90117374
45-65,29,mig_Q_7,-8.72957e-05
45-65,29,med_Q_7,-27.26558058
45-65,29,mig_Q_8,9.11373e-05
45-65,29,med_Q_8,-15.89332888
45-65,29,mig_Q_9,0.000296573
45-65,29,med_Q_9,-9.773439592
45-65,29,mig_Q_10,0.000323838
45-65,29,med_Q_10,-11.74401999
45-65,29,mig_Q_11,0.000712345
45-65,29,med_Q_11,-9.217105231
45-65,29,mig_Q_12,0.00157428
45-65,29,med_Q_12,-6.008670674
45-65,29,mig_Q_13,0.002767081
45-65,29,med_Q_13,-3.88246567
45-65,29,mig_Q_14,0.005033774
45-65,29,med_Q_14,-2.509519391
45-65,29,mig_Q_15,0.005913158
45-65,29,med_Q_15,-1.170083875
45-65,29,mig_Q_16,0.002548055
45-65,29,med_Q_16,-0.418817831
45-65,29,mig_Q_17,0.000606006
45-65,29,med_Q_17,-0.114985266
45-65,29,h_NQ_1,100
45-65,29,mig_NQ_2,-0.477074738
45-65,29,med_NQ_2,75.55386244
45-65,29,mig_NQ_3,0.006602478
45-65,29,med_NQ_3,-21.51984946
45-65,29,mig_NQ_4,0.006668457
45-65,29,med_NQ_4,-5.782646013
45-65,29,mig_NQ_5,0.004095933
45-65,29,med_NQ_5,-16.1468316
45-65,29,mig_NQ_6,0.002864505
45-65,29,med_NQ_6,-9.558073493
45-65,29,mig_NQ_7,0.002997446
45-65,29,med_NQ_7,-5.140303293
45-65,29,mig_NQ_8,0.004240046
45-65,29,med_NQ_8,-3.418088699
45-65,29,mig_NQ_9,0.005452269
45-65,29,med_NQ_9,-2.407120032
45-65,29,mig_NQ_10,0.006323468
45-65,29,med_NQ_10,-3.301426718
45-65,29,mig_NQ_11,0.008350371
45-65,29,med_NQ_11,-3.40420551
45-65,29,mig_NQ_12,0.013515418
45-65,29,med_NQ_12,-3.458280125
45-65,29,mig_NQ_13,0.019403184
45-65,29,med_NQ_13,-2.25696091
45-65,29,mig_NQ_14,0.026189583
45-65,29,med_NQ_14,-1.482571154
45-65,29,mig_NQ_15,0.024266249
45-65,29,med_NQ_15,-0.703119312
45-65,29,mig_NQ_16,0.009220687
45-65,29,med_NQ_16,-0.255178291
45-65,29,mig_NQ_17,0.002071591
45-65,29,med_NQ_17,-0.065876349
45-65,30,beta_Q_2,0.999126400005502
45-65,30,beta_Q_3,0.998851900006309
45-65,30,beta_Q_4,0.998275200007838
45-65,30,beta_Q_5,0.997276400011391
45-65,30,beta_Q_6,0.996299799951101
45-65,30,beta_Q_7,0.99531220455461
45-65,30,beta_Q_8,0.994266619971604
45-65,30,beta_Q_9,0.993153179589583
45-65,30,beta_Q_10,0.987417705062052
45-65,30,beta_Q_11,0.976146512329961
45-65,30,beta_Q_12,0.949621206331438
45-65,30,beta_Q_13,0.848286200025582
45-65,30,beta_Q_14,0.692823465951414
45-65,30,beta_Q_15,0.465064923564201
45-65,30,beta_Q_16,0.272945306709456
45-65,30,beta_Q_17,0.175687730710235
45-65,30,h_Q_2,1144.688645
45-65,30,h_Q_3,871.004267896
45-65,30,h_Q_4,579.77736551656
45-65,30,h_Q_5,367.161110287296
45-65,30,h_Q_6,270.255657142718
45-65,30,h_Q_7,213.31988718944
45-65,30,h_Q_8,174.417183307369
45-65,30,h_Q_9,146.053187486798
45-65,30,h_Q_10,79.4767572157243
45-65,30,h_Q_11,41.922588436664
45-65,30,h_Q_12,19.8496217332904
45-65,30,h_Q_13,6.59135818804434
45-65,30,h_Q_14,3.25545104302951
45-65,30,h_Q_15,1.86938564521145
45-65,30,h_Q_16,1.37541232452734
45-65,30,h_Q_17,1.21313247442032
45-65,30,P_Q_1,0.2833521261
45-65,30,P_Q_2,0.0697199469311237
45-65,30,P_Q_3,0.0778295359521438
45-65,30,P_Q_4,0.0816417604710608
45-65,30,P_Q_5,0.0796015638216456
45-65,30,P_Q_6,0.0770663974217266
45-65,30,P_Q_7,0.0748725289854504
45-65,30,P_Q_8,0.0785698335622049
45-65,30,P_Q_9,0.0786950976568098
45-65,30,P_Q_10,0.0759341740416568
45-65,30,P_Q_11,0.0744879345131353
45-65,30,P_Q_12,0.0697571904677483
45-65,30,P_Q_13,0.0604866552021655
45-65,30,P_Q_14,0.0445467643106978
45-65,30,P_Q_15,0.0251025009314876
45-65,30,P_Q_16,0.00950757754742656
45-65,30,P_Q_17,0.00194407625726675
45-65,30,L_Q,0.915862732675808
45-65,30,beta_NQ_2,0.994745900040001
45-65,30,beta_NQ_3,0.993165000047692
45-65,30,beta_NQ_4,0.991957700049225
45-65,30,beta_NQ_5,0.989320400062073
45-65,30,beta_NQ_6,0.986382231064491
45-65,30,beta_NQ_7,0.983384628289017
45-65,30,beta_NQ_8,0.980075811917821
45-65,30,beta_NQ_9,0.976380929558031
45-65,30,beta_NQ_10,0.963809808234967
45-65,30,beta_NQ_11,0.942669208863721
45-65,30,beta_NQ_12,0.8948092742373
45-65,30,beta_NQ_13,0.771350100066914
45-65,30,beta_NQ_14,0.581376032066868
45-65,30,beta_NQ_15,0.353774709963348
45-65,30,beta_NQ_16,0.193102700841009
45-65,30,beta_NQ_17,0.120538499654745
45-65,30,h_NQ_2,190.32755372
45-65,30,h_NQ_3,146.3057790812
45-65,30,h_NQ_4,124.34253882244
45-65,30,h_NQ_5,93.6364657787752
45-65,30,h_NQ_6,73.4334676188415
45-65,30,h_NQ_7,60.1852315740391
45-65,30,h_NQ_8,50.1902506617671
45-65,30,h_NQ_9,42.3386680243234
45-65,30,h_NQ_10,27.6317960729029
45-65,30,h_NQ_11,17.4426338452992
45-65,30,h_NQ_12,9.50654086098283
45-65,30,h_NQ_13,4.37349852057672
45-65,30,h_NQ_14,2.38877676446486
45-65,30,h_NQ_15,1.54744793202086
45-65,30,h_NQ_16,1.2393150883683
45-65,30,h_NQ_17,1.13705943520101
45-65,30,P_NQ_1,0.6611549609
45-65,30,P_NQ_2,0.16267987691847
45-65,30,P_NQ_3,0.181602249958567
45-65,30,P_NQ_4,0.19049743949644
45-65,30,P_NQ_5,0.185736980693059
45-65,30,P_NQ_6,0.180060043246569
45-65,30,P_NQ_7,0.175428930017871
45-65,30,P_NQ_8,0.184912829441553
45-65,30,P_NQ_9,0.184877452781138
45-65,30,P_NQ_10,0.17777715378365
45-65,30,P_NQ_11,0.173271891335159
45-65,30,P_NQ_12,0.162766777446243
45-65,30,P_NQ_13,0.141135526644127
45-65,30,P_NQ_14,0.103942444009465
45-65,30,P_NQ_15,0.0585724980582187
45-65,30,P_NQ_16,0.0221843366166156
45-65,30,P_NQ_17,0.00453617479117356
45-65,30,L_NQ,1.70786704953526
45-65,30,pi_Q,0.3
45-65,30,pi_NQ,0.7
45-65,30,y,6.55165271325751
45-65,30,nbar,6.09730429160533
45-65,30,Ptot,4.21425323031207
45-65,30,Pret,1.20595367595624
45-65,30,H,520.105431721921
45-65,30,cCheck,-4.44089209850063e-16
45-65,30,shareq,0.3
45-65,30,A,1.848222955
45-65,30,A_Q,2
45-65,30,xpop,0.944507087
45-65,30,h_Q_1,100
45-65,30,mig_Q_2,-0.210985153
45-65,30,med_Q_2,1046.688645
45-65,30,mig_Q_3,0.002305819
45-65,30,med_Q_3,-154.5294282
45-65,30,mig_Q_4,0.002278982
45-65,30,med_Q_4,-201.2858369
45-65,30,mig_Q_5,0.001028259
45-65,30,med_Q_5,-153.8660576
45-65,30,mig_Q_6,0.00022256
45-65,30,med_Q_6,-59.93302216
45-65,30,mig_Q_7,-8.49785e-05
45-65,30,med_Q_7,-29.70898227
45-65,30,mig_Q_8,8.96685e-05
45-65,30,med_Q_8,-17.32157545
45-65,30,mig_Q_9,0.000290567
45-65,30,med_Q_9,-10.64864633
45-65,30,mig_Q_10,0.000326931
45-65,30,med_Q_10,-12.83620284
45-65,30,mig_Q_11,0.00060469
45-65,30,med_Q_11,-10.08786553
45-65,30,mig_Q_12,0.001423086
45-65,30,med_Q_12,-6.532635693
45-65,30,mig_Q_13,0.002950679
45-65,30,med_Q_13,-4.281607832
45-65,30,mig_Q_14,0.005576695
45-65,30,med_Q_14,-2.707846719
45-65,30,mig_Q_15,0.005932779
45-65,30,med_Q_15,-1.207749976
45-65,30,mig_Q_16,0.003030298
45-65,30,med_Q_16,-0.430003954
45-65,30,mig_Q_17,0.000727162
45-65,30,med_Q_17,-0.1202056
45-65,30,h_NQ_1,100
45-65,30,mig_NQ_2,-0.489147655
45-65,30,med_NQ_2,92.32755372
45-65,30,mig_NQ_3,0.006480102
45-65,30,med_NQ_3,-23.77700611
45-65,30,mig_NQ_4,0.006601147
45-65,30,med_NQ_4,-6.530034022
45-65,30,mig_NQ_5,0.00400108
45-65,30,med_NQ_5,-17.73856121
45-65,30,mig_NQ_6,0.002712571
45-65,30,med_NQ_6,-10.47782616
45-65,30,mig_NQ_7,0.002573735
45-65,30,med_NQ_7,-5.627115568
45-65,30,mig_NQ_8,0.003837244
45-65,30,med_NQ_8,-3.743650377
45-65,30,mig_NQ_9,0.005090421
45-65,30,med_NQ_9,-2.635355242
45-65,30,mig_NQ_10,0.005744204
45-65,30,med_NQ_10,-3.623853564
45-65,30,mig_NQ_11,0.00733161
45-65,30,med_NQ_11,-3.73787608
45-65,30,mig_NQ_12,0.01252668
45-65,30,med_NQ_12,-3.77276717
45-65,30,mig_NQ_13,0.019939941
45-65,30,med_NQ_13,-2.495692454
45-65,30,mig_NQ_14,0.028040441
45-65,30,med_NQ_14,-1.601428505
45-65,30,mig_NQ_15,0.024612785
45-65,30,med_NQ_15,-0.725732191
45-65,30,mig_NQ_16,0.01149301
45-65,30,med_NQ_16,-0.261703458
45-65,30,mig_NQ_17,0.002590043
45-65,30,med_NQ_17,-0.069037553
45-65,31,beta_Q_2,0.999201100004965
45-65,31,beta_Q_3,0.99894900000589
45-65,31,beta_Q_4,0.9984177000069
45-65,31,beta_Q_5,0.997499600010505
45-65,31,beta_Q_6,0.996603428277772
45-65,31,beta_Q_7,0.995698810242583
45-65,31,beta_Q_8,0.994741934530426
45-65,31,beta_Q_9,0.993723781175289
45-65,31,beta_Q_10,0.99225454338656
45-65,31,beta_Q_11,0.985041381561137
45-65,31,beta_Q_12,0.970576513424113
45-65,31,beta_Q_13,0.932109638831407
45-65,31,beta_Q_14,0.706900998811492
45-65,31,beta_Q_15,0.475543192940749
45-65,31,beta_Q_16,0.280885408102888
45-65,31,beta_Q_17,0.182826800014415
45-65,31,h_Q_2,1251.721117
45-65,31,h_Q_3,951.4747862
45-65,31,h_Q_4,631.99140493808
45-65,31,h_Q_5,399.936010306229
45-65,31,h_Q_6,294.41450901155
45-65,31,h_Q_7,232.493810349864
45-65,31,h_Q_8,190.184013745651
45-65,31,h_Q_9,159.331601281221
45-65,31,h_Q_10,129.107942137062
45-65,31,h_Q_11,66.8510905314099
45-65,31,h_Q_12,33.9864545029307
45-65,31,h_Q_13,14.7296286046245
45-65,31,h_Q_14,3.41181647128346
45-65,31,h_Q_15,1.90673441016892
45-65,31,h_Q_16,1.39059893430723
45-65,31,h_Q_17,1.22373077603679
45-65,31,P_Q_1,0.2832225447
45-65,31,P_Q_2,0.0661848316841979
45-65,31,P_Q_3,0.071951826460492
45-65,31,P_Q_4,0.0799783415691436
45-65,31,P_Q_5,0.0824493079731718
45-65,31,P_Q_6,0.0795292621113003
45-65,31,P_Q_7,0.0766220318149005
45-65,31,P_Q_8,0.0745321876230897
45-65,31,P_Q_9,0.0783161930221281
45-65,31,P_Q_10,0.0780173957279212
45-65,31,P_Q_11,0.0746938711574195
45-65,31,P_Q_12,0.0719337652295007
45-65,31,P_Q_13,0.0619447060263469
45-65,31,P_Q_14,0.0479448471009724
45-65,31,P_Q_15,0.0272311485391872
45-65,31,P_Q_16,0.00990621281591927
45-65,31,P_Q_17,0.00253638572385895
45-65,31,L_Q,0.906535168080444
45-65,31,beta_NQ_2,0.995207700035668
45-65,31,beta_NQ_3,0.993759700042608
45-65,31,beta_NQ_4,0.992647600044338
45-65,31,beta_NQ_5,0.990231900055803
45-65,31,beta_NQ_6,0.987543807932726
45-65,31,beta_NQ_7,0.984804000866834
45-65,31,beta_NQ_8,0.981779304213543
45-65,31,beta_NQ_9,0.978402665858973
45-65,31,beta_NQ_10,0.973343743539733
45-65,31,beta_NQ_11,0.956475233922275
45-65,31,beta_NQ_12,0.922956763352678
45-65,31,beta_NQ_13,0.847445199660263
45-65,31,beta_NQ_14,0.59719125653519
45-65,31,beta_NQ_15,0.363096030026061
45-65,31,beta_NQ_16,0.198786506105067
45-65,31,beta_NQ_17,0.125249499392663
45-65,31,h_NQ_2,208.6680717
45-65,31,h_NQ_3,160.2487059956
45-65,31,h_NQ_4,136.010010339576
45-65,31,h_NQ_5,102.374054315991
45-65,31,h_NQ_6,80.2813563631997
45-65,31,h_NQ_7,65.8067946334646
45-65,31,h_NQ_8,54.8826458595583
45-65,31,h_NQ_9,46.3020105895317
45-65,31,h_NQ_10,37.5146423798369
45-65,31,h_NQ_11,22.9754247894448
45-65,31,h_NQ_12,12.9797233703932
45-65,31,h_NQ_13,6.55501935176317
45-65,31,h_NQ_14,2.48256186216518
45-65,31,h_NQ_15,1.57009533817557
45-65,31,h_NQ_16,1.24810678438044
45-65,31,h_NQ_17,1.14318311160093
45-65,31,P_NQ_1,0.6608526043
45-65,31,P_NQ_2,0.154431274646382
45-65,31,P_NQ_3,0.16788759696749
45-65,31,P_NQ_4,0.186616131192665
45-65,31,P_NQ_5,0.192381719053419
45-65,31,P_NQ_6,0.185793392407202
45-65,31,P_NQ_7,0.179465251697731
45-65,31,P_NQ_8,0.17528671102114
45-65,31,P_NQ_9,0.185192041297349
45-65,31,P_NQ_10,0.183548630311958
45-65,31,P_NQ_11,0.174247782911278
45-65,31,P_NQ_12,0.166071972331338
45-65,31,P_NQ_13,0.144537649070729
45-65,31,P_NQ_14,0.11187127646403
45-65,31,P_NQ_15,0.06353933998233
45-65,31,P_NQ_16,0.0231144955700468
45-65,31,P_NQ_17,0.00591822965160267
45-65,31,L_NQ,1.69286926586231
45-65,31,pi_Q,0.3
45-65,31,pi_NQ,0.7
45-65,31,y,7.00827833282662
45-65,31,nbar,6.12160118007649
45-65,31,Ptot,4.22775095815624
45-65,31,Pret,1.24705770861444
45-65,31,H,546.240624400812
45-65,31,cCheck,8.88178419700125e-16
45-65,31,shareq,0.3
45-65,31,A,1.971541027
45-65,31,A_Q,2
45-65,31,xpop,0.944075149
45-65,31,h_Q_1,100
45-65,31,mig_Q_2,-0.216919758
45-65,31,med_Q_2,1153.721117
45-65,31,mig_Q_3,0.002311925
45-65,31,med_Q_3,-170.3200859
45-65,31,mig_Q_4,0.002283046
45-65,31,med_Q_4,-221.5927776
45-65,31,mig_Q_5,0.001029907
45-65,31,med_Q_5,-168.2458079
45-65,31,mig_Q_6,0.00022224
45-65,31,med_Q_6,-65.40337907
45-65,31,mig_Q_7,-8.30941e-05
45-65,31,med_Q_7,-32.35673365
45-65,31,mig_Q_8,8.89313e-05
45-65,31,med_Q_8,-18.8694757
45-65,31,mig_Q_9,0.000284313
45-65,31,med_Q_9,-11.59723836
45-65,31,mig_Q_10,0.000312463
45-65,31,med_Q_10,-14.0241816
45-65,31,mig_Q_11,0.000570992
45-65,31,med_Q_11,-11.03613154
45-65,31,mig_Q_12,0.001198443
45-65,31,med_Q_12,-7.097682165
45-65,31,mig_Q_13,0.002770644
45-65,31,med_Q_13,-4.723000694
45-65,31,mig_Q_14,0.006038273
45-65,31,med_Q_14,-3.047714553
45-65,31,mig_Q_15,0.006514011
45-65,31,med_Q_15,-1.283607612
45-65,31,mig_Q_16,0.003054603
45-65,31,med_Q_16,-0.441398998
45-65,31,mig_Q_17,0.000866021
45-65,31,med_Q_17,-0.124173302
45-65,31,h_NQ_1,100
45-65,31,mig_NQ_2,-0.503249912
45-65,31,med_NQ_2,110.6680717
45-65,31,mig_NQ_3,0.006319637
45-65,31,med_NQ_3,-26.27229665
45-65,31,mig_NQ_4,0.006474381
45-65,31,med_NQ_4,-7.36965316
45-65,31,mig_NQ_5,0.003918716
45-65,31,med_NQ_5,-19.48163373
45-65,31,mig_NQ_6,0.002585735
45-65,31,med_NQ_6,-11.4823801
45-65,31,mig_NQ_7,0.002396973
45-65,31,med_NQ_7,-6.158003633
45-65,31,mig_NQ_8,0.00335306
45-65,31,med_NQ_8,-4.098881083
45-65,31,mig_NQ_9,0.004646681
45-65,31,med_NQ_9,-2.884435059
45-65,31,mig_NQ_10,0.005361928
45-65,31,med_NQ_10,-3.977252284
45-65,31,mig_NQ_11,0.006662734
45-65,31,med_NQ_11,-4.103735362
45-65,31,mig_NQ_12,0.011026677
45-65,31,med_NQ_12,-4.114057798
45-65,31,mig_NQ_13,0.018987479
45-65,31,med_NQ_13,-2.761390692
45-65,31,mig_NQ_14,0.029818464
45-65,31,med_NQ_14,-1.803466688
45-65,31,mig_NQ_15,0.026767132
45-65,31,med_NQ_15,-0.770905891
45-65,31,mig_NQ_16,0.011803988
45-65,31,med_NQ_16,-0.268392189
45-65,31,mig_NQ_17,0.003244163
45-65,31,med_NQ_17,-0.071345675
45-65,32,beta_Q_2,0.999269100004051
45-65,32,beta_Q_3,0.999037600005409
45-65,32,beta_Q_4,0.998547900006572
45-65,32,beta_Q_5,0.99770360000889
45-65,32,beta_Q_6,0.996880827728757
45-65,32,beta_Q_7,0.996052077855581
45-65,32,beta_Q_8,0.995175962755099
45-65,32,beta_Q_9,0.99424478231771
45-65,32,beta_Q_10,0.99289917033305
45-65,32,beta_Q_11,0.991263104613919
45-65,32,beta_Q_12,0.982701198335243
45-65,32,beta_Q_13,0.964412745129926
45-65,32,beta_Q_14,0.909168875027936
45-65,32,beta_Q_15,0.487967973946839
45-65,32,beta_Q_16,0.291303050042397
45-65,32,beta_Q_17,0.190079902031803
45-65,32,h_Q_2,1368.176221
45-65,32,h_Q_3,1039.06899466
45-65,32,h_Q_4,688.657806176
45-65,32,h_Q_5,435.464204839318
45-65,32,h_Q_6,320.597873130104
45-65,32,h_Q_7,253.297800541319
45-65,32,h_Q_8,207.295247722867
45-65,32,h_Q_9,173.755373070738
45-65,32,h_Q_10,140.828613315597
45-65,32,h_Q_11,114.45713192432
45-65,32,h_Q_12,57.8074715697817
45-65,32,h_Q_13,28.0999476818721
45-65,32,h_Q_14,11.0094419705321
45-65,32,h_Q_15,1.95300216085779
45-65,32,h_Q_16,1.41104029496554
45-65,32,h_Q_17,1.23468968862108
45-65,32,P_Q_1,0.2793091446
45-65,32,P_Q_2,0.0668246582104452
45-65,32,P_Q_3,0.0684317514264877
45-65,32,P_Q_4,0.07412651408598
45-65,32,P_Q_5,0.0808111477247242
45-65,32,P_Q_6,0.0823917699851929
45-65,32,P_Q_7,0.0791036920636922
45-65,32,P_Q_8,0.076308604155206
45-65,32,P_Q_9,0.0743432633040828
45-65,32,P_Q_10,0.0780051603469454
45-65,32,P_Q_11,0.0773774252736334
45-65,32,P_Q_12,0.0735971470421181
45-65,32,P_Q_13,0.0694846619278531
45-65,32,P_Q_14,0.0499259085611089
45-65,32,P_Q_15,0.0299110906754525
45-65,32,P_Q_16,0.01102520827054
45-65,32,P_Q_17,0.0027762241893963
45-65,32,L_Q,0.89564820396541
45-65,32,beta_NQ_2,0.995627800032365
45-65,32,beta_NQ_3,0.994301400037895
45-65,32,beta_NQ_4,0.993276500039549
45-65,32,beta_NQ_5,0.991063400050626
45-65,32,beta_NQ_6,0.988603648533044
45-65,32,beta_NQ_7,0.986099317315496
45-65,32,beta_NQ_8,0.98333446501282
45-65,32,beta_NQ_9,0.98024848907659
45-65,32,beta_NQ_10,0.975616676988925
45-65,32,beta_NQ_11,0.969001506454891
45-65,32,beta_NQ_12,0.944542329617361
45-65,32,beta_NQ_13,0.896540471573606
45-65,32,beta_NQ_14,0.772481689833658
45-65,32,beta_NQ_15,0.374459167163718
45-65,32,beta_NQ_16,0.206698508885527
45-65,32,beta_NQ_17,0.13006720557363
45-65,32,h_NQ_2,228.717808
45-65,32,h_NQ_3,175.481697256
45-65,32,h_NQ_4,148.732059198688
45-65,32,h_NQ_5,111.899380082784
45-65,32,h_NQ_6,87.7473810196714
45-65,32,h_NQ_7,71.9389124269357
45-65,32,h_NQ_8,60.0040739777953
45-65,32,h_NQ_9,50.6290378523671
45-65,32,h_NQ_10,41.0116370867411
45-65,32,h_NQ_11,32.2596321832402
45-65,32,h_NQ_12,18.0317657706559
45-65,32,h_NQ_13,9.66561529098537
45-65,32,h_NQ_14,4.39525063072791
45-65,32,h_NQ_15,1.59861649092188
45-65,32,h_NQ_16,1.26055478441206
45-65,32,h_NQ_17,1.14951408369283
45-65,32,P_NQ_1,0.6517213374
45-65,32,P_NQ_2,0.155924203387985
45-65,32,P_NQ_3,0.159674087169786
45-65,32,P_NQ_4,0.17296186720699
45-65,32,P_NQ_5,0.188559346171975
45-65,32,P_NQ_6,0.192460792410657
45-65,32,P_NQ_7,0.185218250177234
45-65,32,P_NQ_8,0.179347353942307
45-65,32,P_NQ_9,0.175611876352734
45-65,32,P_NQ_10,0.185140499750127
45-65,32,P_NQ_11,0.181773522113743
45-65,32,P_NQ_12,0.170872968737173
45-65,32,P_NQ_13,0.157881588750304
45-65,32,P_NQ_14,0.116493926265191
45-65,32,P_NQ_15,0.0697925173580372
45-65,32,P_NQ_16,0.0257254813953094
45-65,32,P_NQ_17,0.00647785499886228
45-65,32,L_NQ,1.67211653465539
45-65,32,pi_Q,0.3
45-65,32,pi_NQ,0.7
45-65,32,y,7.4633360676257
45-65,32,nbar,6.10692318430137
45-65,32,Ptot,4.24939084543128
45-65,32,Pret,1.30626118565579
45-65,32,H,577.433934987745
45-65,32,cCheck,4.44089209850063e-16
45-65,32,shareq,0.3
45-65,32,A,2.103087189
45-65,32,A_Q,2
45-65,32,xpop,0.931030482
45-65,32,h_Q_1,100
45-65,32,mig_Q_2,-0.21617162
45-65,32,med_Q_2,1270.176221
45-65,32,mig_Q_3,0.00231648
45-65,32,med_Q_3,-187.6177
45-65,32,mig_Q_4,0.002288537
45-65,32,med_Q_4,-243.7874843
45-65,32,mig_Q_5,0.001032784
45-65,32,med_Q_5,-183.887372
45-65,32,mig_Q_6,0.000222507
45-65,32,med_Q_6,-71.33941697
45-65,32,mig_Q_7,-8.34996e-05
45-65,32,med_Q_7,-35.22841829
45-65,32,mig_Q_8,8.9456e-05
45-65,32,med_Q_8,-20.54868642
45-65,32,mig_Q_9,0.000278856
45-65,32,med_Q_9,-12.6249604
45-65,32,mig_Q_10,0.000295562
45-65,32,med_Q_10,-15.31635594
45-65,32,mig_Q_11,0.000527062
45-65,32,med_Q_11,-12.06865137
45-65,32,mig_Q_12,0.00110103
45-65,32,med_Q_12,-7.706597151
45-65,32,mig_Q_13,0.002434506
45-65,32,med_Q_13,-5.206777731
45-65,32,mig_Q_14,0.006137134
45-65,32,med_Q_14,-3.425594062
45-65,32,mig_Q_15,0.007111245
45-65,32,med_Q_15,-1.390577981
45-65,32,mig_Q_16,0.003376376
45-65,32,med_Q_16,-0.457559427
45-65,32,mig_Q_17,0.000965103
45-65,32,med_Q_17,-0.128097267
45-65,32,h_NQ_1,100
45-65,32,mig_NQ_2,-0.501761397
45-65,32,med_NQ_2,130.717808
45-65,32,mig_NQ_3,0.00620651
45-65,32,med_NQ_3,-29.01301301
45-65,32,mig_NQ_4,0.006308647
45-65,32,med_NQ_4,-8.311672677
45-65,32,mig_NQ_5,0.0037661
45-65,32,med_NQ_5,-21.39043005
45-65,32,mig_NQ_6,0.002475417
45-65,32,med_NQ_6,-12.57919221
45-65,32,mig_NQ_7,0.002248174
45-65,32,med_NQ_7,-6.736816809
45-65,32,mig_NQ_8,0.003152084
45-65,32,med_NQ_8,-4.486584763
45-65,32,mig_NQ_9,0.004110891
45-65,32,med_NQ_9,-3.15595509
45-65,32,mig_NQ_10,0.004884985
45-65,32,med_NQ_10,-4.364333291
45-65,32,mig_NQ_11,0.006213803
45-65,32,med_NQ_11,-4.504717349
45-65,32,mig_NQ_12,0.010049799
45-65,32,med_NQ_12,-4.484150523
45-65,32,mig_NQ_13,0.017144693
45-65,32,med_NQ_13,-3.054513612
45-65,32,mig_NQ_14,0.030177306
45-65,32,med_NQ_14,-2.028668334
45-65,32,mig_NQ_15,0.029172501
45-65,32,med_NQ_15,-0.834294134
45-65,32,mig_NQ_16,0.013094718
45-65,32,med_NQ_16,-0.278138647
45-65,32,mig_NQ_17,0.003582776
45-65,32,med_NQ_17,-0.073630565
45-65,33,beta_Q_2,0.999331100003848
45-65,33,beta_Q_3,0.99911830000427
45-65,33,beta_Q_4,0.998666800006164
45-65,33,beta_Q_5,0.997890200009164
45-65,33,beta_Q_6,0.997134429762996
45-65,33,beta_Q_7,0.996374792555871
45-65,33,beta_Q_8,0.995572539433143
45-65,33,beta_Q_9,0.994720491673638
45-65,33,beta_Q_10,0.993487881688598
45-65,33,beta_Q_11,0.991988449402225
45-65,33,beta_Q_12,0.99036663302195
45-65,33,beta_Q_13,0.980359286262904
45-65,33,beta_Q_14,0.957798392695304
45-65,33,beta_Q_15,0.892295509156455
45-65,33,beta_Q_16,0.303879367492908
45-65,33,beta_Q_17,0.199849538965479
45-65,33,h_Q_2,1494.991778
45-65,33,h_Q_3,1134.17262098
45-65,33,h_Q_4,750.0750079668
45-65,33,h_Q_5,473.97857645248
45-65,33,h_Q_6,348.970680712532
45-65,33,h_Q_7,275.846282307502
45-65,33,h_Q_8,225.863106120493
45-65,33,h_Q_9,189.411576578409
45-65,33,h_Q_10,153.559862969323
45-65,33,h_Q_11,124.819781549285
45-65,33,h_Q_12,103.805865630834
45-65,33,h_Q_13,50.914646597386
45-65,33,h_Q_14,23.6957798612346
45-65,33,h_Q_15,9.28466387612142
45-65,33,h_Q_16,1.43653247264063
45-65,33,h_Q_17,1.24976492106623
45-65,33,P_Q_1,0.2728829697
45-65,33,P_Q_2,0.0680530875473432
45-65,33,P_Q_3,0.0690791191597449
45-65,33,P_Q_4,0.070625268680691
45-65,33,P_Q_5,0.074993456959692
45-65,33,P_Q_6,0.080781516833534
45-65,33,P_Q_7,0.0819832798919505
45-65,33,P_Q_8,0.0788096783069678
45-65,33,P_Q_9,0.0761468665272611
45-65,33,P_Q_10,0.0740929254544753
45-65,33,P_Q_11,0.0777990254214197
45-65,33,P_Q_12,0.0770384475404953
45-65,33,P_Q_13,0.07327671861262
45-65,33,P_Q_14,0.0690115589166426
45-65,33,P_Q_15,0.0318012424480195
45-65,33,P_Q_16,0.012408367943854
45-65,33,P_Q_17,0.00319390850794446
45-65,33,L_Q,0.889203525617144
45-65,33,beta_NQ_2,0.996010100027693
45-65,33,beta_NQ_3,0.994794500034543
45-65,33,beta_NQ_4,0.993849800034964
45-65,33,beta_NQ_5,0.991821900044768
45-65,33,beta_NQ_6,0.989570800197341
45-65,33,beta_NQ_7,0.987281398447263
45-65,33,beta_NQ_8,0.984753955695986
45-65,33,beta_NQ_9,0.981933795114334
45-65,33,beta_NQ_10,0.977692549096761
45-65,33,beta_NQ_11,0.971629160430685
45-65,33,beta_NQ_12,0.962587953001532
45-65,33,beta_NQ_13,0.930038014728682
45-65,33,beta_NQ_14,0.86100931321254
45-65,33,beta_NQ_15,0.706365612525853
45-65,33,beta_NQ_16,0.216589118704366
45-65,33,beta_NQ_17,0.136997204856169
45-65,33,h_NQ_2,250.6328479
45-65,33,h_NQ_3,192.10450488
45-65,33,h_NQ_4,162.59633832788
45-65,33,h_NQ_5,122.277790684714
45-65,33,h_NQ_6,95.8846329011287
45-65,33,h_NQ_7,78.624995860278
45-65,33,h_NQ_8,65.590783708397
45-65,33,h_NQ_9,55.3519679752394
45-65,33,h_NQ_10,44.8280710653198
45-65,33,h_NQ_11,35.2474586500063
45-65,33,h_NQ_12,26.7293580585754
45-65,33,h_NQ_13,14.2934766082428
45-65,33,h_NQ_14,7.19472643216566
45-65,33,h_NQ_15,3.40558613011335
45-65,33,h_NQ_16,1.27646934510344
45-65,33,h_NQ_17,1.15874479372381
45-65,33,P_NQ_1,0.6367269293
45-65,33,P_NQ_2,0.158790539389713
45-65,33,P_NQ_3,0.161184611728467
45-65,33,P_NQ_4,0.164792293451015
45-65,33,P_NQ_5,0.174984735193265
45-65,33,P_NQ_6,0.18868148659062
45-65,33,P_NQ_7,0.191903953006149
45-65,33,P_NQ_8,0.185113932948641
45-65,33,P_NQ_9,0.179695317721831
45-65,33,P_NQ_10,0.175632793247045
45-65,33,P_NQ_11,0.185046181163684
45-65,33,P_NQ_12,0.181075980040068
45-65,33,P_NQ_13,0.169229652970807
45-65,33,P_NQ_14,0.150832155471458
45-65,33,P_NQ_15,0.074202938608895
45-65,33,P_NQ_16,0.0289528442692735
45-65,33,P_NQ_17,0.00745245247712429
45-65,33,L_NQ,1.65816031599721
45-65,33,pi_Q,0.3
45-65,33,pi_NQ,0.7
45-65,33,y,7.9798067164988
45-65,33,nbar,6.12720394709423
45-65,33,Ptot,4.30627623603071
45-65,33,Pret,1.39104719309382
45-65,33,H,616.817588944592
45-65,33,cCheck,1.33226762955019e-15
45-65,33,shareq,0.3
45-65,33,A,2.243410441
45-65,33,A_Q,2
45-65,33,xpop,0.909609899
45-65,33,h_Q_1,100
45-65,33,mig_Q_2,-0.21105191
45-65,33,med_Q_2,1396.991778
45-65,33,mig_Q_3,0.002318773
45-65,33,med_Q_3,-206.6400756
45-65,33,mig_Q_4,0.002292887
45-65,33,med_Q_4,-268.2126068
45-65,33,mig_Q_5,0.001037167
45-65,33,med_Q_5,-200.9060736
45-65,33,mig_Q_6,0.000222433
45-65,33,med_Q_6,-77.78424003
45-65,33,mig_Q_7,-8.32138e-05
45-65,33,med_Q_7,-38.33963336
45-65,33,mig_Q_8,8.75854e-05
45-65,33,med_Q_8,-22.36873841
45-65,33,mig_Q_9,0.000277435
45-65,33,med_Q_9,-13.73776619
45-65,33,mig_Q_10,0.000277561
45-65,33,med_Q_10,-16.72040264
45-65,33,mig_Q_11,0.000475388
45-65,33,med_Q_11,-13.1922595
45-65,33,mig_Q_12,0.000999559
45-65,33,med_Q_12,-8.362123655
45-65,33,mig_Q_13,0.002298692
45-65,33,med_Q_13,-5.736675541
45-65,33,mig_Q_14,0.005838267
45-65,33,med_Q_14,-3.842168867
45-65,33,mig_Q_15,0.007438998
45-65,33,med_Q_15,-1.504589255
45-65,33,mig_Q_16,0.003695176
45-65,33,med_Q_16,-0.477409645
45-65,33,mig_Q_17,0.001098238
45-65,33,med_Q_17,-0.133054568
45-65,33,h_NQ_1,100
45-65,33,mig_NQ_2,-0.490081342
45-65,33,med_NQ_2,152.6328479
45-65,33,mig_NQ_3,0.006148958
45-65,33,med_NQ_3,-32.03894696
45-65,33,mig_NQ_4,0.006191775
45-65,33,med_NQ_4,-9.375724983
45-65,33,mig_NQ_5,0.003568559
45-65,33,med_NQ_5,-23.47962733
45-65,33,mig_NQ_6,0.002271029
45-65,33,med_NQ_6,-13.77675958
45-65,33,mig_NQ_7,0.002118497
45-65,33,med_NQ_7,-7.367437539
45-65,33,mig_NQ_8,0.002982444
45-65,33,med_NQ_8,-4.90935047
45-65,33,mig_NQ_9,0.003890345
45-65,33,med_NQ_9,-3.452024523
45-65,33,mig_NQ_10,0.004302918
45-65,33,med_NQ_10,-4.78838603
45-65,33,mig_NQ_11,0.005644758
45-65,33,med_NQ_11,-4.943945695
45-65,33,mig_NQ_12,0.009383194
45-65,33,med_NQ_12,-4.885081481
45-65,33,mig_NQ_13,0.016035121
45-65,33,med_NQ_13,-3.377653847
45-65,33,mig_NQ_14,0.028871519
45-65,33,med_NQ_14,-2.277576553
45-65,33,mig_NQ_15,0.03058072
45-65,33,med_NQ_15,-0.901759488
45-65,33,mig_NQ_16,0.014526835
45-65,33,med_NQ_16,-0.290174816
45-65,33,mig_NQ_17,0.004106411
45-65,33,med_NQ_17,-0.076598895
45-65,34,beta_Q_2,0.999387600003082
45-65,34,beta_Q_3,0.999192000004174
45-65,34,beta_Q_4,0.998775500004561
45-65,34,beta_Q_5,0.998060900008674
45-65,34,beta_Q_6,0.997366453024335
45-65,34,beta_Q_7,0.996669840311053
45-65,34,beta_Q_8,0.995934822446148
45-65,34,beta_Q_9,0.995155134307157
45-65,34,beta_Q_10,0.994025466988351
45-65,34,beta_Q_11,0.992651059895302
45-65,34,beta_Q_12,0.991170448288272
45-65,34,beta_Q_13,0.989519238236108
45-65,34,beta_Q_14,0.978067928537094
45-65,34,beta_Q_15,0.953695789562769
45-65,34,beta_Q_16,0.8837353691084
45-65,34,beta_Q_17,0.211702231823928
45-65,34,h_Q_2,1632.91966
45-65,34,h_Q_3,1237.62376284
45-65,34,h_Q_4,816.6598610604
45-65,34,h_Q_5,515.703161707464
45-65,34,h_Q_6,379.71602770343
45-65,34,h_Q_7,300.285899058281
45-65,34,h_Q_8,245.991714451352
45-65,34,h_Q_9,206.404069628083
45-65,34,h_Q_10,167.377097716841
45-65,34,h_Q_11,136.074043519937
45-65,34,h_Q_12,113.256032461299
45-65,34,h_Q_13,95.4129120042173
45-65,34,h_Q_14,45.5953283614383
45-65,34,h_Q_15,21.59630820901
45-65,34,h_Q_16,8.60106802259899
45-65,34,h_Q_17,1.26855610818782
45-65,34,P_Q_1,0.2665561473
45-65,34,P_Q_2,0.0688999292826177
45-65,34,P_Q_3,0.0703138001403434
45-65,34,P_Q_4,0.071282195878507
45-65,34,P_Q_5,0.0715170524894757
45-65,34,P_Q_6,0.0750021639414582
45-65,34,P_Q_7,0.080405911777361
45-65,34,P_Q_8,0.0817072535530872
45-65,34,P_Q_9,0.0786665969541483
45-65,34,P_Q_10,0.075921897123393
45-65,34,P_Q_11,0.0739152212332595
45-65,34,P_Q_12,0.0779360838590005
45-65,34,P_Q_13,0.0776922504456022
45-65,34,P_Q_14,0.0760899013091535
45-65,34,P_Q_15,0.0688307051012063
45-65,34,P_Q_16,0.0135383444405928
45-65,34,P_Q_17,0.00375145061289325
45-65,34,L_Q,0.88163699845111
45-65,34,beta_NQ_2,0.996358100025542
45-65,34,beta_NQ_3,0.995243800029205
45-65,34,beta_NQ_4,0.994372700032295
45-65,34,beta_NQ_5,0.992514000039826
45-65,34,beta_NQ_6,0.990453416608742
45-65,34,beta_NQ_7,0.988360324678543
45-65,34,beta_NQ_8,0.986049519536359
45-65,34,beta_NQ_9,0.983472277438905
45-65,34,beta_NQ_10,0.979588686720221
45-65,34,beta_NQ_11,0.974030381757359
45-65,34,beta_NQ_12,0.965780774934355
45-65,34,beta_NQ_13,0.955478571110387
45-65,34,beta_NQ_14,0.912703083702165
45-65,34,beta_NQ_15,0.835460879510234
45-65,34,beta_NQ_16,0.670500757366188
45-65,34,beta_NQ_17,0.145706808057655
45-65,34,h_NQ_2,274.581949
45-65,34,h_NQ_3,210.251881712
45-65,34,h_NQ_4,177.7051161624
45-65,34,h_NQ_5,133.582687681322
45-65,34,h_NQ_6,104.74951652102
45-65,34,h_NQ_7,85.9130488551062
45-65,34,h_NQ_8,71.6821185530724
45-65,34,h_NQ_9,60.504403475229
45-65,34,h_NQ_10,48.9924377107346
45-65,34,h_NQ_11,38.5065342630134
45-65,34,h_NQ_12,29.2233384110062
45-65,34,h_NQ_13,22.4610928804038
45-65,34,h_NQ_14,11.4551578360779
45-65,34,h_NQ_15,6.07758200252235
45-65,34,h_NQ_16,3.03489970251108
45-65,34,h_NQ_17,1.17055830320137
45-65,34,P_NQ_1,0.6219643437
45-65,34,P_NQ_2,0.160766499542419
45-65,34,P_NQ_3,0.164065536242405
45-65,34,P_NQ_4,0.16632512613505
45-65,34,P_NQ_5,0.166873123603321
45-65,34,P_NQ_6,0.175167433427519
45-65,34,P_NQ_7,0.188160636942296
45-65,34,P_NQ_8,0.191813116836502
45-65,34,P_NQ_9,0.185471692708799
45-65,34,P_NQ_10,0.179753207244209
45-65,34,P_NQ_11,0.175590123446722
45-65,34,P_NQ_12,0.186654213737102
45-65,34,P_NQ_13,0.183744947991515
45-65,34,P_NQ_14,0.174428899279591
45-65,34,P_NQ_15,0.136684407888191
45-65,34,P_NQ_16,0.0315894730785747
45-65,34,P_NQ_17,0.00875338073752642
45-65,34,L_NQ,1.64214680659161
45-65,34,pi_Q,0.3
45-65,34,pi_NQ,0.7
45-65,34,y,8.53659139149118
45-65,34,nbar,6.15226044065688
45-65,34,Ptot,4.42983306798384
45-65,34,Pret,1.54487450752853
45-65,34,H,662.410140159522
45-65,34,cCheck,4.44089209850063e-16
45-65,34,shareq,0.3
45-65,34,A,2.393096413
45-65,34,A_Q,2
45-65,34,xpop,0.888520491
45-65,34,h_Q_1,100
45-65,34,mig_Q_2,-0.203800509
45-65,34,med_Q_2,1534.91966
45-65,34,mig_Q_3,0.002320715
45-65,34,med_Q_3,-227.4681796
45-65,34,mig_Q_4,0.002295173
45-65,34,med_Q_4,-294.8293075
45-65,34,mig_Q_5,0.001040789
45-65,34,med_Q_5,-219.3703461
45-65,34,mig_Q_6,0.000223606
45-65,34,med_Q_6,-84.78297722
45-65,34,mig_Q_7,-8.27553e-05
45-65,34,med_Q_7,-41.70536804
45-65,34,mig_Q_8,8.69514e-05
45-65,34,med_Q_8,-24.33764221
45-65,34,mig_Q_9,0.000272995
45-65,34,med_Q_9,-14.94177437
45-65,34,mig_Q_10,0.000270908
45-65,34,med_Q_10,-18.24624733
45-65,34,mig_Q_11,0.000415895
45-65,34,med_Q_11,-14.41462219
45-65,34,mig_Q_12,0.000886525
45-65,34,med_Q_12,-9.067353457
45-65,34,mig_Q_13,0.002166893
45-65,34,med_Q_13,-6.316836314
45-65,34,mig_Q_14,0.005905578
45-65,34,med_Q_14,-4.301025304
45-65,34,mig_Q_15,0.007252001
45-65,34,med_Q_15,-1.625556055
45-65,34,mig_Q_16,0.003874603
45-65,34,med_Q_16,-0.497902576
45-65,34,mig_Q_17,0.001271644
45-65,34,med_Q_17,-0.139245715
45-65,34,h_NQ_1,100
45-65,34,mig_NQ_2,-0.473419953
45-65,34,med_NQ_2,176.581949
45-65,34,mig_NQ_3,0.006101581
45-65,34,med_NQ_3,-35.36830923
45-65,34,mig_NQ_4,0.006131832
45-65,34,med_NQ_4,-10.55729862
45-65,34,mig_NQ_5,0.003428518
45-65,34,med_NQ_5,-25.76172388
45-65,34,mig_NQ_6,0.002007649
45-65,34,med_NQ_6,-15.08271835
45-65,34,mig_NQ_7,0.001878915
45-65,34,med_NQ_7,-8.053891388
45-65,34,mig_NQ_8,0.00283494
45-65,34,med_NQ_8,-5.37037739
45-65,34,mig_NQ_9,0.003702066
45-65,34,med_NQ_9,-3.774564559
45-65,34,mig_NQ_10,0.004066434
45-65,34,med_NQ_10,-5.252490905
45-65,34,mig_NQ_11,0.00494018
45-65,34,med_NQ_11,-5.424975381
45-65,34,mig_NQ_12,0.008530989
45-65,34,med_NQ_12,-5.319171066
45-65,34,mig_NQ_13,0.015337403
45-65,34,med_NQ_13,-3.733678017
45-65,34,mig_NQ_14,0.028720592
45-65,34,med_NQ_14,-2.55244924
45-65,34,mig_NQ_15,0.03014176
45-65,34,med_NQ_15,-0.973249901
45-65,34,mig_NQ_16,0.015517924
45-65,34,med_NQ_16,-0.302574705
45-65,34,mig_NQ_17,0.004786922
45-65,34,med_NQ_17,-0.080381655
45-65,35,beta_Q_2,0.99943910000293
45-65,35,beta_Q_3,0.99925920000321
45-65,35,beta_Q_4,0.998875000004838
45-65,35,beta_Q_5,0.998217000005663
45-65,35,beta_Q_6,0.997578736356546
45-65,35,beta_Q_7,0.996939720863169
45-65,35,beta_Q_8,0.99626598355846
45-65,35,beta_Q_9,0.995552121770388
45-65,35,beta_Q_10,0.994516695665584
45-65,35,beta_Q_11,0.99325625987721
45-65,35,beta_Q_12,0.991904624117775
45-65,35,beta_Q_13,0.990388250306075
45-65,35,beta_Q_14,0.988725858780088
45-65,35,beta_Q_15,0.97670603383846
45-65,35,beta_Q_16,0.951563030663916
45-65,35,beta_Q_17,0.879277617534493
45-65,35,h_Q_2,1782.848993
45-65,35,h_Q_3,1349.8920083
45-65,35,h_Q_4,888.8888893832
45-65,35,h_Q_5,560.852495639192
45-65,35,h_Q_6,413.007480293315
45-65,35,h_Q_7,326.767576299362
45-65,35,h_Q_8,267.808139527116
45-65,35,h_Q_9,224.826297922325
45-65,35,h_Q_10,182.371784395521
45-65,35,h_Q_11,148.285666052504
45-65,35,h_Q_12,123.527308672538
45-65,35,h_Q_13,104.039329714073
45-65,35,h_Q_14,88.698551889133
45-65,35,h_Q_15,42.9295720512095
45-65,35,h_Q_16,20.6453874438298
45-65,35,h_Q_17,8.28346806514701
45-65,35,P_Q_1,0.2625270279
45-65,35,P_Q_2,0.0686167203162151
45-65,35,P_Q_3,0.0711668861400449
45-65,35,P_Q_4,0.0725246548923922
45-65,35,P_Q_5,0.0721866565730973
45-65,35,P_Q_6,0.0715541899721836
45-65,35,P_Q_7,0.0746721401585166
45-65,35,P_Q_8,0.0801647315696067
45-65,35,P_Q_9,0.0815819098834914
45-65,35,P_Q_10,0.0784584617737317
45-65,35,P_Q_11,0.0757586356487981
45-65,35,P_Q_12,0.0740215359650967
45-65,35,P_Q_13,0.0791161483312636
45-65,35,P_Q_14,0.0819666884567153
45-65,35,P_Q_15,0.0801523975067863
45-65,35,P_Q_16,0.0645915545786059
45-65,35,P_Q_17,0.00431255073327455
45-65,35,L_Q,0.872429967751895
45-65,35,beta_NQ_2,0.996674600022679
45-65,35,beta_NQ_3,0.995652800027067
45-65,35,beta_NQ_4,0.994849500026568
45-65,35,beta_NQ_5,0.993145400037061
45-65,35,beta_NQ_6,0.991259018064646
45-65,35,beta_NQ_7,0.989344967034515
45-65,35,beta_NQ_8,0.987232175397243
45-65,35,beta_NQ_9,0.984876593045948
45-65,35,beta_NQ_10,0.981320179307326
45-65,35,beta_NQ_11,0.976224975240855
45-65,35,beta_NQ_12,0.968698892272257
45-65,35,beta_NQ_13,0.959205717410609
45-65,35,beta_NQ_14,0.947797378208926
45-65,35,beta_NQ_15,0.90173996559702
45-65,35,beta_NQ_16,0.82271766566134
45-65,35,beta_NQ_17,0.653974018118821
45-65,35,h_NQ_2,300.7157034
45-65,35,h_NQ_3,230.03312479
45-65,35,h_NQ_4,194.15590714776
45-65,35,h_NQ_5,145.887433289152
45-65,35,h_NQ_6,114.403622177696
45-65,35,h_NQ_7,93.8523604685996
45-65,35,h_NQ_8,78.3218775080041
45-65,35,h_NQ_9,66.122666507011
45-65,35,h_NQ_10,53.5337041507244
45-65,35,h_NQ_11,42.0609444095199
45-65,35,h_NQ_12,31.9477509547531
45-65,35,h_NQ_13,24.513238906786
45-65,35,h_NQ_14,19.1561255737958
45-65,35,h_NQ_15,10.1770774353564
45-65,35,h_NQ_16,5.6407199484719
45-65,35,h_NQ_17,2.88995639446086
45-65,35,P_NQ_1,0.6125630651
45-65,35,P_NQ_2,0.160105680772565
45-65,35,P_NQ_3,0.16605606792199
45-65,35,P_NQ_4,0.169224198255606
45-65,35,P_NQ_5,0.168435535247427
45-65,35,P_NQ_6,0.167101412413082
45-65,35,P_NQ_7,0.17469937137553
45-65,35,P_NQ_8,0.188095413652606
45-65,35,P_NQ_9,0.192181505857849
45-65,35,P_NQ_10,0.185549906884389
45-65,35,P_NQ_11,0.179750824074187
45-65,35,P_NQ_12,0.177044894493194
45-65,35,P_NQ_13,0.192626883433259
45-65,35,P_NQ_14,0.19678134464655
45-65,35,P_NQ_15,0.176955233604129
45-65,35,P_NQ_16,0.107144194009181
45-65,35,P_NQ_17,0.0100626172905023
45-65,35,L_NQ,1.62410790429926
45-65,35,pi_Q,0.3
45-65,35,pi_NQ,0.7
45-65,35,y,9.1284818154465
45-65,35,nbar,6.17380224422548
45-65,35,Ptot,4.61775103943187
45-65,35,Pret,1.76429387142966
45-65,35,H,711.351362698754
45-65,35,cCheck,0
45-65,35,shareq,0.3
45-65,35,A,2.552769808
45-65,35,A_Q,2
45-65,35,xpop,0.875090093
45-65,35,h_Q_1,100
45-65,35,mig_Q_2,-0.197776188
45-65,35,med_Q_2,1684.848993
45-65,35,mig_Q_3,0.002322628
45-65,35,med_Q_3,-250.3692585
45-65,35,mig_Q_4,0.002296954
45-65,35,med_Q_4,-323.9823982
45-65,35,mig_Q_5,0.001042684
45-65,35,med_Q_5,-239.4741682
45-65,35,mig_Q_6,0.000225481
45-65,35,med_Q_6,-92.38161818
45-65,35,mig_Q_7,-8.02546e-05
45-65,35,med_Q_7,-45.35413085
45-65,35,mig_Q_8,8.56841e-05
45-65,35,med_Q_8,-26.47204155
45-65,35,mig_Q_9,0.000270517
45-65,35,med_Q_9,-16.24558224
45-65,35,mig_Q_10,0.000261861
45-65,35,med_Q_10,-19.90420384
45-65,35,mig_Q_11,0.000394684
45-65,35,med_Q_11,-15.74388971
45-65,35,mig_Q_12,0.000758953
45-65,35,med_Q_12,-9.825253977
45-65,35,mig_Q_13,0.001996894
45-65,35,med_Q_13,-6.951582098
45-65,35,mig_Q_14,0.00597839
45-65,35,med_Q_14,-4.806101875
45-65,35,mig_Q_15,0.007585779
45-65,35,med_Q_15,-1.753849743
45-65,35,mig_Q_16,0.003763426
45-65,35,med_Q_16,-0.518994601
45-65,35,mig_Q_17,0.001446453
45-65,35,med_Q_17,-0.145578597
45-65,35,h_NQ_1,100
45-65,35,mig_NQ_2,-0.459593531
45-65,35,med_NQ_2,202.7157034
45-65,35,mig_NQ_3,0.006054206
45-65,35,med_NQ_3,-39.05718523
45-65,35,mig_NQ_4,0.006081908
45-65,35,med_NQ_4,-11.89093693
45-65,35,mig_NQ_5,0.003355519
45-65,35,med_NQ_5,-28.26358055
45-65,35,mig_NQ_6,0.001821357
45-65,35,med_NQ_6,-16.50741175
45-65,35,mig_NQ_7,0.00157083
45-65,35,med_NQ_7,-8.802165722
45-65,35,mig_NQ_8,0.002559708
45-65,35,med_NQ_8,-5.87291037
45-65,35,mig_NQ_9,0.003538623
45-65,35,med_NQ_9,-4.125809675
45-65,35,mig_NQ_10,0.003863935
45-65,35,med_NQ_10,-5.760611255
45-65,35,mig_NQ_11,0.004665739
45-65,35,med_NQ_11,-5.951644547
45-65,35,mig_NQ_12,0.007463329
45-65,35,med_NQ_12,-5.788652623
45-65,35,mig_NQ_13,0.014282782
45-65,35,med_NQ_13,-4.125632736
45-65,35,mig_NQ_14,0.029076764
45-65,35,med_NQ_14,-2.855745449
45-65,35,mig_NQ_15,0.031226712
45-65,35,med_NQ_15,-1.048977244
45-65,35,mig_NQ_16,0.015497195
45-65,35,med_NQ_16,-0.315310414
45-65,35,mig_NQ_17,0.005459816
45-65,35,med_NQ_17,-0.084245314
45-65,36,beta_Q_2,0.999486100002423
45-65,36,beta_Q_3,0.999320600003142
45-65,36,beta_Q_4,0.998965900003381
45-65,36,beta_Q_5,0.998359900006839
45-65,36,beta_Q_6,0.997772965810799
45-65,36,beta_Q_7,0.997186667934017
45-65,36,beta_Q_8,0.996568912842244
45-65,36,beta_Q_9,0.995914979271685
45-65,36,beta_Q_10,0.994965434661151
45-65,36,beta_Q_11,0.993809436466555
45-65,36,beta_Q_12,0.992575049028244
45-65,36,beta_Q_13,0.991182509674937
45-65,36,beta_Q_14,0.989647698352969
45-65,36,beta_Q_15,0.988240098635206
45-65,36,beta_Q_16,0.975921178918888
45-65,36,beta_Q_17,0.950200322299748
45-65,36,h_Q_2,1945.903872
45-65,36,h_Q_3,1471.88695934
45-65,36,h_Q_4,967.024465434
45-65,36,h_Q_5,609.718920095536
45-65,36,h_Q_6,449.027680626408
45-65,36,h_Q_7,355.450395837448
45-65,36,h_Q_8,291.452810823374
45-65,36,h_Q_9,244.796798506574
45-65,36,h_Q_10,198.626878133878
45-65,36,h_Q_11,161.536181727611
45-65,36,h_Q_12,134.681023401454
45-65,36,h_Q_13,113.410954682087
45-65,36,h_Q_14,96.5968757617917
45-65,36,h_Q_15,85.0347261523503
45-65,36,h_Q_16,41.5302724101854
45-65,36,h_Q_17,20.0804510479532
45-65,36,P_Q_1,0.2611496442
45-65,36,P_Q_2,0.0667486674908202
45-65,36,P_Q_3,0.0708905500500251
45-65,36,P_Q_4,0.0733855463934816
45-65,36,P_Q_5,0.0734394104331298
45-65,36,P_Q_6,0.0722381526459943
45-65,36,P_Q_7,0.0712581626774589
45-65,36,P_Q_8,0.0744797862594397
45-65,36,P_Q_9,0.0800746866052755
45-65,36,P_Q_10,0.0813903634434174
45-65,36,P_Q_11,0.0783011282970958
45-65,36,P_Q_12,0.0758543500168966
45-65,36,P_Q_13,0.0750846834894403
45-65,36,P_Q_14,0.0841294437022014
45-65,36,P_Q_15,0.0879344171894311
45-65,36,P_Q_16,0.0802455152865365
45-65,36,P_Q_17,0.0583588522227258
45-65,36,L_Q,0.859618896263494
45-65,36,beta_NQ_2,0.996962800020183
45-65,36,beta_NQ_3,0.996025900024401
45-65,36,beta_NQ_4,0.99528450002507
45-65,36,beta_NQ_5,0.99372170002992
45-65,36,beta_NQ_6,0.991994157867664
45-65,36,beta_NQ_7,0.990243815158597
45-65,36,beta_NQ_8,0.988311649550209
45-65,36,beta_NQ_9,0.986158591980519
45-65,36,beta_NQ_10,0.982901297972846
45-65,36,beta_NQ_11,0.978230176113382
45-65,36,beta_NQ_12,0.971366197193116
45-65,36,beta_NQ_13,0.962619420418022
45-65,36,beta_NQ_14,0.951998856993147
45-65,36,beta_NQ_15,0.943322999539315
45-65,36,beta_NQ_16,0.896320867428512
45-65,36,beta_NQ_17,0.816167450519448
45-65,36,h_NQ_2,329.2506256
45-65,36,h_NQ_3,251.629299742
45-65,36,h_NQ_4,212.0665889242
45-65,36,h_NQ_5,159.278785614805
45-65,36,h_NQ_6,124.908782663369
45-65,36,h_NQ_7,102.499082486142
45-65,36,h_NQ_8,85.5552713792276
45-65,36,h_NQ_9,72.246984784844
45-65,36,h_NQ_10,58.4839710678707
45-65,36,h_NQ_11,45.93514398771
45-65,36,h_NQ_12,34.9237578073295
45-65,36,h_NQ_13,26.7518590226581
45-65,36,h_NQ_14,20.8328371766503
45-65,36,h_NQ_15,17.6438411273199
45-65,36,h_NQ_16,9.64514230164925
45-65,36,h_NQ_17,5.43973307650246
45-65,36,P_NQ_1,0.6093491698
45-65,36,P_NQ_2,0.155746889897208
45-65,36,P_NQ_3,0.165411282361445
45-65,36,P_NQ_4,0.17123294114857
45-65,36,P_NQ_5,0.171358627072515
45-65,36,P_NQ_6,0.168686445276558
45-65,36,P_NQ_7,0.166674153355242
45-65,36,P_NQ_8,0.174673909443595
45-65,36,P_NQ_9,0.188482035165747
45-65,36,P_NQ_10,0.192280108787976
45-65,36,P_NQ_11,0.185565705254156
45-65,36,P_NQ_12,0.18117893116569
45-65,36,P_NQ_13,0.18261237903623
45-65,36,P_NQ_14,0.211230571090599
45-65,36,P_NQ_15,0.210063314951715
45-65,36,P_NQ_16,0.162051899717346
45-65,36,P_NQ_17,0.0759622990742866
45-65,36,L_NQ,1.60080968973824
45-65,36,pi_Q,0.3
45-65,36,pi_NQ,0.7
45-65,36,y,9.73504933594443
45-65,36,nbar,6.1715310538081
45-65,36,Ptot,4.83752402300225
45-65,36,Pret,2.02224396272574
45-65,36,H,759.321871742763
45-65,36,cCheck,-4.44089209850063e-16
45-65,36,shareq,0.3
45-65,36,A,2.723097013
45-65,36,A_Q,2
45-65,36,xpop,0.870498814
45-65,36,h_Q_1,100
45-65,36,mig_Q_2,-0.195631109
45-65,36,med_Q_2,1847.903872
45-65,36,mig_Q_3,0.002324661
45-65,36,med_Q_3,-275.3050538
45-65,36,mig_Q_4,0.002298723
45-65,36,med_Q_4,-355.8697027
45-65,36,mig_Q_5,0.001044067
45-65,36,med_Q_5,-261.3921915
45-65,36,mig_Q_6,0.000226279
45-65,36,med_Q_6,-100.6077651
45-65,36,mig_Q_7,-7.70515e-05
45-65,36,med_Q_7,-49.29693485
45-65,36,mig_Q_8,8.64731e-05
45-65,36,med_Q_8,-28.77941395
45-65,36,mig_Q_9,0.000266518
45-65,36,med_Q_9,-17.65517823
45-65,36,mig_Q_10,0.000255792
45-65,36,med_Q_10,-21.70289383
45-65,36,mig_Q_11,0.00037177
45-65,36,med_Q_11,-17.18816698
45-65,36,mig_Q_12,0.000709009
45-65,36,med_Q_12,-10.63892933
45-65,36,mig_Q_13,0.001774624
45-65,36,med_Q_13,-7.645807817
45-65,36,mig_Q_14,0.005905262
45-65,36,med_Q_14,-5.361667358
45-65,36,mig_Q_15,0.007877058
45-65,36,med_Q_15,-1.889854699
45-65,36,mig_Q_16,0.003975457
45-65,36,med_Q_16,-0.5407082
45-65,36,mig_Q_17,0.001564944
45-65,36,med_Q_17,-0.152028647
45-65,36,h_NQ_1,100
45-65,36,mig_NQ_2,-0.454779158
45-65,36,med_NQ_2,231.2506256
45-65,36,mig_NQ_3,0.006001613
45-65,36,med_NQ_3,-43.07208959
45-65,36,mig_NQ_4,0.006032145
45-65,36,med_NQ_4,-13.36587337
45-65,36,mig_NQ_5,0.003294393
45-65,36,med_NQ_5,-30.99400339
45-65,36,mig_NQ_6,0.001723202
45-65,36,med_NQ_6,-18.06090196
45-65,36,mig_NQ_7,0.001353212
45-65,36,med_NQ_7,-9.616467248
45-65,36,mig_NQ_8,0.002205069
45-65,36,med_NQ_8,-6.42004188
45-65,36,mig_NQ_9,0.003231265
45-65,36,med_NQ_9,-4.508455173
45-65,36,mig_NQ_10,0.003688519
45-65,36,med_NQ_10,-6.316242109
45-65,36,mig_NQ_11,0.004427252
45-65,36,med_NQ_11,-6.52788608
45-65,36,mig_NQ_12,0.007054507
45-65,36,med_NQ_12,-6.295967714
45-65,36,mig_NQ_13,0.012789904
45-65,36,med_NQ_13,-4.556936913
45-65,36,mig_NQ_14,0.028659316
45-65,36,med_NQ_14,-3.190136952
45-65,36,mig_NQ_15,0.032617712
45-65,36,med_NQ_15,-1.129161935
45-65,36,mig_NQ_16,0.016467703
45-65,36,med_NQ_16,-0.328393585
45-65,36,mig_NQ_17,0.00589278
45-65,36,med_NQ_17,-0.088172473
45-65,37,beta_Q_2,0.999529100000098
45-65,37,beta_Q_3,0.999376700002542
45-65,37,beta_Q_4,0.999049100003513
45-65,37,beta_Q_5,0.998490700004191
45-65,37,beta_Q_6,0.99795081343708
45-65,37,beta_Q_7,0.997412584061435
45-65,37,beta_Q_8,0.996846060952414
45-65,37,beta_Q_9,0.996246882103504
45-65,37,beta_Q_10,0.995375640683862
45-65,37,beta_Q_11,0.994314841856168
45-65,37,beta_Q_12,0.993187707858045
45-65,37,beta_Q_13,0.991908260517092
45-65,37,beta_Q_14,0.990491619367154
45-65,37,beta_Q_15,0.989204473337837
45-65,37,beta_Q_16,0.987918469119006
45-65,37,beta_Q_17,0.975333653946114
45-65,37,h_Q_2,2123.59312
45-65,37,h_Q_3,1604.36386936
45-65,37,h_Q_4,1051.6352931532
45-65,37,h_Q_5,662.55880182532
45-65,37,h_Q_6,487.998513593625
45-65,37,h_Q_7,386.48598461388
45-65,37,h_Q_8,317.063830770699
45-65,37,h_Q_9,266.445132776907
45-65,37,h_Q_10,216.246171156442
45-65,37,h_Q_11,175.896601431201
45-65,37,h_Q_12,146.793469053059
45-65,37,h_Q_13,123.582821459425
45-65,37,h_Q_14,105.170379138446
45-65,37,h_Q_15,92.6309597705559
45-65,37,h_Q_16,82.7709674963033
45-65,37,h_Q_17,40.5410671349817
45-65,37,P_Q_1,0.2607247251
45-65,37,P_Q_2,0.0641955953984785
45-65,37,P_Q_3,0.0690302944463367
45-65,37,P_Q_4,0.0731178831324581
45-65,37,P_Q_5,0.0743106957593436
45-65,37,P_Q_6,0.0735025933552605
45-65,37,P_Q_7,0.071959297234768
45-65,37,P_Q_8,0.071102580310611
45-65,37,P_Q_9,0.0744404887887294
45-65,37,P_Q_10,0.0799165203635734
45-65,37,P_Q_11,0.0812405842275107
45-65,37,P_Q_12,0.0783766452584567
45-65,37,P_Q_13,0.0769018810195086
45-65,37,P_Q_14,0.0799208791968858
45-65,37,P_Q_15,0.0911197887423885
45-65,37,P_Q_16,0.0899388240910549
45-65,37,P_Q_17,0.0779847474883763
45-65,37,L_Q,0.846610467102096
45-65,37,beta_NQ_2,0.997225200018129
45-65,37,beta_NQ_3,0.996365600021497
45-65,37,beta_NQ_4,0.995681300022457
45-65,37,beta_NQ_5,0.994247700028777
45-65,37,beta_NQ_6,0.992665432324549
45-65,37,beta_NQ_7,0.991064232878618
45-65,37,beta_NQ_8,0.989297135004229
45-65,37,beta_NQ_9,0.987328820870949
45-65,37,beta_NQ_10,0.984345179113265
45-65,37,beta_NQ_11,0.980062224412107
45-65,37,beta_NQ_12,0.973803207459999
45-65,37,beta_NQ_13,0.965746487618647
45-65,37,beta_NQ_14,0.955866038367833
45-65,37,beta_NQ_15,0.947922481043566
45-65,37,beta_NQ_16,0.940999919044628
45-65,37,beta_NQ_17,0.893163235428598
45-65,37,h_NQ_2,360.3863342
45-65,37,h_NQ_3,275.148580258
45-65,37,h_NQ_4,231.55116125716
45-65,37,h_NQ_5,173.843506095716
45-65,37,h_NQ_6,136.340686912509
45-65,37,h_NQ_7,111.909809350102
45-65,37,h_NQ_8,93.4329261584191
45-65,37,h_NQ_9,78.919253253643
45-65,37,h_NQ_10,63.8780859901471
45-65,37,h_NQ_11,50.1560462705133
45-65,37,h_NQ_12,38.1726118899558
45-65,37,h_NQ_13,29.1940862601829
45-65,37,h_NQ_14,22.6582876212049
45-65,37,h_NQ_15,19.2021435801173
45-65,37,h_NQ_16,16.9491291997735
45-65,37,h_NQ_17,9.36007369261626
45-65,37,P_NQ_1,0.6083576919
45-65,37,P_NQ_2,0.149789721513782
45-65,37,P_NQ_3,0.161070686185868
45-65,37,P_NQ_4,0.170608392463616
45-65,37,P_NQ_5,0.17339162337928
45-65,37,P_NQ_6,0.171627754956159
45-65,37,P_NQ_7,0.1682789781362
45-65,37,P_NQ_8,0.166681080439903
45-65,37,P_NQ_9,0.175091812592628
45-65,37,P_NQ_10,0.188610990008976
45-65,37,P_NQ_11,0.192314888682762
45-65,37,P_NQ_12,0.186943201442188
45-65,37,P_NQ_13,0.186776815710673
45-65,37,P_NQ_14,0.20099902611529
45-65,37,P_NQ_15,0.232437015915586
45-65,37,P_NQ_16,0.20574795267243
45-65,37,P_NQ_17,0.13882990484414
45-65,37,L_NQ,1.5776932277452
45-65,37,pi_Q,0.3
45-65,37,pi_NQ,0.7
45-65,37,y,10.3711460761601
45-65,37,nbar,6.16011509363316
45-65,37,Ptot,4.96534156087322
45-65,37,Pret,2.1880596657798
45-65,37,H,805.742256227833
45-65,37,cCheck,1.33226762955019e-15
45-65,37,shareq,0.3
45-65,37,A,2.904788876
45-65,37,A_Q,2
45-65,37,xpop,0.869082417
45-65,37,h_Q_1,100
45-65,37,mig_Q_2,-0.196819844
45-65,37,med_Q_2,2025.59312
45-65,37,mig_Q_3,0.002326976
45-65,37,med_Q_3,-302.6219252
45-65,37,mig_Q_4,0.002300641
45-65,37,med_Q_4,-390.813927
45-65,37,mig_Q_5,0.001045509
45-65,37,med_Q_5,-285.1251743
45-65,37,mig_Q_6,0.000226735
45-65,37,med_Q_6,-109.5260281
45-65,37,mig_Q_7,-7.56255e-05
45-65,37,med_Q_7,-53.5611424
45-65,37,mig_Q_8,8.89106e-05
45-65,37,med_Q_8,-31.27755715
45-65,37,mig_Q_9,0.000264954
45-65,37,med_Q_9,-19.17862183
45-65,37,mig_Q_10,0.000244975
45-65,37,med_Q_10,-23.65469138
45-65,37,mig_Q_11,0.000354073
45-65,37,med_Q_11,-18.75773914
45-65,37,mig_Q_12,0.000656899
45-65,37,med_Q_12,-11.51198904
45-65,37,mig_Q_13,0.001716376
45-65,37,med_Q_13,-8.404581474
45-65,37,mig_Q_14,0.005613495
45-65,37,med_Q_14,-5.97235645
45-65,37,mig_Q_15,0.007979699
45-65,37,med_Q_15,-2.033978476
45-65,37,mig_Q_16,0.004121764
45-65,37,med_Q_16,-0.563064133
45-65,37,mig_Q_17,0.001735433
45-65,37,med_Q_17,-0.158599827
45-65,37,h_NQ_1,100
45-65,37,mig_NQ_2,-0.457708733
45-65,37,med_NQ_2,262.3863342
45-65,37,mig_NQ_3,0.00594275
45-65,37,med_NQ_3,-47.51703283
45-65,37,mig_NQ_4,0.005977107
45-65,37,med_NQ_4,-15.04555249
45-65,37,mig_NQ_5,0.003233734
45-65,37,med_NQ_5,-33.98175105
45-65,37,mig_NQ_6,0.001640998
45-65,37,med_NQ_6,-19.75252299
45-65,37,mig_NQ_7,0.001238269
45-65,37,med_NQ_7,-10.50079766
45-65,37,mig_NQ_8,0.001955073
45-65,37,med_NQ_8,-7.016174678
45-65,37,mig_NQ_9,0.002835636
45-65,37,med_NQ_9,-4.924912698
45-65,37,mig_NQ_10,0.003351753
45-65,37,med_NQ_10,-6.923959099
45-65,37,mig_NQ_11,0.004220684
45-65,37,med_NQ_11,-7.158245376
45-65,37,mig_NQ_12,0.006690948
45-65,37,med_NQ_12,-6.843829218
45-65,37,mig_NQ_13,0.012370458
45-65,37,med_NQ_13,-5.031196391
45-65,37,mig_NQ_14,0.02715225
45-65,37,med_NQ_14,-3.558534221
45-65,37,mig_NQ_15,0.03317836
45-65,37,med_NQ_15,-1.214036853
45-65,37,mig_NQ_16,0.01746382
45-65,37,med_NQ_16,-0.341835105
45-65,37,mig_NQ_17,0.006568419
45-65,37,med_NQ_17,-0.092165763
45-65,38,beta_Q_2,0.999568200000053
45-65,38,beta_Q_3,0.999427900002499
45-65,38,beta_Q_4,0.999125300002665
45-65,38,beta_Q_5,0.998610600004699
45-65,38,beta_Q_6,0.998113691870403
45-65,38,beta_Q_7,0.997619417789638
45-65,38,beta_Q_8,0.997099574448155
45-65,38,beta_Q_9,0.996550503214827
45-65,38,beta_Q_10,0.995750893519231
45-65,38,beta_Q_11,0.994776966922176
45-65,38,beta_Q_12,0.993747311909243
45-65,38,beta_Q_13,0.992571907639287
45-65,38,beta_Q_14,0.991263927995601
45-65,38,beta_Q_15,0.99008726420267
45-65,38,beta_Q_16,0.988912573747195
45-65,38,beta_Q_17,0.987646733895423
45-65,38,h_Q_2,2315.886985
45-65,38,h_Q_3,1747.9461637
45-65,38,h_Q_4,1143.2491136728
45-65,38,h_Q_5,719.735137690136
45-65,38,h_Q_6,530.136079688813
45-65,38,h_Q_7,420.065306881753
45-65,38,h_Q_8,344.776991761602
45-65,38,h_Q_9,289.897355665285
45-65,38,h_Q_10,235.343595371369
45-65,38,h_Q_11,191.459633003313
45-65,38,h_Q_12,159.931213802577
45-65,38,h_Q_13,134.624065961997
45-65,38,h_Q_14,114.467920567237
45-65,38,h_Q_15,100.880323705677
45-65,38,h_Q_16,90.1922567981448
45-65,38,h_Q_17,80.9502516603772
45-65,38,P_Q_1,0.2590967487
45-65,38,P_Q_2,0.0625289608269759
45-65,38,P_Q_3,0.0664847282840298
45-65,38,P_Q_4,0.0712673405395902
45-65,38,P_Q_5,0.0740544743117527
45-65,38,P_Q_6,0.0743855812801123
45-65,38,P_Q_7,0.0732375593736872
45-65,38,P_Q_8,0.0718222585973825
45-65,38,P_Q_9,0.0711022189439602
45-65,38,P_Q_10,0.0743312722209014
45-65,38,P_Q_11,0.0797803693070017
45-65,38,P_Q_12,0.0813003956339698
45-65,38,P_Q_13,0.0793958438634809
45-65,38,P_Q_14,0.0819525686633933
45-65,38,P_Q_15,0.0868538852146523
45-65,38,P_Q_16,0.0941848412008277
45-65,38,P_Q_17,0.0896611499323454
45-65,38,L_Q,0.837824727656327
45-65,38,beta_NQ_2,0.997464300015995
45-65,38,beta_NQ_3,0.996675100019245
45-65,38,beta_NQ_4,0.996043500019936
45-65,38,beta_NQ_5,0.994728000025726
45-65,38,beta_NQ_6,0.993278281154855
45-65,38,beta_NQ_7,0.991813306848411
45-65,38,beta_NQ_8,0.990196724387942
45-65,38,beta_NQ_9,0.988397287445248
45-65,38,beta_NQ_10,0.985663722081855
45-65,38,beta_NQ_11,0.981736233025349
45-65,38,beta_NQ_12,0.976029633593783
45-65,38,beta_NQ_13,0.968609537736837
45-65,38,beta_NQ_14,0.959425609167639
45-65,38,beta_NQ_15,0.95215603482347
45-65,38,beta_NQ_16,0.945836016927845
45-65,38,beta_NQ_17,0.939445021791173
45-65,38,h_NQ_2,394.368419
45-65,38,h_NQ_3,300.760925186
45-65,38,h_NQ_4,252.74864150284
45-65,38,h_NQ_5,189.681335382017
45-65,38,h_NQ_6,148.771470253802
45-65,38,h_NQ_7,122.149441364259
45-65,38,h_NQ_8,102.0067204621
45-65,38,h_NQ_9,86.1867421182507
45-65,38,h_NQ_10,69.7531116925701
45-65,38,h_NQ_11,54.7532169243441
45-65,38,h_NQ_12,41.7181772491031
45-65,38,h_NQ_13,31.8568100981566
45-65,38,h_NQ_14,24.6460877409793
45-65,38,h_NQ_15,20.9012775707808
45-65,38,h_NQ_16,18.462453077515
45-65,38,h_NQ_17,16.513918842778
45-65,38,P_NQ_1,0.6045590803
45-65,38,P_NQ_2,0.145900909987545
45-65,38,P_NQ_3,0.155131032753132
45-65,38,P_NQ_4,0.166290460217054
45-65,38,P_NQ_5,0.172793771812557
45-65,38,P_NQ_6,0.173678993783248
45-65,38,P_NQ_7,0.171235553306305
45-65,38,P_NQ_8,0.168301156951582
45-65,38,P_NQ_9,0.167126917612226
45-65,38,P_NQ_10,0.175266386627757
45-65,38,P_NQ_11,0.188654922416767
45-65,38,P_NQ_12,0.193647254441587
45-65,38,P_NQ_13,0.192536603176978
45-65,38,P_NQ_14,0.20631043389232
45-65,38,P_NQ_15,0.223010902522546
45-65,38,P_NQ_16,0.236756048159542
45-65,38,P_NQ_17,0.191145982091718
45-65,38,L_NQ,1.56169009460604
45-65,38,pi_Q,0.3
45-65,38,pi_NQ,0.7
45-65,38,y,11.0751610566098
45-65,38,nbar,6.169683475831
45-65,38,Ptot,5.02378660694693
45-65,38,Pret,2.27478885936579
45-65,38,H,855.065577689283
45-65,38,cCheck,-1.33226762955019e-15
45-65,38,shareq,0.3
45-65,38,A,3.098603676
45-65,38,A_Q,2
45-65,38,xpop,0.863655829
45-65,38,h_Q_1,100
45-65,38,mig_Q_2,-0.198072989
45-65,38,med_Q_2,2217.886985
45-65,38,mig_Q_3,0.002329146
45-65,38,med_Q_3,-333.1750939
45-65,38,mig_Q_4,0.002302687
45-65,38,med_Q_4,-429.0274783
45-65,38,mig_Q_5,0.001046948
45-65,38,med_Q_5,-310.8674496
45-65,38,mig_Q_6,0.000227162
45-65,38,med_Q_6,-119.1715461
45-65,38,mig_Q_7,-7.48522e-05
45-65,38,med_Q_7,-58.17323644
45-65,38,mig_Q_8,8.99166e-05
45-65,38,med_Q_8,-33.97927316
45-65,38,mig_Q_9,0.000266495
45-65,38,med_Q_9,-20.82519849
45-65,38,mig_Q_10,0.000235023
45-65,38,med_Q_10,-25.77263475
45-65,38,mig_Q_11,0.000318187
45-65,38,med_Q_11,-20.46161473
45-65,38,mig_Q_12,0.000613246
45-65,38,med_Q_12,-12.4474556
45-65,38,mig_Q_13,0.001653402
45-65,38,med_Q_13,-9.23353371
45-65,38,mig_Q_14,0.0057819
45-65,38,med_Q_14,-6.643244463
45-65,38,mig_Q_15,0.007795794
45-65,38,med_Q_15,-2.18664785
45-65,38,mig_Q_16,0.004165919
45-65,38,med_Q_16,-0.586083777
45-65,38,mig_Q_17,0.001940788
45-65,38,med_Q_17,-0.165296486
45-65,38,h_NQ_1,100
45-65,38,mig_NQ_2,-0.460768711
45-65,38,med_NQ_2,296.368419
45-65,38,mig_NQ_3,0.005885707
45-65,38,med_NQ_3,-52.41768233
45-65,38,mig_NQ_4,0.00591539
45-65,38,med_NQ_4,-16.89696715
45-65,38,mig_NQ_5,0.00316677
45-65,38,med_NQ_5,-37.23880265
45-65,38,mig_NQ_6,0.001559123
45-65,38,med_NQ_6,-21.59516572
45-65,38,mig_NQ_7,0.001141424
45-65,38,med_NQ_7,-11.46443181
45-65,38,mig_NQ_8,0.001823246
45-65,38,med_NQ_8,-7.664892701
45-65,38,mig_NQ_9,0.002557883
45-65,38,med_NQ_9,-5.377525517
45-65,38,mig_NQ_10,0.002915605
45-65,38,med_NQ_10,-7.587756496
45-65,38,mig_NQ_11,0.003804416
45-65,38,med_NQ_11,-7.847307346
45-65,38,mig_NQ_12,0.006370399
45-65,38,med_NQ_12,-7.434748096
45-65,38,mig_NQ_13,0.011996863
45-65,38,med_NQ_13,-5.552349554
45-65,38,mig_NQ_14,0.027776819
45-65,38,med_NQ_14,-3.964116794
45-65,38,mig_NQ_15,0.032479407
45-65,38,med_NQ_15,-1.303844298
45-65,38,mig_NQ_16,0.018032835
45-65,38,med_NQ_16,-0.355647631
45-65,38,mig_NQ_17,0.007379475
45-65,38,med_NQ_17,-0.096227773
45-65,39,beta_Q_2,0.999603899999967
45-65,39,beta_Q_3,0.999474600002111
45-65,39,beta_Q_4,0.999195000002855
45-65,39,beta_Q_5,0.998720500003238
45-65,39,beta_Q_6,0.998263000125317
45-65,39,beta_Q_7,0.997808814306455
45-65,39,beta_Q_8,0.997331669410778
45-65,39,beta_Q_9,0.996828197864653
45-65,39,beta_Q_10,0.996094228960199
45-65,39,beta_Q_11,0.995199822913236
45-65,39,beta_Q_12,0.994258843913022
45-65,39,beta_Q_13,0.993178435388972
45-65,39,beta_Q_14,0.991971208641947
45-65,39,beta_Q_15,0.990895040527098
45-65,39,beta_Q_16,0.989822186240608
45-65,39,beta_Q_17,0.988664224888494
45-65,39,h_Q_2,2524.614996
45-65,39,h_Q_3,1903.3117627
45-65,39,h_Q_4,1242.236025326
45-65,39,h_Q_5,781.555294699344
45-65,39,h_Q_6,575.705278736333
45-65,39,h_Q_7,456.373916565037
45-65,39,h_Q_8,374.766155574118
45-65,39,h_Q_9,315.27817747637
45-65,39,h_Q_10,256.03139207198
45-65,39,h_Q_11,208.325646803941
45-65,39,h_Q_12,174.180945593247
45-65,39,h_Q_13,146.593934546525
45-65,39,h_Q_14,124.551747800758
45-65,39,h_Q_15,109.830252307892
45-65,39,h_Q_16,98.2529273545631
45-65,39,h_Q_17,88.2162874571818
45-65,39,P_Q_1,0.2555920764
45-65,39,P_Q_2,0.0623397977239251
45-65,39,P_Q_3,0.0648241100086431
45-65,39,P_Q_4,0.068731258092377
45-65,39,P_Q_5,0.0722168906969794
45-65,39,P_Q_6,0.0741422617548255
45-65,39,P_Q_7,0.0741344154886094
45-65,39,P_Q_8,0.073115290685125
45-65,39,P_Q_9,0.0718413109472469
45-65,39,P_Q_10,0.0710311990446484
45-65,39,P_Q_11,0.0742191845273749
45-65,39,P_Q_12,0.0798164595419597
45-65,39,P_Q_13,0.0822985517862382
45-65,39,P_Q_14,0.0846305730546395
45-65,39,P_Q_15,0.0893833815023205
45-65,39,P_Q_16,0.0899678661675652
45-65,39,P_Q_17,0.0951765007944566
45-65,39,L_Q,0.831552994292252
45-65,39,beta_NQ_2,0.997681800013747
45-65,39,beta_NQ_3,0.996957400016921
45-65,39,beta_NQ_4,0.996374000017807
45-65,39,beta_NQ_5,0.995166600022802
45-65,39,beta_NQ_6,0.993838010560077
45-65,39,beta_NQ_7,0.992497275406451
45-65,39,beta_NQ_8,0.991018179234973
45-65,39,beta_NQ_9,0.989372629392995
45-65,39,beta_NQ_10,0.986867903885178
45-65,39,beta_NQ_11,0.98326569023458
45-65,39,beta_NQ_12,0.978063651826955
45-65,39,beta_NQ_13,0.971230516499341
45-65,39,beta_NQ_14,0.96269955656292
45-65,39,beta_NQ_15,0.956052308056529
45-65,39,beta_NQ_16,0.950281924882249
45-65,39,beta_NQ_17,0.944422346066538
45-65,39,h_NQ_2,431.3691657
45-65,39,h_NQ_3,328.66627229
45-65,39,h_NQ_4,275.78599011228
45-65,39,h_NQ_5,206.893698042783
45-65,39,h_NQ_6,162.285249774376
45-65,39,h_NQ_7,133.284913068726
45-65,39,h_NQ_8,111.335999822973
45-65,39,h_NQ_9,94.0966521208575
45-65,39,h_NQ_10,76.1493052028857
45-65,39,h_NQ_11,59.7574688857187
45-65,39,h_NQ_12,45.5864388478573
45-65,39,h_NQ_13,34.759052773121
45-65,39,h_NQ_14,26.8093326601935
45-65,39,h_NQ_15,22.7543234231597
45-65,39,h_NQ_16,20.1134093293652
45-65,39,h_NQ_17,17.9928428979647
45-65,39,P_NQ_1,0.5963815116
45-65,39,P_NQ_2,0.145459527849753
45-65,39,P_NQ_3,0.151256257054735
45-65,39,P_NQ_4,0.160372934825137
45-65,39,P_NQ_5,0.168506076915068
45-65,39,P_NQ_6,0.173101315660241
45-65,39,P_NQ_7,0.173302193154268
45-65,39,P_NQ_8,0.17126863698266
45-65,39,P_NQ_9,0.168759449004841
45-65,39,P_NQ_10,0.167340667673734
45-65,39,P_NQ_11,0.175324792183898
45-65,39,P_NQ_12,0.189852629802101
45-65,39,P_NQ_13,0.199239166608673
45-65,39,P_NQ_14,0.21315606679014
45-65,39,P_NQ_15,0.230769439677621
45-65,39,P_NQ_16,0.228893745773409
45-65,39,P_NQ_17,0.230579486822432
45-65,39,L_NQ,1.54937082750891
45-65,39,pi_Q,0.3
45-65,39,pi_NQ,0.7
45-65,39,y,11.8486563859175
45-65,39,nbar,6.19546253038492
45-65,39,Ptot,5.02702502659565
45-65,39,Pret,2.30167971175121
45-65,39,H,912.041476683189
45-65,39,cCheck,4.44089209850063e-16
45-65,39,shareq,0.3
45-65,39,A,3.305350285
45-65,39,A_Q,2
45-65,39,xpop,0.851973588
45-65,39,h_Q_1,100
45-65,39,mig_Q_2,-0.196645073
45-65,39,med_Q_2,2426.614996
45-65,39,mig_Q_3,0.002330922
45-65,39,med_Q_3,-366.2574826
45-65,39,mig_Q_4,0.002304684
45-65,39,med_Q_4,-470.7512151
45-65,39,mig_Q_5,0.001048569
45-65,39,med_Q_5,-338.8288367
45-65,39,mig_Q_6,0.000227477
45-65,39,med_Q_6,-129.6351562
45-65,39,mig_Q_7,-7.40848e-05
45-65,39,med_Q_7,-63.15944153
45-65,39,mig_Q_8,9.01514e-05
45-65,39,med_Q_8,-36.89784517
45-65,39,mig_Q_9,0.000266803
45-65,39,med_Q_9,-22.60327445
45-65,39,mig_Q_10,0.000231101
45-65,39,med_Q_10,-28.06801648
45-65,39,mig_Q_11,0.000276147
45-65,39,med_Q_11,-22.31107666
45-65,39,mig_Q_12,0.000534932
45-65,39,med_Q_12,-13.44949475
45-65,39,mig_Q_13,0.001602063
45-65,39,med_Q_13,-10.13865498
45-65,39,mig_Q_14,0.005928337
45-65,39,med_Q_14,-7.379836842
45-65,39,mig_Q_15,0.008243187
45-65,39,med_Q_15,-2.348309848
45-65,39,mig_Q_16,0.004076967
45-65,39,med_Q_16,-0.609789877
45-65,39,mig_Q_17,0.00215515
45-65,39,med_Q_17,-0.172124205
45-65,39,h_NQ_1,100
45-65,39,mig_NQ_2,-0.457566572
45-65,39,med_NQ_2,333.3691657
45-65,39,mig_NQ_3,0.005840453
45-65,39,med_NQ_3,-57.81477833
45-65,39,mig_NQ_4,0.005855678
45-65,39,med_NQ_4,-18.95971657
45-65,39,mig_NQ_5,0.0030923
45-65,39,med_NQ_5,-40.79997063
45-65,39,mig_NQ_6,0.001469015
45-65,39,med_NQ_6,-23.6024589
45-65,39,mig_NQ_7,0.001045056
45-65,39,med_NQ_7,-12.51112778
45-65,39,mig_NQ_8,0.001711753
45-65,39,med_NQ_8,-8.370452714
45-65,39,mig_NQ_9,0.002411042
45-65,39,med_NQ_9,-5.869933932
45-65,39,mig_NQ_10,0.002609728
45-65,39,med_NQ_10,-8.313702073
45-65,39,mig_NQ_11,0.00325943
45-65,39,med_NQ_11,-8.600580573
45-65,39,mig_NQ_12,0.005719835
45-65,39,med_NQ_12,-8.071713738
45-65,39,mig_NQ_13,0.011670589
45-65,39,med_NQ_13,-6.124760931
45-65,39,mig_NQ_14,0.028431519
45-65,39,med_NQ_14,-4.410341236
45-65,39,mig_NQ_15,0.034329715
45-65,39,med_NQ_15,-1.398842563
45-65,39,mig_NQ_16,0.017962002
45-65,39,med_NQ_16,-0.36984269
45-65,39,mig_NQ_17,0.008160196
45-65,39,med_NQ_17,-0.100361118
45-65,40,beta_Q_2,0.999636500000018
45-65,40,beta_Q_3,0.999517400001801
45-65,40,beta_Q_4,0.999258900002399
45-65,40,beta_Q_5,0.998821100004006
45-65,40,beta_Q_6,0.998399847695183
45-65,40,beta_Q_7,0.997982391594204
45-65,40,beta_Q_8,0.997544166347505
45-65,40,beta_Q_9,0.997082402772245
45-65,40,beta_Q_10,0.99640824822666
45-65,40,beta_Q_11,0.995586799156383
45-65,40,beta_Q_12,0.994726797838208
45-65,40,beta_Q_13,0.993733195585628
45-65,40,beta_Q_14,0.992618506321904
45-65,40,beta_Q_15,0.991634688362143
45-65,40,beta_Q_16,0.990654156854905
45-65,40,beta_Q_17,0.989595123573427
45-65,40,h_Q_2,2751.031637
45-65,40,h_Q_3,2072.10940718
45-65,40,h_Q_4,1349.345567646
45-65,40,h_Q_5,848.24836761948
45-65,40,h_Q_6,624.940509805357
45-65,40,h_Q_7,495.636315811607
45-65,40,h_Q_8,407.193702163736
45-65,40,h_Q_9,342.747788202635
45-65,40,h_Q_10,278.415675606843
45-65,40,h_Q_11,226.59290432054
45-65,40,h_Q_12,189.638091897863
45-65,40,h_Q_13,159.570959951382
45-65,40,h_Q_14,135.473935237595
45-65,40,h_Q_15,119.541272286742
45-65,40,h_Q_16,106.999441412734
45-65,40,h_Q_17,96.1087815844719
45-65,40,P_Q_1,0.2510840766
45-65,40,P_Q_2,0.0627617153785294
45-65,40,P_Q_3,0.0646392403943325
45-65,40,P_Q_4,0.0670783256002712
45-65,40,P_Q_5,0.0696934894478703
45-65,40,P_Q_6,0.0723192459668887
45-65,40,P_Q_7,0.0739064167915812
45-65,40,P_Q_8,0.0740270672600471
45-65,40,P_Q_9,0.0731496764500034
45-65,40,P_Q_10,0.0717893862354878
45-65,40,P_Q_11,0.0709413857105489
45-65,40,P_Q_12,0.074238823604355
45-65,40,P_Q_13,0.0807277054061706
45-65,40,P_Q_14,0.0877351488848766
45-65,40,P_Q_15,0.0925141381168085
45-65,40,P_Q_16,0.0927833930922053
45-65,40,P_Q_17,0.0912938856694277
45-65,40,L_Q,0.824106969375767
45-65,40,beta_NQ_2,0.997880000012339
45-65,40,beta_NQ_3,0.997214700014544
45-65,40,beta_NQ_4,0.996675700015601
45-65,40,beta_NQ_5,0.995567100020468
45-65,40,beta_NQ_6,0.994349233129085
45-65,40,beta_NQ_7,0.993121990158156
45-65,40,beta_NQ_8,0.991768299291008
45-65,40,beta_NQ_9,0.990263293435446
45-65,40,beta_NQ_10,0.987967513924604
45-65,40,beta_NQ_11,0.98466327447305
45-65,40,beta_NQ_12,0.979921653065808
45-65,40,beta_NQ_13,0.973629870626398
45-65,40,beta_NQ_14,0.965709867372949
45-65,40,beta_NQ_15,0.959634852622943
45-65,40,beta_NQ_16,0.954368745703332
45-65,40,beta_NQ_17,0.94899669298239
45-65,40,h_NQ_2,471.6981132
45-65,40,h_NQ_3,359.027752816
45-65,40,h_NQ_4,300.8152092442
45-65,40,h_NQ_5,225.585959570034
45-65,40,h_NQ_6,176.967130011928
45-65,40,h_NQ_7,145.390893348889
45-65,40,h_NQ_8,121.481578424351
45-65,40,h_NQ_9,102.704131881514
45-65,40,h_NQ_10,83.1083442664404
45-65,40,h_NQ_11,65.202966140828
45-65,40,h_NQ_12,49.8048966830044
45-65,40,h_NQ_13,37.9216946999001
45-65,40,h_NQ_14,29.1629083896586
45-65,40,h_NQ_15,24.7738472699896
45-65,40,h_NQ_16,21.9148040366965
45-65,40,h_NQ_17,19.6065716967779
45-65,40,P_NQ_1,0.5858628454
45-65,40,P_NQ_2,0.146444001988007
45-65,40,P_NQ_3,0.150824894692779
45-65,40,P_NQ_4,0.156516093869348
45-65,40,P_NQ_5,0.16261814128561
45-65,40,P_NQ_6,0.168836557248555
45-65,40,P_NQ_7,0.172741655162061
45-65,40,P_NQ_8,0.173346442917171
45-65,40,P_NQ_9,0.171734975704089
45-65,40,P_NQ_10,0.168992249700225
45-65,40,P_NQ_11,0.167419997104529
45-65,40,P_NQ_12,0.176349769499186
45-65,40,P_NQ_13,0.195090131701452
45-65,40,P_NQ_14,0.220977311344135
45-65,40,P_NQ_15,0.239988535630965
45-65,40,P_NQ_16,0.238594312340848
45-65,40,P_NQ_17,0.224948614383281
45-65,40,L_NQ,1.53448441119541
45-65,40,pi_Q,0.3
45-65,40,pi_NQ,0.7
45-65,40,y,12.6709663602925
45-65,40,nbar,6.21769905066184
45-65,40,Ptot,4.99196965058165
45-65,40,Pret,2.2943847884245
45-65,40,H,977.64848989353
45-65,40,cCheck,4.44089209850063e-16
45-65,40,shareq,0.3
45-65,40,A,3.525891547
45-65,40,A_Q,2
45-65,40,xpop,0.836946922
45-65,40,h_Q_1,100
45-65,40,mig_Q_2,-0.192729121
45-65,40,med_Q_2,2653.031637
45-65,40,mig_Q_3,0.002332196
45-65,40,med_Q_3,-402.0132889
45-65,40,mig_Q_4,0.002306399
45-65,40,med_Q_4,-515.8999598
45-65,40,mig_Q_5,0.001050173
45-65,40,med_Q_5,-369.1429372
45-65,40,mig_Q_6,0.000227796
45-65,40,med_Q_6,-140.983679
45-65,40,mig_Q_7,-7.33855e-05
45-65,40,med_Q_7,-68.55485735
45-65,40,mig_Q_8,9.04669e-05
45-65,40,med_Q_8,-40.05273607
45-65,40,mig_Q_9,0.000266293
45-65,40,med_Q_9,-24.52304426
45-65,40,mig_Q_10,0.000228671
45-65,40,med_Q_10,-30.55693832
45-65,40,mig_Q_11,0.000251149
45-65,40,med_Q_11,-24.31785991
45-65,40,mig_Q_12,0.000445743
45-65,40,med_Q_12,-14.52104197
45-65,40,mig_Q_13,0.001455719
45-65,40,med_Q_13,-11.12636673
45-65,40,mig_Q_14,0.006097355
45-65,40,med_Q_14,-8.188120618
45-65,40,mig_Q_15,0.008654123
45-65,40,med_Q_15,-2.519440558
45-65,40,mig_Q_16,0.004309739
45-65,40,med_Q_16,-0.634205849
45-65,40,mig_Q_17,0.002345875
45-65,40,med_Q_17,-0.179087223
45-65,40,h_NQ_1,100
45-65,40,mig_NQ_2,-0.448554978
45-65,40,med_NQ_2,373.6981132
45-65,40,mig_NQ_3,0.005807942
45-65,40,med_NQ_3,-63.71402957
45-65,40,mig_NQ_4,0.005808292
45-65,40,med_NQ_4,-21.2777376
45-65,40,mig_NQ_5,0.003020353
45-65,40,med_NQ_5,-44.68431074
45-65,40,mig_NQ_6,0.001368813
45-65,40,med_NQ_6,-25.78869407
45-65,40,mig_NQ_7,0.000939071
45-65,40,med_NQ_7,-13.64865143
45-65,40,mig_NQ_8,0.001600819
45-65,40,med_NQ_8,-9.137636383
45-65,40,mig_NQ_9,0.002286474
45-65,40,med_NQ_9,-6.405147945
45-65,40,mig_NQ_10,0.002448966
45-65,40,med_NQ_10,-9.106374812
45-65,40,mig_NQ_11,0.00287966
45-65,40,med_NQ_11,-9.423352958
45-65,40,mig_NQ_12,0.004870963
45-65,40,med_NQ_12,-8.757422825
45-65,40,mig_NQ_13,0.010699464
45-65,40,med_NQ_13,-6.753015371
45-65,40,mig_NQ_14,0.029169854
45-65,40,med_NQ_14,-4.900963328
45-65,40,mig_NQ_15,0.036200186
45-65,40,med_NQ_15,-1.499298737
45-65,40,mig_NQ_16,0.019298285
45-65,40,med_NQ_16,-0.384432918
45-65,40,mig_NQ_17,0.008776246
45-65,40,med_NQ_17,-0.104569446
25-35,1,beta_Q_2,0.973436404874763
25-35,1,beta_Q_3,0.970539000001623
25-35,1,beta_Q_4,0.965744200006298
25-35,1,beta_Q_5,0.961176300029427
25-35,1,beta_Q_6,0.955116300619925
25-35,1,beta_Q_7,0.940183999984989
25-35,1,beta_Q_8,0.909499218945487
25-35,1,beta_Q_9,0.85988771100122
25-35,1,beta_Q_10,0.781753818094209
25-35,1,beta_Q_11,0.658329466557867
25-35,1,beta_Q_12,0.512809028093422
25-35,1,beta_Q_13,0.344799901709008
25-35,1,beta_Q_14,0.210284003873888
25-35,1,beta_Q_15,0.118657324974081
25-35,1,beta_Q_16,0.0591105026749442
25-35,1,beta_Q_17,0.031131000636637
25-35,1,h_Q_2,37.64549986
25-35,1,h_Q_3,33.94317912
25-35,1,h_Q_4,29.19213681
25-35,1,h_Q_5,25.75746258
25-35,1,h_Q_6,22.27980314
25-35,1,h_Q_7,16.7179349964
25-35,1,h_Q_8,11.049626084672
25-35,1,h_Q_9,7.13713214817855
25-35,1,h_Q_10,4.58198126301498
25-35,1,h_Q_11,2.92679557875468
25-35,1,h_Q_12,2.05258307497959
25-35,1,h_Q_13,1.52625129347999
25-35,1,h_Q_14,1.26627752601038
25-35,1,h_Q_15,1.13462803749019
25-35,1,h_Q_16,1.06282406454038
25-35,1,h_Q_17,1.03213127924955
25-35,1,P_Q_1,0.2522852124
25-35,1,P_Q_2,0.0592788505108232
25-35,1,P_Q_3,0.0529788315263615
25-35,1,P_Q_4,0.0516187991809102
25-35,1,P_Q_5,0.0480152225133509
25-35,1,P_Q_6,0.042674493190698
25-35,1,P_Q_7,0.0407094252183056
25-35,1,P_Q_8,0.0361254806344777
25-35,1,P_Q_9,0.0316353121871109
25-35,1,P_Q_10,0.0252264559898656
25-35,1,P_Q_11,0.0186772111554823
25-35,1,P_Q_12,0.0112496894086261
25-35,1,P_Q_13,0.00531388564243535
25-35,1,P_Q_14,0.00164097968469545
25-35,1,P_Q_15,0.000304585058292062
25-35,1,P_Q_16,3.26525318881665e-05
25-35,1,P_Q_17,2.01287823792251e-06
25-35,1,L_Q,0.594479919114931
25-35,1,beta_NQ_2,0.939491000019456
25-35,1,beta_NQ_3,0.931619200148016
25-35,1,beta_NQ_4,0.925826700715022
25-35,1,beta_NQ_5,0.916842509905461
25-35,1,beta_NQ_6,0.905218099976406
25-35,1,beta_NQ_7,0.883457900039542
25-35,1,beta_NQ_8,0.843435236949881
25-35,1,beta_NQ_9,0.785066520379141
25-35,1,beta_NQ_10,0.701200501908016
25-35,1,beta_NQ_11,0.582111699569906
25-35,1,beta_NQ_12,0.433853272111351
25-35,1,beta_NQ_13,0.278824341886696
25-35,1,beta_NQ_14,0.164751615202972
25-35,1,beta_NQ_15,0.0914522727890728
25-35,1,beta_NQ_16,0.0448453010253704
25-35,1,beta_NQ_17,0.0234374042852502
25-35,1,h_NQ_2,16.52646714
25-35,1,h_NQ_3,14.62398802
25-35,1,h_NQ_4,13.48194027
25-35,1,h_NQ_5,12.02537354
25-35,1,h_NQ_6,10.5505376
25-35,1,h_NQ_7,8.58059018639999
25-35,1,h_NQ_8,6.387123554672
25-35,1,h_NQ_9,4.65260184817856
25-35,1,h_NQ_10,3.34672581301498
25-35,1,h_NQ_11,2.39298395875468
25-35,1,h_NQ_12,1.76632258497959
25-35,1,h_NQ_13,1.38662464347999
25-35,1,h_NQ_14,1.19724704601039
25-35,1,h_NQ_15,1.10064773749018
25-35,1,h_NQ_16,1.04695082454037
25-35,1,h_NQ_17,1.02399989924956
25-35,1,P_NQ_1,0.5886654956
25-35,1,P_NQ_2,0.138317317858587
25-35,1,P_NQ_3,0.123617274894843
25-35,1,P_NQ_4,0.120443865422124
25-35,1,P_NQ_5,0.112035520531152
25-35,1,P_NQ_6,0.0995738157782948
25-35,1,P_NQ_7,0.0949886588427129
25-35,1,P_NQ_8,0.0842927891471142
25-35,1,P_NQ_9,0.0738157284365917
25-35,1,P_NQ_10,0.0588617313096862
25-35,1,P_NQ_11,0.0435801576961252
25-35,1,P_NQ_12,0.026249274286794
25-35,1,P_NQ_13,0.0123990668323489
25-35,1,P_NQ_14,0.00382895393095584
25-35,1,P_NQ_15,0.000710697469347821
25-35,1,P_NQ_16,7.6189241072e-05
25-35,1,P_NQ_17,4.69538255498669e-06
25-35,1,L_NQ,1.13299432302422
25-35,1,pi_Q,0.3
25-35,1,pi_NQ,0.7
25-35,1,y,0.250608831999511
25-35,1,nbar,4.41705099765903
25-35,1,Ptot,2.25923033237187
25-35,1,Pret,0.208158238498408
25-35,1,H,102.937051194269
25-35,1,cCheck,0
25-35,1,shareq,0.3
25-35,1,A,0.088593872
25-35,1,A_Q,2
25-35,1,xpop,0.840950708
25-35,1,h_Q_1,100
25-35,1,mig_Q_2,-0.237659925
25-35,1,med_Q_2,-60.35450014
25-35,1,mig_Q_3,-0.24086812
25-35,1,med_Q_3,-62.09682088
25-35,1,mig_Q_4,-0.23910608
25-35,1,med_Q_4,-64.92706319
25-35,1,mig_Q_5,-0.239557717
25-35,1,med_Q_5,-66.47935342
25-35,1,mig_Q_6,-0.241717051
25-35,1,med_Q_6,-68.11227654
25-35,1,mig_Q_7,-0.240471711
25-35,1,med_Q_7,-71.86630309
25-35,1,mig_Q_8,-0.24181671
25-35,1,med_Q_8,-75.76292724
25-35,1,mig_Q_9,-0.243039903
25-35,1,med_Q_9,-77.93917011
25-35,1,mig_Q_10,-0.246154295
25-35,1,med_Q_10,-78.79279495
25-35,1,mig_Q_11,-0.249382162
25-35,1,med_Q_11,-78.78048511
25-35,1,mig_Q_12,-0.253462002
25-35,1,med_Q_12,-78.020552
25-35,1,mig_Q_13,-0.256024465
25-35,1,med_Q_13,-76.94542108
25-35,1,mig_Q_14,-0.256299052
25-35,1,med_Q_14,-75.6359614
25-35,1,mig_Q_15,-0.254212866
25-35,1,med_Q_15,-74.22956611
25-35,1,mig_Q_16,-0.25103871
25-35,1,med_Q_16,-72.7940862
25-35,1,mig_Q_17,-0.247600544
25-35,1,med_Q_17,-71.34764078
25-35,1,h_NQ_1,100
25-35,1,mig_NQ_2,-0.554539825
25-35,1,med_NQ_2,-81.47353286
25-35,1,mig_NQ_3,-0.562025612
25-35,1,med_NQ_3,-81.41601198
25-35,1,mig_NQ_4,-0.557914186
25-35,1,med_NQ_4,-80.63725973
25-35,1,mig_NQ_5,-0.558968005
25-35,1,med_NQ_5,-80.21144246
25-35,1,mig_NQ_6,-0.564006454
25-35,1,med_NQ_6,-79.84154208
25-35,1,mig_NQ_7,-0.561100659
25-35,1,med_NQ_7,-80.0036479
25-35,1,mig_NQ_8,-0.564238989
25-35,1,med_NQ_8,-80.42542977
25-35,1,mig_NQ_9,-0.567093107
25-35,1,med_NQ_9,-80.42370041
25-35,1,mig_NQ_10,-0.574360021
25-35,1,med_NQ_10,-80.0280504
25-35,1,mig_NQ_11,-0.581891713
25-35,1,med_NQ_11,-79.31429673
25-35,1,mig_NQ_12,-0.591411339
25-35,1,med_NQ_12,-78.30681249
25-35,1,mig_NQ_13,-0.597390418
25-35,1,med_NQ_13,-77.08504773
25-35,1,mig_NQ_14,-0.59803112
25-35,1,med_NQ_14,-75.70499188
25-35,1,mig_NQ_15,-0.593163355
25-35,1,med_NQ_15,-74.26354641
25-35,1,mig_NQ_16,-0.58575699
25-35,1,med_NQ_16,-72.80995944
25-35,1,mig_NQ_17,-0.577734604
25-35,1,med_NQ_17,-71.35577216
25-35,2,beta_Q_2,0.974250899998791
25-35,2,beta_Q_3,0.971050702827941
25-35,2,beta_Q_4,0.966497808579101
25-35,2,beta_Q_5,0.96060350176663
25-35,2,beta_Q_6,0.953428799997687
25-35,2,beta_Q_7,0.938990908940442
25-35,2,beta_Q_8,0.907364226102163
25-35,2,beta_Q_9,0.855505422354817
25-35,2,beta_Q_10,0.777190539425623
25-35,2,beta_Q_11,0.653229715740918
25-35,2,beta_Q_12,0.507151509662807
25-35,2,beta_Q_13,0.340206902132967
25-35,2,beta_Q_14,0.202952405585477
25-35,2,beta_Q_15,0.104123564627982
25-35,2,beta_Q_16,0.0518962985273525
25-35,2,beta_Q_17,0.0269183031357435
25-35,2,h_Q_2,38.83630884
25-35,2,h_Q_3,34.5431495778
25-35,2,h_Q_4,29.8487860516
25-35,2,h_Q_5,25.3829654958
25-35,2,h_Q_6,21.4724980234
25-35,2,h_Q_7,16.3909974132
25-35,2,h_Q_8,10.794962634472
25-35,2,h_Q_9,6.92066906697856
25-35,2,h_Q_10,4.48813897521498
25-35,2,h_Q_11,2.88375330475468
25-35,2,h_Q_12,2.02902109317958
25-35,2,h_Q_13,1.51562664248
25-35,2,h_Q_14,1.25463021261039
25-35,2,h_Q_15,1.11622528649018
25-35,2,h_Q_16,1.05473693974038
25-35,2,h_Q_17,1.02766294224957
25-35,2,P_Q_1,0.2512048092
25-35,2,P_Q_2,0.058626292161722
25-35,2,P_Q_3,0.05666953529602
25-35,2,P_Q_4,0.0510325992696945
25-35,2,P_Q_5,0.0491409534086693
25-35,2,P_Q_6,0.0449400987003943
25-35,2,P_Q_7,0.0398043877053626
25-35,2,P_Q_8,0.0367541314397686
25-35,2,P_Q_9,0.0316798898515999
25-35,2,P_Q_10,0.0259442070888762
25-35,2,P_Q_11,0.0185558133149537
25-35,2,P_Q_12,0.0115651525001385
25-35,2,P_Q_13,0.00532686380235115
25-35,2,P_Q_14,0.00163190114901927
25-35,2,P_Q_15,0.000307461259722774
25-35,2,P_Q_16,3.2879075902921e-05
25-35,2,P_Q_17,2.36708599099832e-06
25-35,2,L_Q,0.600165606753088
25-35,2,beta_NQ_2,0.940730611341604
25-35,2,beta_NQ_3,0.932728204979504
25-35,2,beta_NQ_4,0.926524000597335
25-35,2,beta_NQ_5,0.915284209720587
25-35,2,beta_NQ_6,0.901399100016695
25-35,2,beta_NQ_7,0.880705633764917
25-35,2,beta_NQ_8,0.839248473866308
25-35,2,beta_NQ_9,0.778419779240567
25-35,2,beta_NQ_10,0.695314942098422
25-35,2,beta_NQ_11,0.576616011674913
25-35,2,beta_NQ_12,0.428372303652876
25-35,2,beta_NQ_13,0.275077599402946
25-35,2,beta_NQ_14,0.159037699960351
25-35,2,beta_NQ_15,0.0800507185687133
25-35,2,beta_NQ_16,0.0395277962597335
25-35,2,beta_NQ_17,0.0203578006828232
25-35,2,h_NQ_2,16.87211276
25-35,2,h_NQ_3,14.8650697642
25-35,2,h_NQ_4,13.6098862216
25-35,2,h_NQ_5,11.8041734866
25-35,2,h_NQ_6,10.1418952582
25-35,2,h_NQ_7,8.382623155
25-35,2,h_NQ_8,6.22077789167199
25-35,2,h_NQ_9,4.51303454257856
25-35,2,h_NQ_10,3.28207713121499
25-35,2,h_NQ_11,2.36192203575468
25-35,2,h_NQ_12,1.74939037757959
25-35,2,h_NQ_13,1.37945799228
25-35,2,h_NQ_14,1.18911394461039
25-35,2,h_NQ_15,1.08701642209018
25-35,2,h_NQ_16,1.04115454374037
25-35,2,h_NQ_17,1.02078085304957
25-35,2,P_NQ_1,0.5861445548
25-35,2,P_NQ_2,0.136794680138193
25-35,2,P_NQ_3,0.132228917030036
25-35,2,P_NQ_4,0.119076066767275
25-35,2,P_NQ_5,0.114662224876335
25-35,2,P_NQ_6,0.104860232025077
25-35,2,P_NQ_7,0.0928769051864166
25-35,2,P_NQ_8,0.085759657978555
25-35,2,P_NQ_9,0.0739197446687776
25-35,2,P_NQ_10,0.0605364808284439
25-35,2,P_NQ_11,0.0432968944523086
25-35,2,P_NQ_12,0.0269854100155926
25-35,2,P_NQ_13,0.0124293506280187
25-35,2,P_NQ_14,0.00380778028763909
25-35,2,P_NQ_15,0.000717429539390566
25-35,2,P_NQ_16,7.6717841950872e-05
25-35,2,P_NQ_17,5.52318804519086e-06
25-35,2,L_NQ,1.14233291572873
25-35,2,pi_Q,0.3
25-35,2,pi_NQ,0.7
25-35,2,y,0.186537854811097
25-35,2,nbar,2.95888314119421
25-35,2,Ptot,2.27739791256224
25-35,2,Pret,0.211222232058345
25-35,2,H,102.930168581879
25-35,2,cCheck,0
25-35,2,shareq,0.3
25-35,2,A,0.087292616
25-35,2,A_Q,2
25-35,2,xpop,0.837349364
25-35,2,h_Q_1,100
25-35,2,mig_Q_2,-0.186957318
25-35,2,med_Q_2,-59.16369116
25-35,2,mig_Q_3,-0.000862901
25-35,2,med_Q_3,-2.349440285
25-35,2,mig_Q_4,-0.0001314
25-35,2,med_Q_4,-3.415529486
25-35,2,mig_Q_5,-0.000473813
25-35,2,med_Q_5,-3.225328578
25-35,2,mig_Q_6,-0.000920023
25-35,2,med_Q_6,-3.769815305
25-35,2,mig_Q_7,-0.000317488
25-35,2,med_Q_7,-5.443209664
25-35,2,mig_Q_8,-0.000271059
25-35,2,med_Q_8,-5.588613662
25-35,2,mig_Q_9,0.000616033
25-35,2,med_Q_9,-3.907964496
25-35,2,mig_Q_10,0.001213181
25-35,2,med_Q_10,-2.50625053
25-35,2,mig_Q_11,0.001948494
25-35,2,med_Q_11,-1.606588333
25-35,2,mig_Q_12,0.00198731
25-35,2,med_Q_12,-0.839238574
25-35,2,mig_Q_13,0.001447972
25-35,2,med_Q_13,-0.495904771
25-35,2,mig_Q_14,0.000514476
25-35,2,med_Q_14,-0.241096055
25-35,2,mig_Q_15,0.000112747
25-35,2,med_Q_15,-0.124726689
25-35,2,mig_Q_16,1.48749e-05
25-35,2,med_Q_16,-0.057198537
25-35,2,mig_Q_17,1.35058e-06
25-35,2,med_Q_17,-0.013904641
25-35,2,h_NQ_1,100
25-35,2,mig_NQ_2,-0.416251255
25-35,2,med_NQ_2,-81.12788724
25-35,2,mig_NQ_3,0.003369848
25-35,2,med_NQ_3,-1.330868033
25-35,2,mig_NQ_4,0.004627893
25-35,2,med_NQ_4,-0.721622038
25-35,2,mig_NQ_5,0.004234169
25-35,2,med_NQ_5,-1.408127978
25-35,2,mig_NQ_6,0.003443651
25-35,2,med_NQ_6,-1.642970811
25-35,2,mig_NQ_7,0.004907631
25-35,2,med_NQ_7,-1.956903693
25-35,2,mig_NQ_8,0.005642876
25-35,2,med_NQ_8,-2.188200491
25-35,2,mig_NQ_9,0.007744298
25-35,2,med_NQ_9,-1.746346541
25-35,2,mig_NQ_10,0.008776855
25-35,2,med_NQ_10,-1.27747268
25-35,2,mig_NQ_11,0.009032792
25-35,2,med_NQ_11,-0.917869261
25-35,2,mig_NQ_12,0.008078016
25-35,2,med_NQ_12,-0.595733902
25-35,2,mig_NQ_13,0.005110414
25-35,2,med_NQ_13,-0.351538141
25-35,2,mig_NQ_14,0.001765014
25-35,2,med_NQ_14,-0.169778206
25-35,2,mig_NQ_15,0.000367263
25-35,2,med_NQ_15,-0.086285683
25-35,2,mig_NQ_16,4.48464e-05
25-35,2,med_NQ_16,-0.037480239
25-35,2,mig_NQ_17,3.73751e-06
25-35,2,med_NQ_17,-0.005230955
25-35,3,beta_Q_2,0.960919101309252
25-35,3,beta_Q_3,0.963560499994147
25-35,3,beta_Q_4,0.964076600018983
25-35,3,beta_Q_5,0.962424900003693
25-35,3,beta_Q_6,0.956305900022175
25-35,3,beta_Q_7,0.942098600001715
25-35,3,beta_Q_8,0.912940600055841
25-35,3,beta_Q_9,0.865348500041953
25-35,3,beta_Q_10,0.785928400220511
25-35,3,beta_Q_11,0.667295763074705
25-35,3,beta_Q_12,0.521659103888569
25-35,3,beta_Q_13,0.359734955973682
25-35,3,beta_Q_14,0.216027861519063
25-35,3,beta_Q_15,0.117518946854786
25-35,3,beta_Q_16,0.057058104084404
25-35,3,beta_Q_17,0.0293664387910884
25-35,3,h_Q_2,25.58794705
25-35,3,h_Q_3,27.4427475632
25-35,3,h_Q_4,27.837008749244
25-35,3,h_Q_5,26.613368961568
25-35,3,h_Q_6,22.886385121884
25-35,3,h_Q_7,17.270739566932
25-35,3,h_Q_8,11.486410431936
25-35,3,h_Q_9,7.42657897978255
25-35,3,h_Q_10,4.67133426863899
25-35,3,h_Q_11,3.00566297371068
25-35,3,h_Q_12,2.09055751265959
25-35,3,h_Q_13,1.56185183631599
25-35,3,h_Q_14,1.2755554356304
25-35,3,h_Q_15,1.13316874435818
25-35,3,h_Q_16,1.06051073076037
25-35,3,h_Q_17,1.03024839694558
25-35,3,P_Q_1,0.251144745
25-35,3,P_Q_2,0.0586093814471245
25-35,3,P_Q_3,0.0568679813078364
25-35,3,P_Q_4,0.0546954727767994
25-35,3,P_Q_5,0.0489759793627217
25-35,3,P_Q_6,0.0465539002391698
25-35,3,P_Q_7,0.0419258031265564
25-35,3,P_Q_8,0.0362022537457468
25-35,3,P_Q_9,0.0321353347406637
25-35,3,P_Q_10,0.0260723886827093
25-35,3,P_Q_11,0.0191639110217901
25-35,3,P_Q_12,0.0114416167357
25-35,3,P_Q_13,0.00554994570476745
25-35,3,P_Q_14,0.00169309582291336
25-35,3,P_Q_15,0.000315013364756386
25-35,3,P_Q_16,3.32503013201689e-05
25-35,3,P_Q_17,1.62521993197794e-06
25-35,3,L_Q,0.608630915157013
25-35,3,beta_NQ_2,0.907806406419834
25-35,3,beta_NQ_3,0.911270900013759
25-35,3,beta_NQ_4,0.918945800489104
25-35,3,beta_NQ_5,0.917890800003294
25-35,3,beta_NQ_6,0.906938600037125
25-35,3,beta_NQ_7,0.886138300025991
25-35,3,beta_NQ_8,0.847883199957314
25-35,3,beta_NQ_9,0.791712099862338
25-35,3,beta_NQ_10,0.705827079298838
25-35,3,beta_NQ_11,0.591640347499391
25-35,3,beta_NQ_12,0.442583034971192
25-35,3,beta_NQ_13,0.292314147433582
25-35,3,beta_NQ_14,0.170047424360433
25-35,3,beta_NQ_15,0.090590314338219
25-35,3,beta_NQ_16,0.0434898973154973
25-35,3,beta_NQ_17,0.0222164146022872
25-35,3,h_NQ_2,10.8467399
25-35,3,h_NQ_3,11.2702597008
25-35,3,h_NQ_4,12.337423602916
25-35,3,h_NQ_5,12.178903217168
25-35,3,h_NQ_6,10.745593771868
25-35,3,h_NQ_7,8.78258448803599
25-35,3,h_NQ_8,6.5738958459
25-35,3,h_NQ_9,4.80104700783855
25-35,3,h_NQ_10,3.39935561472699
25-35,3,h_NQ_11,2.44881726659069
25-35,3,h_NQ_12,1.79398841503959
25-35,3,h_NQ_13,1.413055870028
25-35,3,h_NQ_14,1.2048880844344
25-35,3,h_NQ_15,1.09961439571818
25-35,3,h_NQ_16,1.04546726364838
25-35,3,h_NQ_17,1.02271751686557
25-35,3,P_NQ_1,0.586004405
25-35,3,P_NQ_2,0.136755229371556
25-35,3,P_NQ_3,0.132691954456042
25-35,3,P_NQ_4,0.127622769201322
25-35,3,P_NQ_5,0.114277286667721
25-35,3,P_NQ_6,0.108625768309441
25-35,3,P_NQ_7,0.0978268761023816
25-35,3,P_NQ_8,0.0844719299351259
25-35,3,P_NQ_9,0.0749824650314133
25-35,3,P_NQ_10,0.0608355749843013
25-35,3,P_NQ_11,0.0447157911361322
25-35,3,P_NQ_12,0.0266971054175509
25-35,3,P_NQ_13,0.0129498898059934
25-35,3,P_NQ_14,0.00395055733588084
25-35,3,P_NQ_15,0.000735031548177291
25-35,3,P_NQ_16,7.75845086637447e-05
25-35,3,P_NQ_17,3.79216653525219e-06
25-35,3,L_NQ,1.15696255402288
25-35,3,pi_Q,0.3
25-35,3,pi_NQ,0.7
25-35,3,y,0.210745153133463
25-35,3,nbar,2.99868088941935
25-35,3,Ptot,2.30460570957874
25-35,3,Pret,0.214236173757124
25-35,3,H,100.932080792939
25-35,3,cCheck,4.44089209850063e-16
25-35,3,shareq,0.3
25-35,3,A,0.097702667
25-35,3,A_Q,2
25-35,3,xpop,0.83714915
25-35,3,h_Q_1,100
25-35,3,mig_Q_2,-0.18612713
25-35,3,med_Q_2,-72.41205295
25-35,3,mig_Q_3,-6.11209e-05
25-35,3,med_Q_3,-10.6168351
25-35,3,mig_Q_4,-7.55089e-05
25-35,3,med_Q_4,-6.015277837
25-35,3,mig_Q_5,-4.61142e-05
25-35,3,med_Q_5,-2.638441369
25-35,3,mig_Q_6,-0.0002985
25-35,3,med_Q_6,-1.988921064
25-35,3,mig_Q_7,-0.000272541
25-35,3,med_Q_7,-3.772308496
25-35,3,mig_Q_8,8.51763e-05
25-35,3,med_Q_8,-4.576767033
25-35,3,mig_Q_9,0.000691976
25-35,3,med_Q_9,-3.152484402
25-35,3,mig_Q_10,0.001451078
25-35,3,med_Q_10,-2.110921417
25-35,3,mig_Q_11,0.002216384
25-35,3,med_Q_11,-1.392713222
25-35,3,mig_Q_12,0.002031008
25-35,3,med_Q_12,-0.735520726
25-35,3,mig_Q_13,0.001615401
25-35,3,med_Q_13,-0.426588835
25-35,3,mig_Q_14,0.000611996
25-35,3,med_Q_14,-0.209758674
25-35,3,mig_Q_15,0.000145094
25-35,3,med_Q_15,-0.096368864
25-35,3,mig_Q_16,1.72942e-05
25-35,3,med_Q_16,-0.03339005
25-35,3,mig_Q_17,7.40171e-07
25-35,3,med_Q_17,-0.003393804
25-35,3,h_NQ_1,100
25-35,3,mig_NQ_2,-0.414648896
25-35,3,med_NQ_2,-87.1532601
25-35,3,mig_NQ_3,0.005099698
25-35,3,med_NQ_3,-5.264410804
25-35,3,mig_NQ_4,0.005109504
25-35,3,med_NQ_4,-2.230344766
25-35,3,mig_NQ_5,0.005288843
25-35,3,med_NQ_5,-1.15878528
25-35,3,mig_NQ_6,0.005269342
25-35,3,med_NQ_6,-0.822496245
25-35,3,mig_NQ_7,0.005475879
25-35,3,med_NQ_7,-1.156472865
25-35,3,mig_NQ_8,0.006525129
25-35,3,med_NQ_8,-1.641074846
25-35,3,mig_NQ_9,0.008225451
25-35,3,med_NQ_9,-1.295315326
25-35,3,mig_NQ_10,0.009438072
25-35,3,med_NQ_10,-1.023418237
25-35,3,mig_NQ_11,0.009809487
25-35,3,med_NQ_11,-0.767618322
25-35,3,mig_NQ_12,0.008149915
25-35,3,med_NQ_12,-0.52069518
25-35,3,mig_NQ_13,0.005526808
25-35,3,med_NQ_13,-0.3013467
25-35,3,mig_NQ_14,0.001973822
25-35,3,med_NQ_14,-0.146980748
25-35,3,mig_NQ_15,0.000430216
25-35,3,med_NQ_15,-0.06571727
25-35,3,mig_NQ_16,4.92261e-05
25-35,3,med_NQ_16,-0.01980883
25-35,3,mig_NQ_17,2.23036e-06
25-35,3,med_NQ_17,0.002386064
25-35,4,beta_Q_2,0.915780800174138
25-35,4,beta_Q_3,0.926950699992236
25-35,4,beta_Q_4,0.946298101104891
25-35,4,beta_Q_5,0.954726500006618
25-35,4,beta_Q_6,0.952895600038412
25-35,4,beta_Q_7,0.940326500011025
25-35,4,beta_Q_8,0.911711903309846
25-35,4,beta_Q_9,0.863582103908553
25-35,4,beta_Q_10,0.782460213878918
25-35,4,beta_Q_11,0.661729525310679
25-35,4,beta_Q_12,0.513075047975742
25-35,4,beta_Q_13,0.34311506784986
25-35,4,beta_Q_14,0.199175459830733
25-35,4,beta_Q_15,0.105912526264473
25-35,4,beta_Q_16,0.0500897023507679
25-35,4,beta_Q_17,0.0257230038342171
25-35,4,h_Q_2,11.873777
25-35,4,h_Q_3,13.689385109
25-35,4,h_Q_4,18.621315069936
25-35,4,h_Q_5,22.0879764132591
25-35,4,h_Q_6,21.2294392893366
25-35,4,h_Q_7,16.7578573434463
25-35,4,h_Q_8,11.3265547675934
25-35,4,h_Q_9,7.33041632029728
25-35,4,h_Q_10,4.5968599731869
25-35,4,h_Q_11,2.95621404026621
25-35,4,h_Q_12,2.05370437323647
25-35,4,h_Q_13,1.5223360154064
25-35,4,h_Q_14,1.24871273758967
25-35,4,h_Q_15,1.11845876491779
25-35,4,h_Q_16,1.05273097847102
25-35,4,h_Q_17,1.02640214614517
25-35,4,P_Q_1,0.2400099309
25-35,4,P_Q_2,0.0554021626639412
25-35,4,P_Q_3,0.055098505891539
25-35,4,P_Q_4,0.054131809069202
25-35,4,P_Q_5,0.0517083339178659
25-35,4,P_Q_6,0.047760847023935
25-35,4,P_Q_7,0.0440058162399414
25-35,4,P_Q_8,0.0383320361641815
25-35,4,P_Q_9,0.0332963169770202
25-35,4,P_Q_10,0.0266317512232805
25-35,4,P_Q_11,0.0197418465012088
25-35,4,P_Q_12,0.0120694326506273
25-35,4,P_Q_13,0.00566622449268478
25-35,4,P_Q_14,0.00175881790214782
25-35,4,P_Q_15,0.000324755838033016
25-35,4,P_Q_16,3.36133653542482e-05
25-35,4,P_Q_17,1.70191293850399e-06
25-35,4,L_Q,0.605870154767537
25-35,4,beta_NQ_2,0.799613500674926
25-35,4,beta_NQ_3,0.821086499924607
25-35,4,beta_NQ_4,0.875935005405642
25-35,4,beta_NQ_5,0.900361491462903
25-35,4,beta_NQ_6,0.900028300059175
25-35,4,beta_NQ_7,0.883267142757604
25-35,4,beta_NQ_8,0.846057803078419
25-35,4,beta_NQ_9,0.789139704543031
25-35,4,beta_NQ_10,0.701501812798948
25-35,4,beta_NQ_11,0.585631017831217
25-35,4,beta_NQ_12,0.434138626882012
25-35,4,beta_NQ_13,0.277026944002796
25-35,4,beta_NQ_14,0.155300276397469
25-35,4,beta_NQ_15,0.0806001114636423
25-35,4,beta_NQ_16,0.0376488988536307
25-35,4,beta_NQ_17,0.0191859183317102
25-35,4,h_NQ_2,4.99035614
25-35,4,h_NQ_3,5.589293146
25-35,4,h_NQ_4,8.06029097678399
25-35,4,h_NQ_5,10.0362710858577
25-35,4,h_NQ_6,10.0028308018246
25-35,4,h_NQ_7,8.56656521243064
25-35,4,h_NQ_8,6.49594458327527
25-35,4,h_NQ_9,4.742476413982
25-35,4,h_NQ_10,3.35010394968178
25-35,4,h_NQ_11,2.41330794243245
25-35,4,h_NQ_12,1.76721719825888
25-35,4,h_NQ_13,1.3831771347388
25-35,4,h_NQ_14,1.18385253262744
25-35,4,h_NQ_15,1.08766598574571
25-35,4,h_NQ_16,1.03912178980382
25-35,4,h_NQ_17,1.01955142437541
25-35,4,P_NQ_1,0.5600231721
25-35,4,P_NQ_2,0.129271716049243
25-35,4,P_NQ_3,0.128563183951006
25-35,4,P_NQ_4,0.126307551306071
25-35,4,P_NQ_5,0.120652779720837
25-35,4,P_NQ_6,0.111441979386464
25-35,4,P_NQ_7,0.102680238668745
25-35,4,P_NQ_8,0.089441420751515
25-35,4,P_NQ_9,0.0776914080283628
25-35,4,P_NQ_10,0.0621408002917497
25-35,4,P_NQ_11,0.0460642887240372
25-35,4,P_NQ_12,0.0281619995521673
25-35,4,P_NQ_13,0.0132211826090758
25-35,4,P_NQ_14,0.00410391040726062
25-35,4,P_NQ_15,0.000757765230868603
25-35,4,P_NQ_16,7.84310465538814e-05
25-35,4,P_NQ_17,3.9709196111885e-06
25-35,4,L_NQ,1.14788195904595
25-35,4,pi_Q,0.3
25-35,4,pi_NQ,0.7
25-35,4,y,0.215761771027838
25-35,4,nbar,2.96851189988507
25-35,4,Ptot,2.28657970147747
25-35,4,Pret,0.220760492667599
25-35,4,H,92.5316480411073
25-35,4,cCheck,0
25-35,4,shareq,0.3
25-35,4,A,0.100738932
25-35,4,A_Q,2
25-35,4,xpop,0.800033103
25-35,4,h_Q_1,100
25-35,4,mig_Q_2,-0.18592762
25-35,4,med_Q_2,-86.126223
25-35,4,mig_Q_3,-0.001375179
25-35,4,med_Q_3,-11.386803
25-35,4,mig_Q_4,-0.000693281
25-35,4,med_Q_4,-8.272577542
25-35,4,mig_Q_5,-0.000931951
25-35,4,med_Q_5,-5.192292161
25-35,4,mig_Q_6,0.000924829
25-35,4,med_Q_6,-4.851662293
25-35,4,mig_Q_7,0.000147452
25-35,4,med_Q_7,-5.670800076
25-35,4,mig_Q_8,5.62683e-05
25-35,4,med_Q_8,-5.598770008
25-35,4,mig_Q_9,0.001968751
25-35,4,med_Q_9,-3.926265903
25-35,4,mig_Q_10,0.001375679
25-35,4,med_Q_10,-2.681187427
25-35,4,mig_Q_11,0.002343852
25-35,4,med_Q_11,-1.621693543
25-35,4,mig_Q_12,0.002072404
25-35,4,med_Q_12,-0.891845341
25-35,4,mig_Q_13,0.001550275
25-35,4,med_Q_13,-0.526410347
25-35,4,mig_Q_14,0.000559875
25-35,4,med_Q_14,-0.281902062
25-35,4,mig_Q_15,0.000125785
25-35,4,med_Q_15,-0.131585562
25-35,4,mig_Q_16,1.56393e-05
25-35,4,med_Q_16,-0.057774391
25-35,4,mig_Q_17,7.2547e-07
25-35,4,med_Q_17,-0.01289837
25-35,4,h_NQ_1,100
25-35,4,mig_NQ_2,-0.402706837
25-35,4,med_NQ_2,-93.00964386
25-35,4,mig_NQ_3,0.003942123
25-35,4,med_NQ_3,-5.040511956
25-35,4,mig_NQ_4,0.004370837
25-35,4,med_NQ_4,-2.98456353
25-35,4,mig_NQ_5,0.003509014
25-35,4,med_NQ_5,-2.054404045
25-35,4,mig_NQ_6,0.007799497
25-35,4,med_NQ_6,-1.932494351
25-35,4,mig_NQ_7,0.006422785
25-35,4,med_NQ_7,-1.964116684
25-35,4,mig_NQ_8,0.006495656
25-35,4,med_NQ_8,-2.110988215
25-35,4,mig_NQ_9,0.010813959
25-35,4,med_NQ_9,-1.699941515
25-35,4,mig_NQ_10,0.009216146
25-35,4,med_NQ_10,-1.354922118
25-35,4,mig_NQ_11,0.010071508
25-35,4,med_NQ_11,-0.91806056
25-35,4,mig_NQ_12,0.008371549
25-35,4,med_NQ_12,-0.632623723
25-35,4,mig_NQ_13,0.005417241
25-35,4,med_NQ_13,-0.374931512
25-35,4,mig_NQ_14,0.001901815
25-35,4,med_NQ_14,-0.20094222
25-35,4,mig_NQ_15,0.000399883
25-35,4,med_NQ_15,-0.093124337
25-35,4,mig_NQ_16,4.64646e-05
25-35,4,med_NQ_16,-0.038500318
25-35,4,mig_NQ_17,2.24727e-06
25-35,4,med_NQ_17,-0.005006494
25-35,5,beta_Q_2,0.97831590005436
25-35,5,beta_Q_3,0.976824400001711
25-35,5,beta_Q_4,0.972756101044606
25-35,5,beta_Q_5,0.968474199995295
25-35,5,beta_Q_6,0.961299800006389
25-35,5,beta_Q_7,0.947256704690488
25-35,5,beta_Q_8,0.918899700325678
25-35,5,beta_Q_9,0.87503910061217
25-35,5,beta_Q_10,0.80298450290316
25-35,5,beta_Q_11,0.688932000729511
25-35,5,beta_Q_12,0.545905601157889
25-35,5,beta_Q_13,0.382226001756237
25-35,5,beta_Q_14,0.233474069512069
25-35,5,beta_Q_15,0.122301810119353
25-35,5,beta_Q_16,0.0608830171079231
25-35,5,beta_Q_17,0.0308175007459649
25-35,5,h_Q_2,46.11673992
25-35,5,h_Q_3,43.14882894
25-35,5,h_Q_4,36.70546433682
25-35,5,h_Q_5,31.7200515085373
25-35,5,h_Q_6,25.8396597469939
25-35,5,h_Q_7,18.9597541315499
25-35,5,h_Q_8,12.3304106175774
25-35,5,h_Q_9,8.00250318224148
25-35,5,h_Q_10,5.07574277589133
25-35,5,h_Q_11,3.21473118072316
25-35,5,h_Q_12,2.20218527646088
25-35,5,h_Q_13,1.61871493877174
25-35,5,h_Q_14,1.30458208009827
25-35,5,h_Q_15,1.13934367183788
25-35,5,h_Q_16,1.06483004861944
25-35,5,h_Q_17,1.0317974169016
25-35,5,P_Q_1,0.2322511179
25-35,5,P_Q_2,0.0547375935693415
25-35,5,P_Q_3,0.052932439462424
25-35,5,P_Q_4,0.05294098949888
25-35,5,P_Q_5,0.0523430946116657
25-35,5,P_Q_6,0.0508873098756514
25-35,5,P_Q_7,0.0446876891195788
25-35,5,P_Q_8,0.0408866024808203
25-35,5,P_Q_9,0.0351519314377626
25-35,5,P_Q_10,0.0273420413032195
25-35,5,P_Q_11,0.0205344860951735
25-35,5,P_Q_12,0.0126792128407374
25-35,5,P_Q_13,0.0059869172028293
25-35,5,P_Q_14,0.00185312986883465
25-35,5,P_Q_15,0.000347917847255657
25-35,5,P_Q_16,3.53494232637479e-05
25-35,5,P_Q_17,1.53344172588827e-06
25-35,5,L_Q,0.606555655363513
25-35,5,beta_NQ_2,0.949461622802603
25-35,5,beta_NQ_3,0.945148500061631
25-35,5,beta_NQ_4,0.939751299968669
25-35,5,beta_NQ_5,0.931510500004377
25-35,5,beta_NQ_6,0.91745130001448
25-35,5,beta_NQ_7,0.895631604059103
25-35,5,beta_NQ_8,0.857395600286007
25-35,5,beta_NQ_9,0.804925800395733
25-35,5,beta_NQ_10,0.726425001123515
25-35,5,beta_NQ_11,0.61504049989533
25-35,5,beta_NQ_12,0.466364099355962
25-35,5,beta_NQ_13,0.31223812072514
25-35,5,beta_NQ_14,0.183897629855855
25-35,5,beta_NQ_15,0.0940209412956333
25-35,5,beta_NQ_16,0.0461569048697826
25-35,5,beta_NQ_17,0.0231602981609627
25-35,5,h_NQ_2,19.78693429
25-35,5,h_NQ_3,18.2310419972
25-35,5,h_NQ_4,16.59786849308
25-35,5,h_NQ_5,14.6007782222483
25-35,5,h_NQ_6,12.1140611561405
25-35,5,h_NQ_7,9.58144419278814
25-35,5,h_NQ_8,7.01240635218202
25-35,5,h_NQ_9,5.12625452360976
25-35,5,h_NQ_10,3.65530475870236
25-35,5,h_NQ_11,2.59767585568814
25-35,5,h_NQ_12,1.8739368895838
25-35,5,h_NQ_13,1.4539816232937
25-35,5,h_NQ_14,1.22533462604402
25-35,5,h_NQ_15,1.10377821897489
25-35,5,h_NQ_16,1.0483904520308
25-35,5,h_NQ_17,1.02370941500774
25-35,5,P_NQ_1,0.5419192751
25-35,5,P_NQ_2,0.127721053101957
25-35,5,P_NQ_3,0.123509026870121
25-35,5,P_NQ_4,0.123528981229091
25-35,5,P_NQ_5,0.122133897276961
25-35,5,P_NQ_6,0.118737056229559
25-35,5,P_NQ_7,0.104271281715934
25-35,5,P_NQ_8,0.0954020711476459
25-35,5,P_NQ_9,0.0820211753457595
25-35,5,P_NQ_10,0.0637980985707992
25-35,5,P_NQ_11,0.0479138291237038
25-35,5,P_NQ_12,0.0295848150549501
25-35,5,P_NQ_13,0.013969466672945
25-35,5,P_NQ_14,0.00432396731349088
25-35,5,P_NQ_15,0.000811810636262007
25-35,5,P_NQ_16,8.24819265317701e-05
25-35,5,P_NQ_17,3.57876165385333e-06
25-35,5,L_NQ,1.14609919658716
25-35,5,pi_Q,0.3
25-35,5,pi_NQ,0.7
25-35,5,y,0.172747430193528
25-35,5,nbar,2.9168032309198
25-35,5,Ptot,2.28533122205653
25-35,5,Pret,0.229268636083376
25-35,5,H,100.915902125387
25-35,5,cCheck,-4.44089209850063e-16
25-35,5,shareq,0.3
25-35,5,A,0.081653838
25-35,5,A_Q,2
25-35,5,xpop,0.774170393
25-35,5,h_Q_1,100
25-35,5,mig_Q_2,-0.165058893
25-35,5,med_Q_2,-51.88326008
25-35,5,mig_Q_3,0.001577366
25-35,5,med_Q_3,31.51252748
25-35,5,mig_Q_4,0.000801378
25-35,5,med_Q_4,23.28986693
25-35,5,mig_Q_5,0.000662022
25-35,5,med_Q_5,13.47116274
25-35,5,mig_Q_6,0.001614666
25-35,5,med_Q_6,4.193442862
25-35,5,mig_Q_7,-0.000223101
25-35,5,med_Q_7,-1.845096372
25-35,5,mig_Q_8,0.000765976
25-35,5,med_Q_8,-4.092289579
25-35,5,mig_Q_9,0.002049071
25-35,5,med_Q_9,-3.09752049
25-35,5,mig_Q_10,0.001288998
25-35,5,med_Q_10,-2.108065218
25-35,5,mig_Q_11,0.00291147
25-35,5,med_Q_11,-1.290191593
25-35,5,mig_Q_12,0.002550164
25-35,5,med_Q_12,-0.694904483
25-35,5,mig_Q_13,0.001845713
25-35,5,med_Q_13,-0.393915347
25-35,5,mig_Q_14,0.000724557
25-35,5,med_Q_14,-0.187307215
25-35,5,mig_Q_15,0.000161637
25-35,5,med_Q_15,-0.084394811
25-35,5,mig_Q_16,1.90825e-05
25-35,5,med_Q_16,-0.031259541
25-35,5,mig_Q_17,6.68805e-07
25-35,5,med_Q_17,0.000121058
25-35,5,h_NQ_1,100
25-35,5,mig_NQ_2,-0.320081036
25-35,5,med_NQ_2,-78.21306571
25-35,5,mig_NQ_3,0.017365766
25-35,5,med_NQ_3,13.34049298
25-35,5,mig_NQ_4,0.010915988
25-35,5,med_NQ_4,11.12036121
25-35,5,mig_NQ_5,0.008411442
25-35,5,med_NQ_5,6.701693065
25-35,5,mig_NQ_6,0.01014614
25-35,5,med_NQ_6,2.278515492
25-35,5,mig_NQ_7,0.005838243
25-35,5,med_NQ_7,-0.221329993
25-35,5,mig_NQ_8,0.008528654
25-35,5,med_NQ_8,-1.382827556
25-35,5,mig_NQ_9,0.011439399
25-35,5,med_NQ_9,-1.239771168
25-35,5,mig_NQ_10,0.009297435
25-35,5,med_NQ_10,-0.992322127
25-35,5,mig_NQ_11,0.011522249
25-35,5,med_NQ_11,-0.685426015
25-35,5,mig_NQ_12,0.009586528
25-35,5,med_NQ_12,-0.491104894
25-35,5,mig_NQ_13,0.006167834
25-35,5,med_NQ_13,-0.277891231
25-35,5,mig_NQ_14,0.002270714
25-35,5,med_NQ_14,-0.130178966
25-35,5,mig_NQ_15,0.000481035
25-35,5,med_NQ_15,-0.056397263
25-35,5,mig_NQ_16,5.39529e-05
25-35,5,med_NQ_16,-0.017522214
25-35,5,mig_NQ_17,2.07399e-06
25-35,5,med_NQ_17,0.005370061
25-35,6,beta_Q_2,0.980093000081986
25-35,6,beta_Q_3,0.978183700006992
25-35,6,beta_Q_4,0.973443299999527
25-35,6,beta_Q_5,0.968100100598134
25-35,6,beta_Q_6,0.960728801748327
25-35,6,beta_Q_7,0.947101200015067
25-35,6,beta_Q_8,0.918668900015711
25-35,6,beta_Q_9,0.873653601874638
25-35,6,beta_Q_10,0.800306106442391
25-35,6,beta_Q_11,0.685122807218345
25-35,6,beta_Q_12,0.533326745557311
25-35,6,beta_Q_13,0.364243208418866
25-35,6,beta_Q_14,0.210392979249286
25-35,6,beta_Q_15,0.10710457224437
25-35,6,beta_Q_16,0.0513792132987517
25-35,6,beta_Q_17,0.0258055017436974
25-35,6,h_Q_2,50.23358618
25-35,6,h_Q_3,45.8372868036
25-35,6,h_Q_4,37.6552809642
25-35,6,h_Q_5,31.3480606470836
25-35,6,h_Q_6,25.4639532233665
25-35,6,h_Q_7,18.9040205110541
25-35,6,h_Q_8,12.2954195889189
25-35,6,h_Q_9,7.91474866222584
25-35,6,h_Q_10,5.00766422959665
25-35,6,h_Q_11,3.1758412533735
25-35,6,h_Q_12,2.1428257621087
25-35,6,h_Q_13,1.57292752993167
25-35,6,h_Q_14,1.2664518469963
25-35,6,h_Q_15,1.1199518834963
25-35,6,h_Q_16,1.05416200440112
25-35,6,h_Q_17,1.02648906464705
25-35,6,P_Q_1,0.2354582187
25-35,6,P_Q_2,0.0635929234469698
25-35,6,P_Q_3,0.0556168589959095
25-35,6,P_Q_4,0.0529758844302472
25-35,6,P_Q_5,0.0517508194518871
25-35,6,P_Q_6,0.0502920915819097
25-35,6,P_Q_7,0.0478914644633733
25-35,6,P_Q_8,0.041124593240228
25-35,6,P_Q_9,0.0364065528619043
25-35,6,P_Q_10,0.0293843861916378
25-35,6,P_Q_11,0.0208241592190559
25-35,6,P_Q_12,0.013313518976254
25-35,6,P_Q_13,0.00629877882953141
25-35,6,P_Q_14,0.00203395992317637
25-35,6,P_Q_15,0.000382637137344718
25-35,6,P_Q_16,4.0045288246618e-05
25-35,6,P_Q_17,1.73611087779998e-06
25-35,6,L_Q,0.625544331501579
25-35,6,beta_NQ_2,0.953018000050538
25-35,6,beta_NQ_3,0.947439199997024
25-35,6,beta_NQ_4,0.940336200557962
25-35,6,beta_NQ_5,0.929724029308708
25-35,6,beta_NQ_6,0.91563551810666
25-35,6,beta_NQ_7,0.895088600099634
25-35,6,beta_NQ_8,0.856512600216809
25-35,6,beta_NQ_9,0.802585803990379
25-35,6,beta_NQ_10,0.722879507523622
25-35,6,beta_NQ_11,0.610812705042895
25-35,6,beta_NQ_12,0.454135636348191
25-35,6,beta_NQ_13,0.296270685092385
25-35,6,beta_NQ_14,0.16523660568129
25-35,6,beta_NQ_15,0.0820849260258682
25-35,6,beta_NQ_16,0.0388798004271116
25-35,6,beta_NQ_17,0.0193578988289396
25-35,6,h_NQ_2,21.28474735
25-35,6,h_NQ_3,19.0255856062
25-35,6,h_NQ_4,16.760581795256
25-35,6,h_NQ_5,14.2296089622184
25-35,6,h_NQ_6,11.8533269328033
25-35,6,h_NQ_7,9.53185259401771
25-35,6,h_NQ_8,6.96925304993238
25-35,6,h_NQ_9,5.06549174513838
25-35,6,h_NQ_10,3.60853852513757
25-35,6,h_NQ_11,2.56945691452831
25-35,6,h_NQ_12,1.83195646157438
25-35,6,h_NQ_13,1.42100053779213
25-35,6,h_NQ_14,1.19794394082783
25-35,6,h_NQ_15,1.08942537252314
25-35,6,h_NQ_16,1.04045258559539
25-35,6,h_NQ_17,1.01974002399018
25-35,6,P_NQ_1,0.5494025103
25-35,6,P_NQ_2,0.148383499364456
25-35,6,P_NQ_3,0.129772670765607
25-35,6,P_NQ_4,0.123610397559061
25-35,6,P_NQ_5,0.120751917069742
25-35,6,P_NQ_6,0.117348222832583
25-35,6,P_NQ_7,0.111746750132136
25-35,6,P_NQ_8,0.0959573911794244
25-35,6,P_NQ_9,0.0849486214779296
25-35,6,P_NQ_10,0.0685635673926954
25-35,6,P_NQ_11,0.0485897034373559
25-35,6,P_NQ_12,0.0310648887659716
25-35,6,P_NQ_13,0.0146972830547585
25-35,6,P_NQ_14,0.00474587881150494
25-35,6,P_NQ_15,0.000892819476945964
25-35,6,P_NQ_16,9.34391663102231e-05
25-35,6,P_NQ_17,4.05092601136641e-06
25-35,6,L_NQ,1.17984763393074
25-35,6,pi_Q,0.3
25-35,6,pi_NQ,0.7
25-35,6,y,0.276496561573202
25-35,6,nbar,3.05803341297649
25-35,6,Ptot,2.35796224056105
25-35,6,Pret,0.240930852707678
25-35,6,H,103.799297970111
25-35,6,cCheck,0
25-35,6,shareq,0.3
25-35,6,A,0.126438745
25-35,6,A_Q,2
25-35,6,xpop,0.784860729
25-35,6,h_Q_1,100
25-35,6,mig_Q_2,-0.163622038
25-35,6,med_Q_2,-47.76641382
25-35,6,mig_Q_3,0.002147842
25-35,6,med_Q_3,0.642881682
25-35,6,mig_Q_4,0.001485531
25-35,6,med_Q_4,-4.630571397
25-35,6,mig_Q_5,0.000478837
25-35,6,med_Q_5,-4.623294403
25-35,6,mig_Q_6,-2.53148e-05
25-35,6,med_Q_6,-5.621697255
25-35,6,mig_Q_7,-0.000311881
25-35,6,med_Q_7,-6.418846041
25-35,6,mig_Q_8,6.10891e-05
25-35,6,med_Q_8,-6.28513946
25-35,6,mig_Q_9,0.000629177
25-35,6,med_Q_9,-4.169053743
25-35,6,mig_Q_10,0.00115793
25-35,6,med_Q_10,-2.834788889
25-35,6,mig_Q_11,0.001987352
25-35,6,med_Q_11,-1.798386667
25-35,6,mig_Q_12,0.002103628
25-35,6,med_Q_12,-1.007610795
25-35,6,mig_Q_13,0.001452454
25-35,6,med_Q_13,-0.585214041
25-35,6,mig_Q_14,0.00063617
25-35,6,med_Q_14,-0.319888793
25-35,6,mig_Q_15,0.000155996
25-35,6,med_Q_15,-0.158538555
25-35,6,mig_Q_16,1.8863e-05
25-35,6,med_Q_16,-0.062394794
25-35,6,mig_Q_17,6.4673e-07
25-35,6,med_Q_17,-0.017044383
25-35,6,h_NQ_1,100
25-35,6,mig_NQ_2,-0.366148055
25-35,6,med_NQ_2,-76.71525265
25-35,6,mig_NQ_3,0.009057309
25-35,6,med_NQ_3,-0.365609998
25-35,6,mig_NQ_4,0.007542629
25-35,6,med_NQ_4,-1.105839362
25-35,6,mig_NQ_5,0.005683374
25-35,6,med_NQ_5,-2.036302161
25-35,6,mig_NQ_6,0.00529632
25-35,6,med_NQ_6,-2.455435725
25-35,6,mig_NQ_7,0.00540209
25-35,6,med_NQ_7,-2.339927339
25-35,6,mig_NQ_8,0.006555653
25-35,6,med_NQ_8,-2.420562259
25-35,6,mig_NQ_9,0.008157033
25-35,6,med_NQ_9,-1.80666648
25-35,6,mig_NQ_10,0.008981335
25-35,6,med_NQ_10,-1.415190908
25-35,6,mig_NQ_11,0.009351289
25-35,6,med_NQ_11,-1.012741749
25-35,6,mig_NQ_12,0.008719599
25-35,6,med_NQ_12,-0.713765877
25-35,6,mig_NQ_13,0.005459776
25-35,6,med_NQ_13,-0.415457614
25-35,6,mig_NQ_14,0.002176927
25-35,6,med_NQ_14,-0.22695805
25-35,6,mig_NQ_15,0.000486276
25-35,6,med_NQ_15,-0.111402561
25-35,6,mig_NQ_16,5.59685e-05
25-35,6,med_NQ_16,-0.041250069
25-35,6,mig_NQ_17,2.14062e-06
25-35,6,med_NQ_17,-0.007682619
25-35,7,beta_Q_2,0.982471202013489
25-35,7,beta_Q_3,0.98019100022191
25-35,7,beta_Q_4,0.975467800055399
25-35,7,beta_Q_5,0.969921200004865
25-35,7,beta_Q_6,0.962053899993213
25-35,7,beta_Q_7,0.948704999989433
25-35,7,beta_Q_8,0.921555200026118
25-35,7,beta_Q_9,0.879524100023635
25-35,7,beta_Q_10,0.809581700101734
25-35,7,beta_Q_11,0.701822499941256
25-35,7,beta_Q_12,0.564004501242922
25-35,7,beta_Q_13,0.398768598629999
25-35,7,beta_Q_14,0.24479335183729
25-35,7,beta_Q_15,0.13129522576739
25-35,7,beta_Q_16,0.063957127400127
25-35,7,beta_Q_17,0.0320524055387999
25-35,7,h_Q_2,57.04897084
25-35,7,h_Q_3,50.4821040984
25-35,7,h_Q_4,40.762752631528
25-35,7,h_Q_5,33.246007153916
25-35,7,h_Q_6,26.3531693591419
25-35,7,h_Q_7,19.4950774888992
25-35,7,h_Q_8,12.747817577833
25-35,7,h_Q_9,8.30041527114052
25-35,7,h_Q_10,5.25159609398132
25-35,7,h_Q_11,3.35370710300472
25-35,7,h_Q_12,2.29360165930603
25-35,7,h_Q_13,1.66325311286653
25-35,7,h_Q_14,1.32413518733303
25-35,7,h_Q_15,1.15113837105638
25-35,7,h_Q_16,1.06832709982638
25-35,7,h_Q_17,1.0331137801131
25-35,7,P_Q_1,0.2358901014
25-35,7,P_Q_2,0.0657660659596434
25-35,7,P_Q_3,0.0631562221516183
25-35,7,P_Q_4,0.0546893617565865
25-35,7,P_Q_5,0.0511453440461974
25-35,7,P_Q_6,0.0493387557615056
25-35,7,P_Q_7,0.0472443532884943
25-35,7,P_Q_8,0.0440902573787086
25-35,7,P_Q_9,0.0366807650099546
25-35,7,P_Q_10,0.0306768565698997
25-35,7,P_Q_11,0.0224795411560028
25-35,7,P_Q_12,0.0135552590652664
25-35,7,P_Q_13,0.00670016886725621
25-35,7,P_Q_14,0.00213355284357745
25-35,7,P_Q_15,0.000419747407533996
25-35,7,P_Q_16,5.2825195095658e-05
25-35,7,P_Q_17,1.19309975567497e-06
25-35,7,L_Q,0.639805797841124
25-35,7,beta_NQ_2,0.957769101087303
25-35,7,beta_NQ_3,0.951067400044386
25-35,7,beta_NQ_4,0.944235100027504
25-35,7,beta_NQ_5,0.933317200014092
25-35,7,beta_NQ_6,0.917863944448588
25-35,7,beta_NQ_7,0.897531433097593
25-35,7,beta_NQ_8,0.860720316055193
25-35,7,beta_NQ_9,0.810532600003745
25-35,7,beta_NQ_10,0.734017600170867
25-35,7,beta_NQ_11,0.628927800124643
25-35,7,beta_NQ_12,0.484616699454873
25-35,7,beta_NQ_13,0.327474613926273
25-35,7,beta_NQ_14,0.193547122720499
25-35,7,beta_NQ_15,0.101101276818328
25-35,7,beta_NQ_16,0.0484809100193364
25-35,7,beta_NQ_17,0.0240461982203856
25-35,7,h_NQ_2,23.6793438
25-35,7,h_NQ_3,20.436273568
25-35,7,h_NQ_4,17.932427027076
25-35,7,h_NQ_5,14.9963708803509
25-35,7,h_NQ_6,12.174914554974
25-35,7,h_NQ_7,9.75908717414728
25-35,7,h_NQ_8,7.17979204713736
25-35,7,h_NQ_9,5.27795282993373
25-35,7,h_NQ_10,3.75964725723561
25-35,7,h_NQ_11,2.69489333963482
25-35,7,h_NQ_12,1.94030345723774
25-35,7,h_NQ_13,1.48692582934289
25-35,7,h_NQ_14,1.23999617303628
25-35,7,h_NQ_15,1.11247215501127
25-35,7,h_NQ_16,1.05095105307268
25-35,7,h_NQ_17,1.02463866388348
25-35,7,P_NQ_1,0.5504102366
25-35,7,P_NQ_2,0.153454152588851
25-35,7,P_NQ_3,0.147364529930619
25-35,7,P_NQ_4,0.12760851116399
25-35,7,P_NQ_5,0.119339141883062
25-35,7,P_NQ_6,0.115123769148526
25-35,7,P_NQ_7,0.110236832499397
25-35,7,P_NQ_8,0.102877266521454
25-35,7,P_NQ_9,0.0855884569485576
25-35,7,P_NQ_10,0.0715793326587763
25-35,7,P_NQ_11,0.0524522630665231
25-35,7,P_NQ_12,0.0316289318904935
25-35,7,P_NQ_13,0.0156337248770131
25-35,7,P_NQ_14,0.00497830716470543
25-35,7,P_NQ_15,0.000979408111170118
25-35,7,P_NQ_16,0.000123259043081097
25-35,7,P_NQ_17,2.78390092809376e-06
25-35,7,L_NQ,1.20440243740487
25-35,7,pi_Q,0.3
25-35,7,pi_NQ,0.7
25-35,7,y,0.324836822082527
25-35,7,nbar,3.14241375786493
25-35,7,Ptot,2.41340127895424
25-35,7,Pret,0.253397154917079
25-35,7,H,106.978693574747
25-35,7,cCheck,-4.44089209850063e-16
25-35,7,shareq,0.3
25-35,7,A,0.145740715
25-35,7,A_Q,2
25-35,7,xpop,0.786300338
25-35,7,h_Q_1,100
25-35,7,mig_Q_2,-0.165004886
25-35,7,med_Q_2,-40.95102916
25-35,7,mig_Q_3,0.000950661
25-35,7,med_Q_3,1.253189642
25-35,7,mig_Q_4,0.000549503
25-35,7,med_Q_4,-4.157788436
25-35,7,mig_Q_5,-0.000140615
25-35,7,med_Q_5,-3.656168191
25-35,7,mig_Q_6,-0.000379747
25-35,7,med_Q_6,-4.367930075
25-35,7,mig_Q_7,-0.000387347
25-35,7,med_Q_7,-5.45959667
25-35,7,mig_Q_8,9.38584e-05
25-35,7,med_Q_8,-5.778122523
25-35,7,mig_Q_9,0.000752116
25-35,7,med_Q_9,-3.749095926
25-35,7,mig_Q_10,0.00154047
25-35,7,med_Q_10,-2.504857595
25-35,7,mig_Q_11,0.002347628
25-35,7,med_Q_11,-1.553803842
25-35,7,mig_Q_12,0.002449178
25-35,7,med_Q_12,-0.818722769
25-35,7,mig_Q_13,0.00185081
25-35,7,med_Q_13,-0.436716134
25-35,7,mig_Q_14,0.000808334
25-35,7,med_Q_14,-0.217333792
25-35,7,mig_Q_15,0.000201901
25-35,7,med_Q_15,-0.089984439
25-35,7,mig_Q_16,3.31656e-05
25-35,7,med_Q_16,-0.029225746
25-35,7,mig_Q_17,1.59711e-07
25-35,7,med_Q_17,3.50158e-05
25-35,7,h_NQ_1,100
25-35,7,mig_NQ_2,-0.370136329
25-35,7,med_NQ_2,-74.3206562
25-35,7,mig_NQ_3,0.006780186
25-35,7,med_NQ_3,-0.422778835
25-35,7,mig_NQ_4,0.005578571
25-35,7,med_NQ_4,-0.712646867
25-35,7,mig_NQ_5,0.004415585
25-35,7,med_NQ_5,-1.428999279
25-35,7,mig_NQ_6,0.004559025
25-35,7,med_NQ_6,-1.770102228
25-35,7,mig_NQ_7,0.005199776
25-35,7,med_NQ_7,-1.85717322
25-35,7,mig_NQ_8,0.007164767
25-35,7,med_NQ_8,-2.161423495
25-35,7,mig_NQ_9,0.008574417
25-35,7,med_NQ_9,-1.551915159
25-35,7,mig_NQ_10,0.010171715
25-35,7,med_NQ_10,-1.204534653
25-35,7,mig_NQ_11,0.010572765
25-35,7,med_NQ_11,-0.841474415
25-35,7,mig_NQ_12,0.009562616
25-35,7,med_NQ_12,-0.577764319
25-35,7,mig_NQ_13,0.006430109
25-35,7,med_NQ_13,-0.308391503
25-35,7,mig_NQ_14,0.002549778
25-35,7,med_NQ_14,-0.152584354
25-35,7,mig_NQ_15,0.000589843
25-35,7,med_NQ_15,-0.061512907
25-35,7,mig_NQ_16,8.85464e-05
25-35,7,med_NQ_16,-0.016685812
25-35,7,mig_NQ_17,9.75115e-07
25-35,7,med_NQ_17,0.00499513
25-35,8,beta_Q_2,0.984076900170265
25-35,8,beta_Q_3,0.981349700005238
25-35,8,beta_Q_4,0.976195800002336
25-35,8,beta_Q_5,0.970504804524301
25-35,8,beta_Q_6,0.962159300001863
25-35,8,beta_Q_7,0.948815299989353
25-35,8,beta_Q_8,0.921650599973983
25-35,8,beta_Q_9,0.880413700421122
25-35,8,beta_Q_10,0.811607402573308
25-35,8,beta_Q_11,0.705571507928962
25-35,8,beta_Q_12,0.56743200160931
25-35,8,beta_Q_13,0.406678020558233
25-35,8,beta_Q_14,0.250219899970082
25-35,8,beta_Q_15,0.131435124972837
25-35,8,beta_Q_16,0.0647460680280114
25-35,8,beta_Q_17,0.0321388047175256
25-35,8,h_Q_2,62.80184135
25-35,8,h_Q_3,53.6184404572
25-35,8,h_Q_4,42.009393304432
25-35,8,h_Q_5,33.9038216428974
25-35,8,h_Q_6,26.4265724468377
25-35,8,h_Q_7,19.5370882269591
25-35,8,h_Q_8,12.7633396001212
25-35,8,h_Q_9,8.36216189027632
25-35,8,h_Q_10,5.30806411871771
25-35,8,h_Q_11,3.3964103361017
25-35,8,h_Q_12,2.31177525794463
25-35,8,h_Q_13,1.68542545711991
25-35,8,h_Q_14,1.33372437760919
25-35,8,h_Q_15,1.15132444658637
25-35,8,h_Q_16,1.06922757063525
25-35,8,h_Q_17,1.03320599782985
25-35,8,P_Q_1,0.2371570851
25-35,8,P_Q_2,0.0619843694655418
25-35,8,P_Q_3,0.0635017429736429
25-35,8,P_Q_4,0.0605532080820492
25-35,8,P_Q_5,0.0517454613824486
25-35,8,P_Q_6,0.0480742257061389
25-35,8,P_Q_7,0.0458182892841978
25-35,8,P_Q_8,0.043174637444883
25-35,8,P_Q_9,0.0390164759408191
25-35,8,P_Q_10,0.0307427090977912
25-35,8,P_Q_11,0.0235298201682264
25-35,8,P_Q_12,0.0148994633978611
25-35,8,P_Q_13,0.00705889466152286
25-35,8,P_Q_14,0.00246174979489151
25-35,8,P_Q_15,0.000482071302284158
25-35,8,P_Q_16,5.83014384195248e-05
25-35,8,P_Q_17,1.05926057587226e-06
25-35,8,L_Q,0.642954028064422
25-35,8,beta_NQ_2,0.960777500039771
25-35,8,beta_NQ_3,0.95269410000342
25-35,8,beta_NQ_4,0.944511400034005
25-35,8,beta_NQ_5,0.933747900113122
25-35,8,beta_NQ_6,0.917632100015902
25-35,8,beta_NQ_7,0.89721959992845
25-35,8,beta_NQ_8,0.86024950002811
25-35,8,beta_NQ_9,0.81121900012386
25-35,8,beta_NQ_10,0.736195901222575
25-35,8,beta_NQ_11,0.632981405821706
25-35,8,beta_NQ_12,0.488113801320407
25-35,8,beta_NQ_13,0.334880909025814
25-35,8,beta_NQ_14,0.19806959828046
25-35,8,beta_NQ_15,0.101101897984911
25-35,8,beta_NQ_16,0.0489212004345328
25-35,8,beta_NQ_17,0.0239971028930627
25-35,8,h_NQ_2,25.49557014
25-35,8,h_NQ_3,21.13901226
25-35,8,h_NQ_4,18.02171977664
25-35,8,h_NQ_5,15.0938611745345
25-35,8,h_NQ_6,12.1406518817439
25-35,8,h_NQ_7,9.72948148887455
25-35,8,h_NQ_8,7.15560946166433
25-35,8,h_NQ_9,5.29714325319461
25-35,8,h_NQ_10,3.79069165333506
25-35,8,h_NQ_11,2.7246575540909
25-35,8,h_NQ_12,1.95355920984212
25-35,8,h_NQ_13,1.50349012409299
25-35,8,h_NQ_14,1.24699100675603
25-35,8,h_NQ_15,1.11247314657556
25-35,8,h_NQ_16,1.05143736391104
25-35,8,h_NQ_17,1.02458712001123
25-35,8,P_NQ_1,0.5533665319
25-35,8,P_NQ_2,0.144630194537632
25-35,8,P_NQ_3,0.148170732928693
25-35,8,P_NQ_4,0.141290830659544
25-35,8,P_NQ_5,0.120739411337542
25-35,8,P_NQ_6,0.112173204495897
25-35,8,P_NQ_7,0.106909353507473
25-35,8,P_NQ_8,0.100740841309804
25-35,8,P_NQ_9,0.0910384433149123
25-35,8,P_NQ_10,0.0717329927717079
25-35,8,P_NQ_11,0.0549029142234742
25-35,8,P_NQ_12,0.0347654146062372
25-35,8,P_NQ_13,0.0164708492597397
25-35,8,P_NQ_14,0.00574405146734978
25-35,8,P_NQ_15,0.00112483221074555
25-35,8,P_NQ_16,0.000136036096509847
25-35,8,P_NQ_17,2.47160038238312e-06
25-35,8,L_NQ,1.2105182268343
25-35,8,pi_Q,0.3
25-35,8,pi_NQ,0.7
25-35,8,y,0.296419394332956
25-35,8,nbar,3.17723367667811
25-35,8,Ptot,2.43419867072894
25-35,8,Pret,0.264113631357719
25-35,8,H,108.484512780798
25-35,8,cCheck,4.44089209850063e-16
25-35,8,shareq,0.3
25-35,8,A,0.131969085
25-35,8,A_Q,2
25-35,8,xpop,0.790523617
25-35,8,h_Q_1,100
25-35,8,mig_Q_2,-0.169770862
25-35,8,med_Q_2,-35.19815865
25-35,8,mig_Q_3,-0.000961563
25-35,8,med_Q_3,-2.289550966
25-35,8,mig_Q_4,-0.001053653
25-35,8,med_Q_4,-7.463068712
25-35,8,mig_Q_5,-0.00129891
25-35,8,med_Q_5,-6.043675936
25-35,8,mig_Q_6,-0.001130352
25-35,8,med_Q_6,-6.154514564
25-35,8,mig_Q_7,-0.000989635
25-35,8,med_Q_7,-6.289017745
25-35,8,mig_Q_8,-0.000363642
25-35,8,med_Q_8,-6.341836339
25-35,8,mig_Q_9,0.000238032
25-35,8,med_Q_9,-4.130699336
25-35,8,mig_Q_10,0.001046633
25-35,8,med_Q_10,-2.826342847
25-35,8,mig_Q_11,0.002000112
25-35,8,med_Q_11,-1.750153836
25-35,8,mig_Q_12,0.002220901
25-35,8,med_Q_12,-0.974857703
25-35,8,mig_Q_13,0.001653483
25-35,8,med_Q_13,-0.562304169
25-35,8,mig_Q_14,0.000821593
25-35,8,med_Q_14,-0.296263673
25-35,8,mig_Q_15,0.000201946
25-35,8,med_Q_15,-0.146328037
25-35,8,mig_Q_16,3.14556e-05
25-35,8,med_Q_16,-0.058888033
25-35,8,mig_Q_17,-6.33914e-07
25-35,8,med_Q_17,-0.01375456
25-35,8,h_NQ_1,100
25-35,8,mig_NQ_2,-0.382535723
25-35,8,med_NQ_2,-72.50442986
25-35,8,mig_NQ_3,0.002225491
25-35,8,med_NQ_3,-2.066744664
25-35,8,mig_NQ_4,0.002144069
25-35,8,med_NQ_4,-2.00582832
25-35,8,mig_NQ_5,0.001640193
25-35,8,med_NQ_5,-2.479917312
25-35,8,mig_NQ_6,0.002636109
25-35,8,med_NQ_6,-2.555791581
25-35,8,mig_NQ_7,0.003582152
25-35,8,med_NQ_7,-2.201934775
25-35,8,mig_NQ_8,0.00585776
25-35,8,med_NQ_8,-2.408295969
25-35,8,mig_NQ_9,0.007653065
25-35,8,med_NQ_9,-1.739052953
25-35,8,mig_NQ_10,0.008909559
25-35,8,med_NQ_10,-1.38170212
25-35,8,mig_NQ_11,0.009884682
25-35,8,med_NQ_11,-0.959796758
25-35,8,mig_NQ_12,0.009346172
25-35,8,med_NQ_12,-0.687436263
25-35,8,mig_NQ_13,0.006113177
25-35,8,med_NQ_13,-0.398007264
25-35,8,mig_NQ_14,0.002718189
25-35,8,med_NQ_14,-0.210196306
25-35,8,mig_NQ_15,0.000621519
25-35,8,med_NQ_15,-0.102723103
25-35,8,mig_NQ_16,8.85535e-05
25-35,8,med_NQ_16,-0.038785348
25-35,8,mig_NQ_17,-4.92311e-07
25-35,8,med_NQ_17,-0.005344912
25-35,9,beta_Q_2,0.96266830069613
25-35,9,beta_Q_3,0.969614707442619
25-35,9,beta_Q_4,0.968790300004278
25-35,9,beta_Q_5,0.964848000001087
25-35,9,beta_Q_6,0.959020300055827
25-35,9,beta_Q_7,0.946032000001399
25-35,9,beta_Q_8,0.917943999970297
25-35,9,beta_Q_9,0.873158899942629
25-35,9,beta_Q_10,0.799224600206456
25-35,9,beta_Q_11,0.684108700263053
25-35,9,beta_Q_12,0.524296802675033
25-35,9,beta_Q_13,0.349467602064531
25-35,9,beta_Q_14,0.192348504105645
25-35,9,beta_Q_15,0.0924704818850259
25-35,9,beta_Q_16,0.0424817826895312
25-35,9,beta_Q_17,0.0212006195287917
25-35,9,h_Q_2,26.78688621
25-35,9,h_Q_3,32.910650873
25-35,9,h_Q_4,32.041320488056
25-35,9,h_Q_5,28.4478834783434
25-35,9,h_Q_6,24.4023260340395
25-35,9,h_Q_7,18.5294989619009
25-35,9,h_Q_8,12.1867992544199
25-35,9,h_Q_9,7.88387990511878
25-35,9,h_Q_10,4.98068986947079
25-35,9,h_Q_11,3.16564590534336
25-35,9,h_Q_12,2.10215109137966
25-35,9,h_Q_13,1.53720245078573
25-35,9,h_Q_14,1.23815779997752
25-35,9,h_Q_15,1.10188878805701
25-35,9,h_Q_16,1.04436624765465
25-35,9,h_Q_17,1.02165980522254
25-35,9,P_Q_1,0.2266226103
25-35,9,P_Q_2,0.0414496791586237
25-35,9,P_Q_3,0.0516282473800233
25-35,9,P_Q_4,0.0542348667836981
25-35,9,P_Q_5,0.0536468613729884
25-35,9,P_Q_6,0.0465962209020102
25-35,9,P_Q_7,0.0430398818851261
25-35,9,P_Q_8,0.0405670228085624
25-35,9,P_Q_9,0.0371925523171898
25-35,9,P_Q_10,0.0321428766958922
25-35,9,P_Q_11,0.0230125536159499
25-35,9,P_Q_12,0.0151273569555638
25-35,9,P_Q_13,0.007414317282022
25-35,9,P_Q_14,0.00240623391610559
25-35,9,P_Q_15,0.000495740391943421
25-35,9,P_Q_16,5.76669213320421e-05
25-35,9,P_Q_17,8.54411595041675e-12
25-35,9,L_Q,0.585020664151676
25-35,9,beta_NQ_2,0.905323203444421
25-35,9,beta_NQ_3,0.921064334809679
25-35,9,beta_NQ_4,0.926780500018136
25-35,9,beta_NQ_5,0.920391449983453
25-35,9,beta_NQ_6,0.910466100140916
25-35,9,beta_NQ_7,0.891719300024289
25-35,9,beta_NQ_8,0.853882599839066
25-35,9,beta_NQ_9,0.800513300016735
25-35,9,beta_NQ_10,0.720826100181882
25-35,9,beta_NQ_11,0.609624400096542
25-35,9,beta_NQ_12,0.445819901310995
25-35,9,beta_NQ_13,0.283781100700842
25-35,9,beta_NQ_14,0.150601997808238
25-35,9,beta_NQ_15,0.0702885184474611
25-35,9,beta_NQ_16,0.0318585909122844
25-35,9,beta_NQ_17,0.0157289018500441
25-35,9,h_NQ_2,10.56224967
25-35,9,h_NQ_3,12.6685390672
25-35,9,h_NQ_4,13.6575639018
25-35,9,h_NQ_5,12.5614569281072
25-35,9,h_NQ_6,11.1689538810438
25-35,9,h_NQ_7,9.23525614610899
25-35,9,h_NQ_8,6.84381188609706
25-35,9,h_NQ_9,5.01286551943104
25-35,9,h_NQ_10,3.58199674313072
25-35,9,h_NQ_11,2.56163551226836
25-35,9,h_NQ_12,1.80446753900908
25-35,9,h_NQ_13,1.39622118364528
25-35,9,h_NQ_14,1.17730439361113
25-35,9,h_NQ_15,1.07560120862091
25-35,9,h_NQ_16,1.03290686064405
25-35,9,h_NQ_17,1.01598024863282
25-35,9,P_NQ_1,0.5287860907
25-35,9,P_NQ_2,0.0967159191245605
25-35,9,P_NQ_3,0.120465910018348
25-35,9,P_NQ_4,0.126548024402544
25-35,9,P_NQ_5,0.125176018433588
25-35,9,P_NQ_6,0.108724515580353
25-35,9,P_NQ_7,0.100426401660501
25-35,9,P_NQ_8,0.0946563969031318
25-35,9,P_NQ_9,0.0867826385589756
25-35,9,P_NQ_10,0.0750000478221221
25-35,9,P_NQ_11,0.0536959626084339
25-35,9,P_NQ_12,0.0352971661651882
25-35,9,P_NQ_13,0.017300073645996
25-35,9,P_NQ_14,0.00561456349621466
25-35,9,P_NQ_15,0.00115672150547207
25-35,9,P_NQ_16,0.000134555342037102
25-35,9,P_NQ_17,2.20511739353022e-12
25-35,9,L_NQ,1.10719952706635
25-35,9,pi_Q,0.3
25-35,9,pi_NQ,0.7
25-35,9,y,0.31809386776128
25-35,9,nbar,2.90649657453114
25-35,9,Ptot,2.25211569466525
25-35,9,Pret,0.268855836375022
25-35,9,H,93.4093995538607
25-35,9,cCheck,0
25-35,9,shareq,0.3
25-35,9,A,0.150728864
25-35,9,A_Q,2
25-35,9,xpop,0.755408701
25-35,9,h_Q_1,100
25-35,9,mig_Q_2,-0.19193113
25-35,9,med_Q_2,-71.21311379
25-35,9,mig_Q_3,-0.009200095
25-35,9,med_Q_3,-28.63515365
25-35,9,mig_Q_4,-0.007755268
25-35,9,med_Q_4,-20.50475116
25-35,9,mig_Q_5,-0.005120318
25-35,9,med_Q_5,-12.72132196
25-35,9,mig_Q_6,-0.003191156
25-35,9,med_Q_6,-8.823419176
25-35,9,mig_Q_7,-0.002573679
25-35,9,med_Q_7,-7.368542036
25-35,9,mig_Q_8,-0.001661431
25-35,9,med_Q_8,-6.959547208
25-35,9,mig_Q_9,-0.00081899
25-35,9,med_Q_9,-4.624192903
25-35,9,mig_Q_10,0.000476816
25-35,9,med_Q_10,-3.214228783
25-35,9,mig_Q_11,0.001321374
25-35,9,med_Q_11,-2.036256931
25-35,9,mig_Q_12,0.001775784
25-35,9,med_Q_12,-1.226331038
25-35,9,mig_Q_13,0.001355033
25-35,9,med_Q_13,-0.728337302
25-35,9,mig_Q_14,0.000639958
25-35,9,med_Q_14,-0.413559148
25-35,9,mig_Q_15,0.00017218
25-35,9,med_Q_15,-0.205161102
25-35,9,mig_Q_16,2.64547e-05
25-35,9,med_Q_16,-0.08393171
25-35,9,mig_Q_17,-1.87373e-06
25-35,9,med_Q_17,-0.026183214
25-35,9,h_NQ_1,100
25-35,9,mig_NQ_2,-0.434946194
25-35,9,med_NQ_2,-87.43775033
25-35,9,mig_NQ_3,-0.017322423
25-35,9,med_NQ_3,-12.31711967
25-35,9,mig_NQ_4,-0.013400922
25-35,9,med_NQ_4,-7.058668113
25-35,9,mig_NQ_5,-0.006753998
25-35,9,med_NQ_5,-5.099828453
25-35,9,mig_NQ_6,-0.002069844
25-35,9,med_NQ_6,-3.62303007
25-35,9,mig_NQ_7,-0.000217596
25-35,9,med_NQ_7,-2.662582698
25-35,9,mig_NQ_8,0.002687679
25-35,9,med_NQ_8,-2.691079973
25-35,9,mig_NQ_9,0.005059754
25-35,9,med_NQ_9,-1.999631753
25-35,9,mig_NQ_10,0.007977919
25-35,9,med_NQ_10,-1.609203645
25-35,9,mig_NQ_11,0.008290312
25-35,9,med_NQ_11,-1.153242308
25-35,9,mig_NQ_12,0.008498296
25-35,9,med_NQ_12,-0.865696864
25-35,9,mig_NQ_13,0.0056578
25-35,9,med_NQ_13,-0.518266842
25-35,9,mig_NQ_14,0.002352189
25-35,9,med_NQ_14,-0.296115928
25-35,9,mig_NQ_15,0.000575987
25-35,9,med_NQ_15,-0.146449978
25-35,9,mig_NQ_16,7.95272e-05
25-35,9,med_NQ_16,-0.057316823
25-35,9,mig_NQ_17,-3.26447e-06
25-35,9,med_NQ_17,-0.014428368
25-35,10,beta_Q_2,0.986426700069285
25-35,10,beta_Q_3,0.987473200142563
25-35,10,beta_Q_4,0.984694600000777
25-35,10,beta_Q_5,0.980313000051596
25-35,10,beta_Q_6,0.97328560153488
25-35,10,beta_Q_7,0.962059500005814
25-35,10,beta_Q_8,0.939212103062337
25-35,10,beta_Q_9,0.902843200521366
25-35,10,beta_Q_10,0.840300099934678
25-35,10,beta_Q_11,0.742515600294894
25-35,10,beta_Q_12,0.605056707370968
25-35,10,beta_Q_13,0.440940987893285
25-35,10,beta_Q_14,0.277381426484267
25-35,10,beta_Q_15,0.155285704313517
25-35,10,beta_Q_16,0.0771783404487145
25-35,10,beta_Q_17,0.0382366976780276
25-35,10,h_Q_2,73.67405126
25-35,10,h_Q_3,79.8288469458
25-35,10,h_Q_4,65.33641721554
25-35,10,h_Q_5,50.7949408282949
25-35,10,h_Q_6,37.4329949397765
25-35,10,h_Q_7,26.3570590833587
25-35,10,h_Q_8,16.4506423146629
25-35,10,h_Q_9,10.2926403463315
25-35,10,h_Q_10,6.26174468001641
25-35,10,h_Q_11,3.88373043608137
25-35,10,h_Q_12,2.53200133323649
25-35,10,h_Q_13,1.78871901655207
25-35,10,h_Q_14,1.38385588177002
25-35,10,h_Q_15,1.18383221897797
25-35,10,h_Q_16,1.08363083129587
25-35,10,h_Q_17,1.03975676670155
25-35,10,P_Q_1,0.228139101
25-35,10,P_Q_2,0.0460741171568224
25-35,10,P_Q_3,0.0462082265309793
25-35,10,P_Q_4,0.0573718052679878
25-35,10,P_Q_5,0.0582240677465765
25-35,10,P_Q_6,0.0546503800909767
25-35,10,P_Q_7,0.0460425580524357
25-35,10,P_Q_8,0.0416365793358818
25-35,10,P_Q_9,0.0380139590094719
25-35,10,P_Q_10,0.0329401667563637
25-35,10,P_Q_11,0.0259605915991424
25-35,10,P_Q_12,0.0158181112822303
25-35,10,P_Q_13,0.00797567816083508
25-35,10,P_Q_14,0.00270104683816156
25-35,10,P_Q_15,0.000519900609750377
25-35,10,P_Q_16,6.34524356009634e-05
25-35,10,P_Q_17,1.06309045855739e-06
25-35,10,L_Q,0.609275499576717
25-35,10,beta_NQ_2,0.965960400004401
25-35,10,beta_NQ_3,0.968815599997748
25-35,10,beta_NQ_4,0.964758999992157
25-35,10,beta_NQ_5,0.955200000144948
25-35,10,beta_NQ_6,0.94075630351581
25-35,10,beta_NQ_7,0.922422428101573
25-35,10,beta_NQ_8,0.889363701409856
25-35,10,beta_NQ_9,0.84350539996961
25-35,10,beta_NQ_10,0.772416900029399
25-35,10,beta_NQ_11,0.674246481443401
25-35,10,beta_NQ_12,0.526415033258905
25-35,10,beta_NQ_13,0.366288453122011
25-35,10,beta_NQ_14,0.221180203623582
25-35,10,beta_NQ_15,0.120159597731927
25-35,10,beta_NQ_16,0.0586116104771719
25-35,10,beta_NQ_17,0.0286947287857468
25-35,10,h_NQ_2,29.3775485
25-35,10,h_NQ_3,32.0673157066
25-35,10,h_NQ_4,28.376039265856
25-35,10,h_NQ_5,22.321428572764
25-35,10,h_NQ_6,16.8794319055451
25-35,10,h_NQ_7,12.8903188534229
25-35,10,h_NQ_8,9.03862475718681
25-35,10,h_NQ_9,6.38999683537512
25-35,10,h_NQ_10,4.39399937904242
25-35,10,h_NQ_11,3.0697983132681
25-35,10,h_NQ_12,2.11155202702299
25-35,10,h_NQ_13,1.5780048862289
25-35,10,h_NQ_14,1.28399406397237
25-35,10,h_NQ_15,1.13656976573891
25-35,10,h_NQ_16,1.06226012444849
25-35,10,h_NQ_17,1.02954240843116
25-35,10,P_NQ_1,0.532324569
25-35,10,P_NQ_2,0.107506275569376
25-35,10,P_NQ_3,0.10781919871397
25-35,10,P_NQ_4,0.133867544321945
25-35,10,P_NQ_5,0.135856164672399
25-35,10,P_NQ_6,0.127517561334397
25-35,10,P_NQ_7,0.107432634928792
25-35,10,P_NQ_8,0.0971520259423504
25-35,10,P_NQ_9,0.0886992446526199
25-35,10,P_NQ_10,0.0768603999159602
25-35,10,P_NQ_11,0.0605747141607732
25-35,10,P_NQ_12,0.0369089277508909
25-35,10,P_NQ_13,0.0186099156659776
25-35,10,P_NQ_14,0.00630244265331665
25-35,10,P_NQ_15,0.00121309134987813
25-35,10,P_NQ_16,0.000148055517242276
25-35,10,P_NQ_17,2.48052576830068e-06
25-35,10,L_NQ,1.14988767579142
25-35,10,pi_Q,0.3
25-35,10,pi_NQ,0.7
25-35,10,y,0.150183600302503
25-35,10,nbar,2.93372216662271
25-35,10,Ptot,2.34113605163933
25-35,10,Pret,0.28660003831235
25-35,10,H,112.600076891662
25-35,10,cCheck,-4.44089209850063e-16
25-35,10,shareq,0.3
25-35,10,A,0.070701597
25-35,10,A_Q,2
25-35,10,xpop,0.76046367
25-35,10,h_Q_1,100
25-35,10,mig_Q_2,-0.172088286
25-35,10,med_Q_2,-24.32594874
25-35,10,mig_Q_3,0.006018008
25-35,10,med_Q_3,53.57769846
25-35,10,mig_Q_4,0.00735486
25-35,10,med_Q_4,33.08397936
25-35,10,mig_Q_5,0.005895665
25-35,10,med_Q_5,19.39444675
25-35,10,mig_Q_6,0.003201951
25-35,10,med_Q_6,9.554069131
25-35,10,mig_Q_7,0.001961042
25-35,10,med_Q_7,2.44277957
25-35,10,mig_Q_8,0.002128378
25-35,10,med_Q_8,-1.708266668
25-35,10,mig_Q_9,0.002592502
25-35,10,med_Q_9,-1.650422923
25-35,10,mig_Q_10,0.003214964
25-35,10,med_Q_10,-1.464457627
25-35,10,mig_Q_11,0.00397137
25-35,10,med_Q_11,-0.997345636
25-35,10,mig_Q_12,0.003752703
25-35,10,med_Q_12,-0.570331654
25-35,10,mig_Q_13,0.002689157
25-35,10,med_Q_13,-0.271389053
25-35,10,mig_Q_14,0.001274914
25-35,10,med_Q_14,-0.12260252
25-35,10,mig_Q_15,0.000297395
25-35,10,med_Q_15,-0.029562425
25-35,10,mig_Q_16,4.23925e-05
25-35,10,med_Q_16,0.003779819
25-35,10,mig_Q_17,-1.59484e-07
25-35,10,med_Q_17,0.016277844
25-35,10,h_NQ_1,100
25-35,10,mig_NQ_2,-0.371216042
25-35,10,med_NQ_2,-68.6224515
25-35,10,mig_NQ_3,0.018737615
25-35,10,med_NQ_3,21.71631103
25-35,10,mig_NQ_4,0.022222088
25-35,10,med_NQ_4,15.96087098
25-35,10,mig_NQ_5,0.019382445
25-35,10,med_NQ_5,8.937015949
25-35,10,mig_NQ_6,0.01354904
25-35,10,med_NQ_6,4.569204116
25-35,10,mig_NQ_7,0.010480886
25-35,10,med_NQ_7,1.94474405
25-35,10,mig_NQ_8,0.011399669
25-35,10,med_NQ_8,-0.011926266
25-35,10,mig_NQ_9,0.01292554
25-35,10,med_NQ_9,-0.316938813
25-35,10,mig_NQ_10,0.014305209
25-35,10,med_NQ_10,-0.51860883
25-35,10,mig_NQ_11,0.014852855
25-35,10,med_NQ_11,-0.440558495
25-35,10,mig_NQ_12,0.012970199
25-35,10,med_NQ_12,-0.398850775
25-35,10,mig_NQ_13,0.008593247
25-35,10,med_NQ_13,-0.190373302
25-35,10,mig_NQ_14,0.003697017
25-35,10,med_NQ_14,-0.084302696
25-35,10,mig_NQ_15,0.000818452
25-35,10,med_NQ_15,-0.01718854
25-35,10,mig_NQ_16,0.000111204
25-35,10,med_NQ_16,0.00817094
25-35,10,mig_NQ_17,3.64118e-07
25-35,10,med_NQ_17,0.017293685
25-35,11,beta_Q_2,0.993591100002428
25-35,11,beta_Q_3,0.991658700496937
25-35,11,beta_Q_4,0.988412000144944
25-35,11,beta_Q_5,0.983095300000944
25-35,11,beta_Q_6,0.975058800018706
25-35,11,beta_Q_7,0.962736404057653
25-35,11,beta_Q_8,0.941151100012965
25-35,11,beta_Q_9,0.907147799994951
25-35,11,beta_Q_10,0.848107599906427
25-35,11,beta_Q_11,0.750221225887767
25-35,11,beta_Q_12,0.616204873850281
25-35,11,beta_Q_13,0.447024208628429
25-35,11,beta_Q_14,0.279029953486581
25-35,11,beta_Q_15,0.149287502194982
25-35,11,beta_Q_16,0.0709255058263431
25-35,11,beta_Q_17,0.0340335968057298
25-35,11,h_Q_2,156.03301659
25-35,11,h_Q_3,119.8853895648
25-35,11,h_Q_4,86.296168443884
25-35,11,h_Q_5,59.1551462052292
25-35,11,h_Q_6,40.094301801729
25-35,11,h_Q_7,26.835839800981
25-35,11,h_Q_8,16.9926710646915
25-35,11,h_Q_9,10.7698040533697
25-35,11,h_Q_10,6.58360786540487
25-35,11,h_Q_11,4.00353912341608
25-35,11,h_Q_12,2.60555494335975
25-35,11,h_Q_13,1.80839740357176
25-35,11,h_Q_14,1.38701295622103
25-35,11,h_Q_15,1.17548525513462
25-35,11,h_Q_16,1.07633995359841
25-35,11,h_Q_17,1.03523269166995
25-35,11,P_Q_1,0.2458306653
25-35,11,P_Q_2,0.0619474285562033
25-35,11,P_Q_3,0.0470410209125907
25-35,11,P_Q_4,0.047841618140668
25-35,11,P_Q_5,0.0581952385406371
25-35,11,P_Q_6,0.0579836048005343
25-35,11,P_Q_7,0.0531009223454527
25-35,11,P_Q_8,0.0440684367787978
25-35,11,P_Q_9,0.0387561435463693
25-35,11,P_Q_10,0.033816558554572
25-35,11,P_Q_11,0.0269581076929153
25-35,11,P_Q_12,0.0185859610743795
25-35,11,P_Q_13,0.00903058161539256
25-35,11,P_Q_14,0.00325755898543185
25-35,11,P_Q_15,0.000714998960647717
25-35,11,P_Q_16,9.42372662588089e-05
25-35,11,P_Q_17,1.15970085571844e-11
25-35,11,L_Q,0.64487774970061
25-35,11,beta_NQ_2,0.983665399999646
25-35,11,beta_NQ_3,0.978835400001824
25-35,11,beta_NQ_4,0.972980100144218
25-35,11,beta_NQ_5,0.961216512998593
25-35,11,beta_NQ_6,0.944081100012597
25-35,11,beta_NQ_7,0.923078700404588
25-35,11,beta_NQ_8,0.891839629677109
25-35,11,beta_NQ_9,0.849085600046479
25-35,11,beta_NQ_10,0.781791099620542
25-35,11,beta_NQ_11,0.682715361040902
25-35,11,beta_NQ_12,0.537869174743662
25-35,11,beta_NQ_13,0.372200304897387
25-35,11,beta_NQ_14,0.223064448964196
25-35,11,beta_NQ_15,0.115793400331142
25-35,11,beta_NQ_16,0.0540179978328478
25-35,11,beta_NQ_17,0.025615596515411
25-35,11,h_NQ_2,61.21974214
25-35,11,h_NQ_3,47.24870775
25-35,11,h_NQ_4,37.009759471468
25-35,11,h_NQ_5,25.7841607835389
25-35,11,h_NQ_6,17.8830413343087
25-35,11,h_NQ_7,13.0003003064342
25-35,11,h_NQ_8,9.24552793635446
25-35,11,h_NQ_9,6.62627290904307
25-35,11,h_NQ_10,4.58276448966762
25-35,11,h_NQ_11,3.15174253546158
25-35,11,h_NQ_12,2.16388859600274
25-35,11,h_NQ_13,1.59286473048253
25-35,11,h_NQ_14,1.28710051350432
25-35,11,h_NQ_15,1.13095740269293
25-35,11,h_NQ_16,1.05710256342413
25-35,11,h_NQ_17,1.02628900495952
25-35,11,P_NQ_1,0.5736048857
25-35,11,P_NQ_2,0.14454400060341
25-35,11,P_NQ_3,0.109762384869268
25-35,11,P_NQ_4,0.111630444331245
25-35,11,P_NQ_5,0.135788889355725
25-35,11,P_NQ_6,0.135295084287042
25-35,11,P_NQ_7,0.123902163551665
25-35,11,P_NQ_8,0.102826353852484
25-35,11,P_NQ_9,0.0904310065003603
25-35,11,P_NQ_10,0.0789053085895259
25-35,11,P_NQ_11,0.0629023192056688
25-35,11,P_NQ_12,0.0433671901695921
25-35,11,P_NQ_13,0.0210713480522659
25-35,11,P_NQ_14,0.00760097093641862
25-35,11,P_NQ_15,0.00166833197395107
25-35,11,P_NQ_16,0.000219884237672283
25-35,11,P_NQ_17,2.29125005838702e-11
25-35,11,L_NQ,1.21846068525891
25-35,11,pi_Q,0.3
25-35,11,pi_NQ,0.7
25-35,11,y,0.349509062668887
25-35,11,nbar,3.22518743143824
25-35,11,Ptot,2.49074364932166
25-35,11,Pret,0.308193357349202
25-35,11,H,136.983936180097
25-35,11,cCheck,0
25-35,11,shareq,0.3
25-35,11,A,0.153982005
25-35,11,A_Q,2
25-35,11,xpop,0.819435551
25-35,11,h_Q_1,100
25-35,11,mig_Q_2,-0.163095072
25-35,11,med_Q_2,58.03301659
25-35,11,mig_Q_3,0.001544065
25-35,11,med_Q_3,47.68481933
25-35,11,mig_Q_4,0.002340627
25-35,11,med_Q_4,8.063898437
25-35,11,mig_Q_5,0.001952912
25-35,11,med_Q_5,-4.874542666
25-35,11,mig_Q_6,0.001314958
25-35,11,med_Q_6,-9.68474021
25-35,11,mig_Q_7,0.000524005
25-35,11,med_Q_7,-9.84849524
25-35,11,mig_Q_8,0.000824709
25-35,11,med_Q_8,-8.837246837
25-35,11,mig_Q_9,0.001164841
25-35,11,med_Q_9,-5.351825415
25-35,11,mig_Q_10,0.001873425
25-35,11,med_Q_10,-3.503179674
25-35,11,mig_Q_11,0.00249952
25-35,11,med_Q_11,-2.132970663
25-35,11,mig_Q_12,0.002878331
25-35,11,med_Q_12,-1.200500884
25-35,11,mig_Q_13,0.002055728
25-35,11,med_Q_13,-0.672963903
25-35,11,mig_Q_14,0.001045254
25-35,11,med_Q_14,-0.36593168
25-35,11,mig_Q_15,0.000295565
25-35,11,med_Q_15,-0.180693509
25-35,11,mig_Q_16,5.41122e-05
25-35,11,med_Q_16,-0.083815621
25-35,11,mig_Q_17,-2.4262e-06
25-35,11,med_Q_17,-0.026725523
25-35,11,h_NQ_1,100
25-35,11,mig_NQ_2,-0.369660453
25-35,11,med_NQ_2,-36.78025786
25-35,11,mig_NQ_3,0.005608628
25-35,11,med_NQ_3,18.45871022
25-35,11,mig_NQ_4,0.007610902
25-35,11,med_NQ_4,5.583790079
25-35,11,mig_NQ_5,0.007918611
25-35,11,med_NQ_5,-2.024357697
25-35,11,mig_NQ_6,0.007487541
25-35,11,med_NQ_6,-3.991958667
25-35,11,mig_NQ_7,0.006277105
25-35,11,med_NQ_7,-3.541542961
25-35,11,mig_NQ_8,0.007279668
25-35,11,med_NQ_8,-3.38698454
25-35,11,mig_NQ_9,0.008482748
25-35,11,med_NQ_9,-2.231579353
25-35,11,mig_NQ_10,0.010392513
25-35,11,med_NQ_10,-1.679432409
25-35,11,mig_NQ_11,0.011079465
25-35,11,med_NQ_11,-1.154376856
25-35,11,mig_NQ_12,0.01147975
25-35,11,med_NQ_12,-0.844513751
25-35,11,mig_NQ_13,0.007552034
25-35,11,med_NQ_13,-0.476456256
25-35,11,mig_NQ_14,0.003484826
25-35,11,med_NQ_14,-0.259344275
25-35,11,mig_NQ_15,0.000911033
25-35,11,med_NQ_15,-0.12735678
25-35,11,mig_NQ_16,0.000148783
25-35,11,med_NQ_16,-0.056735807
25-35,11,mig_NQ_17,-4.24839e-06
25-35,11,med_NQ_17,-0.014725917
25-35,12,beta_Q_2,0.994794700000283
25-35,12,beta_Q_3,0.993151300000353
25-35,12,beta_Q_4,0.990040699999411
25-35,12,beta_Q_5,0.985406799999085
25-35,12,beta_Q_6,0.977888601593333
25-35,12,beta_Q_7,0.965888600186084
25-35,12,beta_Q_8,0.944514900010858
25-35,12,beta_Q_9,0.912696100054757
25-35,12,beta_Q_10,0.85859640011135
25-35,12,beta_Q_11,0.767505400001658
25-35,12,beta_Q_12,0.638155199373967
25-35,12,beta_Q_13,0.470897593289184
25-35,12,beta_Q_14,0.297350425750987
25-35,12,beta_Q_15,0.160490828553725
25-35,12,beta_Q_16,0.0768615017820746
25-35,12,beta_Q_17,0.0364280247042793
25-35,12,h_Q_2,192.11188596
25-35,12,h_Q_3,146.0131119812
25-35,12,h_Q_4,100.408663253504
25-35,12,h_Q_5,68.5250664650063
25-35,12,h_Q_6,45.2255397711246
25-35,12,h_Q_7,29.3157126396944
25-35,12,h_Q_8,18.0228565869614
25-35,12,h_Q_9,11.4542420253977
25-35,12,h_Q_10,7.07195573430226
25-35,12,h_Q_11,4.30117516309678
25-35,12,h_Q_12,2.76361577694776
25-35,12,h_Q_13,1.88998546249255
25-35,12,h_Q_14,1.42318386650033
25-35,12,h_Q_15,1.19117217809661
25-35,12,h_Q_16,1.08326107103193
25-35,12,h_Q_17,1.03779881652644
25-35,12,P_Q_1,0.264807645
25-35,12,P_Q_2,0.0617253131497558
25-35,12,P_Q_3,0.0621279115011714
25-35,12,P_Q_4,0.0470734635690739
25-35,12,P_Q_5,0.0475125439385306
25-35,12,P_Q_6,0.0571084784582359
25-35,12,P_Q_7,0.0559398941799664
25-35,12,P_Q_8,0.0503188094771259
25-35,12,P_Q_9,0.040765321473103
25-35,12,P_Q_10,0.0343554498847402
25-35,12,P_Q_11,0.0278630880141164
25-35,12,P_Q_12,0.0195343213501552
25-35,12,P_Q_13,0.0108637735408733
25-35,12,P_Q_14,0.00375782376809976
25-35,12,P_Q_15,0.000857172844187942
25-35,12,P_Q_16,0.000128705962949249
25-35,12,P_Q_17,5.31239265016876e-11
25-35,12,L_Q,0.673752050679904
25-35,12,beta_NQ_2,0.9858635999994
25-35,12,beta_NQ_3,0.9818701999993
25-35,12,beta_NQ_4,0.976348704006461
25-35,12,beta_NQ_5,0.966116906483536
25-35,12,beta_NQ_6,0.949930801722291
25-35,12,beta_NQ_7,0.928669100105706
25-35,12,beta_NQ_8,0.896660599994639
25-35,12,beta_NQ_9,0.856564299964593
25-35,12,beta_NQ_10,0.79491340015851
25-35,12,beta_NQ_11,0.702279799376932
25-35,12,beta_NQ_12,0.560721899993885
25-35,12,beta_NQ_13,0.394610637288873
25-35,12,beta_NQ_14,0.238564330831283
25-35,12,beta_NQ_15,0.124762311463605
25-35,12,beta_NQ_16,0.0583731004118958
25-35,12,beta_NQ_17,0.0272748173711475
25-35,12,h_NQ_2,70.73936787
25-35,12,h_NQ_3,55.1578064822
25-35,12,h_NQ_4,42.280973987
25-35,12,h_NQ_5,29.5132381610386
25-35,12,h_NQ_6,19.9723582498681
25-35,12,h_NQ_7,14.0191698136225
25-35,12,h_NQ_8,9.67685122930548
25-35,12,h_NQ_9,6.97176504662737
25-35,12,h_NQ_10,4.87598897486221
25-35,12,h_NQ_11,3.35885840987426
25-35,12,h_NQ_12,2.27646222275234
25-35,12,h_NQ_13,1.65182638508269
25-35,12,h_NQ_14,1.31330835787288
25-35,12,h_NQ_15,1.14254676423424
25-35,12,h_NQ_16,1.06199175063907
25-35,12,h_NQ_17,1.02803661115565
25-35,12,P_NQ_1,0.617884505
25-35,12,P_NQ_2,0.144025731333841
25-35,12,P_NQ_3,0.144965127648503
25-35,12,P_NQ_4,0.109838085222169
25-35,12,P_NQ_5,0.110862607444563
25-35,12,P_NQ_6,0.133253115032442
25-35,12,P_NQ_7,0.130526425574811
25-35,12,P_NQ_8,0.11741056965811
25-35,12,P_NQ_9,0.0951190853614283
25-35,12,P_NQ_10,0.080162720011709
25-35,12,P_NQ_11,0.0650138712417419
25-35,12,P_NQ_12,0.0455801145206155
25-35,12,P_NQ_13,0.0253487774036651
25-35,12,P_NQ_14,0.00876827064221149
25-35,12,P_NQ_15,0.00200007027054609
25-35,12,P_NQ_16,0.000300312952953359
25-35,12,P_NQ_17,3.59123119400391e-11
25-35,12,L_NQ,1.27628793028872
25-35,12,pi_Q,0.3
25-35,12,pi_NQ,0.7
25-35,12,y,0.479589473186861
25-35,12,nbar,3.50875732004263
25-35,12,Ptot,2.61579910552043
25-35,12,Pret,0.324534472497601
25-35,12,H,155.168545991084
25-35,12,cCheck,4.44089209850063e-16
25-35,12,shareq,0.3
25-35,12,A,0.199187605
25-35,12,A_Q,2
25-35,12,xpop,0.88269215
25-35,12,h_Q_1,100
25-35,12,mig_Q_2,-0.182529848
25-35,12,med_Q_2,94.11188596
25-35,12,mig_Q_3,0.000697205
25-35,12,med_Q_3,-6.899244277
25-35,12,mig_Q_4,0.000577554
25-35,12,med_Q_4,-17.07901852
25-35,12,mig_Q_5,0.000479674
25-35,12,med_Q_5,-16.04517861
25-35,12,mig_Q_6,0.000364699
25-35,12,med_Q_6,-12.74650351
25-35,12,mig_Q_7,0.000116967
25-35,12,med_Q_7,-9.976703126
25-35,12,mig_Q_8,0.000342818
25-35,12,med_Q_8,-8.276266418
25-35,12,mig_Q_9,0.000788736
25-35,12,med_Q_9,-5.198575618
25-35,12,mig_Q_10,0.00148607
25-35,12,med_Q_10,-3.482452238
25-35,12,mig_Q_11,0.002493188
25-35,12,med_Q_11,-2.150760545
25-35,12,mig_Q_12,0.002922604
25-35,12,med_Q_12,-1.159852564
25-35,12,mig_Q_13,0.002555399
25-35,12,med_Q_13,-0.663458382
25-35,12,mig_Q_14,0.001238021
25-35,12,med_Q_14,-0.349045589
25-35,12,mig_Q_15,0.00037086
25-35,12,med_Q_15,-0.168100519
25-35,12,mig_Q_16,7.79943e-05
25-35,12,med_Q_16,-0.068714479
25-35,12,mig_Q_17,-3.20718e-06
25-35,12,med_Q_17,-0.017014338
25-35,12,h_NQ_1,100
25-35,12,mig_NQ_2,-0.420209548
25-35,12,med_NQ_2,-27.26063213
25-35,12,mig_NQ_3,0.003480343
25-35,12,med_NQ_3,-4.837540815
25-35,12,mig_NQ_4,0.003041469
25-35,12,med_NQ_4,-4.022759608
25-35,12,mig_NQ_5,0.003561581
25-35,12,med_NQ_5,-6.756326121
25-35,12,mig_NQ_6,0.005057391
25-35,12,med_NQ_6,-5.296119318
25-35,12,mig_NQ_7,0.005638415
25-35,12,med_NQ_7,-3.506210694
25-35,12,mig_NQ_8,0.00690971
25-35,12,med_NQ_8,-3.063443071
25-35,12,mig_NQ_9,0.007810709
25-35,12,med_NQ_9,-2.088852331
25-35,12,mig_NQ_10,0.009464564
25-35,12,med_NQ_10,-1.617758476
25-35,12,mig_NQ_11,0.011144005
25-35,12,med_NQ_11,-1.13225079
25-35,12,mig_NQ_12,0.011746896
25-35,12,med_NQ_12,-0.812245462
25-35,12,mig_NQ_13,0.009207496
25-35,12,med_NQ_13,-0.468784439
25-35,12,mig_NQ_14,0.004068002
25-35,12,med_NQ_14,-0.247699078
25-35,12,mig_NQ_15,0.001119928
25-35,12,med_NQ_15,-0.118811739
25-35,12,mig_NQ_16,0.000210193
25-35,12,med_NQ_16,-0.046346504
25-35,12,mig_NQ_17,-5.63243e-06
25-35,12,med_NQ_17,-0.007923901
25-35,13,beta_Q_2,0.99543669999992
25-35,13,beta_Q_3,0.993858200189183
25-35,13,beta_Q_4,0.990898000056964
25-35,13,beta_Q_5,0.986666900084058
25-35,13,beta_Q_6,0.980067900403587
25-35,13,beta_Q_7,0.968515800076275
25-35,13,beta_Q_8,0.94732200001555
25-35,13,beta_Q_9,0.916073500002183
25-35,13,beta_Q_10,0.865978800079766
25-35,13,beta_Q_11,0.781981500048058
25-35,13,beta_Q_12,0.656456599521037
25-35,13,beta_Q_13,0.489528404327301
25-35,13,beta_Q_14,0.316434817275691
25-35,13,beta_Q_15,0.176402616092727
25-35,13,beta_Q_16,0.0835971053138845
25-35,13,beta_Q_17,0.0394349000538824
25-35,13,h_Q_2,219.1396577
25-35,13,h_Q_3,162.8187176408
25-35,13,h_Q_4,109.865963531576
25-35,13,h_Q_5,75.0013125184339
25-35,13,h_Q_6,50.1703282557062
25-35,13,h_Q_7,31.7619631457021
25-35,13,h_Q_8,18.9832567719005
25-35,13,h_Q_9,11.9151876942221
25-35,13,h_Q_10,7.46150609388974
25-35,13,h_Q_11,4.58676671861621
25-35,13,h_Q_12,2.91084037283484
25-35,13,h_Q_13,1.9589693814088
25-35,13,h_Q_14,1.4629173892427
25-35,13,h_Q_15,1.21418532917032
25-35,13,h_Q_16,1.09122308853468
25-35,13,h_Q_17,1.04105385461129
25-35,13,P_Q_1,0.2950376742
25-35,13,P_Q_2,0.0600938417655564
25-35,13,P_Q_3,0.0632528059976088
25-35,13,P_Q_4,0.0631999499921212
25-35,13,P_Q_5,0.0475806151004746
25-35,13,P_Q_6,0.0475054961501915
25-35,13,P_Q_7,0.0560209943167826
25-35,13,P_Q_8,0.053701097558009
25-35,13,P_Q_9,0.0471131771691711
25-35,13,P_Q_10,0.0367819982661882
25-35,13,P_Q_11,0.0289928733060244
25-35,13,P_Q_12,0.0209122024868229
25-35,13,P_Q_13,0.0120588959103256
25-35,13,P_Q_14,0.00491457868764098
25-35,13,P_Q_15,0.00107203225010121
25-35,13,P_Q_16,0.000154475992091097
25-35,13,P_Q_17,1.41993639979033e-05
25-35,13,L_Q,0.713459623484356
25-35,13,beta_NQ_2,0.987370000517705
25-35,13,beta_NQ_3,0.983264100037819
25-35,13,beta_NQ_4,0.97793440001489
25-35,13,beta_NQ_5,0.968845500110594
25-35,13,beta_NQ_6,0.954518500483554
25-35,13,beta_NQ_7,0.933515000027073
25-35,13,beta_NQ_8,0.900877300011999
25-35,13,beta_NQ_9,0.8608113206286
25-35,13,beta_NQ_10,0.804067599919317
25-35,13,beta_NQ_11,0.718815200189958
25-35,13,beta_NQ_12,0.580001798526363
25-35,13,beta_NQ_13,0.412395592996297
25-35,13,beta_NQ_14,0.255122082688129
25-35,13,beta_NQ_15,0.1373123384164
25-35,13,beta_NQ_16,0.0635136030540818
25-35,13,beta_NQ_17,0.0294936500570758
25-35,13,h_NQ_2,79.17656374
25-35,13,h_NQ_3,59.7517910566
25-35,13,h_NQ_4,45.319411208556
25-35,13,h_NQ_5,32.09809177126
25-35,13,h_NQ_6,21.9869617298179
25-35,13,h_NQ_7,15.0409866828707
25-35,13,h_NQ_8,10.0885064683501
25-35,13,h_NQ_9,7.18448610771937
25-35,13,h_NQ_10,5.10380110469482
25-35,13,h_NQ_11,3.55638000536496
25-35,13,h_NQ_12,2.38096257667678
25-35,13,h_NQ_13,1.7018237932973
25-35,13,h_NQ_14,1.34250154638103
25-35,13,h_NQ_15,1.15916802771542
25-35,13,h_NQ_16,1.06782116894955
25-35,13,h_NQ_17,1.03038459962629
25-35,13,P_NQ_1,0.6884212398
25-35,13,P_NQ_2,0.140218964483147
25-35,13,P_NQ_3,0.147589880629804
25-35,13,P_NQ_4,0.147466550505747
25-35,13,P_NQ_5,0.111021439108917
25-35,13,P_NQ_6,0.110846162570838
25-35,13,P_NQ_7,0.13071565442346
25-35,13,P_NQ_8,0.125302564071066
25-35,13,P_NQ_9,0.109930758407643
25-35,13,P_NQ_10,0.0858246655646206
25-35,13,P_NQ_11,0.0676500409273322
25-35,13,P_NQ_12,0.0487951394086273
25-35,13,P_NQ_13,0.0281373890386799
25-35,13,P_NQ_14,0.0114673381186965
25-35,13,P_NQ_15,0.00250140671286077
25-35,13,P_NQ_16,0.000360443302733435
25-35,13,P_NQ_17,3.31310809459929e-05
25-35,13,L_NQ,1.35781155962384
25-35,13,pi_Q,0.3
25-35,13,pi_NQ,0.7
25-35,13,y,0.62588539738724
25-35,13,nbar,3.81809807180104
25-35,13,Ptot,2.79468967666823
25-35,13,Pret,0.349670810417689
25-35,13,H,174.693858781376
25-35,13,cCheck,-1.33226762955019e-15
25-35,13,shareq,0.3
25-35,13,A,0.245020185
25-35,13,A_Q,2
25-35,13,xpop,0.983458914
25-35,13,h_Q_1,100
25-35,13,mig_Q_2,-0.2033354
25-35,13,med_Q_2,121.1396577
25-35,13,mig_Q_3,0.001950231
25-35,13,med_Q_3,-25.4509306
25-35,13,mig_Q_4,0.001690789
25-35,13,med_Q_4,-33.22688621
25-35,13,mig_Q_5,0.001194104
25-35,13,med_Q_5,-23.39917747
25-35,13,mig_Q_6,0.001043521
25-35,13,med_Q_6,-16.98423688
25-35,13,mig_Q_7,0.000860566
25-35,13,med_Q_7,-12.55906583
25-35,13,mig_Q_8,0.000865034
25-35,13,med_Q_8,-9.746141615
25-35,13,mig_Q_9,0.001187396
25-35,13,med_Q_9,-5.747211761
25-35,13,mig_Q_10,0.00178104
25-35,13,med_Q_10,-3.763651091
25-35,13,mig_Q_11,0.00262488
25-35,13,med_Q_11,-2.343749901
25-35,13,mig_Q_12,0.003131228
25-35,13,med_Q_12,-1.304311287
25-35,13,mig_Q_13,0.002860231
25-35,13,med_Q_13,-0.74937408
25-35,13,mig_Q_14,0.001684231
25-35,13,med_Q_14,-0.389268364
25-35,13,mig_Q_15,0.000468936
25-35,13,med_Q_15,-0.18053486
25-35,13,mig_Q_16,8.85924e-05
25-35,13,med_Q_16,-0.076125646
25-35,13,mig_Q_17,9.51086e-06
25-35,13,med_Q_17,-0.020541995
25-35,13,h_NQ_1,100
25-35,13,mig_NQ_2,-0.468930878
25-35,13,med_NQ_2,-18.82343626
25-35,13,mig_NQ_3,0.006175307
25-35,13,med_NQ_3,-9.572789456
25-35,13,mig_NQ_4,0.005930036
25-35,13,med_NQ_4,-8.735239144
25-35,13,mig_NQ_5,0.004905008
25-35,13,med_NQ_5,-9.337262736
25-35,13,mig_NQ_6,0.005534357
25-35,13,med_NQ_6,-6.936011668
25-35,13,mig_NQ_7,0.006967604
25-35,13,med_NQ_7,-4.531924402
25-35,13,mig_NQ_8,0.008264661
25-35,13,med_NQ_8,-3.650279949
25-35,13,mig_NQ_9,0.009361056
25-35,13,med_NQ_9,-2.298828097
25-35,13,mig_NQ_10,0.01021323
25-35,13,med_NQ_10,-1.728528641
25-35,13,mig_NQ_11,0.011353382
25-35,13,med_NQ_11,-1.22208919
25-35,13,mig_NQ_12,0.012340438
25-35,13,med_NQ_12,-0.910718665
25-35,13,mig_NQ_13,0.010150991
25-35,13,med_NQ_13,-0.529109185
25-35,13,mig_NQ_14,0.005420024
25-35,13,med_NQ_14,-0.276288311
25-35,13,mig_NQ_15,0.001407457
25-35,13,med_NQ_15,-0.127874163
25-35,13,mig_NQ_16,0.000243693
25-35,13,med_NQ_16,-0.05187466
25-35,13,mig_NQ_17,2.49401e-05
25-35,13,med_NQ_17,-0.010367316
25-35,14,beta_Q_2,0.995754800004843
25-35,14,beta_Q_3,0.994171300000187
25-35,14,beta_Q_4,0.990976500051843
25-35,14,beta_Q_5,0.986639900000631
25-35,14,beta_Q_6,0.980200900038177
25-35,14,beta_Q_7,0.970047399997429
25-35,14,beta_Q_8,0.949007699996581
25-35,14,beta_Q_9,0.91748150702083
25-35,14,beta_Q_10,0.86633560001034
25-35,14,beta_Q_11,0.788424382100547
25-35,14,beta_Q_12,0.672029899979871
25-35,14,beta_Q_13,0.511739889190151
25-35,14,beta_Q_14,0.336314032157484
25-35,14,beta_Q_15,0.191642504856973
25-35,14,beta_Q_16,0.0944234196908989
25-35,14,beta_Q_17,0.0447936033192221
25-35,14,h_Q_2,235.5601621
25-35,14,h_Q_3,171.564842926
25-35,14,h_Q_4,110.821743227984
25-35,14,h_Q_5,74.8497391509444
25-35,14,h_Q_6,50.5073462880652
25-35,14,h_Q_7,33.3860833405921
25-35,14,h_Q_8,19.6108039827881
25-35,14,h_Q_9,12.1184946444625
25-35,14,h_Q_10,7.48142362533768
25-35,14,h_Q_11,4.72643847201194
25-35,14,h_Q_12,3.04905843524389
25-35,14,h_Q_13,2.04807990037814
25-35,14,h_Q_14,1.50673547978063
25-35,14,h_Q_15,1.23707626845785
25-35,14,h_Q_16,1.10426881758691
25-35,14,h_Q_17,1.04689416076398
25-35,14,P_Q_1,0.3198031971
25-35,14,P_Q_2,0.0561084727812994
25-35,14,P_Q_3,0.0615593454195694
25-35,14,P_Q_4,0.0644478859610217
25-35,14,P_Q_5,0.0636490937441937
25-35,14,P_Q_6,0.0473664005414334
25-35,14,P_Q_7,0.0467254316119231
25-35,14,P_Q_8,0.0539476863790343
25-35,14,P_Q_9,0.050298217393924
25-35,14,P_Q_10,0.0425283796329042
25-35,14,P_Q_11,0.0313991051789589
25-35,14,P_Q_12,0.0222572730208171
25-35,14,P_Q_13,0.0132743451143438
25-35,14,P_Q_14,0.00564669852393046
25-35,14,P_Q_15,0.00150230853749343
25-35,14,P_Q_16,0.000191967792911592
25-35,14,P_Q_17,2.04586453088367e-05
25-35,14,L_Q,0.737644223443022
25-35,14,beta_NQ_2,0.988142700004068
25-35,14,beta_NQ_3,0.983934500001772
25-35,14,beta_NQ_4,0.977790400038823
25-35,14,beta_NQ_5,0.968400001242472
25-35,14,beta_NQ_6,0.954638500008699
25-35,14,beta_NQ_7,0.936549199995969
25-35,14,beta_NQ_8,0.903564358072179
25-35,14,beta_NQ_9,0.862200001433298
25-35,14,beta_NQ_10,0.803860918221978
25-35,14,beta_NQ_11,0.726096436615858
25-35,14,beta_NQ_12,0.596541539489888
25-35,14,beta_NQ_13,0.433744041227652
25-35,14,beta_NQ_14,0.272212721431368
25-35,14,beta_NQ_15,0.149810141058438
25-35,14,beta_NQ_16,0.0716882050066691
25-35,14,beta_NQ_17,0.033394703023271
25-35,14,h_NQ_2,84.33623169
25-35,14,h_NQ_3,62.2451837852
25-35,14,h_NQ_4,45.025574525468
25-35,14,h_NQ_5,31.6455696143849
25-35,14,h_NQ_6,22.0451263768348
25-35,14,h_NQ_7,15.7602425802215
25-35,14,h_NQ_8,10.3696037822133
25-35,14,h_NQ_9,7.25689404998309
25-35,14,h_NQ_10,5.09841729756498
25-35,14,h_NQ_11,3.65091818560092
25-35,14,h_NQ_12,2.47856291125766
25-35,14,h_NQ_13,1.76598226414324
25-35,14,h_NQ_14,1.37402744643135
25-35,14,h_NQ_15,1.17620781145341
25-35,14,h_NQ_16,1.07722426816111
25-35,14,h_NQ_17,1.03454843757056
25-35,14,P_NQ_1,0.7462074599
25-35,14,P_NQ_2,0.130919770897725
25-35,14,P_NQ_3,0.143638475920757
25-35,14,P_NQ_4,0.150378401361977
25-35,14,P_NQ_5,0.148514554874325
25-35,14,P_NQ_6,0.110521604579769
25-35,14,P_NQ_7,0.109026010455316
25-35,14,P_NQ_8,0.125877934826308
25-35,14,P_NQ_9,0.117362525656164
25-35,14,P_NQ_10,0.0992328940701438
25-35,14,P_NQ_11,0.0732645811590689
25-35,14,P_NQ_12,0.0519336384082348
25-35,14,P_NQ_13,0.0309734504517578
25-35,14,P_NQ_14,0.0131756082929542
25-35,14,P_NQ_15,0.00350538401248975
25-35,14,P_NQ_16,0.000447922353037455
25-35,14,P_NQ_17,4.77384886362366e-05
25-35,14,L_NQ,1.41029811036659
25-35,14,pi_Q,0.3
25-35,14,pi_NQ,0.7
25-35,14,y,0.895371677124216
25-35,14,nbar,4.05139467253644
25-35,14,Ptot,2.93575422308773
25-35,14,Pret,0.389401753682991
25-35,14,H,185.670093636066
25-35,14,cCheck,0
25-35,14,shareq,0.3
25-35,14,A,0.336263838
25-35,14,A_Q,2
25-35,14,xpop,1.066010657
25-35,14,h_Q_1,100
25-35,14,mig_Q_2,-0.237582856
25-35,14,med_Q_2,137.5601621
25-35,14,mig_Q_3,0.001834588
25-35,14,med_Q_3,-43.19202162
25-35,14,mig_Q_4,0.001770807
25-35,14,med_Q_4,-48.74060006
25-35,14,mig_Q_5,0.001291795
25-35,14,med_Q_5,-32.81890511
25-35,14,mig_Q_6,0.000734167
25-35,14,med_Q_6,-22.99393998
25-35,14,mig_Q_7,0.000715608
25-35,14,med_Q_7,-15.78083835
25-35,14,mig_Q_8,0.000877766
25-35,14,med_Q_8,-11.5159199
25-35,14,mig_Q_9,0.001104065
25-35,14,med_Q_9,-6.485096992
25-35,14,mig_Q_10,0.001729367
25-35,14,med_Q_10,-4.195460315
25-35,14,mig_Q_11,0.002636263
25-35,14,med_Q_11,-2.5858375
25-35,14,mig_Q_12,0.00322471
25-35,14,med_Q_12,-1.445972949
25-35,14,mig_Q_13,0.003037228
25-35,14,med_Q_13,-0.804543665
25-35,14,mig_Q_14,0.001830844
25-35,14,med_Q_14,-0.413054514
25-35,14,mig_Q_15,0.000635364
25-35,14,med_Q_15,-0.196582773
25-35,14,mig_Q_16,0.000102349
25-35,14,med_Q_16,-0.085632805
25-35,14,mig_Q_17,1.43669e-05
25-35,14,med_Q_17,-0.022504466
25-35,14,h_NQ_1,100
25-35,14,mig_NQ_2,-0.548806709
25-35,14,med_NQ_2,-13.66376831
25-35,14,mig_NQ_3,0.005766202
25-35,14,med_NQ_3,-15.34784868
25-35,14,mig_NQ_4,0.00604518
25-35,14,med_NQ_4,-13.53118071
25-35,14,mig_NQ_5,0.005642251
25-35,14,med_NQ_5,-12.76745337
25-35,14,mig_NQ_6,0.004549587
25-35,14,med_NQ_6,-9.411003559
25-35,14,mig_NQ_7,0.005549455
25-35,14,med_NQ_7,-5.786979915
25-35,14,mig_NQ_8,0.008119169
25-35,14,med_NQ_8,-4.370563167
25-35,14,mig_NQ_9,0.00950066
25-35,14,med_NQ_9,-2.629842289
25-35,14,mig_NQ_10,0.010841133
25-35,14,med_NQ_10,-1.942379088
25-35,14,mig_NQ_11,0.011572507
25-35,14,med_NQ_11,-1.350806897
25-35,14,mig_NQ_12,0.012696493
25-35,14,med_NQ_12,-1.006689494
25-35,14,mig_NQ_13,0.01085055
25-35,14,med_NQ_13,-0.567361061
25-35,14,mig_NQ_14,0.005997139
25-35,14,med_NQ_14,-0.293759871
25-35,14,mig_NQ_15,0.001930777
25-35,14,med_NQ_15,-0.139443704
25-35,14,mig_NQ_16,0.000289049
25-35,14,med_NQ_16,-0.058760399
25-35,14,mig_NQ_17,3.71077e-05
25-35,14,med_NQ_17,-0.011916308
25-35,15,beta_Q_2,0.995943800000819
25-35,15,beta_Q_3,0.994638400018662
25-35,15,beta_Q_4,0.991469000000774
25-35,15,beta_Q_5,0.986982900000344
25-35,15,beta_Q_6,0.981193400001437
25-35,15,beta_Q_7,0.971546499995241
25-35,15,beta_Q_8,0.954140501122299
25-35,15,beta_Q_9,0.924845900633453
25-35,15,beta_Q_10,0.876465100316861
25-35,15,beta_Q_11,0.799466700027591
25-35,15,beta_Q_12,0.688078000406597
25-35,15,beta_Q_13,0.531831587428912
25-35,15,beta_Q_14,0.357684185180722
25-35,15,beta_Q_15,0.203602537720793
25-35,15,beta_Q_16,0.100828305865785
25-35,15,beta_Q_17,0.0474932096030305
25-35,15,h_Q_2,246.5361669
25-35,15,h_Q_3,186.511489138
25-35,15,h_Q_4,117.21955221748
25-35,15,h_Q_5,76.8220264134243
25-35,15,h_Q_6,53.1728223079256
25-35,15,h_Q_7,35.1450612323039
25-35,15,h_Q_8,21.8057327237802
25-35,15,h_Q_9,13.3059939501323
25-35,15,h_Q_10,8.09487845557326
25-35,15,h_Q_11,4.98670295683093
25-35,15,h_Q_12,3.2059296915717
25-35,15,h_Q_13,2.13597624753901
25-35,15,h_Q_14,1.55686463237058
25-35,15,h_Q_15,1.25565436418501
25-35,15,h_Q_16,1.11213465008869
25-35,15,h_Q_17,1.04985289623517
25-35,15,P_Q_1,0.3220408704
25-35,15,P_Q_2,0.0643385065692199
25-35,15,P_Q_3,0.0571512833260096
25-35,15,P_Q_4,0.0621299456693674
25-35,15,P_Q_5,0.0643568587598345
25-35,15,P_Q_6,0.062751466974673
25-35,15,P_Q_7,0.0461707546924543
25-35,15,P_Q_8,0.0447023903853787
25-35,15,P_Q_9,0.0503728815993235
25-35,15,P_Q_10,0.0452248723454157
25-35,15,P_Q_11,0.03596110543381
25-35,15,P_Q_12,0.0240711345128732
25-35,15,P_Q_13,0.0143779764293479
25-35,15,P_Q_14,0.00649612752965496
25-35,15,P_Q_15,0.0018348424492982
25-35,15,P_Q_16,0.000296447109540962
25-35,15,P_Q_17,2.06077291657484e-05
25-35,15,L_Q,0.747703510728542
25-35,15,beta_NQ_2,0.988587100000126
25-35,15,beta_NQ_3,0.985280700071966
25-35,15,beta_NQ_4,0.978758600003395
25-35,15,beta_NQ_5,0.968898802060581
25-35,15,beta_NQ_6,0.956626799989653
25-35,15,beta_NQ_7,0.939580000015417
25-35,15,beta_NQ_8,0.912634501171517
25-35,15,beta_NQ_9,0.873406100396887
25-35,15,beta_NQ_10,0.817039600162777
25-35,15,beta_NQ_11,0.73878769996807
25-35,15,beta_NQ_12,0.613765999741137
25-35,15,beta_NQ_13,0.453317998936572
25-35,15,beta_NQ_14,0.290875336209447
25-35,15,beta_NQ_15,0.159068812728285
25-35,15,beta_NQ_16,0.0763640019877916
25-35,15,beta_NQ_17,0.0352194375296104
25-35,15,h_NQ_2,87.62014913
25-35,15,h_NQ_3,67.9380133562
25-35,15,h_NQ_4,47.077876229496
25-35,15,h_NQ_5,32.1531002049586
25-35,15,h_NQ_6,23.0557118160972
25-35,15,h_NQ_7,16.5508109932981
25-35,15,h_NQ_8,11.4461658196171
25-35,15,h_NQ_9,7.89927476256906
25-35,15,h_NQ_10,5.46566360898343
25-35,15,h_NQ_11,3.82830364361368
25-35,15,h_NQ_12,2.58910401288891
25-35,15,h_NQ_13,1.82921397603251
25-35,15,h_NQ_14,1.41018860486038
25-35,15,h_NQ_15,1.18915792450272
25-35,15,h_NQ_16,1.08267759322434
25-35,15,h_NQ_17,1.03650143379789
25-35,15,P_NQ_1,0.7514286976
25-35,15,P_NQ_2,0.150123183188763
25-35,15,P_NQ_3,0.1333529963186
25-35,15,P_NQ_4,0.144969875831524
25-35,15,P_NQ_5,0.150166003065779
25-35,15,P_NQ_6,0.146420089894685
25-35,15,P_NQ_7,0.107731763351454
25-35,15,P_NQ_8,0.104305586150229
25-35,15,P_NQ_9,0.117536723587663
25-35,15,P_NQ_10,0.105524741638815
25-35,15,P_NQ_11,0.0839092477794103
25-35,15,P_NQ_12,0.0561660670347128
25-35,15,P_NQ_13,0.0335485631988433
25-35,15,P_NQ_14,0.0151576102395926
25-35,15,P_NQ_15,0.00428129173689819
25-35,15,P_NQ_16,0.000691709687714465
25-35,15,P_NQ_17,4.80847339571705e-05
25-35,15,L_NQ,1.42825967753731
25-35,15,pi_Q,0.3
25-35,15,pi_NQ,0.7
25-35,15,y,1.18116143790509
25-35,15,nbar,4.15517171047554
25-35,15,Ptot,3.00766030695401
25-35,15,Pret,0.42761042958905
25-35,15,H,193.847292624012
25-35,15,cCheck,-4.44089209850063e-16
25-35,15,shareq,0.3
25-35,15,A,0.435809785
25-35,15,A_Q,2
25-35,15,xpop,1.073469568
25-35,15,h_Q_1,100
25-35,15,mig_Q_2,-0.254107062
25-35,15,med_Q_2,148.5361669
25-35,15,mig_Q_3,0.00136985
25-35,15,med_Q_3,-44.33746972
25-35,15,mig_Q_4,0.001126081
25-35,15,med_Q_4,-50.91399385
25-35,15,mig_Q_5,0.000770003
25-35,15,med_Q_5,-31.78328195
25-35,15,mig_Q_6,0.000362568
25-35,15,med_Q_6,-20.17992206
25-35,15,mig_Q_7,0.000223101
25-35,15,med_Q_7,-14.35213813
25-35,15,mig_Q_8,0.000359596
25-35,15,med_Q_8,-10.91262895
25-35,15,mig_Q_9,0.000876877
25-35,15,med_Q_9,-5.912593953
25-35,15,mig_Q_10,0.001649736
25-35,15,med_Q_10,-3.781246296
25-35,15,mig_Q_11,0.002430694
25-35,15,med_Q_11,-2.345092196
25-35,15,mig_Q_12,0.002969997
25-35,15,med_Q_12,-1.425980011
25-35,15,mig_Q_13,0.002988042
25-35,15,med_Q_13,-0.852101019
25-35,15,mig_Q_14,0.002031779
25-35,15,med_Q_14,-0.45025367
25-35,15,mig_Q_15,0.000752695
25-35,15,med_Q_15,-0.220946406
25-35,15,mig_Q_16,0.000154594
25-35,15,med_Q_16,-0.100200093
25-35,15,mig_Q_17,1.20088e-05
25-35,15,med_Q_17,-0.032330545
25-35,15,h_NQ_1,100
25-35,15,mig_NQ_2,-0.587236271
25-35,15,med_NQ_2,-10.37985087
25-35,15,mig_NQ_3,0.004536517
25-35,15,med_NQ_3,-14.7114937
25-35,15,mig_NQ_4,0.004521553
25-35,15,med_NQ_4,-13.92240388
25-35,15,mig_NQ_5,0.004539559
25-35,15,med_NQ_5,-11.97196283
25-35,15,mig_NQ_6,0.004642378
25-35,15,med_NQ_6,-7.956946406
25-35,15,mig_NQ_7,0.004222843
25-35,15,med_NQ_7,-5.053412856
25-35,15,mig_NQ_8,0.005793569
25-35,15,med_NQ_8,-3.998871909
25-35,15,mig_NQ_9,0.009004768
25-35,15,med_NQ_9,-2.262936944
25-35,15,mig_NQ_10,0.011181594
25-35,15,med_NQ_10,-1.64609256
25-35,15,mig_NQ_11,0.011856597
25-35,15,med_NQ_11,-1.168145308
25-35,15,mig_NQ_12,0.012460701
25-35,15,med_NQ_12,-0.988795809
25-35,15,mig_NQ_13,0.011022657
25-35,15,med_NQ_13,-0.599777677
25-35,15,mig_NQ_14,0.006726243
25-35,15,med_NQ_14,-0.320474014
25-35,15,mig_NQ_15,0.002307452
25-35,15,med_NQ_15,-0.157388973
25-35,15,mig_NQ_16,0.000440415
25-35,15,med_NQ_16,-0.070006062
25-35,15,mig_NQ_17,3.31265e-05
25-35,15,med_NQ_17,-0.019178349
25-35,16,beta_Q_2,0.996367900125476
25-35,16,beta_Q_3,0.99519130014795
25-35,16,beta_Q_4,0.992379100316725
25-35,16,beta_Q_5,0.987635500000372
25-35,16,beta_Q_6,0.981419000404811
25-35,16,beta_Q_7,0.97284790000392
25-35,16,beta_Q_8,0.956876000003725
25-35,16,beta_Q_9,0.932060901082042
25-35,16,beta_Q_10,0.888214701649101
25-35,16,beta_Q_11,0.81449630047874
25-35,16,beta_Q_12,0.705271800083121
25-35,16,beta_Q_13,0.553437200726719
25-35,16,beta_Q_14,0.374711643560468
25-35,16,beta_Q_15,0.218074889403826
25-35,16,beta_Q_16,0.107752400046906
25-35,16,beta_Q_17,0.0502324586580444
25-35,16,h_Q_2,275.322816
25-35,16,h_Q_3,207.956412382
25-35,16,h_Q_4,131.21809762524
25-35,16,h_Q_5,80.8767034631304
25-35,16,h_Q_6,53.8184166651558
25-35,16,h_Q_7,36.829563831767
25-35,16,h_Q_8,23.1889435076578
25-35,16,h_Q_9,14.7190645703046
25-35,16,h_Q_10,8.94572005312967
25-35,16,h_Q_11,5.39072805946179
25-35,16,h_Q_12,3.39295662969431
25-35,16,h_Q_13,2.23932670074027
25-35,16,h_Q_14,1.59926126858823
25-35,16,h_Q_15,1.27889470372317
25-35,16,h_Q_16,1.12076512890131
25-35,16,h_Q_17,1.05288050608692
25-35,16,P_Q_1,0.3194008092
25-35,16,P_Q_2,0.0826164572217474
25-35,16,P_Q_3,0.064891756233599
25-35,16,P_Q_4,0.0568665687279996
25-35,16,P_Q_5,0.061326389673616
25-35,16,P_Q_6,0.0628653580599743
25-35,16,P_Q_7,0.0607462951088105
25-35,16,P_Q_8,0.0441633460194531
25-35,16,P_Q_9,0.0419227554964337
25-35,16,P_Q_10,0.0457472167242004
25-35,16,P_Q_11,0.0388704704531585
25-35,16,P_Q_12,0.0280014015193068
25-35,16,P_Q_13,0.0160127846791962
25-35,16,P_Q_14,0.00728584978367892
25-35,16,P_Q_15,0.00220021205039566
25-35,16,P_Q_16,0.000364675055693365
25-35,16,P_Q_17,2.87895247096415e-05
25-35,16,L_Q,0.771068123299518
25-35,16,beta_NQ_2,0.989680600164088
25-35,16,beta_NQ_3,0.986715900245842
25-35,16,beta_NQ_4,0.980932800543132
25-35,16,beta_NQ_5,0.970029900004466
25-35,16,beta_NQ_6,0.956614903270331
25-35,16,beta_NQ_7,0.941724899980929
25-35,16,beta_NQ_8,0.917262300033683
25-35,16,beta_NQ_9,0.884329000717108
25-35,16,beta_NQ_10,0.832550800768387
25-35,16,beta_NQ_11,0.756334200212729
25-35,16,beta_NQ_12,0.632437799918642
25-35,16,beta_NQ_13,0.474787465734491
25-35,16,beta_NQ_14,0.30667268796001
25-35,16,beta_NQ_15,0.171361734678332
25-35,16,beta_NQ_16,0.0819939018545653
25-35,16,beta_NQ_17,0.0373887680236216
25-35,16,h_NQ_2,96.90485881
25-35,16,h_NQ_3,75.2779638774
25-35,16,h_NQ_4,52.446085419076
25-35,16,h_NQ_5,33.3665887049061
25-35,16,h_NQ_6,23.0493879268595
25-35,16,h_NQ_7,17.1599877077752
25-35,16,h_NQ_8,12.0863886754321
25-35,16,h_NQ_9,8.64520925622474
25-35,16,h_NQ_10,5.97196044631768
25-35,16,h_NQ_11,4.10398176580376
25-35,16,h_NQ_12,2.72062796374141
25-35,16,h_NQ_13,1.90398580263113
25-35,16,h_NQ_14,1.44231982951186
25-35,16,h_NQ_15,1.20679914676317
25-35,16,h_NQ_16,1.08931738101267
25-35,16,h_NQ_17,1.03883573235986
25-35,16,P_NQ_1,0.7452685548
25-35,16,P_NQ_2,0.192771732017256
25-35,16,P_NQ_3,0.151414100029257
25-35,16,P_NQ_4,0.132688661983051
25-35,16,P_NQ_5,0.143094911028034
25-35,16,P_NQ_6,0.146685835980053
25-35,16,P_NQ_7,0.141741356065505
25-35,16,P_NQ_8,0.103047809106582
25-35,16,P_NQ_9,0.0978197702490827
25-35,16,P_NQ_10,0.106743503644507
25-35,16,P_NQ_11,0.0906977951650646
25-35,16,P_NQ_12,0.0653366033508566
25-35,16,P_NQ_13,0.0373631651163134
25-35,16,P_NQ_14,0.0170002795998074
25-35,16,P_NQ_15,0.0051338230646101
25-35,16,P_NQ_16,0.000850909570706809
25-35,16,P_NQ_17,6.71728261350859e-05
25-35,16,L_NQ,1.46637971884011
25-35,16,pi_Q,0.3
25-35,16,pi_NQ,0.7
25-35,16,y,1.57048496811764
25-35,16,nbar,4.31266191362563
25-35,16,Ptot,3.11103711912879
25-35,16,Pret,0.461704652128341
25-35,16,H,212.108026226629
25-35,16,cCheck,0
25-35,16,shareq,0.3
25-35,16,A,0.564562457
25-35,16,A_Q,2
25-35,16,xpop,1.064669364
25-35,16,h_Q_1,100
25-35,16,mig_Q_2,-0.238118151
25-35,16,med_Q_2,177.322816
25-35,16,mig_Q_3,0.000898207
25-35,16,med_Q_3,-33.64903118
25-35,16,mig_Q_4,0.000202843
25-35,16,med_Q_4,-51.56316173
25-35,16,mig_Q_5,5.19572e-06
25-35,16,med_Q_5,-33.99845771
25-35,16,mig_Q_6,-0.000281167
25-35,16,med_Q_6,-21.46716922
25-35,16,mig_Q_7,-0.000219673
25-35,16,med_Q_7,-15.27980203
25-35,16,mig_Q_8,0.000109959
25-35,16,med_Q_8,-11.2532165
25-35,16,mig_Q_9,0.000579933
25-35,16,med_Q_9,-6.650553499
25-35,16,mig_Q_10,0.001597144
25-35,16,med_Q_10,-4.094154018
25-35,16,mig_Q_11,0.002714691
25-35,16,med_Q_11,-2.542252827
25-35,16,mig_Q_12,0.003257356
25-35,16,med_Q_12,-1.494012268
25-35,16,mig_Q_13,0.003210995
25-35,16,med_Q_13,-0.902484397
25-35,16,mig_Q_14,0.002143075
25-35,16,med_Q_14,-0.493995454
25-35,16,mig_Q_15,0.000877584
25-35,16,med_Q_15,-0.246832636
25-35,16,mig_Q_16,0.000179671
25-35,16,med_Q_16,-0.109776148
25-35,16,mig_Q_17,1.47103e-05
25-35,16,med_Q_17,-0.037011451
25-35,16,h_NQ_1,100
25-35,16,mig_NQ_2,-0.550080985
25-35,16,med_NQ_2,-1.09514119
25-35,16,mig_NQ_3,0.003500625
25-35,16,med_NQ_3,-10.58978227
25-35,16,mig_NQ_4,0.00216827
25-35,16,med_NQ_4,-14.13316767
25-35,16,mig_NQ_5,0.002633772
25-35,16,med_NQ_5,-12.76973
25-35,16,mig_NQ_6,0.003033013
25-35,16,med_NQ_6,-8.460650274
25-35,16,mig_NQ_7,0.004167968
25-35,16,med_NQ_7,-5.434609872
25-35,16,mig_NQ_8,0.004728085
25-35,16,med_NQ_8,-4.133406098
25-35,16,mig_NQ_9,0.006718635
25-35,16,med_NQ_9,-2.572033247
25-35,16,mig_NQ_10,0.010711346
25-35,16,med_NQ_10,-1.769328821
25-35,16,mig_NQ_11,0.012737414
25-35,16,med_NQ_11,-1.252368571
25-35,16,mig_NQ_12,0.01383596
25-35,16,med_NQ_12,-1.031109607
25-35,16,mig_NQ_13,0.011902076
25-35,16,med_NQ_13,-0.63333613
25-35,16,mig_NQ_14,0.00724183
25-35,16,med_NQ_14,-0.350309867
25-35,16,mig_NQ_15,0.00272272
25-35,16,med_NQ_15,-0.175185686
25-35,16,mig_NQ_16,0.000523973
25-35,16,med_NQ_16,-0.076057385
25-35,16,mig_NQ_17,4.28112e-05
25-35,16,med_NQ_17,-0.022188309
25-35,17,beta_Q_2,0.99632580006316
25-35,17,beta_Q_3,0.995348600000026
25-35,17,beta_Q_4,0.992990100025498
25-35,17,beta_Q_5,0.989174500003026
25-35,17,beta_Q_6,0.983061600130601
25-35,17,beta_Q_7,0.974372400006731
25-35,17,beta_Q_8,0.960187200091938
25-35,17,beta_Q_9,0.938341600700665
25-35,17,beta_Q_10,0.901011507681763
25-35,17,beta_Q_11,0.832555803034897
25-35,17,beta_Q_12,0.725557000569642
25-35,17,beta_Q_13,0.571257379199914
25-35,17,beta_Q_14,0.391596962159212
25-35,17,beta_Q_15,0.226707911609078
25-35,17,beta_Q_16,0.111483997187932
25-35,17,beta_Q_17,0.0511400632691038
25-35,17,h_Q_2,272.168091
25-35,17,h_Q_3,214.98903556
25-35,17,h_Q_4,142.65538742436
25-35,17,h_Q_5,92.3744861927352
25-35,17,h_Q_6,59.0374533538678
25-35,17,h_Q_7,39.0204311018527
25-35,17,h_Q_8,25.1175501351317
25-35,17,h_Q_9,16.2183903535047
25-35,17,h_Q_10,10.1021835828985
25-35,17,h_Q_11,5.97213877706707
25-35,17,h_Q_12,3.64374387827255
25-35,17,h_Q_13,2.33239470010042
25-35,17,h_Q_14,1.64364630772546
25-35,17,h_Q_15,1.29317239821646
25-35,17,h_Q_16,1.12547213164871
25-35,17,h_Q_17,1.05389536232329
25-35,17,P_Q_1,0.3121457745
25-35,17,P_Q_2,0.0809503505609818
25-35,17,P_Q_3,0.0829762534761282
25-35,17,P_Q_4,0.0644857392690712
25-35,17,P_Q_5,0.0562764400389834
25-35,17,P_Q_6,0.0600175450519161
25-35,17,P_Q_7,0.0608772335716405
25-35,17,P_Q_8,0.0583047278787644
25-35,17,P_Q_9,0.0417330100856894
25-35,17,P_Q_10,0.0382890027655731
25-35,17,P_Q_11,0.0399278397790604
25-35,17,P_Q_12,0.0309830396665769
25-35,17,P_Q_13,0.0191669302732701
25-35,17,P_Q_14,0.00854696686512149
25-35,17,P_Q_15,0.00258360288578867
25-35,17,P_Q_16,0.000466441129042256
25-35,17,P_Q_17,4.1562424658737e-05
25-35,17,L_Q,0.800740901271587
25-35,17,beta_NQ_2,0.989421200000056
25-35,17,beta_NQ_3,0.987054500000795
25-35,17,beta_NQ_4,0.982480300063609
25-35,17,beta_NQ_5,0.973749104257002
25-35,17,beta_NQ_6,0.960130800152651
25-35,17,beta_NQ_7,0.944543500013259
25-35,17,beta_NQ_8,0.922948100035183
25-35,17,beta_NQ_9,0.894130500612635
25-35,17,beta_NQ_10,0.850068405174139
25-35,17,beta_NQ_11,0.777865101497359
25-35,17,beta_NQ_12,0.654689100148069
25-35,17,beta_NQ_13,0.492618373666824
25-35,17,beta_NQ_14,0.321813368040825
25-35,17,beta_NQ_15,0.178567506113897
25-35,17,beta_NQ_16,0.0848333937639328
25-35,17,beta_NQ_17,0.037991978255039
25-35,17,h_NQ_2,94.528680002
25-35,17,h_NQ_3,77.2469197838
25-35,17,h_NQ_4,57.078602939852
25-35,17,h_NQ_5,38.0939320106945
25-35,17,h_NQ_6,25.082018203808
25-35,17,h_NQ_7,18.0321513293223
25-35,17,h_NQ_8,12.9782652936197
25-35,17,h_NQ_9,9.4455910379235
25-35,17,h_NQ_10,6.66970805210024
25-35,17,h_NQ_11,4.50176896539132
25-35,17,h_NQ_12,2.89594102048769
25-35,17,h_NQ_13,1.97090005446658
25-35,17,h_NQ_14,1.4745199985785
25-35,17,h_NQ_15,1.21738548392162
25-35,17,h_NQ_16,1.09269721282791
25-35,17,h_NQ_17,1.03949196339242
25-35,17,P_NQ_1,0.7283401405
25-35,17,P_NQ_2,0.188884152597886
25-35,17,P_NQ_3,0.193611256099357
25-35,17,P_NQ_4,0.150466727183417
25-35,17,P_NQ_5,0.131311693515145
25-35,17,P_NQ_6,0.14004093947156
25-35,17,P_NQ_7,0.142046879216934
25-35,17,P_NQ_8,0.136044367274539
25-35,17,P_NQ_9,0.0973770250533109
25-35,17,P_NQ_10,0.0893410140518534
25-35,17,P_NQ_11,0.093164958456873
25-35,17,P_NQ_12,0.0722937780316652
25-35,17,P_NQ_13,0.0447229313246529
25-35,17,P_NQ_14,0.0199429112769135
25-35,17,P_NQ_15,0.00602839540223967
25-35,17,P_NQ_16,0.00108836218449834
25-35,17,P_NQ_17,9.69766605482363e-05
25-35,17,L_NQ,1.51446053275305
25-35,17,pi_Q,0.3
25-35,17,pi_NQ,0.7
25-35,17,y,1.87662897713507
25-35,17,nbar,4.54764053568269
25-35,17,Ptot,3.19257496852366
25-35,17,Pret,0.466684713178336
25-35,17,H,221.538252777183
25-35,17,cCheck,8.88178419700125e-16
25-35,17,shareq,0.3
25-35,17,A,0.650022108
25-35,17,A_Q,2
25-35,17,xpop,1.040485915
25-35,17,h_Q_1,100
25-35,17,mig_Q_2,-0.237290363
25-35,17,med_Q_2,174.168091
25-35,17,mig_Q_3,0.000757074
25-35,17,med_Q_3,-54.82732412
25-35,17,mig_Q_4,8.85166e-05
25-35,17,med_Q_4,-61.14189671
25-35,17,mig_Q_5,0.000112998
25-35,17,med_Q_5,-36.21924948
25-35,17,mig_Q_6,-0.000169339
25-35,17,med_Q_6,-20.22171604
25-35,17,mig_Q_7,-0.000281198
25-35,17,med_Q_7,-13.72161723
25-35,17,mig_Q_8,0.000178056
25-35,17,med_Q_8,-10.97542242
25-35,17,mig_Q_9,0.000570082
25-35,17,med_Q_9,-6.506774284
25-35,17,mig_Q_10,0.001052595
25-35,17,med_Q_10,-4.322499696
25-35,17,mig_Q_11,0.002666901
25-35,17,med_Q_11,-2.794666875
25-35,17,mig_Q_12,0.003568793
25-35,17,med_Q_12,-1.63916962
25-35,17,mig_Q_13,0.003669913
25-35,17,med_Q_13,-0.992702797
25-35,17,mig_Q_14,0.00254679
25-35,17,med_Q_14,-0.550893859
25-35,17,mig_Q_15,0.000994742
25-35,17,med_Q_15,-0.274103645
25-35,17,mig_Q_16,0.000229363
25-35,17,med_Q_16,-0.127844678
25-35,17,mig_Q_17,2.32439e-05
25-35,17,med_Q_17,-0.044454464
25-35,17,h_NQ_1,100
25-35,17,mig_NQ_2,-0.548693678
25-35,17,med_NQ_2,-3.471319998
25-35,17,mig_NQ_3,0.003400323
25-35,17,med_NQ_3,-17.71984185
25-35,17,mig_NQ_4,0.00193967
25-35,17,med_NQ_4,-16.69380166
25-35,17,mig_NQ_5,0.002599724
25-35,17,med_NQ_5,-13.3032317
25-35,17,mig_NQ_6,0.003154215
25-35,17,med_NQ_6,-7.617238727
25-35,17,mig_NQ_7,0.003909175
25-35,17,med_NQ_7,-4.556248839
25-35,17,mig_NQ_8,0.006030365
25-35,17,med_NQ_8,-3.83852266
25-35,17,mig_NQ_9,0.006248859
25-35,17,med_NQ_9,-2.399069864
25-35,17,mig_NQ_10,0.007901086
25-35,17,med_NQ_10,-1.802597019
25-35,17,mig_NQ_11,0.012431196
25-35,17,med_NQ_11,-1.350752272
25-35,17,mig_NQ_12,0.014933064
25-35,17,med_NQ_12,-1.12596111
25-35,17,mig_NQ_13,0.013701931
25-35,17,med_NQ_13,-0.69531535
25-35,17,mig_NQ_14,0.008484649
25-35,17,med_NQ_14,-0.391386088
25-35,17,mig_NQ_15,0.003115198
25-35,17,med_NQ_15,-0.196087949
25-35,17,mig_NQ_16,0.00066742
25-35,17,med_NQ_16,-0.089965951
25-35,17,mig_NQ_17,6.51622e-05
25-35,17,med_NQ_17,-0.02803907
25-35,18,beta_Q_2,0.996382900000455
25-35,18,beta_Q_3,0.995405400107134
25-35,18,beta_Q_4,0.993380500001188
25-35,18,beta_Q_5,0.990084700054153
25-35,18,beta_Q_6,0.985190900005658
25-35,18,beta_Q_7,0.976841400385225
25-35,18,beta_Q_8,0.963054200048628
25-35,18,beta_Q_9,0.944144400758802
25-35,18,beta_Q_10,0.911067102345237
25-35,18,beta_Q_11,0.85315692195343
25-35,18,beta_Q_12,0.753888407546073
25-35,18,beta_Q_13,0.603952401548845
25-35,18,beta_Q_14,0.420119299941581
25-35,18,beta_Q_15,0.245264077382464
25-35,18,beta_Q_16,0.119772406030654
25-35,18,beta_Q_17,0.0534203631472869
25-35,18,h_Q_2,276.4645711
25-35,18,h_Q_3,217.64680276
25-35,18,h_Q_4,151.0688118488
25-35,18,h_Q_5,100.854235415873
25-35,18,h_Q_6,67.5260481988805
25-35,18,h_Q_7,43.1805031367904
25-35,18,h_Q_8,27.0666760498156
25-35,18,h_Q_9,17.9033078154291
25-35,18,h_Q_10,11.2444325964346
25-35,18,h_Q_11,6.80998970624055
25-35,18,h_Q_12,4.06319734552573
25-35,18,h_Q_13,2.5249490257071
25-35,18,h_Q_14,1.72449264109842
25-35,18,h_Q_15,1.32496626257095
25-35,18,h_Q_16,1.13606980625214
25-35,18,h_Q_17,1.05642904801573
25-35,18,P_Q_1,0.3046097499
25-35,18,P_Q_2,0.0812825075150471
25-35,18,P_Q_3,0.0816832111003845
25-35,18,P_Q_4,0.0827084132390017
25-35,18,P_Q_5,0.063777378298809
25-35,18,P_Q_6,0.0551499521943769
25-35,18,P_Q_7,0.0582282214147476
25-35,18,P_Q_8,0.0586305814524964
25-35,18,P_Q_9,0.0551596756861765
25-35,18,P_Q_10,0.0386761103374053
25-35,18,P_Q_11,0.0337383344448971
25-35,18,P_Q_12,0.0326288056693203
25-35,18,P_Q_13,0.0218069940395757
25-35,18,P_Q_14,0.01056599366893
25-35,18,P_Q_15,0.00325267300858368
25-35,18,P_Q_16,0.000583724376853996
25-35,18,P_Q_17,5.91850288505332e-05
25-35,18,L_Q,0.831708991406108
25-35,18,beta_NQ_2,0.9894431000002
25-35,18,beta_NQ_3,0.98689610028047
25-35,18,beta_NQ_4,0.983239700000899
25-35,18,beta_NQ_5,0.975920500101326
25-35,18,beta_NQ_6,0.965115406054087
25-35,18,beta_NQ_7,0.949608100535751
25-35,18,beta_NQ_8,0.927954400058273
25-35,18,beta_NQ_9,0.903296400579331
25-35,18,beta_NQ_10,0.864080601801062
25-35,18,beta_NQ_11,0.8029854137084
25-35,18,beta_NQ_12,0.686370602963632
25-35,18,beta_NQ_13,0.525801600415975
25-35,18,beta_NQ_14,0.348146835606179
25-35,18,beta_NQ_15,0.194711129513996
25-35,18,beta_NQ_16,0.0917671042914821
25-35,18,beta_NQ_17,0.039948965874027
25-35,18,h_NQ_2,94.72477716
25-35,18,h_NQ_3,76.31315868196
25-35,18,h_NQ_4,59.664803138124
25-35,18,h_NQ_5,41.529101511055
25-35,18,h_NQ_6,28.6659442784806
25-35,18,h_NQ_7,19.8444591337318
25-35,18,h_NQ_8,13.8800981637358
25-35,18,h_NQ_9,10.3408766527473
25-35,18,h_NQ_10,7.35730146316503
25-35,18,h_NQ_11,5.07576595705824
25-35,18,h_NQ_12,3.1884765860835
25-35,18,h_NQ_13,2.10882196207793
25-35,18,h_NQ_14,1.53408373537725
25-35,18,h_NQ_15,1.24179021360693
25-35,18,h_NQ_16,1.10103917324319
25-35,18,h_NQ_17,1.04160698357135
25-35,18,P_NQ_1,0.7107560831
25-35,18,P_NQ_2,0.189659181821719
25-35,18,P_NQ_3,0.19059416280058
25-35,18,P_NQ_4,0.192986297988188
25-35,18,P_NQ_5,0.148813885815335
25-35,18,P_NQ_6,0.128683219364096
25-35,18,P_NQ_7,0.135865849113612
25-35,18,P_NQ_8,0.136804691289197
25-35,18,P_NQ_9,0.128705912216712
25-35,18,P_NQ_10,0.0902442583876702
25-35,18,P_NQ_11,0.0787227849633219
25-35,18,P_NQ_12,0.0761338788174624
25-35,18,P_NQ_13,0.0508829583601892
25-35,18,P_NQ_14,0.024654005158245
25-35,18,P_NQ_15,0.00758956493136915
25-35,18,P_NQ_16,0.00136202224092288
25-35,18,P_NQ_17,0.000138097432447068
25-35,18,L_NQ,1.56502035907775
25-35,18,pi_Q,0.3
25-35,18,pi_NQ,0.7
25-35,18,y,2.09335193855063
25-35,18,nbar,4.75281985144696
25-35,18,Ptot,3.27513836517652
25-35,18,Pret,0.471039390866044
25-35,18,H,229.345812456912
25-35,18,cCheck,-4.44089209850063e-16
25-35,18,shareq,0.3
25-35,18,A,0.703033956
25-35,18,A_Q,2
25-35,18,xpop,1.015365833
25-35,18,h_Q_1,100
25-35,18,mig_Q_2,-0.229716381
25-35,18,med_Q_2,178.4645711
25-35,18,mig_Q_3,0.001109393
25-35,18,med_Q_3,-49.07792642
25-35,18,mig_Q_4,0.000313815
25-35,18,med_Q_4,-59.620443
25-35,18,mig_Q_5,-1.02706e-05
25-35,18,med_Q_5,-38.94804426
25-35,18,mig_Q_6,-0.000173255
25-35,18,med_Q_6,-23.00094827
25-35,18,mig_Q_7,-0.000251218
25-35,18,med_Q_7,-14.67620115
25-35,18,mig_Q_8,0.000177041
25-35,18,med_Q_8,-11.17334643
25-35,18,mig_Q_9,0.000449924
25-35,18,med_Q_9,-6.711891317
25-35,18,mig_Q_10,0.001074188
25-35,18,med_Q_10,-4.64958995
25-35,18,mig_Q_11,0.001860603
25-35,18,med_Q_11,-3.090150205
25-35,18,mig_Q_12,0.003658882
25-35,18,med_Q_12,-1.789498656
25-35,18,mig_Q_13,0.004107704
25-35,18,med_Q_13,-1.045919975
25-35,18,mig_Q_14,0.003060282
25-35,18,med_Q_14,-0.561254165
25-35,18,mig_Q_15,0.001315008
25-35,18,med_Q_15,-0.285807119
25-35,18,mig_Q_16,0.000295694
25-35,18,med_Q_16,-0.131239144
25-35,18,mig_Q_17,3.53312e-05
25-35,18,med_Q_17,-0.046533641
25-35,18,h_NQ_1,100
25-35,18,mig_NQ_2,-0.530975994
25-35,18,med_NQ_2,-3.27522284
25-35,18,mig_NQ_3,0.00415521
25-35,18,med_NQ_3,-16.32494772
25-35,18,mig_NQ_4,0.002767053
25-35,18,med_NQ_4,-16.03717825
25-35,18,mig_NQ_5,0.002297045
25-35,18,med_NQ_5,-14.40792937
25-35,18,mig_NQ_6,0.002606818
25-35,18,med_NQ_6,-8.666109092
25-35,18,mig_NQ_7,0.00359109
25-35,18,med_NQ_7,-4.735918706
25-35,18,mig_NQ_8,0.005702794
25-35,18,med_NQ_8,-3.791410139
25-35,18,mig_NQ_9,0.007064494
25-35,18,med_NQ_9,-2.377823335
25-35,18,mig_NQ_10,0.007467126
25-35,18,med_NQ_10,-1.899377754
25-35,18,mig_NQ_11,0.009227528
25-35,18,med_NQ_11,-1.460547934
25-35,18,mig_NQ_12,0.015139796
25-35,18,med_NQ_12,-1.223257
25-35,18,mig_NQ_13,0.015269715
25-35,18,med_NQ_13,-0.729200238
25-35,18,mig_NQ_14,0.010261568
25-35,18,med_NQ_14,-0.397398318
25-35,18,mig_NQ_15,0.004028409
25-35,18,med_NQ_15,-0.203239385
25-35,18,mig_NQ_16,0.000850613
25-35,18,med_NQ_16,-0.091998601
25-35,18,mig_NQ_17,9.67484e-05
25-35,18,med_NQ_17,-0.029236285
25-35,19,beta_Q_2,0.996112200002019
25-35,19,beta_Q_3,0.995198400000949
25-35,19,beta_Q_4,0.993417000005918
25-35,19,beta_Q_5,0.990831500017762
25-35,19,beta_Q_6,0.987090300006913
25-35,19,beta_Q_7,0.98076870000953
25-35,19,beta_Q_8,0.968726300002532
25-35,19,beta_Q_9,0.951335011057293
25-35,19,beta_Q_10,0.924336600000898
25-35,19,beta_Q_11,0.877013799938162
25-35,19,beta_Q_12,0.797342699853427
25-35,19,beta_Q_13,0.661059819996658
25-35,19,beta_Q_14,0.481390420888964
25-35,19,beta_Q_15,0.289655300232739
25-35,19,beta_Q_16,0.147666779862596
25-35,19,beta_Q_17,0.0825551319466387
25-35,19,h_Q_2,257.2148773
25-35,19,h_Q_3,208.263912068
25-35,19,h_Q_4,151.9064256348
25-35,19,h_Q_5,109.069095271824
25-35,19,h_Q_6,77.4611339175553
25-35,19,h_Q_7,51.9985648649029
25-35,19,h_Q_8,31.9757495940546
25-35,19,h_Q_9,20.5486489268193
25-35,19,h_Q_10,13.2164296081205
25-35,19,h_Q_11,8.1309935545059
25-35,19,h_Q_12,4.93443857811574
25-35,19,h_Q_13,2.95037121461522
25-35,19,h_Q_14,1.92823272519296
25-35,19,h_Q_15,1.40776724327645
25-35,19,h_Q_16,1.17324871231954
25-35,19,h_Q_17,1.08998264412709
25-35,19,P_Q_1,0.304206375
25-35,19,P_Q_2,0.0843752879737753
25-35,19,P_Q_3,0.0840883869147266
25-35,19,P_Q_4,0.0833506750846026
25-35,19,P_Q_5,0.0834729345136919
25-35,19,P_Q_6,0.0638592827262049
25-35,19,P_Q_7,0.0548095665327333
25-35,19,P_Q_8,0.0571965031948342
25-35,19,P_Q_9,0.0565060341916074
25-35,19,P_Q_10,0.0519861808937078
25-35,19,P_Q_11,0.0352513382485919
25-35,19,P_Q_12,0.0285759962279203
25-35,19,P_Q_13,0.0242772055436565
25-35,19,P_Q_14,0.0129899930697368
25-35,19,P_Q_15,0.00445065168883907
25-35,19,P_Q_16,0.000837368472269033
25-35,19,P_Q_17,8.22046681894642e-05
25-35,19,L_Q,0.867095763900222
25-35,19,beta_NQ_2,0.988462400031308
25-35,19,beta_NQ_3,0.986035700002781
25-35,19,beta_NQ_4,0.983041900315316
25-35,19,beta_NQ_5,0.977549700016488
25-35,19,beta_NQ_6,0.969548006130814
25-35,19,beta_NQ_7,0.95810829998989
25-35,19,beta_NQ_8,0.938648500014802
25-35,19,beta_NQ_9,0.914904910233032
25-35,19,beta_NQ_10,0.882886651706954
25-35,19,beta_NQ_11,0.832672764376174
25-35,19,beta_NQ_12,0.736273933328963
25-35,19,beta_NQ_13,0.584975870162531
25-35,19,beta_NQ_14,0.405078304537439
25-35,19,beta_NQ_15,0.232303211906323
25-35,19,beta_NQ_16,0.113939246759178
25-35,19,beta_NQ_17,0.0621229938868753
25-35,19,h_NQ_2,86.67313826
25-35,19,h_NQ_3,71.6111799368
25-35,19,h_NQ_4,58.9688703383208
25-35,19,h_NQ_5,44.5428346153615
25-35,19,h_NQ_6,32.8385656048339
25-35,19,h_NQ_7,23.871077080911
25-35,19,h_NQ_8,16.2995199830572
25-35,19,h_NQ_9,11.7515579664611
25-35,19,h_NQ_10,8.53873253969239
25-35,19,h_NQ_11,5.97630752990173
25-35,19,h_NQ_12,3.79180704091707
25-35,19,h_NQ_13,2.40949804436183
25-35,19,h_NQ_14,1.68089346983638
25-35,19,h_NQ_15,1.3025901226697
25-35,19,h_NQ_16,1.1285903413348
25-35,19,h_NQ_17,1.06623755677833
25-35,19,P_NQ_1,0.709814875
25-35,19,P_NQ_2,0.196875672206464
25-35,19,P_NQ_3,0.19620623292224
25-35,19,P_NQ_4,0.194484910453965
25-35,19,P_NQ_5,0.194770179445336
25-35,19,P_NQ_6,0.149004994835153
25-35,19,P_NQ_7,0.127888987511165
25-35,19,P_NQ_8,0.13345850950263
25-35,19,P_NQ_9,0.131847416223898
25-35,19,P_NQ_10,0.121301090083572
25-35,19,P_NQ_11,0.0822531231562311
25-35,19,P_NQ_12,0.0666773273822516
25-35,19,P_NQ_13,0.0566468123280977
25-35,19,P_NQ_14,0.0303100559393809
25-35,19,P_NQ_15,0.0103848541914058
25-35,19,P_NQ_16,0.00195386039658393
25-35,19,P_NQ_17,0.000191808380022294
25-35,19,L_NQ,1.62586238294589
25-35,19,pi_Q,0.3
25-35,19,pi_NQ,0.7
25-35,19,y,2.52168534374572
25-35,19,nbar,4.98082764043348
25-35,19,Ptot,3.43438669490348
25-35,19,Pret,0.528169870670456
25-35,19,H,236.099000249591
25-35,19,cCheck,8.88178419700125e-16
25-35,19,shareq,0.3
25-35,19,A,0.819558266
25-35,19,A_Q,2
25-35,19,xpop,1.01402125
25-35,19,h_Q_1,100
25-35,19,mig_Q_2,-0.219132658
25-35,19,med_Q_2,159.2148773
25-35,19,mig_Q_3,0.00317934
25-35,19,med_Q_3,-62.67136761
25-35,19,mig_Q_4,0.002208166
25-35,19,med_Q_4,-61.38744107
25-35,19,mig_Q_5,0.0015846
25-35,19,med_Q_5,-38.97834034
25-35,19,mig_Q_6,0.00102639
25-35,19,med_Q_6,-21.37601679
25-35,19,mig_Q_7,0.00093681
25-35,19,med_Q_7,-14.17696237
25-35,19,mig_Q_8,0.00111957
25-35,19,med_Q_8,-10.34114348
25-35,19,mig_Q_9,0.001150299
25-35,19,med_Q_9,-5.976693602
25-35,19,mig_Q_10,0.001732015
25-35,19,med_Q_10,-4.328812051
25-35,19,mig_Q_11,0.002254547
25-35,19,med_Q_11,-2.88855039
25-35,19,mig_Q_12,0.003141057
25-35,19,med_Q_12,-1.739351334
25-35,19,mig_Q_13,0.00457096
25-35,19,med_Q_13,-1.031562184
25-35,19,mig_Q_14,0.003828454
25-35,19,med_Q_14,-0.54621732
25-35,19,mig_Q_15,0.001859193
25-35,19,med_Q_15,-0.282235545
25-35,19,mig_Q_16,0.000447788
25-35,19,med_Q_16,-0.125218225
25-35,19,mig_Q_17,5.10219e-05
25-35,19,med_Q_17,-0.023365766
25-35,19,h_NQ_1,100
25-35,19,mig_NQ_2,-0.50637703
25-35,19,med_NQ_2,-11.32686174
25-35,19,mig_NQ_3,0.009032326
25-35,19,med_NQ_3,-21.21910168
25-35,19,mig_NQ_4,0.007085163
25-35,19,med_NQ_4,-15.81802517
25-35,19,mig_NQ_5,0.006430895
25-35,19,med_NQ_5,-13.92867246
25-35,19,mig_NQ_6,0.005382421
25-35,19,med_NQ_6,-7.859953876
25-35,19,mig_NQ_7,0.00569036
25-35,19,med_NQ_7,-4.221548312
25-35,19,mig_NQ_8,0.007381197
25-35,19,med_NQ_8,-3.148049968
25-35,19,mig_NQ_9,0.008272231
25-35,19,med_NQ_9,-1.850938234
25-35,19,mig_NQ_10,0.010088808
25-35,19,med_NQ_10,-1.59532658
25-35,19,mig_NQ_11,0.0097883
25-35,19,med_NQ_11,-1.233847904
25-35,19,mig_NQ_12,0.012644322
25-35,19,med_NQ_12,-1.182443597
25-35,19,mig_NQ_13,0.016615497
25-35,19,med_NQ_13,-0.71520901
25-35,19,mig_NQ_14,0.012595315
25-35,19,med_NQ_14,-0.385752053
25-35,19,mig_NQ_15,0.005584445
25-35,19,med_NQ_15,-0.200811938
25-35,19,mig_NQ_16,0.001257388
25-35,19,med_NQ_16,-0.088364068
25-35,19,mig_NQ_17,0.000137397
25-35,19,med_NQ_17,-0.012780833
25-35,20,beta_Q_2,0.99686690000089
25-35,20,beta_Q_3,0.995923099999867
25-35,20,beta_Q_4,0.994020400065491
25-35,20,beta_Q_5,0.991077199999568
25-35,20,beta_Q_6,0.987600799999601
25-35,20,beta_Q_7,0.982250200053892
25-35,20,beta_Q_8,0.971854300674659
25-35,20,beta_Q_9,0.95534820019508
25-35,20,beta_Q_10,0.928243700006788
25-35,20,beta_Q_11,0.884935700056105
25-35,20,beta_Q_12,0.811040599997013
25-35,20,beta_Q_13,0.682805199770887
25-35,20,beta_Q_14,0.498147923475038
25-35,20,beta_Q_15,0.311240966334781
25-35,20,beta_Q_16,0.15924903071576
25-35,20,beta_Q_17,0.10149318000479
25-35,20,h_Q_2,319.1727044
25-35,20,h_Q_3,245.284407262
25-35,20,h_Q_4,167.23526660664
25-35,20,h_Q_5,112.072443622104
25-35,20,h_Q_6,80.6503645363875
25-35,20,h_Q_7,56.3386630092042
25-35,20,h_Q_8,35.5294059376048
25-35,20,h_Q_9,22.3955137331735
25-35,20,h_Q_10,13.9360585762829
25-35,20,h_Q_11,8.69079288695808
25-35,20,h_Q_12,5.29214211741578
25-35,20,h_Q_13,3.15263679855343
25-35,20,h_Q_14,1.99261655732291
25-35,20,h_Q_15,1.4518851826891
25-35,20,h_Q_16,1.18941279941092
25-35,20,h_Q_17,1.11295738707314
25-35,20,P_Q_1,0.2986466736
25-35,20,P_Q_2,0.0830792994558893
25-35,20,P_Q_3,0.0855906775911205
25-35,20,P_Q_4,0.0844860560641646
25-35,20,P_Q_5,0.0831130224215699
25-35,20,P_Q_6,0.0824548264715775
25-35,20,P_Q_7,0.0628632507029211
25-35,20,P_Q_8,0.0534285085919974
25-35,20,P_Q_9,0.0548544919992961
25-35,20,P_Q_10,0.0528876515242048
25-35,20,P_Q_11,0.0471929850498633
25-35,20,P_Q_12,0.0303438642125786
25-35,20,P_Q_13,0.0217427779226542
25-35,20,P_Q_14,0.0151596551946687
25-35,20,P_Q_15,0.00582143134263581
25-35,20,P_Q_16,0.00123747840318089
25-35,20,P_Q_17,0.000130289864716125
25-35,20,L_Q,0.889342754491419
25-35,20,beta_NQ_2,0.990822700003447
25-35,20,beta_NQ_3,0.988329599999868
25-35,20,beta_NQ_4,0.984818300533219
25-35,20,beta_NQ_5,0.978250100003701
25-35,20,beta_NQ_6,0.970782499999416
25-35,20,beta_NQ_7,0.96136910009016
25-35,20,beta_NQ_8,0.944761001225175
25-35,20,beta_NQ_9,0.921664700262691
25-35,20,beta_NQ_10,0.888475800048907
25-35,20,beta_NQ_11,0.842666999930868
25-35,20,beta_NQ_12,0.752367100266578
25-35,20,beta_NQ_13,0.608120299855312
25-35,20,beta_NQ_14,0.421178745216301
25-35,20,beta_NQ_15,0.250690372101995
25-35,20,beta_NQ_16,0.122887109925889
25-35,20,beta_NQ_17,0.0762592502847983
25-35,20,h_NQ_2,108.96451026
25-35,20,h_NQ_3,85.6868659158
25-35,20,h_NQ_4,65.868776223064
25-35,20,h_NQ_5,45.9772228915544
25-35,20,h_NQ_6,34.2260631460543
25-35,20,h_NQ_7,25.8860135217372
25-35,20,h_NQ_8,18.1031517532928
25-35,20,h_NQ_9,12.765636951396
25-35,20,h_NQ_10,8.96666374113188
25-35,20,h_NQ_11,6.35594566489854
25-35,20,h_NQ_12,4.03823563330369
25-35,20,h_NQ_13,2.55180352409873
25-35,20,h_NQ_14,1.72764803147459
25-35,20,h_NQ_15,1.33456130843965
25-35,20,h_NQ_16,1.14010408521631
25-35,20,h_NQ_17,1.0825547595081
25-35,20,P_NQ_1,0.6968422384
25-35,20,P_NQ_2,0.193851697920423
25-35,20,P_NQ_3,0.199711581257618
25-35,20,P_NQ_4,0.197134128065588
25-35,20,P_NQ_5,0.193930387872007
25-35,20,P_NQ_6,0.192394595134967
25-35,20,P_NQ_7,0.146680920291511
25-35,20,P_NQ_8,0.124666518295766
25-35,20,P_NQ_9,0.127993815656338
25-35,20,P_NQ_10,0.12340452784613
25-35,20,P_NQ_11,0.110116985001731
25-35,20,P_NQ_12,0.0708023845148298
25-35,20,P_NQ_13,0.0507331406055446
25-35,20,P_NQ_14,0.0353725276953163
25-35,20,P_NQ_15,0.0135834873477785
25-35,20,P_NQ_16,0.00288744246427267
25-35,20,P_NQ_17,0.000304007657472791
25-35,20,L_NQ,1.6622240007852
25-35,20,pi_Q,0.3
25-35,20,pi_NQ,0.7
25-35,20,y,2.76691983551042
25-35,20,nbar,5.1302396667806
25-35,20,Ptot,3.54344332644033
25-35,20,Pret,0.581720636647578
25-35,20,H,258.231395724349
25-35,20,cCheck,4.44089209850063e-16
25-35,20,shareq,0.3
25-35,20,A,0.880846471
25-35,20,A_Q,2
25-35,20,xpop,0.995488912
25-35,20,h_Q_1,100
25-35,20,mig_Q_2,-0.219944382
25-35,20,med_Q_2,221.1727044
25-35,20,mig_Q_3,0.001620526
25-35,20,med_Q_3,-6.786172492
25-35,20,mig_Q_4,0.000951223
25-35,20,med_Q_4,-36.86336722
25-35,20,mig_Q_5,0.000526548
25-35,20,med_Q_5,-36.7958535
25-35,20,mig_Q_6,5.95025e-05
25-35,20,med_Q_6,-26.23734883
25-35,20,mig_Q_7,0.000232065
25-35,20,med_Q_7,-19.57324823
25-35,20,mig_Q_8,0.00033304
25-35,20,med_Q_8,-15.42918763
25-35,20,mig_Q_9,0.000441456
25-35,20,med_Q_9,-8.940720869
25-35,20,mig_Q_10,0.000657056
25-35,20,med_Q_10,-6.201617372
25-35,20,mig_Q_11,0.001600387
25-35,20,med_Q_11,-4.261308129
25-35,20,mig_Q_12,0.002236467
25-35,20,med_Q_12,-2.676231566
25-35,20,mig_Q_13,0.002852335
25-35,20,med_Q_13,-1.683113008
25-35,20,mig_Q_14,0.003472841
25-35,20,med_Q_14,-0.898747233
25-35,20,mig_Q_15,0.002058811
25-35,20,med_Q_15,-0.437782888
25-35,20,mig_Q_16,0.000580265
25-35,20,med_Q_16,-0.190199099
25-35,20,mig_Q_17,6.11608e-05
25-35,20,med_Q_17,-0.036826351
25-35,20,h_NQ_1,100
25-35,20,mig_NQ_2,-0.507773617
25-35,20,med_NQ_2,10.96451026
25-35,20,mig_NQ_3,0.00558514
25-35,20,med_NQ_3,0.747190421
25-35,20,mig_NQ_4,0.00425518
25-35,20,med_NQ_4,-4.310180115
25-35,20,mig_NQ_5,0.003811722
25-35,20,med_NQ_5,-11.81227004
25-35,20,mig_NQ_6,0.003555556
25-35,20,med_NQ_6,-9.425914777
25-35,20,mig_NQ_7,0.003917998
25-35,20,med_NQ_7,-6.295780771
25-35,20,mig_NQ_8,0.004623712
25-35,20,med_NQ_8,-5.290503786
25-35,20,mig_NQ_9,0.00589197
25-35,20,med_NQ_9,-3.207892632
25-35,20,mig_NQ_10,0.006998204
25-35,20,med_NQ_10,-2.549863066
25-35,20,mig_NQ_11,0.009112871
25-35,20,med_NQ_11,-2.012012224
25-35,20,mig_NQ_12,0.010241554
25-35,20,med_NQ_12,-1.818545746
25-35,20,mig_NQ_13,0.011728513
25-35,20,med_NQ_13,-1.164167376
25-35,20,mig_NQ_14,0.012426133
25-35,20,med_NQ_14,-0.633660052
25-35,20,mig_NQ_15,0.006542364
25-35,20,med_NQ_15,-0.312714292
25-35,20,mig_NQ_16,0.0017042
25-35,20,med_NQ_16,-0.136434235
25-35,20,mig_NQ_17,0.000182628
25-35,20,med_NQ_17,-0.023463775
25-35,21,beta_Q_2,0.997947299999981
25-35,21,beta_Q_3,0.997289700000371
25-35,21,beta_Q_4,0.995694699999859
25-35,21,beta_Q_5,0.992675200002161
25-35,21,beta_Q_6,0.988263100000314
25-35,21,beta_Q_7,0.983035299999275
25-35,21,beta_Q_8,0.975710000020468
25-35,21,beta_Q_9,0.963067400033811
25-35,21,beta_Q_10,0.942124400015136
25-35,21,beta_Q_11,0.902773200004358
25-35,21,beta_Q_12,0.83872012138729
25-35,21,beta_Q_13,0.721246836124307
25-35,21,beta_Q_14,0.542904303027185
25-35,21,beta_Q_15,0.338483501623465
25-35,21,beta_Q_16,0.208098202732715
25-35,21,beta_Q_17,0.124041184802996
25-35,21,h_Q_2,487.1632484
25-35,21,h_Q_3,368.962845492
25-35,21,h_Q_4,232.27185096676
25-35,21,h_Q_5,136.522498944507
25-35,21,h_Q_6,85.2013734396619
25-35,21,h_Q_7,58.9459288956597
25-35,21,h_Q_8,41.1692054690201
25-35,21,h_Q_9,27.0763499158527
25-35,21,h_Q_10,17.27843858451
25-35,21,h_Q_11,10.2852299987573
25-35,21,h_Q_12,6.20039682521891
25-35,21,h_Q_13,3.58740275906747
25-35,21,h_Q_14,2.18772567358236
25-35,21,h_Q_15,1.51167374817645
25-35,21,h_Q_16,1.26278283903532
25-35,21,h_Q_17,1.1416056824227
25-35,21,P_Q_1,0.3
25-35,21,P_Q_2,0.0779479507072097
25-35,21,P_Q_3,0.0843684854599265
25-35,21,P_Q_4,0.086304972581002
25-35,21,P_Q_5,0.0844090928830788
25-35,21,P_Q_6,0.0824385544339272
25-35,21,P_Q_7,0.081464236797116
25-35,21,P_Q_8,0.0617844325500232
25-35,21,P_Q_9,0.051761339522472
25-35,21,P_Q_10,0.0520161616154193
25-35,21,P_Q_11,0.0485687309258955
25-35,21,P_Q_12,0.0410272339104912
25-35,21,P_Q_13,0.0238991852654904
25-35,21,P_Q_14,0.0137862526727491
25-35,21,P_Q_15,0.00693893173209077
25-35,21,P_Q_16,0.0016386242986931
25-35,21,P_Q_17,0.000202575818326078
25-35,21,L_Q,0.915544414631239
25-35,21,beta_NQ_2,0.987508100006902
25-35,21,beta_NQ_3,0.983809800022365
25-35,21,beta_NQ_4,0.979681400004373
25-35,21,beta_NQ_5,0.970792700009611
25-35,21,beta_NQ_6,0.959805900050643
25-35,21,beta_NQ_7,0.950309499996999
25-35,21,beta_NQ_8,0.9389679003774
25-35,21,beta_NQ_9,0.920657802025191
25-35,21,beta_NQ_10,0.892753200037244
25-35,21,beta_NQ_11,0.845000008029515
25-35,21,beta_NQ_12,0.757092334522423
25-35,21,beta_NQ_13,0.613769218079616
25-35,21,beta_NQ_14,0.427249906787381
25-35,21,beta_NQ_15,0.245702599148123
25-35,21,beta_NQ_16,0.142008612502477
25-35,21,beta_NQ_17,0.0792838006000935
25-35,21,h_NQ_2,80.05187361
25-35,21,h_NQ_3,61.7657595348
25-35,21,h_NQ_4,49.215989287484
25-35,21,h_NQ_5,34.2380158386027
25-35,21,h_NQ_6,24.8792733337233
25-35,21,h_NQ_7,20.1245710931332
25-35,21,h_NQ_8,16.3848204403024
25-35,21,h_NQ_9,12.6036333702269
25-35,21,h_NQ_10,9.32428753436811
25-35,21,h_NQ_11,6.45161290630924
25-35,21,h_NQ_12,4.11679003560057
25-35,21,h_NQ_13,2.58912546863762
25-35,21,h_NQ_14,1.74596215561676
25-35,21,h_NQ_15,1.3257370328451
25-35,21,h_NQ_16,1.16551257727086
25-35,21,h_NQ_17,1.08611100851198
25-35,21,P_NQ_1,0.7
25-35,21,P_NQ_2,0.181878552127933
25-35,21,P_NQ_3,0.196859798064987
25-35,21,P_NQ_4,0.20137827105093
25-35,21,P_NQ_5,0.196954549494304
25-35,21,P_NQ_6,0.192356628764244
25-35,21,P_NQ_7,0.190083218787113
25-35,21,P_NQ_8,0.144163678115238
25-35,21,P_NQ_9,0.120776457217861
25-35,21,P_NQ_10,0.121371045766577
25-35,21,P_NQ_11,0.113327046257984
25-35,21,P_NQ_12,0.0957302286958505
25-35,21,P_NQ_13,0.0557647853016294
25-35,21,P_NQ_14,0.0321679055011255
25-35,21,P_NQ_15,0.016190825130127
25-35,21,P_NQ_16,0.00382347250288337
25-35,21,P_NQ_17,0.000472674197565924
25-35,21,L_NQ,1.70893495717584
25-35,21,pi_Q,0.3
25-35,21,pi_NQ,0.7
25-35,21,y,3.2446963460344
25-35,21,nbar,5.37339363734719
25-35,21,Ptot,3.66185589815026
25-35,21,Pret,0.626925679592898
25-35,21,H,272.311788865894
25-35,21,cCheck,-4.44089209850063e-16
25-35,21,shareq,0.3
25-35,21,A,1
25-35,21,A_Q,2
25-35,21,xpop,1
25-35,21,h_Q_1,100
25-35,21,mig_Q_2,-0.219763033
25-35,21,med_Q_2,389.1632484
25-35,21,mig_Q_3,0.001627892
25-35,21,med_Q_3,56.17359518
25-35,21,mig_Q_4,0.001226093
25-35,21,med_Q_4,-8.10686815
25-35,21,mig_Q_5,0.000676889
25-35,21,med_Q_5,-27.36806233
25-35,21,mig_Q_6,0.000356067
25-35,21,med_Q_6,-24.62962131
25-35,21,mig_Q_7,0.000472967
25-35,21,med_Q_7,-20.09142835
25-35,21,mig_Q_8,0.000690512
25-35,21,med_Q_8,-14.04268428
25-35,21,mig_Q_9,0.00071851
25-35,21,med_Q_9,-7.742467903
25-35,21,mig_Q_10,0.001097825
25-35,21,med_Q_10,-4.669164874
25-35,21,mig_Q_11,0.00176656
25-35,21,med_Q_11,-3.372107406
25-35,21,mig_Q_12,0.002751807
25-35,21,med_Q_12,-2.316580204
25-35,21,mig_Q_13,0.003180237
25-35,21,med_Q_13,-1.598896516
25-35,21,mig_Q_14,0.002955133
25-35,21,med_Q_14,-0.901858389
25-35,21,mig_Q_15,0.002220626
25-35,21,med_Q_15,-0.441090478
25-35,21,mig_Q_16,0.000711567
25-35,21,med_Q_16,-0.16006464
25-35,21,mig_Q_17,7.69802e-05
25-35,21,med_Q_17,-0.024018861
25-35,21,h_NQ_1,100
25-35,21,mig_NQ_2,-0.508568556
25-35,21,med_NQ_2,-17.94812639
25-35,21,mig_NQ_3,0.005270427
25-35,21,med_NQ_3,-45.01946052
25-35,21,mig_NQ_4,0.004698651
25-35,21,med_NQ_4,-34.75713931
25-35,21,mig_NQ_5,0.004108069
25-35,21,med_NQ_5,-30.31338486
25-35,21,mig_NQ_6,0.004092402
25-35,21,med_NQ_6,-20.1784051
25-35,21,mig_NQ_7,0.005121
25-35,21,med_NQ_7,-13.41697079
25-35,21,mig_NQ_8,0.005585265
25-35,21,med_NQ_8,-8.983472811
25-35,21,mig_NQ_9,0.005875728
25-35,21,med_NQ_9,-5.137455348
25-35,21,mig_NQ_10,0.007651638
25-35,21,med_NQ_10,-3.186036678
25-35,21,mig_NQ_11,0.009338123
25-35,21,med_NQ_11,-2.33571756
25-35,21,mig_NQ_12,0.012881832
25-35,21,med_NQ_12,-2.112036716
25-35,21,mig_NQ_13,0.012708418
25-35,21,med_NQ_13,-1.368345452
25-35,21,mig_NQ_14,0.010800185
25-35,21,med_NQ_14,-0.754805298
25-35,21,mig_NQ_15,0.007323273
25-35,21,med_NQ_15,-0.367358038
25-35,21,mig_NQ_16,0.002154237
25-35,21,med_NQ_16,-0.142357505
25-35,21,mig_NQ_17,0.00025248
25-35,21,med_NQ_17,-0.031190995
25-35,22,beta_Q_2,0.998280799999971
25-35,22,beta_Q_3,0.997731699999976
25-35,22,beta_Q_4,0.996375300000702
25-35,22,beta_Q_5,0.993893399999639
25-35,22,beta_Q_6,0.989472500323064
25-35,22,beta_Q_7,0.983741699997244
25-35,22,beta_Q_8,0.977087400001782
25-35,22,beta_Q_9,0.966488200428574
25-35,22,beta_Q_10,0.950223624515064
25-35,22,beta_Q_11,0.916742552309607
25-35,22,beta_Q_12,0.858567121265618
25-35,22,beta_Q_13,0.752188914642618
25-35,22,beta_Q_14,0.577905800097401
25-35,22,beta_Q_15,0.365396350457373
25-35,22,beta_Q_16,0.191576039975639
25-35,22,beta_Q_17,0.185962103794283
25-35,22,h_Q_2,581.6658911
25-35,22,h_Q_3,440.858792922
25-35,22,h_Q_4,275.88490087216
25-35,22,h_Q_5,163.757246247425
25-35,22,h_Q_6,94.989313735617
25-35,22,h_Q_7,61.5070456208687
25-35,22,h_Q_8,43.6441084777465
25-35,22,h_Q_9,29.8402354096397
25-35,22,h_Q_10,20.0898417965357
25-35,22,h_Q_11,12.0109299488199
25-35,22,h_Q_12,7.07049067078214
25-35,22,h_Q_13,4.03533175071454
25-35,22,h_Q_14,2.36913939588612
25-35,22,h_Q_15,1.57578161911071
25-35,22,h_Q_16,1.23697450221292
25-35,22,h_Q_17,1.22844403625461
25-35,22,P_Q_1,0.3043458798
25-35,22,P_Q_2,0.0753739649999943
25-35,22,P_Q_3,0.0801695203764368
25-35,22,P_Q_4,0.086004067819464
25-35,22,P_Q_5,0.0869474759180272
25-35,22,P_Q_6,0.0841801138008459
25-35,22,P_Q_7,0.0816496550894621
25-35,22,P_Q_8,0.0803410254869814
25-35,22,P_Q_9,0.0601671518185152
25-35,22,P_Q_10,0.0494825009415887
25-35,22,P_Q_11,0.0483919356734959
25-35,22,P_Q_12,0.0430212338977937
25-35,22,P_Q_13,0.0330275316528737
25-35,22,P_Q_14,0.0161896095194786
25-35,22,P_Q_15,0.00656592607893797
25-35,22,P_Q_16,0.00204585822233309
25-35,22,P_Q_17,0.000275074799456871
25-35,22,L_Q,0.94872135208228
25-35,22,beta_NQ_2,0.989546300000006
25-35,22,beta_NQ_3,0.986403899999229
25-35,22,beta_NQ_4,0.982873300000434
25-35,22,beta_NQ_5,0.975717099998542
25-35,22,beta_NQ_6,0.964047001348653
25-35,22,beta_NQ_7,0.952375900018
25-35,22,beta_NQ_8,0.942323100000106
25-35,22,beta_NQ_9,0.927806100634132
25-35,22,beta_NQ_10,0.907065229359897
25-35,22,beta_NQ_11,0.865680642477568
25-35,22,beta_NQ_12,0.783567210970732
25-35,22,beta_NQ_13,0.649617903700812
25-35,22,beta_NQ_14,0.461536900963361
25-35,22,beta_NQ_15,0.268777224537005
25-35,22,beta_NQ_16,0.131445915791123
25-35,22,beta_NQ_17,0.121206750107924
25-35,22,h_NQ_2,95.659909888
25-35,22,h_NQ_3,73.5505034488
25-35,22,h_NQ_4,58.388364368104
25-35,22,h_NQ_5,41.1812427647343
25-35,22,h_NQ_6,27.8140906188307
25-35,22,h_NQ_7,20.9977721440488
25-35,22,h_NQ_8,17.3379637232705
25-35,22,h_NQ_9,13.8515857924964
25-35,22,h_NQ_10,10.7602318998224
25-35,22,h_NQ_11,7.44494094268074
25-35,22,h_NQ_12,4.62037177618305
25-35,22,h_NQ_13,2.85402707088856
25-35,22,h_NQ_14,1.85713747426486
25-35,22,h_NQ_15,1.36757092650442
25-35,22,h_NQ_16,1.1513387551882
25-35,22,h_NQ_17,1.13791818872544
25-35,22,P_NQ_1,0.7101403862
25-35,22,P_NQ_2,0.175872585004831
25-35,22,P_NQ_3,0.187062214997339
25-35,22,P_NQ_4,0.200676156572885
25-35,22,P_NQ_5,0.202877445476799
25-35,22,P_NQ_6,0.196420263646449
25-35,22,P_NQ_7,0.190515864702057
25-35,22,P_NQ_8,0.187462392841514
25-35,22,P_NQ_9,0.140390023025442
25-35,22,P_NQ_10,0.115459166670406
25-35,22,P_NQ_11,0.112914517647308
25-35,22,P_NQ_12,0.100382875015988
25-35,22,P_NQ_13,0.077064247613235
25-35,22,P_NQ_14,0.0377757643221395
25-35,22,P_NQ_15,0.0153204229907777
25-35,22,P_NQ_16,0.00477366761199957
25-35,22,P_NQ_17,0.000641841431518546
25-35,22,L_NQ,1.76930007566412
25-35,22,pi_Q,0.3
25-35,22,pi_NQ,0.7
25-35,22,y,3.7232324296547
25-35,22,nbar,5.62511072432766
25-35,22,Ptot,3.79392836166637
25-35,22,Pret,0.663332174089331
25-35,22,H,302.232960706092
25-35,22,cCheck,0
25-35,22,shareq,0.3
25-35,22,A,1.111292532
25-35,22,A_Q,2
25-35,22,xpop,1.014486266
25-35,22,h_Q_1,100
25-35,22,mig_Q_2,-0.224010225
25-35,22,med_Q_2,483.6658911
25-35,22,mig_Q_3,0.002432832
25-35,22,med_Q_3,-36.56119051
25-35,22,mig_Q_4,0.001998814
25-35,22,med_Q_4,-85.69868771
25-35,22,mig_Q_5,0.00127467
25-35,22,med_Q_5,-63.8691677
25-35,22,mig_Q_6,0.000761722
25-35,22,med_Q_6,-38.80273523
25-35,22,mig_Q_7,0.000609646
25-35,22,med_Q_7,-21.99030035
25-35,22,mig_Q_8,0.000855555
25-35,22,med_Q_8,-14.12290184
25-35,22,mig_Q_9,0.000664579
25-35,22,med_Q_9,-10.50558595
25-35,22,mig_Q_10,0.00071688
25-35,22,med_Q_10,-6.444981121
25-35,22,mig_Q_11,0.001433139
25-35,22,med_Q_11,-4.921939864
25-35,22,mig_Q_12,0.002285662
25-35,22,med_Q_12,-3.009034728
25-35,22,mig_Q_13,0.003436769
25-35,22,med_Q_13,-2.041057138
25-35,22,mig_Q_14,0.003214639
25-35,22,med_Q_14,-1.146515308
25-35,22,mig_Q_15,0.001899507
25-35,22,med_Q_15,-0.568189541
25-35,22,mig_Q_16,0.000601879
25-35,22,med_Q_16,-0.244465771
25-35,22,mig_Q_17,7.18179e-05
25-35,22,med_Q_17,-0.009083146
25-35,22,h_NQ_1,100
25-35,22,mig_NQ_2,-0.515383085
25-35,22,med_NQ_2,-2.340090112
25-35,22,mig_NQ_3,0.008128313
25-35,22,med_NQ_3,-4.900332689
25-35,22,mig_NQ_4,0.007816274
25-35,22,med_NQ_4,-2.142079976
25-35,22,mig_NQ_5,0.00738089
25-35,22,med_NQ_5,-7.050426737
25-35,22,mig_NQ_6,0.007382125
25-35,22,med_NQ_6,-5.739164903
25-35,22,mig_NQ_7,0.007717533
25-35,22,med_NQ_7,-3.383915723
25-35,22,mig_NQ_8,0.008980352
25-35,22,med_NQ_8,-2.384115948
25-35,22,mig_NQ_9,0.007664608
25-35,22,med_NQ_9,-2.205538239
25-35,22,mig_NQ_10,0.007635598
25-35,22,med_NQ_10,-1.591328803
25-35,22,mig_NQ_11,0.010355983
25-35,22,med_NQ_11,-1.692860841
25-35,22,mig_NQ_12,0.014583837
25-35,22,med_NQ_12,-1.702208872
25-35,22,mig_NQ_13,0.01830798
25-35,22,med_NQ_13,-1.180427164
25-35,22,mig_NQ_14,0.013950265
25-35,22,med_NQ_14,-0.680205485
25-35,22,mig_NQ_15,0.007416685
25-35,22,med_NQ_15,-0.343471986
25-35,22,mig_NQ_16,0.002474431
25-35,22,med_NQ_16,-0.147883537
25-35,22,mig_NQ_17,0.000338702
25-35,22,med_NQ_17,-0.004284137
25-35,23,beta_Q_2,0.998437700016199
25-35,23,beta_Q_3,0.998043699999944
25-35,23,beta_Q_4,0.996854699999507
25-35,23,beta_Q_5,0.994779900001327
25-35,23,beta_Q_6,0.991028999998848
25-35,23,beta_Q_7,0.985176100121917
25-35,23,beta_Q_8,0.97780249999603
25-35,23,beta_Q_9,0.968116499992645
25-35,23,beta_Q_10,0.954185100205531
25-35,23,beta_Q_11,0.926734308891795
25-35,23,beta_Q_12,0.875713916351136
25-35,23,beta_Q_13,0.773751701546988
25-35,23,beta_Q_14,0.603063500074324
25-35,23,beta_Q_15,0.383542360896424
25-35,23,beta_Q_16,0.199860006922652
25-35,23,beta_Q_17,0.126764098806548
25-35,23,h_Q_2,640.0819305
25-35,23,h_Q_3,511.169043588
25-35,23,h_Q_4,317.93469616356
25-35,23,h_Q_5,191.567211404717
25-35,23,h_Q_6,111.470293152476
25-35,23,h_Q_7,67.4586310309047
25-35,23,h_Q_8,45.0501182484513
25-35,23,h_Q_9,31.3641852281916
25-35,23,h_Q_10,21.8269602544469
25-35,23,h_Q_11,13.648951715605
25-35,23,h_Q_12,8.04595204384345
25-35,23,h_Q_13,4.4199227133665
25-35,23,h_Q_14,2.51929464770024
25-35,23,h_Q_15,1.6221702609684
25-35,23,h_Q_16,1.2497812847285
25-35,23,h_Q_17,1.14516592616867
25-35,23,P_Q_1,0.3077841666
25-35,23,P_Q_2,0.075935203363439
25-35,23,P_Q_3,0.077418532235183
25-35,23,P_Q_4,0.0820643909159847
25-35,23,P_Q_5,0.0867295713788866
25-35,23,P_Q_6,0.0866535193933899
25-35,23,P_Q_7,0.0832293902564056
25-35,23,P_Q_8,0.0800970432024048
25-35,23,P_Q_9,0.0776902875434989
25-35,23,P_Q_10,0.0572552912777376
25-35,23,P_Q_11,0.0460322822078545
25-35,23,P_Q_12,0.0431010799036644
25-35,23,P_Q_13,0.0350225232321677
25-35,23,P_Q_14,0.0226562281050962
25-35,23,P_Q_15,0.00835774423374745
25-35,23,P_Q_16,0.00203479611697571
25-35,23,P_Q_17,0.000373700419089895
25-35,23,L_Q,0.969818634210103
25-35,23,beta_NQ_2,0.990472600076074
25-35,23,beta_NQ_3,0.988217199999898
25-35,23,beta_NQ_4,0.985088499999103
25-35,23,beta_NQ_5,0.979207900000741
25-35,23,beta_NQ_6,0.969464399997845
25-35,23,beta_NQ_7,0.956664600400181
25-35,23,beta_NQ_8,0.944183200024705
25-35,23,beta_NQ_9,0.931204399992527
25-35,23,beta_NQ_10,0.914147900140892
25-35,23,beta_NQ_11,0.88096120871536
25-35,23,beta_NQ_12,0.807341310491864
25-35,23,beta_NQ_13,0.675434200748707
25-35,23,beta_NQ_14,0.486570798834349
25-35,23,beta_NQ_15,0.283754838344068
25-35,23,beta_NQ_16,0.137884601826712
25-35,23,beta_NQ_17,0.0815321951115927
25-35,23,h_NQ_2,104.960429918
25-35,23,h_NQ_3,84.86947075324
25-35,23,h_NQ_4,67.062334435824
25-35,23,h_NQ_5,48.0951900017419
25-35,23,h_NQ_6,32.7486605774396
25-35,23,h_NQ_7,23.0758225384541
25-35,23,h_NQ_8,17.9157529711678
25-35,23,h_NQ_9,14.5358133348051
25-35,23,h_NQ_10,11.6479387166465
25-35,23,h_NQ_11,8.40062231382592
25-35,23,h_NQ_12,5.19052604782713
25-35,23,h_NQ_13,3.08103934765939
25-35,23,h_NQ_14,1.94768820647079
25-35,23,h_NQ_15,1.39616972277957
25-35,23,h_NQ_16,1.15993751997433
25-35,23,h_NQ_17,1.08876599908443
25-35,23,P_NQ_1,0.7181630554
25-35,23,P_NQ_2,0.177182140644785
25-35,23,P_NQ_3,0.180643240751711
25-35,23,P_NQ_4,0.191483580559826
25-35,23,P_NQ_5,0.202368999530148
25-35,23,P_NQ_6,0.202191544953183
25-35,23,P_NQ_7,0.19420190737206
25-35,23,P_NQ_8,0.186893102225243
25-35,23,P_NQ_9,0.181277337717829
25-35,23,P_NQ_10,0.133595682435414
25-35,23,P_NQ_11,0.107408654583162
25-35,23,P_NQ_12,0.100569185671007
25-35,23,P_NQ_13,0.0817192148353464
25-35,23,P_NQ_14,0.0528645340184855
25-35,23,P_NQ_15,0.0195013550892687
25-35,23,P_NQ_16,0.00474784203033016
25-35,23,P_NQ_17,0.000871989737345923
25-35,23,L_NQ,1.80803758777512
25-35,23,pi_Q,0.3
25-35,23,pi_NQ,0.7
25-35,23,y,3.98489491657363
25-35,23,nbar,5.8703816136699
25-35,23,Ptot,3.90811911794067
25-35,23,Pret,0.716112103896693
25-35,23,H,328.38673445958
25-35,23,cCheck,4.44089209850063e-16
25-35,23,shareq,0.3
25-35,23,A,1.154384374
25-35,23,A_Q,2
25-35,23,xpop,1.025947222
25-35,23,h_Q_1,100
25-35,23,mig_Q_2,-0.227887445
25-35,23,med_Q_2,542.0819305
25-35,23,mig_Q_3,0.002215538
25-35,23,med_Q_3,-58.86352969
25-35,23,mig_Q_4,0.002185461
25-35,23,med_Q_4,-114.1069209
25-35,23,mig_Q_5,0.001250696
25-35,23,med_Q_5,-78.79999145
25-35,23,mig_Q_6,0.000621383
25-35,23,med_Q_6,-49.01180817
25-35,23,mig_Q_7,0.000417902
25-35,23,med_Q_7,-25.63089643
25-35,23,mig_Q_8,0.000318194
25-35,23,med_Q_8,-15.22678646
25-35,23,mig_Q_9,4.16344e-05
25-35,23,med_Q_9,-11.40704108
25-35,23,mig_Q_10,8.30422e-05
25-35,23,med_Q_10,-7.416470447
25-35,23,mig_Q_11,0.000669568
25-35,23,med_Q_11,-6.039093245
25-35,23,mig_Q_12,0.001553355
25-35,23,med_Q_12,-3.724759306
25-35,23,mig_Q_13,0.002662428
25-35,23,med_Q_13,-2.509158144
25-35,23,mig_Q_14,0.003569426
25-35,23,med_Q_14,-1.435330468
25-35,23,mig_Q_15,0.00244212
25-35,23,med_Q_15,-0.699586347
25-35,23,mig_Q_16,0.000776922
25-35,23,med_Q_16,-0.294484702
25-35,23,mig_Q_17,-6.75168e-06
25-35,23,med_Q_17,-0.067069086
25-35,23,h_NQ_1,100
25-35,23,mig_NQ_2,-0.525534651
25-35,23,med_NQ_2,6.960429918
25-35,23,mig_NQ_3,0.007161837
25-35,23,med_NQ_3,-8.877240937
25-35,23,mig_NQ_4,0.007625124
25-35,23,med_NQ_4,-5.017158944
25-35,23,mig_NQ_5,0.006565842
25-35,23,med_NQ_5,-9.125407079
25-35,23,mig_NQ_6,0.006608152
25-35,23,med_NQ_6,-7.608957332
25-35,23,mig_NQ_7,0.007135982
25-35,23,med_NQ_7,-4.181986268
25-35,23,mig_NQ_8,0.007365602
25-35,23,med_NQ_8,-2.66206373
25-35,23,mig_NQ_9,0.007348586
25-35,23,med_NQ_9,-2.455391114
25-35,23,mig_NQ_10,0.006252774
25-35,23,med_NQ_10,-1.92661536
25-35,23,mig_NQ_11,0.007457889
25-35,23,med_NQ_11,-2.144404948
25-35,23,mig_NQ_12,0.012093072
25-35,23,med_NQ_12,-2.105516076
25-35,23,mig_NQ_13,0.016508702
25-35,23,med_NQ_13,-1.446924993
25-35,23,mig_NQ_14,0.01729654
25-35,23,med_NQ_14,-0.849258323
25-35,23,mig_NQ_15,0.00934809
25-35,23,med_NQ_15,-0.423825002
25-35,23,mig_NQ_16,0.002734035
25-35,23,med_NQ_16,-0.180281988
25-35,23,mig_NQ_17,0.000293389
25-35,23,med_NQ_17,-0.039545981
25-35,24,beta_Q_2,0.998567900006669
25-35,24,beta_Q_3,0.998121900000046
25-35,24,beta_Q_4,0.99717630000021
25-35,24,beta_Q_5,0.995330300172894
25-35,24,beta_Q_6,0.992001400384707
25-35,24,beta_Q_7,0.986972899997076
25-35,24,beta_Q_8,0.979117000019634
25-35,24,beta_Q_9,0.968275900014148
25-35,24,beta_Q_10,0.955263415083006
25-35,24,beta_Q_11,0.930171300143746
25-35,24,beta_Q_12,0.885025600511386
25-35,24,beta_Q_13,0.790376500426461
25-35,24,beta_Q_14,0.617163904442869
25-35,24,beta_Q_15,0.391218915190549
25-35,24,beta_Q_16,0.198171666851347
25-35,24,beta_Q_17,0.161492363992731
25-35,24,h_Q_2,698.2752601
25-35,24,h_Q_3,532.45301103
25-35,24,h_Q_4,354.14527041624
25-35,24,h_Q_5,214.146519000289
25-35,24,h_Q_6,125.021878876622
25-35,24,h_Q_7,76.7630554594268
25-35,24,h_Q_8,47.8858401902866
25-35,24,h_Q_9,31.5217768134823
25-35,24,h_Q_10,22.3530621376278
25-35,24,h_Q_11,14.320759258358
25-35,24,h_Q_12,8.69758835529285
25-35,24,h_Q_13,4.77045751296658
25-35,24,h_Q_14,2.61207909009917
25-35,24,h_Q_15,1.64262655274624
25-35,24,h_Q_16,1.24714419074903
25-35,24,h_Q_17,1.19259147503393
25-35,24,P_Q_1,0.3120516879
25-35,24,P_Q_2,0.0746465224015065
25-35,24,P_Q_3,0.0782214153250949
25-35,24,P_Q_4,0.0796326387257055
25-35,24,P_Q_5,0.082838589589073
25-35,24,P_Q_6,0.0864514913939466
25-35,24,P_Q_7,0.0856854032978187
25-35,24,P_Q_8,0.0817680948658586
25-35,24,P_Q_9,0.0778115231248719
25-35,24,P_Q_10,0.07441611680469
25-35,24,P_Q_11,0.0537302147926726
25-35,24,P_Q_12,0.041595451130821
25-35,24,P_Q_13,0.035971618913973
25-35,24,P_Q_14,0.0248794754418253
25-35,24,P_Q_15,0.0119913822164365
25-35,24,P_Q_16,0.00284669982041452
25-35,24,P_Q_17,0.000390309096023489
25-35,24,L_Q,0.969895022041203
25-35,24,beta_NQ_2,0.991275700044955
25-35,24,beta_NQ_3,0.988687700000473
25-35,24,beta_NQ_4,0.986582100316149
25-35,24,beta_NQ_5,0.9813840006486
25-35,24,beta_NQ_6,0.972817001453876
25-35,24,beta_NQ_7,0.962049706233961
25-35,24,beta_NQ_8,0.947720700025409
25-35,24,beta_NQ_9,0.931685400202676
25-35,24,beta_NQ_10,0.916191929635411
25-35,24,beta_NQ_11,0.886391599929464
25-35,24,beta_NQ_12,0.82058520000954
25-35,24,beta_NQ_13,0.695844900463616
25-35,24,beta_NQ_14,0.500897139322672
25-35,24,beta_NQ_15,0.290317903067518
25-35,24,beta_NQ_16,0.136720974510348
25-35,24,beta_NQ_17,0.103768538782001
25-35,24,h_NQ_2,114.62237658
25-35,24,h_NQ_3,88.39935291964
25-35,24,h_NQ_4,74.5273105321752
25-35,24,h_NQ_5,53.7172324871075
25-35,24,h_NQ_6,36.7876981917071
25-35,24,h_NQ_7,26.3502528278908
25-35,24,h_NQ_8,19.128029641685
25-35,24,h_NQ_9,14.6381593467445
25-35,24,h_NQ_10,11.932020888109
25-35,24,h_NQ_11,8.80216603131353
25-35,24,h_NQ_12,5.5736761915494
25-35,24,h_NQ_13,3.28779626287059
25-35,24,h_NQ_14,2.0035936477062
25-35,24,h_NQ_15,1.40908161134137
25-35,24,h_NQ_16,1.15837191532398
25-35,24,h_NQ_17,1.11578276857485
25-35,24,P_NQ_1,0.7281206051
25-35,24,P_NQ_2,0.174175218760615
25-35,24,P_NQ_3,0.182516634917978
25-35,24,P_NQ_4,0.18580948806708
25-35,24,P_NQ_5,0.193290045804609
25-35,24,P_NQ_6,0.201720145707659
25-35,24,P_NQ_7,0.199932606556932
25-35,24,P_NQ_8,0.190792220353453
25-35,24,P_NQ_9,0.181560223120399
25-35,24,P_NQ_10,0.173637605617885
25-35,24,P_NQ_11,0.125370502877456
25-35,24,P_NQ_12,0.097056049949338
25-35,24,P_NQ_13,0.0839337765436449
25-35,24,P_NQ_14,0.0580521036425503
25-35,24,P_NQ_15,0.0279798753045498
25-35,24,P_NQ_16,0.00664228858156514
25-35,24,P_NQ_17,0.000910733982775899
25-35,24,L_NQ,1.81014940946708
25-35,24,pi_Q,0.3
25-35,24,pi_NQ,0.7
25-35,24,y,4.27997064626958
25-35,24,nbar,5.97229921082561
25-35,24,Ptot,4.01642875972922
25-35,24,Pret,0.819404204716621
25-35,24,H,346.811386855874
25-35,24,cCheck,4.44089209850063e-16
25-35,24,shareq,0.3
25-35,24,A,1.225015828
25-35,24,A_Q,2
25-35,24,xpop,1.040172293
25-35,24,h_Q_1,100
25-35,24,mig_Q_2,-0.232656793
25-35,24,med_Q_2,600.2752601
25-35,24,mig_Q_3,0.002434764
25-35,24,med_Q_3,-94.82728086
25-35,24,mig_Q_4,0.002457611
25-35,24,med_Q_4,-146.8003923
25-35,24,mig_Q_5,0.001202583
25-35,24,med_Q_5,-97.42948324
25-35,24,mig_Q_6,0.000499971
25-35,24,med_Q_6,-62.7139883
25-35,24,mig_Q_7,0.000316427
25-35,24,med_Q_7,-32.47783183
25-35,24,mig_Q_8,0.000386189
25-35,24,med_Q_8,-18.22361822
25-35,24,mig_Q_9,0.000268254
25-35,24,med_Q_9,-12.62733907
25-35,24,mig_Q_10,0.000285202
25-35,24,med_Q_10,-8.383839386
25-35,24,mig_Q_11,0.000669772
25-35,24,med_Q_11,-7.069661791
25-35,24,mig_Q_12,0.001284341
25-35,24,med_Q_12,-4.678384326
25-35,24,mig_Q_13,0.002622085
25-35,24,med_Q_13,-3.11457549
25-35,24,mig_Q_14,0.00375867
25-35,24,med_Q_14,-1.719445169
25-35,24,mig_Q_15,0.003301759
25-35,24,med_Q_15,-0.826282202
25-35,24,mig_Q_16,0.001176321
25-35,24,med_Q_16,-0.342582665
25-35,24,mig_Q_17,0.00013237
25-35,24,med_Q_17,-0.032194184
25-35,24,h_NQ_1,100
25-35,24,mig_NQ_2,-0.53714561
25-35,24,med_NQ_2,16.62237658
25-35,24,mig_NQ_3,0.007422196
25-35,24,med_NQ_3,-14.4618684
25-35,24,mig_NQ_4,0.007859909
25-35,24,med_NQ_4,-8.644770806
25-35,24,mig_NQ_5,0.005787811
25-35,24,med_NQ_5,-12.00385526
25-35,24,mig_NQ_6,0.005530605
25-35,24,med_NQ_6,-10.34558801
25-35,24,mig_NQ_7,0.006503113
25-35,24,med_NQ_7,-5.743434538
25-35,24,mig_NQ_8,0.007430042
25-35,24,med_NQ_8,-3.486276446
25-35,24,mig_NQ_9,0.007524544
25-35,24,med_NQ_9,-2.919278565
25-35,24,mig_NQ_10,0.007923308
25-35,24,med_NQ_10,-2.31307618
25-35,24,mig_NQ_11,0.007677889
25-35,24,med_NQ_11,-2.612813911
25-35,24,mig_NQ_12,0.010340606
25-35,24,med_NQ_12,-2.658933676
25-35,24,mig_NQ_13,0.016005909
25-35,24,med_NQ_13,-1.798919264
25-35,24,mig_NQ_14,0.01828992
25-35,24,med_NQ_14,-1.015824913
25-35,24,mig_NQ_15,0.012979308
25-35,24,med_NQ_15,-0.499652831
25-35,24,mig_NQ_16,0.003953352
25-35,24,med_NQ_16,-0.209874413
25-35,24,mig_NQ_17,0.000523632
25-35,24,med_NQ_17,-0.020956001
25-35,25,beta_Q_2,0.998632799999955
25-35,25,beta_Q_3,0.998197499999996
25-35,25,beta_Q_4,0.997334600000127
25-35,25,beta_Q_5,0.995742200032309
25-35,25,beta_Q_6,0.992592800009731
25-35,25,beta_Q_7,0.987996600040646
25-35,25,beta_Q_8,0.980881900094676
25-35,25,beta_Q_9,0.969825600035104
25-35,25,beta_Q_10,0.955121599992046
25-35,25,beta_Q_11,0.930302299960104
25-35,25,beta_Q_12,0.88686100819419
25-35,25,beta_Q_13,0.801346400895735
25-35,25,beta_Q_14,0.630152162749872
25-35,25,beta_Q_15,0.401319548696717
25-35,25,beta_Q_16,0.209842137382246
25-35,25,beta_Q_17,0.141344056412864
25-35,25,h_Q_2,731.4218841
25-35,25,h_Q_3,554.785020798
25-35,25,h_Q_4,375.1782096094
25-35,25,h_Q_5,234.863074807915
25-35,25,h_Q_6,135.003780060283
25-35,25,h_Q_7,83.30972895909
25-35,25,h_Q_8,52.3064530302383
25-35,25,h_Q_9,33.1406755764809
25-35,25,h_Q_10,22.2824343052127
25-35,25,h_Q_11,14.3476757398752
25-35,25,h_Q_12,8.83868518519084
25-35,25,h_Q_13,5.033888157187
25-35,25,h_Q_14,2.70381053670725
25-35,25,h_Q_15,1.67034002329719
25-35,25,h_Q_16,1.26556983069131
25-35,25,h_Q_17,1.16461046393405
25-35,25,P_Q_1,0.306880497
25-35,25,P_Q_2,0.0703933366798395
25-35,25,P_Q_3,0.0768607277677877
25-35,25,P_Q_4,0.0803230335146578
25-35,25,P_Q_5,0.0802344772064161
25-35,25,P_Q_6,0.0823301268782545
25-35,25,P_Q_7,0.0851402141701557
25-35,25,P_Q_8,0.0839215743224328
25-35,25,P_Q_9,0.0793560346486815
25-35,25,P_Q_10,0.0744058763130754
25-35,25,P_Q_11,0.0696131771198673
25-35,25,P_Q_12,0.0486338866124909
25-35,25,P_Q_13,0.0350861410984382
25-35,25,P_Q_14,0.0261296827780785
25-35,25,P_Q_15,0.0135357483928608
25-35,25,P_Q_16,0.00411624920168282
25-35,25,P_Q_17,0.000597353283576423
25-35,25,L_Q,0.956953962056609
25-35,25,beta_NQ_2,0.991690600000529
25-35,25,beta_NQ_3,0.989144200000644
25-35,25,beta_NQ_4,0.987363000003173
25-35,25,beta_NQ_5,0.983010700120059
25-35,25,beta_NQ_6,0.974850500042407
25-35,25,beta_NQ_7,0.965107800119121
25-35,25,beta_NQ_8,0.952190900273821
25-35,25,beta_NQ_9,0.935068400007744
25-35,25,beta_NQ_10,0.916035200054267
25-35,25,beta_NQ_11,0.886647899968915
25-35,25,beta_NQ_12,0.823275109295727
25-35,25,beta_NQ_13,0.709672299606467
25-35,25,beta_NQ_14,0.514614910536279
25-35,25,beta_NQ_15,0.299465121496327
25-35,25,beta_NQ_16,0.146564112237895
25-35,25,beta_NQ_17,0.0942485130586051
25-35,25,h_NQ_2,120.34563266
25-35,25,h_NQ_3,92.1166565384
25-35,25,h_NQ_4,79.1327055502472
25-35,25,h_NQ_5,58.8605769515317
25-35,25,h_NQ_6,39.7622219073654
25-35,25,h_NQ_7,28.6597004468729
25-35,25,h_NQ_8,20.916520074333
25-35,25,h_NQ_9,15.4008217888513
25-35,25,h_NQ_10,11.9097526658096
25-35,25,h_NQ_11,8.82206857834684
25-35,25,h_NQ_12,5.65851217868726
25-35,25,h_NQ_13,3.44438370371842
25-35,25,h_NQ_14,2.06021854361317
25-35,25,h_NQ_15,1.42748063175208
25-35,25,h_NQ_16,1.17173415911455
25-35,25,h_NQ_17,1.1040555850175
25-35,25,P_NQ_1,0.716054493
25-35,25,P_NQ_2,0.164251119537659
25-35,25,P_NQ_3,0.179341696433512
25-35,25,P_NQ_4,0.187420410020014
25-35,25,P_NQ_5,0.187213776757739
25-35,25,P_NQ_6,0.192103631770522
25-35,25,P_NQ_7,0.198660499919526
25-35,25,P_NQ_8,0.19581700584404
25-35,25,P_NQ_9,0.185164078175564
25-35,25,P_NQ_10,0.173613715165714
25-35,25,P_NQ_11,0.162430745051558
25-35,25,P_NQ_12,0.113479071178993
25-35,25,P_NQ_13,0.0818676604163889
25-35,25,P_NQ_14,0.0609692275632601
25-35,25,P_NQ_15,0.0315834099981634
25-35,25,P_NQ_16,0.00960452181831608
25-35,25,P_NQ_17,0.00139380758027739
25-35,25,L_NQ,1.78590090440416
25-35,25,pi_Q,0.3
25-35,25,pi_NQ,0.7
25-35,25,y,4.61593315796385
25-35,25,nbar,5.95714173163588
25-35,25,Ptot,4.05852700721954
25-35,25,Pret,0.907060273572742
25-35,25,H,353.046277654685
25-35,25,cCheck,-1.33226762955019e-15
25-35,25,shareq,0.3
25-35,25,A,1.323527466
25-35,25,A_Q,2
25-35,25,xpop,1.02293499
25-35,25,h_Q_1,100
25-35,25,mig_Q_2,-0.241211462
25-35,25,med_Q_2,633.4218841
25-35,25,mig_Q_3,0.002354399
25-35,25,med_Q_3,-129.5247341
25-35,25,mig_Q_4,0.002322492
25-35,25,med_Q_4,-146.6257412
25-35,25,mig_Q_5,0.000973699
25-35,25,med_Q_5,-112.1992902
25-35,25,mig_Q_6,0.00015413
25-35,25,med_Q_6,-74.85980856
25-35,25,mig_Q_7,-0.000185065
25-35,25,med_Q_7,-39.21171234
25-35,25,mig_Q_8,2.55393e-05
25-35,25,med_Q_8,-22.92134132
25-35,25,mig_Q_9,0.000181959
25-35,25,med_Q_9,-13.78744781
25-35,25,mig_Q_10,7.5375e-05
25-35,25,med_Q_10,-8.608906972
25-35,25,mig_Q_11,0.000393441
25-35,25,med_Q_11,-7.558325155
25-35,25,mig_Q_12,0.001081271
25-35,25,med_Q_12,-5.195658888
25-35,25,mig_Q_13,0.002210074
25-35,25,med_Q_13,-3.489748431
25-35,25,mig_Q_14,0.003929298
25-35,25,med_Q_14,-1.971237826
25-35,25,mig_Q_15,0.003802427
25-35,25,med_Q_15,-0.889497485
25-35,25,mig_Q_16,0.001739897
25-35,25,med_Q_16,-0.344204191
25-35,25,mig_Q_17,0.000137633
25-35,25,med_Q_17,-0.057590843
25-35,25,h_NQ_1,100
25-35,25,mig_NQ_2,-0.557517143
25-35,25,med_NQ_2,22.34563266
25-35,25,mig_NQ_3,0.0071368
25-35,25,med_NQ_3,-20.21327251
25-35,25,mig_NQ_4,0.007352765
25-35,25,med_NQ_4,-7.498660311
25-35,25,mig_NQ_5,0.004863318
25-35,25,med_NQ_5,-14.17618737
25-35,25,mig_NQ_6,0.004067789
25-35,25,med_NQ_6,-12.88066593
25-35,25,mig_NQ_7,0.004595693
25-35,25,med_NQ_7,-7.392243781
25-35,25,mig_NQ_8,0.006336736
25-35,25,med_NQ_8,-4.906727697
25-35,25,mig_NQ_9,0.007405752
25-35,25,med_NQ_9,-3.34464726
25-35,25,mig_NQ_10,0.007269704
25-35,25,med_NQ_10,-2.435643494
25-35,25,mig_NQ_11,0.00851983
25-35,25,med_NQ_11,-2.871311892
25-35,25,mig_NQ_12,0.010601892
25-35,25,med_NQ_12,-2.967610532
25-35,25,mig_NQ_13,0.014331703
25-35,25,med_NQ_13,-2.017818964
25-35,25,mig_NQ_14,0.018927039
25-35,25,med_NQ_14,-1.161821794
25-35,25,mig_NQ_15,0.014729845
25-35,25,med_NQ_15,-0.536041143
25-35,25,mig_NQ_16,0.005779086
25-35,25,med_NQ_16,-0.20916582
25-35,25,mig_NQ_17,0.000704547
25-35,25,med_NQ_17,-0.031148892
25-35,26,beta_Q_2,0.998746800005888
25-35,26,beta_Q_3,0.998359100014445
25-35,26,beta_Q_4,0.997555300010877
25-35,26,beta_Q_5,0.996150600061289
25-35,26,beta_Q_6,0.993290900091443
25-35,26,beta_Q_7,0.989111500126182
25-35,26,beta_Q_8,0.982749500339779
25-35,26,beta_Q_9,0.972941300825321
25-35,26,beta_Q_10,0.958661900182128
25-35,26,beta_Q_11,0.933837099979108
25-35,26,beta_Q_12,0.893199999924377
25-35,26,beta_Q_13,0.817945501768439
25-35,26,beta_Q_14,0.655981402941068
25-35,26,beta_Q_15,0.425457089935023
25-35,26,beta_Q_16,0.229895454642405
25-35,26,beta_Q_17,0.13414440357822
25-35,26,h_Q_2,797.9572295
25-35,26,h_Q_3,609.421658818
25-35,26,h_Q_4,409.04814498204
25-35,26,h_Q_5,259.780745017212
25-35,26,h_Q_6,149.051288531757
25-35,26,h_Q_7,91.8400146490773
25-35,26,h_Q_8,57.9693342699082
25-35,26,h_Q_9,36.9566904396335
25-35,26,h_Q_10,24.1907586829512
25-35,26,h_Q_11,15.1142105261084
25-35,26,h_Q_12,9.36329587207771
25-35,26,h_Q_13,5.49286068148702
25-35,26,h_Q_14,2.90681959504325
25-35,26,h_Q_15,1.74050861697311
25-35,26,h_Q_16,1.29852439683124
25-35,26,h_Q_17,1.15492698707749
25-35,26,P_Q_1,0.2996055927
25-35,26,P_Q_2,0.0720767969844878
25-35,26,P_Q_3,0.0725911786904739
25-35,26,P_Q_4,0.0789499371840052
25-35,26,P_Q_5,0.0809808051051543
25-35,26,P_Q_6,0.0798368423876335
25-35,26,P_Q_7,0.0812278714366304
25-35,26,P_Q_8,0.08359848114969
25-35,26,P_Q_9,0.0817341181731439
25-35,26,P_Q_10,0.0761853687826729
25-35,26,P_Q_11,0.069820434864601
25-35,26,P_Q_12,0.0632045634441262
25-35,26,P_Q_13,0.0415488109984908
25-35,26,P_Q_14,0.026156368695728
25-35,26,P_Q_15,0.0147364645000868
25-35,26,P_Q_16,0.00488484737382621
25-35,26,P_Q_17,0.000902009359372062
25-35,26,L_Q,0.943122720576561
25-35,26,beta_NQ_2,0.992391500039615
25-35,26,beta_NQ_3,0.990140600107284
25-35,26,beta_NQ_4,0.98845960007728
25-35,26,beta_NQ_5,0.984706600350459
25-35,26,beta_NQ_6,0.977306500425687
25-35,26,beta_NQ_7,0.968419300456607
25-35,26,beta_NQ_8,0.956882800844418
25-35,26,beta_NQ_9,0.941672201565522
25-35,26,beta_NQ_10,0.922522700192275
25-35,26,beta_NQ_11,0.89228950009065
25-35,26,beta_NQ_12,0.832520399951811
25-35,26,beta_NQ_13,0.730823999974737
25-35,26,beta_NQ_14,0.541515399137528
25-35,26,beta_NQ_15,0.319759640465486
25-35,26,beta_NQ_16,0.161053376295915
25-35,26,beta_NQ_17,0.0911675967833154
25-35,26,h_NQ_2,131.43195111
25-35,26,h_NQ_3,101.4260502668
25-35,26,h_NQ_4,86.652109116632
25-35,26,h_NQ_5,65.3876835792422
25-35,26,h_NQ_6,44.0654813025011
25-35,26,h_NQ_7,31.6649092592181
25-35,26,h_NQ_8,23.1926006309355
25-35,26,h_NQ_9,17.1444834168463
25-35,26,h_NQ_10,12.9070063110742
25-35,26,h_NQ_11,9.28414593549341
25-35,26,h_NQ_12,5.9708764507799
25-35,26,h_NQ_13,3.71504145411351
25-35,26,h_NQ_14,2.18109833564405
25-35,26,h_NQ_15,1.47006744574091
25-35,26,h_NQ_16,1.19197083911704
25-35,26,h_NQ_17,1.10031288093226
25-35,26,P_NQ_1,0.6990797163
25-35,26,P_NQ_2,0.168179191796244
25-35,26,P_NQ_3,0.169379417234288
25-35,26,P_NQ_4,0.184216517416251
25-35,26,P_NQ_5,0.188955213470563
25-35,26,P_NQ_6,0.18628596288711
25-35,26,P_NQ_7,0.189531702452943
25-35,26,P_NQ_8,0.19506312326722
25-35,26,P_NQ_9,0.190712941348894
25-35,26,P_NQ_10,0.177765859394416
25-35,26,P_NQ_11,0.162914353957482
25-35,26,P_NQ_12,0.147477312385308
25-35,26,P_NQ_13,0.0969472264008023
25-35,26,P_NQ_14,0.0610315057409944
25-35,26,P_NQ_15,0.0343850651397689
25-35,26,P_NQ_16,0.0113979774478263
25-35,26,P_NQ_17,0.00210467590001522
25-35,26,L_NQ,1.75892245737666
25-35,26,pi_Q,0.3
25-35,26,pi_NQ,0.7
25-35,26,y,4.7714739708535
25-35,26,nbar,5.89008202112342
25-35,26,Ptot,4.09346825437025
25-35,26,Pret,0.991462844385517
25-35,26,H,371.785150662977
25-35,26,cCheck,-4.44089209850063e-16
25-35,26,shareq,0.3
25-35,26,A,1.379010647
25-35,26,A_Q,2
25-35,26,xpop,0.998685309
25-35,26,h_Q_1,100
25-35,26,mig_Q_2,-0.234384133
25-35,26,med_Q_2,699.9572295
25-35,26,mig_Q_3,0.002324726
25-35,26,med_Q_3,-107.3717876
25-35,26,mig_Q_4,0.002294074
25-35,26,med_Q_4,-134.6411754
25-35,26,mig_Q_5,0.000999771
25-35,26,med_Q_5,-107.8939004
25-35,26,mig_Q_6,0.000196678
25-35,26,med_Q_6,-81.11452478
25-35,26,mig_Q_7,-0.000114014
25-35,26,med_Q_7,-40.46368981
25-35,26,mig_Q_8,8.59861e-05
25-35,26,med_Q_8,-23.67420011
25-35,26,mig_Q_9,0.000344827
25-35,26,med_Q_9,-14.30363353
25-35,26,mig_Q_10,0.000390706
25-35,26,med_Q_10,-8.287103382
25-35,26,mig_Q_11,0.000600477
25-35,26,med_Q_11,-6.722575093
25-35,26,mig_Q_12,0.001467351
25-35,26,med_Q_12,-4.697426353
25-35,26,mig_Q_13,0.002576221
25-35,26,med_Q_13,-3.1690508
25-35,26,mig_Q_14,0.004046761
25-35,26,med_Q_14,-2.026390799
25-35,26,mig_Q_15,0.004250112
25-35,26,med_Q_15,-0.909225709
25-35,26,mig_Q_16,0.002044477
25-35,26,med_Q_16,-0.338408826
25-35,26,mig_Q_17,0.000320202
25-35,26,med_Q_17,-0.085331447
25-35,26,h_NQ_1,100
25-35,26,mig_NQ_2,-0.541925318
25-35,26,med_NQ_2,33.43195111
25-35,26,mig_NQ_3,0.006911375
25-35,26,med_NQ_3,-16.51266974
25-35,26,mig_NQ_4,0.007141162
25-35,26,med_NQ_4,-3.622214291
25-35,26,mig_NQ_5,0.004718945
25-35,26,med_NQ_5,-12.16236786
25-35,26,mig_NQ_6,0.003780519
25-35,26,med_NQ_6,-13.61788411
25-35,26,mig_NQ_7,0.004130989
25-35,26,med_NQ_7,-7.30206821
25-35,26,mig_NQ_8,0.005900403
25-35,26,med_NQ_8,-4.893905807
25-35,26,mig_NQ_9,0.007610647
25-35,26,med_NQ_9,-3.353706256
25-35,26,mig_NQ_10,0.008149046
25-35,26,med_NQ_10,-2.185799042
25-35,26,mig_NQ_11,0.008980118
25-35,26,med_NQ_11,-2.387411677
25-35,26,mig_NQ_12,0.013752123
25-35,26,med_NQ_12,-2.674750756
25-35,26,mig_NQ_13,0.016414273
25-35,26,med_NQ_13,-1.830300481
25-35,26,mig_NQ_14,0.018901187
25-35,26,med_NQ_14,-1.194397694
25-35,26,mig_NQ_15,0.016126908
25-35,26,med_NQ_15,-0.548946727
25-35,26,mig_NQ_16,0.006768983
25-35,26,med_NQ_16,-0.20696018
25-35,26,mig_NQ_17,0.001199464
25-35,26,med_NQ_17,-0.047986595
25-35,27,beta_Q_2,0.999207365784893
25-35,27,beta_Q_3,0.998619418331389
25-35,27,beta_Q_4,0.998083926602945
25-35,27,beta_Q_5,0.996471500016403
25-35,27,beta_Q_6,0.993847900026437
25-35,27,beta_Q_7,0.99001940004476
25-35,27,beta_Q_8,0.984195300066976
25-35,27,beta_Q_9,0.975226300158592
25-35,27,beta_Q_10,0.962119300161714
25-35,27,beta_Q_11,0.93756790014858
25-35,27,beta_Q_12,0.895856444026453
25-35,27,beta_Q_13,0.822341166340975
25-35,27,beta_Q_14,0.667730822348659
25-35,27,beta_Q_15,0.438449067544388
25-35,27,beta_Q_16,0.242116452619548
25-35,27,beta_Q_17,0.1445777199943
25-35,27,h_Q_2,1261.61599
25-35,27,h_Q_3,724.33237579
25-35,27,h_Q_4,521.90067479164
25-35,27,h_Q_5,283.406546682399
25-35,27,h_Q_6,162.546122426868
25-35,27,h_Q_7,100.194377071122
25-35,27,h_Q_8,63.2723176860957
25-35,27,h_Q_9,40.36538753451
25-35,27,h_Q_10,26.3986673808408
25-35,27,h_Q_11,16.0174013402922
25-35,27,h_Q_12,9.60212628958624
25-35,27,h_Q_13,5.62876387663616
25-35,27,h_Q_14,3.00960336985728
25-35,27,h_Q_15,1.78078185914239
25-35,27,h_Q_16,1.31946383563364
25-35,27,h_Q_17,1.16901324789462
25-35,27,P_Q_1,0.289519968
25-35,27,P_Q_2,0.0745005049729924
25-35,27,P_Q_3,0.0742668261693571
25-35,27,P_Q_4,0.0746922350367189
25-35,27,P_Q_5,0.0796663673006478
25-35,27,P_Q_6,0.0806514297930284
25-35,27,P_Q_7,0.0788774303393698
25-35,27,P_Q_8,0.0799005174680123
25-35,27,P_Q_9,0.0816407079968005
25-35,27,P_Q_10,0.0787471050375768
25-35,27,P_Q_11,0.0718390878448502
25-35,27,P_Q_12,0.0635935884157816
25-35,27,P_Q_13,0.054137092360361
25-35,27,P_Q_14,0.0316116043293233
25-35,27,P_Q_15,0.015128792508552
25-35,27,P_Q_16,0.00544961920606913
25-35,27,P_Q_17,0.00114787593753255
25-35,27,L_Q,0.927712150635566
25-35,27,beta_NQ_2,0.994023730807936
25-35,27,beta_NQ_3,0.991666440680468
25-35,27,beta_NQ_4,0.989704938271134
25-35,27,beta_NQ_5,0.986023900088483
25-35,27,beta_NQ_6,0.979247300123177
25-35,27,beta_NQ_7,0.971109400161155
25-35,27,beta_NQ_8,0.960532100202879
25-35,27,beta_NQ_9,0.946569300260194
25-35,27,beta_NQ_10,0.928888700277789
25-35,27,beta_NQ_11,0.898215800026637
25-35,27,beta_NQ_12,0.836512758328164
25-35,27,beta_NQ_13,0.736642562623966
25-35,27,beta_NQ_14,0.554065978743354
25-35,27,beta_NQ_15,0.33112415392031
25-35,27,beta_NQ_16,0.170241314755186
25-35,27,beta_NQ_17,0.0985201055612787
25-35,27,h_NQ_2,167.32847315
25-35,27,h_NQ_3,119.9967458868
25-35,27,h_NQ_4,97.133944457464
25-35,27,h_NQ_5,71.5507187342994
25-35,27,h_NQ_6,48.1865010376574
25-35,27,h_NQ_7,34.613334438451
25-35,27,h_NQ_8,25.3370460500337
25-35,27,h_NQ_9,18.7158319073168
25-35,27,h_NQ_10,14.0624626435094
25-35,27,h_NQ_11,9.82470756885276
25-35,27,h_NQ_12,6.11668307678354
25-35,27,h_NQ_13,3.7971198827643
25-35,27,h_NQ_14,2.24248280003124
25-35,27,h_NQ_15,1.49504563893117
25-35,27,h_NQ_16,1.20516965082609
25-35,27,h_NQ_17,1.1092870753347
25-35,27,P_NQ_1,0.675546592
25-35,27,P_NQ_2,0.173834512306226
25-35,27,P_NQ_3,0.173289260890691
25-35,27,P_NQ_4,0.174281880020727
25-35,27,P_NQ_5,0.185888185593357
25-35,27,P_NQ_6,0.188186669414104
25-35,27,P_NQ_7,0.18404733286402
25-35,27,P_NQ_8,0.186434543291983
25-35,27,P_NQ_9,0.19049498673129
25-35,27,P_NQ_10,0.183743246614793
25-35,27,P_NQ_11,0.167624536812229
25-35,27,P_NQ_12,0.148385044114574
25-35,27,P_NQ_13,0.126319879342955
25-35,27,P_NQ_14,0.0737604109997068
25-35,27,P_NQ_15,0.0353004283328076
25-35,27,P_NQ_16,0.0127157638349148
25-35,27,P_NQ_17,0.00267837821210875
25-35,27,L_NQ,1.72772446569329
25-35,27,pi_Q,0.3
25-35,27,pi_NQ,0.7
25-35,27,y,5.11569982432256
25-35,27,nbar,5.84999214379323
25-35,27,Ptot,4.11790240409346
25-35,27,Pret,1.07218245390413
25-35,27,H,439.053303261429
25-35,27,cCheck,4.44089209850063e-16
25-35,27,shareq,0.3
25-35,27,A,1.485581065
25-35,27,A_Q,2
25-35,27,xpop,0.96506656
25-35,27,h_Q_1,100
25-35,27,mig_Q_2,-0.224729622
25-35,27,med_Q_2,1163.61599
25-35,27,mig_Q_3,0.0023083
25-35,27,med_Q_3,-57.66570912
25-35,27,mig_Q_4,0.00227852
25-35,27,med_Q_4,-75.33255085
25-35,27,mig_Q_5,0.00102034
25-35,27,med_Q_5,-117.4606354
25-35,27,mig_Q_6,0.000213933
25-35,27,med_Q_6,-92.03900769
25-35,27,mig_Q_7,-9.01086e-05
25-35,27,med_Q_7,-45.87588569
25-35,27,mig_Q_8,7.38674e-05
25-35,27,med_Q_8,-26.73089667
25-35,27,mig_Q_9,0.000304293
25-35,27,med_Q_9,-16.44456005
25-35,27,mig_Q_10,0.00039172
25-35,27,med_Q_10,-9.81888925
25-35,27,mig_Q_11,0.000694364
25-35,27,med_Q_11,-7.689542169
25-35,27,mig_Q_12,0.001229976
25-35,27,med_Q_12,-5.209800026
25-35,27,mig_Q_13,0.002439204
25-35,27,med_Q_13,-3.547266078
25-35,27,mig_Q_14,0.004356357
25-35,27,med_Q_14,-2.373400098
25-35,27,mig_Q_15,0.00400038
25-35,27,med_Q_15,-1.067901344
25-35,27,mig_Q_16,0.002061773
25-35,27,med_Q_16,-0.386234609
25-35,27,mig_Q_17,0.000492601
25-35,27,med_Q_17,-0.103540661
25-35,27,h_NQ_1,100
25-35,27,mig_NQ_2,-0.519926256
25-35,27,med_NQ_2,69.32847315
25-35,27,mig_NQ_3,0.006768215
25-35,27,med_NQ_3,-8.806566201
25-35,27,mig_NQ_4,0.006857169
25-35,27,med_NQ_4,-2.263584804
25-35,27,mig_NQ_5,0.004488965
25-35,27,med_NQ_5,-13.3683482
25-35,27,mig_NQ_6,0.003519511
25-35,27,med_NQ_6,-15.89342887
25-35,27,mig_NQ_7,0.003644411
25-35,27,med_NQ_7,-8.570837238
25-35,27,mig_NQ_8,0.005074917
25-35,27,med_NQ_8,-5.694565024
25-35,27,mig_NQ_9,0.006809466
25-35,27,med_NQ_9,-4.012916711
25-35,27,mig_NQ_10,0.007806229
25-35,27,med_NQ_10,-2.739131105
25-35,27,mig_NQ_11,0.009005927
25-35,27,med_NQ_11,-2.824158616
25-35,27,mig_NQ_12,0.012755521
25-35,27,med_NQ_12,-2.98177994
25-35,27,mig_NQ_13,0.01853992
25-35,27,med_NQ_13,-2.054339039
25-35,27,mig_NQ_14,0.021261995
25-35,27,med_NQ_14,-1.398257825
25-35,27,mig_NQ_15,0.015785016
25-35,27,med_NQ_15,-0.64243073
25-35,27,mig_NQ_16,0.007177933
25-35,27,med_NQ_16,-0.235496446
25-35,27,mig_NQ_17,0.001639252
25-35,27,med_NQ_17,-0.058844347
25-35,28,beta_Q_2,0.99927828214609
25-35,28,beta_Q_3,0.99914733016094
25-35,28,beta_Q_4,0.998404736411713
25-35,28,beta_Q_5,0.997388332547528
25-35,28,beta_Q_6,0.994356500022895
25-35,28,beta_Q_7,0.990848200038915
25-35,28,beta_Q_8,0.985514700064329
25-35,28,beta_Q_9,0.977311000091688
25-35,28,beta_Q_10,0.96529880023085
25-35,28,beta_Q_11,0.942701900190087
25-35,28,beta_Q_12,0.901680100356031
25-35,28,beta_Q_13,0.826531958927594
25-35,28,beta_Q_14,0.674672166675233
25-35,28,beta_Q_15,0.449242389033339
25-35,28,beta_Q_16,0.254418166790466
25-35,28,beta_Q_17,0.155303123380905
25-35,28,h_Q_2,1385.583015
25-35,28,h_Q_3,1172.78687974
25-35,28,h_Q_4,626.8556540342
25-35,28,h_Q_5,382.897140695807
25-35,28,h_Q_6,177.195003048751
25-35,28,h_Q_7,109.26812208833
25-35,28,h_Q_8,69.0355049396993
25-35,28,h_Q_9,44.0742209423738
25-35,28,h_Q_10,28.8174472838198
25-35,28,h_Q_11,17.452585673224
25-35,28,h_Q_12,10.1708810064864
25-35,28,h_Q_13,5.76474867179452
25-35,28,h_Q_14,3.07382182010343
25-35,28,h_Q_15,1.81568049646014
25-35,28,h_Q_16,1.34123429695954
25-35,28,h_Q_17,1.18385660192097
25-35,28,P_Q_1,0.281860557
25-35,28,P_Q_2,0.0774190065674066
25-35,28,P_Q_3,0.0766966559415244
25-35,28,P_Q_4,0.0763992444794503
25-35,28,P_Q_5,0.075452958486617
25-35,28,P_Q_6,0.0793964318444837
25-35,28,P_Q_7,0.0797579128364461
25-35,28,P_Q_8,0.077723687321368
25-35,28,P_Q_9,0.0782046680310866
25-35,28,P_Q_10,0.0789124908425885
25-35,28,P_Q_11,0.0746124309128606
25-35,28,P_Q_12,0.0658339387787914
25-35,28,P_Q_13,0.0546869566696418
25-35,28,P_Q_14,0.0412453562013491
25-35,28,P_Q_15,0.0187525644417739
25-35,28,P_Q_16,0.0057310365745878
25-35,28,P_Q_17,0.00134795551965062
25-35,28,L_Q,0.917971702621934
25-35,28,beta_NQ_2,0.994690503393992
25-35,28,beta_NQ_3,0.993516958947122
25-35,28,beta_NQ_4,0.991307174794923
25-35,28,beta_NQ_5,0.987577243136699
25-35,28,beta_NQ_6,0.981019700111639
25-35,28,beta_NQ_7,0.973568900151684
25-35,28,beta_NQ_8,0.963873900189963
25-35,28,beta_NQ_9,0.951062700236185
25-35,28,beta_NQ_10,0.934786300283455
25-35,28,beta_NQ_11,0.906378300288754
25-35,28,beta_NQ_12,0.845147400050261
25-35,28,beta_NQ_13,0.742250658217589
25-35,28,beta_NQ_14,0.561476335445756
25-35,28,beta_NQ_15,0.340462424467105
25-35,28,beta_NQ_16,0.179566010817859
25-35,28,beta_NQ_17,0.106128807109109
25-35,28,h_NQ_2,188.34177215
25-35,28,h_NQ_3,154.248598752
25-35,28,h_NQ_4,115.037398821064
25-35,28,h_NQ_5,80.4974251083147
25-35,28,h_NQ_6,52.6862062296134
25-35,28,h_NQ_7,37.8342180279043
25-35,28,h_NQ_8,27.680818020682
25-35,28,h_NQ_9,20.434310838033
25-35,28,h_NQ_10,15.3342012471704
25-35,28,h_NQ_11,10.6812843576392
25-35,28,h_NQ_12,6.4577540204757
25-35,28,h_NQ_13,3.87973745724787
25-35,28,h_NQ_14,2.28037845910902
25-35,28,h_NQ_15,1.51621377903062
25-35,28,h_NQ_16,1.21886708315254
25-35,28,h_NQ_17,1.11872941280957
25-35,28,P_NQ_1,0.657674633
25-35,28,P_NQ_2,0.181053569714427
25-35,28,P_NQ_3,0.17905284108614
25-35,28,P_NQ_4,0.178251457252872
25-35,28,P_NQ_5,0.17605690105279
25-35,28,P_NQ_6,0.185258337867091
25-35,28,P_NQ_7,0.186101797653057
25-35,28,P_NQ_8,0.181355268172616
25-35,28,P_NQ_9,0.182477562188221
25-35,28,P_NQ_10,0.184129147634263
25-35,28,P_NQ_11,0.174095672257598
25-35,28,P_NQ_12,0.153612524652278
25-35,28,P_NQ_13,0.12760290115163
25-35,28,P_NQ_14,0.0962391315828965
25-35,28,P_NQ_15,0.0437559746850923
25-35,28,P_NQ_16,0.0133723923307984
25-35,28,P_NQ_17,0.00314522539530809
25-35,28,L_NQ,1.70757822610079
25-35,28,pi_Q,0.3
25-35,28,pi_NQ,0.7
25-35,28,y,5.61368547775457
25-35,28,nbar,5.980892464661
25-35,28,Ptot,4.1472691901267
25-35,28,Pret,1.13707569963111
25-35,28,H,521.497735515618
25-35,28,cCheck,-4.44089209850063e-16
25-35,28,shareq,0.3
25-35,28,A,1.605136168
25-35,28,A_Q,2
25-35,28,xpop,0.93953519
25-35,28,h_Q_1,100
25-35,28,mig_Q_2,-0.211871478
25-35,28,med_Q_2,1287.583015
25-35,28,mig_Q_3,0.002299005
25-35,28,med_Q_3,-63.59679046
25-35,28,mig_Q_4,0.002274719
25-35,28,med_Q_4,-82.99007424
25-35,28,mig_Q_5,0.001024275
25-35,28,med_Q_5,-128.5655206
25-35,28,mig_Q_6,0.00022018
25-35,28,med_Q_6,-100.5434127
25-35,28,mig_Q_7,-8.85673e-05
25-35,28,med_Q_7,-50.02707789
25-35,28,mig_Q_8,9.28911e-05
25-35,28,med_Q_8,-29.15498459
25-35,28,mig_Q_9,0.000283582
25-35,28,med_Q_9,-17.93265039
25-35,28,mig_Q_10,0.00036439
25-35,28,med_Q_10,-10.7406325
25-35,28,mig_Q_11,0.000781673
25-35,28,med_Q_11,-8.41810836
25-35,28,mig_Q_12,0.001476429
25-35,28,med_Q_12,-5.526172307
25-35,28,mig_Q_13,0.002391331
25-35,28,med_Q_13,-3.645335092
25-35,28,mig_Q_14,0.005096351
25-35,28,med_Q_14,-2.442366779
25-35,28,mig_Q_15,0.004892486
25-35,28,med_Q_15,-1.133730806
25-35,28,mig_Q_16,0.002068107
25-35,28,med_Q_16,-0.403931925
25-35,28,mig_Q_17,0.000560062
25-35,28,med_Q_17,-0.109217957
25-35,28,h_NQ_1,100
25-35,28,mig_NQ_2,-0.490455774
25-35,28,med_NQ_2,90.34177215
25-35,28,mig_NQ_3,0.006666989
25-35,28,med_NQ_3,-9.733304935
25-35,28,mig_NQ_4,0.00674622
25-35,28,med_NQ_4,-2.559412148
25-35,28,mig_NQ_5,0.004210802
25-35,28,med_NQ_5,-14.69384046
25-35,28,mig_NQ_6,0.003227834
25-35,28,med_NQ_6,-17.43349813
25-35,28,mig_NQ_7,0.003351954
25-35,28,med_NQ_7,-9.388552989
25-35,28,mig_NQ_8,0.004571897
25-35,28,med_NQ_8,-6.240249729
25-35,28,mig_NQ_9,0.006004347
25-35,28,med_NQ_9,-4.395994291
25-35,28,mig_NQ_10,0.007180507
25-35,28,med_NQ_10,-3.007314022
25-35,28,mig_NQ_11,0.009054585
25-35,28,med_NQ_11,-3.099929033
25-35,28,mig_NQ_12,0.013392461
25-35,28,med_NQ_12,-3.170459397
25-35,28,mig_NQ_13,0.018296162
25-35,28,med_NQ_13,-2.114611958
25-35,28,mig_NQ_14,0.026249584
25-35,28,med_NQ_14,-1.440799026
25-35,28,mig_NQ_15,0.019332121
25-35,28,med_NQ_15,-0.681419365
25-35,28,mig_NQ_16,0.007362801
25-35,28,med_NQ_16,-0.246277643
25-35,28,mig_NQ_17,0.001892467
25-35,28,med_NQ_17,-0.062336845
25-35,29,beta_Q_2,0.999342405694202
25-35,29,beta_Q_3,0.999223447256607
25-35,29,beta_Q_4,0.999054743865352
25-35,29,beta_Q_5,0.997888690244764
25-35,29,beta_Q_6,0.996232625580958
25-35,29,beta_Q_7,0.991605100033018
25-35,29,beta_Q_8,0.986719100056478
25-35,29,beta_Q_9,0.979213400095598
25-35,29,beta_Q_10,0.968202200108787
25-35,29,beta_Q_11,0.947434800357186
25-35,29,beta_Q_12,0.909868200300914
25-35,29,beta_Q_13,0.835661400953156
25-35,29,beta_Q_14,0.681522067623461
25-35,29,beta_Q_15,0.457188922774912
25-35,29,beta_Q_16,0.265002645124233
25-35,29,beta_Q_17,0.166266739332475
25-35,29,h_Q_2,1520.694433
25-35,29,h_Q_3,1287.74253714
25-35,29,h_Q_4,1057.9143190352
25-35,29,h_Q_5,473.639643553516
25-35,29,h_Q_6,265.436850381891
25-35,29,h_Q_7,119.119941817776
25-35,29,h_Q_8,75.2961018965637
25-35,29,h_Q_9,48.1079156609053
25-35,29,h_Q_10,31.4487165335264
25-35,29,h_Q_11,19.0239931071434
25-35,29,h_Q_12,11.0948632857595
25-35,29,h_Q_13,6.08499771635664
25-35,29,h_Q_14,3.13993430735863
25-35,29,h_Q_15,1.84226150870136
25-35,29,h_Q_16,1.36054905553093
25-35,29,h_Q_17,1.19942434502035
25-35,29,P_Q_1,0.2809735983
25-35,29,P_Q_2,0.0757098852037
25-35,29,P_Q_3,0.0796542407155365
25-35,29,P_Q_4,0.0788511055589575
25-35,29,P_Q_5,0.0772265480592498
25-35,29,P_Q_6,0.0752484837171253
25-35,29,P_Q_7,0.0785825158826191
25-35,29,P_Q_8,0.078693732846767
25-35,29,P_Q_9,0.0762567875868598
25-35,29,P_Q_10,0.0758147102228599
25-35,29,P_Q_11,0.0751033000660411
25-35,29,P_Q_12,0.0688508241933155
25-35,29,P_Q_13,0.0571809353827538
25-35,29,P_Q_14,0.0419295415451818
25-35,29,P_Q_15,0.0244423203564251
25-35,29,P_Q_16,0.00731904806789621
25-35,29,P_Q_17,0.00149605388024369
25-35,29,L_Q,0.916157158573513
25-35,29,beta_NQ_2,0.995268081936892
25-35,29,beta_NQ_3,0.994246757005475
25-35,29,beta_NQ_4,0.993255652119703
25-35,29,beta_NQ_5,0.98964694200886
25-35,29,beta_NQ_6,0.983269572561522
25-35,29,beta_NQ_7,0.975817300135451
25-35,29,beta_NQ_8,0.966932700181637
25-35,29,beta_NQ_9,0.955183000222458
25-35,29,beta_NQ_10,0.940206400257566
25-35,29,beta_NQ_11,0.913966000301985
25-35,29,beta_NQ_12,0.857334000343112
25-35,29,beta_NQ_13,0.754398600126073
25-35,29,beta_NQ_14,0.568885938882203
25-35,29,beta_NQ_15,0.347110006176202
25-35,29,beta_NQ_16,0.187461704283178
25-35,29,beta_NQ_17,0.113957001962139
25-35,29,h_NQ_2,211.3307937
25-35,29,h_NQ_3,173.815011977
25-35,29,h_NQ_4,148.27230377096
25-35,29,h_NQ_5,96.5898192446427
25-35,29,h_NQ_6,59.7713296161484
25-35,29,h_NQ_7,41.3518755150211
25-35,29,h_NQ_8,30.2413562683462
25-35,29,h_NQ_9,22.3129615962684
25-35,29,h_NQ_10,16.7241979032724
25-35,29,h_NQ_11,11.623311712227
25-35,29,h_NQ_12,7.00937854548645
25-35,29,h_NQ_13,4.07163803006619
25-35,29,h_NQ_14,2.31957155410291
25-35,29,h_NQ_15,1.53165157792683
25-35,29,h_NQ_16,1.23071121245001
25-35,29,h_NQ_17,1.12861339248949
25-35,29,P_NQ_1,0.6556050627
25-35,29,P_NQ_2,0.177107973768229
25-35,29,P_NQ_3,0.186482269989198
25-35,29,P_NQ_4,0.184164823036106
25-35,29,P_NQ_5,0.180133015738891
25-35,29,P_NQ_6,0.175579793273393
25-35,29,P_NQ_7,0.183359202241193
25-35,29,P_NQ_8,0.183618711536215
25-35,29,P_NQ_9,0.177932500050306
25-35,29,P_NQ_10,0.176900993242671
25-35,29,P_NQ_11,0.17524103486636
25-35,29,P_NQ_12,0.160651922768511
25-35,29,P_NQ_13,0.133422181533619
25-35,29,P_NQ_14,0.0978355923308642
25-35,29,P_NQ_15,0.0570320570673217
25-35,29,P_NQ_16,0.0170777728236493
25-35,29,P_NQ_17,0.00349078704626264
25-35,29,L_NQ,1.70449159615206
25-35,29,pi_Q,0.3
25-35,29,pi_NQ,0.7
25-35,29,y,6.18684437071967
25-35,29,nbar,6.17859650747189
25-35,29,Ptot,4.17896932559832
25-35,29,Pret,1.17378907539398
25-35,29,H,612.434550280918
25-35,29,cCheck,-4.44089209850063e-16
25-35,29,shareq,0.3
25-35,29,A,1.729204302
25-35,29,A_Q,2
25-35,29,xpop,0.936578661
25-35,29,h_Q_1,100
25-35,29,mig_Q_2,-0.205947248
25-35,29,med_Q_2,1422.694433
25-35,29,mig_Q_3,0.002301247
25-35,29,med_Q_3,-70.12881756
25-35,29,mig_Q_4,0.002276801
25-35,29,med_Q_4,-91.41682311
25-35,29,mig_Q_5,0.001026833
25-35,29,med_Q_5,-140.6788974
25-35,29,mig_Q_6,0.000221344
25-35,29,med_Q_6,-109.8023475
25-35,29,mig_Q_7,-8.72957e-05
25-35,29,med_Q_7,-54.53116117
25-35,29,mig_Q_8,9.11373e-05
25-35,29,med_Q_8,-31.78665775
25-35,29,mig_Q_9,0.000296573
25-35,29,med_Q_9,-19.54687918
25-35,29,mig_Q_10,0.000323838
25-35,29,med_Q_10,-11.74401999
25-35,29,mig_Q_11,0.000712345
25-35,29,med_Q_11,-9.217105231
25-35,29,mig_Q_12,0.00157428
25-35,29,med_Q_12,-6.008670674
25-35,29,mig_Q_13,0.002767081
25-35,29,med_Q_13,-3.88246567
25-35,29,mig_Q_14,0.005033774
25-35,29,med_Q_14,-2.509519391
25-35,29,mig_Q_15,0.005913158
25-35,29,med_Q_15,-1.170083875
25-35,29,mig_Q_16,0.002548055
25-35,29,med_Q_16,-0.418817831
25-35,29,mig_Q_17,0.000606006
25-35,29,med_Q_17,-0.114985266
25-35,29,h_NQ_1,100
25-35,29,mig_NQ_2,-0.477074738
25-35,29,med_NQ_2,113.3307937
25-35,29,mig_NQ_3,0.006602478
25-35,29,med_NQ_3,-10.75992473
25-35,29,mig_NQ_4,0.006668457
25-35,29,med_NQ_4,-2.891323006
25-35,29,mig_NQ_5,0.004095933
25-35,29,med_NQ_5,-16.1468316
25-35,29,mig_NQ_6,0.002864505
25-35,29,med_NQ_6,-19.11614699
25-35,29,mig_NQ_7,0.002997446
25-35,29,med_NQ_7,-10.28060659
25-35,29,mig_NQ_8,0.004240046
25-35,29,med_NQ_8,-6.836177399
25-35,29,mig_NQ_9,0.005452269
25-35,29,med_NQ_9,-4.814240064
25-35,29,mig_NQ_10,0.006323468
25-35,29,med_NQ_10,-3.301426718
25-35,29,mig_NQ_11,0.008350371
25-35,29,med_NQ_11,-3.40420551
25-35,29,mig_NQ_12,0.013515418
25-35,29,med_NQ_12,-3.458280125
25-35,29,mig_NQ_13,0.019403184
25-35,29,med_NQ_13,-2.25696091
25-35,29,mig_NQ_14,0.026189583
25-35,29,med_NQ_14,-1.482571154
25-35,29,mig_NQ_15,0.024266249
25-35,29,med_NQ_15,-0.703119312
25-35,29,mig_NQ_16,0.009220687
25-35,29,med_NQ_16,-0.255178291
25-35,29,mig_NQ_17,0.002071591
25-35,29,med_NQ_17,-0.065876349
25-35,30,beta_Q_2,0.999400491465227
25-35,30,beta_Q_3,0.999292293845128
25-35,30,beta_Q_4,0.999138929266133
25-35,30,beta_Q_5,0.998867356037431
25-35,30,beta_Q_6,0.997095563014156
25-35,30,beta_Q_7,0.995017690996505
25-35,30,beta_Q_8,0.987818900046274
25-35,30,beta_Q_9,0.980949800081634
25-35,30,beta_Q_10,0.970853600122191
25-35,30,beta_Q_11,0.951765100113205
25-35,30,beta_Q_12,0.917429600723758
25-35,30,beta_Q_13,0.848286200025582
25-35,30,beta_Q_14,0.692823465951414
25-35,30,beta_Q_15,0.465064923564201
25-35,30,beta_Q_16,0.272945306709456
25-35,30,beta_Q_17,0.175687730710235
25-35,30,h_Q_2,1668.032967
25-35,30,h_Q_3,1413.01583025
25-35,30,h_Q_4,1161.3447679972
25-35,30,h_Q_5,882.889975054496
25-35,30,h_Q_6,344.300806382446
25-35,30,h_Q_7,200.710148834253
25-35,30,h_Q_8,82.0943920814207
25-35,30,h_Q_9,52.4928871886324
25-35,30,h_Q_10,34.3095545076872
25-35,30,h_Q_11,20.7318766728558
25-35,30,h_Q_12,12.1108775520006
25-35,30,h_Q_13,6.59135818804434
25-35,30,h_Q_14,3.25545104302951
25-35,30,h_Q_15,1.86938564521145
25-35,30,h_Q_16,1.37541232452734
25-35,30,h_Q_17,1.21313247442032
25-35,30,P_Q_1,0.2833521261
25-35,30,P_Q_2,0.0698036786616782
25-35,30,P_Q_3,0.0779569114846431
25-35,30,P_Q_4,0.0818579290558494
25-35,30,P_Q_5,0.0797128854505797
25-35,30,P_Q_6,0.0771581667376205
25-35,30,P_Q_7,0.0745318017236529
25-35,30,P_Q_8,0.0776285378518718
25-35,30,P_Q_9,0.0773485247070974
25-35,30,P_Q_10,0.0741589205148262
25-35,30,P_Q_11,0.0724341848441332
25-35,30,P_Q_12,0.0697571904677483
25-35,30,P_Q_13,0.0604866552021655
25-35,30,P_Q_14,0.0445467643106978
25-35,30,P_Q_15,0.0251025009314876
25-35,30,P_Q_16,0.00950757754742656
25-35,30,P_Q_17,0.00194407625726675
25-35,30,L_Q,0.913390716006541
25-35,30,beta_NQ_2,0.995771515357062
25-35,30,beta_NQ_3,0.994877460525654
25-35,30,beta_NQ_4,0.994014617312215
25-35,30,beta_NQ_5,0.992161061838901
25-35,30,beta_NQ_6,0.986431915383443
25-35,30,beta_NQ_7,0.978868037169523
25-35,30,beta_NQ_8,0.96973140016252
25-35,30,beta_NQ_9,0.958958900217457
25-35,30,beta_NQ_10,0.945184000244609
25-35,30,beta_NQ_11,0.920960100271997
25-35,30,beta_NQ_12,0.868733300402307
25-35,30,beta_NQ_13,0.771350100066914
25-35,30,beta_NQ_14,0.581376032066868
25-35,30,beta_NQ_15,0.353774709963348
25-35,30,beta_NQ_16,0.193102700841009
25-35,30,beta_NQ_17,0.120538499654745
25-35,30,h_NQ_2,236.4913306
25-35,30,h_NQ_3,195.215674766
25-35,30,h_NQ_4,167.07369472646
25-35,30,h_NQ_5,127.568296485541
25-35,30,h_NQ_6,73.7023705397499
25-35,30,h_NQ_7,47.3216718838255
25-35,30,h_NQ_8,33.0375372507207
25-35,30,h_NQ_9,24.3658186589793
25-35,30,h_NQ_10,18.242848800343
25-35,30,h_NQ_11,12.6518378652069
25-35,30,h_NQ_12,7.61807830798248
25-35,30,h_NQ_13,4.37349852057672
25-35,30,h_NQ_14,2.38877676446486
25-35,30,h_NQ_15,1.54744793202086
25-35,30,h_NQ_16,1.2393150883683
25-35,30,h_NQ_17,1.13705943520101
25-35,30,P_NQ_1,0.6611549609
25-35,30,P_NQ_2,0.163355138261545
25-35,30,P_NQ_3,0.182569130558872
25-35,30,P_NQ_4,0.191825715686883
25-35,30,P_NQ_5,0.186259233943285
25-35,30,P_NQ_6,0.179831884389797
25-35,30,P_NQ_7,0.173907534830383
25-35,30,P_NQ_8,0.181133252526228
25-35,30,P_NQ_9,0.180479892782144
25-35,30,P_NQ_10,0.173037479361127
25-35,30,P_NQ_11,0.169013103243453
25-35,30,P_NQ_12,0.162766777446243
25-35,30,P_NQ_13,0.141135526644127
25-35,30,P_NQ_14,0.103942444009465
25-35,30,P_NQ_15,0.0585724980582187
25-35,30,P_NQ_16,0.0221843366166156
25-35,30,P_NQ_17,0.00453617479117356
25-35,30,L_NQ,1.70169534164238
25-35,30,pi_Q,0.3
25-35,30,pi_NQ,0.7
25-35,30,y,6.75207478636943
25-35,30,nbar,6.36550247674047
25-35,30,Ptot,4.1929935158983
25-35,30,Pret,1.19312621024617
25-35,30,H,700.388506714044
25-35,30,cCheck,-4.44089209850063e-16
25-35,30,shareq,0.3
25-35,30,A,1.848222955
25-35,30,A_Q,2
25-35,30,xpop,0.944507087
25-35,30,h_Q_1,100
25-35,30,mig_Q_2,-0.210985153
25-35,30,med_Q_2,1570.032967
25-35,30,mig_Q_3,0.002305819
25-35,30,med_Q_3,-77.26471409
25-35,30,mig_Q_4,0.002278982
25-35,30,med_Q_4,-100.6429184
25-35,30,mig_Q_5,0.001028259
25-35,30,med_Q_5,-153.8660576
25-35,30,mig_Q_6,0.00022256
25-35,30,med_Q_6,-119.8660443
25-35,30,mig_Q_7,-8.49785e-05
25-35,30,med_Q_7,-59.41796454
25-35,30,mig_Q_8,8.96685e-05
25-35,30,med_Q_8,-34.6431509
25-35,30,mig_Q_9,0.000290567
25-35,30,med_Q_9,-21.29729267
25-35,30,mig_Q_10,0.000326931
25-35,30,med_Q_10,-12.83620284
25-35,30,mig_Q_11,0.00060469
25-35,30,med_Q_11,-10.08786553
25-35,30,mig_Q_12,0.001423086
25-35,30,med_Q_12,-6.532635693
25-35,30,mig_Q_13,0.002950679
25-35,30,med_Q_13,-4.281607832
25-35,30,mig_Q_14,0.005576695
25-35,30,med_Q_14,-2.707846719
25-35,30,mig_Q_15,0.005932779
25-35,30,med_Q_15,-1.207749976
25-35,30,mig_Q_16,0.003030298
25-35,30,med_Q_16,-0.430003954
25-35,30,mig_Q_17,0.000727162
25-35,30,med_Q_17,-0.1202056
25-35,30,h_NQ_1,100
25-35,30,mig_NQ_2,-0.489147655
25-35,30,med_NQ_2,138.4913306
25-35,30,mig_NQ_3,0.006480102
25-35,30,med_NQ_3,-11.88850306
25-35,30,mig_NQ_4,0.006601147
25-35,30,med_NQ_4,-3.265017011
25-35,30,mig_NQ_5,0.00400108
25-35,30,med_NQ_5,-17.73856121
25-35,30,mig_NQ_6,0.002712571
25-35,30,med_NQ_6,-20.95565232
25-35,30,mig_NQ_7,0.002573735
25-35,30,med_NQ_7,-11.25423114
25-35,30,mig_NQ_8,0.003837244
25-35,30,med_NQ_8,-7.487300754
25-35,30,mig_NQ_9,0.005090421
25-35,30,med_NQ_9,-5.270710484
25-35,30,mig_NQ_10,0.005744204
25-35,30,med_NQ_10,-3.623853564
25-35,30,mig_NQ_11,0.00733161
25-35,30,med_NQ_11,-3.73787608
25-35,30,mig_NQ_12,0.01252668
25-35,30,med_NQ_12,-3.77276717
25-35,30,mig_NQ_13,0.019939941
25-35,30,med_NQ_13,-2.495692454
25-35,30,mig_NQ_14,0.028040441
25-35,30,med_NQ_14,-1.601428505
25-35,30,mig_NQ_15,0.024612785
25-35,30,med_NQ_15,-0.725732191
25-35,30,mig_NQ_16,0.01149301
25-35,30,med_NQ_16,-0.261703458
25-35,30,mig_NQ_17,0.002590043
25-35,30,med_NQ_17,-0.069037553
25-35,31,beta_Q_2,0.999453128064405
25-35,31,beta_Q_3,0.999354635634213
25-35,31,beta_Q_4,0.999215045465211
25-35,31,beta_Q_5,0.998968936185005
25-35,31,beta_Q_6,0.998638391353036
25-35,31,beta_Q_7,0.996332984419995
25-35,31,beta_Q_8,0.993708990261959
25-35,31,beta_Q_9,0.9825352000666
25-35,31,beta_Q_10,0.973275500101007
25-35,31,beta_Q_11,0.955727200158588
25-35,31,beta_Q_12,0.924354500154249
25-35,31,beta_Q_13,0.860054901228694
25-35,31,beta_Q_14,0.706900998811492
25-35,31,beta_Q_15,0.475543192940749
25-35,31,beta_Q_16,0.280885408102888
25-35,31,beta_Q_17,0.182826800014415
25-35,31,h_Q_2,1828.581675
25-35,31,h_Q_3,1549.51226472
25-35,31,h_Q_4,1273.959124845
25-35,31,h_Q_5,969.872064737256
25-35,31,h_Q_6,734.425417453406
25-35,31,h_Q_7,272.701322964797
25-35,31,h_Q_8,158.956994447568
25-35,31,h_Q_9,57.2580275297922
25-35,31,h_Q_10,37.4188478448598
25-35,31,h_Q_11,22.5872318775334
25-35,31,h_Q_12,13.2195569743987
25-35,31,h_Q_13,7.14565930696054
25-35,31,h_Q_14,3.41181647128346
25-35,31,h_Q_15,1.90673441016892
25-35,31,h_Q_16,1.39059893430723
25-35,31,h_Q_17,1.22373077603679
25-35,31,P_Q_1,0.2832225447
25-35,31,P_Q_2,0.0662624960820568
25-35,31,P_Q_3,0.0720662031686566
25-35,31,P_Q_4,0.080172831069661
25-35,31,P_Q_5,0.0827951201667159
25-35,31,P_Q_6,0.0797036043978287
25-35,31,P_Q_7,0.0766906468087905
25-35,31,P_Q_8,0.0737128536971259
25-35,31,P_Q_9,0.0764340116864232
25-35,31,P_Q_10,0.0754065566760257
25-35,31,P_Q_11,0.0711528644080807
25-35,31,P_Q_12,0.067651708280304
25-35,31,P_Q_13,0.0619447060263469
25-35,31,P_Q_14,0.0479448471009724
25-35,31,P_Q_15,0.0272311485391872
25-35,31,P_Q_16,0.00990621281591927
25-35,31,P_Q_17,0.00253638572385895
25-35,31,L_Q,0.904370176642485
25-35,31,beta_NQ_2,0.99621215157737
25-35,31,beta_NQ_3,0.995425965326714
25-35,31,beta_NQ_4,0.994670263727874
25-35,31,beta_NQ_5,0.993067619202871
25-35,31,beta_NQ_6,0.990201090319655
25-35,31,beta_NQ_7,0.983308940990972
25-35,31,beta_NQ_8,0.973806545182248
25-35,31,beta_NQ_9,0.962417200193784
25-35,31,beta_NQ_10,0.949751900245191
25-35,31,beta_NQ_11,0.927400800261182
25-35,31,beta_NQ_12,0.879296200358413
25-35,31,beta_NQ_13,0.787429700165937
25-35,31,beta_NQ_14,0.59719125653519
25-35,31,beta_NQ_15,0.363096030026061
25-35,31,beta_NQ_16,0.198786506105067
25-35,31,beta_NQ_17,0.125249499392663
25-35,31,h_NQ_2,264.0021075
25-35,31,h_NQ_3,218.625355658
25-35,31,h_NQ_4,187.62653469068
25-35,31,h_NQ_5,144.250587101931
25-35,31,h_NQ_6,102.05217035583
25-35,31,h_NQ_7,59.9123158589549
25-35,31,h_NQ_8,38.177476280149
25-35,31,h_NQ_9,26.6079163877063
25-35,31,h_NQ_10,19.9012500017997
25-35,31,h_NQ_11,13.7742564623362
25-35,31,h_NQ_12,8.28474330990278
25-35,31,h_NQ_13,4.70432604982283
25-35,31,h_NQ_14,2.48256186216518
25-35,31,h_NQ_15,1.57009533817557
25-35,31,h_NQ_16,1.24810678438044
25-35,31,h_NQ_17,1.14318311160093
25-35,31,P_NQ_1,0.6608526043
25-35,31,P_NQ_2,0.155109365301232
25-35,31,P_NQ_3,0.168837982117463
25-35,31,P_NQ_4,0.187950765445501
25-35,31,P_NQ_5,0.194240721763905
25-35,31,P_NQ_6,0.186317787896527
25-35,31,P_NQ_7,0.178428656693137
25-35,31,P_NQ_8,0.171996657249879
25-35,31,P_NQ_9,0.178346025635362
25-35,31,P_NQ_10,0.175948635023545
25-35,31,P_NQ_11,0.166023348343237
25-35,31,P_NQ_12,0.15785398799192
25-35,31,P_NQ_13,0.144537649070729
25-35,31,P_NQ_14,0.11187127646403
25-35,31,P_NQ_15,0.06353933998233
25-35,31,P_NQ_16,0.0231144955700468
25-35,31,P_NQ_17,0.00591822965160267
25-35,31,L_NQ,1.68713045936593
25-35,31,pi_Q,0.3
25-35,31,pi_NQ,0.7
25-35,31,y,7.2917040535984
25-35,31,nbar,6.47831013914309
25-35,31,Ptot,4.1857222698484
25-35,31,Pret,1.21258139166814
25-35,31,H,787.383954004062
25-35,31,cCheck,0
25-35,31,shareq,0.3
25-35,31,A,1.971541027
25-35,31,A_Q,2
25-35,31,xpop,0.944075149
25-35,31,h_Q_1,100
25-35,31,mig_Q_2,-0.216919758
25-35,31,med_Q_2,1730.581675
25-35,31,mig_Q_3,0.002311925
25-35,31,med_Q_3,-85.16004294
25-35,31,mig_Q_4,0.002283046
25-35,31,med_Q_4,-110.7963888
25-35,31,mig_Q_5,0.001029907
25-35,31,med_Q_5,-168.2458079
25-35,31,mig_Q_6,0.00022224
25-35,31,med_Q_6,-130.8067581
25-35,31,mig_Q_7,-8.30941e-05
25-35,31,med_Q_7,-64.71346729
25-35,31,mig_Q_8,8.89313e-05
25-35,31,med_Q_8,-37.73895141
25-35,31,mig_Q_9,0.000284313
25-35,31,med_Q_9,-23.19447671
25-35,31,mig_Q_10,0.000312463
25-35,31,med_Q_10,-14.0241816
25-35,31,mig_Q_11,0.000570992
25-35,31,med_Q_11,-11.03613154
25-35,31,mig_Q_12,0.001198443
25-35,31,med_Q_12,-7.097682165
25-35,31,mig_Q_13,0.002770644
25-35,31,med_Q_13,-4.723000694
25-35,31,mig_Q_14,0.006038273
25-35,31,med_Q_14,-3.047714553
25-35,31,mig_Q_15,0.006514011
25-35,31,med_Q_15,-1.283607612
25-35,31,mig_Q_16,0.003054603
25-35,31,med_Q_16,-0.441398998
25-35,31,mig_Q_17,0.000866021
25-35,31,med_Q_17,-0.124173302
25-35,31,h_NQ_1,100
25-35,31,mig_NQ_2,-0.503249912
25-35,31,med_NQ_2,166.0021075
25-35,31,mig_NQ_3,0.006319637
25-35,31,med_NQ_3,-13.13614833
25-35,31,mig_NQ_4,0.006474381
25-35,31,med_NQ_4,-3.68482658
25-35,31,mig_NQ_5,0.003918716
25-35,31,med_NQ_5,-19.48163373
25-35,31,mig_NQ_6,0.002585735
25-35,31,med_NQ_6,-22.9647602
25-35,31,mig_NQ_7,0.002396973
25-35,31,med_NQ_7,-12.31600727
25-35,31,mig_NQ_8,0.00335306
25-35,31,med_NQ_8,-8.197762166
25-35,31,mig_NQ_9,0.004646681
25-35,31,med_NQ_9,-5.768870118
25-35,31,mig_NQ_10,0.005361928
25-35,31,med_NQ_10,-3.977252284
25-35,31,mig_NQ_11,0.006662734
25-35,31,med_NQ_11,-4.103735362
25-35,31,mig_NQ_12,0.011026677
25-35,31,med_NQ_12,-4.114057798
25-35,31,mig_NQ_13,0.018987479
25-35,31,med_NQ_13,-2.761390692
25-35,31,mig_NQ_14,0.029818464
25-35,31,med_NQ_14,-1.803466688
25-35,31,mig_NQ_15,0.026767132
25-35,31,med_NQ_15,-0.770905891
25-35,31,mig_NQ_16,0.011803988
25-35,31,med_NQ_16,-0.268392189
25-35,31,mig_NQ_17,0.003244163
25-35,31,med_NQ_17,-0.071345675
25-35,32,beta_Q_2,0.999500814753188
25-35,32,beta_Q_3,0.999411141621493
25-35,32,beta_Q_4,0.999283989865997
25-35,32,beta_Q_5,0.999060673520015
25-35,32,beta_Q_6,0.998762063379106
25-35,32,beta_Q_7,0.998459832602612
25-35,32,beta_Q_8,0.995578154598548
25-35,32,beta_Q_9,0.99233880464296
25-35,32,beta_Q_10,0.975488100082098
25-35,32,beta_Q_11,0.959352600108905
25-35,32,beta_Q_12,0.930694600282621
25-35,32,beta_Q_13,0.87094089970365
25-35,32,beta_Q_14,0.720448003460304
25-35,32,beta_Q_15,0.487967973946839
25-35,32,beta_Q_16,0.291303050042397
25-35,32,beta_Q_17,0.190079902031803
25-35,32,h_Q_2,2003.264332
25-35,32,h_Q_3,1698.20119149
25-35,32,h_Q_4,1396.6282773256
25-35,32,h_Q_5,1064.5925703481
25-35,32,h_Q_6,807.795789542511
25-35,32,h_Q_7,649.280072524338
25-35,32,h_Q_8,226.149923665501
25-35,32,h_Q_9,130.527933748617
25-35,32,h_Q_10,40.7965110391964
25-35,32,h_Q_11,24.6018195179626
25-35,32,h_Q_12,14.4288900889828
25-35,32,h_Q_13,7.74838810391073
25-35,32,h_Q_14,3.57715205882133
25-35,32,h_Q_15,1.95300216085779
25-35,32,h_Q_16,1.41104029496554
25-35,32,h_Q_17,1.23468968862108
25-35,32,P_Q_1,0.2793091446
25-35,32,P_Q_2,0.0668960382387759
25-35,32,P_Q_3,0.0685362126282974
25-35,32,P_Q_4,0.0742981714756744
25-35,32,P_Q_5,0.0811229517645994
25-35,32,P_Q_6,0.0829048926151704
25-35,32,P_Q_7,0.0793278304387193
25-35,32,P_Q_8,0.0762976412028997
25-35,32,P_Q_9,0.0727043294547856
25-35,32,P_Q_10,0.0746869129488298
25-35,32,P_Q_11,0.072595159285578
25-35,32,P_Q_12,0.0668715004144745
25-35,32,P_Q_13,0.0606186892829693
25-35,32,P_Q_14,0.0499259085611089
25-35,32,P_Q_15,0.0299110906754525
25-35,32,P_Q_16,0.01102520827054
25-35,32,P_Q_17,0.0027762241893963
25-35,32,L_Q,0.895258438734214
25-35,32,beta_NQ_2,0.996599526821295
25-35,32,beta_NQ_3,0.995905256939922
25-35,32,beta_NQ_4,0.995240294247042
25-35,32,beta_NQ_5,0.993845531731552
25-35,32,beta_NQ_6,0.991394680554397
25-35,32,beta_NQ_7,0.988444315157175
25-35,32,beta_NQ_8,0.97989582024721
25-35,32,beta_NQ_9,0.967847743967505
25-35,32,beta_NQ_10,0.953941300216055
25-35,32,beta_NQ_11,0.933326700278642
25-35,32,beta_NQ_12,0.889069100360612
25-35,32,beta_NQ_13,0.802548500099496
25-35,32,beta_NQ_14,0.612639979588461
25-35,32,beta_NQ_15,0.374459167163718
25-35,32,beta_NQ_16,0.206698508885527
25-35,32,beta_NQ_17,0.13006720557363
25-35,32,h_NQ_2,294.076712
25-35,32,h_NQ_3,244.21555885
25-35,32,h_NQ_4,210.09701220684
25-35,32,h_NQ_5,162.483573946866
25-35,32,h_NQ_6,116.207190949892
25-35,32,h_NQ_7,86.5374933287134
25-35,32,h_NQ_8,49.7409000157758
25-35,32,h_NQ_9,31.102016573546
25-35,32,h_NQ_10,21.7114247689522
25-35,32,h_NQ_11,14.9985076527637
25-35,32,h_NQ_12,9.01462081008943
25-35,32,h_NQ_13,5.06453483170472
25-35,32,h_NQ_14,2.58157119482637
25-35,32,h_NQ_15,1.59861649092188
25-35,32,h_NQ_16,1.26055478441206
25-35,32,h_NQ_17,1.14951408369283
25-35,32,P_NQ_1,0.6517213374
25-35,32,P_NQ_2,0.156587997805211
25-35,32,P_NQ_3,0.160606399686193
25-35,32,P_NQ_4,0.174246767200059
25-35,32,P_NQ_5,0.190413919168321
25-35,32,P_NQ_6,0.194812791475096
25-35,32,P_NQ_7,0.185456120704315
25-35,32,P_NQ_8,0.176907077735853
25-35,32,P_NQ_9,0.169643432313118
25-35,32,P_NQ_10,0.174269461748363
25-35,32,P_NQ_11,0.169388707925698
25-35,32,P_NQ_12,0.15603349836899
25-35,32,P_NQ_13,0.141443611434475
25-35,32,P_NQ_14,0.116493926265191
25-35,32,P_NQ_15,0.0697925173580372
25-35,32,P_NQ_16,0.0257254813953094
25-35,32,P_NQ_17,0.00647785499886228
25-35,32,L_NQ,1.67063215459752
25-35,32,pi_Q,0.3
25-35,32,pi_NQ,0.7
25-35,32,y,7.85173052612375
25-35,32,nbar,6.56594586004678
25-35,32,Ptot,4.16982880903036
25-35,32,Pret,1.22803575312327
25-35,32,H,884.435096445297
25-35,32,cCheck,0
25-35,32,shareq,0.3
25-35,32,A,2.103087189
25-35,32,A_Q,2
25-35,32,xpop,0.931030482
25-35,32,h_Q_1,100
25-35,32,mig_Q_2,-0.21617162
25-35,32,med_Q_2,1905.264332
25-35,32,mig_Q_3,0.00231648
25-35,32,med_Q_3,-93.80885001
25-35,32,mig_Q_4,0.002288537
25-35,32,med_Q_4,-121.8937421
25-35,32,mig_Q_5,0.001032784
25-35,32,med_Q_5,-183.887372
25-35,32,mig_Q_6,0.000222507
25-35,32,med_Q_6,-142.6788339
25-35,32,mig_Q_7,-8.34996e-05
25-35,32,med_Q_7,-70.45683658
25-35,32,mig_Q_8,8.9456e-05
25-35,32,med_Q_8,-41.09737284
25-35,32,mig_Q_9,0.000278856
25-35,32,med_Q_9,-25.24992081
25-35,32,mig_Q_10,0.000295562
25-35,32,med_Q_10,-15.31635594
25-35,32,mig_Q_11,0.000527062
25-35,32,med_Q_11,-12.06865137
25-35,32,mig_Q_12,0.00110103
25-35,32,med_Q_12,-7.706597151
25-35,32,mig_Q_13,0.002434506
25-35,32,med_Q_13,-5.206777731
25-35,32,mig_Q_14,0.006137134
25-35,32,med_Q_14,-3.425594062
25-35,32,mig_Q_15,0.007111245
25-35,32,med_Q_15,-1.390577981
25-35,32,mig_Q_16,0.003376376
25-35,32,med_Q_16,-0.457559427
25-35,32,mig_Q_17,0.000965103
25-35,32,med_Q_17,-0.128097267
25-35,32,h_NQ_1,100
25-35,32,mig_NQ_2,-0.501761397
25-35,32,med_NQ_2,196.076712
25-35,32,mig_NQ_3,0.00620651
25-35,32,med_NQ_3,-14.5065065
25-35,32,mig_NQ_4,0.006308647
25-35,32,med_NQ_4,-4.155836338
25-35,32,mig_NQ_5,0.0037661
25-35,32,med_NQ_5,-21.39043005
25-35,32,mig_NQ_6,0.002475417
25-35,32,med_NQ_6,-25.15838441
25-35,32,mig_NQ_7,0.002248174
25-35,32,med_NQ_7,-13.47363362
25-35,32,mig_NQ_8,0.003152084
25-35,32,med_NQ_8,-8.973169526
25-35,32,mig_NQ_9,0.004110891
25-35,32,med_NQ_9,-6.311910181
25-35,32,mig_NQ_10,0.004884985
25-35,32,med_NQ_10,-4.364333291
25-35,32,mig_NQ_11,0.006213803
25-35,32,med_NQ_11,-4.504717349
25-35,32,mig_NQ_12,0.010049799
25-35,32,med_NQ_12,-4.484150523
25-35,32,mig_NQ_13,0.017144693
25-35,32,med_NQ_13,-3.054513612
25-35,32,mig_NQ_14,0.030177306
25-35,32,med_NQ_14,-2.028668334
25-35,32,mig_NQ_15,0.029172501
25-35,32,med_NQ_15,-0.834294134
25-35,32,mig_NQ_16,0.013094718
25-35,32,med_NQ_16,-0.278138647
25-35,32,mig_NQ_17,0.003582776
25-35,32,med_NQ_17,-0.073630565
25-35,33,beta_Q_2,0.999544105027122
25-35,33,beta_Q_3,0.999462330616166
25-35,33,beta_Q_4,0.999346461127373
25-35,33,beta_Q_5,0.999143681396451
25-35,33,beta_Q_6,0.998873534217806
25-35,33,beta_Q_7,0.998601321556442
25-35,33,beta_Q_8,0.998309545809257
25-35,33,beta_Q_9,0.994849380241288
25-35,33,beta_Q_10,0.991006949593561
25-35,33,beta_Q_11,0.962670300082601
25-35,33,beta_Q_12,0.936498500182189
25-35,33,beta_Q_13,0.88100390014641
25-35,33,beta_Q_14,0.733422297417913
25-35,33,beta_Q_15,0.500254993343758
25-35,33,beta_Q_16,0.303879367492908
25-35,33,beta_Q_17,0.199849538965479
25-35,33,h_Q_2,2193.487666
25-35,33,h_Q_3,1859.87900756
25-35,33,h_Q_4,1530.1308642602
25-35,33,h_Q_5,1167.78963817909
25-35,33,h_Q_6,887.732238841138
25-35,33,h_Q_7,714.960607021661
25-35,33,h_Q_8,591.556994253851
25-35,33,h_Q_9,194.151392812191
25-35,33,h_Q_10,111.196972433644
25-35,33,h_Q_11,26.7883213184125
25-35,33,h_Q_12,15.7476594726033
25-35,33,h_Q_13,8.40363674620311
25-35,33,h_Q_14,3.75125147483252
25-35,33,h_Q_15,2.00101976264491
25-35,33,h_Q_16,1.43653247264063
25-35,33,h_Q_17,1.24976492106623
25-35,33,P_Q_1,0.2728829697
25-35,33,P_Q_2,0.0681178075957158
25-35,33,P_Q_3,0.06917541894617
25-35,33,P_Q_4,0.0707800270055094
25-35,33,P_Q_5,0.0752655482357928
25-35,33,P_Q_6,0.081244959691815
25-35,33,P_Q_7,0.0826939914024806
25-35,33,P_Q_8,0.0790646404364867
25-35,33,P_Q_9,0.075990545068363
25-35,33,P_Q_10,0.0711997692075917
25-35,33,P_Q_11,0.0721264721315673
25-35,33,P_Q_12,0.0685634817537442
25-35,33,P_Q_13,0.0605398167355155
25-35,33,P_Q_14,0.0495108806662957
25-35,33,P_Q_15,0.0318012424480195
25-35,33,P_Q_16,0.012408367943854
25-35,33,P_Q_17,0.00319390850794446
25-35,33,L_Q,0.891384507654256
25-35,33,beta_NQ_2,0.996941421616229
25-35,33,beta_NQ_3,0.996325902882755
25-35,33,beta_NQ_4,0.995738213696022
25-35,33,beta_NQ_5,0.994518008325785
25-35,33,beta_NQ_6,0.992405854427188
25-35,33,beta_NQ_7,0.989914085360175
25-35,33,beta_NQ_8,0.98666454134725
25-35,33,beta_NQ_9,0.976100588614935
25-35,33,beta_NQ_10,0.961076757345741
25-35,33,beta_NQ_11,0.938775200242247
25-35,33,beta_NQ_12,0.898099100429958
25-35,33,beta_NQ_13,0.816738200140866
25-35,33,beta_NQ_14,0.627654083587172
25-35,33,beta_NQ_15,0.385817471492571
25-35,33,beta_NQ_16,0.216589118704366
25-35,33,beta_NQ_17,0.136997204856169
25-35,33,h_NQ_2,326.9492719
25-35,33,h_NQ_3,272.17570428
25-35,33,h_NQ_4,234.643385181
25-35,33,h_NQ_5,182.415444632703
25-35,33,h_NQ_6,131.680383317929
25-35,33,h_NQ_7,99.1481720508944
25-35,33,h_NQ_8,74.9880425221391
25-35,33,h_NQ_9,41.8420329694603
25-35,33,h_NQ_10,25.691590212075
25-35,33,h_NQ_11,16.3332505785731
25-35,33,h_NQ_12,9.8134560187084
25-35,33,h_NQ_13,5.45667454688764
25-35,33,h_NQ_14,2.68566758207063
25-35,33,h_NQ_15,1.62818028292984
25-35,33,h_NQ_16,1.27646934510344
25-35,33,h_NQ_17,1.15874479372381
25-35,33,P_NQ_1,0.6367269293
25-35,33,P_NQ_2,0.159423834472181
25-35,33,P_NQ_3,0.162095768187907
25-35,33,P_NQ_4,0.166033735481644
25-35,33,P_NQ_5,0.176742930000446
25-35,33,P_NQ_6,0.191046375566988
25-35,33,P_NQ_7,0.194680093253459
25-35,33,P_NQ_8,0.18471012151742
25-35,33,P_NQ_9,0.175109461078529
25-35,33,P_NQ_10,0.166132794393891
25-35,33,P_NQ_11,0.168295099692934
25-35,33,P_NQ_12,0.159981460166747
25-35,33,P_NQ_13,0.14125957108131
25-35,33,P_NQ_14,0.115525530222135
25-35,33,P_NQ_15,0.074202938608895
25-35,33,P_NQ_16,0.0289528442692735
25-35,33,P_NQ_17,0.00745245247712429
25-35,33,L_NQ,1.66191855630348
25-35,33,pi_Q,0.3
25-35,33,pi_NQ,0.7
25-35,33,y,8.48461761118451
25-35,33,nbar,6.68835535109552
25-35,33,Ptot,4.15293178724775
25-35,33,Pret,1.23114663030684
25-35,33,H,991.081744953311
25-35,33,cCheck,-8.88178419700125e-16
25-35,33,shareq,0.3
25-35,33,A,2.243410441
25-35,33,A_Q,2
25-35,33,xpop,0.909609899
25-35,33,h_Q_1,100
25-35,33,mig_Q_2,-0.21105191
25-35,33,med_Q_2,2095.487666
25-35,33,mig_Q_3,0.002318773
25-35,33,med_Q_3,-103.3200378
25-35,33,mig_Q_4,0.002292887
25-35,33,med_Q_4,-134.1063034
25-35,33,mig_Q_5,0.001037167
25-35,33,med_Q_5,-200.9060736
25-35,33,mig_Q_6,0.000222433
25-35,33,med_Q_6,-155.5684801
25-35,33,mig_Q_7,-8.32138e-05
25-35,33,med_Q_7,-76.67926673
25-35,33,mig_Q_8,8.75854e-05
25-35,33,med_Q_8,-44.73747682
25-35,33,mig_Q_9,0.000277435
25-35,33,med_Q_9,-27.47553238
25-35,33,mig_Q_10,0.000277561
25-35,33,med_Q_10,-16.72040264
25-35,33,mig_Q_11,0.000475388
25-35,33,med_Q_11,-13.1922595
25-35,33,mig_Q_12,0.000999559
25-35,33,med_Q_12,-8.362123655
25-35,33,mig_Q_13,0.002298692
25-35,33,med_Q_13,-5.736675541
25-35,33,mig_Q_14,0.005838267
25-35,33,med_Q_14,-3.842168867
25-35,33,mig_Q_15,0.007438998
25-35,33,med_Q_15,-1.504589255
25-35,33,mig_Q_16,0.003695176
25-35,33,med_Q_16,-0.477409645
25-35,33,mig_Q_17,0.001098238
25-35,33,med_Q_17,-0.133054568
25-35,33,h_NQ_1,100
25-35,33,mig_NQ_2,-0.490081342
25-35,33,med_NQ_2,228.9492719
25-35,33,mig_NQ_3,0.006148958
25-35,33,med_NQ_3,-16.01947348
25-35,33,mig_NQ_4,0.006191775
25-35,33,med_NQ_4,-4.687862492
25-35,33,mig_NQ_5,0.003568559
25-35,33,med_NQ_5,-23.47962733
25-35,33,mig_NQ_6,0.002271029
25-35,33,med_NQ_6,-27.55351915
25-35,33,mig_NQ_7,0.002118497
25-35,33,med_NQ_7,-14.73487508
25-35,33,mig_NQ_8,0.002982444
25-35,33,med_NQ_8,-9.81870094
25-35,33,mig_NQ_9,0.003890345
25-35,33,med_NQ_9,-6.904049046
25-35,33,mig_NQ_10,0.004302918
25-35,33,med_NQ_10,-4.78838603
25-35,33,mig_NQ_11,0.005644758
25-35,33,med_NQ_11,-4.943945695
25-35,33,mig_NQ_12,0.009383194
25-35,33,med_NQ_12,-4.885081481
25-35,33,mig_NQ_13,0.016035121
25-35,33,med_NQ_13,-3.377653847
25-35,33,mig_NQ_14,0.028871519
25-35,33,med_NQ_14,-2.277576553
25-35,33,mig_NQ_15,0.03058072
25-35,33,med_NQ_15,-0.901759488
25-35,33,mig_NQ_16,0.014526835
25-35,33,med_NQ_16,-0.290174816
25-35,33,mig_NQ_17,0.004106411
25-35,33,med_NQ_17,-0.076598895
25-35,34,beta_Q_2,0.999583399206772
25-35,34,beta_Q_3,0.999508812836586
25-35,34,beta_Q_4,0.99940308014479
25-35,34,beta_Q_5,0.999218846368899
25-35,34,beta_Q_6,0.998974219993704
25-35,34,beta_Q_7,0.998728652269384
25-35,34,beta_Q_8,0.998466225012954
25-35,34,beta_Q_9,0.998181296729061
25-35,34,beta_Q_10,0.994186794359457
25-35,34,beta_Q_11,0.989424526196495
25-35,34,beta_Q_12,0.941810400130737
25-35,34,beta_Q_13,0.890301199915984
25-35,34,beta_Q_14,0.745840599275976
25-35,34,beta_Q_15,0.512354776424236
25-35,34,beta_Q_16,0.316518299435644
25-35,34,beta_Q_17,0.211702231823928
25-35,34,h_Q_2,2400.379491
25-35,34,h_Q_3,2035.88382288
25-35,34,h_Q_4,1675.2667737088
25-35,34,h_Q_5,1280.157900875
25-35,34,h_Q_6,974.867891015506
25-35,34,h_Q_7,786.566857984315
25-35,34,h_Q_8,651.986110471227
25-35,34,h_Q_9,549.842305638774
25-35,34,h_Q_10,172.022117625947
25-35,34,h_Q_11,94.5584107949715
25-35,34,h_Q_12,17.1852014350442
25-35,34,h_Q_13,9.11586996915126
25-35,34,h_Q_14,3.93453870727905
25-35,34,h_Q_15,2.05067039033587
25-35,34,h_Q_16,1.46309679139201
25-35,34,h_Q_17,1.26855610818782
25-35,34,P_Q_1,0.2665561473
25-35,34,P_Q_2,0.0689580547259297
25-35,34,P_Q_3,0.0704018977360777
25-35,34,P_Q_4,0.0714253831208585
25-35,34,P_Q_5,0.0717602057516249
25-35,34,P_Q_6,0.0754043701711271
25-35,34,P_Q_7,0.0810485688180463
25-35,34,P_Q_8,0.082641152398165
25-35,34,P_Q_9,0.0789304035372391
25-35,34,P_Q_10,0.0755780662661504
25-35,34,P_Q_11,0.0689577981888842
25-35,34,P_Q_12,0.0684328579746452
25-35,34,P_Q_13,0.0625715878326659
25-35,34,P_Q_14,0.0503068294754212
25-35,34,P_Q_15,0.0320200662781614
25-35,34,P_Q_16,0.0135383444405928
25-35,34,P_Q_17,0.00375145061289325
25-35,34,L_Q,0.884934106130615
25-35,34,beta_NQ_2,0.997244214395738
25-35,34,beta_NQ_3,0.996696684330865
25-35,34,beta_NQ_4,0.996175228809003
25-35,34,beta_NQ_5,0.995102571785742
25-35,34,beta_NQ_6,0.993270601841079
25-35,34,beta_NQ_7,0.991145662144011
25-35,34,beta_NQ_8,0.988429200814293
25-35,34,beta_NQ_9,0.984834504057223
25-35,34,beta_NQ_10,0.972030085540388
25-35,34,beta_NQ_11,0.949374222425878
25-35,34,beta_NQ_12,0.906432000373016
25-35,34,beta_NQ_13,0.83003340034535
25-35,34,beta_NQ_14,0.642230985309805
25-35,34,beta_NQ_15,0.397119873183648
25-35,34,beta_NQ_16,0.226629921509611
25-35,34,beta_NQ_17,0.145706808057655
25-35,34,h_NQ_2,362.8729235
25-35,34,h_NQ_3,302.726131852
25-35,34,h_NQ_4,261.4535408824
25-35,34,h_NQ_5,204.18879359738
25-35,34,h_NQ_6,148.601699050049
25-35,34,h_NQ_7,112.93899287157
25-35,34,h_NQ_8,86.4244538298765
25-35,34,h_NQ_9,65.9391525546963
25-35,34,h_NQ_10,35.7527014050711
25-35,34,h_NQ_11,19.7527830268335
25-35,34,h_NQ_12,10.6874145010016
25-35,34,h_NQ_13,5.88350888133423
25-35,34,h_NQ_14,2.79509181594989
25-35,34,h_NQ_15,1.65870432942921
25-35,34,h_NQ_16,1.29304197227125
25-35,34,h_NQ_17,1.17055830320137
25-35,34,P_NQ_1,0.6219643437
25-35,34,P_NQ_2,0.161359497077678
25-35,34,P_NQ_3,0.164939676821527
25-35,34,P_NQ_4,0.167536782663111
25-35,34,P_NQ_5,0.168552057926095
25-35,34,P_NQ_6,0.177408367461058
25-35,34,P_NQ_7,0.190998413130772
25-35,34,P_NQ_8,0.194918884919364
25-35,34,P_NQ_9,0.18399772433629
25-35,34,P_NQ_10,0.172360067033913
25-35,34,P_NQ_11,0.160901527323929
25-35,34,P_NQ_12,0.159676666640994
25-35,34,P_NQ_13,0.146000372832496
25-35,34,P_NQ_14,0.117382738634957
25-35,34,P_NQ_15,0.0747135279631427
25-35,34,P_NQ_16,0.0315894730785747
25-35,34,P_NQ_17,0.00875338073752642
25-35,34,L_NQ,1.65174558634115
25-35,34,pi_Q,0.3
25-35,34,pi_NQ,0.7
25-35,34,y,9.15304501731104
25-35,34,nbar,6.79662693396105
25-35,34,Ptot,4.14533668690991
25-35,34,Pret,1.24653475531495
25-35,34,H,1107.38501027998
25-35,34,cCheck,0
25-35,34,shareq,0.3
25-35,34,A,2.393096413
25-35,34,A_Q,2
25-35,34,xpop,0.888520491
25-35,34,h_Q_1,100
25-35,34,mig_Q_2,-0.203800509
25-35,34,med_Q_2,2302.379491
25-35,34,mig_Q_3,0.002320715
25-35,34,med_Q_3,-113.7340898
25-35,34,mig_Q_4,0.002295173
25-35,34,med_Q_4,-147.4146537
25-35,34,mig_Q_5,0.001040789
25-35,34,med_Q_5,-219.3703461
25-35,34,mig_Q_6,0.000223606
25-35,34,med_Q_6,-169.5659544
25-35,34,mig_Q_7,-8.27553e-05
25-35,34,med_Q_7,-83.41073608
25-35,34,mig_Q_8,8.69514e-05
25-35,34,med_Q_8,-48.67528441
25-35,34,mig_Q_9,0.000272995
25-35,34,med_Q_9,-29.88354873
25-35,34,mig_Q_10,0.000270908
25-35,34,med_Q_10,-18.24624733
25-35,34,mig_Q_11,0.000415895
25-35,34,med_Q_11,-14.41462219
25-35,34,mig_Q_12,0.000886525
25-35,34,med_Q_12,-9.067353457
25-35,34,mig_Q_13,0.002166893
25-35,34,med_Q_13,-6.316836314
25-35,34,mig_Q_14,0.005905578
25-35,34,med_Q_14,-4.301025304
25-35,34,mig_Q_15,0.007252001
25-35,34,med_Q_15,-1.625556055
25-35,34,mig_Q_16,0.003874603
25-35,34,med_Q_16,-0.497902576
25-35,34,mig_Q_17,0.001271644
25-35,34,med_Q_17,-0.139245715
25-35,34,h_NQ_1,100
25-35,34,mig_NQ_2,-0.473419953
25-35,34,med_NQ_2,264.8729235
25-35,34,mig_NQ_3,0.006101581
25-35,34,med_NQ_3,-17.68415461
25-35,34,mig_NQ_4,0.006131832
25-35,34,med_NQ_4,-5.278649312
25-35,34,mig_NQ_5,0.003428518
25-35,34,med_NQ_5,-25.76172388
25-35,34,mig_NQ_6,0.002007649
25-35,34,med_NQ_6,-30.16543669
25-35,34,mig_NQ_7,0.001878915
25-35,34,med_NQ_7,-16.10778278
25-35,34,mig_NQ_8,0.00283494
25-35,34,med_NQ_8,-10.74075478
25-35,34,mig_NQ_9,0.003702066
25-35,34,med_NQ_9,-7.549129117
25-35,34,mig_NQ_10,0.004066434
25-35,34,med_NQ_10,-5.252490905
25-35,34,mig_NQ_11,0.00494018
25-35,34,med_NQ_11,-5.424975381
25-35,34,mig_NQ_12,0.008530989
25-35,34,med_NQ_12,-5.319171066
25-35,34,mig_NQ_13,0.015337403
25-35,34,med_NQ_13,-3.733678017
25-35,34,mig_NQ_14,0.028720592
25-35,34,med_NQ_14,-2.55244924
25-35,34,mig_NQ_15,0.03014176
25-35,34,med_NQ_15,-0.973249901
25-35,34,mig_NQ_16,0.015517924
25-35,34,med_NQ_16,-0.302574705
25-35,34,mig_NQ_17,0.004786922
25-35,34,med_NQ_17,-0.080381655
25-35,35,beta_Q_2,0.999619087304927
25-35,35,beta_Q_3,0.999551003181176
25-35,35,beta_Q_4,0.999454498327363
25-35,35,beta_Q_5,0.999286879361664
25-35,35,beta_Q_6,0.999065238426475
25-35,35,beta_Q_7,0.998843479097522
25-35,35,beta_Q_8,0.998607031736884
25-35,35,beta_Q_9,0.998351073668527
25-35,35,beta_Q_10,0.998072999614038
25-35,35,beta_Q_11,0.993457115607074
25-35,35,beta_Q_12,0.987928826870337
25-35,35,beta_Q_13,0.898886899824713
25-35,35,beta_Q_14,0.757719698206412
25-35,35,beta_Q_15,0.524262384130702
25-35,35,beta_Q_16,0.329157368970759
25-35,35,beta_Q_17,0.22375696978696
25-35,35,h_Q_2,2625.273489
25-35,35,h_Q_3,2227.18727188
25-35,35,h_Q_4,1833.1749473224
25-35,35,h_Q_5,1402.28727003462
25-35,35,h_Q_6,1069.7915064575
25-35,35,h_Q_7,864.662271485196
25-35,35,h_Q_8,717.891437714629
25-35,35,h_Q_9,606.455223791803
25-35,35,h_Q_10,518.941255685999
25-35,35,h_Q_11,152.837785563428
25-35,35,h_Q_12,82.8419886020721
25-35,35,h_Q_13,9.88991530834334
25-35,35,h_Q_14,4.12745069476824
25-35,35,h_Q_15,2.10199819013347
25-35,35,h_Q_16,1.49066238152915
25-35,35,h_Q_17,1.28825625856417
25-35,35,P_Q_1,0.2625270279
25-35,35,P_Q_2,0.0686689117975949
25-35,35,P_Q_3,0.0712468114146343
25-35,35,P_Q_4,0.0726568274454746
25-35,35,P_Q_5,0.0724122729234808
25-35,35,P_Q_6,0.0719120765673171
25-35,35,P_Q_7,0.0752282503962315
25-35,35,P_Q_8,0.0810099426504573
25-35,35,P_Q_9,0.0827613696639843
25-35,35,P_Q_10,0.0787334258701861
25-35,35,P_Q_11,0.0751734764062332
25-35,35,P_Q_12,0.0657041245044077
25-35,35,P_Q_13,0.0629227495685068
25-35,35,P_Q_14,0.0526468205667649
25-35,35,P_Q_15,0.0333607233684916
25-35,35,P_Q_16,0.0138983629261803
25-35,35,P_Q_17,0.00431255073327455
25-35,35,L_Q,0.876532823219723
25-35,35,beta_NQ_2,0.997512892930243
25-35,35,beta_NQ_3,0.997024578880222
25-35,35,beta_NQ_4,0.996560336911147
25-35,35,beta_NQ_5,0.995613282750484
25-35,35,beta_NQ_6,0.994015208689168
25-35,35,beta_NQ_7,0.992189045936037
25-35,35,beta_NQ_8,0.989892291477073
25-35,35,beta_NQ_9,0.986918587702931
25-35,35,beta_NQ_10,0.983010464184225
25-35,35,beta_NQ_11,0.965619201586148
25-35,35,beta_NQ_12,0.926303007527201
25-35,35,beta_NQ_13,0.842470900251059
25-35,35,beta_NQ_14,0.656369384900565
25-35,35,beta_NQ_15,0.408358575984497
25-35,35,beta_NQ_16,0.236769321574473
25-35,35,beta_NQ_17,0.154645610028818
25-35,35,h_NQ_2,402.0735551
25-35,35,h_NQ_3,336.08687241
25-35,35,h_NQ_4,290.72614075196
25-35,35,h_NQ_5,227.960889514752
25-35,35,h_NQ_6,167.090194235432
25-35,35,h_NQ_7,128.025333629048
25-35,35,h_NQ_8,98.9343922741391
25-35,35,h_NQ_9,76.444345403279
25-35,35,h_NQ_10,58.8597582486024
25-35,35,h_NQ_11,29.0860028299696
25-35,35,h_NQ_12,13.5690747432969
25-35,35,h_NQ_13,6.34803347498161
25-35,35,h_NQ_14,2.91009325470755
25-35,35,h_NQ_15,1.69021273563089
25-35,35,h_NQ_16,1.31021982884063
25-35,35,h_NQ_17,1.18293581882582
25-35,35,P_NQ_1,0.6125630651
25-35,35,P_NQ_2,0.160656812315267
25-35,35,P_NQ_3,0.166880681722618
25-35,35,P_NQ_4,0.170390728297368
25-35,35,P_NQ_5,0.17007180229677
25-35,35,P_NQ_6,0.169239161017805
25-35,35,P_NQ_7,0.177408363837078
25-35,35,P_NQ_8,0.191348116847647
25-35,35,P_NQ_9,0.195501466360948
25-35,35,P_NQ_10,0.182715258725841
25-35,35,P_NQ_11,0.168299943617594
25-35,35,P_NQ_12,0.153309622275302
25-35,35,P_NQ_13,0.146819748567835
25-35,35,P_NQ_14,0.122842727299813
25-35,35,P_NQ_15,0.0778417302806632
25-35,35,P_NQ_16,0.0324295159779932
25-35,35,P_NQ_17,0.0100626172905023
25-35,35,L_NQ,1.6378963535947
25-35,35,pi_Q,0.3
25-35,35,pi_NQ,0.7
25-35,35,y,9.85441404733467
25-35,35,nbar,6.88695679843641
25-35,35,Ptot,4.15355708653427
25-35,35,Pret,1.28107339797959
25-35,35,H,1205.38040738075
25-35,35,cCheck,8.88178419700125e-16
25-35,35,shareq,0.3
25-35,35,A,2.552769808
25-35,35,A_Q,2
25-35,35,xpop,0.875090093
25-35,35,h_Q_1,100
25-35,35,mig_Q_2,-0.197776188
25-35,35,med_Q_2,2527.273489
25-35,35,mig_Q_3,0.002322628
25-35,35,med_Q_3,-125.1846293
25-35,35,mig_Q_4,0.002296954
25-35,35,med_Q_4,-161.9911991
25-35,35,mig_Q_5,0.001042684
25-35,35,med_Q_5,-239.4741682
25-35,35,mig_Q_6,0.000225481
25-35,35,med_Q_6,-184.7632364
25-35,35,mig_Q_7,-8.02546e-05
25-35,35,med_Q_7,-90.70826171
25-35,35,mig_Q_8,8.56841e-05
25-35,35,med_Q_8,-52.94408311
25-35,35,mig_Q_9,0.000270517
25-35,35,med_Q_9,-32.49116447
25-35,35,mig_Q_10,0.000261861
25-35,35,med_Q_10,-19.90420384
25-35,35,mig_Q_11,0.000394684
25-35,35,med_Q_11,-15.74388971
25-35,35,mig_Q_12,0.000758953
25-35,35,med_Q_12,-9.825253977
25-35,35,mig_Q_13,0.001996894
25-35,35,med_Q_13,-6.951582098
25-35,35,mig_Q_14,0.00597839
25-35,35,med_Q_14,-4.806101875
25-35,35,mig_Q_15,0.007585779
25-35,35,med_Q_15,-1.753849743
25-35,35,mig_Q_16,0.003763426
25-35,35,med_Q_16,-0.518994601
25-35,35,mig_Q_17,0.001446453
25-35,35,med_Q_17,-0.145578597
25-35,35,h_NQ_1,100
25-35,35,mig_NQ_2,-0.459593531
25-35,35,med_NQ_2,304.0735551
25-35,35,mig_NQ_3,0.006054206
25-35,35,med_NQ_3,-19.52859262
25-35,35,mig_NQ_4,0.006081908
25-35,35,med_NQ_4,-5.945468463
25-35,35,mig_NQ_5,0.003355519
25-35,35,med_NQ_5,-28.26358055
25-35,35,mig_NQ_6,0.001821357
25-35,35,med_NQ_6,-33.01482349
25-35,35,mig_NQ_7,0.00157083
25-35,35,med_NQ_7,-17.60433144
25-35,35,mig_NQ_8,0.002559708
25-35,35,med_NQ_8,-11.74582074
25-35,35,mig_NQ_9,0.003538623
25-35,35,med_NQ_9,-8.25161935
25-35,35,mig_NQ_10,0.003863935
25-35,35,med_NQ_10,-5.760611255
25-35,35,mig_NQ_11,0.004665739
25-35,35,med_NQ_11,-5.951644547
25-35,35,mig_NQ_12,0.007463329
25-35,35,med_NQ_12,-5.788652623
25-35,35,mig_NQ_13,0.014282782
25-35,35,med_NQ_13,-4.125632736
25-35,35,mig_NQ_14,0.029076764
25-35,35,med_NQ_14,-2.855745449
25-35,35,mig_NQ_15,0.031226712
25-35,35,med_NQ_15,-1.048977244
25-35,35,mig_NQ_16,0.015497195
25-35,35,med_NQ_16,-0.315310414
25-35,35,mig_NQ_17,0.005459816
25-35,35,med_NQ_17,-0.084245314
25-35,36,beta_Q_2,0.999651550437878
25-35,36,beta_Q_3,0.999589341859491
25-35,36,beta_Q_4,0.999501174403818
25-35,36,beta_Q_5,0.99934858481578
25-35,36,beta_Q_6,0.999147503979259
25-35,36,beta_Q_7,0.998947148779688
25-35,36,beta_Q_8,0.99873387303405
25-35,36,beta_Q_9,0.998503494177017
25-35,36,beta_Q_10,0.998253651018016
25-35,36,beta_Q_11,0.997964891379743
25-35,36,beta_Q_12,0.992813102745248
25-35,36,beta_Q_13,0.986401837408028
25-35,36,beta_Q_14,0.769077097730359
25-35,36,beta_Q_15,0.535973181667229
25-35,36,beta_Q_16,0.341780584233152
25-35,36,beta_Q_17,0.235953329672189
25-35,36,h_Q_2,2869.855809
25-35,36,h_Q_3,2435.11549232
25-35,36,h_Q_4,2004.7086750424
25-35,36,h_Q_5,1535.11925687595
25-35,36,h_Q_6,1173.02599443393
25-35,36,h_Q_7,949.801806628346
25-35,36,h_Q_8,789.810198145492
25-35,36,h_Q_9,668.223252500336
25-35,36,h_Q_10,572.623225485967
25-35,36,h_Q_11,491.374263592279
25-35,36,h_Q_12,139.14210052216
25-35,36,h_Q_13,73.5393410130307
25-35,36,h_Q_14,4.33044964417647
25-35,36,h_Q_15,2.15504698187287
25-35,36,h_Q_16,1.5192500263308
25-35,36,h_Q_17,1.30882048689857
25-35,36,P_Q_1,0.2611496442
25-35,36,P_Q_2,0.066795919022273
25-35,36,P_Q_3,0.0709627406746457
25-35,36,P_Q_4,0.0735066691598376
25-35,36,P_Q_5,0.0736490813623072
25-35,36,P_Q_6,0.0725708637133004
25-35,36,P_Q_7,0.0717518572476264
25-35,36,P_Q_8,0.0752099329309398
25-35,36,P_Q_9,0.0811428812229098
25-35,36,P_Q_10,0.082857680472699
25-35,36,P_Q_11,0.0785900521668584
25-35,36,P_Q_12,0.0749750533577749
25-35,36,P_Q_13,0.060835200781464
25-35,36,P_Q_14,0.0535830688133666
25-35,36,P_Q_15,0.0354778056672334
25-35,36,P_Q_16,0.014956384930934
25-35,36,P_Q_17,0.00467479957336152
25-35,36,L_Q,0.863297840060825
25-35,36,beta_NQ_2,0.997752182356494
25-35,36,beta_NQ_3,0.9973154077472
25-35,36,beta_NQ_4,0.996900975684356
25-35,36,beta_NQ_5,0.996061714845864
25-35,36,beta_NQ_6,0.994660398011357
25-35,36,beta_NQ_7,0.993080324909794
25-35,36,beta_NQ_8,0.991120956446884
25-35,36,beta_NQ_9,0.988628454478691
25-35,36,beta_NQ_10,0.985422574007702
25-35,36,beta_NQ_11,0.980451445426894
25-35,36,beta_NQ_12,0.954971821801573
25-35,36,beta_NQ_13,0.88559344344513
25-35,36,beta_NQ_14,0.670069880789206
25-35,36,beta_NQ_15,0.419525880663102
25-35,36,beta_NQ_16,0.246996423724605
25-35,36,beta_NQ_17,0.16376980933831
25-35,36,h_NQ_2,444.8759384
25-35,36,h_NQ_3,372.496039198
25-35,36,h_NQ_4,322.6821982788
25-35,36,h_NQ_5,253.917614546921
25-35,36,h_NQ_6,187.279867804457
25-35,36,h_NQ_7,144.515455850724
25-35,36,h_NQ_8,112.624743196467
25-35,36,h_NQ_9,87.9387940826563
25-35,36,h_NQ_10,68.5992163862134
25-35,36,h_NQ_11,51.1546770036303
25-35,36,h_NQ_12,22.2083150593702
25-35,36,h_NQ_13,8.74075633543094
25-35,36,h_NQ_14,3.03093585348198
25-35,36,h_NQ_15,1.7227294546134
25-35,36,h_NQ_16,1.32801489591828
25-35,36,h_NQ_17,1.19584295926382
25-35,36,P_NQ_1,0.6093491698
25-35,36,P_NQ_2,0.156260397170118
25-35,36,P_NQ_3,0.166180403642868
25-35,36,P_NQ_4,0.172338813401454
25-35,36,P_NQ_5,0.172937665350388
25-35,36,P_NQ_6,0.170777160052167
25-35,36,P_NQ_7,0.169270453705271
25-35,36,P_NQ_8,0.177820240805883
25-35,36,P_NQ_9,0.192076278238895
25-35,36,P_NQ_10,0.195868506196172
25-35,36,P_NQ_11,0.180860614248453
25-35,36,P_NQ_12,0.162951250939635
25-35,36,P_NQ_13,0.141948799495424
25-35,36,P_NQ_14,0.125027304058726
25-35,36,P_NQ_15,0.0827815931902036
25-35,36,P_NQ_16,0.0348982366687357
25-35,36,P_NQ_17,0.0109078622813561
25-35,36,L_NQ,1.61443763252068
25-35,36,pi_Q,0.3
25-35,36,pi_NQ,0.7
25-35,36,y,10.5276242015443
25-35,36,nbar,6.90165472350918
25-35,36,Ptot,4.17494438454328
25-35,36,Pret,1.3411942128424
25-35,36,H,1303.17112801956
25-35,36,cCheck,4.44089209850063e-16
25-35,36,shareq,0.3
25-35,36,A,2.723097013
25-35,36,A_Q,2
25-35,36,xpop,0.870498814
25-35,36,h_Q_1,100
25-35,36,mig_Q_2,-0.195631109
25-35,36,med_Q_2,2771.855809
25-35,36,mig_Q_3,0.002324661
25-35,36,med_Q_3,-137.6525269
25-35,36,mig_Q_4,0.002298723
25-35,36,med_Q_4,-177.9348514
25-35,36,mig_Q_5,0.001044067
25-35,36,med_Q_5,-261.3921915
25-35,36,mig_Q_6,0.000226279
25-35,36,med_Q_6,-201.2155302
25-35,36,mig_Q_7,-7.70515e-05
25-35,36,med_Q_7,-98.5938697
25-35,36,mig_Q_8,8.64731e-05
25-35,36,med_Q_8,-57.55882791
25-35,36,mig_Q_9,0.000266518
25-35,36,med_Q_9,-35.31035646
25-35,36,mig_Q_10,0.000255792
25-35,36,med_Q_10,-21.70289383
25-35,36,mig_Q_11,0.00037177
25-35,36,med_Q_11,-17.18816698
25-35,36,mig_Q_12,0.000709009
25-35,36,med_Q_12,-10.63892933
25-35,36,mig_Q_13,0.001774624
25-35,36,med_Q_13,-7.645807817
25-35,36,mig_Q_14,0.005905262
25-35,36,med_Q_14,-5.361667358
25-35,36,mig_Q_15,0.007877058
25-35,36,med_Q_15,-1.889854699
25-35,36,mig_Q_16,0.003975457
25-35,36,med_Q_16,-0.5407082
25-35,36,mig_Q_17,0.001564944
25-35,36,med_Q_17,-0.152028647
25-35,36,h_NQ_1,100
25-35,36,mig_NQ_2,-0.454779158
25-35,36,med_NQ_2,346.8759384
25-35,36,mig_NQ_3,0.006001613
25-35,36,med_NQ_3,-21.5360448
25-35,36,mig_NQ_4,0.006032145
25-35,36,med_NQ_4,-6.682936683
25-35,36,mig_NQ_5,0.003294393
25-35,36,med_NQ_5,-30.99400339
25-35,36,mig_NQ_6,0.001723202
25-35,36,med_NQ_6,-36.12180392
25-35,36,mig_NQ_7,0.001353212
25-35,36,med_NQ_7,-19.2329345
25-35,36,mig_NQ_8,0.002205069
25-35,36,med_NQ_8,-12.84008376
25-35,36,mig_NQ_9,0.003231265
25-35,36,med_NQ_9,-9.016910346
25-35,36,mig_NQ_10,0.003688519
25-35,36,med_NQ_10,-6.316242109
25-35,36,mig_NQ_11,0.004427252
25-35,36,med_NQ_11,-6.52788608
25-35,36,mig_NQ_12,0.007054507
25-35,36,med_NQ_12,-6.295967714
25-35,36,mig_NQ_13,0.012789904
25-35,36,med_NQ_13,-4.556936913
25-35,36,mig_NQ_14,0.028659316
25-35,36,med_NQ_14,-3.190136952
25-35,36,mig_NQ_15,0.032617712
25-35,36,med_NQ_15,-1.129161935
25-35,36,mig_NQ_16,0.016467703
25-35,36,med_NQ_16,-0.328393585
25-35,36,mig_NQ_17,0.00589278
25-35,36,med_NQ_17,-0.088172473
25-35,37,beta_Q_2,0.999681162067744
25-35,37,beta_Q_3,0.999624222290013
25-35,37,beta_Q_4,0.999543588698498
25-35,37,beta_Q_5,0.999404580914103
25-35,37,beta_Q_6,0.999222010762425
25-35,37,beta_Q_7,0.99904071511844
25-35,37,beta_Q_8,0.998848258871574
25-35,37,beta_Q_9,0.998640670409761
25-35,37,beta_Q_10,0.998415726396219
25-35,37,beta_Q_11,0.998156386468994
25-35,37,beta_Q_12,0.997872497919682
25-35,37,beta_Q_13,0.992184732783447
25-35,37,beta_Q_14,0.984870536670133
25-35,37,beta_Q_15,0.547483280799446
25-35,37,beta_Q_16,0.354373080785361
25-35,37,beta_Q_17,0.248270248045955
25-35,37,h_Q_2,3136.389679
25-35,37,h_Q_3,2661.14773022
25-35,37,h_Q_4,2191.0062189736
25-35,37,h_Q_5,1679.48932724155
25-35,37,h_Q_6,1285.36481563843
25-35,37,h_Q_7,1042.44318974525
25-35,37,h_Q_8,868.250656205779
25-35,37,h_Q_9,735.656750522582
25-35,37,h_Q_10,631.20409607033
25-35,37,h_Q_11,542.413021836247
25-35,37,h_Q_12,470.034789280433
25-35,37,h_Q_13,127.954677037716
25-35,37,h_Q_14,66.09619774277
25-35,37,h_Q_15,2.20986217529294
25-35,37,h_Q_16,1.54888190923541
25-35,37,h_Q_17,1.33026519880418
25-35,37,P_Q_1,0.2607247251
25-35,37,P_Q_2,0.0642388027208301
25-35,37,P_Q_3,0.0690954647343737
25-35,37,P_Q_4,0.0732279836432219
25-35,37,P_Q_5,0.0745042947994054
25-35,37,P_Q_6,0.0738130308135147
25-35,37,P_Q_7,0.0724188318908807
25-35,37,P_Q_8,0.0717499208863082
25-35,37,P_Q_9,0.0753623348283625
25-35,37,P_Q_10,0.081246152434891
25-35,37,P_Q_11,0.0830431290929145
25-35,37,P_Q_12,0.0786821325366896
25-35,37,P_Q_13,0.0756719063918741
25-35,37,P_Q_14,0.052400454656852
25-35,37,P_Q_15,0.0366987868753942
25-35,37,P_Q_16,0.0162473891482573
25-35,37,P_Q_17,0.00526444182431283
25-35,37,L_Q,0.849900484526127
25-35,37,beta_NQ_2,0.997965741079916
25-35,37,beta_NQ_3,0.997574110382637
25-35,37,beta_NQ_4,0.997202979879683
25-35,37,beta_NQ_5,0.99645700158715
25-35,37,beta_NQ_6,0.995222950262002
25-35,37,beta_NQ_7,0.993847391357449
25-35,37,beta_NQ_8,0.992162567005479
25-35,37,beta_NQ_9,0.990051970786346
25-35,37,beta_NQ_10,0.987382668135027
25-35,37,beta_NQ_11,0.983352474292849
25-35,37,beta_NQ_12,0.976898778478384
25-35,37,beta_NQ_13,0.940237683222256
25-35,37,beta_NQ_14,0.800295846724612
25-35,37,beta_NQ_15,0.43061488215329
25-35,37,beta_NQ_16,0.25730062920761
25-35,37,beta_NQ_17,0.173067711307281
25-35,37,h_NQ_2,491.5795012
25-35,37,h_NQ_3,412.219903212
25-35,37,h_NQ_4,357.52334216804
25-35,37,h_NQ_5,282.246803263224
25-35,37,h_NQ_6,209.334216275982
25-35,37,h_NQ_7,162.532675118368
25-35,37,h_NQ_8,127.592797373709
25-35,37,h_NQ_9,100.522422936538
25-35,37,h_NQ_10,79.2560591020032
25-35,37,h_NQ_11,60.0689866824891
25-35,37,h_NQ_12,43.2877542455577
25-35,37,h_NQ_13,16.7329523671828
25-35,37,h_NQ_14,5.00740698772232
25-35,37,h_NQ_15,1.75628028341234
25-35,37,h_NQ_16,1.34643976052113
25-35,37,h_NQ_17,1.20928883499991
25-35,37,P_NQ_1,0.6083576919
25-35,37,P_NQ_2,0.150270730985068
25-35,37,P_NQ_3,0.161783651718455
25-35,37,P_NQ_4,0.171642513531195
25-35,37,P_NQ_5,0.174893828011154
25-35,37,P_NQ_6,0.173655245048572
25-35,37,P_NQ_7,0.170833706591778
25-35,37,P_NQ_8,0.169722566974566
25-35,37,P_NQ_9,0.178633785842949
25-35,37,P_NQ_10,0.192628053507992
25-35,37,P_NQ_11,0.196260244013644
25-35,37,P_NQ_12,0.179407738280996
25-35,37,P_NQ_13,0.156679017433323
25-35,37,P_NQ_14,0.122267865156069
25-35,37,P_NQ_15,0.0856305498421704
25-35,37,P_NQ_16,0.0379105774682054
25-35,37,P_NQ_17,0.0122836965654821
25-35,37,L_NQ,1.590888326578
25-35,37,pi_Q,0.3
25-35,37,pi_NQ,0.7
25-35,37,y,11.233402117617
25-35,37,nbar,6.90459468357734
25-35,37,Ptot,4.2072512452497
25-35,37,Pret,1.41232213522907
25-35,37,H,1400.95845453079
25-35,37,cCheck,4.44089209850063e-16
25-35,37,shareq,0.3
25-35,37,A,2.904788876
25-35,37,A_Q,2
25-35,37,xpop,0.869082417
25-35,37,h_Q_1,100
25-35,37,mig_Q_2,-0.196819844
25-35,37,med_Q_2,3038.389679
25-35,37,mig_Q_3,0.002326976
25-35,37,med_Q_3,-151.3109626
25-35,37,mig_Q_4,0.002300641
25-35,37,med_Q_4,-195.4069635
25-35,37,mig_Q_5,0.001045509
25-35,37,med_Q_5,-285.1251743
25-35,37,mig_Q_6,0.000226735
25-35,37,med_Q_6,-219.0520561
25-35,37,mig_Q_7,-7.56255e-05
25-35,37,med_Q_7,-107.1222848
25-35,37,mig_Q_8,8.89106e-05
25-35,37,med_Q_8,-62.55511429
25-35,37,mig_Q_9,0.000264954
25-35,37,med_Q_9,-38.35724366
25-35,37,mig_Q_10,0.000244975
25-35,37,med_Q_10,-23.65469138
25-35,37,mig_Q_11,0.000354073
25-35,37,med_Q_11,-18.75773914
25-35,37,mig_Q_12,0.000656899
25-35,37,med_Q_12,-11.51198904
25-35,37,mig_Q_13,0.001716376
25-35,37,med_Q_13,-8.404581474
25-35,37,mig_Q_14,0.005613495
25-35,37,med_Q_14,-5.97235645
25-35,37,mig_Q_15,0.007979699
25-35,37,med_Q_15,-2.033978476
25-35,37,mig_Q_16,0.004121764
25-35,37,med_Q_16,-0.563064133
25-35,37,mig_Q_17,0.001735433
25-35,37,med_Q_17,-0.158599827
25-35,37,h_NQ_1,100
25-35,37,mig_NQ_2,-0.457708733
25-35,37,med_NQ_2,393.5795012
25-35,37,mig_NQ_3,0.00594275
25-35,37,med_NQ_3,-23.75851642
25-35,37,mig_NQ_4,0.005977107
25-35,37,med_NQ_4,-7.522776246
25-35,37,mig_NQ_5,0.003233734
25-35,37,med_NQ_5,-33.98175105
25-35,37,mig_NQ_6,0.001640998
25-35,37,med_NQ_6,-39.50504598
25-35,37,mig_NQ_7,0.001238269
25-35,37,med_NQ_7,-21.00159533
25-35,37,mig_NQ_8,0.001955073
25-35,37,med_NQ_8,-14.03234936
25-35,37,mig_NQ_9,0.002835636
25-35,37,med_NQ_9,-9.849825396
25-35,37,mig_NQ_10,0.003351753
25-35,37,med_NQ_10,-6.923959099
25-35,37,mig_NQ_11,0.004220684
25-35,37,med_NQ_11,-7.158245376
25-35,37,mig_NQ_12,0.006690948
25-35,37,med_NQ_12,-6.843829218
25-35,37,mig_NQ_13,0.012370458
25-35,37,med_NQ_13,-5.031196391
25-35,37,mig_NQ_14,0.02715225
25-35,37,med_NQ_14,-3.558534221
25-35,37,mig_NQ_15,0.03317836
25-35,37,med_NQ_15,-1.214036853
25-35,37,mig_NQ_16,0.01746382
25-35,37,med_NQ_16,-0.341835105
25-35,37,mig_NQ_17,0.006568419
25-35,37,med_NQ_17,-0.092165763
25-35,38,beta_Q_2,0.999708014745046
25-35,38,beta_Q_3,0.999656011548524
25-35,38,beta_Q_4,0.999582186266886
25-35,38,beta_Q_5,0.999455432202507
25-35,38,beta_Q_6,0.999289548923974
25-35,38,beta_Q_7,0.999125347388673
25-35,38,beta_Q_8,0.998951381635828
25-35,38,beta_Q_9,0.998764265403907
25-35,38,beta_Q_10,0.998561504987192
25-35,38,beta_Q_11,0.998328090243342
25-35,38,beta_Q_12,0.99807365315182
25-35,38,beta_Q_13,0.997784672671817
25-35,38,beta_Q_14,0.991579113251305
25-35,38,beta_Q_15,0.984022400834218
25-35,38,beta_Q_16,0.366920881115519
25-35,38,beta_Q_17,0.260687442821327
25-35,38,h_Q_2,3424.830477
25-35,38,h_Q_3,2907.07433842
25-35,38,h_Q_4,2393.4110364156
25-35,38,h_Q_5,1836.31864499413
25-35,38,h_Q_6,1407.55644839672
25-35,38,h_Q_7,1143.31104642566
25-35,38,h_Q_8,953.635779630348
25-35,38,h_Q_9,809.235246101663
25-35,38,h_Q_10,695.170980762131
25-35,38,h_Q_11,598.118399418923
25-35,38,h_Q_12,519.117305799522
25-35,38,h_Q_13,451.400559784824
25-35,38,h_Q_14,118.752339033962
25-35,38,h_Q_15,62.5876259379146
25-35,38,h_Q_16,1.57958115478708
25-35,38,h_Q_17,1.35260778505071
25-35,38,P_Q_1,0.2590967487
25-35,38,P_Q_2,0.0625686071677612
25-35,38,P_Q_3,0.0665438092106514
25-35,38,P_Q_4,0.0713666157833864
25-35,38,P_Q_5,0.074231330304139
25-35,38,P_Q_6,0.0746734932598984
25-35,38,P_Q_7,0.0736673708889931
25-35,38,P_Q_8,0.0724253407437195
25-35,38,P_Q_9,0.0719188840957501
25-35,38,P_Q_10,0.0754779632705746
25-35,38,P_Q_11,0.0814145529289198
25-35,38,P_Q_12,0.0834797006630133
25-35,38,P_Q_13,0.0797206126457472
25-35,38,P_Q_14,0.0803089310590172
25-35,38,P_Q_15,0.036484166830916
25-35,38,P_Q_16,0.0171709811661188
25-35,38,P_Q_17,0.005974531333937
25-35,38,L_Q,0.840828593517957
25-35,38,beta_NQ_2,0.998156860857168
25-35,38,beta_NQ_3,0.997804798641988
25-35,38,beta_NQ_4,0.997471727772917
25-35,38,beta_NQ_5,0.996806479822238
25-35,38,beta_NQ_6,0.995715721735333
25-35,38,beta_NQ_7,0.994512088345331
25-35,38,beta_NQ_8,0.993053251368048
25-35,38,beta_NQ_9,0.991250013483441
25-35,38,beta_NQ_10,0.989001830071279
25-35,38,beta_NQ_11,0.985678201036245
25-35,38,beta_NQ_12,0.980557176437368
25-35,38,beta_NQ_13,0.972877421936469
25-35,38,beta_NQ_14,0.919576499680567
25-35,38,beta_NQ_15,0.722485441237287
25-35,38,beta_NQ_16,0.267671329732066
25-35,38,beta_NQ_17,0.182527816656613
25-35,38,h_NQ_2,542.5526285
25-35,38,h_NQ_3,455.539070016
25-35,38,h_NQ_4,395.52702157176
25-35,38,h_NQ_5,313.134072674679
25-35,38,h_NQ_6,233.41153575796
25-35,38,h_NQ_7,182.218668340463
25-35,38,h_NQ_8,143.952236216
25-35,38,h_NQ_9,114.285890396235
25-35,38,h_NQ_10,90.9242179818071
25-35,38,h_NQ_11,69.8236305739631
25-35,38,h_NQ_12,51.4328588528393
25-35,38,h_NQ_13,36.8696496066466
25-35,38,h_NQ_14,12.4341765258392
25-35,38,h_NQ_15,3.60341454996787
25-35,38,h_NQ_16,1.3655070467441
25-35,38,h_NQ_17,1.22328319231071
25-35,38,P_NQ_1,0.6045590803
25-35,38,P_NQ_2,0.14635142383865
25-35,38,P_NQ_3,0.155791897778977
25-35,38,P_NQ_4,0.16724652958946
25-35,38,P_NQ_5,0.174201154378177
25-35,38,P_NQ_6,0.175617474495875
25-35,38,P_NQ_7,0.173728236287062
25-35,38,P_NQ_8,0.171318054863159
25-35,38,P_NQ_9,0.170592044920087
25-35,38,P_NQ_10,0.179295509084672
25-35,38,P_NQ_11,0.193225689035299
25-35,38,P_NQ_12,0.198096791640798
25-35,38,P_NQ_13,0.180682779193469
25-35,38,P_NQ_14,0.153166385920782
25-35,38,P_NQ_15,0.0851297693453152
25-35,38,P_NQ_16,0.040065629353784
25-35,38,P_NQ_17,0.0139405718767597
25-35,38,L_NQ,1.57444568334496
25-35,38,pi_Q,0.3
25-35,38,pi_NQ,0.7
25-35,38,y,12.0157483080151
25-35,38,nbar,6.93163068456312
25-35,38,Ptot,4.26953266195487
25-35,38,Pret,1.50363456534912
25-35,38,H,1505.69788323066
25-35,38,cCheck,-8.88178419700125e-16
25-35,38,shareq,0.3
25-35,38,A,3.098603676
25-35,38,A_Q,2
25-35,38,xpop,0.863655829
25-35,38,h_Q_1,100
25-35,38,mig_Q_2,-0.198072989
25-35,38,med_Q_2,3326.830477
25-35,38,mig_Q_3,0.002329146
25-35,38,med_Q_3,-166.587547
25-35,38,mig_Q_4,0.002302687
25-35,38,med_Q_4,-214.5137392
25-35,38,mig_Q_5,0.001046948
25-35,38,med_Q_5,-310.8674496
25-35,38,mig_Q_6,0.000227162
25-35,38,med_Q_6,-238.3430923
25-35,38,mig_Q_7,-7.48522e-05
25-35,38,med_Q_7,-116.3464729
25-35,38,mig_Q_8,8.99166e-05
25-35,38,med_Q_8,-67.95854632
25-35,38,mig_Q_9,0.000266495
25-35,38,med_Q_9,-41.65039698
25-35,38,mig_Q_10,0.000235023
25-35,38,med_Q_10,-25.77263475
25-35,38,mig_Q_11,0.000318187
25-35,38,med_Q_11,-20.46161473
25-35,38,mig_Q_12,0.000613246
25-35,38,med_Q_12,-12.4474556
25-35,38,mig_Q_13,0.001653402
25-35,38,med_Q_13,-9.23353371
25-35,38,mig_Q_14,0.0057819
25-35,38,med_Q_14,-6.643244463
25-35,38,mig_Q_15,0.007795794
25-35,38,med_Q_15,-2.18664785
25-35,38,mig_Q_16,0.004165919
25-35,38,med_Q_16,-0.586083777
25-35,38,mig_Q_17,0.001940788
25-35,38,med_Q_17,-0.165296486
25-35,38,h_NQ_1,100
25-35,38,mig_NQ_2,-0.460768711
25-35,38,med_NQ_2,444.5526285
25-35,38,mig_NQ_3,0.005885707
25-35,38,med_NQ_3,-26.20884116
25-35,38,mig_NQ_4,0.00591539
25-35,38,med_NQ_4,-8.448483576
25-35,38,mig_NQ_5,0.00316677
25-35,38,med_NQ_5,-37.23880265
25-35,38,mig_NQ_6,0.001559123
25-35,38,med_NQ_6,-43.19033144
25-35,38,mig_NQ_7,0.001141424
25-35,38,med_NQ_7,-22.92886361
25-35,38,mig_NQ_8,0.001823246
25-35,38,med_NQ_8,-15.3297854
25-35,38,mig_NQ_9,0.002557883
25-35,38,med_NQ_9,-10.75505103
25-35,38,mig_NQ_10,0.002915605
25-35,38,med_NQ_10,-7.587756496
25-35,38,mig_NQ_11,0.003804416
25-35,38,med_NQ_11,-7.847307346
25-35,38,mig_NQ_12,0.006370399
25-35,38,med_NQ_12,-7.434748096
25-35,38,mig_NQ_13,0.011996863
25-35,38,med_NQ_13,-5.552349554
25-35,38,mig_NQ_14,0.027776819
25-35,38,med_NQ_14,-3.964116794
25-35,38,mig_NQ_15,0.032479407
25-35,38,med_NQ_15,-1.303844298
25-35,38,mig_NQ_16,0.018032835
25-35,38,med_NQ_16,-0.355647631
25-35,38,mig_NQ_17,0.007379475
25-35,38,med_NQ_17,-0.096227773
25-35,39,beta_Q_2,0.99973247171347
25-35,39,beta_Q_3,0.999684861217525
25-35,39,beta_Q_4,0.999617379721728
25-35,39,beta_Q_5,0.99950167287891
25-35,39,beta_Q_6,0.999350785082621
25-35,39,beta_Q_7,0.99920197045967
25-35,39,beta_Q_8,0.999044569991786
25-35,39,beta_Q_9,0.998875591538676
25-35,39,beta_Q_10,0.998692780609533
25-35,39,beta_Q_11,0.998482449126636
25-35,39,beta_Q_12,0.99825390505773
25-35,39,beta_Q_13,0.997994369440193
25-35,39,beta_Q_14,0.997701110908405
25-35,39,beta_Q_15,0.991230299717815
25-35,39,beta_Q_16,0.983532612141863
25-35,39,beta_Q_17,0.273184741856162
25-35,39,h_Q_2,3737.922494
25-35,39,h_Q_3,3173.20512616
25-35,39,h_Q_4,2613.5572440516
25-35,39,h_Q_5,2006.71397898729
25-35,39,h_Q_6,1540.32195959425
25-35,39,h_Q_7,1253.08643632879
25-35,39,h_Q_8,1046.64913516715
25-35,39,h_Q_9,889.356515147741
25-35,39,h_Q_10,764.98252469963
25-35,39,h_Q_11,658.956484486888
25-35,39,h_Q_12,572.706536680545
25-35,39,h_Q_13,498.596304703532
25-35,39,h_Q_14,434.992711747128
25-35,39,h_Q_15,114.028982405283
25-35,39,h_Q_16,60.7260835421563
25-35,39,h_Q_17,1.37586532669134
25-35,39,P_Q_1,0.2555920764
25-35,39,P_Q_2,0.0623760232697732
25-35,39,P_Q_3,0.0648780062894705
25-35,39,P_Q_4,0.0688206902933095
25-35,39,P_Q_5,0.0723763208226147
25-35,39,P_Q_6,0.0744060695756496
25-35,39,P_Q_7,0.0745340950940217
25-35,39,P_Q_8,0.0736802733310386
25-35,39,P_Q_9,0.0726026452445286
25-35,39,P_Q_10,0.0720465301396516
25-35,39,P_Q_11,0.0756279179273699
25-35,39,P_Q_12,0.0817926522614893
25-35,39,P_Q_13,0.0848968288007859
25-35,39,P_Q_14,0.0849776313951208
25-35,39,P_Q_15,0.0872689741491238
25-35,39,P_Q_16,0.0174637696403653
25-35,39,P_Q_17,0.00663140917092868
25-35,39,L_Q,0.834338081272046
25-35,39,beta_NQ_2,0.998327909505878
25-35,39,beta_NQ_3,0.99801111466098
25-35,39,beta_NQ_4,0.997711400439701
25-35,39,beta_NQ_5,0.997116630979861
25-35,39,beta_NQ_6,0.996148906090197
25-35,39,beta_NQ_7,0.995091327258566
25-35,39,beta_NQ_8,0.993820805792046
25-35,39,beta_NQ_9,0.992268040657118
25-35,39,beta_NQ_10,0.990355540168065
25-35,39,beta_NQ_11,0.987578434893613
25-35,39,beta_NQ_12,0.983431486374618
25-35,39,beta_NQ_13,0.977416155597883
25-35,39,beta_NQ_14,0.968476052342241
25-35,39,beta_NQ_15,0.907292882765148
25-35,39,beta_NQ_16,0.683694818644235
25-35,39,beta_NQ_17,0.192138416242411
25-35,39,h_NQ_2,598.0537486
25-35,39,h_NQ_3,502.79418676
25-35,39,h_NQ_4,436.94843033268
25-35,39,h_NQ_5,346.816510510325
25-35,39,h_NQ_6,259.666473421186
25-35,39,h_NQ_7,203.7210494728
25-35,39,h_NQ_8,161.833389543653
25-35,39,h_NQ_9,129.33332363168
25-35,39,h_NQ_10,103.68647051531
25-35,39,h_NQ_11,80.5051530491709
25-35,39,h_NQ_12,60.3554442244838
25-35,39,h_NQ_13,44.2794407447825
25-35,39,h_NQ_14,31.7219153785136
25-35,39,h_NQ_15,10.7866504323224
25-35,39,h_NQ_16,3.16150356896851
25-35,39,h_NQ_17,1.23783578780921
25-35,39,P_NQ_1,0.5963815116
25-35,39,P_NQ_2,0.145878221794945
25-35,39,P_NQ_3,0.151870605994293
25-35,39,P_NQ_4,0.161253691450618
25-35,39,P_NQ_5,0.169804724422556
25-35,39,P_NQ_6,0.174923843158795
25-35,39,P_NQ_7,0.175698757310826
25-35,39,P_NQ_8,0.174233142899303
25-35,39,P_NQ_9,0.172230066193064
25-35,39,P_NQ_10,0.171325572621568
25-35,39,P_NQ_11,0.179987104848457
25-35,39,P_NQ_12,0.195188671055617
25-35,39,P_NQ_13,0.204394484945386
25-35,39,P_NQ_14,0.194583156643287
25-35,39,P_NQ_15,0.144990198914697
25-35,39,P_NQ_16,0.0407488005604446
25-35,39,P_NQ_17,0.0154732878489193
25-35,39,L_NQ,1.56167704073887
25-35,39,pi_Q,0.3
25-35,39,pi_NQ,0.7
25-35,39,y,12.8757157401915
25-35,39,nbar,6.97667373255078
25-35,39,Ptot,4.39893775606802
25-35,39,Pret,1.65739699092321
25-35,39,H,1623.66523047644
25-35,39,cCheck,-4.44089209850063e-16
25-35,39,shareq,0.3
25-35,39,A,3.305350285
25-35,39,A_Q,2
25-35,39,xpop,0.851973588
25-35,39,h_Q_1,100
25-35,39,mig_Q_2,-0.196645073
25-35,39,med_Q_2,3639.922494
25-35,39,mig_Q_3,0.002330922
25-35,39,med_Q_3,-183.1287413
25-35,39,mig_Q_4,0.002304684
25-35,39,med_Q_4,-235.3756076
25-35,39,mig_Q_5,0.001048569
25-35,39,med_Q_5,-338.8288367
25-35,39,mig_Q_6,0.000227477
25-35,39,med_Q_6,-259.2703125
25-35,39,mig_Q_7,-7.40848e-05
25-35,39,med_Q_7,-126.3188831
25-35,39,mig_Q_8,9.01514e-05
25-35,39,med_Q_8,-73.79569033
25-35,39,mig_Q_9,0.000266803
25-35,39,med_Q_9,-45.20654889
25-35,39,mig_Q_10,0.000231101
25-35,39,med_Q_10,-28.06801648
25-35,39,mig_Q_11,0.000276147
25-35,39,med_Q_11,-22.31107666
25-35,39,mig_Q_12,0.000534932
25-35,39,med_Q_12,-13.44949475
25-35,39,mig_Q_13,0.001602063
25-35,39,med_Q_13,-10.13865498
25-35,39,mig_Q_14,0.005928337
25-35,39,med_Q_14,-7.379836842
25-35,39,mig_Q_15,0.008243187
25-35,39,med_Q_15,-2.348309848
25-35,39,mig_Q_16,0.004076967
25-35,39,med_Q_16,-0.609789877
25-35,39,mig_Q_17,0.00215515
25-35,39,med_Q_17,-0.172124205
25-35,39,h_NQ_1,100
25-35,39,mig_NQ_2,-0.457566572
25-35,39,med_NQ_2,500.0537486
25-35,39,mig_NQ_3,0.005840453
25-35,39,med_NQ_3,-28.90738917
25-35,39,mig_NQ_4,0.005855678
25-35,39,med_NQ_4,-9.479858283
25-35,39,mig_NQ_5,0.0030923
25-35,39,med_NQ_5,-40.79997063
25-35,39,mig_NQ_6,0.001469015
25-35,39,med_NQ_6,-47.2049178
25-35,39,mig_NQ_7,0.001045056
25-35,39,med_NQ_7,-25.02225557
25-35,39,mig_NQ_8,0.001711753
25-35,39,med_NQ_8,-16.74090543
25-35,39,mig_NQ_9,0.002411042
25-35,39,med_NQ_9,-11.73986786
25-35,39,mig_NQ_10,0.002609728
25-35,39,med_NQ_10,-8.313702073
25-35,39,mig_NQ_11,0.00325943
25-35,39,med_NQ_11,-8.600580573
25-35,39,mig_NQ_12,0.005719835
25-35,39,med_NQ_12,-8.071713738
25-35,39,mig_NQ_13,0.011670589
25-35,39,med_NQ_13,-6.124760931
25-35,39,mig_NQ_14,0.028431519
25-35,39,med_NQ_14,-4.410341236
25-35,39,mig_NQ_15,0.034329715
25-35,39,med_NQ_15,-1.398842563
25-35,39,mig_NQ_16,0.017962002
25-35,39,med_NQ_16,-0.36984269
25-35,39,mig_NQ_17,0.008160196
25-35,39,med_NQ_17,-0.100361118
25-35,40,beta_Q_2,0.999754754540312
25-35,40,beta_Q_3,0.999711162756462
25-35,40,beta_Q_4,0.999649343172531
25-35,40,beta_Q_5,0.99954382541371
25-35,40,beta_Q_6,0.999406391625212
25-35,40,beta_Q_7,0.999271352548141
25-35,40,beta_Q_8,0.999128858580442
25-35,40,beta_Q_9,0.998976112785385
25-35,40,beta_Q_10,0.998810956966676
25-35,40,beta_Q_11,0.998621383759001
25-35,40,beta_Q_12,0.998415857445308
25-35,40,beta_Q_13,0.998182234768586
25-35,40,beta_Q_14,0.997918558457697
25-35,40,beta_Q_15,0.997640248396929
25-35,40,beta_Q_16,0.991000249948194
25-35,40,beta_Q_17,0.983145823544532
25-35,40,h_Q_2,4077.547455
25-35,40,h_Q_3,3462.15739962
25-35,40,h_Q_4,2851.7910437368
25-35,40,h_Q_5,2192.14316197057
25-35,40,h_Q_6,1684.61234130754
25-35,40,h_Q_7,1372.40580570236
25-35,40,h_Q_8,1147.91923546221
25-35,40,h_Q_9,976.670063943808
25-35,40,h_Q_10,841.012446524786
25-35,40,h_Q_11,725.365014295637
25-35,40,h_Q_12,631.25631282715
25-35,40,h_Q_13,550.126039216934
25-35,40,h_Q_14,480.436257991461
25-35,40,h_Q_15,423.773416954185
25-35,40,h_Q_16,111.114196908177
25-35,40,h_Q_17,59.3324746483132
25-35,40,P_Q_1,0.2510840766
25-35,40,P_Q_2,0.0627945772897501
25-35,40,P_Q_3,0.0646885621657443
25-35,40,P_Q_4,0.0671595816486503
25-35,40,P_Q_5,0.0698365680768442
25-35,40,P_Q_6,0.0725571290354717
25-35,40,P_Q_7,0.0742733058341484
25-35,40,P_Q_8,0.0745533498829338
25-35,40,P_Q_9,0.0738637196082725
25-35,40,P_Q_10,0.0727364086588657
25-35,40,P_Q_11,0.0721883448649154
25-35,40,P_Q_12,0.0759416074023825
25-35,40,P_Q_13,0.083084325418546
25-35,40,P_Q_14,0.0907990154071448
25-35,40,P_Q_15,0.0928865260370956
25-35,40,P_Q_16,0.0901416211038285
25-35,40,P_Q_17,0.00711671040103867
25-35,40,L_Q,0.826680919037501
25-35,40,beta_NQ_2,0.99848150590436
25-35,40,beta_NQ_3,0.998195713372014
25-35,40,beta_NQ_4,0.997925739140081
25-35,40,beta_NQ_5,0.997392609111354
25-35,40,beta_NQ_6,0.996531424580858
25-35,40,beta_NQ_7,0.995598123619493
25-35,40,beta_NQ_8,0.994486450459972
25-35,40,beta_NQ_9,0.993140650824781
25-35,40,beta_NQ_10,0.991499510371372
25-35,40,beta_NQ_11,0.989152764541561
25-35,40,beta_NQ_12,0.985742317776547
25-35,40,beta_NQ_13,0.980914325924717
25-35,40,beta_NQ_14,0.974021175435184
25-35,40,beta_NQ_15,0.966202718520151
25-35,40,beta_NQ_16,0.901830705241129
25-35,40,beta_NQ_17,0.665965645657438
25-35,40,h_NQ_2,658.5471698
25-35,40,h_NQ_3,554.235658838
25-35,40,h_NQ_4,482.0994342248
25-35,40,h_NQ_5,383.525150986026
25-35,40,h_NQ_6,288.302792150118
25-35,40,h_NQ_7,227.175841092762
25-35,40,h_NQ_8,181.371355713344
25-35,40,h_NQ_9,145.78642586278
25-35,40,h_NQ_10,117.640282347047
25-35,40,h_NQ_11,92.1893881470042
25-35,40,h_NQ_12,70.1376271631875
25-35,40,h_NQ_13,52.3953199689942
25-35,40,h_NQ_14,38.4928886018869
25-35,40,h_NQ_15,29.5881783339434
25-35,40,h_NQ_16,10.186484505676
25-35,40,h_NQ_17,2.99370405158914
25-35,40,P_NQ_1,0.5858628454
25-35,40,P_NQ_2,0.146829329743583
25-35,40,P_NQ_3,0.151396028738334
25-35,40,P_NQ_4,0.157331326992192
25-35,40,P_NQ_5,0.163809090552307
25-35,40,P_NQ_6,0.170519603482476
25-35,40,P_NQ_7,0.175004270258054
25-35,40,P_NQ_8,0.176213899567306
25-35,40,P_NQ_9,0.175172453322223
25-35,40,P_NQ_10,0.173017966237813
25-35,40,P_NQ_11,0.17207710086686
25-35,40,P_NQ_12,0.181875949049383
25-35,40,P_NQ_13,0.201480024479441
25-35,40,P_NQ_14,0.227121017900433
25-35,40,P_NQ_15,0.21274409912843
25-35,40,P_NQ_16,0.118427332752175
25-35,40,P_NQ_17,0.0166056560034617
25-35,40,L_NQ,1.54622123246765
25-35,40,pi_Q,0.3
25-35,40,pi_NQ,0.7
25-35,40,y,13.7878826450829
25-35,40,nbar,7.01521358324193
25-35,40,Ptot,4.60119342391011
25-35,40,Pret,1.88824370571181
25-35,40,H,1755.90016013639
25-35,40,cCheck,-4.44089209850063e-16
25-35,40,shareq,0.3
25-35,40,A,3.525891547
25-35,40,A_Q,2
25-35,40,xpop,0.836946922
25-35,40,h_Q_1,100
25-35,40,mig_Q_2,-0.192729121
25-35,40,med_Q_2,3979.547455
25-35,40,mig_Q_3,0.002332196
25-35,40,med_Q_3,-201.0066445
25-35,40,mig_Q_4,0.002306399
25-35,40,med_Q_4,-257.9499799
25-35,40,mig_Q_5,0.001050173
25-35,40,med_Q_5,-369.1429372
25-35,40,mig_Q_6,0.000227796
25-35,40,med_Q_6,-281.9673581
25-35,40,mig_Q_7,-7.33855e-05
25-35,40,med_Q_7,-137.1097147
25-35,40,mig_Q_8,9.04669e-05
25-35,40,med_Q_8,-80.10547214
25-35,40,mig_Q_9,0.000266293
25-35,40,med_Q_9,-49.04608852
25-35,40,mig_Q_10,0.000228671
25-35,40,med_Q_10,-30.55693832
25-35,40,mig_Q_11,0.000251149
25-35,40,med_Q_11,-24.31785991
25-35,40,mig_Q_12,0.000445743
25-35,40,med_Q_12,-14.52104197
25-35,40,mig_Q_13,0.001455719
25-35,40,med_Q_13,-11.12636673
25-35,40,mig_Q_14,0.006097355
25-35,40,med_Q_14,-8.188120618
25-35,40,mig_Q_15,0.008654123
25-35,40,med_Q_15,-2.519440558
25-35,40,mig_Q_16,0.004309739
25-35,40,med_Q_16,-0.634205849
25-35,40,mig_Q_17,0.002345875
25-35,40,med_Q_17,-0.179087223
25-35,40,h_NQ_1,100
25-35,40,mig_NQ_2,-0.448554978
25-35,40,med_NQ_2,560.5471698
25-35,40,mig_NQ_3,0.005807942
25-35,40,med_NQ_3,-31.85701479
25-35,40,mig_NQ_4,0.005808292
25-35,40,med_NQ_4,-10.6388688
25-35,40,mig_NQ_5,0.003020353
25-35,40,med_NQ_5,-44.68431074
25-35,40,mig_NQ_6,0.001368813
25-35,40,med_NQ_6,-51.57738815
25-35,40,mig_NQ_7,0.000939071
25-35,40,med_NQ_7,-27.29730286
25-35,40,mig_NQ_8,0.001600819
25-35,40,med_NQ_8,-18.27527277
25-35,40,mig_NQ_9,0.002286474
25-35,40,med_NQ_9,-12.81029589
25-35,40,mig_NQ_10,0.002448966
25-35,40,med_NQ_10,-9.106374812
25-35,40,mig_NQ_11,0.00287966
25-35,40,med_NQ_11,-9.423352958
25-35,40,mig_NQ_12,0.004870963
25-35,40,med_NQ_12,-8.757422825
25-35,40,mig_NQ_13,0.010699464
25-35,40,med_NQ_13,-6.753015371
25-35,40,mig_NQ_14,0.029169854
25-35,40,med_NQ_14,-4.900963328
25-35,40,mig_NQ_15,0.036200186
25-35,40,med_NQ_15,-1.499298737
25-35,40,mig_NQ_16,0.019298285
25-35,40,med_NQ_16,-0.384432918
25-35,40,mig_NQ_17,0.008776246
25-35,40,med_NQ_17,-0.104569446
